protein_a	protein_b	label
Q22847	Q9XYC3	1
P30625	Q17334	1
Q8MQ88	Q9N4K2	1
Q18946	Q93716	1
gi:17509417	gi:17554086	1
P04970	gi:6042188	1
Q09535	gi:17554366	1
P34659	Q18786	1
O44131	gi:17553966	1
Q17935	Q23422	1
Q09560	Q22227	1
O62332	Q20084	1
O02244	Q95Q26	1
Q22227	Q9XVW8	1
O16500	Q95PZ0	1
O45603	O62022	1
Q10577	Q9U2W6	1
Q9N5S5	Q9XVV3	1
O01901	O44741	1
Q17878	gi:32565050	1
P90735	Q95QA6	1
O17927	Q9TYS3	1
gi:17554086	gi:17554366	1
Q09566	Q23390	1
Q19872	Q22227	1
P47991	P51875	1
Q95Q26	Q9N4Y9	1
O16695	Q17994	1
O17982	Q19131	1
Q09417	Q9N5P1	1
O17670	Q22178	1
P32743	Q19201	1
Q9N2Z7	Q9UA36	1
O45666	Q9XVC8	1
O44872	gi:32564376	1
Q17878	Q22311	1
O45764	Q93572	1
Q22206	Q9XU77	1
Q18529	Q22799	1
O45003	Q18241	1
P91015	Q9XUX8	1
Q9XVY4	Q9XW88	1
P34604	Q95YI9	1
Q9NES7	gi:25148780	1
O01504	gi:32566959	1
O16364	Q9XUN9	1
Q9XXI0	gi:32565589	1
P47209	Q19374	1
Q18409	Q9TZ39	1
O17234	Q9N3U2	1
Q22837	Q965X6	1
Q20002	Q23390	1
O62271	gi:30025121	1
O01901	Q9XWJ0	1
Q21312	Q9XTG7	1
Q9GYM9	Q9NAH3	1
O17970	P91419	1
O02065	Q20084	1
O62107	Q09474	1
Q23359	gi:17565204	1
P45972	Q9TXH9	1
Q09387	Q9U2G9	1
Q95XR4	Q9Y048	1
Q09560	Q9TZ39	1
Q95YI9	gi:17554366	1
Q8MPS4	Q9U9Y8	1
Q21592	gi:17555418	1
O01583	O17915	1
P53013	Q18479	1
Q19404	Q9TZ39	1
O18210	Q93230	1
Q95QA6	Q9U9Y8	1
O45503	Q21746	1
Q9TZQ3	gi:32564251	1
O45830	P81299	1
P41829	Q9N580	1
Q09485	Q95QX3	1
P43509	Q9NF11	1
Q18017	gi:17554796	1
Q19208	Q9U2X1	1
O44606	Q95Q26	1
Q966G8	gi:17553966	1
O45522	P91419	1
O18240	Q09485	1
O44606	Q20621	1
Q9NES7	gi:25155179	1
Q9N3Y1	Q9XWU4	1
Q18241	Q20965	1
P91835	Q23174	1
O44451	Q9NGT3	1
Q18529	Q9XWV0	1
Q22227	Q9TZ39	1
Q17599	Q22227	1
O44606	Q95ZL4	1
Q9UAT1	gi:25144646	1
Q20414	Q9XVS2	1
gi:17554796	gi:32564699	1
O17286	Q9TZ39	1
Q17849	Q9NAD6	1
O01482	Q22619	1
O17981	Q20187	1
Q21361	Q22174	1
Q09485	Q9N582	1
Q20398	Q22174	1
Q10046	Q9GUB8	1
Q93601	Q9XYC3	1
Q10930	Q95QC4	1
Q9TZ39	gi:17537175	1
Q17359	Q966C6	1
O16580	Q19937	1
Q17446	Q18018	1
Q9XXA2	Q9XXK1	1
O16313	Q94251	1
Q10454	Q22179	1
P34563	Q18786	1
Q18688	gi:6042188	1
P36573	Q93831	1
O17020	P46941	1
Q17878	Q18138	1
P34604	Q22837	1
Q21243	Q9TZ39	1
Q17359	Q9U3P1	1
P91209	Q95YF3	1
Q18577	Q9XTC6	1
P51403	gi:6042188	1
Q20956	Q9XXA2	1
P90820	Q19441	1
O02059	Q9TZ39	1
Q95Q26	gi:32565598	1
Q93375	gi:17554366	1
O17670	Q18241	1
Q23670	gi:17553966	1
Q9N5V2	Q9XVA3	1
Q19208	Q9XVA3	1
Q9XVP9	gi:17542710	1
Q19861	Q20678	1
Q19877	Q22837	1
O17265	Q9N2K7	1
Q22703	Q9XU77	1
Q22685	gi:25150348	1
O45666	gi:25153085	1
Q9TXP2	gi:25151901	1
O17670	Q23065	1
Q09620	Q18776	1
P36573	P91001	1
O01775	P91249	1
Q22227	Q9U393	1
Q17718	Q23158	1
P34604	Q09485	1
O18051	Q9TZ39	1
O45521	Q9XVA3	1
O16393	Q95QA6	1
O45946	Q17789	1
Q19969	Q9N5V2	1
gi:17551924	gi:25150348	1
Q18426	Q9TXH9	1
Q03563	Q18688	1
Q93695	Q95X65	1
Q20684	gi:25150846	1
O61973	Q22179	1
O45335	Q22799	1
P34609	P34686	1
O45521	Q03563	1
O44821	Q9XWP6	1
O01900	Q9XU77	1
O18302	P46769	1
Q18953	Q20485	1
Q18379	Q19969	1
P46548	Q22179	1
Q23419	Q95QA6	1
Q21036	Q95QA6	1
O44606	Q21633	1
Q17359	Q27498	1
O45603	Q8MYM9	1
Q09485	Q17763	1
Q23460	Q9XUQ4	1
Q20632	Q9N2Z8	1
P91277	Q95X44	1
Q95QA6	Q95QI3	1
Q17868	Q20772	1
Q22048	Q9N3T2	1
Q9U2R6	gi:29570425	1
O44606	Q21746	1
Q17718	Q9XU77	1
Q19707	Q9GSQ0	1
O17670	Q9U1W1	1
Q19130	Q9U1W5	1
Q95Y13	gi:17554796	1
Q10930	Q22227	1
Q94272	Q9XU77	1
Q23390	Q8I7I0	1
O01802	gi:14018161	1
P50880	Q9N597	1
P05690	gi:17551938	1
Q21463	Q9TYJ0	1
Q9XXK1	gi:32563802	1
P91820	Q95QA6	1
O76449	Q9U9Y8	1
Q9GSX9	Q9TVS4	1
Q17446	Q95QC2	1
P46941	Q9XTV9	1
Q18195	gi:17554366	1
Q17599	Q95QA6	1
O16500	O18650	1
O16948	P40614	1
Q18696	Q21271	1
O45599	Q9XVA3	1
P34264	P45970	1
P36573	gi:25150794	1
O44872	P27604	1
Q10577	Q19335	1
Q21493	gi:30025055	1
P32085	Q9NGT3	1
Q09417	Q17789	1
Q23158	Q9GYG1	1
Q17625	Q17878	1
O17670	Q95QX3	1
P45962	Q9U2R6	1
O16500	Q9NES7	1
O18302	O45269	1
Q22751	Q9U281	1
Q17381	Q9U1S2	1
O16581	Q9U2U9	1
O45166	P10983	1
P30632	Q19824	1
Q21648	Q95QA6	1
O17174	Q9XU77	1
O17285	P39745	1
Q03598	gi:32566959	1
Q17878	Q95QA6	1
P41829	Q9XTC6	1
P91001	Q17446	1
O44878	Q10577	1
O02053	O44740	1
Q94226	Q9Y048	1
Q9N359	Q9U1W5	1
O18172	Q9TZ39	1
O16474	Q22799	1
Q18776	Q9TZ39	1
Q19019	Q21591	1
O62236	Q93533	1
Q17850	gi:17555088	1
P91276	Q10577	1
Q17868	Q93703	1
O44750	Q19519	1
P90781	Q21353	1
Q18008	Q9XU80	1
O17670	Q18043	1
Q9U2S4	gi:17554796	1
O16948	P17330	1
Q19294	Q93573	1
Q19290	Q19633	1
P50880	gi:17554086	1
O02592	Q9XUQ4	1
Q18516	Q18809	1
Q17732	Q17878	1
P91280	Q22847	1
Q22491	Q9U9Y8	1
gi:17553438	gi:17554366	1
Q22174	Q9GUC8	1
O16364	P53013	1
P91027	Q19766	1
Q17539	Q93730	1
O16511	O18118	1
Q9U2U0	gi:17556654	1
Q9TXR6	Q9TZ39	1
Q22799	Q965U2	1
Q19088	Q19360	1
Q22174	Q22387	1
Q19424	Q9U1S2	1
P30642	Q9N5N7	1
Q22799	Q9XWV8	1
O18203	Q95Y89	1
Q18195	Q23158	1
Q20216	Q20940	1
O45934	Q95Q26	1
P27639	Q9TVJ1	1
Q19503	Q9XUS2	1
Q9N4L8	Q9NAD6	1
O18191	Q09590	1
Q23312	Q9UAX1	1
P91829	Q18241	1
P41999	Q18241	1
O45666	Q9XXK5	1
Q21740	Q95YF3	1
O17670	P34489	1
O18209	Q966M5	1
Q22227	Q9GYN4	1
Q9TZ39	Q9XWJ0	1
P46941	Q27475	1
O01894	Q21318	1
P27798	gi:21392634	1
O17695	O62198	1
P36573	Q20845	1
O16500	Q9N4I4	1
O16364	Q9BL58	1
O01869	Q18967	1
Q8MQ56	Q93510	1
Q9N5N7	Q9XX47	1
Q19617	Q9NAM6	1
O45622	Q9XVV3	1
Q22510	Q9N4E2	1
P91051	Q20052	1
P91820	Q09485	1
Q95QA6	Q9UAQ2	1
P39745	Q09510	1
Q9NAE1	Q9U2W6	1
O44977	Q9TW67	1
Q8MYM9	Q9N5V3	1
O02225	O45691	1
O01870	Q9N4A7	1
Q20577	Q9U3J5	1
Q17868	gi:17553418	1
Q22174	Q95ZX3	1
P91400	Q19833	1
Q18620	Q22179	1
Q17878	Q966J6	1
gi:17562344	gi:25150348	1
O17156	Q9NEN6	1
Q93353	gi:31043777	1
O18688	Q17433	1
O18302	Q9N3Z0	1
Q17878	Q94378	1
Q9N3V3	gi:17553966	1
O18302	Q9TYX3	1
O62082	Q18668	1
P51875	Q19955	1
P34609	Q93345	1
O62127	Q19633	1
Q22227	Q9N4B6	1
Q20084	Q21648	1
O61967	Q09648	1
Q20271	Q9U1W5	1
O01934	Q18668	1
O18015	gi:6042188	1
O18036	Q17862	1
Q23672	Q9XU77	1
O62195	Q94420	1
P91042	gi:14018161	1
O62220	Q9XU77	1
Q9N3U8	Q9XUY6	1
O18209	Q19395	1
Q27864	Q9GT24	1
O45384	O45458	1
P46941	Q09510	1
O02103	Q965J0	1
O01739	P92004	1
Q17732	gi:6042188	1
Q22837	Q9U5C1	1
Q17746	Q22174	1
O17267	Q95QA6	1
Q21088	Q22174	1
O16453	Q23646	1
P34657	Q9XUM1	1
gi:17554366	gi:25148661	1
O45922	Q21344	1
Q19294	Q23425	1
Q9XU80	Q9XW88	1
O17915	gi:32564395	1
Q23440	Q9NES7	1
Q23382	Q9XVA3	1
Q20742	gi:25150348	1
O01708	O16500	1
O02108	Q93211	1
Q11093	Q22329	1
Q09582	Q9XWC9	1
P41829	Q19294	1
O44180	Q9XWK1	1
O17915	P06125	1
P48154	Q22799	1
Q18192	Q19370	1
Q17359	Q21021	1
Q9U289	Q9Y048	1
P30625	Q18076	1
O45021	Q09620	1
O44606	P49041	1
O16502	P91505	1
O01908	Q17849	1
O62404	Q9TZ39	1
Q17359	Q9N5N7	1
O77469	Q20052	1
Q19587	Q8MYQ1	1
O62427	Q9XXH8	1
P91001	Q9XWG3	1
P34383	P91419	1
P54412	Q22179	1
Q8ITW6	Q9NGT3	1
Q17878	Q20956	1
Q21094	Q22631	1
O01918	Q22837	1
O17218	gi:32564660	1
O18302	Q9TZ39	1
O01802	Q23158	1
P36573	Q18887	1
P91505	Q20062	1
O45521	Q19436	1
O01427	Q19126	1
Q20052	Q22326	1
Q17622	Q9XTV2	1
Q22630	Q9XUK0	1
P34371	Q18036	1
O17915	O18688	1
O01869	O62078	1
Q22886	gi:25150348	1
Q22387	Q8MYQ1	1
O17801	Q9N4Z2	1
Q20803	Q9TZ39	1
Q09415	Q17522	1
Q17635	Q21952	1
P91146	Q22174	1
O45521	Q19554	1
P34496	Q09587	1
O17859	Q9U9Y8	1
O02043	P90994	1
Q21307	Q965N2	1
O44400	Q21319	1
O18302	O45521	1
Q8MQ29	gi:17553966	1
Q20308	Q9U296	1
Q18379	Q95QA6	1
gi:25148756	gi:25152916	1
O16364	Q9GYF1	1
Q18821	gi:17554746	1
O62127	Q9XXH8	1
P41829	Q9TZ39	1
Q17381	Q8ITV7	1
Q9TXY4	Q9TZ39	1
Q9XWM2	gi:17553966	1
Q95QA6	Q9BKZ9	1
O45003	Q21127	1
P91820	Q20308	1
P18835	Q17878	1
O45521	Q9U1X3	1
O01879	Q20207	1
O18302	Q21526	1
O45938	Q23571	1
Q22866	Q9TZ39	1
Q93701	gi:29570440	1
P47991	Q20780	1
Q18438	Q22095	1
Q9GYI4	Q9XW88	1
Q19969	Q9N582	1
Q07085	Q21740	1
P91179	gi:6042188	1
O18302	Q20956	1
Q21847	Q94420	1
O62415	P91419	1
Q95XS8	Q9XTG7	1
P10986	Q09665	1
Q19275	Q9GYJ3	1
Q9U2H0	Q9XWK1	1
Q23390	Q93637	1
O45766	P47209	1
P90845	Q9XVE6	1
O02065	O45189	1
Q9NAE9	Q9U1S2	1
Q09501	Q19201	1
O01497	Q9XXI0	1
P91408	Q21746	1
Q18239	Q9TZ39	1
Q18919	Q9XWP6	1
Q18668	Q22694	1
O45679	P34563	1
O45865	Q09248	1
P92004	Q9NGT3	1
O44820	Q9XXU4	1
P91015	Q18076	1
Q965Q1	Q9XUB3	1
O44857	Q20792	1
O02327	Q9TZ39	1
P91503	Q9TZ39	1
Q22123	Q93533	1
P34537	Q09305	1
O01576	Q9XW40	1
O16198	Q9TYS3	1
Q21746	Q22235	1
O17100	Q93637	1
O62272	gi:6042188	1
Q9N597	gi:25144756	1
O44606	Q20742	1
O45521	gi:17557035	1
Q9NGT3	gi:32566959	1
P30625	Q95XK2	1
P90987	gi:32566206	1
O45603	Q18033	1
Q17728	gi:29570484	1
Q17660	Q22781	1
Q95XM4	Q9N5V2	1
P34559	Q9N366	1
Q9XW01	Q9XW77	1
Q9GPA2	Q9TZ39	1
O44450	Q9XW70	1
O16257	Q23158	1
Q18379	gi:25144646	1
Q95Q90	Q95YF3	1
Q17878	Q95ZX3	1
Q9U1U0	gi:25150348	1
O02289	Q9U9Y8	1
P90814	Q9U284	1
Q21299	gi:25146954	1
O16500	O18181	1
O18672	Q9U1W5	1
P34453	Q9U2J8	1
Q9BKU2	Q9N5G8	1
Q9U2R6	gi:32698022	1
O45313	Q20953	1
O01482	Q8MYQ1	1
Q21799	Q9TZ39	1
Q94300	Q9XU77	1
O44608	gi:32566959	1
Q9GUC8	Q9TZ39	1
Q23393	Q9XU77	1
O17921	Q9U9Y8	1
P55956	P91015	1
Q9XVG8	gi:17537127	1
O17670	Q9GYQ9	1
O02268	Q9GYJ9	1
Q20347	Q8WQG9	1
Q18076	Q9TZ39	1
Q18605	Q95QC4	1
O17731	Q8MPT7	1
O17670	gi:17536521	1
Q95Q26	Q9U1V2	1
O45766	Q9N362	1
O44956	P30625	1
Q95QA6	Q9XWJ0	1
Q18379	gi:6042188	1
Q20308	gi:32566959	1
Q22227	Q8IAA7	1
P30642	Q23664	1
O44606	Q9UAV5	1
O45603	O45934	1
P91419	Q17483	1
Q95QA6	Q9NET8	1
Q20585	Q9XW01	1
Q20709	Q9NAN2	1
Q18776	Q9GYI4	1
P21541	Q20655	1
Q18320	Q95Q26	1
Q09485	Q93831	1
Q17802	Q22179	1
Q21271	Q9NGT3	1
P34643	gi:17556654	1
P46502	P91505	1
Q21758	Q23418	1
O45784	Q18516	1
O01869	Q17417	1
O16313	Q9NEJ8	1
Q17635	Q17728	1
O16511	O44606	1
Q20655	Q27518	1
Q17446	Q21021	1
Q9XYC3	gi:17536565	1
Q19969	Q9TYY1	1
O45577	Q09542	1
Q22799	Q9XVJ6	1
O45603	P41848	1
P50464	P91307	1
O02365	Q22227	1
O16364	Q20334	1
Q95QC4	Q9GRZ1	1
gi:17551336	gi:17556654	1
O18302	Q9N5N7	1
Q8MQ56	Q9N3U2	1
O01775	P17329	1
Q18157	Q9TXH9	1
P91503	gi:17556801	1
Q22174	Q9Y048	1
Q18320	Q22227	1
Q09485	Q9U2D8	1
Q10929	Q17878	1
P34657	gi:17556386	1
Q18688	Q27535	1
P91419	Q9NES7	1
P39745	Q21021	1
Q9GT24	Q9XXK1	1
Q20676	Q9TZ39	1
P40614	Q22950	1
Q21372	gi:25153085	1
Q20048	Q9N2Z7	1
O16500	Q09975	1
O18134	Q9XU77	1
Q09485	gi:32566959	1
Q09620	Q9XWR1	1
Q20798	Q22837	1
Q18783	Q21094	1
Q9TZQ3	Q9XTF9	1
Q94013	Q9NAD6	1
O02056	P34808	1
Q19211	Q9U1S2	1
Q93228	Q9XX47	1
Q20577	Q22631	1
gi:17553208	gi:17554366	1
O17670	Q09580	1
Q19749	Q9XU77	1
P45962	Q9TZ39	1
P36573	Q17786	1
Q22227	Q965L8	1
O18179	O18236	1
O01427	P52717	1
Q95XM4	gi:25144500	1
Q9TZ39	gi:25148068	1
O45734	Q27481	1
O45922	Q27874	1
O17670	Q9XZI6	1
Q9U203	Q9XVA3	1
Q22936	Q9TZ39	1
Q09417	Q22664	1
Q17446	Q19300	1
Q18488	Q19774	1
O16936	Q17359	1
O45603	Q95Q26	1
O44872	Q9NES0	1
Q95QA3	Q95X41	1
Q20577	Q9N343	1
P34524	Q93213	1
Q9U3J8	Q9XYC3	1
P52709	gi:25150193	1
P17330	Q9Y048	1
Q22387	Q9GYN3	1
O17887	Q95ZP7	1
O17801	Q965X6	1
O77469	Q20002	1
Q17539	Q23390	1
O16364	Q9XVL8	1
P41830	Q21648	1
Q95YA5	Q9TYS1	1
Q22227	Q95QC4	1
O18250	gi:29570459	1
Q20227	Q9TZ39	1
O44739	gi:13324910	1
Q95XR4	Q9NGT3	1
O18302	Q20742	1
Q95PY0	Q9U9Y8	1
gi:17554366	gi:7105649	1
O45334	Q17878	1
P51875	Q93930	1
O61208	Q9TXI4	1
O76449	gi:17554796	1
Q09620	Q22631	1
Q93716	Q9U4A6	1
P45972	Q8MNT9	1
Q22048	Q22631	1
O45603	Q9N2K7	1
Q22179	Q95XJ0	1
Q17359	Q95ZK7	1
Q93644	Q9N4B8	1
O61442	Q18804	1
Q21648	Q9U3S0	1
P91551	Q95Q26	1
Q8ITV7	Q9TZ39	1
Q95QA6	Q9N4B6	1
Q965H3	Q9NGT3	1
Q09305	Q21225	1
Q18241	Q9XU77	1
Q09584	gi:32566959	1
O17670	O61708	1
Q22174	Q9XYC3	1
Q20737	Q9XWQ1	1
Q10128	Q22227	1
Q21431	gi:17551938	1
P43509	gi:25148780	1
Q09511	Q22179	1
O17824	gi:17553966	1
P46563	P91503	1
Q9N4B6	Q9XWG3	1
O02085	Q9NAD6	1
Q18964	Q23615	1
P91505	Q21465	1
Q20002	Q21344	1
Q17381	Q9U1X3	1
Q95QI3	Q965J0	1
O45552	Q9GYJ3	1
O16453	Q9NF14	1
O62165	P91829	1
Q17862	Q22251	1
Q9NAB0	Q9XWG3	1
O16695	Q9XTT9	1
Q18146	Q22179	1
Q966C7	gi:14018161	1
O61967	Q22387	1
O18210	Q19854	1
O01869	gi:17553780	1
Q18691	Q22174	1
O61442	P41829	1
Q17359	Q21127	1
O44144	Q22179	1
Q8MYM7	Q9N4F3	1
Q17746	Q9Y048	1
O16313	O61390	1
O17915	Q20206	1
Q20577	Q9NAC0	1
Q9GYJ9	Q9NES0	1
Q20130	Q21370	1
O44606	Q20956	1
O18180	Q18516	1
Q9BI75	Q9U2R6	1
Q8MQ18	Q95QA6	1
O44451	P91419	1
Q95XR0	gi:14018161	1
Q10930	Q18240	1
Q17878	Q19862	1
P91835	Q93572	1
O45335	Q21271	1
P34496	Q17746	1
Q23301	gi:17554384	1
Q20956	Q22227	1
Q27408	Q9TYS3	1
O44606	Q19823	1
P41847	Q9XXA2	1
Q19969	Q9GYT4	1
Q17359	Q9N3Z0	1
Q9GYJ9	Q9U1S5	1
O17670	Q9UAU5	1
O17670	Q8MQ25	1
O17526	Q95Q26	1
P91277	Q9XVS2	1
O17919	Q95XM4	1
O17806	Q20819	1
P34704	gi:30025113	1
Q23158	Q9N4B6	1
Q19881	Q95PZ7	1
Q9XWJ0	Q9XX47	1
Q22306	Q22544	1
O45599	Q9TZ39	1
O45444	gi:25144646	1
Q9U281	Q9XVE6	1
Q9TXP7	Q9XWG3	1
Q20684	Q9GSQ0	1
O45521	Q9XUS3	1
P51875	Q95QJ7	1
O44821	Q18668	1
Q20369	Q9UAH1	1
P19626	Q20289	1
O16580	Q19365	1
O45521	Q09478	1
Q10454	Q93375	1
Q21307	Q8IG65	1
Q21562	Q8MQ88	1
O18054	Q22179	1
O44577	O45666	1
O45784	Q18192	1
Q21271	Q22053	1
P36573	Q94378	1
Q17674	Q9XW40	1
Q22227	Q9XUM0	1
O16271	P36573	1
P91283	Q22886	1
O02353	O45865	1
P30642	Q21229	1
O17628	O45521	1
O45603	Q20308	1
Q9GYP6	Q9NAE1	1
O16580	Q20892	1
O18191	Q94420	1
Q22174	Q9XUM0	1
Q19902	Q9TZ39	1
O02425	P36573	1
O18289	Q20187	1
Q17649	Q23646	1
O18289	Q17359	1
O45784	Q9N582	1
O45784	Q966E8	1
O45799	P91080	1
O44739	Q9XWX7	1
O44606	P36573	1
Q10667	Q17878	1
Q17539	Q17991	1
P91453	P91821	1
O16612	gi:6042188	1
Q23389	Q9XW40	1
O62374	Q9XU77	1
P36573	Q9BL97	1
gi:25144646	gi:25149417	1
Q17385	Q20084	1
P34331	gi:32566655	1
O76614	Q95XM4	1
Q21580	Q9Y048	1
P48156	Q95QC4	1
Q95QA6	Q9TYX3	1
P41886	Q9U3S0	1
P43508	Q9N5D6	1
Q20485	Q9XU77	1
P34655	Q9XU77	1
O01775	Q18192	1
O18302	P90771	1
Q17732	Q17958	1
Q23312	Q23440	1
Q17539	Q9XUK0	1
O45521	Q22551	1
Q19189	gi:25150846	1
Q20845	Q22227	1
Q9TZ39	gi:32564708	1
Q9N5V2	Q9U2Q9	1
Q18989	Q9XWV6	1
Q18909	Q9TZ39	1
O17915	Q21021	1
O44872	Q8MQE8	1
Q9U2Z5	gi:32566959	1
O01812	Q95QA6	1
O18302	P91563	1
Q22306	Q93325	1
Q95Q54	gi:7105649	1
O16500	O61208	1
P36573	Q8MXH1	1
Q09501	Q9Y048	1
O44750	Q9N5V2	1
Q9N4B8	Q9TZ39	1
Q22227	Q9XWJ0	1
O01426	P46577	1
Q09997	Q8MYL7	1
Q19775	Q20778	1
O61816	Q95YF3	1
Q18511	gi:17554366	1
O44847	Q21038	1
Q22886	Q95XQ1	1
O16370	Q22227	1
Q8WTJ8	Q9XWG3	1
O17982	P34604	1
Q20455	Q22068	1
Q9NA84	Q9XWG3	1
O16500	P48152	1
Q09581	Q17992	1
O17670	Q22030	1
O17908	Q9Y048	1
Q9TZ39	Q9XV81	1
Q9GYS7	Q9TZ39	1
Q09584	Q18409	1
O02108	O02303	1
Q17878	Q9TZ50	1
Q9BI86	Q9XWS0	1
Q9XU77	gi:17554796	1
Q95QG7	Q9XWG3	1
O18302	Q18084	1
Q17935	Q9XVN9	1
P34559	P34605	1
O62195	Q19969	1
O17970	O44606	1
Q03563	Q10943	1
Q965N5	Q9N597	1
O18191	O44740	1
P42171	Q9U2R6	1
Q95XN0	Q9XU77	1
Q18033	Q20877	1
Q9N5N7	Q9TZ39	1
O17607	P91419	1
O18302	Q95QI3	1
O45521	gi:29570504	1
O18302	Q22354	1
O44606	Q22387	1
O01869	Q9NA78	1
Q20654	Q9XVL1	1
Q18776	Q9N3Y1	1
O45934	Q21215	1
Q21655	Q9XU77	1
O45134	Q9XU77	1
Q17868	Q18529	1
Q19937	Q9U990	1
O18179	Q9TZ39	1
O17670	Q20968	1
Q21127	Q95QA6	1
Q22847	Q9XTG7	1
Q17746	Q22227	1
O45938	gi:32566959	1
Q22227	Q27471	1
P53017	gi:17553966	1
gi:17542004	gi:17565204	1
O18158	Q17446	1
O16500	Q93637	1
O18302	P90786	1
Q18953	Q22174	1
O16500	Q21563	1
Q17886	Q20709	1
Q9NES7	Q9XVB1	1
O16500	P90913	1
P50464	Q9NES7	1
O01482	O16519	1
O45521	Q93342	1
Q23319	gi:25153807	1
Q95QQ2	Q9N3Y1	1
O17287	Q17539	1
P34611	Q22174	1
P46769	gi:25151735	1
Q9TYS8	Q9XUQ4	1
O17839	O17981	1
Q20621	gi:25152187	1
Q18043	Q9XU77	1
P41932	Q95QC4	1
O44606	Q23595	1
Q17427	gi:32566959	1
Q23158	Q9Y048	1
O45521	Q93345	1
Q17746	Q23158	1
Q95Y99	gi:14018161	1
O45666	Q22032	1
P50464	Q20742	1
O02053	Q9XWH0	1
P52015	P91419	1
Q09975	Q18075	1
Q9NAE1	gi:13324910	1
O17670	O17718	1
O17887	Q17460	1
Q09485	Q9XVK6	1
Q21746	Q21763	1
P91401	Q17459	1
Q09620	Q95QQ2	1
P41879	Q9XW40	1
P91493	Q95YI9	1
P56174	Q17539	1
Q19774	Q9NF11	1
Q19201	Q22227	1
Q17539	Q9XUW3	1
Q22174	Q9TZ84	1
Q17878	Q9U2U6	1
Q9N2K7	Q9U1S2	1
Q19503	Q9N5D6	1
Q17381	Q27389	1
Q20922	Q22306	1
O17352	Q22227	1
Q21361	Q9XW93	1
Q21746	Q9XUH6	1
Q9XUQ4	gi:25152251	1
Q9XVV3	gi:13324910	1
P91280	Q9XWZ9	1
P91419	Q93576	1
P48156	Q9XWG3	1
O45815	Q9N5Z3	1
O62415	Q18075	1
O16364	O44572	1
Q22053	Q9GSQ0	1
P34475	Q19207	1
O18118	Q17400	1
Q22847	Q9GSQ0	1
Q23158	Q95QD3	1
O17670	Q9NAE9	1
Q20476	Q9XW13	1
O16500	Q23390	1
Q95ZX3	gi:25148780	1
Q9NGT3	gi:25149417	1
O18051	O61967	1
P39745	Q21648	1
Q19969	Q9GYJ3	1
P34559	P36573	1
O16393	Q9TZ39	1
O62195	Q19658	1
P91131	gi:14018161	1
Q22306	Q9N3P9	1
O02059	Q95QA6	1
O17214	Q20062	1
Q9TZ39	Q9XVK6	1
Q17381	Q21361	1
P91563	Q23158	1
Q95002	gi:25151685	1
Q18776	Q19503	1
O62231	Q9GSQ0	1
Q18070	Q95Y97	1
P34526	gi:17541620	1
P90786	Q93576	1
O45313	Q23158	1
O01482	gi:25151713	1
Q18268	Q18426	1
Q23120	Q9N593	1
P92004	Q21361	1
Q9N3V3	Q9XU77	1
P35129	Q9XVR6	1
O44512	Q18869	1
Q19503	Q21648	1
Q20888	Q21444	1
O01422	Q9GS00	1
Q95QA6	Q9XXR1	1
O02592	P10986	1
Q22544	Q9XWK1	1
O61843	Q9N366	1
O62468	Q95Q26	1
Q22494	Q9U3S0	1
O17670	O45007	1
P34629	Q19372	1
O01869	Q22714	1
P90814	gi:32566959	1
O17670	O45962	1
O44750	Q21832	1
Q23333	Q9UAV4	1
P46941	Q22378	1
Q17878	Q20016	1
P91419	Q95QC4	1
P24348	Q19019	1
P36573	Q9XV56	1
Q18728	Q9XVR7	1
P41932	Q9NAE1	1
O17836	Q9U1W5	1
O17801	Q21022	1
O17915	Q9N4I4	1
O17915	Q19293	1
P48152	Q27535	1
Q18503	Q18964	1
O45946	P34808	1
Q18476	Q23215	1
P34888	Q95Q26	1
Q17862	Q17975	1
Q17381	Q18937	1
P91917	Q95QC4	1
Q20052	Q9N431	1
P34328	Q20165	1
Q19019	gi:17554366	1
P50880	gi:32565768	1
O62238	Q22923	1
Q19905	Q21813	1
Q9TYS2	gi:6042188	1
O44608	Q23440	1
Q19286	Q95QA6	1
P42171	Q22174	1
O16299	Q22174	1
P90934	Q9TZ39	1
P41886	Q21271	1
P30625	Q18896	1
P42171	P91280	1
O17670	Q9N4L9	1
O17583	Q17522	1
Q18238	Q20136	1
O45080	Q9GYR5	1
Q95YF3	Q9XXL8	1
O18302	O45734	1
O02108	O17732	1
O01927	Q9XXT5	1
Q18529	Q9XXI0	1
O18650	Q18238	1
Q8MXH8	Q9U1X7	1
Q17878	Q9XVN9	1
P91419	Q9U1Q2	1
O17670	O45604	1
O17670	Q9GUC8	1
O61208	Q19014	1
O44706	O45451	1
P34475	P51404	1
O01543	Q9U9Y8	1
Q8T7Z0	Q965N1	1
P91313	Q9XWG3	1
Q93647	gi:17563260	1
Q20682	Q22174	1
Q19019	Q9XU67	1
P42170	Q94261	1
Q17878	gi:25150794	1
Q18157	Q95Q26	1
P43510	Q09485	1
Q23158	Q23546	1
O01901	O61880	1
Q18964	Q20052	1
Q21229	Q9XX47	1
O17626	Q9GSX9	1
O45521	Q22174	1
P50880	Q18238	1
Q10929	Q95QA6	1
O16785	Q9BI89	1
O44606	Q09975	1
Q94301	gi:25151685	1
Q966C6	Q9XU77	1
P91276	Q9TYY1	1
Q09485	Q21701	1
Q03601	Q9XU77	1
O16519	Q19749	1
Q18937	Q9XU77	1
Q95QA6	Q9U252	1
O17038	gi:6042188	1
Q966M4	gi:25152916	1
O44872	Q23158	1
Q21763	Q9XWR1	1
P90925	Q9U2U6	1
Q17878	Q8MXR2	1
O61208	Q9N5P1	1
Q22544	Q9GZG8	1
O45323	Q95YI9	1
Q22631	Q8MYQ1	1
Q10454	Q95YF3	1
P91001	Q9NAD6	1
Q9NES7	Q9TZA7	1
O16364	Q9N4V3	1
Q23158	Q95QJ7	1
Q19969	Q9U240	1
Q95XM4	Q9N3F4	1
Q09631	Q9U9Y8	1
Q17339	Q9N5V2	1
Q09490	Q21493	1
O44606	P49405	1
O45784	gi:17537175	1
Q18235	Q95XM4	1
Q19101	Q9TZ39	1
P92004	Q9TZ39	1
Q93601	Q9XU77	1
Q94215	Q9XVA3	1
O01869	Q19853	1
Q9XU77	Q9XV50	1
P34563	Q9XXL3	1
Q23150	Q95QJ7	1
O76668	Q20052	1
Q19294	Q95QD1	1
O17908	Q95QC4	1
Q17878	Q22227	1
Q9XU77	Q9XWS4	1
Q18032	Q21746	1
P02567	P34475	1
Q19553	Q23130	1
Q21361	Q9TZ39	1
Q19969	Q9N5V3	1
Q22237	Q9XU77	1
O16370	Q9XXI0	1
Q20275	Q9N3X2	1
Q10929	Q9Y048	1
Q93703	gi:25150348	1
O17670	O44447	1
Q22227	Q9N5N7	1
O16922	Q21215	1
O01869	P91329	1
Q93894	gi:17553966	1
O45189	Q21648	1
O18282	O61208	1
Q19618	Q21648	1
O45003	Q21021	1
P34331	Q20453	1
O01964	Q21493	1
Q19826	gi:32566959	1
P48152	Q9U238	1
O16936	Q22174	1
Q9N4J6	gi:25150348	1
Q17878	Q95QE9	1
Q18171	Q19739	1
O76566	gi:17541620	1
P36573	Q22290	1
Q22179	Q9N4Z3	1
Q20148	gi:17554366	1
P98080	Q17339	1
Q20933	Q22327	1
P34657	Q23220	1
Q18909	Q22174	1
O45521	Q93601	1
P90823	Q23158	1
Q18668	Q9U2Z5	1
P41830	Q9U3F4	1
O76447	Q11189	1
Q94126	Q9N2M2	1
Q17359	gi:17554366	1
Q19019	Q9U3E3	1
O61521	Q9GYJ9	1
Q10577	Q22544	1
Q22212	Q9XVA3	1
O45521	Q9TZ93	1
P34369	P34475	1
Q22174	Q9N3Z0	1
P90985	Q18240	1
O76615	Q21453	1
O45799	Q21018	1
P50464	Q20956	1
O45442	Q9N5V3	1
O62513	P81299	1
Q95Q26	Q9XVZ8	1
O62479	Q22227	1
O45734	gi:17552834	1
P91015	Q18516	1
O45436	O62389	1
O18191	Q9XTS1	1
Q22179	gi:17509417	1
Q27873	Q9UA36	1
P90745	Q9NAE1	1
O44750	Q8I4M1	1
O45521	Q95Y97	1
O17801	O44408	1
P34340	Q23158	1
Q19969	Q22613	1
P34475	P52872	1
O44606	O44821	1
O44606	Q9N4I4	1
P91051	Q19969	1
Q09248	Q93573	1
Q9XU80	gi:17554366	1
P45970	Q95QA6	1
Q19416	Q9U1S5	1
Q17878	Q18688	1
O02056	Q9NAD6	1
P91277	Q9GRY9	1
Q10454	gi:32566959	1
O01700	Q22227	1
P46577	Q9XW68	1
Q22886	Q9NES7	1
P91505	Q19220	1
Q9TZ39	gi:17508231	1
O18302	O77469	1
O01869	O62126	1
Q9U1S2	Q9U9Y8	1
Q18964	Q19008	1
Q8MXT6	gi:6042188	1
Q20940	Q9N4F2	1
Q23390	Q9UA61	1
O16511	O61208	1
O44740	Q22499	1
Q23182	Q95Q26	1
Q93228	gi:14018161	1
Q9N582	Q9U9Y8	1
P90740	gi:25150794	1
O62213	P90786	1
O44741	Q20678	1
Q9N3F2	Q9TXW1	1
O44624	Q21493	1
Q20483	Q22947	1
P30632	Q9TZK3	1
Q21746	Q9XX56	1
Q23664	Q95QA6	1
P46563	gi:17554796	1
Q17491	gi:17536605	1
Q18488	Q9N3U8	1
Q22227	Q95ZV8	1
Q9NAE1	gi:17554366	1
Q21225	Q9U3S0	1
Q20632	Q22068	1
Q27408	Q9TZ39	1
O45666	Q9TZ84	1
P53013	Q22174	1
Q17334	Q18238	1
Q18339	Q9NAM6	1
O45666	Q9U1R0	1
P48150	Q22799	1
Q18438	Q18830	1
P34296	Q18964	1
Q22510	Q9XW88	1
Q09417	Q95QC4	1
Q22227	Q9N2L3	1
Q9NA98	gi:17534721	1
O01532	O44606	1
Q9XVR6	gi:32566959	1
O18302	Q94013	1
P45970	Q95QJ7	1
Q22847	Q9BJ56	1
P34662	Q9NAH3	1
O44782	Q22257	1
O45686	Q9XUQ4	1
O01869	Q17884	1
Q17935	Q9U2W6	1
P36573	Q20330	1
Q09580	Q18668	1
Q22174	Q9U2E9	1
Q20778	gi:17570297	1
P54412	Q17339	1
P55853	Q94420	1
Q19201	Q20742	1
P30625	P40614	1
O17209	gi:25151901	1
O61932	Q9N537	1
O76447	P34371	1
Q22347	Q93354	1
Q9U1W5	Q9U373	1
Q95QA6	gi:32567054	1
P39745	Q17695	1
gi:25150348	gi:30025128	1
Q17339	Q22264	1
O76583	Q22227	1
Q9U1S2	Q9U2E4	1
Q21116	Q22306	1
Q17935	Q18241	1
Q9NAD6	Q9XVI6	1
Q95XK1	Q9XW40	1
P45972	Q9XU77	1
Q19286	Q9Y048	1
Q19872	Q9TZ39	1
O18302	Q22886	1
P92004	Q9XX14	1
Q22179	Q22183	1
Q23646	Q9TYS3	1
Q23158	Q93696	1
Q9TZ39	Q9XWK4	1
O18302	Q9UAT1	1
Q93721	gi:25150348	1
Q19465	Q23158	1
Q9U1T6	Q9XXI0	1
Q17878	Q23158	1
P91277	Q19018	1
O18250	Q9XX47	1
O18141	O45666	1
Q18013	Q94420	1
O18259	P90745	1
O45521	Q9U238	1
Q18776	Q95QA6	1
O17907	O18203	1
O44635	Q95Q26	1
Q17878	Q9TZ39	1
Q9UAH1	gi:17554366	1
Q9TZ39	Q9XVS2	1
Q9U2I3	gi:17563260	1
P34605	Q20100	1
Q22837	Q9TXI4	1
O76674	Q17539	1
Q9TZ39	gi:25151296	1
Q22227	gi:25148780	1
Q09485	gi:17554122	1
Q19294	gi:17552052	1
O01862	Q18240	1
O17670	Q18937	1
Q17878	gi:17509417	1
Q22174	Q95XW2	1
O18302	Q17782	1
P30429	P41958	1
Q9BL41	Q9TZ39	1
Q93703	Q95XM4	1
Q18688	Q9XWG3	1
Q17878	Q9BIB7	1
Q23232	gi:32566959	1
Q17581	Q94420	1
Q20770	Q23158	1
Q966L2	gi:32564021	1
O01802	Q9XTC6	1
Q95Y97	Q9U1X7	1
P10567	Q9TZ39	1
Q9XVE6	gi:17554366	1
Q22616	Q9N430	1
O18118	Q09975	1
Q19294	Q966M3	1
O61881	Q8MYQ1	1
O18687	P39745	1
O18672	O45784	1
O45532	gi:25151685	1
Q19766	gi:7105649	1
Q17746	gi:17554384	1
O18302	Q93572	1
O45784	P91829	1
Q22857	gi:25152916	1
O45293	Q19294	1
O17927	Q18688	1
Q18033	gi:17542004	1
O02108	Q9XTH8	1
P49405	Q95XM4	1
Q20742	Q22068	1
Q09278	Q21549	1
Q22837	Q9TXU7	1
Q9GSQ0	gi:30145754	1
Q19969	Q9NAM2	1
Q95XM4	gi:31746604	1
P41941	Q18025	1
O62238	Q9TZ88	1
O45441	Q17868	1
O44949	gi:17554302	1
Q22048	Q27371	1
Q19286	Q19633	1
Q18776	Q20759	1
Q18033	gi:25148501	1
P53013	gi:32563802	1
O16364	Q18107	1
O01427	Q17993	1
P34659	Q9XUB3	1
Q95QA6	Q9BIB7	1
O17915	Q18983	1
O44450	Q9TZ39	1
O02108	Q18688	1
O62022	Q9TVZ6	1
Q21021	gi:32564931	1
O17670	Q9N3A3	1
Q17878	Q9XWG3	1
O45797	Q18668	1
Q17935	Q18094	1
Q22227	Q9GUC8	1
gi:25144092	gi:25150846	1
O45666	Q9TYT0	1
Q9TZ39	Q9XUM0	1
Q8ITV7	Q9U9Y8	1
Q18516	Q22003	1
Q18438	gi:22265930	1
Q95QW0	Q9XUP3	1
O01840	Q9XW88	1
P52715	Q9XW40	1
O01869	Q18573	1
Q22174	Q9U2G8	1
Q20332	gi:17553966	1
O02108	gi:32566959	1
O02165	Q9TZ39	1
Q20052	gi:17554086	1
P34371	P90925	1
O17915	Q9UAQ6	1
Q8MQ56	Q9N3J8	1
Q21361	Q94126	1
P34611	Q22227	1
Q02330	Q9XVJ5	1
Q9XVK6	Q9XWP6	1
O61967	Q9U2W6	1
Q93637	gi:25150348	1
O18246	gi:25151901	1
O01869	Q9N3T2	1
O02642	Q21952	1
P30625	Q23187	1
Q19294	Q8WQA8	1
O44821	Q19969	1
Q95QA6	gi:17537175	1
Q22379	Q23390	1
O44165	Q95QA6	1
O01869	Q17728	1
Q22020	gi:32566959	1
Q19969	Q9NA76	1
Q22174	Q8IAA7	1
Q9GYJ3	Q9XWI6	1
O17915	P27798	1
Q21648	Q9NAE9	1
P91820	Q9BL58	1
O61967	Q965X6	1
O02289	P39745	1
P46769	Q9U2M7	1
O44606	gi:17542710	1
Q18964	Q23087	1
Q9TVZ6	Q9XTC6	1
Q9XVK6	gi:17554384	1
Q23500	Q9TVP0	1
Q9GYL1	Q9Y048	1
O17801	P43509	1
Q10654	Q9XWH3	1
O16581	Q9GUI5	1
P91870	Q20282	1
Q9XW13	gi:32564251	1
O17670	Q27420	1
Q8I7I0	Q9XXI0	1
Q23087	Q9XWG3	1
P46563	Q95QJ7	1
Q94420	gi:17554366	1
O44400	Q9NAE9	1
Q9NAE1	Q9TYX2	1
O45865	Q18268	1
Q18479	gi:17554366	1
O45666	Q8MXH1	1
Q9GYN4	Q9TZ39	1
O45799	Q17359	1
Q19088	Q20485	1
O45003	Q18043	1
O01901	Q9XVK6	1
O16332	Q17539	1
Q9U252	Q9XU77	1
O17801	Q10577	1
O44606	Q17732	1
P50880	Q9GT24	1
Q09581	Q17991	1
O01894	Q19584	1
O02108	P40614	1
O01530	O16364	1
O61208	gi:17552180	1
Q93572	Q9U2R6	1
Q19969	Q9TZ39	1
Q18688	Q9XVV3	1
Q20375	Q22544	1
O18195	Q03563	1
Q19969	gi:17553418	1
O17670	Q9N5B4	1
Q22174	gi:17508211	1
Q8MQ56	Q9N4H9	1
O18239	Q9XU77	1
Q20690	gi:25150348	1
Q23158	Q9XVF6	1
Q21748	gi:17554796	1
Q17433	Q21746	1
O02108	Q22260	1
O16500	O16511	1
gi:17553144	gi:17556923	1
Q19088	Q9TZ39	1
Q20727	gi:17553966	1
Q20347	Q9N4J9	1
Q23254	Q9TZ39	1
P50880	Q17381	1
Q20228	Q93375	1
O18302	Q17913	1
Q20655	gi:25150846	1
Q27482	Q9XUE5	1
Q17732	Q9XU77	1
Q22174	Q9GYG1	1
P27798	Q18776	1
P52874	gi:32566570	1
O18302	Q18646	1
P10984	Q18240	1
O17224	P52713	1
Q93319	gi:32564947	1
P34537	gi:17542650	1
P17330	Q20002	1
Q17539	Q93233	1
Q17878	Q9GUC8	1
P91419	Q21130	1
Q23012	Q9XTC6	1
O16500	Q23237	1
Q09485	Q10929	1
Q20052	Q9N5N2	1
Q21307	gi:32566959	1
P46941	Q23671	1
O77469	Q95QC4	1
Q09490	Q9NA30	1
Q22174	gi:29570416	1
Q21746	Q9TZK3	1
Q20198	Q9TZ39	1
O45526	Q9NAE1	1
Q18966	Q9N2Z7	1
O02237	Q9XU77	1
Q9XU12	Q9XVP7	1
Q93763	Q95QA6	1
O02353	O16488	1
Q09487	Q17345	1
O17670	Q21126	1
Q09387	Q93203	1
Q22003	Q9XUQ4	1
Q95QA6	Q9XVW8	1
O17783	Q21930	1
O45712	P46941	1
Q22781	Q9U2K7	1
O16364	gi:32567194	1
Q9XW20	gi:14018161	1
O44175	Q8ST15	1
Q20720	Q9XWG3	1
O45521	Q17359	1
Q17732	Q22174	1
P91400	Q9NLD1	1
O44872	P34574	1
O18218	Q17878	1
Q10577	Q8MYP3	1
Q17446	Q21431	1
Q8MQE8	Q9NAD6	1
Q19537	Q9GSQ0	1
Q17339	Q22347	1
Q11103	Q95QA6	1
O17754	Q18869	1
P39745	gi:25151891	1
Q23639	Q95Q26	1
Q09485	Q18529	1
O16424	P91419	1
Q22227	gi:17553604	1
Q17878	Q95ZL4	1
Q09491	gi:17553966	1
Q95QI7	gi:17554796	1
P52709	Q18124	1
Q95QA6	Q9XU77	1
P34609	Q18668	1
Q17878	Q21075	1
Q17746	Q19088	1
O17670	gi:17508231	1
Q18776	Q18799	1
Q22055	Q95Q26	1
O44739	Q9N2W5	1
O17982	Q8T3G3	1
Q17381	Q9NEN6	1
O16581	Q9N565	1
P91419	Q8MXT6	1
O44606	P91419	1
P91129	Q9U2J8	1
Q17868	Q20798	1
Q17718	Q17878	1
O17915	Q18897	1
P41932	Q18809	1
Q19537	Q95Y97	1
O44606	O45865	1
Q19120	Q95Q26	1
Q18238	Q9NES7	1
Q09248	Q965K5	1
P55853	P90740	1
O45521	Q19088	1
O18302	Q9Y050	1
Q95YF3	Q9GUC8	1
Q9N359	gi:17554366	1
Q17850	Q9TZ39	1
Q20628	Q9XWC9	1
O16527	Q9N580	1
Q19290	Q9TZ39	1
O44750	Q22826	1
Q95QC4	Q966C7	1
O18118	Q21746	1
O02161	Q17446	1
Q22949	Q966E8	1
P52275	Q9XUS3	1
Q93934	gi:32453034	1
O45521	Q9TXH9	1
Q23158	Q8MXR2	1
Q09485	Q965X6	1
Q17635	gi:17554366	1
P91280	Q9XWJ0	1
Q20712	Q22227	1
Q21513	Q9XUB3	1
Q21319	Q9XXH8	1
P91051	Q94420	1
P91835	Q95QD9	1
Q23652	Q9XWC9	1
Q20956	Q9TZ39	1
P10983	Q17446	1
P41830	Q9U1X3	1
Q18076	Q18421	1
Q20398	Q95Q26	1
Q17878	Q9XVX1	1
O02482	Q93721	1
O18302	O44821	1
O18250	Q22227	1
Q21344	Q9XVA3	1
O16695	O62332	1
Q9TZ39	Q9U252	1
Q21075	Q9N423	1
O16299	Q23158	1
P54412	Q21266	1
O01802	O44606	1
P34629	Q22407	1
Q19101	Q95QA6	1
Q09665	Q9NES7	1
Q18964	Q23187	1
P91001	Q20052	1
O44490	Q9U9Y8	1
Q19816	Q22799	1
Q17865	Q9XU77	1
Q09248	Q21215	1
Q17664	Q21271	1
P34629	P34655	1
O16316	Q21372	1
O18302	P92004	1
P36573	Q21431	1
O44606	O62415	1
Q18043	Q9TZ39	1
Q03604	Q9NAB0	1
O17670	Q17865	1
O17670	Q10923	1
Q9XVZ2	gi:17565204	1
Q22311	Q95Q26	1
Q9TVS4	gi:6042188	1
O02043	Q18070	1
O18673	P36573	1
Q23158	Q9U304	1
Q03563	Q9TZ39	1
Q19766	Q23615	1
P34563	P90908	1
O44175	P48156	1
Q22757	Q9U2Q9	1
O01456	gi:17553966	1
Q95Q07	gi:17566336	1
P90814	gi:14018161	1
Q22003	Q9N3M9	1
Q9XVP1	Q9XYC3	1
P34420	P34604	1
P34334	gi:17554086	1
O17954	Q9XU77	1
O17670	gi:17553570	1
Q19813	gi:6042188	1
Q18076	Q22227	1
O44740	Q94363	1
Q23023	Q23158	1
Q22837	Q8MXH1	1
P34496	Q22847	1
P34420	gi:17534721	1
Q09294	Q9XW79	1
P41829	Q93375	1
Q09476	Q17878	1
Q27484	Q8MNS5	1
Q18033	gi:17554366	1
Q21215	Q95QA3	1
Q19202	Q21746	1
O61920	Q22799	1
Q22618	Q23129	1
O61521	Q18964	1
Q09581	Q93637	1
P27798	Q19294	1
O17670	Q20956	1
Q18688	Q8I7I0	1
P34371	Q18241	1
O17670	Q21127	1
Q9XUK2	Q9Y048	1
P91280	Q19872	1
O45521	O45603	1
Q17789	gi:17553966	1
Q09305	Q20298	1
gi:17551938	gi:33620955	1
O18197	gi:6042188	1
O45521	Q18266	1
Q9XVV3	gi:17554366	1
O45607	Q9TZ39	1
Q19088	Q19101	1
Q18945	Q19416	1
Q22227	Q22693	1
O18195	Q93700	1
Q19989	Q93721	1
O16372	gi:17556654	1
O02639	O16453	1
Q93233	Q9TZ39	1
Q8MYM9	Q9GYI4	1
Q9GYJ3	Q9N2Z7	1
P34669	Q95QA6	1
Q20676	Q21554	1
Q19969	Q9TZ84	1
P90794	Q9NGT3	1
Q18668	Q27253	1
O01686	Q03563	1
Q18964	Q9N4G8	1
Q17339	Q17698	1
O01700	Q95QA6	1
Q17359	gi:25148756	1
Q18668	Q9XXE5	1
Q22631	Q9XXI0	1
O17981	gi:17554570	1
Q22306	Q23332	1
O01576	O16443	1
P91419	Q23050	1
Q9N580	Q9N5V3	1
Q22174	Q9U2G7	1
Q9TZ39	Q9U3G3	1
O16488	Q21746	1
O01796	Q18953	1
P34334	Q09417	1
O44821	P36573	1
Q20083	Q22781	1
P48727	Q9N537	1
Q10941	Q9XVA3	1
O44740	Q21648	1
Q18688	gi:17556654	1
P34808	Q9XTS1	1
O02108	O17983	1
P30625	Q17964	1
O17005	Q22174	1
O61819	Q09536	1
Q19932	Q9GZD5	1
O44872	Q9XUQ4	1
P91185	Q17539	1
O44821	Q9U3S0	1
O45313	Q9XVA3	1
O17670	Q93325	1
Q18241	Q20084	1
Q9GYP6	Q9TZ39	1
Q10943	gi:32566959	1
O17626	Q19019	1
O01482	Q93721	1
Q19019	Q9TXH9	1
O44820	P91505	1
Q22631	Q9TZ39	1
Q9N342	Q9XWV0	1
Q18529	Q9TYT3	1
O76449	Q17559	1
O02108	Q8MYP3	1
Q19019	Q19162	1
O17981	Q9BI72	1
O16366	O17666	1
P50464	Q18529	1
Q09417	Q95XM4	1
Q27864	Q9NAD6	1
P91503	Q93721	1
O17286	Q9XU12	1
O44782	O76447	1
Q20149	Q9U1P3	1
Q17958	Q95PZ7	1
Q19969	Q20628	1
Q17381	Q9U2W6	1
Q22640	Q9N4N2	1
O45233	Q9U2Q9	1
Q20577	Q95XW2	1
Q9XU77	Q9XX47	1
Q17878	Q23312	1
Q18668	Q20709	1
Q9TZ39	Q9TZI2	1
Q8ITV7	Q95QA6	1
Q19019	gi:17542710	1
Q20289	Q9NES7	1
P91329	Q9NAE1	1
Q19749	Q9GSX9	1
Q18529	Q9BL58	1
Q9TYJ7	Q9U2J8	1
O61708	Q23158	1
O01839	O17898	1
Q9UAY0	gi:25150348	1
Q9U2G8	Q9XWK1	1
Q95Q26	Q9U395	1
Q18480	Q9NAE1	1
P46563	gi:25151901	1
Q22799	Q93572	1
P91829	P92004	1
Q9N3T9	gi:6042188	1
Q20173	Q9TZ39	1
Q93375	Q9XVF7	1
P36573	Q19019	1
Q93654	gi:17553832	1
O02267	P34710	1
O01482	P91401	1
Q21529	Q23158	1
P45972	Q22227	1
Q18479	Q9XW88	1
O17985	gi:25150846	1
Q23390	gi:25150348	1
Q20717	Q27519	1
O44509	Q23158	1
Q22694	Q95Q26	1
Q95ZV8	Q9XU77	1
O76630	Q93568	1
P90882	Q18668	1
O16500	Q19138	1
Q21648	Q9GYJ9	1
P91277	Q9U299	1
P34546	gi:17554746	1
Q9U2K8	Q9U2R6	1
P48152	Q95Q26	1
Q95QA6	gi:32566139	1
Q17878	Q22459	1
Q21307	Q9TYT3	1
Q19211	gi:17554366	1
Q22174	Q9XUB8	1
O16500	O62416	1
Q19771	Q9XW79	1
O01901	Q9U3B7	1
O62195	Q9U2F3	1
P91151	Q20678	1
O17982	Q9GYT4	1
O44451	O45924	1
Q20719	gi:17554366	1
O44750	Q93315	1
Q20577	Q21229	1
Q95ZV8	Q9TZ39	1
Q18033	Q21215	1
O01861	O45225	1
Q22170	gi:17565204	1
Q9XV35	Q9XWH0	1
Q20084	Q9XU77	1
Q17862	Q9GYG1	1
O01901	O18195	1
P30632	Q95XM4	1
O17670	Q9N582	1
Q23158	Q95ZL4	1
O44872	Q9N4B6	1
Q22174	Q23664	1
O17915	Q93410	1
Q9TXP7	Q9UAH1	1
O17084	Q23158	1
O18118	Q9NES7	1
O16552	P91280	1
Q9BKS0	gi:25155179	1
P34673	Q95Q26	1
gi:17554366	gi:17556296	1
Q17381	Q22030	1
Q18089	Q9GYJ9	1
Q9U4A6	gi:17551336	1
O61208	Q17400	1
Q9XWG3	gi:17563290	1
P34420	Q9XU77	1
Q23390	Q9NES7	1
Q21557	gi:17508429	1
Q17878	Q18529	1
Q09983	Q95QC4	1
O17805	Q9XU77	1
Q20979	gi:25150348	1
Q19872	Q95QA6	1
Q20676	Q9XWC9	1
O17670	Q9XUL9	1
O01869	O76562	1
Q18938	Q9TXH9	1
Q20420	Q9N3P1	1
P34475	Q20655	1
P27604	Q9N3F2	1
P91080	Q8I7I0	1
Q20347	Q9N4Q7	1
Q23646	Q9NF14	1
Q17417	Q9TZ39	1
Q09533	Q9GZE9	1
O17100	Q94207	1
P17329	Q09581	1
Q17935	Q18937	1
O01869	O18229	1
P34611	Q9N3F1	1
O45521	P91471	1
O01876	gi:17558096	1
P34657	Q21748	1
Q9U3A4	gi:17541790	1
O18250	Q17878	1
P41829	Q9N4S0	1
O45198	Q18238	1
Q95PV4	Q9TZ39	1
P45962	Q9U3B7	1
Q22886	Q93721	1
O76828	P34465	1
O01961	Q22174	1
O02592	Q22333	1
O61858	Q22227	1
P49029	Q21832	1
P91277	Q95QZ7	1
O61208	Q20778	1
O16286	Q17878	1
Q17359	Q9XU77	1
Q22676	Q94126	1
P39745	P91001	1
O16364	gi:25149417	1
Q17732	Q9U9Y8	1
P45972	Q95Q26	1
Q22174	Q8MQE8	1
O01901	P90783	1
Q966C6	Q9XVE6	1
Q93716	Q9N3Y1	1
Q09248	Q9NA98	1
P41884	Q9U9Y8	1
Q18783	gi:14018161	1
Q23158	Q23680	1
Q17359	Q93831	1
Q93721	Q9XU77	1
O02056	Q9XW13	1
O45521	Q93701	1
Q23440	Q9N4A9	1
Q93321	Q95QA6	1
Q8WTJ8	Q9UAH1	1
O16198	O16453	1
O02300	Q9XVG7	1
Q9XWU4	gi:32566959	1
O18240	Q9GSX9	1
O16511	Q9XXU4	1
Q23081	Q95QA6	1
P50093	Q9GZG8	1
Q09485	Q18945	1
P55853	Q19905	1
O62022	Q9N4B8	1
Q17715	Q17868	1
Q17878	Q20621	1
Q19294	gi:17554366	1
P34604	Q19969	1
Q17878	gi:32566451	1
Q19201	Q22544	1
Q17878	Q9XVF7	1
P10567	Q22174	1
Q22522	Q9TZ39	1
Q17877	Q9TZI1	1
O17670	P91820	1
O44768	P21541	1
O17887	Q9XU12	1
P34605	Q21891	1
Q8I7L1	Q9XWH0	1
O76665	Q21271	1
O17670	Q94166	1
Q18503	Q9GYJ9	1
Q93366	Q9TZ39	1
Q9NAE1	Q9XXB9	1
Q18937	Q20052	1
Q20981	Q9TZ39	1
Q17446	gi:32566959	1
P52874	Q10580	1
Q21898	Q22174	1
Q17359	Q9N4P3	1
O44606	Q9N2Z7	1
O17670	gi:17552438	1
Q9XU77	gi:25149417	1
O16366	Q09248	1
O17670	Q9TXP7	1
P34420	Q22174	1
Q27328	Q9NGT3	1
Q17427	gi:17554366	1
O16500	gi:17554746	1
O17239	Q95Q26	1
Q22631	gi:25150348	1
Q94416	Q9XYC3	1
Q9U1W1	Q9XU77	1
Q19294	Q20655	1
O01869	Q18687	1
gi:25150846	gi:32564399	1
Q9N4B8	Q9XVE6	1
Q18603	Q9Y048	1
O62136	gi:17553966	1
Q17878	Q19404	1
O44949	gi:17554366	1
P36573	Q21746	1
Q21493	gi:25151716	1
Q23483	Q94300	1
P47991	Q23493	1
P34657	Q9NES7	1
O16500	P91249	1
O16936	Q17381	1
O01580	Q22227	1
O18302	Q27498	1
O02323	gi:32566959	1
P39745	Q22836	1
Q95QA6	Q965Q1	1
Q22705	Q9TXZ9	1
gi:17565204	gi:32566655	1
Q8MPT7	Q9XVT1	1
O02085	P45970	1
P34657	Q20344	1
Q02332	Q9XTM0	1
O76413	Q8MQ56	1
O61843	Q21758	1
P45962	Q09597	1
Q21493	Q9U3F9	1
Q09506	Q09648	1
O01906	gi:17556801	1
Q18776	Q93697	1
O45521	Q18946	1
Q9U9Y8	Q9XWR1	1
P91353	Q17878	1
O17272	Q23158	1
O18051	Q17359	1
Q9TXH9	Q9XUT0	1
Q09485	Q8MQE8	1
P91419	Q9U2A8	1
P17329	gi:17554086	1
P04970	Q95QC4	1
Q17878	Q23458	1
Q17359	Q9U1S2	1
Q09485	Q9XU77	1
Q18585	Q9XWG3	1
O18179	P34496	1
O17908	Q23158	1
P34604	gi:25144646	1
Q20084	Q22030	1
O45410	Q03563	1
P27798	Q17728	1
Q20476	Q22174	1
Q09651	Q17878	1
O01925	Q9XXA2	1
O02658	Q9XTG7	1
O02056	O16488	1
P91237	Q9XXI0	1
Q17878	Q9NAD6	1
Q17958	Q22553	1
O16454	Q17446	1
O02043	Q22243	1
Q17878	Q95ZK7	1
O16519	Q9GRY9	1
Q18827	Q22068	1
Q21015	Q23158	1
Q09530	Q9N597	1
O16500	Q9XV50	1
O02065	P91277	1
Q23081	Q9TZ39	1
O44738	Q9XVE6	1
P91001	Q22640	1
O45901	Q9TZ39	1
O16500	P91505	1
O16424	gi:17565204	1
P21137	Q23679	1
O45521	P53588	1
O16500	O44606	1
Q09485	Q20759	1
O61967	Q9XUK0	1
P91870	Q9U3F9	1
O44606	Q27383	1
P91249	Q9XVL8	1
O61775	P90786	1
Q23345	Q95Q26	1
P34574	Q22799	1
O44606	gi:32566959	1
O17670	O17894	1
O01498	Q9XWH3	1
Q17446	Q9TZ16	1
O16305	O17666	1
O44451	Q9XVJ3	1
O45189	Q19018	1
P50880	Q9U2Z5	1
Q17865	Q17878	1
O16510	Q95QA6	1
Q95QA6	Q9N5A6	1
Q18433	Q22227	1
Q20712	Q9TZ39	1
Q17732	Q95QA6	1
Q9U207	Q9XU77	1
Q23187	Q9NAE1	1
O17670	gi:17554302	1
P91505	gi:17551336	1
Q9TXR2	gi:17553966	1
O17670	O62020	1
Q93203	Q9XU07	1
O45384	P91043	1
Q21318	Q21648	1
P34648	Q95XM4	1
Q17359	Q17865	1
Q09989	Q9GYJ3	1
O17695	Q17886	1
Q9U1S2	gi:6042188	1
P91419	Q9U1T6	1
O45521	Q95XM4	1
O01850	Q94420	1
O01869	Q18538	1
O61967	Q21127	1
O18302	Q93721	1
Q9BKP1	gi:25150348	1
Q09665	Q21621	1
P91306	Q9XTZ2	1
Q8I7I0	gi:25150348	1
Q19257	Q22227	1
Q19019	Q20655	1
Q9TYS3	Q9U9Y8	1
gi:17554366	gi:17554796	1
Q18034	gi:25151685	1
Q11100	Q18438	1
O17670	gi:17568353	1
O45137	Q19185	1
P36573	Q9N402	1
O16927	gi:17507969	1
Q21945	gi:17554366	1
O45603	Q22619	1
Q17868	gi:7105649	1
P54811	Q9TXH9	1
Q9U251	Q9XUS3	1
P48154	Q17381	1
P91505	gi:25152606	1
O01602	Q95QA6	1
P52874	Q03563	1
P49405	Q22886	1
O16313	Q93694	1
Q9TZ39	Q9XTH8	1
Q966C6	gi:17536605	1
Q22676	Q9U1X3	1
O16500	P91128	1
Q23604	Q9XU77	1
Q19980	Q20232	1
Q18838	gi:25150348	1
P41829	Q9GSX9	1
O61967	Q20198	1
O16308	Q22886	1
O45660	Q9TZ39	1
Q18776	Q22174	1
O45115	Q20813	1
Q18688	Q20308	1
O44408	Q20347	1
P90920	gi:7105649	1
O17908	Q20344	1
Q22227	Q9TZ84	1
P51875	Q20178	1
P34475	Q18594	1
Q22853	Q9NAE1	1
Q18239	Q22174	1
Q9TVL8	Q9XU10	1
P36573	gi:17534721	1
P34470	Q9TYJ0	1
Q21554	Q21934	1
P34378	Q965X6	1
Q09296	Q19424	1
O01869	Q9N5V2	1
Q20709	Q9U9Y8	1
O45521	gi:17554384	1
O16370	Q95QA6	1
Q94239	Q9TZ39	1
Q9BIC1	Q9TZ39	1
Q9NES7	gi:17565204	1
Q95QA6	Q95ZL4	1
Q95X85	Q9NAM6	1
Q23158	Q95NF0	1
P55956	Q18989	1
Q8WQF7	Q9XTS1	1
P92004	Q9XU12	1
P06125	Q09665	1
P36573	Q9XWD5	1
O62190	Q11073	1
Q965X6	Q9XU12	1
O17776	Q9BJ56	1
Q20223	gi:17553966	1
Q23158	Q9XWI6	1
Q95QA6	Q9N5N7	1
O45865	Q19294	1
Q19901	Q22620	1
P91080	Q09983	1
O17915	P46769	1
Q17935	gi:17535271	1
Q17862	Q9NET8	1
O45686	Q9TYY1	1
O18302	gi:30025128	1
Q17935	Q9U1W1	1
Q9UAY0	Q9XVA3	1
O01482	Q22306	1
Q18239	Q22227	1
Q09584	Q9XU77	1
P90731	Q17427	1
Q19503	Q9U2W6	1
Q9XWG3	Q9XXC8	1
Q9TZ39	Q9XU06	1
Q19788	gi:17541620	1
Q18516	Q18869	1
O16922	Q9NAP0	1
P30642	Q9BKS4	1
Q18668	Q9NF23	1
Q20398	Q9Y048	1
P36573	Q19275	1
O16948	Q19826	1
Q20002	Q9NES7	1
Q19018	Q20084	1
Q95QA6	gi:17508231	1
Q09983	Q9BL58	1
Q95Y80	Q965X6	1
Q95QA6	Q9U1S2	1
Q9U2X1	Q9UAY0	1
P91250	Q17878	1
O17894	O45003	1
Q22174	Q23389	1
Q19617	Q9XUQ4	1
Q19749	Q9U9Y8	1
O01802	Q9NAD6	1
Q17878	Q9XWT3	1
gi:17541790	gi:25150348	1
P46562	Q17328	1
O17801	Q22326	1
Q8MYM9	Q9TZ51	1
O16500	Q23158	1
Q9N4E9	Q9XW79	1
Q94247	Q95QA6	1
Q09542	Q9U3S0	1
P41999	Q22837	1
O44606	P34643	1
Q17539	Q9U2W6	1
O17670	gi:25147971	1
O61858	Q95QA6	1
Q17878	Q18165	1
Q20709	Q9XVA3	1
O16405	Q19969	1
Q18264	Q95YF3	1
O02043	gi:13324910	1
Q17359	Q21648	1
P54811	Q95Q26	1
Q22166	Q9U3S0	1
O16500	Q17400	1
P48162	Q8MYM9	1
Q8IAA7	Q9TZ39	1
O61208	Q9TZ23	1
P91820	Q17381	1
O45087	Q22752	1
O16695	gi:25146151	1
Q9XUC9	gi:13324910	1
Q10930	Q17446	1
O16370	Q9TZ39	1
Q19899	gi:17542650	1
Q18897	Q19424	1
O16364	Q9NES7	1
Q9BL77	Q9XVA3	1
O16500	O45679	1
Q10658	Q17489	1
Q94420	gi:25148756	1
Q19082	Q19162	1
P91001	Q02330	1
O16500	Q27383	1
Q19402	Q9TZ39	1
Q9BI72	gi:17551938	1
Q10577	Q23158	1
O17801	Q9N3X4	1
O45799	Q19969	1
O45364	Q21746	1
Q9XYC3	gi:17511075	1
O62416	Q9XWG3	1
Q18616	gi:25148780	1
O02056	P45970	1
O45922	gi:2773242	1
O01839	Q9TZ39	1
P48156	P91505	1
P46975	Q20483	1
Q09566	gi:25150348	1
Q17635	Q22618	1
O45924	Q23158	1
O16500	Q9U1T6	1
Q9TZ39	Q9Y050	1
Q95QX3	Q9U2R6	1
O16695	P17329	1
P91820	Q11189	1
Q18885	Q22068	1
O16500	Q20393	1
Q21668	gi:33285223	1
Q9Y048	gi:29570484	1
O45521	Q19964	1
Q21648	Q9XWG3	1
Q19989	Q9TZ39	1
O44606	Q9XWN6	1
Q21648	Q9XW13	1
P91870	Q22276	1
Q22936	Q9Y048	1
P41999	Q23664	1
O44821	Q17878	1
Q20308	Q95QE9	1
O45922	Q9XUS3	1
O62482	Q95QA6	1
Q20052	gi:17551336	1
O01869	O44180	1
O44606	Q22311	1
Q19211	Q22436	1
Q17878	Q93637	1
Q17336	Q22174	1
Q18964	Q9N431	1
O45799	gi:25150348	1
Q8MQ18	Q9TZ39	1
P91453	Q9TZ39	1
Q09989	Q19275	1
Q93228	Q9TZ39	1
Q9TZ39	gi:17535271	1
O76670	Q20052	1
O16500	P91419	1
Q22123	Q9UAV4	1
Q8TA83	Q9XYC3	1
Q966M3	Q9XXI0	1
Q20084	Q20486	1
O17214	Q19294	1
O61390	Q9XU77	1
Q22227	Q95QA6	1
P34328	Q95Q25	1
P91307	Q9BL58	1
O18672	O45577	1
O45666	Q09587	1
O16511	P91505	1
O16313	Q9XUE7	1
P91503	Q9U9Y8	1
O16519	gi:17542004	1
P39745	P91829	1
O01775	Q09533	1
Q17746	Q20485	1
O44739	Q22123	1
Q19294	Q93572	1
Q18266	Q95QA6	1
O01504	gi:25150244	1
P34643	Q17878	1
Q19980	Q22306	1
Q19902	Q9U2Q9	1
Q9XXA2	gi:25152916	1
Q17359	Q18529	1
P52717	gi:25144646	1
O17174	Q9TZ39	1
O16511	P91419	1
Q17359	Q9N582	1
Q9N3H9	gi:32566959	1
P43508	Q9NGT3	1
Q19932	Q9GYH7	1
O45539	P46941	1
Q17446	gi:17537175	1
O62216	P41829	1
Q21614	Q9XU77	1
Q19782	Q9XTM0	1
O17666	Q17410	1
Q21580	Q9UAX1	1
Q21191	Q9N423	1
Q95QA6	Q9U3E3	1
O18203	O61815	1
Q8MQ88	Q9NAB0	1
Q9N4Z2	Q9TZ39	1
Q18948	Q27318	1
O02592	Q94207	1
O01869	Q21204	1
Q21758	gi:25148095	1
P41932	Q9TYY1	1
Q95Q26	Q9XYP0	1
O18098	Q9U9Y8	1
Q9U2X1	gi:17556058	1
O17066	gi:32566959	1
Q18171	Q9U9Y8	1
O45781	gi:17556296	1
Q20655	Q9XVA3	1
O17754	Q94261	1
O16364	Q21431	1
Q18266	Q21094	1
Q95Q33	Q9TXH9	1
Q95R07	Q9TZ39	1
O17567	Q10453	1
O17982	Q9N3Y1	1
O44742	Q9Y048	1
gi:17554796	gi:32566959	1
O45054	O45666	1
Q17539	Q21131	1
P47991	Q8I4K2	1
Q9NGT3	Q9NGT4	1
Q95ZI9	Q9XU77	1
P91820	Q22174	1
P34643	Q9XU77	1
O61818	Q9NGT3	1
Q9N4H6	gi:32566959	1
Q17359	Q19203	1
Q95QA6	Q9N3Z0	1
Q94261	Q9XWK3	1
O45521	Q95Q26	1
P45970	gi:17553442	1
P46563	gi:21392634	1
O01869	Q20188	1
P91503	Q9Y048	1
P91820	Q17559	1
O45799	Q22631	1
Q8MQE8	Q9TYY1	1
Q20741	Q9NAB0	1
O18209	Q9NA25	1
Q95Q26	Q9TYX4	1
Q17385	Q21952	1
Q20655	Q9XU77	1
Q22167	Q9TZ39	1
O18302	O61858	1
P91080	Q966M3	1
P10983	gi:25150348	1
Q09248	gi:25144756	1
Q9XTG7	gi:17554366	1
Q22499	Q9XUS3	1
O17981	O18672	1
O02639	Q9NAD6	1
Q22436	Q95Q26	1
O01489	P34657	1
O02053	gi:25151901	1
Q22174	Q95R05	1
O45521	Q93831	1
O45521	Q17489	1
P39745	Q9N3Y1	1
Q9N597	gi:17554366	1
Q18192	Q22799	1
O01579	Q95QA6	1
P27604	Q9XYC3	1
Q20378	Q9XW13	1
Q8MXR2	Q95QA6	1
O18302	Q20712	1
O01530	Q9XU77	1
Q11103	Q17359	1
Q22945	gi:25148095	1
O45521	Q9XWR1	1
O18686	O44782	1
O16519	Q9XUQ4	1
Q21319	Q9U1S2	1
O61799	Q95Y97	1
Q22837	Q95Y82	1
Q09350	Q9TZ39	1
Q20759	Q22174	1
Q9TZ39	gi:17532607	1
Q20577	Q23015	1
P45962	Q965Z4	1
O17981	Q9XWE1	1
Q23150	gi:6042188	1
Q09485	gi:29570416	1
Q9N2K7	Q9XWH5	1
Q22886	Q9XTH8	1
Q93231	gi:17554796	1
P34460	Q9XU77	1
O16453	P53013	1
Q9U2Z0	Q9XYC3	1
O61442	Q9BKU9	1
P30625	Q94407	1
Q17728	Q21746	1
P34420	Q23158	1
O44821	Q22174	1
O01804	Q9XU77	1
Q19007	gi:17554796	1
Q17359	Q9N4Q7	1
Q93375	gi:28894842	1
O16364	Q9XWH0	1
O62216	P39745	1
Q9GYI4	Q9XWJ0	1
O17670	O62332	1
Q9U1W3	Q9XX47	1
O01869	O16432	1
O44400	P91505	1
Q9XXG5	gi:17554366	1
Q09620	Q21418	1
O76449	Q21319	1
Q09581	Q19275	1
Q09476	Q20956	1
Q19624	Q22408	1
P53013	Q9XU77	1
O76640	gi:17553966	1
O16500	Q23119	1
O16850	gi:17553966	1
O17670	Q19018	1
Q9NES7	Q9XUS3	1
P92004	Q17381	1
O16948	Q21746	1
O01579	Q17359	1
P17331	Q95QJ7	1
O18302	O62195	1
gi:17555418	gi:25148095	1
Q9XXI9	gi:25150846	1
O18286	P91870	1
Q18529	Q9NAE9	1
O18118	Q8I7I0	1
O18302	Q18529	1
Q9N3X3	gi:13324910	1
Q965X6	gi:25153085	1
Q21693	Q9XW13	1
P34574	gi:17556654	1
Q09596	gi:32698022	1
Q9NGT3	Q9XXA2	1
O02365	Q95QA6	1
Q18488	gi:13324910	1
O45241	Q9TZ39	1
Q18937	Q93716	1
P41829	Q9N5Z3	1
O62195	O62203	1
Q9XTV2	gi:7105649	1
O01482	Q9TZ39	1
P46562	Q95YI9	1
Q20308	Q9U329	1
Q17878	Q20711	1
P36573	Q9XVF7	1
Q17573	Q9N4B8	1
O45691	Q09417	1
P34556	gi:17554366	1
O18203	O44732	1
O62246	Q9N4H7	1
Q02330	Q21847	1
Q18033	Q19735	1
P52899	gi:17554796	1
Q20695	Q95QA6	1
O01869	Q03572	1
P39745	Q19203	1
O16500	Q09544	1
O16356	O62444	1
O02353	Q21370	1
Q22068	gi:13324910	1
Q21271	gi:17554366	1
O01803	Q19082	1
O62385	Q95YF3	1
P49808	Q19436	1
P46941	Q17737	1
Q17878	Q95QI3	1
Q19902	Q9U2R6	1
Q19201	Q9N575	1
Q22970	Q9U2W6	1
P34652	gi:17565204	1
O01961	Q9TZ39	1
O62216	Q10654	1
Q09348	gi:6042188	1
Q20795	Q22174	1
O18048	Q95Q26	1
O61843	Q95YA5	1
P36573	gi:32564188	1
O17801	P91821	1
O61775	Q9TZ39	1
Q19881	Q22847	1
P34808	Q9BL19	1
Q23182	Q9TXH9	1
O17670	Q9U2W6	1
O18302	Q17659	1
Q95QA6	Q9BL41	1
O17801	O45865	1
Q9Y048	gi:17535709	1
Q21932	gi:33285223	1
Q9XU77	Q9XX14	1
Q22847	Q93375	1
P91199	Q22123	1
Q18437	Q95QA6	1
O02053	Q09248	1
O45003	Q9U1S2	1
O61907	gi:17553966	1
Q17695	Q9XU77	1
O44606	Q19275	1
O45946	Q9XW76	1
Q27389	gi:7105649	1
P90825	Q18932	1
P91353	Q23661	1
Q22048	Q9NES7	1
Q18268	Q20239	1
Q18341	Q18932	1
O18051	O45521	1
Q22174	Q9TZ50	1
Q9BKS0	Q9N3X3	1
Q93561	Q9GYJ9	1
Q09456	Q9NAD6	1
Q21701	Q9TZ39	1
Q17958	Q19275	1
O61218	Q22227	1
Q23158	Q9N499	1
Q22048	Q9XVA3	1
O62195	gi:17554366	1
Q22489	Q9TZ39	1
O01532	O16364	1
O01590	O61208	1
Q21432	Q22950	1
Q9N3E3	Q9XW79	1
Q09248	Q9XW79	1
Q19202	Q94261	1
P54412	gi:17553408	1
O16552	Q20232	1
O45521	gi:17559072	1
Q09581	Q23566	1
Q22227	Q94392	1
O62015	Q18668	1
Q22227	Q95ZL6	1
Q19535	Q22886	1
P91027	Q9U9Y8	1
P30632	Q27535	1
P39745	gi:32566959	1
Q19019	Q9NF11	1
P48158	Q22174	1
Q9N4Q7	Q9TZ39	1
Q09485	Q9XTC8	1
O17640	Q03571	1
Q9U2Y3	gi:25151901	1
Q17868	gi:13324910	1
Q17359	Q8ITV7	1
Q95ZK9	Q9XU77	1
Q20888	Q9NEN6	1
P91280	Q93228	1
Q9U203	Q9XWH0	1
O01802	Q22227	1
O02089	O16500	1
O61208	gi:17554366	1
Q19969	Q9TYS3	1
O17915	Q9TW67	1
O62236	Q9XUY5	1
O16254	gi:17554366	1
P34652	Q18953	1
gi:17556654	gi:32566959	1
Q9GT24	Q9U302	1
O01796	Q22174	1
Q17339	Q9TXY4	1
Q20002	Q8I7I0	1
O62160	Q95XM4	1
O18152	Q19424	1
Q9XVA3	gi:17541790	1
Q10577	Q23664	1
O18218	O44606	1
Q94216	Q9N580	1
Q9N5S7	Q9XU77	1
P91306	Q93716	1
Q9NAD6	gi:17554366	1
P39745	Q9XUF2	1
P91904	Q9TZ39	1
P34609	Q9TZ39	1
Q19774	Q9TYY1	1
Q9TXJ0	gi:17554366	1
Q19266	Q9NAN2	1
O62374	Q9TZ39	1
Q19433	Q23233	1
O45521	Q9N582	1
Q19764	Q22174	1
O61208	Q20655	1
Q17878	Q9XWN6	1
Q18529	Q21319	1
Q21899	Q9XVA3	1
Q19290	Q9XW79	1
P91821	Q9NA84	1
Q9N3Y1	Q9N423	1
P92004	Q9GSX9	1
O01497	gi:25150348	1
O17915	O76579	1
P34643	Q22227	1
P32085	Q95Q26	1
O45189	Q22030	1
O17860	Q9N597	1
P50432	Q9XWG3	1
P34475	gi:17554366	1
P34659	Q20772	1
Q17967	Q9NAM6	1
Q17793	Q9U9Y8	1
Q17635	Q9GRY9	1
O01869	Q17400	1
Q19624	Q9XUM4	1
Q19294	Q19459	1
P50464	Q09497	1
Q21049	Q95QA6	1
P34559	Q9NGT3	1
Q9GT24	gi:17554366	1
Q21018	Q9N3P1	1
Q21746	Q9U2J8	1
P98080	Q9XU77	1
Q21271	Q21748	1
Q17695	Q95QA6	1
O17304	P90849	1
O02289	P91419	1
Q19969	Q20476	1
O01850	P34331	1
O61967	Q18776	1
O01775	Q9XUL7	1
O01634	Q18479	1
O01488	P90849	1
O17915	Q17458	1
Q95Q26	Q9XUK0	1
Q18399	Q9XXI4	1
P91563	Q22174	1
Q95ZL6	gi:14018161	1
Q20369	Q20485	1
O17670	Q20677	1
Q9XX25	gi:17558096	1
O16313	Q9XVZ1	1
Q9TYY1	Q9XWR1	1
O45444	Q8MXV8	1
Q10577	Q22469	1
Q95QA6	Q9XUV0	1
Q9XXE5	gi:13324910	1
Q20303	gi:25150348	1
O01492	Q8MQ88	1
O16519	Q18171	1
O45815	Q95Q26	1
Q9XTS1	gi:13324910	1
Q18529	gi:17554086	1
P48156	Q9XUS3	1
P90868	gi:25151901	1
Q17878	gi:17553604	1
Q21746	Q9U238	1
Q09510	Q23150	1
Q18350	Q9TZ39	1
P91479	Q09506	1
Q09485	Q18042	1
O45351	Q95QA6	1
Q965N2	Q9XXI0	1
Q20641	Q95QA6	1
Q17359	gi:17508231	1
Q95QA6	Q95QC4	1
P61866	Q19294	1
Q9TZ39	Q9XTB3	1
Q04908	Q95Y72	1
Q966E8	Q9NAE1	1
Q21436	Q22306	1
P91284	Q17878	1
Q9TVS4	Q9TZ39	1
P34574	Q19201	1
Q22174	Q9NES7	1
P34659	gi:33285206	1
P53016	Q21374	1
O62238	Q9N5V2	1
P91835	Q9XUP8	1
O01918	Q20577	1
Q20052	Q20647	1
Q21156	Q9GSQ0	1
P30625	gi:32566774	1
O01908	Q18959	1
Q17339	gi:17559072	1
Q9TXH9	gi:17552158	1
P55956	Q22174	1
gi:17554366	gi:25152251	1
O45521	Q9GZD0	1
P36573	Q9N4G8	1
O01869	Q9XW88	1
Q18426	Q9U1P3	1
O16364	Q95QL9	1
P43509	Q94261	1
P34661	Q9TYZ4	1
Q09511	Q22227	1
P34563	Q9GPA0	1
P32085	Q9XVX8	1
Q19980	Q9GZG8	1
O45521	O45946	1
P39745	Q9XXJ0	1
O02076	Q94420	1
Q23312	gi:25150348	1
Q19555	Q9XUB3	1
O02353	Q9NAF9	1
Q18241	Q94420	1
Q22799	Q95QM1	1
Q09230	Q9TYY1	1
Q18955	Q9GT24	1
Q9N574	gi:32564190	1
O17608	Q9XWG3	1
P36573	Q20228	1
Q22799	Q9XVX4	1
Q23158	Q9TZA6	1
Q20655	Q93375	1
Q9NGT3	gi:25147436	1
P91453	Q9NGT3	1
Q21971	gi:17553966	1
Q20833	Q95QC4	1
O18672	Q9U1P3	1
Q9GYJ3	Q9NES7	1
O44451	Q09620	1
Q9N4W8	gi:17553966	1
Q17460	Q9TZA7	1
Q18964	Q9GYJ9	1
Q9XU77	Q9XWN1	1
Q9NEN6	gi:25148095	1
P10567	Q95QA6	1
Q19969	Q9Y050	1
Q21648	Q94420	1
Q9N3C6	Q9TZ39	1
Q22656	Q9N597	1
O18302	Q93831	1
Q19835	Q9GYS7	1
O44512	Q9XWG3	1
Q18859	gi:6042188	1
O16354	Q9N393	1
Q17359	Q18043	1
P61866	Q18033	1
Q17971	Q95Q26	1
O45603	P41830	1
O16501	P91505	1
Q21746	Q22886	1
Q965N1	gi:32566292	1
Q22227	Q9XWZ5	1
Q23090	gi:17542650	1
O18067	O18302	1
P10567	Q9Y048	1
Q17868	gi:32564316	1
Q17539	gi:17552186	1
O18015	Q22174	1
Q21319	Q9TYS8	1
Q10651	gi:17553966	1
Q93831	Q9Y048	1
O01579	Q9TZ39	1
Q21776	Q9XWH0	1
Q93520	Q94420	1
O01869	Q09360	1
Q21746	Q23382	1
Q9NAM6	gi:32566959	1
Q9BKU2	Q9NGT3	1
O44517	Q9XU77	1
O44400	Q21318	1
P30625	Q9U1U3	1
Q09383	gi:32563802	1
Q18355	Q21952	1
P34657	Q93694	1
P30632	Q95018	1
Q19901	Q23511	1
Q19232	Q9BLC2	1
P91419	Q9N3X2	1
Q17339	Q9XTE8	1
Q22174	Q9NAJ7	1
Q9XW51	Q9XWH0	1
Q10459	Q21746	1
Q18891	Q19294	1
Q9TZQ3	gi:17551894	1
Q21994	Q9N3P1	1
Q17878	gi:17554996	1
Q17359	Q9N2Z7	1
Q17878	Q95ZV9	1
Q11189	Q21626	1
O18302	Q95QA6	1
Q22095	Q95QC4	1
O01902	Q09506	1
Q20052	Q8WQC6	1
P34420	Q21215	1
O16695	Q9U1X6	1
P41848	gi:17554366	1
O44606	P91307	1
O44606	P53013	1
Q18341	Q22174	1
O02108	Q94257	1
P36573	Q23445	1
P45972	Q22174	1
O44799	Q20084	1
Q17539	Q966A8	1
Q11189	Q9N5S5	1
O62061	Q9TZ39	1
Q21319	Q21648	1
Q9XWU7	gi:20871592	1
Q09536	Q9N390	1
Q20936	Q22174	1
O16453	Q20052	1
Q965K5	Q9XW79	1
Q03563	Q93156	1
O16370	P91280	1
Q8WQG5	gi:17566336	1
Q8MYQ1	Q9N5D6	1
Q27498	Q9TZ39	1
Q09236	Q9N4B8	1
P34574	Q95Y97	1
Q17359	gi:32564228	1
O45521	Q10923	1
P41942	Q9TYJ0	1
Q23520	Q8ITW6	1
P36573	Q9U2D6	1
P41829	Q9GYR5	1
O16370	Q9NGT3	1
Q09417	Q22227	1
Q9XXA2	gi:32566959	1
Q22140	gi:17554366	1
O18672	O45521	1
O44606	Q09497	1
P42171	Q11189	1
Q17427	Q18165	1
O17038	gi:25151901	1
Q22227	Q9U2E9	1
Q9N4B8	Q9NAM6	1
Q09581	Q22290	1
Q09485	Q9N3Y1	1
O17670	Q17979	1
Q22631	Q95QC4	1
Q21648	Q22510	1
Q19569	Q9UAT4	1
Q9TXN3	Q9TZ39	1
Q22306	Q22756	1
Q20742	Q22179	1
Q07085	gi:32566292	1
Q17381	Q9XVM0	1
O18118	Q9UAY0	1
O01800	Q9BJ56	1
Q20689	gi:25150348	1
Q95YI9	Q9U307	1
P92004	gi:25148780	1
Q94247	gi:17570297	1
P49041	gi:25150193	1
P30632	Q19202	1
Q8WTL9	Q9N597	1
Q22227	Q23179	1
Q20483	gi:17554366	1
P46941	Q9U357	1
O45521	Q9BL08	1
Q20805	Q22799	1
P91820	Q9TYY1	1
Q20308	Q21139	1
O45521	P36573	1
O16313	Q18241	1
O01839	Q19201	1
Q18241	Q9U1W5	1
Q17878	Q9N3Z0	1
O17836	O45521	1
Q22799	Q9U2M6	1
Q17359	Q18776	1
Q18033	gi:25151716	1
O44750	Q9N483	1
O01768	O45922	1
Q9TZ39	Q9XVT0	1
O45189	Q9XUM8	1
Q8MQ56	Q9XX00	1
Q22820	Q94272	1
Q9N5V2	gi:17563260	1
O02115	Q95Q26	1
O01900	Q17935	1
O44606	Q18529	1
P90882	Q22179	1
Q22174	Q22311	1
P34657	Q9U3T4	1
Q22174	Q9N4Z2	1
Q02330	Q22183	1
Q20798	Q21319	1
P50880	Q22174	1
Q20660	gi:32566959	1
Q09474	gi:32566959	1
P43509	Q9XWC9	1
Q22227	Q9XVB1	1
O45934	gi:17554366	1
P91419	Q20228	1
P53013	Q17868	1
Q9N5P1	Q9NEY7	1
Q17573	Q95QA6	1
O16500	O62415	1
Q10661	Q9U2R1	1
P22981	Q18885	1
Q95QJ7	Q9U302	1
Q03563	Q22174	1
O45799	Q20052	1
Q9NES0	Q9Y048	1
O76463	Q9Y048	1
P29691	Q95NX4	1
P91400	Q09407	1
O17555	Q9XW88	1
Q18479	Q22847	1
Q23221	gi:6042188	1
P45970	Q10579	1
P91249	Q21307	1
P39745	gi:17551890	1
O45293	Q23440	1
O61521	Q22123	1
Q21036	Q9Y048	1
O16783	gi:25150348	1
Q20655	Q9N593	1
Q9N2Z7	Q9XXI4	1
O45666	Q17755	1
Q21748	Q95QC4	1
Q23158	Q94241	1
O62160	Q9XWS0	1
O44606	Q09450	1
P34546	P53013	1
Q22436	Q9U2Q9	1
P90731	Q9Y048	1
O01902	Q23012	1
P41886	Q22227	1
Q9N5G3	Q9NA78	1
Q18302	Q9XXU4	1
O16453	Q9TYS3	1
O01802	Q19019	1
Q9N3Y1	gi:25152187	1
P30625	Q21541	1
P34420	Q19813	1
Q20660	Q95YF3	1
O18250	P34420	1
O45244	gi:6042188	1
P46769	Q20483	1
Q17446	Q9XW83	1
P90841	Q21952	1
O01917	Q22174	1
O16364	Q21746	1
P34657	P91328	1
O18302	P53585	1
P51875	Q9GSX9	1
O01489	Q22174	1
Q20448	gi:17553966	1
Q9BKS1	Q9XWU4	1
Q18869	Q9U2M4	1
O62160	P91280	1
P91419	Q8WQC6	1
O17670	Q95X38	1
O01869	Q9NAF6	1
O17670	P52874	1
P34563	Q9XXJ0	1
Q95QN6	Q9UAH1	1
P39745	Q20772	1
P34619	Q22174	1
Q21372	Q93351	1
P41886	Q18668	1
Q21944	gi:17553966	1
Q9N3Y1	Q9TZ39	1
P49041	gi:25148095	1
Q20709	Q22174	1
O62444	Q19185	1
Q23390	Q9U1T6	1
Q20678	Q9XTH8	1
P91430	Q03598	1
P19626	Q22227	1
Q17878	Q22716	1
Q95QA6	gi:32564316	1
O61208	Q22716	1
P34643	Q9TZ39	1
P39745	P91249	1
Q19088	Q8I093	1
Q20590	Q9NAH3	1
Q19764	Q9NGT3	1
Q9XYC3	gi:17554366	1
Q21924	Q22387	1
Q17359	Q20956	1
Q9N2Z8	Q9N5V2	1
Q17878	Q18937	1
Q17436	gi:17553966	1
O76583	Q22837	1
Q95002	Q9TZ39	1
O45007	Q9XVA3	1
O18203	Q19555	1
Q17695	Q9TZ39	1
P19626	Q22950	1
Q9U1P3	Q9XUK9	1
Q8MNS5	Q95Q25	1
P55853	gi:17534721	1
P34383	Q18869	1
O01482	Q21930	1
O17670	Q9N4P3	1
O01489	Q95XW8	1
Q22048	Q9U1T6	1
Q8MQ88	Q9XTD1	1
Q17878	Q20010	1
O01869	O18228	1
O16500	Q17334	1
Q95Q26	Q9TZA5	1
P48152	Q22227	1
Q19749	Q9NGT3	1
P34345	P91430	1
Q22027	Q9TZ39	1
O62127	Q19969	1
O61980	Q8MYQ1	1
Q19584	Q95QZ7	1
P41829	Q9GSQ0	1
P34604	Q10051	1
Q9N5N7	Q9NAN2	1
Q9NES7	Q9U3S0	1
Q19932	Q95Q82	1
Q17539	Q966P3	1
P91280	Q9U297	1
Q18547	gi:17541620	1
P52874	gi:17554384	1
O62422	Q22227	1
Q9BL68	Q9U9Y8	1
O45603	P81299	1
Q18529	Q9TZ39	1
Q22174	gi:17555086	1
Q11103	Q9TZ39	1
O02289	O17670	1
Q9N3W2	gi:6042188	1
O62132	Q9XUS9	1
O18289	Q19969	1
Q17489	gi:6042188	1
Q09444	gi:25152916	1
Q17446	Q20772	1
O16463	Q21319	1
Q95YI9	Q9XTQ7	1
Q9GYJ3	gi:17511075	1
Q95QA6	Q95ZK7	1
O45603	Q03563	1
Q21370	Q94160	1
Q09383	Q19936	1
P91401	Q9TZ39	1
O76621	Q9U9Y8	1
Q93731	Q95YF3	1
O45922	Q21281	1
O44669	Q17868	1
Q20742	Q9XWP6	1
O17915	Q9XTC2	1
Q965X6	Q9N3P1	1
Q21449	Q23158	1
O62022	Q9U1X3	1
Q18989	Q21746	1
Q09983	Q23390	1
P91001	gi:14018161	1
Q9XYC3	gi:17556654	1
O61208	Q09417	1
Q20136	Q9XU12	1
Q21746	Q23390	1
O44740	P34808	1
Q20207	Q9TZ39	1
P54412	Q93716	1
Q09562	Q95Q26	1
P29355	Q9XVW8	1
Q22847	Q9GT24	1
Q09983	gi:25150348	1
O18302	Q9NAN2	1
P18835	Q17339	1
P91419	Q17400	1
Q8MQ88	Q9NAN2	1
Q09560	gi:25148780	1
P40614	Q9N580	1
Q18529	gi:6042188	1
P34657	Q18986	1
Q21271	Q95XR5	1
O17670	Q19610	1
Q09397	Q09487	1
O61208	Q9N4Z2	1
O01802	Q9XTG7	1
Q9U1S2	Q9Y048	1
P91419	Q8I7I0	1
O45784	Q9U226	1
O16783	Q20002	1
P34604	Q9XVV3	1
Q20398	Q95QA6	1
O02056	Q9U2K8	1
Q09506	Q20307	1
O02065	gi:25150846	1
P10299	P91505	1
O44538	Q9GZE9	1
O17982	Q18076	1
O16500	Q09983	1
P41829	Q95YI9	1
P53017	Q17359	1
O17670	Q17396	1
O76449	Q20485	1
Q18413	Q9XVA3	1
O16488	Q9NES7	1
P91505	Q23628	1
P91306	Q03563	1
Q18090	Q23472	1
P36573	Q93380	1
Q09248	Q19290	1
P34383	Q21453	1
Q17675	Q95XR0	1
P91253	Q9XW88	1
O45087	Q17522	1
O01900	Q9U2Z5	1
Q9XX38	gi:25153807	1
O61521	O62236	1
Q21952	gi:17554366	1
Q19294	Q23150	1
O45666	Q9NAJ3	1
P91001	Q9NGT3	1
P91306	Q17878	1
Q23485	Q9TZ39	1
O18302	P91820	1
O01869	Q23320	1
Q20062	Q9GZF1	1
P55853	Q22799	1
Q22227	Q95Q08	1
O02353	Q18426	1
O62126	O62444	1
O44736	P34475	1
P41999	Q21493	1
Q27535	Q9U296	1
O44326	Q09506	1
O17915	Q93346	1
Q20813	Q9TZ39	1
Q19983	Q9GSX9	1
P13508	Q19416	1
Q21808	Q9XX47	1
O18302	Q17935	1
Q27285	Q95QA6	1
O45521	Q9TZI2	1
O45521	Q9TZ39	1
Q21372	Q9N4A9	1
P41829	Q18033	1
Q9XWH0	gi:17554746	1
O01802	Q9XU77	1
Q09248	Q9N5Y2	1
Q8MNT9	gi:25148068	1
O17218	Q18516	1
Q09347	gi:6042188	1
O02327	P48152	1
O45924	Q9XTG3	1
O45521	P91349	1
Q22174	Q93831	1
Q23332	Q9GZG8	1
Q17718	gi:17556654	1
O45865	P50464	1
Q20052	Q9N5V2	1
O62265	Q9Y048	1
O16500	Q27531	1
P34546	Q27318	1
Q23158	gi:25152628	1
P91917	Q9XU77	1
Q965M4	Q9TZ39	1
O44452	O62127	1
O01482	Q22174	1
O62195	Q93703	1
Q9NAI6	Q9XYC3	1
O17915	Q22747	1
Q21266	gi:17554366	1
P91400	gi:17535689	1
Q9U2E4	gi:32566959	1
Q20382	gi:25151685	1
Q20052	Q20062	1
Q19932	Q22837	0
P52709	Q19325	0
P34496	Q9U296	0
Q9N4P3	Q9TZ39	0
P51875	P91542	0
Q9NAH3	Q9XWG3	0
O17286	O45137	0
O45003	Q18986	0
Q19633	gi:17555418	0
O18218	P43509	0
O18302	Q22714	0
Q21746	Q9XWK1	0
Q9GYI4	Q9XVV3	0
Q19019	Q8MQ36	0
P34605	Q21361	0
O16463	Q17446	0
O62082	P39745	0
O01901	gi:25150846	0
Q02330	Q9XXK1	0
Q22030	Q95QJ7	0
O44371	Q9UAY0	0
Q17433	Q9U302	0
O61967	Q9TYX3	0
Q18266	Q9N5N7	0
Q9N3T6	Q9U3S0	0
O44741	gi:14018161	0
O62271	Q95ZV7	0
P48154	Q23382	0
Q27481	gi:17509417	0
Q17746	Q9N359	0
O01876	Q9NES0	0
O16424	Q27535	0
O18181	O44750	0
Q20027	Q20792	0
O44400	gi:27713522	0
P36573	gi:17566336	0
Q20936	Q94261	0
Q20780	Q9XW13	0
P91280	Q95Y97	0
O18203	P10567	0
Q18688	Q9U2H0	0
Q20448	Q21648	0
O16500	Q9NAM6	0
O01839	Q19088	0
O16286	Q19932	0
P91503	Q18869	0
Q19766	Q95XK1	0
Q19275	Q9U2R6	0
O18118	gi:32564316	0
O16519	Q95XK2	0
Q21746	Q9N4Q7	0
Q10654	Q9XUS3	0
P41886	Q09383	0
O45797	P46941	0
Q22123	gi:17541790	0
P81299	Q19465	0
O61208	Q09248	0
O01804	Q9U1P3	0
Q9XU12	gi:17554366	0
Q17539	Q20877	0
P46975	Q27498	0
P46975	Q9TZ39	0
Q18937	Q95QC4	0
Q09485	gi:33285206	0
Q10577	Q27535	0
O18672	Q9TVS4	0
P91401	Q17635	0
Q22837	Q9TYX4	0
Q10941	Q21361	0
Q20308	Q966M5	0
O45962	gi:25150348	0
Q19201	Q21215	0
O45189	Q9NGT3	0
Q21746	Q9XTS1	0
Q09248	gi:17558096	0
O02108	P91051	0
P34611	P41830	0
Q21648	Q9TZA7	0
Q21229	Q9U2R6	0
P36573	Q21128	0
O17670	Q18146	0
Q21465	Q22799	0
O18302	Q9GYN4	0
O45666	Q09248	0
O61708	Q21648	0
P91400	Q966J6	0
Q8MYQ1	gi:17509417	0
Q9NAM6	Q9U1W5	0
Q21746	Q9XV52	0
Q23179	Q9NES7	0
O17915	P45962	0
P34420	Q17878	0
O17670	Q95QW0	0
O18250	P46563	0
P48152	Q20709	0
Q9GRY9	Q9GSQ0	0
Q9XUM0	gi:17554366	0
O61766	Q17746	0
Q20398	Q9XYC3	0
Q9TZ84	Q9XVV3	0
O16580	gi:17556654	0
O16453	gi:13324910	0
Q23520	Q95QA6	0
Q17539	Q93346	0
Q09485	gi:25150244	0
Q17359	Q9NAE1	0
Q9XWS0	gi:32566655	0
Q9TZL9	gi:25144646	0
O16313	Q23389	0
Q8MYM9	Q9NEN6	0
P61866	Q22847	0
Q94420	Q9GYR3	0
Q10579	Q23500	0
P34559	Q9XXI0	0
O02065	Q9XXI0	0
Q22847	Q9N3Z0	0
Q18341	Q20988	0
O76449	Q95PV4	0
P34604	Q18235	0
P47209	Q95PV4	0
Q09566	Q17935	0
O44872	gi:17535271	0
P45972	gi:17508211	0
P36573	Q9BKU2	0
O45521	Q9U1S5	0
Q17446	Q9XW88	0
P49405	Q21621	0
P54412	P91821	0
O16370	Q20084	0
Q17991	Q9TYJ7	0
O16364	Q9N4B6	0
O01804	Q19088	0
O17378	Q22227	0
O16299	Q9TZ39	0
P91419	Q20742	0
Q22174	Q23130	0
O44606	Q9XV46	0
O01796	gi:17554366	0
Q94420	Q95QZ7	0
Q09983	gi:17554366	0
Q22174	Q9XVW8	0
O44820	Q9NAD6	0
O01901	Q95PV4	0
O16500	gi:29570416	0
O02592	Q9U1W5	0
Q17991	Q18869	0
O18250	Q17975	0
O62271	Q9NAE1	0
Q21271	gi:17508211	0
Q09387	Q21038	0
Q9NAE1	gi:25155179	0
Q9N5V2	Q9TYY1	0
O02353	P40614	0
Q17935	Q95Q33	0
Q20002	gi:17508231	0
Q93838	gi:25148780	0
Q19465	Q21648	0
Q20712	Q9XWJ0	0
Q93231	Q9TYY1	0
Q22306	gi:25151296	0
Q27420	Q9XVV3	0
P30642	Q9BL68	0
P34652	Q19424	0
Q09506	Q9XYC3	0
P46941	Q20308	0
P34604	Q9N582	0
Q21372	Q21746	0
O44742	P27604	0
O16370	Q21361	0
O45521	gi:33285206	0
Q21748	Q95Y94	0
O01802	O02085	0
Q09584	Q9Y048	0
gi:17553604	gi:25152916	0
O16313	P10983	0
O16215	Q21370	0
Q22306	Q8I4H0	0
Q19201	Q9XWG3	0
O16453	O44706	0
Q9NA30	Q9NF15	0
Q9TYX3	gi:17565204	0
Q09983	Q9XYC3	0
P91027	Q18964	0
O45799	O62078	0
P36573	Q18034	0
Q18529	Q9XU77	0
Q23445	Q9N5V2	0
O45784	Q9GYJ9	0
Q18070	Q9XWG3	0
Q9U1X3	gi:17553966	0
Q8ITW6	Q95QZ7	0
O45225	Q966E8	0
O16393	gi:17556654	0
O17670	Q9TXU7	0
P91001	Q95ZL4	0
Q21994	Q94126	0
Q20198	gi:32566959	0
O44606	Q9N5V2	0
O16370	gi:25148780	0
O76449	Q20742	0
Q22837	Q9TXH9	0
Q21746	Q9TZ39	0
O17763	Q9XXA2	0
Q95Y72	Q9XW88	0
P91419	Q966E8	0
Q18668	Q9N4S0	0
Q21971	Q93203	0
O16519	Q17746	0
Q21307	Q9UA36	0
P34808	gi:17534721	0
O61907	Q9U2K8	0
P91419	Q20502	0
Q9N483	Q9XU77	0
Q19584	Q27389	0
Q9N2Z8	Q9XUP3	0
Q93716	Q9U240	0
Q20084	Q22886	0
Q21529	gi:7105649	0
O45233	Q8MQ56	0
O44538	Q9BIB7	0
O62236	Q9NGT3	0
P43509	Q8I7I0	0
Q23493	Q95QA6	0
Q19088	Q21418	0
O16500	Q10577	0
O16519	Q20485	0
P41830	Q22630	0
Q9XW79	gi:17554384	0
Q17446	Q9TZI2	0
P34657	Q22860	0
O01869	Q9GYJ9	0
P43509	Q95QJ7	0
O01460	gi:17554384	0
P34383	Q23090	0
O02108	gi:17554086	0
Q23460	Q95QA6	0
Q95QG7	Q9TZ39	0
O18118	Q9XVD1	0
Q19739	Q9XX47	0
O16453	Q18605	0
O16364	gi:17565204	0
O18246	Q9U1S5	0
O02043	Q9XXA2	0
Q23664	Q23671	0
P54216	Q94420	0
O45799	P54412	0
Q19436	Q9N597	0
O02592	Q23158	0
O18289	gi:17534721	0
O17670	Q19862	0
P49405	Q9BL58	0
Q09506	Q17381	0
P34609	Q95PZ0	0
O61775	Q21932	0
O77469	Q8WTJ8	0
Q22398	Q9U9Y8	0
P34328	Q17573	0
P91149	Q9U329	0
Q20084	Q22227	0
Q17886	Q9GYJ9	0
O45323	Q95QC4	0
O16500	Q18241	0
Q17878	Q9N431	0
O62236	Q11093	0
P39745	Q19766	0
Q09620	Q21229	0
O45323	Q9TZ39	0
Q17878	Q20798	0
P91493	Q9N4B6	0
Q21080	Q9NAM6	0
O18302	Q9NES7	0
Q8I7I0	Q9U1S2	0
O17915	Q20621	0
Q23615	Q9NF11	0
P36573	Q17522	0
Q17635	Q965X6	0
O62195	Q9N3Y1	0
P41999	Q17868	0
O01802	gi:6042188	0
O16783	Q17539	0
O45436	Q22190	0
Q19208	Q95QA6	0
Q19300	Q9NAD6	0
P34331	Q93533	0
P34659	gi:17554796	0
Q22860	Q9N3P1	0
O44450	Q19861	0
Q09511	Q18964	0
Q17599	Q9GYJ3	0
O17626	Q20485	0
Q19202	Q22799	0
O45003	Q17991	0
Q9N597	Q9XU77	0
P55853	Q9UAY0	0
Q9TVS4	Q9XVJ5	0
O61521	Q9NAM6	0
Q18043	Q9N2Z7	0
Q19185	gi:17554366	0
P27639	Q95YI9	0
Q20805	gi:25150348	0
Q17993	Q27482	0
P91051	Q09983	0
P27604	Q95XM4	0
O01802	P91505	0
Q8MXI4	Q9NAD6	0
Q18932	Q21075	0
Q23670	Q9N580	0
Q17746	Q9N3C6	0
P91820	Q965X6	0
O45313	Q18075	0
O01492	P34605	0
P34574	Q22886	0
O77469	Q9XVA3	0
Q21127	Q9GYJ3	0
P90920	Q21299	0
Q21453	Q9NGT3	0
Q9N5D6	gi:25150348	0
Q20483	Q9U393	0
O02043	Q20289	0
P41932	Q9XVA3	0
P36573	Q22510	0
O62126	Q8MPT7	0
O76615	Q22030	0
Q23312	Q9N537	0
P91001	Q22886	0
O16313	Q9U299	0
O44175	Q17539	0
Q17599	gi:17554384	0
O61208	P13508	0
O02053	O17583	0
O18197	P30625	0
Q8MQ18	Q9XXI0	0
Q11189	Q20772	0
Q21307	Q9XW68	0
P46577	Q9TZ39	0
P52713	P91216	0
O44820	P90849	0
Q21191	Q9XVL8	0
Q93601	Q9TZ39	0
Q9BIB7	gi:25152916	0
P43509	Q19424	0
O61955	Q22837	0
P45970	Q19964	0
Q8IAA7	Q9XWH0	0
O18203	Q93721	0
O44949	Q9GT24	0
Q9XUC9	Q9XUQ4	0
Q9TYS3	gi:25151716	0
P27604	gi:17554366	0
O17759	Q20654	0
P91479	Q17359	0
Q18075	Q18171	0
O44326	gi:25148780	0
Q17339	Q19902	0
Q21436	Q94261	0
Q9NAE1	gi:25150348	0
O16308	Q09581	0
Q20052	Q9N3T2	0
Q03563	Q9XWJ0	0
O18289	Q9GYJ3	0
O61967	gi:17542650	0
Q18157	Q20678	0
P34604	Q18573	0
Q966M3	Q9XVA3	0
P91276	Q22387	0
Q17755	Q9TYS3	0
O16424	Q9XUS3	0
Q9TZ39	Q9XVA3	0
O01894	Q9NAM6	0
P53016	Q95Q26	0
Q9XW17	gi:7105649	0
O18209	Q19788	0
Q09542	Q19294	0
O44872	Q20953	0
P50464	Q9NAI6	0
Q21344	gi:17565204	0
Q22227	Q9GZG8	0
Q20289	Q20347	0
Q18379	gi:14018161	0
Q09278	Q9NAP0	0
Q9U1S2	gi:25150348	0
O18218	Q18948	0
O17353	Q21592	0
Q09536	Q8WQG9	0
Q21021	Q23664	0
P46941	Q9GYJ3	0
P47991	Q18241	0
P34331	Q21204	0
O17670	Q9U1P3	0
O44857	Q9TZA7	0
Q9GPA0	Q9XU77	0
Q10929	Q20198	0
Q20678	Q9NAD6	0
Q23624	Q23679	0
Q9N4B6	Q9XU77	0
O44606	Q19555	0
Q22306	Q9NA98	0
Q23186	Q9TZ39	0
Q9U2W6	Q9XUS3	0
O45764	Q10930	0
Q20709	gi:17508231	0
P34559	Q19617	0
Q9TZ39	Q9XXB9	0
P34710	P91505	0
O16198	gi:25148095	0
Q21934	Q9GRY9	0
O17646	Q22179	0
O17907	O44872	0
Q22053	gi:25150348	0
Q17746	Q9XW88	0
P46975	Q9XU77	0
Q20655	Q93354	0
Q17381	Q9NF71	0
Q9XXH8	Q9Y048	0
P46941	Q17849	0
Q9XVE6	gi:25150348	0
Q18238	Q19290	0
O18118	Q22179	0
Q23150	Q9TZ39	0
Q9N4I4	Q9N5V2	0
Q17877	Q22491	0
P34657	Q9TZA6	0
P45970	P91283	0
P91280	Q22179	0
O45865	Q9U1W8	0
Q95QA6	Q9XXI9	0
O16453	Q9U1P3	0
Q18964	Q9XUS2	0
Q21592	Q9U2S4	0
O01482	O02365	0
P34609	Q9N575	0
Q20956	gi:17554384	0
P34475	P91015	0
Q20308	Q9TZ39	0
O45666	Q21351	0
Q19294	Q19404	0
O18203	Q9XV56	0
O44400	Q20347	0
Q17878	Q9TXS0	0
Q17400	gi:17554570	0
P91280	Q9XXA2	0
Q94420	Q9N4H6	0
Q18989	Q27389	0
Q19969	Q9UAU5	0
Q9U238	Q9U2Z5	0
P27604	Q9N5Y2	0
P91042	Q19775	0
Q19617	gi:25150244	0
P34643	Q9N4Z2	0
O16519	Q23390	0
Q17789	Q19766	0
P41829	gi:25148780	0
Q18945	Q95YI9	0
P91820	Q09248	0
O45436	Q17746	0
Q23192	Q9TZ39	0
P91001	Q17793	0
Q20577	gi:17563290	0
P54412	Q17385	0
Q09232	Q23158	0
Q20742	Q9U203	0
O16500	gi:32564251	0
Q9NGT3	Q9U1Q2	0
O18250	Q18688	0
O17836	Q95Q26	0
Q23187	Q9N4A9	0
Q22857	Q9XW13	0
Q21021	Q22048	0
Q23215	Q9GSQ0	0
O18240	P34808	0
Q9GSX9	Q9TZL9	0
P41829	Q95XN0	0
Q18034	Q9NAD6	0
P91080	Q27389	0
Q22068	Q9XVA3	0
O17583	Q9XXT5	0
P50880	Q19881	0
P34704	Q19126	0
O02065	O44740	0
Q21431	Q9XWP6	0
O01901	Q17793	0
O45922	P91551	0
Q20002	Q9NAH3	0
Q20711	Q9NAD6	0
Q17718	Q9BL58	0
Q17539	Q17698	0
P34808	Q94261	0
Q22408	Q95Q26	0
P27604	Q27498	0
Q18076	Q9TXH9	0
O18302	gi:25148095	0
P91821	Q9Y048	0
P54812	Q20590	0
Q22030	Q9U2R6	0
Q20375	Q9GYJ9	0
Q94215	gi:13324910	0
O45189	Q22174	0
Q09417	Q22174	0
Q9GT24	Q9XWJ0	0
Q9N2Z8	gi:13324910	0
O02165	Q19019	0
Q22174	Q9U9Y8	0
Q20888	Q21748	0
Q95X87	Q95YF3	0
Q18937	Q9GYP6	0
O18067	P48156	0
Q9N4Z2	gi:17554086	0
Q19035	gi:25150348	0
P45972	Q20956	0
O44144	gi:6042188	0
Q18268	Q9XU77	0
P91400	Q22694	0
P90849	Q9TXH9	0
Q09485	gi:17542004	0
Q09620	Q19201	0
Q22799	Q9NES7	0
Q18033	Q18268	0
Q20795	Q9XWC9	0
Q9XVA3	gi:17554746	0
O44606	Q22206	0
O45603	Q95QA6	0
Q18238	Q95Y29	0
Q9XTG7	gi:30025121	0
O18672	Q22631	0
P91129	Q95QA3	0
O17066	gi:17534721	0
P50880	Q9XVS2	0
Q20988	Q9U2W6	0
Q22174	Q9XXI0	0
Q22631	gi:17565204	0
Q18241	Q9GSQ0	0
Q9U9Y8	Q9XVC8	0
P91400	Q19189	0
Q10577	Q20712	0
P46563	gi:17551924	0
O01255	Q9NAH3	0
P34643	Q8MYQ1	0
O45115	gi:17553144	0
Q20084	Q9NAE9	0
O16519	Q21344	0
Q9XTG7	Q9XW13	0
Q9N3Z0	gi:25151685	0
O16370	P34619	0
Q21746	Q9BI75	0
O44400	Q9XWR1	0
Q27873	Q966M5	0
Q21271	Q27505	0
Q9XWH5	Q9Y048	0
O17801	P91249	0
O45865	Q22048	0
Q9GZG8	Q9U9Y8	0
Q19162	gi:17570297	0
Q20052	Q95002	0
P34657	Q22235	0
Q95QA6	Q9N2K7	0
Q9N3T6	Q9U238	0
Q18089	Q18238	0
O01794	P36573	0
Q22676	Q22923	0
Q9XW13	gi:17551336	0
P10983	Q9GSX9	0
O45686	P91419	0
O62236	P91277	0
O62160	Q02330	0
O01482	O61442	0
O45166	Q9XWG3	0
O16695	Q9XTD1	0
O17981	Q9N4F3	0
P35129	gi:17563290	0
Q19816	Q95YF3	0
P91503	Q23158	0
Q17489	Q9N580	0
O62444	Q9TZ51	0
Q95YF3	gi:33620955	0
Q8MNT9	Q9TZ39	0
O16948	Q17400	0
Q19833	gi:17553966	0
O44606	Q22048	0
P27798	Q9GZG8	0
Q18239	Q22799	0
P91419	gi:32563802	0
O62415	P34563	0
O45080	P34629	0
O02108	Q22174	0
P91015	Q9XUS9	0
Q18008	Q9GYG1	0
O62022	P34546	0
Q17446	Q18616	0
Q9N5A6	Q9XWS0	0
O17169	O44451	0
Q17728	Q20027	0
P91835	Q21465	0
Q9TZ39	gi:17542650	0
O45003	Q17417	0
O45521	Q17868	0
O17801	gi:17557023	0
Q18937	Q23451	0
O61881	Q23215	0
Q9XWJ0	gi:14018161	0
O01532	Q9U1P3	0
Q20660	Q9U3S0	0
O16785	Q22820	0
O17970	P34808	0
Q966M3	Q9XW13	0
O17915	O62220	0
O01869	P91237	0
O17109	Q17958	0
Q9XW01	gi:17553966	0
O01869	Q23571	0
P41829	Q17964	0
Q18239	gi:32566959	0
P55853	Q9N5P1	0
P91400	gi:17553208	0
O62462	Q20002	0
Q21156	Q93637	0
P91306	gi:25144646	0
Q17862	Q9XYC3	0
Q02330	Q22174	0
Q9TXW1	Q9TZ39	0
P53016	Q22174	0
P53013	Q9NA84	0
Q21799	Q9TYJ0	0
O61858	gi:6042188	0
Q19294	Q93721	0
O18302	Q22306	0
P91280	Q20660	0
Q21271	Q966M3	0
P46769	Q9N3P1	0
Q9N597	Q9U1P3	0
O45924	Q9XWH0	0
Q17359	Q19969	0
O76463	Q8MQ56	0
P50464	P91253	0
P91542	Q21648	0
Q9N5P1	Q9U2D8	0
O17908	Q93721	0
O18688	Q95Q07	0
Q20741	Q9U281	0
Q17732	Q966E8	0
Q965M4	Q9N5N7	0
Q20239	gi:6042188	0
Q17746	gi:25150348	0
Q95XM4	gi:17563290	0
Q9U1X6	gi:25150348	0
Q19503	Q27535	0
Q09983	Q95Y80	0
O17174	Q20485	0
O02056	O16370	0
O61967	Q17728	0
O62216	Q9GYM9	0
Q9U1V2	Q9XX56	0
P91249	Q19088	0
P46941	Q93647	0
gi:17554796	gi:25152916	0
Q23536	Q9TZ39	0
Q17868	Q18124	0
Q09581	Q21592	0
Q18075	Q18426	0
P39745	Q95QQ2	0
Q19424	Q9NAE1	0
Q9NAM2	Q9U3S0	0
O45607	gi:25144646	0
O61967	Q18076	0
Q9N343	gi:17554366	0
Q17878	gi:17534721	0
O44371	gi:17554366	0
Q20742	Q966C6	0
O01906	P46769	0
P45970	gi:25144933	0
P91080	Q20742	0
P91870	Q8IG65	0
O45384	Q22860	0
O01802	Q22694	0
Q18033	Q23081	0
O01869	Q9XVW8	0
O17954	Q93319	0
O45603	Q22227	0
O01498	Q95QA6	0
O16500	P50880	0
Q17635	Q22048	0
Q93637	Q9GYJ9	0
P45972	gi:25153085	0
Q09248	Q17427	0
P90925	gi:32566959	0
Q17446	Q20344	0
P30625	Q9BKS4	0
Q18266	gi:25148780	0
P91419	Q20678	0
O16313	O18236	0
O17801	P48152	0
O45622	Q9XWJ0	0
Q20052	Q23179	0
O45799	Q9N4B8	0
P91277	Q9TZ39	0
Q09511	Q9XWG3	0
Q9GRZ1	Q9U3S0	0
Q17878	gi:25144933	0
P91505	Q17489	0
P48152	gi:32564708	0
Q23158	Q9XWJ0	0
P55853	Q18076	0
O01802	Q9TZ39	0
O16463	Q9N5U5	0
O18036	gi:6042188	0
O44606	P34808	0
Q20677	Q22048	0
O18195	Q9U1W5	0
Q09506	Q9NES7	0
O44414	Q9NGT3	0
P30632	Q9N5D6	0
gi:25151685	gi:32566959	0
Q09476	Q9XUQ4	0
Q19088	Q965X6	0
P49029	P91430	0
O17805	P39745	0
O01504	P39745	0
Q19989	Q20002	0
Q18964	Q9U3T4	0
O16783	Q8MYM9	0
O17670	gi:25149417	0
gi:17542650	gi:25150846	0
Q17868	gi:17542004	0
P34331	gi:17542710	0
Q9BI89	Q9NAP0	0
Q18668	Q9XU80	0
Q9GYS7	Q9U3S0	0
P46769	P90908	0
P91400	Q10923	0
Q22227	Q9NAG2	0
O61208	Q9TYS3	0
P34563	P48727	0
O45922	Q95Q26	0
P34657	gi:25151716	0
O45922	Q21370	0
O01482	Q93233	0
Q22174	Q8MXT6	0
Q9UAY0	gi:25148780	0
O44750	Q18042	0
O17908	O44740	0
O17214	gi:17535271	0
Q9NGT3	gi:17534721	0
Q19424	Q9XTS1	0
O62195	gi:25148780	0
P34559	Q17446	0
P46975	Q22227	0
O62195	Q19019	0
O62195	Q9NAF9	0
Q17878	Q9N3Y1	0
O62444	Q9XU77	0
Q09485	Q95PY0	0
Q21156	Q9N597	0
Q95QI3	Q9N5N7	0
Q17359	Q21832	0
Q9GYJ3	gi:17565204	0
Q17381	Q21344	0
P27604	Q9U2U6	0
O01504	Q9NES8	0
Q18479	Q9U3T2	0
Q09596	Q17559	0
Q21370	Q27535	0
P46562	Q9U3A4	0
Q95Y97	gi:17554796	0
Q17878	Q8I4M1	0
P91820	Q10923	0
P41830	Q22847	0
Q17862	gi:32564660	0
Q9XWP6	gi:17552834	0
O01876	O18302	0
Q27389	Q9XVA3	0
P27798	Q17746	0
Q09248	Q966M3	0
Q07085	Q8MPT7	0
Q21127	Q95QM1	0
P34420	Q17992	0
O17670	O44821	0
O18036	P52709	0
Q20798	Q9XW13	0
P54812	Q09506	0
O16257	Q23012	0
Q20712	Q21793	0
O18158	Q19294	0
O16500	gi:32565050	0
O17304	Q93573	0
Q09248	Q09620	0
Q22820	Q95Q25	0
Q17698	Q94261	0
Q21746	Q22347	0
Q10577	Q20772	0
P27798	Q9TZ39	0
Q9XW79	gi:32564316	0
P53013	Q94420	0
Q18437	Q9XVR7	0
Q09589	Q19279	0
O17272	Q8I4H0	0
Q21319	Q9U2A8	0
Q20136	Q22174	0
P91820	Q03563	0
O18158	Q9TZQ3	0
O16783	Q22977	0
O62332	P91419	0
Q17489	Q21493	0
O18250	Q21229	0
O16500	Q21372	0
P46975	Q17878	0
Q18157	Q19872	0
O01894	Q8MXV8	0
P30632	gi:32566959	0
Q17508	Q9N580	0
Q21271	Q23150	0
Q22306	Q9XUB3	0
O17695	Q9XWX7	0
Q21829	Q23158	0
O45799	Q18688	0
P91015	Q19162	0
P36573	Q9UAQ2	0
Q9TZ39	gi:31746695	0
O45007	P30632	0
Q20655	Q9NGT3	0
Q09417	Q9GYK1	0
P91829	Q23440	0
O16511	gi:32566959	0
Q18107	Q9GUC8	0
O45924	Q10457	0
Q17935	Q22048	0
O62238	Q09510	0
P36573	Q17427	0
Q22306	Q95QA6	0
O01870	Q19884	0
Q95Y29	Q966M3	0
Q17878	Q9U238	0
O16370	O45799	0
O76583	Q9TZ39	0
Q09230	gi:17566336	0
P10299	Q9XWH0	0
Q9N4N2	Q9XWG3	0
O45521	Q18529	0
Q9XWG3	gi:17537175	0
Q9XWG3	gi:7105649	0
O18302	Q19370	0
Q18584	Q21648	0
O45189	Q23130	0
Q95Q26	Q9N580	0
Q18239	Q965X6	0
Q20798	Q93716	0
P34611	Q94188	0
Q18989	Q965H3	0
Q03563	gi:25153085	0
Q23664	Q9N4B6	0
O01869	Q21693	0
O45552	Q9N580	0
O01925	gi:25150846	0
Q18959	Q23445	0
Q18783	Q9GSX9	0
Q8ITV7	gi:17555418	0
O45938	Q9XUN9	0
P34371	Q9GYM9	0
O16500	Q9TXR2	0
Q8ITV7	gi:25148095	0
O01906	Q21648	0
Q27498	Q9XWC9	0
P46941	Q18239	0
Q93572	gi:32566959	0
P90786	Q19905	0
P53013	Q09587	0
P91419	Q21361	0
O45734	Q18241	0
Q21529	Q9XYC3	0
Q17339	gi:17554366	0
O02108	Q10577	0
P39745	P53017	0
Q9N5P1	gi:17565204	0
Q8ITV7	Q9U2W6	0
Q09487	Q21626	0
O02658	Q95ZL4	0
Q17935	Q19788	0
O76449	Q20223	0
O45451	Q9N343	0
O18152	O62216	0
O62213	P30632	0
O18118	Q22544	0
Q9TZA7	gi:17554366	0
O16948	O18118	0
Q17994	Q22179	0
P91249	Q23081	0
P36573	Q9TZ39	0
Q18157	Q18488	0
O18672	Q9N4Z2	0
O01502	P30625	0
P91503	Q21127	0
Q03563	Q22886	0
Q20641	Q8MYQ1	0
O62160	P45970	0
O45521	Q21271	0
Q17549	Q93934	0
P34460	Q9TYS3	0
Q11073	Q20803	0
P91487	Q22179	0
O16370	Q93375	0
O18302	Q23440	0
Q17878	Q9U3I4	0
Q17878	Q19503	0
Q18235	Q22068	0
O17754	P54412	0
Q20798	gi:25152916	0
Q93366	gi:25150348	0
P34546	Q09989	0
Q17865	Q95QA6	0
Q21372	Q9NAN2	0
O61881	P45962	0
Q18433	Q95Q26	0
P52709	Q23679	0
O61967	Q17581	0
Q93345	Q95QC4	0
O62195	Q27505	0
O44606	O45003	0
Q23664	Q9U2W6	0
Q20347	Q9XUS3	0
Q22174	Q9BL58	0
O01869	Q21832	0
Q19203	Q22837	0
O18195	Q09969	0
P92004	Q9N5V2	0
Q17381	Q9NAE1	0
P91307	Q21361	0
O17666	O44872	0
O01802	Q9N5D6	0
Q21361	gi:17552180	0
Q965K5	gi:17554366	0
P53013	Q9Y048	0
O62022	Q22227	0
P21137	Q9TZ39	0
O62389	Q21412	0
Q10577	Q23144	0
Q21271	Q965X6	0
P91277	Q9BIC1	0
P21137	P91277	0
P41886	Q9XVK6	0
Q09305	Q9TVJ1	0
P53013	P91820	0
P10567	Q22436	0
Q19201	Q9N499	0
O62190	Q20717	0
Q8I7I0	Q9XVP7	0
Q95017	gi:25150846	0
Q9NGT3	Q9UAV4	0
Q93375	Q966C7	0
Q19088	Q94301	0
O02056	Q95QJ7	0
P04970	Q09485	0
O18203	Q19455	0
O17670	Q9NA98	0
Q17878	Q17902	0
O18672	Q20655	0
O45007	Q95QA6	0
Q18318	Q9TZ39	0
O44872	Q9NET8	0
O02353	Q20198	0
Q17878	Q22053	0
O62195	Q18266	0
O76449	Q95YF3	0
P34420	Q19749	0
Q9GYJ3	gi:25151723	0
Q17958	Q20956	0
O02065	Q9TYY1	0
O18673	Q9XVE6	0
Q19294	Q22799	0
P34643	Q19503	0
Q93831	gi:17554366	0
Q09506	Q9N5S7	0
Q27535	Q9XWK4	0
O45189	O45865	0
Q19555	Q95QA6	0
O45521	Q21633	0
O01802	Q20002	0
Q19969	gi:31043777	0
Q22174	Q27498	0
O44608	Q19936	0
O45189	Q22631	0
P05690	Q9NGT3	0
Q8MQ18	Q9GZE9	0
Q09485	Q9N5D6	0
Q22716	Q9N4B6	0
Q18620	Q9XWV0	0
P90823	Q18776	0
P34420	P54412	0
Q22095	gi:17553966	0
P91419	Q18379	0
O44750	Q95Q26	0
O16510	Q19441	0
P50880	Q966A8	0
P51875	gi:32564660	0
O02225	Q19881	0
Q95Y97	Q9XX47	0
O45865	Q20709	0
P48154	gi:17565204	0
Q9XVN9	gi:17554796	0
O02658	Q9TZ39	0
Q19201	Q19964	0
Q18646	Q9N5V2	0
Q20956	Q8ST15	0
Q21746	Q9XVA3	0
O17981	Q21351	0
Q9N3X3	Q9XW79	0
Q9TYX4	Q9U9Y8	0
Q19335	Q20308	0
Q19019	Q9TZ39	0
Q17573	gi:25144646	0
Q19441	Q95Q26	0
O02268	Q9N4F3	0
P91080	Q9TZ39	0
O45521	Q9XTV9	0
Q93342	Q9NES7	0
Q19835	Q9XWH0	0
O18036	P30632	0
Q20577	Q9GRZ9	0
Q9NAN2	Q9UAV4	0
Q9N582	gi:25149417	0
O17666	O45521	0
O18203	Q9XVP1	0
Q21372	gi:32564021	0
O01879	O02108	0
O45003	P91306	0
Q9GRZ0	Q9TYY1	0
Q95XK1	Q9GSQ0	0
O17970	Q9XW13	0
Q19537	gi:17554086	0
Q21591	Q9XWU7	0
Q09506	Q10929	0
O17982	O61208	0
O01869	O17859	0
Q9GYJ9	gi:17511075	0
O45269	P53013	0
O45521	Q966E8	0
Q22306	gi:32564316	0
O01488	P47991	0
O17915	Q18341	0
P41999	Q95Y97	0
O44451	Q21319	0
P41932	Q20742	0
O17731	P34328	0
O77469	Q8I7I0	0
O16511	O18282	0
Q22227	Q9XWK1	0
O45003	Q20398	0
O18302	P47991	0
P92004	Q95QA6	0
Q17381	Q22945	0
O44408	Q9U1P3	0
gi:17536605	gi:32566292	0
P30625	P34611	0
Q22003	Q9TYZ4	0
P91277	Q18885	0
O01482	Q9NF15	0
Q09580	Q18804	0
O16364	Q9U1P3	0
Q93637	Q9N3Y1	0
O45603	Q23646	0
O16299	gi:25148095	0
Q8WTJ8	Q9TZ39	0
P52275	Q8T7Z0	0
Q17635	gi:32566959	0
O61208	P55853	0
Q20684	Q22837	0
Q95QL9	Q9TZ39	0
Q20577	Q95XM4	0
P34460	Q18783	0
Q17446	Q9XWR2	0
Q17961	Q18240	0
Q19824	gi:17553966	0
O01482	Q9XVA3	0
Q21021	Q93721	0
Q09248	Q9XYP0	0
P91249	Q20690	0
P54412	Q22174	0
Q22631	Q9XX47	0
Q09485	Q10459	0
Q18164	Q9XYC3	0
O01504	Q17359	0
Q22174	gi:17554384	0
P42171	Q9GT24	0
O45607	P34609	0
Q9XUQ4	gi:32566959	0
P43509	Q09506	0
O17218	O17801	0
Q18937	gi:17563260	0
O18191	P91042	0
Q17436	Q22676	0
Q22544	Q8MQ29	0
Q9N4B8	Q9U207	0
Q09248	Q18605	0
Q20308	Q23130	0
O17670	Q21493	0
Q17489	Q18075	0
Q95Y82	Q9TXH9	0
Q9TZ84	Q9U1X3	0
O16453	Q22847	0
Q9U1W1	gi:17541620	0
Q09983	Q19275	0
Q09983	Q17746	0
P48156	Q23382	0
P34808	gi:17554122	0
O62195	P10983	0
Q18266	Q93573	0
O02244	Q18438	0
Q27531	Q966M3	0
O62444	Q21444	0
Q20677	Q93375	0
Q22227	Q23182	0
O45137	O45225	0
O16208	O17801	0
O45660	Q94420	0
Q27328	Q9N2Z7	0
O16500	Q22387	0
P91374	Q8MQ56	0
Q9GZD0	Q9Y048	0
O44512	Q95Q26	0
Q09294	Q9TZ39	0
Q17796	gi:17553966	0
Q18426	gi:6042188	0
Q20052	Q9N366	0
Q18238	Q95QI3	0
O44400	Q9NES7	0
O44631	P90786	0
Q17732	Q19618	0
Q19162	Q95Y80	0
Q22306	Q9XVP7	0
Q09227	Q09485	0
Q20684	gi:25151685	0
Q18529	Q9GSX9	0
O44414	Q8ITV7	0
Q21701	gi:32566959	0
Q17400	Q8MQ56	0
Q19202	gi:17553966	0
O44977	P39745	0
Q9XVP9	Q9XXA2	0
O62195	Q17698	0
Q09248	Q95ZK9	0
Q9TZ39	Q9XXI0	0
O01894	gi:17554366	0
O16370	O45686	0
Q22068	Q8WQG9	0
Q9NAE9	gi:17554086	0
O18650	gi:32566844	0
P32085	Q9GYJ3	0
O62374	Q22387	0
Q93831	Q9N582	0
O45924	Q17381	0
O44740	Q19587	0
O44608	Q20485	0
P91820	Q9N582	0
Q965X6	Q9N5V2	0
O17915	O17981	0
P90740	Q9TXH9	0
O01901	Q93375	0
O16299	Q22179	0
Q03563	Q09533	0
Q9XTH8	Q9XU77	0
Q09584	Q22837	0
Q10658	gi:14018161	0
P39745	Q9Y048	0
Q21361	Q93703	0
Q09387	Q94247	0
O45922	gi:25151891	0
Q9GYI4	Q9N4B6	0
P47991	Q22853	0
P91126	Q20709	0
P34563	Q22174	0
P29355	Q94420	0
Q9XU77	Q9XYC3	0
O01869	Q18146	0
O44741	Q94261	0
Q18964	gi:14018161	0
O01427	P06125	0
Q9U1T6	gi:25148095	0
O01482	Q95QA6	0
Q93156	Q9XU77	0
O17981	P90849	0
O45922	Q966M3	0
O16552	Q95Q26	0
P34629	gi:17551924	0
O16443	Q965Q1	0
Q17539	Q9XUN9	0
P34604	Q18846	0
Q9TZ39	Q9U284	0
O45087	Q9N4I4	0
O16370	Q9N4P3	0
P48152	Q17849	0
O02085	Q18668	0
O17907	O45521	0
Q17539	Q17868	0
Q18688	Q966P3	0
Q23158	Q23382	0
P52872	Q17935	0
Q9XVV3	gi:32565589	0
O44750	Q19658	0
Q9NAE1	Q9XU77	0
O45734	gi:7105649	0
O17272	Q9GSQ0	0
Q19294	gi:25152251	0
Q9N2Z8	Q9TZ39	0
O45934	Q9NAD6	0
Q18479	Q21412	0
O01869	O01870	0
Q22227	Q9GSQ0	0
Q09506	Q9U296	0
O16580	Q95Q07	0
Q18438	Q20720	0
Q09485	Q21318	0
O02592	Q21763	0
Q95ZK9	Q9TZ39	0
O44165	Q9XW13	0
P90771	Q22847	0
P53013	Q93721	0
Q17339	Q9TZ39	0
O01482	Q9XWH0	0
P34604	Q95QC4	0
P91042	gi:17556058	0
Q20742	gi:17534721	0
Q09581	Q9XVR6	0
Q18668	Q21126	0
Q22705	Q93346	0
O17916	Q09248	0
O45666	Q20660	0
Q22886	Q9TYS2	0
Q20308	Q9TXP2	0
Q21746	Q95QA6	0
Q19884	Q23158	0
O18118	P91820	0
O16500	P21137	0
P34420	Q9XUM0	0
Q19088	Q9N580	0
Q9TYY1	Q9XTS1	0
Q17491	gi:32566206	0
Q93697	Q9TZ39	0
Q09983	Q17732	0
P34383	Q17878	0
P46941	Q19211	0
Q9XVV3	Q9XYC3	0
Q17935	Q8I7I0	0
Q21746	Q9NAD6	0
Q22227	gi:17554746	0
O44131	Q9TZ39	0
P34524	Q17483	0
O01775	Q9BI72	0
Q9GYM9	gi:17565204	0
Q19211	Q9XVE6	0
O17670	O45293	0
Q9TZ39	Q9U2U0	0
O45521	Q22886	0
P91353	Q02332	0
Q18964	Q9U3I4	0
O17156	Q20027	0
O45313	O45922	0
Q95QA6	gi:17554384	0
P27604	P50880	0
Q20485	gi:32567194	0
Q21319	Q94251	0
Q9N3Y1	Q9XXU2	0
Q21372	Q9XW88	0
Q20303	Q21215	0
O16500	P34371	0
Q20398	Q9XWH0	0
P91042	Q21361	0
O02059	Q22799	0
Q93346	Q94420	0
P91280	Q95XM4	0
Q21580	Q23333	0
O17670	Q9XUS2	0
Q95QJ7	gi:17559072	0
Q19201	Q21344	0
O61521	Q9XVA2	0
Q11189	gi:29570484	0
P91870	gi:17559072	0
Q09997	gi:32566981	0
O17100	Q8MQ88	0
Q19416	Q20780	0
Q17359	Q22003	0
Q22048	gi:17553408	0
O01576	Q95YF3	0
O18240	Q20002	0
O44741	Q20956	0
Q18043	Q9U1W5	0
P34652	Q9NAD6	0
O16500	Q18195	0
O44606	Q18964	0
Q17878	Q9N4Q7	0
Q18776	Q21449	0
O17670	Q09248	0
Q19618	Q23158	0
O17982	gi:17554366	0
O16695	O17666	0
O16500	Q22619	0
P34496	Q18516	0
Q18266	Q9BKS0	0
Q20052	Q9XUS6	0
P91280	Q18827	0
O16364	Q20307	0
P17330	Q21626	0
Q03563	Q20950	0
Q18529	Q18688	0
Q8I7I0	Q93156	0
Q965X6	Q9U2Z5	0
Q21021	Q9XXM6	0
O62513	Q9GSX9	0
O44750	P29691	0
Q17359	Q9NGT3	0
Q18426	Q9U2W6	0
P41829	Q18320	0
P34331	Q9N4U2	0
P34609	Q9NAE9	0
P29355	Q09407	0
Q8MQ88	Q9XW30	0
Q17381	Q9UAT1	0
Q94207	Q9U1X3	0
Q93561	Q9U9Y8	0
Q9TZ39	gi:17509417	0
Q19788	Q95QC4	0
P91027	Q95QA6	0
P41941	Q9N3H9	0
P91080	Q23628	0
O45922	P90745	0
P91001	P91820	0
Q18529	Q20198	0
Q22826	Q93353	0
O16581	Q22243	0
O01869	O45351	0
Q22311	Q9N4B6	0
Q17732	Q20655	0
Q23460	Q93654	0
P54412	P91249	0
P45972	Q9TZ39	0
O18687	Q9NGT3	0
Q95XR4	gi:32566959	0
Q93375	Q9U2E4	0
Q17339	Q9U329	0
Q20052	Q23254	0
O01686	O76449	0
Q93321	Q9Y048	0
O02327	Q22752	0
Q17746	Q20228	0
Q8T3G3	Q9TXH9	0
Q8MXR2	gi:17551894	0
Q19969	Q21215	0
Q20654	Q22227	0
Q18033	gi:17535271	0
O45313	Q22849	0
Q18668	Q93510	0
O16948	O44960	0
Q9XU77	Q9XVQ9	0
Q9XTQ7	gi:17556654	0
O17670	Q20778	0
Q20577	Q20778	0
Q19537	Q23520	0
Q18043	Q9XUB8	0
O01496	P46941	0
Q8I4L6	Q95Q26	0
Q19555	Q9U238	0
O02327	Q17935	0
Q9TYV7	Q9XYC3	0
Q17862	Q19901	0
O16612	Q9XW88	0
Q21952	Q9XXI0	0
Q95QA6	Q9XXI0	0
O16354	Q9BL68	0
O44960	Q22799	0
O62195	gi:32566959	0
Q23390	Q9XW93	0
O16364	Q09485	0
Q17878	gi:17507969	0
Q93721	Q965W3	0
Q18033	Q20759	0
O01901	Q9TZA6	0
Q20742	Q20845	0
Q18033	Q8I093	0
P91400	Q20453	0
O01800	Q9GYR5	0
Q20742	Q22510	0
Q93721	Q9N4K2	0
Q18964	Q19764	0
Q23390	Q9N2W5	0
O76447	Q9N3P1	0
Q19294	Q9XVA3	0
O45666	Q10457	0
O17887	Q19771	0
O17244	gi:25150348	0
Q20709	Q9NGT4	0
Q18937	gi:25149417	0
O01861	Q19932	0
P90745	Q17345	0
Q9XVK6	gi:25148095	0
O45865	Q9BL97	0
Q17718	Q9N3Z0	0
Q10577	Q9XUH6	0
O76630	gi:33620955	0
O44782	Q9N5V3	0
Q9XW30	gi:17554796	0
O45799	Q09485	0
P41829	gi:25150348	0
Q19569	Q9TZ39	0
P45962	Q966M3	0
O16511	O17824	0
Q09506	Q8MYM0	0
P91400	Q94261	0
Q9NET8	gi:17554302	0
P92004	Q93831	0
O01901	Q18042	0
P36573	Q19969	0
Q19965	Q95X65	0
P91400	Q9TZ84	0
O01869	Q22660	0
Q17958	gi:32566959	0
Q18033	Q9XU77	0
O17670	P91400	0
O18672	Q22544	0
Q19424	Q93233	0
Q19335	Q95QA6	0
Q20414	Q9NAB0	0
Q09383	Q9TZ39	0
Q17878	Q9XWI6	0
Q27519	Q9N537	0
O01496	Q21746	0
P91453	Q9U310	0
P10983	P91250	0
P98080	Q20002	0
Q20502	Q22174	0
O18191	Q9GSX9	0
O44821	gi:17509417	0
O18118	Q9NAE9	0
Q95QA6	Q9GYI4	0
Q95YI9	Q95ZK7	0
O18650	Q9XXI0	0
O02327	O44606	0
Q18827	Q95YF3	0
P36573	Q93339	0
Q20334	Q22799	0
Q19749	Q9U2R6	0
P27604	P53013	0
O17982	Q27864	0
Q17913	Q23158	0
O45784	Q8ITV7	0
O18141	P55853	0
O45054	Q20709	0
P34465	Q9U203	0
O17718	P91503	0
O17109	gi:17554796	0
O01497	Q23158	0
Q9N582	Q9XVE6	0
O44490	Q9XWH0	0
O02425	Q21746	0
Q09417	gi:25151685	0
Q18516	Q19881	0
O61967	Q20759	0
Q22068	Q9XVL8	0
P34574	Q21080	0
Q27535	Q9U2U0	0
O18048	P91400	0
O17916	gi:30025128	0
Q19624	gi:29570440	0
O01839	Q18406	0
O44821	gi:25150846	0
O01497	Q22799	0
Q9U9Y8	gi:25152916	0
Q19294	gi:25150348	0
P54811	Q9N5Z3	0
O02658	Q9U9Y8	0
Q9N5N7	Q9NAJ7	0
Q09983	Q18516	0
Q22837	Q9XVF7	0
Q17878	Q22510	0
O16372	P39745	0
Q18953	gi:33285223	0
P10983	Q9U1T6	0
P30429	gi:32564708	0
O02303	P34475	0
P91329	Q22306	0
O45865	Q95QL9	0
Q9UAQ6	gi:25150846	0
Q9XTT2	Q9XWC9	0
O61799	Q94420	0
O16511	Q17732	0
O02108	Q18503	0
Q9N5G3	Q9TXY4	0
Q966C6	Q9BKS1	0
P91563	Q9XUQ4	0
O16356	Q95QA6	0
O16364	O16948	0
Q18577	Q9N4P3	0
Q93697	Q9U1T6	0
P91146	Q9XX47	0
Q18033	Q9U9Y8	0
Q965H3	Q9GS00	0
Q9GSQ0	Q9N3I5	0
P05690	gi:32564931	0
Q17635	Q20655	0
O18250	Q94215	0
Q09487	Q9XW40	0
P46941	Q9U1S2	0
Q9U2R6	Q9XUS2	0
P30632	Q9TZ39	0
Q19211	Q20486	0
Q8MNT9	Q9TXH9	0
O61521	Q09485	0
O44517	Q9N580	0
P45962	gi:32564228	0
P34609	Q9U2W6	0
O01869	Q9N537	0
O18181	Q23158	0
Q9N3F2	Q9XX47	0
Q18238	Q22212	0
Q21746	Q95ZK7	0
Q94420	Q9GYJ3	0
Q09485	Q22174	0
P91001	Q9NAN2	0
O44739	P81299	0
O18302	Q22847	0
Q17715	Q9GYJ9	0
O16552	Q9BKS0	0
P30625	Q23359	0
O61907	Q17878	0
Q9N5V2	Q9NGT3	0
P36573	Q18320	0
P27604	Q95QE9	0
O02592	P91400	0
O18191	P51875	0
Q17958	Q9XVZ2	0
Q18195	Q95QC4	0
Q22227	Q22243	0
Q22174	Q95002	0
Q17958	Q9NF71	0
P91829	Q9N3F1	0
O61208	Q93716	0
O44872	O45105	0
P91493	P91505	0
O01427	Q9U3J5	0
P34657	Q9NAE9	0
Q09542	Q20676	0
Q18043	Q8WTJ8	0
Q8MXH1	Q95QC4	0
P39745	gi:32567230	0
O02056	gi:29570416	0
P91001	Q9N3F4	0
O16364	Q9XX47	0
Q22387	Q93321	0
Q20742	Q9NAN2	0
O16453	Q21127	0
O17982	Q9U2W6	0
O45189	gi:17553570	0
O18203	Q21127	0
Q17746	Q22799	0
Q95YI9	Q9GRY9	0
Q966E8	Q9NES7	0
O18302	Q9N4H9	0
Q21361	Q8MYM9	0
O17670	Q22174	0
O16783	Q9U1T6	0
O62444	Q95QC4	0
Q21746	Q9TW67	0
Q9NAE1	gi:32564251	0
P91328	Q21215	0
P91001	P92004	0
O17209	Q23390	0
P90786	Q93319	0
P49041	Q21319	0
Q9TZ39	Q9XTS1	0
Q09501	Q9TZ39	0
O45521	gi:17554366	0
Q19275	Q9NES7	0
O16695	gi:17542710	0
O45799	Q09587	0
Q19881	Q23333	0
O44768	Q95QA6	0
Q20577	Q20858	0
Q21808	Q9TXH9	0
P34657	Q9U3J5	0
Q22227	Q94241	0
P10983	P34657	0
P40614	Q9NAE1	0
Q19201	Q9U203	0
O01700	Q966M3	0
P10983	Q09566	0
Q18171	Q94378	0
P39745	Q9XXI0	0
Q21453	Q9N5D6	0
Q09417	Q18896	0
O45293	P91043	0
O18672	Q20950	0
O02056	Q20611	0
O02637	O16443	0
Q9XWG3	Q9XXI4	0
O01916	O18209	0
P51875	Q10128	0
Q9TZ39	Q9XWP6	0
P48150	Q95Q26	0
Q9XX47	Q9Y048	0
O16198	O61843	0
O01579	Q18241	0
O16519	O44447	0
Q22886	Q9XYC3	0
Q22387	Q22837	0
Q09581	Q21215	0
O61967	Q965N2	0
Q21793	Q95YF3	0
Q20485	Q23158	0
Q21361	Q23150	0
P27604	Q22306	0
P91835	Q9XWG3	0
O16580	Q20936	0
P36573	Q20742	0
O01901	O16393	0
Q21229	Q9XWG3	0
Q9NA40	gi:25148780	0
O45764	Q9Y050	0
Q18668	Q22048	0
P21541	Q22290	0
O18250	O76449	0
P35129	P46577	0
O02043	Q95QA6	0
O16695	O18209	0
Q18776	Q9XVN9	0
Q23087	Q9NGT3	0
Q93763	Q95QJ7	0
P17330	Q22510	0
P41886	Q18033	0
Q21049	gi:25151901	0
O62374	P50464	0
Q18776	Q9N2Z8	0
O45946	Q22694	0
Q94378	Q9NES7	0
Q20207	Q9U3T2	0
P47991	Q09983	0
O45137	Q20819	0
Q18268	Q9XVS2	0
Q20577	Q9XWZ5	0
O45666	Q18165	0
Q20344	Q95QA6	0
Q17446	Q965X6	0
P90820	Q95QA6	0
Q21351	gi:6042188	0
Q22311	Q23158	0
P54811	gi:17553966	0
O17670	Q9XXA2	0
O44739	Q9U2H4	0
Q17635	Q8I7I0	0
O44606	Q9XV56	0
O16370	O61967	0
Q17339	Q18195	0
O18067	Q9XTM0	0
Q9GZG8	Q9N4P3	0
Q9GSX9	Q9N597	0
O45313	Q95QA6	0
O44538	Q17539	0
Q09417	Q8MQE8	0
Q9N3F2	Q9XUQ4	0
Q17359	Q17385	0
Q19584	Q9XU77	0
Q22174	Q9BI72	0
Q19007	Q19294	0
P46941	Q9U9Y8	0
Q9N580	gi:30145754	0
O16580	gi:20871592	0
Q17339	Q22326	0
O61843	Q93375	0
Q18951	Q9BL58	0
O16454	O61521	0
P34657	Q20709	0
Q18869	Q9N366	0
O18250	Q9U1W3	0
Q19120	Q22227	0
O01869	Q21134	0
O16198	Q9XW40	0
Q20968	gi:13324910	0
O61955	Q17381	0
P90882	Q9N4B6	0
P46563	gi:17511075	0
O01802	P46502	0
Q9XU77	Q9XW20	0
Q18887	Q22799	0
Q19771	gi:17565204	0
Q17381	Q93721	0
Q21493	Q22459	0
P13508	Q22174	0
P45972	Q23595	0
O17695	Q20084	0
Q9GYT4	Q9XU12	0
Q22936	Q23158	0
P36573	Q9N4H9	0
Q09417	Q966C6	0
Q95Y99	Q9GZG8	0
O01426	Q9GRZ0	0
O45379	Q09989	0
P91179	Q22227	0
P91015	Q21493	0
Q22640	gi:25150348	0
Q22227	Q9XUS2	0
P34604	Q95QA6	0
P91505	Q9GYT4	0
O16736	Q18809	0
Q09975	Q20709	0
Q22799	Q9U2Z5	0
Q19088	Q21746	0
Q09983	Q95X38	0
O01460	Q9XWG3	0
O61708	Q21229	0
Q22068	Q95Q26	0
Q19201	Q9TZA7	0
P34661	gi:17507969	0
Q9TZ39	Q9U3E3	0
Q19211	Q95Q26	0
Q95XM4	Q9XTC6	0
Q19969	Q21648	0
O17200	Q95QA6	0
O17981	Q9UAH1	0
P36573	Q9XTH8	0
P91015	Q9Y050	0
Q22886	Q9XVE6	0
Q23393	gi:25151901	0
Q94261	Q94392	0
Q17802	gi:17537127	0
O45815	Q9U1W5	0
Q09566	Q20798	0
O45189	P34609	0
Q18240	Q19980	0
O45532	O45603	0
O18118	gi:17553966	0
P91015	Q9U296	0
O45987	Q22227	0
Q10580	gi:6042188	0
Q09665	Q17625	0
Q02330	Q18605	0
O18218	P34563	0
P30632	Q20052	0
Q21626	Q9XW77	0
Q20741	gi:17542710	0
Q09983	Q9TZA5	0
P45962	Q09485	0
Q8I4K2	Q9XUQ4	0
P91080	gi:17555418	0
O44740	Q22179	0
Q8ST15	gi:25151901	0
P30625	Q9U2A8	0
O45521	Q9N3M9	0
O45799	Q9U1X3	0
Q17878	Q9TYV7	0
Q20344	Q95ZU1	0
O01794	P34420	0
Q18076	gi:25148780	0
Q94261	gi:13324910	0
O76725	gi:6042188	0
Q17878	Q9UAY0	0
P42171	Q11103	0
Q9N5N7	Q9U3I4	0
Q17935	Q9BKS0	0
P27798	Q9TYS3	0
Q22068	Q9XX14	0
Q9N5V2	Q9XUQ4	0
Q9UA36	Q9Y048	0
Q09485	Q22837	0
O17666	Q17992	0
O18259	Q19424	0
P91015	Q9XVF7	0
P19626	Q18094	0
O17615	Q17746	0
Q19749	Q20956	0
P48152	gi:17536521	0
O18302	Q95QC4	0
O16500	Q23090	0
Q9TXP7	Q9U9Y8	0
O45166	Q19835	0
O45607	Q95QC4	0
Q21215	gi:17556654	0
Q22068	Q23312	0
Q17868	Q9U1R0	0
Q9N5P1	gi:25151901	0
Q21559	Q23390	0
O17801	P34604	0
P34496	P52874	0
Q22631	gi:29570484	0
Q18238	gi:32566139	0
O01775	P34659	0
O45922	Q18479	0
Q17878	Q22837	0
Q22227	Q9NAC0	0
P34470	Q17878	0
O17304	Q17935	0
O45603	Q93703	0
Q20933	Q9XTT9	0
O45521	P21541	0
P90771	Q9XWH3	0
Q17539	Q18530	0
P34371	Q20207	0
Q21307	Q9TZA7	0
P34475	Q9U9Y8	0
P34383	Q17410	0
gi:17552158	gi:17554366	0
O17670	Q9N4S0	0
Q9N4B6	gi:17540098	0
P32085	Q9NF23	0
Q93375	Q9N428	0
P34659	Q18000	0
Q09248	Q22227	0
P41932	P46577	0
P34420	Q22227	0
Q21526	gi:17551894	0
P34609	Q20188	0
O45604	O61442	0
O61858	Q17539	0
Q23664	Q95QC2	0
Q17793	Q22227	0
P41941	Q22227	0
Q09560	Q23440	0
O17670	P91276	0
O17670	gi:32564931	0
Q18967	Q95YI9	0
O01802	O02053	0
P91001	Q9N431	0
O17670	Q19771	0
O45521	Q966M3	0
O45410	gi:25150348	0
O62107	Q21075	0
Q966L2	Q9N2Z8	0
Q09501	Q21746	0
O45384	Q9XWG3	0
P42171	gi:25152251	0
Q22619	Q9NGT3	0
P91280	Q9U1S2	0
Q9GUC8	Q9U1S2	0
P91280	Q09397	0
Q19455	Q94420	0
O01869	Q17763	0
O16552	Q22436	0
O02043	O45006	0
O61815	Q21493	0
Q9BKS0	Q9TZ39	0
Q20655	Q23389	0
O01802	Q93721	0
Q18171	Q9XU77	0
O45922	Q9N4L8	0
Q17862	gi:25155179	0
Q21776	Q9XU12	0
P34604	Q9XX47	0
P36573	Q18989	0
O61208	O61775	0
O01489	Q9TZ39	0
Q95XU5	gi:17553966	0
Q9N5U5	gi:17551938	0
Q9BL19	Q9XW79	0
Q10929	gi:17556654	0
Q19201	Q9XW20	0
Q17660	Q9Y048	0
Q22227	Q95Y99	0
P91821	Q9XTQ7	0
O62415	Q21513	0
O18302	Q18953	0
Q18241	gi:17556654	0
O45521	Q17417	0
P91249	Q9N5V3	0
O17954	gi:17534721	0
P91015	Q93721	0
O44872	Q9U9Y8	0
Q09450	Q09581	0
Q27253	Q9XUS3	0
O45134	Q22847	0
Q19019	gi:17535709	0
Q19739	Q20165	0
Q22837	Q9U4A6	0
O01901	Q22936	0
O45166	Q9GSX9	0
Q94126	Q9XWU7	0
P36573	Q19290	0
P91400	gi:17536521	0
Q18535	Q18932	0
P50464	Q9XXE5	0
P91015	Q95Y29	0
Q22206	Q9XW13	0
Q18937	Q22387	0
Q22027	Q9TYJ0	0
P39745	gi:17551938	0
Q17868	Q95XM4	0
Q9GSX9	Q9XUK2	0
P39745	Q22494	0
O18118	Q9XWC9	0
O16948	gi:6042188	0
O02056	Q18869	0
Q22886	Q9BKP8	0
Q22174	gi:32564316	0
O01869	Q9U2U9	0
Q11100	gi:25152916	0
Q20712	Q22886	0
P92004	Q95R05	0
Q11189	Q95XM4	0
Q23546	Q95Q26	0
P45962	Q18946	0
O45766	Q94247	0
O02056	gi:25148095	0
Q95QJ7	Q9BIB5	0
P91408	Q17958	0
O02482	Q9GSQ0	0
P45962	Q17359	0
O45603	Q9NGT3	0
Q9GUC8	gi:25150348	0
O16922	Q9N3Z0	0
Q18964	gi:7105649	0
P34808	Q95Q26	0
Q10577	Q18688	0
O45521	Q17549	0
P45970	Q9N4V3	0
O16370	Q93637	0
Q09560	Q94261	0
O16936	Q17878	0
P41829	Q23571	0
P34604	Q9TZ39	0
O16511	Q95XM4	0
P81299	Q8MYQ1	0
O45335	O61208	0
O45189	Q20084	0
Q95XM4	Q9N3Z0	0
O17670	P46563	0
Q20308	Q9TVS4	0
Q9TYS3	Q9XVA3	0
Q11103	Q18937	0
Q9BL58	gi:14018161	0
P34371	gi:32564813	0
O01456	Q9BLC2	0
P34657	Q9XVK6	0
O17801	P43508	0
O18210	Q9N4K2	0
O02353	Q23664	0
Q9BI86	Q9U9Y8	0
Q19294	Q9N2K7	0
Q18938	Q9XXA2	0
P34334	Q9N3Y1	0
Q9U2M6	gi:6042188	0
P46577	Q19980	0
Q18438	Q22853	0
Q21361	Q22178	0
Q09383	Q18488	0
O17670	Q9XUK9	0
O17824	Q21746	0
Q22227	Q93694	0
P52874	Q18017	0
Q9GRZ9	Q9GT24	0
gi:14018161	gi:17542710	0
Q19019	Q22469	0
P91280	Q9N4B8	0
O16364	Q18032	0
Q9N4G8	gi:25144646	0
P39745	gi:17508231	0
Q18885	Q22227	0
Q09983	Q18776	0
P34643	gi:14018161	0
Q09560	Q18937	0
O45784	Q18983	0
O18118	O76640	0
O17670	Q22378	0
P36573	Q95Q07	0
Q20308	Q21351	0
Q22950	Q95R05	0
O18672	O61967	0
Q93831	Q9XX14	0
Q09587	Q9N4I4	0
O44956	Q8I7I0	0
Q20798	Q95QA6	0
O01504	Q9XVW8	0
Q19969	Q9GT24	0
O18203	Q8MNS5	0
Q09485	Q09581	0
Q8MQ18	Q9XWR1	0
Q23664	Q9U1W5	0
O17985	Q22387	0
Q22048	Q9XWH0	0
O17670	Q9TYJ0	0
P49405	Q9XVA3	0
O16364	Q19813	0
P34630	Q21493	0
P30642	gi:17553438	0
Q09983	Q22886	0
P48156	Q20002	0
Q20956	Q9GSX9	0
O44847	Q21829	0
P05690	Q19633	0
Q22886	Q9XW83	0
O45865	Q9XVZ8	0
gi:25150348	gi:32563802	0
Q21592	Q9TZ39	0
Q20655	Q965K5	0
O44538	Q9XYC3	0
P50880	Q9XX47	0
Q19749	Q9TZ50	0
O16511	P34420	0
Q9GYJ3	Q9U1T6	0
Q17732	Q22544	0
Q21036	Q9XUQ4	0
P81299	Q9U1U3	0
Q17760	Q21361	0
O61708	Q95QA6	0
P39745	P53016	0
Q22799	Q9U373	0
Q9U2W6	Q9XXK1	0
Q09620	gi:25151891	0
P42171	Q09580	0
Q9TZ39	Q9U1W5	0
Q22179	Q22553	0
Q22174	Q23485	0
Q94378	Q9XU77	0
O62479	Q21746	0
O44781	Q17339	0
O44450	Q17935	0
P41999	Q20308	0
O16453	O17218	0
O61967	Q9Y048	0
Q9U1P3	gi:25151716	0
Q22799	Q93321	0
Q22179	Q9XTC8	0
Q9GYJ3	Q9U1S2	0
O01482	Q20062	0
Q9N5P1	Q9TYY1	0
O16370	Q9N2K7	0
Q22227	gi:25151685	0
P51875	Q17336	0
P46563	gi:17537175	0
P91505	Q17410	0
Q9NGT3	Q9U1U3	0
Q9TVS4	Q9U9Y8	0
P91419	Q21758	0
Q95PV4	gi:25155179	0
O62165	P41886	0
P34655	gi:25150348	0
O16500	Q03563	0
O44782	Q9XVZ2	0
Q19969	Q20173	0
O17783	Q9N597	0
Q9N431	Q9XX47	0
P10983	Q9XUQ4	0
P91400	Q17339	0
Q19294	Q95QA6	0
Q20347	gi:25150846	0
Q18869	Q9BIB7	0
O44608	Q19325	0
O45865	gi:17553408	0
O02053	Q19201	0
Q09248	gi:17554366	0
Q09989	Q17862	0
P34563	Q22837	0
Q23158	Q9N5P1	0
Q18033	gi:25152916	0
O18257	Q18036	0
P48162	Q21307	0
Q18192	Q20187	0
Q95QJ7	Q9XWC9	0
Q09983	Q21021	0
Q23158	Q23458	0
P34657	Q23680	0
Q17718	Q93375	0
Q22837	Q95XQ1	0
P90882	Q21493	0
Q18033	Q9XYC3	0
Q17862	Q20052	0
Q17868	Q22311	0
Q19019	Q22676	0
P41999	Q9TXW1	0
O45521	Q9XTG7	0
O44451	Q94420	0
O01869	O02327	0
P41830	Q22544	0
Q20052	Q9GYQ9	0
O17234	P47991	0
P91277	Q20308	0
Q20956	gi:25147436	0
P42171	gi:25148756	0
O45603	Q21748	0
O01861	Q9N597	0
Q19088	Q23049	0
Q9XW01	gi:33285223	0
O01497	Q21271	0
Q21372	Q9TZ39	0
Q20198	gi:25152916	0
O44872	O45364	0
Q22631	Q9N5N7	0
O16500	Q9N5Y2	0
Q20770	Q22227	0
Q21453	Q9U2D8	0
O02056	Q9N3X2	0
Q22837	Q9UAH1	0
Q9XTC6	gi:25150193	0
O44750	Q95008	0
O17670	O44820	0
Q18192	gi:17556801	0
Q17993	Q9N4A9	0
P51875	Q9NGT3	0
O45691	Q9GSQ0	0
Q9TYY1	Q9U9Y8	0
Q20002	Q9XVM0	0
P30642	gi:17551336	0
Q20100	gi:21392634	0
Q17728	Q95Q26	0
Q22227	Q27519	0
P43509	Q21648	0
P49808	Q95XK1	0
O61843	Q09580	0
Q95QJ7	Q965J0	0
Q10654	Q19872	0
Q95QC4	gi:17554366	0
O45831	Q9U2Q9	0
Q21319	Q8ITW6	0
Q9XWJ0	gi:32565598	0
Q18529	Q95Q26	0
O18172	P51875	0
O62236	P91199	0
Q17599	Q23158	0
Q18516	Q21271	0
O16850	P39745	0
Q21126	Q9TZ39	0
Q03563	Q21898	0
Q21899	gi:17553966	0
Q17868	Q27408	0
Q20623	Q9U4L0	0
Q95QA6	gi:25151296	0
Q9TZ39	gi:32564931	0
O01437	O45784	0
Q9TYY1	Q9U2R6	0
Q8MQE8	gi:6042188	0
Q23158	Q9XWG3	0
P91408	Q9TXH9	0
P90925	Q22174	0
Q17660	Q19901	0
O45166	Q09397	0
P39745	Q09983	0
O16370	Q93696	0
Q19503	Q9GPA2	0
Q9NA98	Q9XTZ2	0
O76449	Q22174	0
O45078	Q9U9Y8	0
O02365	O17723	0
Q19335	Q9XU77	0
O02056	P46563	0
P34574	Q03604	0
P46941	gi:32565050	0
Q27420	Q95QA6	0
P17330	Q18668	0
Q9TYY1	gi:25148661	0
O76449	Q21361	0
P91001	Q9NLD1	0
O17695	Q8MYP3	0
Q17862	Q18964	0
P34609	Q9N3V3	0
Q9U1W5	Q9U3J5	0
O17982	Q10454	0
P36573	gi:25147971	0
P46563	Q9GYR5	0
P34480	Q19279	0
Q09983	Q93763	0
P34604	Q9XWJ0	0
Q22174	Q9XX47	0
P34420	gi:17554796	0
Q09506	Q9U3B7	0
O16313	Q9XTS1	0
Q21994	Q9NAE1	0
O62374	gi:14018161	0
Q20308	Q9XTG7	0
O16453	P34808	0
Q18192	Q21021	0
O01427	Q17427	0
O44552	gi:25148095	0
O01301	Q22068	0
Q23187	Q9XWX7	0
Q9N582	Q9XWS4	0
Q21891	gi:25155179	0
Q19901	Q9GSQ0	0
Q17446	Q21648	0
O62020	Q17539	0
O16580	Q9N3T2	0
P34475	Q18075	0
P45970	Q23664	0
O16500	O45901	0
Q18239	Q22544	0
O45666	Q9XW17	0
O02108	Q95Y97	0
P10986	Q9Y048	0
Q21021	Q9NES7	0
O18672	Q23187	0
Q20681	Q9U1T6	0
P50880	Q18691	0
O45241	Q9N430	0
P48152	Q9XV35	0
Q17339	Q18843	0
P30625	Q19101	0
O45865	gi:17551336	0
O16364	Q9N4Q7	0
Q9XW40	gi:17553418	0
Q9XU12	gi:17534721	0
P41886	Q19826	0
Q9N593	gi:17554366	0
Q22257	gi:32566959	0
O44451	Q19286	0
gi:14018161	gi:32565589	0
O01530	Q9TXH9	0
O02108	Q95QA6	0
P17331	gi:17554384	0
Q8MXR2	Q9XVA3	0
O44656	O45521	0
O45922	Q21271	0
O18302	Q94247	0
Q20198	Q21215	0
Q18165	Q21746	0
Q23661	Q9TZ39	0
P91199	Q22227	0
O01850	O17670	0
Q20485	Q22227	0
Q93831	Q9BL58	0
O45815	gi:25148068	0
O02065	O16488	0
O45922	Q9U1X8	0
P30632	Q22003	0
O02065	Q9XU98	0
P53013	gi:31746604	0
O17695	Q9XWS0	0
O02056	P34378	0
P34643	Q9XUQ4	0
P43509	Q23158	0
Q18885	Q22950	0
Q17746	Q9U2D6	0
O01427	gi:33620955	0
Q03601	Q23390	0
Q19969	gi:33300394	0
P91280	Q93721	0
P46563	Q17648	0
O17915	Q9XTV9	0
Q17489	gi:14018161	0
Q95QA6	Q9XVA3	0
Q17967	Q9TZ39	0
P10567	Q22227	0
O45003	Q9N3Z0	0
O16198	Q17381	0
O01901	Q18937	0
P46563	Q27420	0
O01775	Q10929	0
Q17878	Q20084	0
Q9XWC9	gi:17552052	0
O18250	Q18171	0
P34604	P91904	0
P41942	Q9XVK6	0
Q20485	Q93637	0
Q93716	Q966C7	0
O45410	Q9XXR6	0
Q9Y048	gi:17554796	0
Q95QA6	Q9NA76	0
Q21952	Q9XU77	0
P91329	Q19749	0
P34563	Q17737	0
Q9NAC0	Q9TZ39	0
Q21554	gi:17563260	0
Q9XW13	gi:32566139	0
O17239	O45922	0
O44782	Q17381	0
Q22631	Q9TZ16	0
Q18516	Q22237	0
Q21229	Q23319	0
P45962	Q9N4A7	0
O45938	Q9U3S0	0
O16527	Q8MYM0	0
O18673	Q94126	0
Q19459	Q9XW13	0
P91253	Q9BL58	0
P91820	Q17746	0
O62272	Q9TZ39	0
Q22705	Q9XUP3	0
P54216	Q18033	0
O44750	Q21924	0
Q19983	Q9BIB5	0
O45781	Q9XYC3	0
Q9N3Y1	Q9XTH8	0
Q23332	Q9U2H0	0
O44450	Q17539	0
Q22847	Q95XR4	0
Q22227	Q22694	0
O61208	Q9NEN6	0
Q09305	Q95ZL6	0
O45815	Q22544	0
Q95ZK7	gi:17554384	0
O45444	gi:17553604	0
Q9U9Y8	gi:17553438	0
O01590	O17670	0
P39745	gi:17534721	0
Q20660	Q21018	0
Q17971	Q19969	0
P52874	P91015	0
O45987	gi:17553966	0
O44821	Q9XUQ4	0
O62479	Q9N4B8	0
O17626	Q9Y048	0
O17169	Q23158	0
P30429	Q20084	0
Q9XW88	gi:30025128	0
Q09584	Q9XXH8	0
Q9BL58	gi:32565589	0
Q20845	Q93716	0
O17894	P55853	0
P90786	Q9XVP9	0
Q19201	Q9XWP6	0
O01961	Q8MQ88	0
O44820	Q9U1P3	0
Q93354	Q95Y89	0
Q9N5D6	Q9NA25	0
Q19019	Q21526	0
O17801	Q94416	0
P91829	Q95QA6	0
P91015	gi:17554384	0
Q17688	Q95QI7	0
Q09620	Q9N2Z8	0
P34609	Q18017	0
Q03563	Q20420	0
O02056	P34657	0
Q9NAP0	gi:32566959	0
Q27535	Q9BL41	0
Q9N3Z0	gi:17554746	0
Q17508	Q9XU77	0
O45922	Q21319	0
Q17850	gi:17534779	0
P55853	Q17935	0
Q22847	Q23017	0
O45924	Q18688	0
O61975	Q20655	0
P91277	Q22459	0
O17670	P34655	0
O01925	O16364	0
Q8MQ56	Q95Y89	0
P90781	Q17793	0
P54412	Q22618	0
P47209	Q94013	0
Q17400	gi:13324910	0
Q8MXR2	Q9TZ39	0
O01482	Q9XUS3	0
Q09296	Q23646	0
O17915	Q18076	0
Q23120	Q23158	0
O44606	Q9GUC8	0
O17265	O45521	0
Q9UAU5	Q9XWP6	0
O17218	Q9NF11	0
P34563	Q9N5U5	0
O18118	Q19202	0
Q22820	Q8MPT7	0
Q22306	Q27535	0
P48152	Q9N5S5	0
O62427	Q9U2X1	0
Q19201	Q19872	0
Q9TVH6	gi:6042188	0
Q9GT24	Q9XXI0	0
Q19749	Q9TXP7	0
Q21648	Q965N2	0
O45784	P51875	0
O17801	P91820	0
Q20681	Q95QA6	0
Q09620	Q17635	0
Q22407	Q9XU77	0
O45666	gi:17537127	0
Q18192	Q20084	0
P41829	Q22799	0
P91027	Q9TZ39	0
Q22799	Q9BL58	0
O62415	Q9NAD6	0
Q10667	gi:17536605	0
O02108	O61920	0
O01775	Q9TVH6	0
O44821	Q9Y048	0
Q9XU77	Q9XUQ4	0
Q10046	Q19771	0
Q22799	Q95Q26	0
P91400	Q20207	0
Q20149	Q21648	0
Q18033	Q95Y99	0
O18302	Q9N582	0
O16254	Q18776	0
P54412	Q20940	0
gi:17554302	gi:25144646	0
O76640	Q95YI9	0
Q18953	Q23312	0
Q18937	Q93721	0
Q9N4H6	Q9NA30	0
P50880	Q23664	0
Q17675	Q9XV56	0
O17670	O44400	0
P92004	Q19294	0
Q09248	Q18488	0
Q17635	Q22227	0
Q22631	gi:6042188	0
O18191	Q93647	0
P39745	Q09582	0
Q9N4A7	Q9XW01	0
O44606	Q9Y050	0
Q19088	Q22068	0
O17801	Q23158	0
O44400	gi:14018161	0
O16453	O62238	0
P90925	Q9BKU2	0
O18236	Q20979	0
P51875	Q9XUS3	0
P34328	Q9U9Y8	0
P91307	Q18964	0
Q9TXI4	gi:14018161	0
O17628	P91249	0
Q9XWM2	gi:25150348	0
O02043	gi:32566959	0
O02059	Q9XVA3	0
Q19899	gi:17508231	0
O01498	Q95YA5	0
Q23187	Q9XU77	0
Q9XU77	gi:17551938	0
P91015	Q18043	0
Q17522	Q9XUC9	0
Q22716	Q9NAE1	0
O01802	Q20308	0
O61967	Q9BL58	0
O44821	Q20344	0
Q9TYX4	gi:25151901	0
Q19424	Q19902	0
P41848	Q94207	0
P34611	P91001	0
O18672	Q94166	0
O61708	P34609	0
Q20347	Q23664	0
Q18909	Q9XU77	0
O02108	P41829	0
P91349	Q22837	0
O45603	Q21344	0
Q8WQG9	Q9U3S0	0
Q18379	Q22174	0
O45934	P34609	0
Q9U2G8	Q9XU12	0
O18203	gi:17570297	0
P34657	Q23390	0
Q17849	Q19440	0
P92004	Q03563	0
O44739	Q93572	0
Q9XWG3	gi:30145754	0
Q17446	Q9NES7	0
O61390	Q9UAX1	0
Q22945	Q9TZ39	0
Q966M4	Q9XWG3	0
Q17559	Q9XU12	0
O44606	Q9UAT1	0
Q22499	Q9BJ56	0
Q18076	Q20577	0
Q95QJ7	Q9TXH9	0
Q09651	Q20577	0
Q95QA6	gi:32566959	0
Q17878	Q9XXJ0	0
Q18668	Q20084	0
P91904	Q22174	0
Q9BIB7	Q9N2K7	0
O16453	O17983	0
Q95QA6	Q9NAN2	0
P48158	Q9U2W6	0
O01530	P41829	0
O45539	P39745	0
Q22756	Q9U2R1	0
Q9U307	Q9Y048	0
Q20347	Q9XXK1	0
P34652	gi:25151901	0
O16695	Q21648	0
P34808	gi:25150348	0
O18302	Q17427	0
O01482	P34808	0
Q19014	Q8MQ56	0
O16305	P91419	0
Q09497	gi:17554384	0
O44669	Q19019	0
O16313	Q8MXT6	0
O02053	Q20187	0
Q27874	Q9NAB0	0
Q20965	Q9TZ39	0
Q22544	Q9TZ50	0
O45797	Q9TZ39	0
O61208	Q22631	0
Q9N574	gi:17554796	0
P91199	Q9N5D6	0
Q9BLC2	Q9U1W5	0
O44400	P91237	0
Q21746	Q9BKS4	0
P92004	Q9N4E9	0
O01532	gi:32566959	0
Q18488	Q19969	0
P91820	Q19884	0
Q21271	Q9XUK0	0
O16313	Q9XUY5	0
Q21997	gi:17534721	0
O17666	gi:14018161	0
Q21592	Q21952	0
Q9U281	Q9XW40	0
O17670	O62220	0
P48156	Q22311	0
O01803	Q19203	0
O45521	Q9XWG3	0
P47991	Q22837	0
Q18043	Q20485	0
P91503	Q19294	0
P34559	gi:17542710	0
Q09566	Q9U1W5	0
Q22333	Q9XVK6	0
O02056	P91563	0
O17915	Q18399	0
Q9TVL8	Q9U2K1	0
O02658	Q8MQ88	0
O01862	P41999	0
P34537	Q21648	0
Q20453	Q9NAE1	0
O18191	Q20577	0
Q18171	gi:32566959	0
P91280	Q27498	0
Q22030	gi:17565204	0
O02658	Q9TVJ1	0
O18688	P45962	0
O45734	Q9TZ39	0
Q03563	Q09407	0
Q03563	gi:25148095	0
Q19402	Q94300	0
Q9GYJ9	Q9XW51	0
P48156	Q9NGT3	0
O61880	Q9XW79	0
O16364	gi:25151716	0
Q17878	Q18075	0
P91419	Q18107	0
Q09387	Q22166	0
Q19965	Q9NAE1	0
Q18964	Q93601	0
Q95YA7	gi:25148780	0
O17754	Q10930	0
O17915	Q9TXR6	0
Q18529	Q21493	0
Q09506	Q17865	0
O16208	gi:32566959	0
O02056	O02108	0
O02365	Q21344	0
O17670	Q95QA6	0
O17894	P54412	0
O61521	P41999	0
Q22847	gi:17555418	0
P91051	Q9U3F9	0
P48152	Q9XX14	0
Q17573	Q9U1S2	0
O44706	Q9NAN2	0
O01482	Q20052	0
O17915	Q18426	0
P91503	Q21648	0
O45946	Q22387	0
O44635	Q09248	0
Q95Y97	Q965X6	0
P19626	Q18516	0
Q17698	Q9XW79	0
Q18955	Q95Q26	0
O18687	P91419	0
Q20684	Q95QA6	0
Q11103	Q9XU77	0
O44450	Q9N580	0
O17286	P34475	0
O45766	Q9XTC6	0
Q09983	Q19749	0
Q93701	Q9XWD5	0
O44512	O44872	0
Q20084	Q23679	0
O18051	Q19969	0
Q18238	Q20016	0
Q9N3A3	Q9U1T6	0
O16500	Q20742	0
P91276	Q9TZ39	0
P91051	Q18668	0
Q22479	Q9XU77	0
O62236	Q95XS8	0
Q27498	gi:17553966	0
Q95QN6	gi:25153807	0
Q23012	Q9XVA3	0
Q9N4P3	gi:32566959	0
P21541	Q20347	0
Q94261	Q9XU77	0
P34331	Q17935	0
O61208	gi:17565204	0
Q21648	Q9NAB0	0
Q17868	Q20628	0
Q22387	Q9NGT3	0
O18236	gi:17553966	0
O17824	gi:17554746	0
O17640	Q9XV46	0
O44750	Q10930	0
Q18268	Q9U240	0
Q17878	gi:25144646	0
O17836	Q9U348	0
O01802	Q21088	0
Q18688	Q9N4B6	0
Q95Y94	gi:25150348	0
Q09983	gi:6042188	0
Q95QJ7	gi:32563802	0
O76579	Q9U1P3	0
O16500	O18141	0
O16581	Q09349	0
Q19969	Q9GYJ9	0
Q23382	Q9XWG3	0
Q20654	Q95XM4	0
P45970	Q21139	0
Q9U2A0	Q9U3S0	0
P91400	Q9NAH3	0
Q03563	Q9U307	0
O77469	Q17935	0
O01775	gi:21392634	0
O44872	Q9XXL8	0
P91015	Q9NAJ7	0
O61208	Q9N432	0
Q9GSQ0	Q9XWJ8	0
Q22174	Q9N4F2	0
O18015	Q18776	0
Q21271	Q9NAJ3	0
O18141	gi:17534779	0
Q9TZ39	Q9U4L0	0
O02482	Q9NES7	0
Q18241	Q8I7L1	0
P45970	Q17400	0
O17607	Q95QA6	0
P92004	Q18238	0
Q19624	Q9N2Z8	0
Q17359	Q22837	0
O45924	gi:17554366	0
Q9N597	Q9XWU4	0
Q9TVH6	Q9U1T6	0
Q19019	Q21127	0
O02353	Q23672	0
Q19007	Q9U3S0	0
Q09989	gi:17542650	0
Q9XWU4	Q9Y048	0
O16313	Q21131	0
Q8MQ56	Q95ZL4	0
Q17648	Q95QA6	0
O01775	O17670	0
P34808	Q20798	0
P10983	P91453	0
P91015	Q9GYN4	0
Q19374	Q20778	0
Q23192	gi:17554366	0
P48156	Q17732	0
O01901	P52275	0
Q21748	Q94261	0
Q21557	Q22757	0
Q22227	Q9XXH8	0
P61866	Q10654	0
O17915	Q9XVJ3	0
Q17381	Q19203	0
Q19503	Q9U1T6	0
P34652	gi:17569097	0
Q19275	Q9TZ39	0
Q19088	Q22499	0
P53013	Q18585	0
P34475	Q19937	0
gi:25148780	gi:25151685	0
Q95Q54	Q9XXI4	0
O62082	Q20655	0
P52715	P91505	0
Q09417	Q09983	0
O45003	Q9XUQ4	0
P91904	Q9U2R6	0
O18195	Q9XU12	0
P91820	Q9TVQ2	0
Q93703	Q9XW88	0
Q17979	Q18076	0
Q17878	Q22866	0
P34686	Q21746	0
O02300	gi:17553966	0
P34559	Q95QA6	0
Q21952	gi:17541224	0
Q19211	gi:17536605	0
O17670	O18118	0
Q22693	Q93716	0
O17670	O61208	0
O45521	Q10929	0
O61828	Q23130	0
Q20010	Q9N597	0
O16500	O45922	0
Q9N5D6	gi:17554796	0
Q9N3Z0	gi:6042188	0
O17066	Q93375	0
Q19404	Q95YI9	0
Q03598	Q95R07	0
Q22387	Q9NES7	0
O18686	Q27420	0
Q19189	Q22837	0
Q9GYN3	Q9TXH9	0
P91329	Q9XXI0	0
O44131	Q9BL58	0
O18118	gi:17511075	0
Q9XWH0	Q9XXI4	0
Q09296	Q19290	0
P91001	gi:32566959	0
Q17359	Q18033	0
O44165	gi:17553966	0
Q03563	Q20010	0
P41848	Q19088	0
Q9U3S0	Q9XWJ0	0
O17670	P54216	0
Q22705	Q9GS00	0
O76670	Q8MXH8	0
P43509	Q18013	0
P34475	Q22027	0
P32085	P34420	0
Q19202	gi:17556654	0
Q17991	Q21372	0
O44781	Q9NAM6	0
Q17878	Q21431	0
O16511	Q8I7I0	0
O18302	Q18668	0
O01802	Q9XUK0	0
Q17746	Q9TYY1	0
O01482	Q17599	0
O01900	Q21746	0
P36573	Q20052	0
Q94126	Q9XXN3	0
Q23624	Q23666	0
Q20778	Q9GSQ0	0
Q9U1S5	Q9XWK1	0
Q9N2Z8	gi:17554366	0
Q18033	Q9XWH3	0
Q22837	Q9N5N7	0
Q21748	Q22227	0
Q17334	Q9GUC8	0
Q9NEN6	Q9XU77	0
Q22664	Q9Y048	0
Q09590	Q23312	0
Q17958	Q20223	0
Q965X6	gi:17554366	0
P90845	Q20709	0
Q95QC4	Q9N5Z3	0
O01255	Q9TZA7	0
O17982	Q93721	0
O45865	Q9XU77	0
Q22799	gi:32564190	0
O45691	Q9XWH0	0
Q20678	Q9XX38	0
O16511	gi:17554086	0
Q27498	Q93831	0
Q8MQ25	Q9U1P3	0
O61208	Q23419	0
P46769	P50880	0
Q18897	Q9U1W5	0
P34659	Q94272	0
Q21431	Q9NEN6	0
Q09581	Q9U1T6	0
Q20344	Q9U2I3	0
Q9TYS3	Q9XUQ4	0
Q19286	Q20308	0
P36573	Q9XYC3	0
Q9TZ39	Q9XXL8	0
Q03563	Q9XXE5	0
Q18516	Q18966	0
Q95XW2	Q9GYJ9	0
Q21763	Q9XVA3	0
O02065	gi:7105649	0
Q17732	Q9U1T6	0
Q19018	Q21746	0
P46941	P91820	0
O01900	P34563	0
O45521	Q9TYY1	0
O44949	gi:32566959	0
O61980	Q9XVA3	0
O44631	Q9U2W6	0
O01739	Q9TZ39	0
P34556	Q95QA6	0
P06125	Q9NAE1	0
P41830	Q21271	0
Q9N4B6	gi:17554996	0
P34605	Q8IG65	0
Q95Q26	Q9N5A6	0
Q9TZ39	Q9XX47	0
O44872	Q9XYC3	0
Q18043	Q93721	0
P91249	Q18511	0
O45323	Q20798	0
Q18479	Q9U1S2	0
P53013	Q18953	0
Q18869	Q965X6	0
Q9XUS3	gi:25152606	0
Q21449	Q9XW13	0
Q18241	Q19365	0
Q17339	Q93321	0
O17824	Q17878	0
P91505	Q95QD1	0
O45189	gi:32564251	0
O01482	Q9N582	0
Q21793	gi:6042188	0
Q17784	Q23158	0
Q20577	gi:25146954	0
O02053	Q18776	0
Q22174	Q95QX3	0
Q95ZK7	Q9XUS3	0
gi:17535271	gi:32566959	0
Q09305	Q17334	0
O18179	P30632	0
Q20953	Q23179	0
Q9N582	gi:25149523	0
O16500	P41879	0
Q9XU77	gi:25152251	0
O18118	Q17695	0
Q20282	Q20678	0
Q9N4A9	Q9N5S5	0
Q22329	Q9UAX1	0
O18209	gi:32566570	0
Q21945	Q22227	0
O18118	Q17746	0
Q20712	gi:32566959	0
P39745	P91284	0
Q9N517	Q9TZ39	0
Q17446	Q22227	0
Q09665	Q93351	0
O18098	P91503	0
Q20655	Q23187	0
Q93601	Q9NAD6	0
P21541	Q20742	0
Q18668	Q9TZA5	0
O17982	Q19286	0
O45087	Q18529	0
O61208	Q03563	0
O01543	Q9TYY1	0
O18302	Q9GYJ3	0
P43509	Q18241	0
P34888	P91503	0
O17670	Q19969	0
Q9N5N7	gi:25150348	0
O02056	Q94216	0
P54412	Q21648	0
Q18409	Q9GUI5	0
Q22227	gi:25148756	0
O16695	P91503	0
O02108	P90934	0
P43508	Q17446	0
O45865	Q93721	0
P91001	Q9GYJ9	0
O17670	Q9U3S0	0
O01869	O01917	0
O45603	Q9N4I4	0
Q19294	Q20709	0
O44175	Q95QC4	0
O44606	Q9TXP7	0
O62195	Q21444	0
O45532	Q23158	0
O16850	gi:32566959	0
P51875	Q9U203	0
O61920	Q9XW40	0
P90740	Q18075	0
Q20048	Q9NAD6	0
O45521	O62238	0
Q9GT24	Q9U226	0
Q27383	Q9GYJ3	0
O45003	Q9XVL8	0
O16453	Q9XU77	0
P50880	Q03601	0
Q9GZG8	Q9XUL7	0
P91505	Q9TYT3	0
O01901	P50432	0
Q21355	Q27535	0
Q22619	Q9XW88	0
P50464	Q19902	0
P34563	Q17599	0
O17670	Q23087	0
O44738	gi:17556654	0
O02108	P53588	0
O01918	Q19019	0
O16453	Q19964	0
O61843	Q19969	0
Q22306	Q9U1W1	0
O44606	Q17446	0
P91001	Q19201	0
Q9XX38	gi:17554086	0
O16552	gi:17565204	0
O44720	Q21847	0
O62246	gi:17556923	0
Q17385	Q17868	0
Q23390	Q9GYJ3	0
O16364	Q9U1V2	0
O45521	O61208	0
P91505	P91551	0
Q94378	Q9TZ39	0
Q09620	Q19208	0
P91249	Q9NAN2	0
O02268	Q22306	0
O17915	Q9U5C1	0
O02108	Q95QD9	0
O16500	Q17491	0
Q9N2Z7	gi:17559072	0
Q09581	Q95QA3	0
Q93228	Q95QC4	0
Q95QA6	Q9XVX8	0
Q17732	gi:17554366	0
O01812	P30625	0
Q10929	gi:6042188	0
P91505	Q9TZ39	0
O16198	Q09560	0
Q20052	Q22886	0
Q22174	Q9XUY6	0
Q20002	gi:32565598	0
P61866	Q94420	0
Q17862	Q95QI3	0
P45962	gi:25146151	0
O16356	Q04908	0
Q17732	Q9XTB3	0
O02065	Q18341	0
O18672	Q20956	0
P34643	Q20709	0
O44740	O45603	0
Q09485	Q95QJ7	0
O02056	Q966M4	0
P92004	gi:30025087	0
P91821	gi:7105649	0
O44739	gi:6042188	0
O16500	P42171	0
Q17878	Q21318	0
Q18171	Q22227	0
O16519	O76621	0
Q17868	Q19294	0
Q965Q1	gi:17553604	0
O01482	Q19813	0
O62238	gi:17555086	0
P91080	Q17878	0
Q22179	Q22235	0
O16313	Q9GRZ0	0
Q9U240	Q9XU77	0
Q21898	gi:17558096	0
Q09294	Q23158	0
P18835	gi:32566959	0
O44606	Q20709	0
O44608	O45521	0
O02300	O45233	0
Q9GYJ9	Q9NF23	0
Q17359	Q20187	0
P17330	Q9XVA3	0
O45323	Q22123	0
O01964	Q23158	0
Q19275	Q93721	0
O45799	Q22227	0
O61967	P91400	0
Q95QA6	gi:32564021	0
O18054	Q93637	0
O02065	Q9XVB1	0
O01775	Q20778	0
P91015	gi:25150348	0
O16370	P41829	0
P91505	Q20742	0
Q21215	Q9XWP6	0
Q19766	Q9U3B7	0
Q9U3J5	gi:6042188	0
P90823	Q17878	0
O17214	P45972	0
Q20577	Q9N4B8	0
Q23158	Q93351	0
O01869	Q27471	0
O76562	Q20347	0
O45604	P91280	0
Q20577	Q22436	0
Q09456	Q95Y97	0
Q22847	Q9N582	0
P36573	gi:32565876	0
Q19835	Q9U2R6	0
P34383	Q9U1S2	0
Q9GRZ0	Q9N4B6	0
O17915	Q93716	0
O44606	Q19537	0
P48152	Q9XV50	0
P40614	Q18547	0
O45521	Q9NAF6	0
O18672	Q18668	0
Q20888	Q21463	0
Q18776	Q93601	0
O61521	gi:25150846	0
Q9XTC6	Q9XVA3	0
O17915	Q966M5	0
P91430	Q9BKS0	0
O02043	Q19853	0
Q9GYN4	gi:32564251	0
P36573	Q22048	0
Q19764	Q9XW40	0
O02065	Q20956	0
Q17648	Q9TZ39	0
Q22329	Q9TZ39	0
O18098	P34563	0
Q9U240	gi:17554796	0
Q19969	Q9XWW1	0
P34609	Q95YE2	0
Q03563	Q9U1S2	0
O44606	P91249	0
O45436	Q17935	0
P34383	Q22799	0
O02065	Q22027	0
O18302	Q20780	0
Q18776	gi:17554086	0
O01850	Q17878	0
O18180	Q9U3S0	0
P39745	Q95YF3	0
P34475	Q21036	0
P41886	Q9TYS3	0
Q22227	Q9XU77	0
P34460	Q20275	0
Q23158	Q9XVE6	0
Q04908	gi:25150846	0
Q95PZ0	gi:17554086	0
Q23120	gi:17536521	0
Q21139	Q9XU12	0
Q19416	gi:17563290	0
Q23215	Q9XWP6	0
O17567	Q22257	0
O01869	O62136	0
O16405	Q9XW88	0
Q23332	gi:14018161	0
Q22847	Q9NAD6	0
P91408	Q17339	0
P90745	Q22174	0
O18203	Q17782	0
P48156	Q9BL41	0
O18672	Q22781	0
O02237	gi:25150846	0
O44821	Q9XTE8	0
Q19905	Q9N4F3	0
O62505	Q18043	0
Q20052	Q9NES7	0
O01796	Q9U3S0	0
Q17539	Q22703	0
Q23158	Q9XVQ9	0
P91471	Q8MQ88	0
Q9UAH1	gi:17554302	0
Q20654	Q9Y048	0
Q94261	Q9UAT4	0
Q20647	gi:17554384	0
Q17878	Q9GYI4	0
Q10577	Q9U2E9	0
O01708	Q20742	0
P40614	Q9TZQ3	0
Q19138	Q9XVV3	0
Q23664	Q9N359	0
P91277	Q9U2J8	0
O16316	O17218	0
O45781	Q95ZV9	0
O18302	O18657	0
Q95Q26	Q95XK1	0
Q9XTE8	Q9XU77	0
P91409	Q17695	0
Q21130	Q9N582	0
P30625	Q19764	0
Q966M5	Q9U252	0
O45244	P91835	0
Q8MQE8	Q9TZ39	0
Q95ZK7	Q9GSX9	0
Q8MQE8	Q9GT24	0
Q10051	Q20742	0
P91149	Q9TZ39	0
O02053	Q9TZ39	0
O44608	Q9XU77	0
Q19211	gi:29570484	0
Q23390	Q9U3S0	0
P90731	gi:32566292	0
O18302	Q18938	0
Q09485	Q10457	0
P47991	Q21648	0
P39745	Q21075	0
Q21271	gi:27713522	0
O16511	O45922	0
Q17975	Q9N3T6	0
O01502	gi:14018161	0
O17982	Q22551	0
P47991	gi:25144646	0
Q19130	gi:6042188	0
Q22048	Q95X87	0
Q19969	Q9U302	0
P42171	P54412	0
O17763	Q9XU77	0
O61208	P17330	0
P91284	Q18529	0
P54412	P91001	0
Q20485	Q93721	0
Q9GYI4	Q9NAE1	0
O44732	Q9TZ39	0
P34340	gi:17554086	0
P34655	Q09248	0
Q22174	gi:17536605	0
O02056	Q9GYR5	0
Q20223	Q9TZ39	0
P91401	Q9GT24	0
O45797	gi:32564190	0
O44872	Q9Y048	0
Q17396	Q9TZ39	0
Q18605	Q95XM4	0
Q9TVZ6	gi:17556801	0
P91419	Q22886	0
Q20398	Q22227	0
P91453	Q9U4A6	0
Q20476	Q27535	0
O16510	Q9U2R6	0
P91503	Q22264	0
Q17359	Q22388	0
P10983	Q17878	0
Q21372	Q95QD9	0
P54412	Q9XU77	0
O18236	Q22618	0
Q09596	Q9TZ39	0
O45003	Q19201	0
O16393	Q20347	0
Q20709	Q95QA6	0
O18240	Q09456	0
P34657	gi:17508211	0
Q21361	gi:28894842	0
Q18688	Q21562	0
P52717	Q19980	0
O62272	Q21361	0
Q19854	Q9N597	0
Q22227	gi:25150846	0
O17169	Q21952	0
Q20062	Q9XVR7	0
O16313	Q19404	0
Q23158	Q9U1S2	0
Q17539	Q20332	0
Q19969	Q9N4L9	0
O17670	Q18783	0
Q965Q1	gi:25150348	0
O01869	O02303	0
Q03601	Q9XW40	0
O01894	Q03598	0
P34609	Q22227	0
O17695	Q21776	0
Q22179	Q95QA6	0
Q20689	Q9TXH9	0
Q9TXH9	gi:17554384	0
P34333	Q17539	0
Q09665	Q17446	0
P41941	Q9U3F9	0
O02056	Q18529	0
P34629	Q9XW79	0
Q20062	Q9TYY1	0
Q8MQ88	Q9NEN6	0
O17982	P46769	0
Q17381	Q9N4I4	0
Q19202	gi:17565204	0
Q10577	Q19257	0
Q22227	Q27531	0
Q09305	gi:25144646	0
P34655	Q9NAH3	0
P41829	Q22168	0
P91128	Q19433	0
P50464	Q9GUC8	0
O16453	P05690	0
P91280	Q27864	0
Q18605	Q9BJ56	0
O01530	P45962	0
Q27484	gi:25151901	0
P30642	Q9BIB7	0
O45784	Q9NES0	0
Q93637	Q9XX47	0
O17894	Q09665	0
Q18034	gi:17565204	0
Q23158	Q93637	0
O18302	Q9XTG8	0
P41829	Q20772	0
Q19555	Q9U9Y8	0
O01901	Q09510	0
Q09511	Q9XUY6	0
Q9XVA3	gi:32698022	0
P98080	Q93230	0
Q21746	Q21971	0
O44739	O45521	0
