protein_a,protein_b,label,y_prob
gi:19922106,gi:24650873,1,1.0
gi:24654854,gi:24668642,1,1.0
gi:20130261,gi:24585943,1,1.0
P08570,P29310,1,1.0
gi:17562344,gi:25150348,1,1.0
Q19294,gi:17552052,1,1.0
Q27297,gi:24643394,1,1.0
P48588,gi:24649427,1,1.0
P55841,gi:24649109,1,1.0
P34659,Q20772,1,1.0
Q9W2N0,gi:24584167,1,1.0
O61348,gi:24651524,1,1.0
gi:17136286,gi:19921464,1,1.0
gi:24641555,gi:28571660,1,1.0
gi:17136212,gi:24653856,1,1.0
O61345,gi:19922640,1,1.0
gi:24652808,gi:24653096,1,1.0
gi:24643702,gi:24646440,1,1.0
Q17446,Q9TZ16,1,1.0
gi:22024283,gi:28571447,1,1.0
gi:19921254,gi:24580716,1,1.0
P09372,P77145,1,1.0
Q18885,Q9N2Z8,1,1.0
P91419,Q9U1T6,1,1.0
gi:19921132,gi:21357761,1,1.0
gi:21358039,gi:28571396,1,1.0
P04475,P77645,1,1.0
O44226,gi:24584798,1,1.0
Q03017,gi:19922726,1,1.0
Q8MSF5,gi:24638862,1,1.0
P24991,P75978,1,1.0
gi:21355383,gi:21358297,1,1.0
gi:24638609,gi:24667117,1,1.0
P02937,P19935,1,1.0
gi:24580817,gi:24650658,1,1.0
gi:21355125,gi:24667063,1,1.0
O16500,Q17400,1,1.0
Q18776,gi:32566959,1,1.0
P03002,P36659,1,1.0
gi:24655630,gi:24660200,1,1.0
Q20476,Q22174,1,1.0
P06959,P37326,1,1.0
P08622,P17169,1,1.0
gi:24585147,gi:24640817,1,1.0
gi:17530949,gi:20128985,1,1.0
Q9VRV7,gi:24646232,1,1.0
P48592,gi:24655245,1,1.0
gi:20129499,gi:24654082,1,1.0
P34604,Q22174,1,1.0
gi:24639715,gi:24642561,1,1.0
P91277,Q95QZ7,1,1.0
P45972,Q9TXH9,1,1.0
O46308,gi:21356797,1,1.0
P08756,P42550,1,1.0
gi:21357817,gi:24650248,1,1.0
gi:19921376,gi:22024283,1,1.0
gi:19920344,gi:28573207,1,1.0
gi:20128863,gi:21357737,1,1.0
P91419,Q23050,1,1.0
P03815,P30139,1,1.0
O02076,Q94420,1,1.0
P04475,P37192,1,1.0
gi:17933748,gi:24661787,1,1.0
gi:24580908,gi:24643822,1,1.0
P21517,P29209,1,1.0
gi:17352479,gi:24640430,1,1.0
O01775,P91249,1,1.0
gi:17137296,gi:20130299,1,1.0
gi:17137224,gi:28573951,1,1.0
P36929,P36996,1,1.0
Q9W2D9,gi:21356739,1,1.0
gi:24582813,gi:24665821,1,1.0
gi:24580815,gi:24644059,1,1.0
gi:20129123,gi:24643822,1,1.0
P82910,gi:28572129,1,1.0
P10443,P22106,1,1.0
P28750,gi:24652652,1,1.0
P29310,Q9VQQ9,1,1.0
Q9XXK1,gi:32563802,1,1.0
P23023,gi:24641156,1,1.0
P09557,P18196,1,1.0
Q9VYD7,gi:21356265,1,1.0
P50882,gi:28573799,1,1.0
gi:24647270,gi:28573631,1,1.0
gi:17647979,gi:24584032,1,1.0
Q02360,gi:21358325,1,1.0
gi:21358103,gi:24655053,1,1.0
gi:19920808,gi:28574726,1,1.0
P07188,gi:19920692,1,1.0
gi:17986113,gi:28571412,1,1.0
gi:24584893,gi:24644735,1,1.0
P14130,gi:24647905,1,1.0
gi:17530857,gi:24648536,1,1.0
P91820,Q9BL58,1,1.0
Q9VSH3,gi:24653302,1,1.0
O16797,gi:24667277,1,1.0
gi:21357683,gi:24584167,1,1.0
gi:24639368,gi:24665331,1,1.0
gi:24581572,gi:28574303,1,1.0
gi:24665144,gi:24666240,1,1.0
Q19932,Q9GYH7,1,1.0
P02428,P32679,1,1.0
Q09485,Q18042,1,1.0
gi:17136378,gi:24666096,1,1.0
O45521,Q9TZI2,1,1.0
gi:20129903,gi:24650420,1,1.0
P14081,P21499,1,1.0
gi:24584828,gi:24651179,1,1.0
P19538,gi:24650584,1,1.0
P17288,P75750,1,1.0
gi:21356397,gi:28571678,1,1.0
gi:24650758,gi:24663500,1,1.0
P00577,P25521,1,1.0
gi:24649646,gi:30923711,1,1.0
P09082,gi:24657782,1,1.0
Q9VFC8,gi:24641148,1,1.0
gi:17137074,gi:21356367,1,1.0
P23931,P39171,1,1.0
gi:21357343,gi:24652842,1,1.0
P09152,P11349,1,1.0
gi:24657989,gi:24662729,1,1.0
Q23158,Q23546,1,1.0
Q19899,gi:17542650,1,1.0
Q9VQQ9,gi:17647589,1,1.0
P00892,P02342,1,1.0
P06958,P24236,1,1.0
gi:21357875,gi:24655577,1,1.0
gi:24655153,gi:24663304,1,1.0
Q9NES7,Q9XVA3,1,1.0
O01802,Q9XVA3,1,1.0
gi:21355617,gi:28573115,1,1.0
Q9VPS5,gi:24655250,1,1.0
P05205,gi:24659188,1,1.0
P02358,P21499,1,1.0
gi:24581067,gi:24585943,1,1.0
gi:24580597,gi:24649695,1,1.0
gi:21358631,gi:24762426,1,1.0
Q03708,Q47112,1,1.0
gi:19921312,gi:24652842,1,1.0
P49071,gi:24647942,1,1.0
O96860,gi:21358019,1,1.0
gi:24642134,gi:24663802,1,1.0
O17887,Q9XU12,1,1.0
P45890,gi:24585681,1,1.0
Q02361,gi:17933624,1,1.0
gi:20129165,gi:24641786,1,1.0
Q24180,gi:24641682,1,1.0
gi:22024283,gi:24661073,1,1.0
Q9VAS7,gi:20129563,1,1.0
P76543,P77319,1,1.0
gi:24649047,gi:28573276,1,1.0
gi:21355799,gi:24652235,1,1.0
gi:19920984,gi:24668820,1,1.0
P00034,gi:24638845,1,1.0
gi:21357817,gi:24585240,1,1.0
P02923,P03005,1,1.0
gi:19920866,gi:24666524,1,1.0
P14081,P21507,1,1.0
gi:21356739,gi:28573879,1,1.0
P04790,P29745,1,1.0
P02364,P75707,1,1.0
gi:24583929,gi:24652930,1,1.0
gi:19922992,gi:24583791,1,1.0
P45889,gi:24581873,1,1.0
gi:24651339,gi:24659451,1,1.0
gi:18543285,gi:24647897,1,1.0
P18289,gi:24639581,1,1.0
P82147,gi:28573278,1,1.0
gi:19920604,gi:24638862,1,1.0
P53017,Q17359,1,1.0
gi:24643702,gi:24644797,1,1.0
P30625,Q94407,1,1.0
gi:24642670,gi:24644797,1,1.0
O17915,O76579,1,1.0
O77051,gi:24640959,1,1.0
Q8INW0,gi:24646212,1,1.0
gi:17137578,gi:24645058,1,1.0
Q9VSS2,gi:24642523,1,1.0
gi:17647503,gi:24644870,1,1.0
gi:21357147,gi:21357817,1,1.0
Q24564,gi:24656486,1,1.0
P00579,P03003,1,1.0
gi:21355383,gi:24663336,1,1.0
gi:24643447,gi:24652733,1,1.0
gi:17136412,gi:24580716,1,1.0
gi:17647755,gi:28573310,1,1.0
P40427,gi:24665928,1,1.0
P04475,P15048,1,1.0
gi:19920776,gi:24654828,1,1.0
gi:24667117,gi:28574726,1,1.0
gi:17137804,gi:17647877,1,1.0
gi:24583067,gi:24643702,1,1.0
P11989,P76197,1,1.0
gi:24654934,gi:28572036,1,1.0
gi:19922106,gi:24654479,1,1.0
gi:24641781,gi:24668405,1,1.0
gi:24644413,gi:28573278,1,1.0
Q9VL18,gi:24662946,1,1.0
P00528,gi:21356741,1,1.0
gi:17864460,gi:24580817,1,1.0
P03007,P06710,1,1.0
gi:19921122,gi:24668006,1,1.0
P22807,gi:24643447,1,1.0
gi:24581061,gi:28571791,1,1.0
gi:17647759,gi:24644617,1,1.0
Q9W0V1,gi:24642799,1,1.0
gi:24582816,gi:24641620,1,1.0
P55828,gi:28573729,1,1.0
gi:22024283,gi:24648917,1,1.0
gi:24585353,gi:24648294,1,1.0
P28909,P39099,1,1.0
gi:24582628,gi:24648942,1,1.0
O01869,Q18967,1,1.0
P00647,P15043,1,1.0
gi:20129095,gi:24667207,1,1.0
gi:21356723,gi:24668321,1,1.0
gi:24648942,gi:24650356,1,1.0
P09097,P0A6N1,1,1.0
gi:17933532,gi:20128797,1,1.0
gi:24585156,gi:24668444,1,1.0
gi:17136212,gi:24658707,1,1.0
gi:24640578,gi:24662650,1,1.0
Q9XTM1,gi:22026966,1,1.0
P43672,P76440,1,1.0
gi:24643937,gi:24654644,1,1.0
gi:28573565,gi:28573982,1,1.0
gi:24658940,gi:28574886,1,1.0
P05796,P11096,1,1.0
P38979,gi:28572057,1,1.0
gi:24580815,gi:24655121,1,1.0
gi:21356727,gi:24655806,1,1.0
Q24337,gi:17647815,1,1.0
P54191,gi:28558744,1,1.0
gi:24663043,gi:24668018,1,1.0
Q21361,Q9TZ39,1,1.0
gi:21357817,gi:24661811,1,1.0
Q24564,gi:28573291,1,1.0
gi:21356741,gi:24641148,1,1.0
gi:24649250,gi:24663336,1,1.0
Q9V407,gi:24583312,1,1.0
P27091,gi:24582094,1,1.0
Q18986,Q22174,1,1.0
gi:22024283,gi:24643634,1,1.0
O17445,gi:24653614,1,1.0
P08928,P52295,1,1.0
gi:24642517,gi:24649080,1,1.0
gi:18859973,gi:24662288,1,1.0
Q94514,gi:17137506,1,1.0
gi:17555418,gi:25148095,1,1.0
gi:24585240,gi:24652438,1,1.0
P17963,P33232,1,1.0
O17915,P46769,1,1.0
P22807,gi:24584547,1,1.0
Q19019,Q9U3E3,1,1.0
gi:17137184,gi:24762582,1,1.0
Q8T053,gi:24652823,1,1.0
gi:17136854,gi:18858161,1,1.0
gi:19922100,gi:24586193,1,1.0
gi:24582018,gi:24643702,1,1.0
Q93654,gi:17553832,1,1.0
P19109,Q9VJD2,1,1.0
gi:20130417,gi:24643250,1,1.0
gi:24582714,gi:24640268,1,1.0
gi:24644677,gi:24656644,1,1.0
Q9V564,gi:19922650,1,1.0
Q9W5U2,gi:24582283,1,1.0
Q95SK3,gi:17737503,1,1.0
O17670,Q9XZI6,1,1.0
P02354,P36659,1,1.0
gi:24581429,gi:24647137,1,1.0
Q9VC27,gi:24666493,1,1.0
P02371,P33635,1,1.0
gi:24660416,gi:24662431,1,1.0
Q9W4P5,gi:24664660,1,1.0
gi:24581838,gi:24656841,1,1.0
P15330,Q8MSF5,1,1.0
Q95QA6,gi:32564316,1,1.0
gi:20128985,gi:24586270,1,1.0
gi:24664191,gi:28558744,1,1.0
gi:17737727,gi:24645368,1,1.0
P06958,P14294,1,1.0
gi:19922106,gi:24651236,1,1.0
gi:24641689,gi:24654479,1,1.0
P36975,gi:24638845,1,1.0
gi:20129617,gi:24640334,1,1.0
gi:20129257,gi:24640973,1,1.0
P02389,P02999,1,1.0
P00892,P02341,1,1.0
gi:17136488,gi:24641127,1,1.0
Q9VVN2,gi:24639301,1,1.0
O18302,O45865,1,1.0
gi:19922906,gi:20129123,1,1.0
gi:24653385,gi:24667063,1,1.0
Q94516,gi:19921458,1,1.0
P37159,gi:24652101,1,1.0
gi:21357871,gi:24585240,1,1.0
gi:19922382,gi:24664219,1,1.0
gi:17137800,gi:28571234,1,1.0
gi:20130425,gi:24654479,1,1.0
gi:17136948,gi:24641148,1,1.0
Q06559,gi:21355913,1,1.0
gi:21356023,gi:24639687,1,1.0
gi:17737385,gi:20129403,1,1.0
gi:24646032,gi:24659451,1,1.0
P0A6F5,P14374,1,1.0
Q9TZ39,Q9XVK6,1,1.0
P22058,gi:17136826,1,1.0
P02392,P29464,1,1.0
gi:19921112,gi:24638862,1,1.0
gi:19920604,gi:24646782,1,1.0
P52874,gi:32566570,1,1.0
gi:21357761,gi:24640258,1,1.0
gi:24646073,gi:24655623,1,1.0
Q20207,Q9TZ39,1,1.0
Q9VPS5,gi:24667403,1,1.0
P54811,Q9TXH9,1,1.0
gi:17647523,gi:19922956,1,1.0
Q21580,Q9UAX1,1,1.0
O44606,P91307,1,1.0
gi:19921710,gi:24651339,1,1.0
gi:21356823,gi:24641790,1,1.0
P10904,P19245,1,1.0
gi:24581467,gi:24644349,1,1.0
P02835,gi:24644057,1,1.0
Q8MSF5,gi:24642876,1,1.0
gi:24641427,gi:24654479,1,1.0
gi:28571615,gi:28572980,1,1.0
P02351,P43329,1,1.0
Q8T0S6,gi:28574527,1,1.0
gi:24638987,gi:24641935,1,1.0
P16921,P22634,1,1.0
O96860,gi:24641792,1,1.0
Q24404,gi:24667246,1,1.0
P02351,P76594,1,1.0
Q23158,Q9Y048,1,1.0
Q9XTM1,gi:20129011,1,1.0
gi:19921340,gi:24640011,1,1.0
Q18776,Q20052,1,1.0
gi:20130299,gi:24656954,1,1.0
P41073,gi:24650851,1,1.0
Q17878,Q21075,1,1.0
P11455,gi:18543285,1,1.0
gi:22024201,gi:22024283,1,1.0
gi:17137568,gi:24645053,1,1.0
Q9VCZ8,gi:21358483,1,1.0
gi:24648615,gi:24664191,1,1.0
P17886,gi:24668820,1,1.0
gi:23397623,gi:24656849,1,1.0
O62216,P39745,1,1.0
P02356,P08756,1,1.0
P02372,P21499,1,1.0
P00574,P06958,1,1.0
O77260,gi:24640353,1,1.0
Q9VD25,gi:17136732,1,1.0
P00892,P21499,1,1.0
gi:24653448,gi:24653708,1,1.0
gi:24582283,gi:24639021,1,1.0
gi:18858161,gi:24584828,1,1.0
gi:20130017,gi:24647193,1,1.0
P46863,gi:24583622,1,1.0
P02392,P16921,1,1.0
Q9XVZ2,gi:17565204,1,1.0
P02843,gi:21357897,1,1.0
gi:24638718,gi:24657684,1,1.0
gi:17933722,gi:28572036,1,1.0
gi:18859927,gi:19921076,1,1.0
gi:19922206,gi:24650984,1,1.0
gi:21356927,gi:24661136,1,1.0
gi:21357211,gi:24664652,1,1.0
P21165,P33643,1,1.0
gi:17864566,gi:24648954,1,1.0
P52485,gi:17136368,1,1.0
gi:17136720,gi:19922628,1,1.0
O16500,O62416,1,1.0
P31119,P36979,1,1.0
gi:19920576,gi:24642021,1,1.0
P11457,P27430,1,1.0
O61348,gi:19920776,1,1.0
Q27297,Q9W123,1,1.0
gi:22024244,gi:24646009,1,1.0
P02392,P06710,1,1.0
gi:17933604,gi:24642799,1,1.0
P00954,P02356,1,1.0
gi:24642799,gi:24648574,1,1.0
Q9VDD9,gi:28573544,1,1.0
P02436,P10413,1,1.0
P02901,Q47718,1,1.0
P17276,gi:24661022,1,1.0
P28224,P45802,1,1.0
gi:24585353,gi:24648281,1,1.0
Q9VG82,gi:24656903,1,1.0
P32721,P75838,1,1.0
Q05856,gi:24653448,1,1.0
Q9VCR6,gi:18860011,1,1.0
gi:21355917,gi:24643702,1,1.0
P42570,gi:24668417,1,1.0
gi:24583691,gi:24653667,1,1.0
gi:24647901,gi:24663352,1,1.0
P16241,gi:24650420,1,1.0
P02389,P14374,1,1.0
gi:24641689,gi:24659451,1,1.0
gi:18543299,gi:24582016,1,1.0
gi:17737777,gi:18859931,1,1.0
O18672,Q9U1P3,1,1.0
gi:17352479,gi:24584043,1,1.0
P12982,gi:28571100,1,1.0
P06612,P08936,1,1.0
gi:24656678,gi:28571768,1,1.0
gi:17136720,gi:28572036,1,1.0
Q9VI10,gi:21358059,1,1.0
Q03017,gi:21357483,1,1.0
gi:24662518,gi:24665583,1,1.0
gi:19920572,gi:24658177,1,1.0
gi:24581901,gi:28571481,1,1.0
P00892,P02359,1,1.0
P00579,P76211,1,1.0
P0A6F5,P77395,1,1.0
gi:24650348,gi:28573310,1,1.0
O46036,P08044,1,1.0
gi:24645553,gi:24652930,1,1.0
gi:24660923,gi:24664852,1,1.0
gi:24582473,gi:24653674,1,1.0
Q01083,Q24174,1,1.0
P0A6N1,P23839,1,1.0
gi:18859735,gi:21356595,1,1.0
gi:21356227,gi:24654441,1,1.0
P02835,gi:24667829,1,1.0
Q19294,Q23425,1,1.0
gi:21357471,gi:21687222,1,1.0
Q9XTM1,gi:24658707,1,1.0
P92004,Q21361,1,1.0
P25007,gi:24657052,1,1.0
Q9XZT6,gi:24666702,1,1.0
P02843,gi:24650035,1,1.0
gi:24582006,gi:24586621,1,1.0
Q95QC0,gi:7105649,1,1.0
gi:18858099,gi:24650196,1,1.0
gi:24650311,gi:24662431,1,1.0
gi:24645421,gi:24647557,1,1.0
gi:18858137,gi:24584804,1,1.0
Q09490,Q21493,1,1.0
P17580,P23304,1,1.0
Q23520,Q8ITW6,1,1.0
P02366,P02379,1,1.0
gi:24655474,gi:24657023,1,1.0
P31600,gi:16130421,1,1.0
gi:17137092,gi:17737881,1,1.0
gi:24585405,gi:24643652,1,1.0
P02410,P24245,1,1.0
gi:18859665,gi:24658927,1,1.0
gi:19920412,gi:28573763,1,1.0
gi:19922516,gi:24659953,1,1.0
gi:24642247,gi:24642884,1,1.0
Q95QI7,gi:17554796,1,1.0
Q9VNA5,gi:24640683,1,1.0
gi:20130151,gi:24659367,1,1.0
Q19877,Q22837,1,1.0
gi:19921030,gi:28572057,1,1.0
gi:17865831,gi:24643151,1,1.0
O45521,Q93831,1,1.0
Q8MQE8,Q9NAD6,1,1.0
gi:17864566,gi:24580900,1,1.0
P48603,gi:21357151,1,1.0
gi:19922668,gi:24583043,1,1.0
O46106,gi:24647566,1,1.0
P00574,P06613,1,1.0
gi:19920824,gi:21355851,1,1.0
gi:24661073,gi:28573773,1,1.0
gi:24644735,gi:28571660,1,1.0
gi:24645446,gi:24647779,1,1.0
gi:24654017,gi:24659237,1,1.0
P02410,P06612,1,1.0
gi:21357911,gi:21358313,1,1.0
gi:24668309,gi:28574468,1,1.0
gi:20129643,gi:24660923,1,1.0
Q9V8K2,gi:24638982,1,1.0
P02364,P31120,1,1.0
P33635,Q46930,1,1.0
gi:24646365,gi:24666096,1,1.0
gi:24645476,gi:24647270,1,1.0
P10734,gi:24585943,1,1.0
P02370,P32052,1,1.0
Q24337,gi:21357711,1,1.0
P40427,gi:24640951,1,1.0
Q20347,Q23144,1,1.0
gi:20130175,gi:24583965,1,1.0
gi:17137576,gi:18858055,1,1.0
Q24564,gi:24664979,1,1.0
P02384,P19675,1,1.0
P02359,P39159,1,1.0
P27091,gi:24655034,1,1.0
P54269,P54353,1,1.0
P22563,P76037,1,1.0
Q9U405,gi:21356747,1,1.0
O44783,gi:24649385,1,1.0
P17886,gi:24655187,1,1.0
O01492,Q8MQ88,1,1.0
P15716,P29209,1,1.0
Q9VSS2,gi:24667063,1,1.0
gi:24647905,gi:28573095,1,1.0
P23304,P37315,1,1.0
P91277,Q95X44,1,1.0
P52872,Q95Q26,1,1.0
P02341,P45571,1,1.0
gi:21357761,gi:24651212,1,1.0
P02995,P04475,1,1.0
gi:24639687,gi:24655003,1,1.0
Q94514,gi:28573583,1,1.0
gi:24582813,gi:24650248,1,1.0
gi:24641298,gi:24645425,1,1.0
O77469,Q95QC4,1,1.0
gi:18543285,gi:24648281,1,1.0
O46036,gi:24638845,1,1.0
P02372,P07906,1,1.0
gi:24649007,gi:24663246,1,1.0
gi:19921122,gi:21357871,1,1.0
P08570,gi:24654872,1,1.0
P21914,gi:24582879,1,1.0
gi:24648083,gi:24649389,1,1.0
P16371,gi:17136854,1,1.0
gi:24585335,gi:24653350,1,1.0
gi:20130399,gi:21357181,1,1.0
gi:24648531,gi:24648668,1,1.0
P02931,P19934,1,1.0
gi:24649904,gi:30923691,1,1.0
gi:17998687,gi:24663228,1,1.0
gi:24583436,gi:24643118,1,1.0
gi:17136864,gi:24655153,1,1.0
gi:17137188,gi:21357653,1,1.0
gi:24650208,gi:24657216,1,1.0
gi:24640501,gi:24657689,1,1.0
gi:21356191,gi:28573879,1,1.0
gi:21355909,gi:24662518,1,1.0
gi:24663824,gi:24665966,1,1.0
O17915,P27798,1,1.0
P30625,Q9U1U3,1,1.0
Q22174,Q9U2E9,1,1.0
gi:24659404,gi:28571341,1,1.0
P36573,Q9XW17,1,1.0
gi:21355265,gi:24649169,1,1.0
gi:19922260,gi:19922816,1,1.0
gi:21357105,gi:24585759,1,1.0
gi:24654017,gi:24660720,1,1.0
Q966C6,gi:17536605,1,1.0
gi:17137644,gi:24662830,1,1.0
P48588,gi:24654479,1,1.0
Q8MSF5,gi:21355303,1,1.0
P00960,P13519,1,1.0
P08622,P32691,1,1.0
gi:19921294,gi:24586485,1,1.0
O62272,gi:6042188,1,1.0
gi:17986113,gi:28574635,1,1.0
Q9W4E2,gi:17137572,1,1.0
gi:24645446,gi:24654916,1,1.0
gi:18543285,gi:21355081,1,1.0
P19538,gi:24646369,1,1.0
P09152,P28694,1,1.0
gi:24581061,gi:24640971,1,1.0
P00574,P08390,1,1.0
gi:19921112,gi:20130247,1,1.0
gi:23397621,gi:28571660,1,1.0
P00892,P02390,1,1.0
P05050,P45476,1,1.0
P0A6F5,P25665,1,1.0
gi:17137700,gi:17647755,1,1.0
O45293,Q23440,1,1.0
gi:21357211,gi:24639347,1,1.0
gi:24643081,gi:24644422,1,1.0
P17886,Q9VGX3,1,1.0
P13098,gi:19921162,1,1.0
Q24297,gi:21358059,1,1.0
O45603,Q20308,1,1.0
gi:19921312,gi:19921346,1,1.0
gi:24649025,gi:24649695,1,1.0
gi:21356797,gi:24646318,1,1.0
gi:21355531,gi:24642543,1,1.0
O17801,Q21022,1,1.0
gi:20128797,gi:21358423,1,1.0
gi:19921648,gi:24584547,1,1.0
gi:24652101,gi:24658567,1,1.0
gi:24641344,gi:24654465,1,1.0
gi:24654586,gi:24655170,1,1.0
P49029,Q21832,1,1.0
gi:24648755,gi:24667089,1,1.0
Q24320,gi:24649345,1,1.0
O01901,O44741,1,1.0
P00955,P08324,1,1.0
P02386,P22523,1,1.0
Q8INW0,gi:21355361,1,1.0
Q9XU80,gi:17554366,1,1.0
P14318,gi:21357737,1,1.0
P02359,P76195,1,1.0
P02356,P76195,1,1.0
P33916,P39199,1,1.0
gi:24645425,gi:24657974,1,1.0
gi:24640804,gi:24652999,1,1.0
gi:20129227,gi:24583691,1,1.0
gi:17647993,gi:24655577,1,1.0
gi:19920746,gi:24641790,1,1.0
P00892,P02420,1,1.0
Q05201,gi:24650356,1,1.0
Q8T053,gi:28574900,1,1.0
P17704,gi:24651454,1,1.0
Q8MQ56,Q93510,1,1.0
P02423,P18133,1,1.0
gi:24639774,gi:24642484,1,1.0
Q27350,gi:24658585,1,1.0
gi:24640177,gi:24648397,1,1.0
O44739,Q22123,1,1.0
Q9N3H9,gi:32566959,1,1.0
gi:24644994,gi:28574153,1,1.0
O45268,Q17878,1,1.0
gi:24653674,gi:24660416,1,1.0
gi:24651671,gi:24658770,1,1.0
gi:24650346,gi:28573310,1,1.0
gi:17137224,gi:17864254,1,1.0
O62195,O62203,1,1.0
Q19101,Q9TZ39,1,1.0
P08570,gi:24663462,1,1.0
O16500,P90913,1,1.0
P42287,gi:21357745,1,1.0
P29355,Q9XU98,1,1.0
O02482,Q9XVV3,1,1.0
P02901,P31119,1,1.0
gi:24653912,gi:28574303,1,1.0
gi:18543215,gi:24641449,1,1.0
P09152,P19317,1,1.0
gi:24580914,gi:24645053,1,1.0
gi:24584906,gi:24644242,1,1.0
P08175,gi:24662729,1,1.0
Q9VVX3,gi:20130151,1,1.0
Q05201,gi:24641689,1,1.0
gi:20129999,gi:24585345,1,1.0
gi:18858217,gi:24638585,1,1.0
gi:20129227,gi:24665297,1,1.0
gi:20128985,gi:21355513,1,1.0
gi:20129063,gi:24648484,1,1.0
gi:18857975,gi:24659237,1,1.0
gi:17137738,gi:18859711,1,1.0
gi:17137616,gi:21358039,1,1.0
gi:17137188,gi:19921122,1,1.0
gi:17737989,gi:18859825,1,1.0
P04475,P11604,1,1.0
P02356,P24229,1,1.0
gi:24649579,gi:24649904,1,1.0
O46036,gi:24585029,1,1.0
gi:18859761,gi:24638591,1,1.0
gi:20129961,gi:24643413,1,1.0
P06138,P27433,1,1.0
gi:24645542,gi:24647638,1,1.0
gi:24660188,gi:28572977,1,1.0
gi:21356859,gi:24651234,1,1.0
gi:24667117,gi:28573310,1,1.0
O17445,gi:24647905,1,1.0
Q9W5Q2,gi:24582172,1,1.0
Q8T498,gi:21356995,1,1.0
P17886,gi:24646884,1,1.0
gi:24583436,gi:24645011,1,1.0
Q9VLP3,gi:24663246,1,1.0
gi:20129165,gi:28573393,1,1.0
P22256,P36997,1,1.0
P07906,P76245,1,1.0
gi:20129299,gi:24641148,1,1.0
gi:17136732,gi:24660923,1,1.0
P04993,P0A6F5,1,1.0
gi:21358407,gi:24640426,1,1.0
gi:21357227,gi:24580731,1,1.0
gi:24643118,gi:24652897,1,1.0
gi:28573607,gi:28574635,1,1.0
gi:21355995,gi:28571878,1,1.0
gi:24585499,gi:24650971,1,1.0
gi:17647959,gi:28573795,1,1.0
P18502,gi:24645216,1,1.0
gi:24585765,gi:24646607,1,1.0
Q24404,gi:24641935,1,1.0
Q20455,Q22068,1,1.0
gi:20304107,gi:24651265,1,1.0
gi:21357817,gi:21358077,1,1.0
Q8INW0,gi:24642588,1,1.0
P14130,gi:19921286,1,1.0
gi:18858239,gi:19920472,1,1.0
gi:17647503,gi:24647369,1,1.0
gi:21355383,gi:24643118,1,1.0
gi:24582746,gi:24639715,1,1.0
P24245,P37314,1,1.0
gi:18860017,gi:24666886,1,1.0
Q9NAI6,Q9XYC3,1,1.0
P08177,P39336,1,1.0
gi:17137002,gi:19921842,1,1.0
gi:24646947,gi:28574115,1,1.0
gi:19921672,gi:24762642,1,1.0
gi:18079297,gi:24656500,1,1.0
P04475,P33138,1,1.0
gi:24640353,gi:24655053,1,1.0
P45972,Q8MNT9,1,1.0
gi:24644504,gi:24667211,1,1.0
gi:20130399,gi:24638625,1,1.0
Q17635,gi:17554366,1,1.0
P02358,P02374,1,1.0
gi:17933722,gi:24582643,1,1.0
gi:24648615,gi:24649564,1,1.0
O45521,Q95Y97,1,1.0
gi:21357653,gi:24654144,1,1.0
gi:19920692,gi:28574950,1,1.0
P00583,P15277,1,1.0
gi:20130151,gi:24638864,1,1.0
gi:24641640,gi:24647058,1,1.0
P03018,P19675,1,1.0
P48588,Q9VRB3,1,1.0
gi:20129425,gi:24582172,1,1.0
gi:24582006,gi:24762837,1,1.0
P02388,P25663,1,1.0
Q9VLP3,gi:24659237,1,1.0
gi:19921660,gi:28573264,1,1.0
gi:24641535,gi:24649427,1,1.0
P02410,P28909,1,1.0
P17579,P77216,1,1.0
Q22799,Q9XWV8,1,1.0
gi:24640806,gi:24649834,1,1.0
gi:19920778,gi:24645115,1,1.0
P14374,P39168,1,1.0
P09491,gi:24642547,1,1.0
P23845,P36681,1,1.0
gi:24649158,gi:24657739,1,1.0
P02371,P07028,1,1.0
P16921,P75830,1,1.0
gi:24651690,gi:24654041,1,1.0
P00892,P23830,1,1.0
gi:21355909,gi:24663336,1,1.0
gi:24648858,gi:24663246,1,1.0
gi:21356947,gi:28574764,1,1.0
P06996,P13519,1,1.0
Q9U2R6,gi:32698022,1,1.0
P13060,Q9W5R8,1,1.0
Q01083,gi:21357743,1,1.0
gi:19921856,gi:28574757,1,1.0
gi:20128797,gi:24582370,1,1.0
P02824,gi:24647905,1,1.0
O18257,Q09535,1,1.0
gi:21355783,gi:21355785,1,1.0
Q9VSH3,gi:24649797,1,1.0
gi:21357817,gi:28573486,1,1.0
P15770,P31064,1,1.0
gi:19922070,gi:24642547,1,1.0
Q05856,gi:24648296,1,1.0
Q9VSS2,gi:19922014,1,1.0
gi:24643151,gi:28573467,1,1.0
O16519,O45521,1,1.0
gi:19920382,gi:19922266,1,1.0
O16393,Q9TZ39,1,1.0
gi:19920350,gi:28573740,1,1.0
O77051,P20348,1,1.0
P02428,P36979,1,1.0
P02339,P46022,1,1.0
gi:24654479,gi:24660720,1,1.0
O77260,gi:21355909,1,1.0
gi:24646199,gi:24656772,1,1.0
P82910,gi:24663027,1,1.0
gi:24641434,gi:24651924,1,1.0
gi:17137760,gi:24655245,1,1.0
gi:17137620,gi:24653538,1,1.0
O62619,gi:28571823,1,1.0
Q94524,gi:24645589,1,1.0
gi:24585091,gi:24649824,1,1.0
P0A6F5,Q59384,1,1.0
Q01644,gi:24580813,1,1.0
gi:19921106,gi:28571506,1,1.0
gi:24665958,gi:28574284,1,1.0
gi:17864572,gi:24662431,1,1.0
Q9VXK0,gi:24646496,1,1.0
Q06849,Q24117,1,1.0
gi:24584007,gi:24586067,1,1.0
P02375,P23304,1,1.0
Q27297,gi:24656362,1,1.0
gi:17136732,gi:21355555,1,1.0
gi:20128797,gi:21357169,1,1.0
P02359,P29464,1,1.0
P10413,P37095,1,1.0
O18134,Q9XU77,1,1.0
gi:17864244,gi:24645053,1,1.0
Q9XVP9,gi:17542710,1,1.0
P02990,P45803,1,1.0
O16580,Q19937,1,1.0
gi:18543285,gi:24651092,1,1.0
gi:21356595,gi:24648514,1,1.0
P00034,gi:24643106,1,1.0
gi:18543289,gi:24640119,1,1.0
Q965Q1,Q9XUB3,1,1.0
P15254,P15716,1,1.0
Q08012,gi:24663246,1,1.0
P21499,P75864,1,1.0
Q23982,gi:20128977,1,1.0
P04384,P32168,1,1.0
gi:24668321,gi:28572980,1,1.0
P28631,P77395,1,1.0
Q94524,gi:21356073,1,1.0
gi:21358569,gi:24648294,1,1.0
gi:24651395,gi:28573949,1,1.0
Q22631,Q8MYQ1,1,1.0
gi:24580731,gi:24664506,1,1.0
P49258,gi:24585705,1,1.0
gi:17137252,gi:24640268,1,1.0
Q02748,gi:28573563,1,1.0
gi:20130085,gi:24651703,1,1.0
gi:24649250,gi:24667063,1,1.0
gi:20130121,gi:24582212,1,1.0
P05704,P32661,1,1.0
gi:19920978,gi:24644165,1,1.0
P02356,P15082,1,1.0
gi:19920696,gi:24650124,1,1.0
gi:17137616,gi:24647759,1,1.0
gi:21357387,gi:24667322,1,1.0
gi:24666721,gi:24667059,1,1.0
P11449,gi:20129061,1,1.0
P02518,gi:28571216,1,1.0
P04197,gi:24762775,1,1.0
gi:24645384,gi:24650168,1,1.0
Q9U289,Q9Y048,1,1.0
gi:24650346,gi:24657504,1,1.0
gi:19921710,gi:22024016,1,1.0
Q22936,Q9TZ39,1,1.0
P22187,P29131,1,1.0
gi:21356481,gi:24583294,1,1.0
P00575,P00824,1,1.0
Q20084,Q20486,1,1.0
P25171,gi:28571356,1,1.0
P07004,P10904,1,1.0
P11880,P20082,1,1.0
gi:21356337,gi:24668563,1,1.0
Q9UAY0,Q9XVA3,1,1.0
gi:20129745,gi:24644207,1,1.0
P23757,gi:24643518,1,1.0
P04384,P33138,1,1.0
P19109,gi:24642523,1,1.0
gi:24646034,gi:24653797,1,1.0
gi:19922390,gi:21357495,1,1.0
gi:24583067,gi:24641449,1,1.0
O45521,Q09478,1,1.0
P24177,P31223,1,1.0
gi:24639715,gi:24645300,1,1.0
gi:24581719,gi:24653350,1,1.0
gi:17986155,gi:24655623,1,1.0
O16102,gi:24639506,1,1.0
gi:21357365,gi:28574249,1,1.0
P00837,P15277,1,1.0
gi:24640647,gi:28571762,1,1.0
P77380,P77485,1,1.0
gi:24582522,gi:24582643,1,1.0
gi:24638750,gi:24647193,1,1.0
Q06849,gi:21356927,1,1.0
gi:24582319,gi:24640672,1,1.0
P02386,P19675,1,1.0
gi:17137732,gi:24641831,1,1.0
P00453,P04475,1,1.0
gi:17136698,gi:24580836,1,1.0
gi:24648755,gi:24650658,1,1.0
gi:24653649,gi:24659953,1,1.0
gi:24639988,gi:28571883,1,1.0
gi:21356309,gi:24654595,1,1.0
gi:21355801,gi:24661140,1,1.0
P02388,P02999,1,1.0
gi:21356397,gi:21358361,1,1.0
gi:19921850,gi:24585024,1,1.0
gi:24582172,gi:24646916,1,1.0
gi:18543215,gi:24646318,1,1.0
gi:24638766,gi:24658342,1,1.0
gi:17136854,gi:18859713,1,1.0
Q95Q26,gi:32565598,1,1.0
gi:17137088,gi:24649844,1,1.0
gi:24580841,gi:28573310,1,1.0
gi:21355219,gi:24650338,1,1.0
gi:18079431,gi:24640353,1,1.0
Q9VPS5,gi:20129683,1,1.0
P52874,gi:17554384,1,1.0
gi:21355167,gi:24657052,1,1.0
O01482,P91401,1,1.0
gi:21357701,gi:24583894,1,1.0
P25171,gi:24642662,1,1.0
Q966C6,Q9XVE6,1,1.0
P06864,P24225,1,1.0
gi:17985985,gi:24663027,1,1.0
P34659,gi:33285206,1,1.0
P07187,Q9XTL9,1,1.0
Q20795,Q22174,1,1.0
gi:24584710,gi:28573956,1,1.0
gi:21358077,gi:24651028,1,1.0
P00575,P02409,1,1.0
P02387,P42550,1,1.0
Q9VG82,gi:24642418,1,1.0
Q22837,Q95Y82,1,1.0
gi:17648123,gi:28573563,1,1.0
gi:24655167,gi:24663802,1,1.0
gi:17864344,gi:24640635,1,1.0
P07655,P16918,1,1.0
gi:19921472,gi:24644592,1,1.0
P23696,gi:24665657,1,1.0
gi:21358025,gi:24640119,1,1.0
gi:21358131,gi:24644677,1,1.0
Q9W2N0,gi:24649047,1,1.0
Q8INW0,gi:28571581,1,1.0
Q9GU68,gi:19921554,1,1.0
gi:19921002,gi:24656513,1,1.0
gi:17136948,gi:21355511,1,1.0
gi:24581542,gi:24586270,1,1.0
gi:21357511,gi:24584547,1,1.0
gi:24582219,gi:24653350,1,1.0
Q23985,gi:24651671,1,1.0
gi:24582306,gi:24648391,1,1.0
Q9V3S0,gi:18543265,1,1.0
Q18945,Q19416,1,1.0
P02392,P37175,1,1.0
P29310,gi:17737425,1,1.0
Q9XYN7,gi:24585358,1,1.0
gi:24640527,gi:24762376,1,1.0
Q09490,Q9NA30,1,1.0
gi:24583332,gi:28574876,1,1.0
gi:24647855,gi:28571216,1,1.0
Q9VPS5,gi:24642826,1,1.0
P32148,P37307,1,1.0
Q18241,Q9U1W5,1,1.0
Q21648,gi:32565186,1,1.0
Q95QJ7,Q9U302,1,1.0
P15277,P25521,1,1.0
gi:18859825,gi:19922274,1,1.0
P02354,P32049,1,1.0
Q9NGC3,gi:17530857,1,1.0
Q17868,gi:13324910,1,1.0
Q8INW0,gi:19922382,1,1.0
gi:17136646,gi:24653598,1,1.0
P22187,Q46894,1,1.0
gi:17647503,gi:24639272,1,1.0
Q8MSF5,gi:24654934,1,1.0
gi:17137454,gi:24646001,1,1.0
gi:17137540,gi:24582104,1,1.0
gi:24582219,gi:24642615,1,1.0
gi:19922112,gi:24639782,1,1.0
gi:21355491,gi:28572036,1,1.0
P02349,P76104,1,1.0
gi:17933688,gi:28574529,1,1.0
Q9TYS2,gi:6042188,1,1.0
P21513,P76594,1,1.0
gi:19921138,gi:21357761,1,1.0
P02517,gi:28571687,1,1.0
P50464,Q20742,1,1.0
gi:17136208,gi:28571891,1,1.0
gi:17136378,gi:24582294,1,1.0
gi:24659953,gi:28574864,1,1.0
P48727,Q9N537,1,1.0
P54733,gi:24642233,1,1.0
P02828,gi:20130007,1,1.0
O97420,gi:24645177,1,1.0
P08879,gi:24663228,1,1.0
gi:19920936,gi:21357275,1,1.0
gi:21357547,gi:24649214,1,1.0
gi:24650933,gi:24658861,1,1.0
P23757,gi:20129903,1,1.0
gi:24647638,gi:24650072,1,1.0
gi:24644214,gi:24663344,1,1.0
P48598,gi:20130151,1,1.0
P21461,gi:21356111,1,1.0
Q9TXX2,Q9XWG3,1,1.0
P02996,P36979,1,1.0
P02414,P02427,1,1.0
gi:24643634,gi:24667117,1,1.0
P49905,gi:24641529,1,1.0
Q19969,Q9N5V2,1,1.0
gi:17137352,gi:28574284,1,1.0
gi:17737425,gi:28574063,1,1.0
gi:18859825,gi:24665784,1,1.0
Q9VPS5,gi:24642256,1,1.0
Q8T053,gi:24664105,1,1.0
gi:21357547,gi:28573773,1,1.0
gi:24648010,gi:24650084,1,1.0
gi:17137572,gi:19920354,1,1.0
gi:21355815,gi:24652101,1,1.0
P23696,gi:28573551,1,1.0
gi:22026959,gi:24582516,1,1.0
Q9BL19,Q9XW76,1,1.0
Q03334,gi:28573517,1,1.0
P00528,Q94516,1,1.0
O45666,Q9NAJ3,1,1.0
Q9V595,gi:24643375,1,1.0
gi:17136788,gi:24651610,1,1.0
P02392,P45393,1,1.0
P43672,Q47536,1,1.0
O97420,gi:17137386,1,1.0
P02388,P03004,1,1.0
gi:21357875,gi:24649389,1,1.0
gi:20130361,gi:24647727,1,1.0
Q09969,Q9XYC3,1,1.0
P05389,gi:24666394,1,1.0
O01382,gi:24643666,1,1.0
gi:22023983,gi:24584913,1,1.0
gi:24585313,gi:24640119,1,1.0
gi:24642561,gi:24658927,1,1.0
O45521,Q9N5S5,1,1.0
P11420,gi:17737917,1,1.0
gi:24584776,gi:24647285,1,1.0
gi:21356743,gi:28573674,1,1.0
gi:17737727,gi:19922220,1,1.0
Q9VPS5,gi:24648319,1,1.0
gi:24581939,gi:24653350,1,1.0
gi:24640959,gi:28572129,1,1.0
O77051,gi:24663246,1,1.0
gi:17647503,gi:20130025,1,1.0
gi:19922798,gi:24644119,1,1.0
Q22174,Q9NAJ7,1,1.0
Q24564,gi:24582858,1,1.0
gi:20129257,gi:24657389,1,1.0
P02420,P04742,1,1.0
Q9W0K7,gi:24644242,1,1.0
P17205,gi:19922798,1,1.0
P13607,gi:20129731,1,1.0
P02372,P21645,1,1.0
gi:24584547,gi:24655187,1,1.0
P82910,gi:24639782,1,1.0
P02990,P21513,1,1.0
P41964,gi:28571445,1,1.0
gi:21355205,gi:21357833,1,1.0
Q17728,gi:29570484,1,1.0
gi:21357595,gi:24645031,1,1.0
Q9VCE6,gi:19920926,1,1.0
P49905,gi:28571570,1,1.0
P20480,gi:24581791,1,1.0
gi:25144092,gi:25150846,1,1.0
P02363,P21499,1,1.0
gi:23397621,gi:24651579,1,1.0
Q24141,gi:24584139,1,1.0
P02359,P03018,1,1.0
gi:24638702,gi:24762771,1,1.0
gi:24581949,gi:24638868,1,1.0
Q9V564,gi:28571678,1,1.0
Q01644,gi:24649236,1,1.0
gi:24646440,gi:24656859,1,1.0
Q21493,Q9U3F9,1,1.0
gi:19920622,gi:24762383,1,1.0
gi:24641831,gi:24657619,1,1.0
gi:24584043,gi:24586167,1,1.0
gi:24582219,gi:24640855,1,1.0
P02389,P77349,1,1.0
P48588,gi:24643595,1,1.0
Q9VAW0,gi:21355521,1,1.0
P41126,gi:24643303,1,1.0
Q94524,gi:24639727,1,1.0
O45521,Q9XWR1,1,1.0
P25539,P42902,1,1.0
gi:21358175,gi:24649820,1,1.0
O17020,P46941,1,1.0
gi:17530817,gi:24652386,1,1.0
gi:20129227,gi:24655153,1,1.0
gi:17137586,gi:19922430,1,1.0
P07666,gi:24661597,1,1.0
Q03601,Q9XU77,1,1.0
gi:23397623,gi:24655187,1,1.0
P08365,P39184,1,1.0
gi:24639837,gi:24663242,1,1.0
gi:24584043,gi:24651006,1,1.0
Q9V597,gi:24651454,1,1.0
O61843,Q95YA5,1,1.0
P00577,P02372,1,1.0
gi:17137650,gi:24655778,1,1.0
P42519,Q9NEF6,1,1.0
gi:24643937,gi:28574316,1,1.0
gi:24642601,gi:24664979,1,1.0
gi:24583408,gi:24638691,1,1.0
gi:19920630,gi:24639979,1,1.0
gi:24582939,gi:24652049,1,1.0
gi:17137620,gi:21355873,1,1.0
Q9GYI4,Q9XW88,1,1.0
gi:19921326,gi:24651690,1,1.0
gi:24584835,gi:24662785,1,1.0
gi:19922106,gi:28572129,1,1.0
gi:24583474,gi:24645058,1,1.0
gi:24667845,gi:28574146,1,1.0
gi:21356727,gi:24661864,1,1.0
gi:17986113,gi:24645413,1,1.0
Q17381,Q9U1S2,1,1.0
gi:20130249,gi:24641946,1,1.0
gi:24580815,gi:24651599,1,1.0
gi:19920826,gi:28573173,1,1.0
gi:19920866,gi:24638542,1,1.0
P02423,P03018,1,1.0
P25522,Q60150,1,1.0
P02341,P02359,1,1.0
P02422,P31059,1,1.0
P40796,gi:24664257,1,1.0
gi:17737871,gi:28573264,1,1.0
gi:24652897,gi:24659237,1,1.0
Q17862,Q9GYG1,1,1.0
gi:19920676,gi:24653856,1,1.0
Q9VMT6,gi:19922086,1,1.0
P08181,gi:24650924,1,1.0
P92201,gi:22026843,1,1.0
gi:20130399,gi:24655153,1,1.0
P90731,Q17427,1,1.0
P52295,gi:24648198,1,1.0
Q24141,Q9W5Q1,1,1.0
Q9V564,gi:24646318,1,1.0
P49905,gi:24645112,1,1.0
P02359,P31059,1,1.0
Q9VMW8,gi:20130175,1,1.0
P09040,gi:24584007,1,1.0
O97420,gi:24639794,1,1.0
P0A6F5,P29011,1,1.0
P13095,gi:24583805,1,1.0
gi:21356847,gi:21357023,1,1.0
gi:18859973,gi:24648450,1,1.0
gi:21357369,gi:24653395,1,1.0
P04475,P15288,1,1.0
gi:28571743,gi:28572043,1,1.0
gi:19921360,gi:28574851,1,1.0
P02359,P17963,1,1.0
gi:20129067,gi:24583474,1,1.0
gi:20129291,gi:24654372,1,1.0
P02408,P07019,1,1.0
gi:17647343,gi:24653247,1,1.0
gi:24646199,gi:24655121,1,1.0
gi:24584167,gi:24652999,1,1.0
O77260,gi:18543285,1,1.0
gi:24585459,gi:28573951,1,1.0
Q9VMW8,gi:24640683,1,1.0
gi:20129227,gi:24581205,1,1.0
gi:24650356,gi:24650435,1,1.0
gi:21357683,gi:21358161,1,1.0
P02843,gi:24651589,1,1.0
O45003,Q18241,1,1.0
Q22227,Q9N5N7,1,1.0
P04995,P21893,1,1.0
P00892,P02995,1,1.0
gi:24643303,gi:24667117,1,1.0
gi:21355807,gi:24656139,1,1.0
P48603,gi:17647279,1,1.0
gi:18543285,gi:20130167,1,1.0
gi:18543289,gi:24663118,1,1.0
gi:17137732,gi:17933560,1,1.0
gi:24640949,gi:24654854,1,1.0
gi:18860545,gi:21358099,1,1.0
gi:24647060,gi:28574851,1,1.0
gi:18858189,gi:24665657,1,1.0
O44437,gi:22026880,1,1.0
gi:21356723,gi:26080381,1,1.0
gi:21356221,gi:24665583,1,1.0
P91277,Q93339,1,1.0
O45003,Q18043,1,1.0
gi:17137616,gi:24658567,1,1.0
P00579,P02423,1,1.0
P02369,P37765,1,1.0
gi:24646777,gi:24654916,1,1.0
Q18516,Q9XWW1,1,1.0
gi:24639790,gi:28571341,1,1.0
gi:20129705,gi:24584017,1,1.0
gi:21355851,gi:24653614,1,1.0
gi:24646146,gi:24650420,1,1.0
O01708,O16500,1,1.0
gi:17137300,gi:24584835,1,1.0
gi:24643209,gi:24666434,1,1.0
gi:24582846,gi:24650420,1,1.0
P02420,P19675,1,1.0
gi:17647723,gi:24662785,1,1.0
gi:19920692,gi:21357817,1,1.0
gi:24645501,gi:28573173,1,1.0
gi:21356069,gi:24581205,1,1.0
gi:18543225,gi:24649080,1,1.0
P54356,Q8INW0,1,1.0
gi:19921340,gi:24640009,1,1.0
gi:17136258,gi:21357211,1,1.0
gi:24644675,gi:24644677,1,1.0
gi:21358555,gi:28572043,1,1.0
Q9VSS7,gi:24645053,1,1.0
O17666,Q17410,1,1.0
Q9VUJ0,gi:24649158,1,1.0
P06710,P28632,1,1.0
gi:21357831,gi:24642950,1,1.0
gi:28573195,gi:28573252,1,1.0
P08374,P30139,1,1.0
P07183,gi:21356815,1,1.0
gi:21358039,gi:24646251,1,1.0
O01255,Q9GSQ0,1,1.0
gi:19922814,gi:24658653,1,1.0
P11244,P39311,1,1.0
gi:17647523,gi:24642583,1,1.0
Q9VJV9,gi:28571100,1,1.0
O45521,Q17359,1,1.0
P14374,Q46811,1,1.0
gi:24641014,gi:24641689,1,1.0
gi:18858161,gi:24664423,1,1.0
O18250,Q22227,1,1.0
gi:21358131,gi:24644675,1,1.0
P07639,P08756,1,1.0
P02342,P77734,1,1.0
gi:17137572,gi:24652101,1,1.0
gi:24646827,gi:24664652,1,1.0
P75767,P77215,1,1.0
Q20940,Q9N4F2,1,1.0
P04475,P37342,1,1.0
O16695,P17329,1,1.0
gi:24642214,gi:24649601,1,1.0
P00577,P36540,1,1.0
gi:17864566,gi:17986187,1,1.0
gi:17316365,gi:24655474,1,1.0
Q9NAD6,gi:17554366,1,1.0
gi:28571356,gi:28573491,1,1.0
gi:21357483,gi:28573393,1,1.0
gi:24639657,gi:24657782,1,1.0
gi:17136860,gi:24762808,1,1.0
gi:24581429,gi:24664253,1,1.0
gi:21355219,gi:24651203,1,1.0
gi:23397621,gi:24645555,1,1.0
P45567,Q46872,1,1.0
Q23985,gi:24580597,1,1.0
gi:24645538,gi:24648751,1,1.0
P31009,gi:28558744,1,1.0
gi:20129483,gi:24656808,1,1.0
O97420,gi:21356121,1,1.0
P02414,P24210,1,1.0
Q01642,gi:24643151,1,1.0
gi:24663055,gi:24663802,1,1.0
P02351,P77319,1,1.0
P02428,P25521,1,1.0
gi:17136732,gi:24666240,1,1.0
gi:17864244,gi:24658714,1,1.0
P34480,Q9XVJ2,1,1.0
P02370,P02375,1,1.0
P06710,P28631,1,1.0
gi:18857963,gi:24644422,1,1.0
Q95ZV8,Q9TZ39,1,1.0
O97067,gi:24584835,1,1.0
Q9N3V3,Q9XU77,1,1.0
Q24404,gi:24581774,1,1.0
P90814,gi:32566959,1,1.0
O16011,gi:19920584,1,1.0
gi:24643516,gi:24659237,1,1.0
Q04787,gi:24583803,1,1.0
P03017,P09097,1,1.0
P02392,P32679,1,1.0
gi:17137296,gi:17864566,1,1.0
gi:20128797,gi:28574539,1,1.0
O17670,Q18937,1,1.0
O01900,Q17878,1,1.0
P52874,Q03563,1,1.0
gi:24639812,gi:24645887,1,1.0
P31009,gi:17137344,1,1.0
gi:24581572,gi:24648101,1,1.0
gi:24639368,gi:24654522,1,1.0
gi:21355815,gi:24643640,1,1.0
gi:20428641,gi:24655228,1,1.0
P49905,gi:24667093,1,1.0
O97067,gi:19922518,1,1.0
P07028,P38504,1,1.0
gi:17137398,gi:24646595,1,1.0
Q17581,Q94420,1,1.0
P02517,gi:24762471,1,1.0
P02349,P17580,1,1.0
Q9NGC3,Q9VCE6,1,1.0
gi:21955276,gi:24644880,1,1.0
P08177,P27430,1,1.0
gi:17738243,gi:23397621,1,1.0
gi:18860545,gi:21358033,1,1.0
P02436,P11028,1,1.0
O61345,gi:24584090,1,1.0
O16797,gi:18859825,1,1.0
gi:17530833,gi:24651926,1,1.0
gi:24655613,gi:24661523,1,1.0
Q17958,Q19275,1,1.0
P02386,P28692,1,1.0
P91277,gi:17556058,1,1.0
P02423,P03003,1,1.0
Q95QC4,Q9XTQ7,1,1.0
P00034,gi:18858239,1,1.0
gi:17864162,gi:21357211,1,1.0
gi:24653649,gi:24655741,1,1.0
gi:21357917,gi:24661625,1,1.0
P07395,Q46841,1,1.0
P23380,gi:21357215,1,1.0
P02378,P06277,1,1.0
P17577,P77377,1,1.0
gi:24640233,gi:24658567,1,1.0
O46341,gi:20129347,1,1.0
P25160,P48605,1,1.0
gi:20130417,gi:21358247,1,1.0
gi:20129291,gi:24585524,1,1.0
Q9VPS5,gi:24653350,1,1.0
P90794,Q9NGT3,1,1.0
gi:17864228,gi:24638591,1,1.0
gi:20130109,gi:24646611,1,1.0
P13395,gi:24656168,1,1.0
P28630,P37095,1,1.0
gi:24646318,gi:28573604,1,1.0
gi:17136920,gi:24644422,1,1.0
Q9W0V1,gi:28571447,1,1.0
Q21191,Q9N423,1,1.0
gi:20130085,gi:24582094,1,1.0
P04790,P09373,1,1.0
Q24338,gi:28574635,1,1.0
gi:24642588,gi:24665132,1,1.0
gi:24647100,gi:24650202,1,1.0
gi:24667472,gi:24762582,1,1.0
gi:22024283,gi:24638976,1,1.0
O18302,Q965X6,1,1.0
P48603,gi:17737302,1,1.0
P10443,P28631,1,1.0
O17445,gi:28558744,1,1.0
gi:21356579,gi:21357547,1,1.0
P40657,gi:24585813,1,1.0
gi:24654769,gi:24665354,1,1.0
P03003,P28242,1,1.0
O17806,Q20819,1,1.0
P02420,P02425,1,1.0
Q95YF3,Q9XVF7,1,1.0
P40427,Q24251,1,1.0
gi:21357147,gi:28573310,1,1.0
P02824,gi:18859635,1,1.0
Q8MNT9,gi:25148068,1,1.0
gi:21358101,gi:24663481,1,1.0
Q9VPS5,gi:24639796,1,1.0
P02349,P29132,1,1.0
P07487,gi:24651897,1,1.0
gi:22026816,gi:24652780,1,1.0
Q17862,Q9NET8,1,1.0
P04475,P45393,1,1.0
gi:24644295,gi:24654782,1,1.0
gi:18858169,gi:24659272,1,1.0
gi:21356073,gi:24653584,1,1.0
gi:20130049,gi:24647137,1,1.0
Q8INW0,gi:24647897,1,1.0
O16797,gi:24665950,1,1.0
P02339,P02428,1,1.0
P02901,P08391,1,1.0
Q22837,Q9TXU7,1,1.0
P08182,gi:18858205,1,1.0
gi:21357817,gi:24658332,1,1.0
P02387,P14825,1,1.0
P10987,gi:17864428,1,1.0
P03003,P0A6N1,1,1.0
O61231,gi:24646860,1,1.0
gi:21355911,gi:24651212,1,1.0
P07181,gi:24649803,1,1.0
gi:24581901,gi:24655741,1,1.0
P02418,Q46930,1,1.0
gi:24639740,gi:24650356,1,1.0
gi:18859961,gi:28573761,1,1.0
gi:21357215,gi:24638766,1,1.0
P50245,gi:24668018,1,1.0
P30871,P36659,1,1.0
Q27408,Q9TZ39,1,1.0
gi:20129527,gi:20129923,1,1.0
gi:24646365,gi:24653459,1,1.0
O46106,gi:21355643,1,1.0
P02352,P08390,1,1.0
gi:24641493,gi:24658940,1,1.0
P17205,gi:24643831,1,1.0
P05021,P0A6F5,1,1.0
gi:21357863,gi:28571396,1,1.0
Q9BKS0,gi:25155179,1,1.0
gi:19920984,gi:24645022,1,1.0
O61208,Q20655,1,1.0
P00391,P00475,1,1.0
gi:24639657,gi:24646365,1,1.0
P02386,P03002,1,1.0
gi:18543299,gi:24667726,1,1.0
gi:24645967,gi:24646835,1,1.0
gi:21357761,gi:24652737,1,1.0
gi:17647979,gi:24639715,1,1.0
P10440,P28691,1,1.0
P91615,gi:21355581,1,1.0
gi:24581719,gi:24585152,1,1.0
O16011,gi:21355597,1,1.0
gi:17864162,gi:21356771,1,1.0
P49630,gi:24585156,1,1.0
gi:19920584,gi:24654383,1,1.0
gi:24647343,gi:24647759,1,1.0
P02369,P16528,1,1.0
gi:24655606,gi:24663246,1,1.0
Q95008,Q95YI9,1,1.0
P54350,P92208,1,1.0
P18171,gi:24640527,1,1.0
gi:17648085,gi:19922442,1,1.0
P54358,gi:18858043,1,1.0
P02372,P22523,1,1.0
gi:18859833,gi:21356239,1,1.0
Q8INW0,gi:20128895,1,1.0
gi:17530857,gi:24640959,1,1.0
gi:24585158,gi:24650208,1,1.0
gi:17737777,gi:24762726,1,1.0
gi:19920428,gi:24581572,1,1.0
gi:24642172,gi:24654595,1,1.0
P02387,P03003,1,1.0
gi:17137642,gi:24640704,1,1.0
gi:17933604,gi:24653667,1,1.0
gi:17136216,gi:28571396,1,1.0
O16011,gi:21356767,1,1.0
O45865,Q19294,1,1.0
P08936,P30017,1,1.0
gi:22024206,gi:24639740,1,1.0
gi:20129423,gi:24646001,1,1.0
P13008,gi:24667917,1,1.0
P21168,P21513,1,1.0
P02356,P23830,1,1.0
Q24141,gi:20129317,1,1.0
gi:17647425,gi:18859973,1,1.0
gi:24585242,gi:24642021,1,1.0
P48593,gi:24584046,1,1.0
gi:19921122,gi:24648514,1,1.0
P02387,P10115,1,1.0
P02414,P06277,1,1.0
Q94524,gi:28573732,1,1.0
gi:17137692,gi:28571678,1,1.0
gi:24581205,gi:24666524,1,1.0
gi:17137752,gi:24644819,1,1.0
Q09560,gi:25148780,1,1.0
gi:20128901,gi:24649183,1,1.0
gi:24581089,gi:24641357,1,1.0
P23573,gi:24663292,1,1.0
gi:24646201,gi:24762790,1,1.0
gi:17136268,gi:24654383,1,1.0
Q9TXY4,Q9TZ39,1,1.0
P48451,gi:24656574,1,1.0
gi:21357019,gi:28573207,1,1.0
gi:24644642,gi:24650311,1,1.0
P36241,gi:17737727,1,1.0
P02418,P21645,1,1.0
Q23301,gi:17554384,1,1.0
gi:19921458,gi:24653610,1,1.0
gi:18859961,gi:28571712,1,1.0
P14294,P28905,1,1.0
P33938,P77482,1,1.0
gi:18921171,gi:24642363,1,1.0
P12982,gi:28558748,1,1.0
P03003,P07671,1,1.0
P02424,P36996,1,1.0
gi:24585236,gi:24658883,1,1.0
Q03334,gi:24641790,1,1.0
P00452,P13519,1,1.0
O17982,P91820,1,1.0
gi:22024031,gi:28573604,1,1.0
O45603,Q8MYM9,1,1.0
gi:19921992,gi:21355617,1,1.0
gi:19922166,gi:24643761,1,1.0
O18302,Q9Y050,1,1.0
Q22847,Q9XYC3,1,1.0
gi:24638625,gi:24651313,1,1.0
P15277,P37765,1,1.0
gi:18860099,gi:24651397,1,1.0
P00892,P42550,1,1.0
O17445,gi:24583061,1,1.0
gi:19921554,gi:20129705,1,1.0
gi:17136864,gi:17647279,1,1.0
P02423,P16528,1,1.0
Q23440,Q9N4A9,1,1.0
gi:19921250,gi:24582982,1,1.0
Q23150,gi:6042188,1,1.0
gi:19921002,gi:24643394,1,1.0
gi:21355909,gi:24580513,1,1.0
P0A6F5,P33593,1,1.0
gi:17137616,gi:24582088,1,1.0
Q17746,Q9Y048,1,1.0
gi:24584372,gi:24657961,1,1.0
gi:18858169,gi:24642645,1,1.0
P34559,P36573,1,1.0
Q8T0S6,gi:17737533,1,1.0
gi:17136212,gi:21355767,1,1.0
P12613,gi:21355923,1,1.0
P19538,gi:24666925,1,1.0
gi:19921710,gi:19922790,1,1.0
Q24400,gi:21356031,1,1.0
O01482,Q93721,1,1.0
P20483,gi:21358081,1,1.0
P02361,P39299,1,1.0
P13395,gi:24660416,1,1.0
gi:24585156,gi:30923567,1,1.0
gi:24649464,gi:24651597,1,1.0
Q09485,Q21701,1,1.0
P00034,gi:24646199,1,1.0
gi:20129907,gi:24642672,1,1.0
P08182,gi:17647807,1,1.0
gi:20130151,gi:24658342,1,1.0
gi:24655438,gi:24657782,1,1.0
gi:21357761,gi:24645732,1,1.0
P16921,P31120,1,1.0
gi:24585240,gi:24649389,1,1.0
Q9V3S0,gi:24585156,1,1.0
Q17359,Q18241,1,1.0
gi:24581572,gi:28574443,1,1.0
gi:18858209,gi:24656959,1,1.0
gi:20128985,gi:24662729,1,1.0
O16797,gi:21356743,1,1.0
P02356,P21346,1,1.0
gi:19921648,gi:24652930,1,1.0
gi:18858161,gi:24655850,1,1.0
gi:21357817,gi:23397629,1,1.0
gi:17647503,gi:24641555,1,1.0
P02349,P21499,1,1.0
P25843,P32392,1,1.0
P00960,P02388,1,1.0
gi:19920826,gi:19921002,1,1.0
gi:19922266,gi:24665053,1,1.0
gi:24639715,gi:28574406,1,1.0
P50880,Q17381,1,1.0
gi:19921138,gi:24584030,1,1.0
gi:24649158,gi:24651413,1,1.0
gi:24639301,gi:24648207,1,1.0
P91453,Q9NGT3,1,1.0
Q02361,gi:24580513,1,1.0
gi:24582063,gi:24656644,1,1.0
gi:18543225,gi:28571587,1,1.0
gi:28558748,gi:28574237,1,1.0
P06137,P29131,1,1.0
P02359,P21499,1,1.0
P02410,P31120,1,1.0
gi:17136968,gi:24656486,1,1.0
Q24248,gi:24648615,1,1.0
P34629,Q19372,1,1.0
gi:20130399,gi:24648826,1,1.0
O77051,gi:17136994,1,1.0
P02388,P17580,1,1.0
P00034,gi:24584167,1,1.0
O45607,Q21493,1,1.0
P08181,gi:17136864,1,1.0
gi:20130349,gi:21355717,1,1.0
gi:20129967,gi:24647687,1,1.0
Q03017,gi:24639822,1,1.0
gi:21356415,gi:24659100,1,1.0
gi:20129061,gi:24666753,1,1.0
gi:24655153,gi:28574443,1,1.0
P00490,P02384,1,1.0
P23023,P48149,1,1.0
gi:24584547,gi:24639301,1,1.0
P02351,P29464,1,1.0
gi:17647723,gi:24640183,1,1.0
P04475,P27896,1,1.0
Q9W0K7,gi:21356595,1,1.0
O76912,gi:28573264,1,1.0
P02425,P21499,1,1.0
P07906,P42550,1,1.0
Q9VEX9,gi:20129859,1,1.0
Q9V557,gi:17136762,1,1.0
Q9Y048,gi:17535709,1,1.0
gi:28572997,gi:28574553,1,1.0
P03002,P25663,1,1.0
O16500,Q20223,1,1.0
gi:24645384,gi:24646105,1,1.0
gi:24585154,gi:24642456,1,1.0
gi:24651185,gi:24660583,1,1.0
gi:17136488,gi:24643151,1,1.0
gi:20130151,gi:24642517,1,1.0
gi:24663901,gi:24667510,1,1.0
P90925,Q9XX47,1,1.0
gi:24580785,gi:24639731,1,1.0
gi:24642808,gi:24655577,1,1.0
Q02361,gi:21357711,1,1.0
Q95028,gi:24647468,1,1.0
O01346,gi:21356061,1,1.0
gi:17647155,gi:20130321,1,1.0
Q9NJH0,gi:20130321,1,1.0
Q9V8R9,gi:19920776,1,1.0
gi:17137486,gi:28574565,1,1.0
P02388,P23932,1,1.0
P02422,P77349,1,1.0
gi:19921606,gi:24663726,1,1.0
gi:20129299,gi:24646860,1,1.0
P02363,P45571,1,1.0
P51875,Q20178,1,1.0
gi:23397623,gi:24582006,1,1.0
Q20398,Q95QA6,1,1.0
gi:24641578,gi:28573937,1,1.0
P36979,P76104,1,1.0
P02392,P45571,1,1.0
P02370,P16528,1,1.0
P00960,P02410,1,1.0
gi:17136342,gi:24654055,1,1.0
gi:17864566,gi:24642670,1,1.0
O44608,gi:32566959,1,1.0
P16371,gi:17933606,1,1.0
gi:20128863,gi:24584251,1,1.0
gi:20130115,gi:28573278,1,1.0
P23865,P29209,1,1.0
gi:20130169,gi:24641616,1,1.0
Q9W141,gi:24654479,1,1.0
Q18488,gi:13324910,1,1.0
O45934,Q95Q26,1,1.0
gi:18543299,gi:21358101,1,1.0
gi:24644349,gi:24659901,1,1.0
P55828,gi:24652882,1,1.0
gi:24659254,gi:28571504,1,1.0
gi:24647442,gi:24647779,1,1.0
P15048,P36996,1,1.0
gi:17136984,gi:24648401,1,1.0
gi:20129291,gi:24660381,1,1.0
P49905,gi:24646440,1,1.0
Q9VEX9,gi:21358101,1,1.0
Q22227,Q9XVW8,1,1.0
P02423,P08186,1,1.0
gi:24646212,gi:24661336,1,1.0
P45571,P77482,1,1.0
O97420,gi:24655888,1,1.0
O01869,Q9NAF6,1,1.0
P30632,Q95XM4,1,1.0
P47938,gi:28574555,1,1.0
gi:17933722,gi:24657671,1,1.0
P10987,gi:28574049,1,1.0
P02932,P36979,1,1.0
P03018,P04825,1,1.0
gi:24585943,gi:24639715,1,1.0
P00391,P08142,1,1.0
Q23985,gi:24651179,1,1.0
gi:17136342,gi:24582854,1,1.0
gi:19921638,gi:24639715,1,1.0
P02411,P10440,1,1.0
gi:17136748,gi:24643595,1,1.0
gi:17136412,gi:21356061,1,1.0
P09156,P33030,1,1.0
P18102,gi:21357479,1,1.0
gi:24649210,gi:24662973,1,1.0
gi:24582960,gi:24651185,1,1.0
Q93203,Q9XU07,1,1.0
P02423,P14294,1,1.0
gi:21357041,gi:28571526,1,1.0
gi:24642134,gi:24657747,1,1.0
gi:21357543,gi:24639548,1,1.0
P02436,P45571,1,1.0
O17670,O45962,1,1.0
gi:21357417,gi:24662729,1,1.0
P18053,gi:20130399,1,1.0
Q8INW0,gi:24663523,1,1.0
gi:19921814,gi:24653645,1,1.0
gi:24583965,gi:24648127,1,1.0
Q9V597,gi:24651265,1,1.0
gi:20129049,gi:24582188,1,1.0
Q19826,Q20628,1,1.0
P20348,gi:19921710,1,1.0
gi:21358175,gi:24655245,1,1.0
O45946,P34808,1,1.0
Q9VTC4,gi:24652882,1,1.0
gi:24660161,gi:28571356,1,1.0
P19675,P37653,1,1.0
P13607,Q9V3W6,1,1.0
P22807,gi:17137572,1,1.0
gi:20128797,gi:24652434,1,1.0
gi:24651935,gi:26080381,1,1.0
gi:19922794,gi:20128797,1,1.0
P02388,P19245,1,1.0
P52487,gi:18860545,1,1.0
P18956,P31473,1,1.0
P02358,P07028,1,1.0
gi:21355925,gi:21358069,1,1.0
P00453,P13519,1,1.0
gi:17986113,gi:24655577,1,1.0
P02358,P36996,1,1.0
gi:24581205,gi:24583873,1,1.0
O46202,gi:21356797,1,1.0
Q9NA98,Q9U310,1,1.0
P02408,P02999,1,1.0
P02341,P75829,1,1.0
gi:24581089,gi:24583291,1,1.0
gi:20129835,gi:24655121,1,1.0
gi:17985985,gi:24653385,1,1.0
gi:24643083,gi:28571660,1,1.0
gi:17737533,gi:24657019,1,1.0
P19538,gi:19920448,1,1.0
gi:24582306,gi:28574432,1,1.0
gi:20130169,gi:24585795,1,1.0
gi:24650584,gi:24652268,1,1.0
gi:24639243,gi:24647436,1,1.0
P02364,P18595,1,1.0
P14294,P21893,1,1.0
Q22631,Q95QC4,1,1.0
P21645,P39291,1,1.0
gi:17136378,gi:21358243,1,1.0
gi:17137540,gi:24649109,1,1.0
P03017,P03033,1,1.0
P00893,P0A6F5,1,1.0
gi:21358025,gi:24652733,1,1.0
gi:17136258,gi:24643447,1,1.0
Q9VRJ8,gi:24651589,1,1.0
Q9XWM2,gi:17553966,1,1.0
gi:24650009,gi:24654854,1,1.0
P02914,P06993,1,1.0
gi:18859869,gi:24642561,1,1.0
gi:21358267,gi:24664652,1,1.0
Q9XTM1,gi:21356591,1,1.0
P18459,gi:18858125,1,1.0
Q24564,gi:24658786,1,1.0
P06959,P09030,1,1.0
P02384,P36540,1,1.0
gi:24660872,gi:24665583,1,1.0
gi:24654325,gi:24662048,1,1.0
gi:21357417,gi:28571147,1,1.0
gi:24643312,gi:24762745,1,1.0
gi:17554366,gi:17556296,1,1.0
gi:24581719,gi:28573427,1,1.0
P09097,P36681,1,1.0
P00824,P00831,1,1.0
P13607,gi:28574555,1,1.0
gi:21356995,gi:24653385,1,1.0
Q8MXT6,gi:6042188,1,1.0
Q9VAN0,gi:24656772,1,1.0
gi:18859707,gi:24664026,1,1.0
P07666,gi:24642601,1,1.0
gi:17648123,gi:18858161,1,1.0
gi:18858239,gi:24586167,1,1.0
P02409,P17443,1,1.0
gi:24649183,gi:24651111,1,1.0
gi:24581774,gi:24582746,1,1.0
gi:17136488,gi:24653350,1,1.0
gi:24658511,gi:24668321,1,1.0
gi:24646001,gi:24648281,1,1.0
Q95XM4,Q9N3F4,1,1.0
Q9VJE5,gi:24667856,1,1.0
Q17878,Q9TZ39,1,1.0
Q9VLP3,gi:24654843,1,1.0
gi:24649169,gi:28574406,1,1.0
Q18964,Q9N4G8,1,1.0
P0A6N1,P21774,1,1.0
P00822,P00831,1,1.0
gi:17352479,gi:17933736,1,1.0
P0A6F5,P17288,1,1.0
gi:18858217,gi:28571445,1,1.0
gi:20129949,gi:21358333,1,1.0
gi:24641555,gi:24663462,1,1.0
Q17878,Q20621,1,1.0
P06958,P24229,1,1.0
Q19208,Q9XVA3,1,1.0
P05082,P77806,1,1.0
gi:24586270,gi:24650395,1,1.0
Q17935,Q9XVN9,1,1.0
P06612,P37647,1,1.0
P11455,Q8INW0,1,1.0
gi:19920568,gi:22026934,1,1.0
P06959,P76211,1,1.0
Q09581,Q17991,1,1.0
P39903,P52005,1,1.0
P13096,gi:19921162,1,1.0
gi:24645162,gi:24650124,1,1.0
P02996,P13519,1,1.0
Q22837,Q8MXH1,1,1.0
gi:24641394,gi:24649797,1,1.0
Q18043,Q22174,1,1.0
gi:24647885,gi:24655153,1,1.0
Q01071,gi:28571579,1,1.0
gi:21356141,gi:24665761,1,1.0
gi:19922480,gi:24639715,1,1.0
Q9W5R5,gi:24639988,1,1.0
gi:19921312,gi:24643303,1,1.0
gi:17737433,gi:21356121,1,1.0
gi:24582094,gi:24642303,1,1.0
P02418,P31059,1,1.0
Q02748,gi:24653614,1,1.0
gi:24653385,gi:24653667,1,1.0
gi:17136588,gi:24648389,1,1.0
P18502,gi:24642814,1,1.0
gi:24582034,gi:24646001,1,1.0
gi:24585813,gi:24649109,1,1.0
gi:17647979,gi:24655307,1,1.0
gi:18858205,gi:19920688,1,1.0
gi:24649262,gi:24649695,1,1.0
gi:18858091,gi:21357455,1,1.0
gi:24643702,gi:28573427,1,1.0
gi:24642517,gi:24655824,1,1.0
gi:18858137,gi:28573212,1,1.0
gi:24584916,gi:24666886,1,1.0
gi:24585681,gi:24639715,1,1.0
P02364,P17288,1,1.0
Q9VU58,gi:21358411,1,1.0
gi:21358145,gi:24657619,1,1.0
Q8T0S6,gi:24655250,1,1.0
Q9V6G5,gi:21356973,1,1.0
gi:18543285,gi:24639316,1,1.0
gi:21355719,gi:24645869,1,1.0
gi:20128797,gi:24643634,1,1.0
gi:24582306,gi:24762701,1,1.0
gi:17137572,gi:28571447,1,1.0
P02354,P02420,1,1.0
gi:17738243,gi:17933736,1,1.0
gi:22024114,gi:24665132,1,1.0
P02420,P17288,1,1.0
gi:24584577,gi:28574389,1,1.0
P13060,gi:24654383,1,1.0
gi:24647885,gi:24648461,1,1.0
gi:21357211,gi:24648755,1,1.0
gi:18921183,gi:24645515,1,1.0
Q9W0K4,gi:24649138,1,1.0
gi:19921230,gi:24583965,1,1.0
gi:17137588,gi:19922086,1,1.0
Q20052,Q20062,1,1.0
gi:24642125,gi:28572997,1,1.0
P02413,P17580,1,1.0
gi:20128911,gi:21357019,1,1.0
gi:19921002,gi:24667059,1,1.0
P49905,gi:24645828,1,1.0
gi:20129579,gi:24583531,1,1.0
P02392,P05852,1,1.0
P30642,Q9N5N7,1,1.0
O46106,gi:24586396,1,1.0
P02999,P36659,1,1.0
gi:21357383,gi:28573655,1,1.0
P10987,gi:24648461,1,1.0
gi:21358569,gi:24582094,1,1.0
gi:24639936,gi:24654828,1,1.0
gi:22024283,gi:24653385,1,1.0
Q95Y97,Q9U1X7,1,1.0
gi:17136536,gi:24585813,1,1.0
P00574,P21889,1,1.0
Q9W1K5,gi:24653894,1,1.0
gi:17136732,gi:21355361,1,1.0
gi:24646884,gi:28573213,1,1.0
gi:20129115,gi:24649158,1,1.0
Q23390,Q9UA61,1,1.0
gi:17933606,gi:24648317,1,1.0
P02413,P03005,1,1.0
gi:24647933,gi:24651799,1,1.0
gi:24640164,gi:24641553,1,1.0
P35600,gi:24585132,1,1.0
Q9NJH0,gi:20129861,1,1.0
P07655,P09152,1,1.0
gi:24659166,gi:24662330,1,1.0
gi:21355361,gi:24655153,1,1.0
gi:24640817,gi:24643447,1,1.0
gi:17136212,gi:24639715,1,1.0
gi:20130169,gi:21355349,1,1.0
gi:24649202,gi:24652262,1,1.0
Q11189,Q21626,1,1.0
gi:17530833,gi:24581429,1,1.0
gi:24581838,gi:24584167,1,1.0
gi:24640672,gi:28574391,1,1.0
gi:17647527,gi:20128797,1,1.0
gi:24642484,gi:24642799,1,1.0
O18404,gi:24652999,1,1.0
gi:19922796,gi:24582879,1,1.0
gi:24648207,gi:24665128,1,1.0
gi:20130151,gi:24644016,1,1.0
Q8MSS1,gi:18859825,1,1.0
Q9TZ39,gi:17508231,1,1.0
gi:17137754,gi:28574009,1,1.0
Q9XYN7,gi:24585215,1,1.0
gi:17647853,gi:20128797,1,1.0
P10408,P33582,1,1.0
gi:19920412,gi:21355327,1,1.0
gi:17137572,gi:24585405,1,1.0
gi:24638750,gi:24660923,1,1.0
P04384,P19245,1,1.0
Q24400,gi:24641831,1,1.0
O62404,Q9TZ39,1,1.0
gi:24581165,gi:28573879,1,1.0
P06143,P22763,1,1.0
gi:24583012,gi:24654522,1,1.0
gi:20130175,gi:24658567,1,1.0
gi:24638862,gi:24641689,1,1.0
P13098,Q9VFC8,1,1.0
gi:20129831,gi:24641156,1,1.0
P02366,P21499,1,1.0
gi:22024126,gi:24581939,1,1.0
gi:22024283,gi:24643303,1,1.0
gi:21357797,gi:24582744,1,1.0
P10041,gi:24640435,1,1.0
gi:17648123,gi:24639715,1,1.0
P02359,P02388,1,1.0
gi:21356031,gi:24644675,1,1.0
gi:18858125,gi:24648828,1,1.0
gi:19921950,gi:24666323,1,1.0
gi:24640181,gi:24646469,1,1.0
gi:17136920,gi:24668321,1,1.0
gi:19921506,gi:24647385,1,1.0
gi:21356337,gi:24654677,1,1.0
O02327,P48152,1,1.0
P38979,gi:24585236,1,1.0
gi:24650070,gi:24651156,1,1.0
Q18891,Q19294,1,1.0
gi:24639304,gi:28573878,1,1.0
P02356,P0A6N1,1,1.0
P03002,P13519,1,1.0
Q9XYQ2,gi:24656938,1,1.0
gi:24651364,gi:24651924,1,1.0
Q20742,gi:25150348,1,1.0
P40427,gi:20130345,1,1.0
P19538,gi:17647589,1,1.0
gi:17737749,gi:24663462,1,1.0
gi:21356151,gi:24585730,1,1.0
Q19088,Q8I093,1,1.0
gi:21356741,gi:24641068,1,1.0
gi:24584043,gi:24639210,1,1.0
gi:17136698,gi:24585132,1,1.0
gi:24584968,gi:24649312,1,1.0
P17133,gi:24641148,1,1.0
P07187,gi:24649486,1,1.0
gi:21357595,gi:21358499,1,1.0
gi:20129563,gi:24647143,1,1.0
P91419,Q93576,1,1.0
gi:21355333,gi:24657292,1,1.0
O16511,Q9TZA7,1,1.0
Q9VTF9,gi:24650097,1,1.0
gi:21356973,gi:24762726,1,1.0
P02372,P31059,1,1.0
gi:20129061,gi:24666749,1,1.0
gi:20128863,gi:21355683,1,1.0
P91820,Q22174,1,1.0
P02995,P28630,1,1.0
gi:24639715,gi:28574992,1,1.0
P06612,P14294,1,1.0
gi:24643110,gi:24644242,1,1.0
gi:24649200,gi:24650168,1,1.0
gi:24652745,gi:24657052,1,1.0
gi:21355677,gi:24647508,1,1.0
gi:17137616,gi:24645909,1,1.0
O16797,gi:24667089,1,1.0
gi:18859929,gi:24655741,1,1.0
gi:24649646,gi:24661263,1,1.0
gi:17648133,gi:24583827,1,1.0
gi:21355917,gi:24646190,1,1.0
gi:21357187,gi:24585215,1,1.0
gi:21355231,gi:24639548,1,1.0
gi:21355851,gi:24645141,1,1.0
gi:22024283,gi:24583947,1,1.0
gi:21355965,gi:24660640,1,1.0
gi:18859679,gi:24646430,1,1.0
gi:24580601,gi:28571918,1,1.0
gi:21355765,gi:24646190,1,1.0
P08177,P39178,1,1.0
gi:20129701,gi:24646860,1,1.0
gi:21357781,gi:24663462,1,1.0
P03005,P07905,1,1.0
P02392,P39299,1,1.0
P02375,P07028,1,1.0
Q18776,Q20759,1,1.0
gi:19920776,gi:28574284,1,1.0
gi:24581314,gi:24762726,1,1.0
gi:19920738,gi:28573954,1,1.0
P02388,P31059,1,1.0
P23931,P36950,1,1.0
gi:24644145,gi:24653497,1,1.0
gi:24651303,gi:28572963,1,1.0
P05389,gi:22024059,1,1.0
Q9U2Y3,gi:25151901,1,1.0
gi:19920776,gi:24649648,1,1.0
gi:17137738,gi:18858239,1,1.0
O02108,Q93211,1,1.0
Q8INW0,gi:24644592,1,1.0
P45523,P76440,1,1.0
gi:24584547,gi:24665583,1,1.0
P23792,gi:24584547,1,1.0
P00528,gi:18858193,1,1.0
gi:17738153,gi:24639272,1,1.0
O62482,Q95QA6,1,1.0
O76511,gi:24582094,1,1.0
gi:23308611,gi:24651185,1,1.0
gi:17998687,gi:24651763,1,1.0
P09160,P43671,1,1.0
P00574,P02339,1,1.0
P02392,P05848,1,1.0
gi:21355851,gi:24649214,1,1.0
P21461,gi:18858075,1,1.0
P00582,P02990,1,1.0
O44878,Q10577,1,1.0
gi:24657684,gi:28573820,1,1.0
P02411,P39299,1,1.0
Q9VSS2,gi:24643286,1,1.0
P00582,P43329,1,1.0
P13519,P30977,1,1.0
gi:20129403,gi:24647233,1,1.0
O16313,Q9NEJ8,1,1.0
P02410,P17580,1,1.0
gi:24660923,gi:28572997,1,1.0
gi:18921125,gi:24647823,1,1.0
O18289,Q09620,1,1.0
gi:24653791,gi:24662330,1,1.0
gi:20130331,gi:24641480,1,1.0
P02386,P42550,1,1.0
gi:24642517,gi:24654471,1,1.0
Q02361,gi:24644207,1,1.0
gi:19921326,gi:22024114,1,1.0
gi:19922526,gi:21355603,1,1.0
gi:24583944,gi:28558744,1,1.0
P09151,P0A6F5,1,1.0
P22464,gi:24656802,1,1.0
Q17635,Q17728,1,1.0
gi:21356797,gi:24581976,1,1.0
Q09444,gi:25152916,1,1.0
gi:24583803,gi:24650340,1,1.0
gi:24641156,gi:24662729,1,1.0
gi:24640752,gi:24644626,1,1.0
gi:24582962,gi:24640430,1,1.0
P08182,gi:24641251,1,1.0
O16011,gi:17136268,1,1.0
P02428,P07906,1,1.0
gi:18859747,gi:19921312,1,1.0
P04286,P22187,1,1.0
P05100,P09156,1,1.0
gi:21355125,gi:24663657,1,1.0
gi:21358599,gi:24582172,1,1.0
gi:21356355,gi:24660583,1,1.0
P30625,Q17964,1,1.0
gi:18858161,gi:24645621,1,1.0
gi:24646782,gi:24648883,1,1.0
P07207,gi:24664951,1,1.0
P13060,gi:24666694,1,1.0
gi:20130085,gi:24665193,1,1.0
P40614,Q9N580,1,1.0
gi:24584102,gi:24666524,1,1.0
gi:24584327,gi:24762582,1,1.0
O16922,Q9NAP0,1,1.0
P25553,P43672,1,1.0
gi:20128985,gi:24639715,1,1.0
gi:24644677,gi:24654383,1,1.0
O16011,gi:17737881,1,1.0
gi:19921830,gi:24582598,1,1.0
gi:18858185,gi:24648549,1,1.0
P02359,P29209,1,1.0
Q9VLP3,gi:18543301,1,1.0
Q10577,Q19335,1,1.0
gi:18858125,gi:28574539,1,1.0
gi:17865634,gi:21355081,1,1.0
Q24133,gi:28573795,1,1.0
gi:24585313,gi:24653245,1,1.0
P53016,Q21374,1,1.0
gi:19920926,gi:19922310,1,1.0
gi:24658292,gi:28573590,1,1.0
P08630,P18502,1,1.0
gi:21355801,gi:24642276,1,1.0
gi:19922186,gi:24638591,1,1.0
Q24564,gi:17647589,1,1.0
P08177,P25521,1,1.0
gi:24643965,gi:24660188,1,1.0
gi:24582699,gi:24582846,1,1.0
P02364,P36995,1,1.0
gi:24585491,gi:24653791,1,1.0
Q09584,gi:32566959,1,1.0
gi:24650729,gi:24656938,1,1.0
O96860,gi:24665016,1,1.0
gi:24639782,gi:24647563,1,1.0
P13607,gi:24659451,1,1.0
Q24210,Q9VPS5,1,1.0
gi:19921504,gi:24582306,1,1.0
Q01644,gi:24666053,1,1.0
O61967,Q965X6,1,1.0
Q9V813,gi:20128797,1,1.0
P49258,gi:24656764,1,1.0
gi:24582924,gi:24640430,1,1.0
gi:24583264,gi:24665661,1,1.0
gi:24642517,gi:24661140,1,1.0
P39199,P76114,1,1.0
Q22174,Q9U2G7,1,1.0
gi:24638708,gi:24642278,1,1.0
gi:24585320,gi:24666053,1,1.0
O77430,gi:24653306,1,1.0
gi:24583474,gi:24640353,1,1.0
Q9TYS3,Q9U9Y8,1,1.0
gi:24644498,gi:24662729,1,1.0
P54611,gi:17137572,1,1.0
gi:17137752,gi:24640704,1,1.0
P13060,gi:24640510,1,1.0
gi:21358275,gi:28571396,1,1.0
gi:24585610,gi:24662650,1,1.0
gi:18543299,gi:24639772,1,1.0
gi:24583253,gi:24652999,1,1.0
gi:24642799,gi:24762363,1,1.0
P00957,P37765,1,1.0
gi:24641792,gi:24656785,1,1.0
P08175,P23792,1,1.0
Q21018,Q9N3P1,1,1.0
O46036,gi:24666323,1,1.0
gi:24643702,gi:24650420,1,1.0
gi:23397621,gi:28571445,1,1.0
gi:21955276,gi:24641452,1,1.0
Q22703,Q9XU77,1,1.0
gi:17738243,gi:24644797,1,1.0
gi:24648828,gi:24657216,1,1.0
gi:24643423,gi:24644250,1,1.0
gi:24641831,gi:24650435,1,1.0
gi:17933532,gi:24586193,1,1.0
gi:20129745,gi:24656267,1,1.0
gi:24645457,gi:24652088,1,1.0
P02392,P18595,1,1.0
P02364,P36979,1,1.0
gi:24650814,gi:28571865,1,1.0
gi:19921758,gi:28571445,1,1.0
gi:17647383,gi:19922676,1,1.0
P02828,gi:21358171,1,1.0
P02354,P23304,1,1.0
P02371,P23304,1,1.0
gi:17136698,gi:17137696,1,1.0
gi:18858161,gi:28571579,1,1.0
P02990,P39184,1,1.0
P17886,gi:24638845,1,1.0
gi:18858101,gi:24662317,1,1.0
gi:21357023,gi:24661707,1,1.0
P06138,P32168,1,1.0
gi:18543187,gi:18858239,1,1.0
gi:19922418,gi:24664469,1,1.0
Q9N5P1,Q9NEY7,1,1.0
P04805,P08324,1,1.0
gi:19920586,gi:20129261,1,1.0
Q9VPS5,gi:19921472,1,1.0
gi:24645769,gi:24655153,1,1.0
P02386,P24245,1,1.0
P31805,P39290,1,1.0
gi:21357761,gi:24649019,1,1.0
gi:19920774,gi:24639988,1,1.0
P02378,P07906,1,1.0
gi:19920424,gi:24644778,1,1.0
gi:24584167,gi:24648444,1,1.0
Q9N342,Q9XWV0,1,1.0
gi:18859877,gi:24654325,1,1.0
Q06559,gi:19922676,1,1.0
P17886,gi:24647786,1,1.0
Q18192,Q22799,1,1.0
P08401,Q59384,1,1.0
O16370,P91280,1,1.0
gi:24655577,gi:24664458,1,1.0
P00960,P02351,1,1.0
P02995,P03003,1,1.0
gi:17136698,gi:24649169,1,1.0
gi:18858123,gi:28573717,1,1.0
P02359,P04742,1,1.0
O16198,O16453,1,1.0
gi:24641790,gi:24644016,1,1.0
gi:19920776,gi:30923613,1,1.0
P02423,P39290,1,1.0
Q06559,gi:24644214,1,1.0
gi:24642235,gi:24646312,1,1.0
gi:21357897,gi:24647609,1,1.0
P07183,gi:28574876,1,1.0
gi:24654498,gi:24655406,1,1.0
gi:24582471,gi:24649169,1,1.0
gi:17137092,gi:24659367,1,1.0
gi:24653708,gi:24662356,1,1.0
gi:24583894,gi:24666850,1,1.0
Q17539,Q9XUK0,1,1.0
gi:24584798,gi:24649221,1,1.0
P02996,P0A6N1,1,1.0
gi:24643078,gi:24652897,1,1.0
gi:19922714,gi:24585327,1,1.0
gi:24641561,gi:24647490,1,1.0
gi:20129301,gi:24646316,1,1.0
O16948,Q21746,1,1.0
gi:24641357,gi:24668519,1,1.0
Q9V771,gi:24582224,1,1.0
P02410,P08177,1,1.0
gi:19922884,gi:28571762,1,1.0
gi:24640959,gi:24650924,1,1.0
Q9VES1,gi:24643715,1,1.0
gi:24582032,gi:24639885,1,1.0
gi:21357211,gi:24654383,1,1.0
gi:17137196,gi:24640704,1,1.0
gi:24655577,gi:28573644,1,1.0
P02359,P03003,1,1.0
P28159,P49905,1,1.0
gi:24642363,gi:28572036,1,1.0
gi:21355245,gi:24668206,1,1.0
gi:20129731,gi:21356019,1,1.0
P50887,gi:24582096,1,1.0
P11455,gi:24644797,1,1.0
Q9V8K2,gi:24647609,1,1.0
Q19750,gi:25150348,1,1.0
O45521,Q19554,1,1.0
gi:24642662,gi:28573466,1,1.0
Q17381,Q9U2W6,1,1.0
O16797,gi:24582224,1,1.0
gi:20129109,gi:24645869,1,1.0
gi:18859939,gi:24586197,1,1.0
Q9TZ39,Q9XWJ0,1,1.0
P54611,gi:24584673,1,1.0
P02372,P24229,1,1.0
gi:17136212,gi:21356041,1,1.0
gi:21355383,gi:22024141,1,1.0
gi:19920776,gi:20129603,1,1.0
P75767,P75776,1,1.0
gi:23397621,gi:23397623,1,1.0
P12982,gi:24646090,1,1.0
Q24117,Q9VGS2,1,1.0
P20354,gi:24640435,1,1.0
P07909,gi:24645384,1,1.0
gi:19922186,gi:24582319,1,1.0
gi:17864254,gi:24643702,1,1.0
P02421,P14081,1,1.0
P17952,P39263,1,1.0
gi:24641885,gi:24644250,1,1.0
gi:24660491,gi:28574706,1,1.0
P0A6N1,P22634,1,1.0
gi:24581820,gi:24653649,1,1.0
P08182,gi:24642233,1,1.0
gi:24640264,gi:24642241,1,1.0
P02339,P06612,1,1.0
O44606,Q9N4I4,1,1.0
gi:24581602,gi:24646718,1,1.0
gi:17864586,gi:24642691,1,1.0
gi:24651006,gi:24659166,1,1.0
Q23158,Q9UAQ2,1,1.0
Q09485,Q20759,1,1.0
P04475,P28694,1,1.0
gi:20129565,gi:24645184,1,1.0
O45503,gi:25151901,1,1.0
gi:18859961,gi:24640086,1,1.0
P02370,P75960,1,1.0
P00957,P02351,1,1.0
gi:17137092,gi:24648780,1,1.0
Q9VTF9,gi:21357037,1,1.0
gi:24648615,gi:28574443,1,1.0
gi:24656644,gi:24658567,1,1.0
gi:21355643,gi:24663263,1,1.0
P77349,P77385,1,1.0
Q9VZS3,gi:20129181,1,1.0
Q23158,Q9N4B6,1,1.0
gi:23397524,gi:24583901,1,1.0
Q19294,Q19459,1,1.0
gi:24643010,gi:24658714,1,1.0
Q9W5R8,gi:24641790,1,1.0
gi:24651671,gi:24665069,1,1.0
gi:21356743,gi:24655850,1,1.0
P61866,Q18033,1,1.0
P02418,P17579,1,1.0
gi:19921156,gi:20130399,1,1.0
gi:24648682,gi:28573879,1,1.0
P32085,Q95Q26,1,1.0
gi:24650124,gi:24659272,1,1.0
P14825,P30849,1,1.0
gi:24656486,gi:24661872,1,1.0
O77430,gi:17738089,1,1.0
gi:24586506,gi:24647819,1,1.0
Q08012,gi:24655170,1,1.0
P36540,P45428,1,1.0
gi:18859825,gi:24653608,1,1.0
Q17732,gi:6042188,1,1.0
P28242,P29464,1,1.0
gi:21355781,gi:24643106,1,1.0
P02356,P02363,1,1.0
Q94524,gi:24762558,1,1.0
gi:24655252,gi:24659194,1,1.0
gi:24581719,gi:24663228,1,1.0
Q03334,gi:24652686,1,1.0
P19109,gi:24642517,1,1.0
O17754,Q94261,1,1.0
gi:24586593,gi:28573125,1,1.0
gi:19920620,gi:24581205,1,1.0
P55828,gi:24651265,1,1.0
Q9V5Z7,gi:24584835,1,1.0
O44606,Q20621,1,1.0
Q24562,gi:20130085,1,1.0
P02341,P36658,1,1.0
P18502,gi:24655003,1,1.0
P08175,gi:24641788,1,1.0
gi:24650786,gi:24655121,1,1.0
O17670,Q9XU77,1,1.0
O76463,Q9Y048,1,1.0
gi:17137524,gi:18859973,1,1.0
gi:24641921,gi:24762556,1,1.0
P40320,gi:28571885,1,1.0
O16500,O16511,1,1.0
O17670,Q20968,1,1.0
P10902,P11458,1,1.0
gi:21355973,gi:24645125,1,1.0
gi:18860005,gi:24645869,1,1.0
P02387,P24245,1,1.0
P06958,P45465,1,1.0
gi:24639301,gi:24647572,1,1.0
gi:24639715,gi:24647786,1,1.0
P15372,gi:18858007,1,1.0
P02843,gi:21356743,1,1.0
Q24139,gi:24661707,1,1.0
gi:17137616,gi:24663246,1,1.0
gi:17137692,gi:24650598,1,1.0
gi:24655480,gi:24655568,1,1.0
gi:24640785,gi:24656267,1,1.0
gi:19920826,gi:24646744,1,1.0
P00575,P23839,1,1.0
gi:24649976,gi:24663292,1,1.0
gi:17647911,gi:20130261,1,1.0
gi:18858205,gi:20129227,1,1.0
gi:17864460,gi:24586371,1,1.0
P91253,Q9XW88,1,1.0
gi:24644513,gi:24647638,1,1.0
Q17784,Q95QA6,1,1.0
Q9VLP3,gi:24645058,1,1.0
P02422,P08756,1,1.0
gi:24639812,gi:24656959,1,1.0
gi:18858145,gi:21356033,1,1.0
P92208,gi:24639603,1,1.0
Q9VYV5,gi:24646214,1,1.0
gi:24581719,gi:24656982,1,1.0
P02352,P22523,1,1.0
gi:28558744,gi:28574660,1,1.0
gi:24582212,gi:24667318,1,1.0
gi:24582306,gi:24655537,1,1.0
gi:24645869,gi:24657070,1,1.0
Q09983,gi:25150348,1,1.0
gi:24649564,gi:24649859,1,1.0
P02388,P08756,1,1.0
gi:28572157,gi:28573948,1,1.0
gi:24645902,gi:24762430,1,1.0
gi:17136256,gi:19921380,1,1.0
Q94899,gi:24641790,1,1.0
gi:24644797,gi:24662048,1,1.0
P00391,P17113,1,1.0
P00528,gi:24641689,1,1.0
P02386,P23892,1,1.0
P02388,P02410,1,1.0
P02835,gi:24654530,1,1.0
gi:17933694,gi:28573662,1,1.0
gi:21357387,gi:24656168,1,1.0
gi:24581465,gi:24581467,1,1.0
gi:24646073,gi:24651920,1,1.0
P02392,P31059,1,1.0
gi:20129423,gi:24657197,1,1.0
Q24423,gi:24652733,1,1.0
gi:24649820,gi:24650348,1,1.0
gi:17136506,gi:21358259,1,1.0
gi:19921648,gi:24663336,1,1.0
Q22847,Q93375,1,1.0
P35415,gi:18858161,1,1.0
Q21049,Q95QA6,1,1.0
P02828,gi:24585156,1,1.0
gi:19921950,gi:24663889,1,1.0
gi:24648592,gi:24657989,1,1.0
gi:24586587,gi:24655778,1,1.0
Q21271,Q22053,1,1.0
Q06559,gi:24647385,1,1.0
gi:24642235,gi:24642814,1,1.0
gi:24580731,gi:24655095,1,1.0
gi:24581484,gi:24643595,1,1.0
P02354,P04381,1,1.0
P18502,gi:24656262,1,1.0
P02436,P02999,1,1.0
gi:24650577,gi:24652946,1,1.0
gi:21355331,gi:24657218,1,1.0
P18824,gi:24646478,1,1.0
P02420,P23304,1,1.0
gi:24646847,gi:24653395,1,1.0
gi:20129835,gi:24650420,1,1.0
gi:24639715,gi:24641014,1,1.0
gi:17137582,gi:17647723,1,1.0
gi:24585245,gi:24639187,1,1.0
gi:21687092,gi:24581355,1,1.0
P92208,gi:24660416,1,1.0
gi:20130151,gi:24640777,1,1.0
gi:17647591,gi:24585813,1,1.0
gi:24581425,gi:28574903,1,1.0
P13395,gi:24583218,1,1.0
P30750,P71237,1,1.0
P02429,P36659,1,1.0
gi:24640855,gi:24653649,1,1.0
gi:24643437,gi:24654746,1,1.0
gi:19923048,gi:24585763,1,1.0
P05042,P33371,1,1.0
P16921,P23852,1,1.0
Q9VPS5,gi:24639740,1,1.0
P02410,P42550,1,1.0
P02824,P07187,1,1.0
O18203,Q95Y89,1,1.0
gi:24583803,gi:24650420,1,1.0
P02423,P17580,1,1.0
gi:19921312,gi:24647638,1,1.0
gi:17647383,gi:18859953,1,1.0
P04994,P76168,1,1.0
Q21307,Q8IG65,1,1.0
gi:24655053,gi:24655502,1,1.0
P03017,P31120,1,1.0
P11420,P13097,1,1.0
gi:24639782,gi:24662337,1,1.0
gi:21355531,gi:24641689,1,1.0
gi:24581429,gi:24584916,1,1.0
gi:21357711,gi:24584043,1,1.0
gi:17647503,gi:24647864,1,1.0
Q9VSJ8,gi:24642276,1,1.0
gi:24644295,gi:24646199,1,1.0
P02421,P77349,1,1.0
gi:24762745,gi:28571506,1,1.0
gi:19921596,gi:24643110,1,1.0
P07666,gi:24655170,1,1.0
P23304,Q46829,1,1.0
gi:24662189,gi:24667093,1,1.0
gi:21355507,gi:24581574,1,1.0
gi:17136378,gi:28573018,1,1.0
Q9GYN4,Q9TZ39,1,1.0
P23757,P38979,1,1.0
gi:24653946,gi:28571955,1,1.0
P02428,P14374,1,1.0
Q21648,Q22510,1,1.0
Q20709,Q9NAN2,1,1.0
P02370,P37181,1,1.0
P02386,P02410,1,1.0
Q9VVN6,gi:24655568,1,1.0
P23931,P25745,1,1.0
gi:24639496,gi:24668309,1,1.0
P02824,gi:28574851,1,1.0
O16453,Q23646,1,1.0
P02339,P21893,1,1.0
P02424,P08622,1,1.0
gi:24642134,gi:24663462,1,1.0
gi:18543285,gi:24646737,1,1.0
P19109,Q9VQQ9,1,1.0
Q27268,gi:24650814,1,1.0
P11455,gi:24583067,1,1.0
gi:17647979,gi:21356337,1,1.0
P02422,P39178,1,1.0
O02353,O16488,1,1.0
gi:17933554,gi:24581842,1,1.0
gi:17137760,gi:24668551,1,1.0
Q18728,Q9XVR7,1,1.0
P05041,P39286,1,1.0
Q22227,Q9XUM0,1,1.0
P02990,P37345,1,1.0
P02356,P25521,1,1.0
gi:24583294,gi:24651238,1,1.0
gi:17136212,gi:24654245,1,1.0
P45890,gi:24654550,1,1.0
gi:21355681,gi:24650420,1,1.0
gi:21357677,gi:24663481,1,1.0
P07183,gi:24584645,1,1.0
O45241,Q9TZ39,1,1.0
gi:24647823,gi:24659237,1,1.0
gi:21356299,gi:24666240,1,1.0
gi:21357211,gi:24649904,1,1.0
P02839,gi:24657782,1,1.0
P91408,Q21746,1,1.0
gi:17530857,gi:24662288,1,1.0
P13060,gi:24648255,1,1.0
gi:18859713,gi:24582006,1,1.0
O61843,P34420,1,1.0
P91682,gi:17647757,1,1.0
O45946,gi:25152916,1,1.0
gi:17136720,gi:24638894,1,1.0
P02359,P75829,1,1.0
gi:22024283,gi:24652652,1,1.0
gi:17647891,gi:24649994,1,1.0
gi:24648686,gi:24655228,1,1.0
gi:24585499,gi:24649911,1,1.0
P47938,gi:17136286,1,1.0
P46461,gi:24647899,1,1.0
gi:24644797,gi:24653236,1,1.0
P02370,P21202,1,1.0
Q24133,gi:24657052,1,1.0
gi:17737433,gi:24641567,1,1.0
P08373,P76069,1,1.0
Q95QA6,Q9N4B6,1,1.0
gi:19922440,gi:28572036,1,1.0
gi:17136994,gi:24660188,1,1.0
P06958,P77488,1,1.0
gi:24582926,gi:28574875,1,1.0
gi:24645869,gi:24651963,1,1.0
gi:17136256,gi:24654383,1,1.0
Q27363,Q9NAE1,1,1.0
Q9VXX8,gi:21357089,1,1.0
gi:24586371,gi:24640362,1,1.0
gi:19920808,gi:28573291,1,1.0
Q9VXX8,gi:20130085,1,1.0
Q17961,Q21746,1,1.0
gi:18858069,gi:28574331,1,1.0
gi:17137318,gi:17647503,1,1.0
gi:24586193,gi:24651963,1,1.0
P16371,gi:24582094,1,1.0
P08690,P08691,1,1.0
gi:24652930,gi:24660416,1,1.0
P00482,P02413,1,1.0
Q21361,Q9XW93,1,1.0
gi:17136732,gi:24647897,1,1.0
O62238,Q9TZ88,1,1.0
Q9TZ39,gi:32564708,1,1.0
P02356,P30850,1,1.0
P18824,gi:24639790,1,1.0
gi:17137620,gi:17933524,1,1.0
Q9V7S5,gi:20129757,1,1.0
gi:24583965,gi:24651203,1,1.0
gi:19921660,gi:21355733,1,1.0
gi:24644739,gi:24645285,1,1.0
P30010,P77310,1,1.0
gi:19922798,gi:24643118,1,1.0
gi:17647755,gi:24638954,1,1.0
O01576,Q9XW40,1,1.0
gi:19920370,gi:24640181,1,1.0
P02378,P03004,1,1.0
gi:19921120,gi:24666913,1,1.0
P10041,gi:24656637,1,1.0
Q19902,Q9TZ39,1,1.0
Q06559,gi:24642363,1,1.0
gi:24665583,gi:24667974,1,1.0
P06959,P30871,1,1.0
P00579,P31690,1,1.0
Q9V564,Q9V8K2,1,1.0
gi:24639649,gi:24668286,1,1.0
gi:20428641,gi:24640233,1,1.0
P16163,gi:24665141,1,1.0
P07913,P0A6F5,1,1.0
gi:24583919,gi:24653385,1,1.0
gi:18859931,gi:28574909,1,1.0
gi:24585618,gi:24647572,1,1.0
gi:24641148,gi:24641813,1,1.0
gi:20130175,gi:24581939,1,1.0
Q24404,gi:24638766,1,1.0
P02370,P17580,1,1.0
Q8MSF5,gi:24654441,1,1.0
P02423,Q47130,1,1.0
P23484,P23485,1,1.0
P29745,P32130,1,1.0
P02422,P24229,1,1.0
gi:24585795,gi:24664458,1,1.0
Q9VGS2,gi:24642021,1,1.0
gi:24644242,gi:24665661,1,1.0
P02361,P02384,1,1.0
gi:18858161,gi:24652770,1,1.0
gi:24645869,gi:24652897,1,1.0
gi:21358161,gi:24652131,1,1.0
P02428,P19245,1,1.0
O17915,Q9XTC2,1,1.0
P91001,Q02330,1,1.0
P02418,P14825,1,1.0
gi:19922620,gi:24643702,1,1.0
gi:24652930,gi:24663292,1,1.0
P06959,P36995,1,1.0
gi:21357761,gi:24652105,1,1.0
P17971,gi:18859691,1,1.0
O61348,gi:20130087,1,1.0
gi:21355521,gi:24645011,1,1.0
gi:21357761,gi:24645091,1,1.0
O45521,Q9TZ93,1,1.0
Q02361,gi:24639740,1,1.0
gi:24640534,gi:24643516,1,1.0
Q9XVD1,gi:17553966,1,1.0
Q8IGR0,gi:28573401,1,1.0
gi:24582431,gi:28573893,1,1.0
P10987,gi:24650786,1,1.0
P02420,P75829,1,1.0
P02425,P05055,1,1.0
gi:21355361,gi:24652930,1,1.0
P16163,gi:17136768,1,1.0
P22187,P46889,1,1.0
P07487,gi:24641921,1,1.0
gi:20130277,gi:24665135,1,1.0
gi:17136692,gi:24638845,1,1.0
gi:21357721,gi:24644066,1,1.0
Q9VU02,gi:24641302,1,1.0
gi:24646058,gi:24649221,1,1.0
O18302,Q95QA6,1,1.0
P48598,gi:24645137,1,1.0
P40427,gi:24649250,1,1.0
O16936,Q22174,1,1.0
Q17359,Q21127,1,1.0
gi:24582096,gi:24658567,1,1.0
gi:19921596,gi:24666053,1,1.0
gi:24643394,gi:24661830,1,1.0
O62195,P55853,1,1.0
P08182,gi:24665160,1,1.0
gi:24638995,gi:24643715,1,1.0
gi:24645581,gi:24654828,1,1.0
gi:24584835,gi:24650348,1,1.0
P48603,gi:24655662,1,1.0
P36573,Q9U2D6,1,1.0
Q09318,Q9U2N6,1,1.0
Q24475,gi:24644940,1,1.0
gi:20129967,gi:28573276,1,1.0
gi:24653350,gi:24658772,1,1.0
gi:17865642,gi:17985983,1,1.0
gi:24648484,gi:24652930,1,1.0
O18302,O61858,1,1.0
gi:24649219,gi:24668563,1,1.0
P55828,gi:19920746,1,1.0
Q17446,Q21021,1,1.0
O77051,gi:20130247,1,1.0
gi:24584056,gi:24642172,1,1.0
gi:20129181,gi:24639657,1,1.0
P08866,P08867,1,1.0
Q9VWA2,gi:21358103,1,1.0
P18459,gi:24640086,1,1.0
gi:19922726,gi:24668820,1,1.0
gi:24582094,gi:24662163,1,1.0
P49905,gi:20130135,1,1.0
gi:17137620,gi:24586506,1,1.0
gi:17137026,gi:24658822,1,1.0
P02387,P24210,1,1.0
gi:24641662,gi:28573799,1,1.0
P02356,P03018,1,1.0
P10383,Q9VGI8,1,1.0
Q8IN81,gi:24643447,1,1.0
P90920,gi:7105649,1,1.0
P02934,P13519,1,1.0
gi:21356041,gi:24651339,1,1.0
P10484,P10485,1,1.0
gi:24646600,gi:24647885,1,1.0
P12613,gi:24585353,1,1.0
gi:24581061,gi:24658370,1,1.0
gi:18859941,gi:20129835,1,1.0
gi:17137616,gi:19922620,1,1.0
gi:17864174,gi:24647605,1,1.0
Q94524,gi:17647759,1,1.0
gi:24646908,gi:24653270,1,1.0
gi:24648294,gi:24653350,1,1.0
P49258,gi:24650577,1,1.0
gi:24644026,gi:24667974,1,1.0
gi:24583332,gi:24646469,1,1.0
P13238,gi:21357761,1,1.0
gi:19921700,gi:24643715,1,1.0
P02370,P15043,1,1.0
P23696,gi:28573410,1,1.0
gi:21355643,gi:24645515,1,1.0
gi:20128797,gi:20129813,1,1.0
P06959,P77574,1,1.0
gi:24585943,gi:24663228,1,1.0
P82910,gi:28572963,1,1.0
Q9VFC8,gi:17137802,1,1.0
gi:21687037,gi:24581574,1,1.0
P46824,gi:24664132,1,1.0
P46118,P76168,1,1.0
gi:21687092,gi:24582168,1,1.0
P08324,P25521,1,1.0
gi:21356965,gi:24655293,1,1.0
P49905,gi:24651935,1,1.0
Q94523,gi:17737503,1,1.0
gi:19920468,gi:19921122,1,1.0
Q9V564,gi:24584683,1,1.0
P25008,gi:21357817,1,1.0
P39174,P51024,1,1.0
gi:20129587,gi:24584767,1,1.0
P54812,Q9TXH9,1,1.0
P13030,P24191,1,1.0
gi:19921312,gi:19921338,1,1.0
P10445,P10446,1,1.0
Q9V727,gi:21358465,1,1.0
P02372,P07813,1,1.0
P91283,Q22886,1,1.0
P45475,P45527,1,1.0
gi:24652897,gi:28571396,1,1.0
P40657,gi:24638978,1,1.0
P32100,gi:17137642,1,1.0
gi:21358077,gi:28573563,1,1.0
gi:24649519,gi:24655121,1,1.0
O96860,gi:21358109,1,1.0
P02359,P02367,1,1.0
gi:17737893,gi:24664199,1,1.0
gi:22024182,gi:30923655,1,1.0
Q18503,Q18964,1,1.0
gi:21355909,gi:24583416,1,1.0
O16011,gi:21356235,1,1.0
gi:21357151,gi:28574529,1,1.0
O02195,O77051,1,1.0
P52295,gi:19921802,1,1.0
P18502,gi:24762491,1,1.0
P08936,P76092,1,1.0
P13706,gi:22026843,1,1.0
gi:24582383,gi:24641752,1,1.0
P02410,P39159,1,1.0
gi:19922100,gi:21357919,1,1.0
P02423,P28630,1,1.0
Q23158,Q9GYG1,1,1.0
gi:24640672,gi:24648592,1,1.0
gi:24642517,gi:24644293,1,1.0
Q95RI5,gi:17647979,1,1.0
gi:24641831,gi:28571660,1,1.0
Q17958,Q95PZ7,1,1.0
P02378,P21513,1,1.0
gi:24645653,gi:24658714,1,1.0
P10983,gi:25150348,1,1.0
P00831,P00859,1,1.0
gi:18543303,gi:21357305,1,1.0
gi:24654082,gi:24667353,1,1.0
gi:17136732,gi:18859807,1,1.0
gi:24663027,gi:24665583,1,1.0
P17963,P25540,1,1.0
P02423,P11457,1,1.0
gi:24648150,gi:24668309,1,1.0
gi:24660746,gi:28574960,1,1.0
P02828,gi:19920696,1,1.0
O61967,Q21127,1,1.0
Q9N2Z7,Q9UA36,1,1.0
Q9GPA2,Q9TZ39,1,1.0
gi:24655888,gi:24660416,1,1.0
gi:22026898,gi:24643516,1,1.0
P17210,gi:24658110,1,1.0
gi:24581719,gi:28574454,1,1.0
P02517,gi:24661359,1,1.0
P02413,P21645,1,1.0
gi:17137074,gi:19921776,1,1.0
gi:24650420,gi:28571865,1,1.0
P29310,gi:21356561,1,1.0
P02388,P15038,1,1.0
gi:22026898,gi:24580731,1,1.0
gi:17864460,gi:17933624,1,1.0
Q19521,Q9XU77,1,1.0
P02339,P17888,1,1.0
P02410,P20082,1,1.0
gi:24648289,gi:28573464,1,1.0
O45384,O45458,1,1.0
gi:18859961,gi:24583726,1,1.0
gi:24642125,gi:28574582,1,1.0
gi:24641790,gi:24655703,1,1.0
P27896,P31802,1,1.0
gi:24643447,gi:28571108,1,1.0
gi:21356595,gi:28574950,1,1.0
Q9GS00,gi:30025087,1,1.0
P04286,P06137,1,1.0
gi:20129481,gi:24644517,1,1.0
P02351,P03005,1,1.0
Q9U4A6,gi:17551336,1,1.0
O97420,P19889,1,1.0
gi:24581465,gi:24647137,1,1.0
gi:21358569,gi:24640527,1,1.0
P90868,gi:25151901,1,1.0
Q21557,gi:17508429,1,1.0
P40688,gi:24662804,1,1.0
gi:24663047,gi:24665583,1,1.0
P02932,P19935,1,1.0
P00574,P27836,1,1.0
P08570,gi:17737655,1,1.0
gi:20428641,gi:24649427,1,1.0
gi:17136378,gi:24762779,1,1.0
gi:24586562,gi:24643447,1,1.0
P14374,P33666,1,1.0
Q9VSJ8,gi:24647083,1,1.0
gi:19922172,gi:24762755,1,1.0
gi:19922430,gi:24647609,1,1.0
O18240,Q09485,1,1.0
P22257,P39199,1,1.0
gi:24581719,gi:24639687,1,1.0
gi:24650348,gi:24657218,1,1.0
P02359,P33635,1,1.0
gi:19922220,gi:24666323,1,1.0
gi:20129865,gi:24649904,1,1.0
gi:24639448,gi:24663462,1,1.0
gi:19920798,gi:24646017,1,1.0
gi:24640777,gi:24663462,1,1.0
O62622,gi:17136860,1,1.0
gi:19920978,gi:20129687,1,1.0
gi:19920676,gi:24655850,1,1.0
O44606,Q18529,1,1.0
gi:24638845,gi:24654644,1,1.0
O01869,Q17400,1,1.0
gi:19922100,gi:24658772,1,1.0
gi:24584372,gi:24585152,1,1.0
O76899,gi:24762582,1,1.0
P15330,P23023,1,1.0
gi:24645817,gi:24653649,1,1.0
P02342,P75707,1,1.0
P16378,gi:19921262,1,1.0
P20082,P30856,1,1.0
P02516,Q9VXN4,1,1.0
gi:19922144,gi:24640973,1,1.0
gi:21687092,gi:24662591,1,1.0
gi:21357371,gi:24582319,1,1.0
gi:18858161,gi:24664000,1,1.0
gi:21355581,gi:24662626,1,1.0
gi:17137636,gi:24580674,1,1.0
P02351,P37175,1,1.0
gi:19921104,gi:24639790,1,1.0
gi:24638625,gi:24651703,1,1.0
P0A6N1,P14825,1,1.0
P34604,Q09485,1,1.0
gi:24651377,gi:24655850,1,1.0
gi:21357417,gi:28574406,1,1.0
Q02361,gi:20428641,1,1.0
P15038,P31803,1,1.0
Q965H3,Q9NGT3,1,1.0
Q23639,Q95Q26,1,1.0
P09373,P22992,1,1.0
P02372,P29464,1,1.0
O45946,Q17789,1,1.0
gi:21355581,gi:24642301,1,1.0
gi:24641480,gi:24762471,1,1.0
P22563,P75941,1,1.0
gi:24645446,gi:24657782,1,1.0
gi:17136368,gi:24583318,1,1.0
P00583,P32661,1,1.0
gi:24652733,gi:24660923,1,1.0
P02364,P23892,1,1.0
P23696,gi:24652999,1,1.0
O16797,gi:17737817,1,1.0
gi:17137734,gi:24639822,1,1.0
Q17868,Q18529,1,1.0
Q23646,Q9TYS3,1,1.0
P02409,P10408,1,1.0
P02364,P52054,1,1.0
gi:19922166,gi:24580716,1,1.0
gi:24642115,gi:28573564,1,1.0
Q23440,Q9NES7,1,1.0
gi:17864274,gi:24642484,1,1.0
Q9XZT1,gi:24644145,1,1.0
P04742,P06959,1,1.0
gi:17530957,gi:28571396,1,1.0
P02364,P36996,1,1.0
P35129,gi:32565768,1,1.0
P02386,P23875,1,1.0
gi:24651395,gi:24656107,1,1.0
gi:24642363,gi:24642697,1,1.0
Q23158,Q93696,1,1.0
P11455,gi:17136292,1,1.0
P02358,P02999,1,1.0
Q93831,Q9Y048,1,1.0
gi:28574150,gi:28574582,1,1.0
gi:24585795,gi:24640233,1,1.0
Q17359,Q9N3Z0,1,1.0
P04475,P45578,1,1.0
gi:24654595,gi:24656086,1,1.0
gi:28573393,gi:28573563,1,1.0
Q9W3C1,gi:24650168,1,1.0
Q20803,Q9TZ39,1,1.0
P13060,gi:24649158,1,1.0
gi:18859635,gi:20129067,1,1.0
gi:17737911,gi:24641689,1,1.0
P02416,P76028,1,1.0
gi:24640188,gi:24661263,1,1.0
P04384,P36979,1,1.0
P24184,P28630,1,1.0
gi:24644797,gi:24661359,1,1.0
gi:17136268,gi:19920576,1,1.0
gi:17137616,gi:24644064,1,1.0
P02428,P45465,1,1.0
P34453,Q9U2J8,1,1.0
O45532,gi:25151685,1,1.0
P03007,P15028,1,1.0
Q17732,Q17958,1,1.0
O97067,gi:19922546,1,1.0
gi:24646030,gi:24656574,1,1.0
gi:19923028,gi:24650124,1,1.0
gi:17136830,gi:24640430,1,1.0
gi:17998687,gi:24647582,1,1.0
gi:17136692,gi:24584534,1,1.0
gi:24650294,gi:28572043,1,1.0
Q9V564,gi:21355099,1,1.0
Q17746,Q20485,1,1.0
gi:24649427,gi:24665229,1,1.0
Q95028,gi:21357113,1,1.0
P02352,P75829,1,1.0
gi:19922678,gi:20129087,1,1.0
gi:24646928,gi:24655170,1,1.0
gi:24580815,gi:24647572,1,1.0
gi:20128797,gi:24585240,1,1.0
Q01642,gi:24659028,1,1.0
P06961,P0A6N1,1,1.0
gi:19921482,gi:28573207,1,1.0
P03007,P33635,1,1.0
Q27297,gi:22023997,1,1.0
Q95Y80,Q965X6,1,1.0
gi:24640578,gi:24662729,1,1.0
gi:18543301,gi:21356211,1,1.0
P08622,P23839,1,1.0
P02436,P39286,1,1.0
P02387,P19675,1,1.0
Q21648,Q9GYJ9,1,1.0
P02843,gi:21357369,1,1.0
gi:20129603,gi:28571831,1,1.0
gi:24650074,gi:24653270,1,1.0
Q19201,Q22227,1,1.0
Q09506,Q20307,1,1.0
P02518,gi:17137196,1,1.0
gi:21356797,gi:24583061,1,1.0
P02999,P76092,1,1.0
P17952,P31120,1,1.0
P10987,gi:24641921,1,1.0
gi:17647939,gi:21357743,1,1.0
O77263,gi:24585384,1,1.0
P08099,gi:24650747,1,1.0
gi:21686985,gi:26080381,1,1.0
gi:19921652,gi:19921672,1,1.0
gi:24642882,gi:24667117,1,1.0
P0A6F5,P25539,1,1.0
gi:19921002,gi:24640578,1,1.0
gi:21357483,gi:24583134,1,1.0
Q18089,Q9TZA7,1,1.0
P02386,P04742,1,1.0
gi:20128985,gi:24638845,1,1.0
gi:20130399,gi:24660583,1,1.0
Q23460,Q9XUQ4,1,1.0
gi:19920940,gi:24580729,1,1.0
gi:24643761,gi:24656820,1,1.0
P02351,P23304,1,1.0
gi:17933736,gi:24668087,1,1.0
P46889,P75767,1,1.0
gi:17933686,gi:24644242,1,1.0
P41126,gi:24641689,1,1.0
Q9W5R8,gi:24646073,1,1.0
gi:17530843,gi:24641689,1,1.0
P07395,P32715,1,1.0
O18250,P34420,1,1.0
P42287,gi:24663027,1,1.0
Q24260,gi:24642547,1,1.0
Q21746,Q93721,1,1.0
gi:17137644,gi:28573464,1,1.0
gi:19920776,gi:21355909,1,1.0
P18289,gi:24647083,1,1.0
gi:17647503,gi:28574726,1,1.0
gi:21357709,gi:24583557,1,1.0
gi:17864398,gi:20130175,1,1.0
P10041,gi:20129611,1,1.0
gi:24640777,gi:28574472,1,1.0
gi:24657432,gi:24658772,1,1.0
P18502,gi:24647823,1,1.0
P00528,P13008,1,1.0
gi:17530957,gi:28574529,1,1.0
gi:24639301,gi:24652101,1,1.0
gi:17136378,gi:24643312,1,1.0
Q02360,gi:24666096,1,1.0
Q94511,gi:19922798,1,1.0
Q09248,Q965K5,1,1.0
O45666,Q8MXH1,1,1.0
gi:24650084,gi:28574582,1,1.0
P48554,gi:21357733,1,1.0
gi:18543301,gi:24651265,1,1.0
P17704,gi:24642884,1,1.0
P10987,gi:24639243,1,1.0
P37634,P37765,1,1.0
O18302,O45734,1,1.0
O44606,Q9N2Z7,1,1.0
gi:19921002,gi:24655610,1,1.0
O18203,O61815,1,1.0
gi:18859679,gi:28573576,1,1.0
P09491,gi:24649025,1,1.0
gi:24646928,gi:24648592,1,1.0
O44606,Q19823,1,1.0
gi:19921002,gi:24638864,1,1.0
gi:21356235,gi:21357495,1,1.0
gi:17647383,gi:24644521,1,1.0
P13008,P15330,1,1.0
P17288,P37163,1,1.0
gi:21687206,gi:24584835,1,1.0
gi:24639715,gi:28574284,1,1.0
gi:19920380,gi:19922382,1,1.0
gi:21357677,gi:21357915,1,1.0
P41092,gi:28573563,1,1.0
gi:24581662,gi:24645182,1,1.0
gi:24581155,gi:24664469,1,1.0
gi:21356041,gi:24644675,1,1.0
gi:24651703,gi:24654832,1,1.0
Q9W3R7,gi:24648883,1,1.0
gi:20128797,gi:21355451,1,1.0
gi:24647609,gi:24652737,1,1.0
gi:24584494,gi:24654261,1,1.0
P34328,Q20165,1,1.0
gi:24643303,gi:24644797,1,1.0
gi:17137650,gi:24647008,1,1.0
gi:17530857,gi:24667246,1,1.0
gi:24639822,gi:24653350,1,1.0
gi:21356033,gi:24668704,1,1.0
gi:21356995,gi:24648329,1,1.0
P02354,P33224,1,1.0
P02351,P75829,1,1.0
P04286,P06136,1,1.0
P02424,P21513,1,1.0
P37765,P75966,1,1.0
Q22436,Q95Q26,1,1.0
Q20590,Q9NAH3,1,1.0
gi:28573278,gi:30923613,1,1.0
O44490,Q95QA6,1,1.0
gi:17530825,gi:20129291,1,1.0
P20153,gi:24639926,1,1.0
gi:24584017,gi:24646369,1,1.0
gi:18543285,gi:24584828,1,1.0
P00575,P02358,1,1.0
P48588,gi:24645058,1,1.0
gi:19921566,gi:24584828,1,1.0
gi:24639368,gi:24655888,1,1.0
gi:24639885,gi:28572004,1,1.0
gi:18543205,gi:24581425,1,1.0
Q9VFC8,gi:24582096,1,1.0
P02363,P17579,1,1.0
Q18964,gi:25152251,1,1.0
Q9VSS2,gi:22026959,1,1.0
Q9V359,Q9VZD5,1,1.0
Q20052,Q9N5N2,1,1.0
gi:19921660,gi:24641831,1,1.0
gi:20128797,gi:24641792,1,1.0
gi:24581481,gi:24638546,1,1.0
P02423,P39286,1,1.0
P23304,P42641,1,1.0
P46824,gi:24662753,1,1.0
gi:24641831,gi:28573466,1,1.0
Q27297,gi:24656161,1,1.0
O16011,gi:17136256,1,1.0
gi:24641831,gi:24647885,1,1.0
gi:24581572,gi:24645644,1,1.0
gi:21357853,gi:21358101,1,1.0
P08646,gi:24656486,1,1.0
gi:17137616,gi:24657590,1,1.0
P52304,gi:24651185,1,1.0
gi:24651454,gi:28574816,1,1.0
gi:24642301,gi:24661830,1,1.0
P02359,P24210,1,1.0
P02428,P33232,1,1.0
gi:24638862,gi:24642276,1,1.0
P02423,P33232,1,1.0
gi:21355881,gi:24647058,1,1.0
gi:19921700,gi:24583408,1,1.0
P08970,gi:24644504,1,1.0
P11147,gi:17737533,1,1.0
gi:24642884,gi:24649646,1,1.0
P02372,P33918,1,1.0
P07017,P07364,1,1.0
gi:21357311,gi:24649433,1,1.0
P02342,P05055,1,1.0
gi:24581481,gi:24643134,1,1.0
O18640,gi:24650208,1,1.0
gi:24581719,gi:24645177,1,1.0
P04475,P37349,1,1.0
gi:24641734,gi:24655616,1,1.0
P02424,P39177,1,1.0
gi:24646365,gi:24664257,1,1.0
Q9N3Y1,gi:25152187,1,1.0
P06607,gi:24639649,1,1.0
P15330,gi:24648078,1,1.0
gi:18859929,gi:24653562,1,1.0
gi:24666737,gi:28573207,1,1.0
gi:19920436,gi:24650914,1,1.0
gi:20130007,gi:21356727,1,1.0
P19538,gi:24667246,1,1.0
P09156,P39296,1,1.0
gi:24644214,gi:24655121,1,1.0
gi:17136568,gi:24646312,1,1.0
Q10930,Q95QC4,1,1.0
P02995,P30750,1,1.0
gi:24656151,gi:28573495,1,1.0
O62082,Q18668,1,1.0
P02378,P24245,1,1.0
P02364,P23932,1,1.0
P52485,gi:28574115,1,1.0
P10090,gi:24653416,1,1.0
O16936,Q17359,1,1.0
gi:20129705,gi:24585765,1,1.0
gi:21355917,gi:24649427,1,1.0
P00582,P77182,1,1.0
P02387,P31059,1,1.0
Q9VMA2,gi:24582312,1,1.0
P48555,gi:21356815,1,1.0
P91870,Q22276,1,1.0
gi:24640566,gi:24642123,1,1.0
P02370,P11876,1,1.0
Q22631,Q9BL58,1,1.0
P02342,P07025,1,1.0
gi:17738007,gi:24647500,1,1.0
gi:21355909,gi:23397621,1,1.0
O61231,gi:18857991,1,1.0
Q21746,Q9U2J8,1,1.0
Q21018,Q9TZ39,1,1.0
gi:18858083,gi:24659254,1,1.0
P31009,gi:20130007,1,1.0
gi:19920688,gi:21357995,1,1.0
O01460,Q9NAE1,1,1.0
gi:18858073,gi:18858205,1,1.0
P00363,P00364,1,1.0
gi:24651111,gi:28574529,1,1.0
Q24564,gi:24661864,1,1.0
P22058,gi:24638894,1,1.0
O44872,Q27498,1,1.0
gi:21357817,gi:24663228,1,1.0
gi:17864476,gi:24645053,1,1.0
gi:19922620,gi:24641449,1,1.0
Q22174,Q9TZ50,1,1.0
Q9VI10,gi:19920922,1,1.0
gi:17648049,gi:24656938,1,1.0
gi:21357483,gi:24649202,1,1.0
gi:19922640,gi:30923526,1,1.0
P10484,P10486,1,1.0
gi:24644293,gi:24655759,1,1.0
gi:24641831,gi:24650575,1,1.0
gi:19920876,gi:24657549,1,1.0
gi:17137344,gi:24654120,1,1.0
Q9VG96,gi:24667009,1,1.0
O44635,Q95Q26,1,1.0
gi:17136568,gi:17137074,1,1.0
P08177,P45527,1,1.0
P24199,P78093,1,1.0
gi:21357417,gi:24653669,1,1.0
O61967,Q20198,1,1.0
gi:17737727,gi:24653667,1,1.0
gi:24584043,gi:24643110,1,1.0
gi:21355865,gi:24652386,1,1.0
P02356,P18391,1,1.0
Q9VEX9,gi:24639299,1,1.0
P06958,P07028,1,1.0
O17915,Q9TW67,1,1.0
P40320,gi:24762543,1,1.0
Q17359,Q18937,1,1.0
Q21746,Q23382,1,1.0
P06612,P25527,1,1.0
gi:24585313,gi:24640510,1,1.0
gi:24582205,gi:24586033,1,1.0
gi:24655502,gi:28573729,1,1.0
gi:17136732,gi:17738007,1,1.0
gi:24651703,gi:28571823,1,1.0
gi:17136216,gi:24650924,1,1.0
Q9Y1A3,gi:28571660,1,1.0
P02426,P14825,1,1.0
O44606,gi:32566959,1,1.0
gi:21358111,gi:24656431,1,1.0
gi:19922268,gi:24650425,1,1.0
gi:17137616,gi:24582065,1,1.0
gi:21357537,gi:24585813,1,1.0
Q9VEP1,gi:24584167,1,1.0
P00583,P77395,1,1.0
gi:17137572,gi:18858239,1,1.0
O96860,gi:24586562,1,1.0
Q9VPS5,gi:17738125,1,1.0
O77430,gi:19920682,1,1.0
gi:19922526,gi:24638766,1,1.0
Q06559,gi:21955276,1,1.0
Q24564,gi:24638862,1,1.0
gi:19922274,gi:24646568,1,1.0
Q9XZH6,gi:17137760,1,1.0
gi:17136256,gi:24641156,1,1.0
gi:19921932,gi:24639021,1,1.0
gi:24649219,gi:24660583,1,1.0
P91419,Q17400,1,1.0
P17579,P75683,1,1.0
O17670,O17718,1,1.0
Q9VD25,gi:21357817,1,1.0
gi:24647143,gi:24653350,1,1.0
P15364,gi:20130345,1,1.0
gi:24583294,gi:24644994,1,1.0
gi:21357915,gi:24644293,1,1.0
O16519,Q18171,1,1.0
P02339,P28689,1,1.0
P02420,P42184,1,1.0
gi:18860051,gi:21358025,1,1.0
P36950,P39359,1,1.0
gi:24642662,gi:24647143,1,1.0
P02516,gi:28573018,1,1.0
gi:24665160,gi:28574875,1,1.0
Q18033,gi:25151716,1,1.0
gi:21356337,gi:24658206,1,1.0
P0A6N1,P75829,1,1.0
gi:19920692,gi:24642430,1,1.0
gi:17864566,gi:24583394,1,1.0
P02351,P23830,1,1.0
P02420,P17443,1,1.0
P02516,P07666,1,1.0
P00391,P00647,1,1.0
P15043,P28632,1,1.0
gi:22024283,gi:24656938,1,1.0
Q10454,gi:32566959,1,1.0
P49258,gi:28573926,1,1.0
gi:24651247,gi:28573662,1,1.0
gi:17136728,gi:24643303,1,1.0
gi:24644634,gi:24668309,1,1.0
P15069,P18006,1,1.0
P02351,P36996,1,1.0
gi:20130085,gi:24642233,1,1.0
P17952,P25845,1,1.0
P02990,P25663,1,1.0
O76908,gi:28573195,1,1.0
P02363,P06277,1,1.0
gi:20129705,gi:24653096,1,1.0
P02371,P21499,1,1.0
O46106,gi:21356645,1,1.0
gi:24651610,gi:24664652,1,1.0
gi:24654479,gi:24655502,1,1.0
gi:20129621,gi:24650570,1,1.0
gi:24647638,gi:24660826,1,1.0
gi:20129061,gi:24643497,1,1.0
P43509,gi:25148780,1,1.0
gi:21357711,gi:24657747,1,1.0
gi:20129403,gi:24646105,1,1.0
P27779,gi:24663523,1,1.0
gi:24648966,gi:24655741,1,1.0
P04475,P32697,1,1.0
gi:24581879,gi:28571831,1,1.0
gi:19920406,gi:24643634,1,1.0
Q22685,gi:25150348,1,1.0
gi:19922670,gi:28574529,1,1.0
gi:21357761,gi:24584941,1,1.0
gi:24582294,gi:24639705,1,1.0
Q06559,gi:20130087,1,1.0
gi:21355801,gi:24580815,1,1.0
gi:19920776,gi:19921700,1,1.0
gi:21356895,gi:24641555,1,1.0
gi:21357817,gi:24645236,1,1.0
gi:17137220,gi:24651185,1,1.0
P02418,P36996,1,1.0
gi:24643849,gi:28573781,1,1.0
gi:18860545,gi:24650346,1,1.0
P02824,gi:28572129,1,1.0
P07011,P71229,1,1.0
O76908,gi:17864424,1,1.0
gi:21355327,gi:21355575,1,1.0
P32100,Q01068,1,1.0
gi:21355513,gi:24648929,1,1.0
P19538,gi:24639354,1,1.0
P18491,gi:24585948,1,1.0
gi:17647503,gi:21355781,1,1.0
gi:24644675,gi:24657747,1,1.0
gi:19921912,gi:24580765,1,1.0
Q09581,Q9XV56,1,1.0
Q24168,gi:24666323,1,1.0
Q22174,Q95ZX3,1,1.0
P02358,P11665,1,1.0
gi:20129399,gi:24668014,1,1.0
gi:24581719,gi:28574406,1,1.0
Q22857,gi:25152916,1,1.0
gi:24648828,gi:24653350,1,1.0
Q24423,gi:24665154,1,1.0
gi:24645921,gi:24647430,1,1.0
gi:21357417,gi:24585242,1,1.0
gi:17737425,gi:24666749,1,1.0
gi:20129789,gi:24638862,1,1.0
P32392,gi:18860521,1,1.0
P08171,gi:28574582,1,1.0
gi:17137710,gi:24641129,1,1.0
Q19584,Q95QZ7,1,1.0
Q17878,Q9BIB7,1,1.0
gi:21355873,gi:24645650,1,1.0
P02410,P11457,1,1.0
P05848,P33353,1,1.0
P03005,P16525,1,1.0
gi:24658229,gi:24762622,1,1.0
gi:24653385,gi:24662989,1,1.0
gi:21357211,gi:24762471,1,1.0
P04475,P23839,1,1.0
Q21554,Q21934,1,1.0
O44577,O45666,1,1.0
P10987,gi:24655228,1,1.0
Q17935,Q9U2W6,1,1.0
P46824,gi:24646928,1,1.0
P06137,P08622,1,1.0
gi:20129433,gi:20130045,1,1.0
P21914,gi:24582741,1,1.0
P02934,P10408,1,1.0
O17981,O18672,1,1.0
gi:20130085,gi:24583012,1,1.0
gi:19920386,gi:21358333,1,1.0
gi:18858161,gi:28574284,1,1.0
gi:24650084,gi:24661467,1,1.0
gi:19920866,gi:24662650,1,1.0
gi:19920706,gi:24650311,1,1.0
Q21344,Q95QA6,1,1.0
gi:24656637,gi:24661759,1,1.0
P00482,P21507,1,1.0
P02423,P45802,1,1.0
gi:17137752,gi:24663462,1,1.0
O45521,Q93342,1,1.0
P00574,P13519,1,1.0
gi:21356031,gi:24639731,1,1.0
gi:19922440,gi:24585158,1,1.0
P07187,gi:20128863,1,1.0
gi:21357227,gi:24650168,1,1.0
gi:17137734,gi:24660989,1,1.0
gi:17647979,gi:21357817,1,1.0
gi:24645384,gi:24648690,1,1.0
P04384,P10408,1,1.0
P50464,Q09497,1,1.0
gi:23308611,gi:28571445,1,1.0
P82147,gi:20130175,1,1.0
gi:20129527,gi:24584835,1,1.0
gi:24655034,gi:24657023,1,1.0
Q24320,gi:24644390,1,1.0
P02424,P21499,1,1.0
gi:24638894,gi:28574695,1,1.0
gi:24583929,gi:24584251,1,1.0
P31057,P31663,1,1.0
Q9VXX8,gi:21357943,1,1.0
gi:17554366,gi:7105649,1,1.0
P29209,P39398,1,1.0
Q18192,Q19370,1,1.0
gi:21357081,gi:24662288,1,1.0
Q9TZ39,gi:17532607,1,1.0
gi:20130085,gi:24580731,1,1.0
gi:24581089,gi:24665395,1,1.0
P49906,gi:24583567,1,1.0
gi:19922900,gi:24648584,1,1.0
gi:19921238,gi:24652882,1,1.0
gi:20128797,gi:21356785,1,1.0
P02351,P18133,1,1.0
gi:17137168,gi:24584547,1,1.0
P03020,P06964,1,1.0
O76908,gi:24582006,1,1.0
gi:19921910,gi:28573019,1,1.0
O01427,Q9GSQ0,1,1.0
gi:18543199,gi:24582319,1,1.0
gi:20128797,gi:24586167,1,1.0
gi:19922220,gi:24585981,1,1.0
gi:21356311,gi:24649971,1,1.0
gi:24585154,gi:24585926,1,1.0
gi:21357951,gi:28571678,1,1.0
P02388,P03005,1,1.0
Q24400,gi:24645058,1,1.0
P06958,P15042,1,1.0
gi:24642021,gi:24655121,1,1.0
gi:18859749,gi:24657216,1,1.0
gi:19922992,gi:24662914,1,1.0
O01869,Q18573,1,1.0
gi:21955276,gi:24584067,1,1.0
gi:19920344,gi:24648615,1,1.0
O18405,gi:24644468,1,1.0
gi:21358039,gi:24647570,1,1.0
P04475,P36659,1,1.0
P03007,P28689,1,1.0
P91615,gi:24586587,1,1.0
gi:24663340,gi:24664840,1,1.0
gi:24645065,gi:24665583,1,1.0
gi:18860055,gi:24659166,1,1.0
gi:24653708,gi:28573879,1,1.0
gi:19921122,gi:24584296,1,1.0
gi:19921648,gi:24642867,1,1.0
P06959,P07025,1,1.0
P18102,gi:18858039,1,1.0
P17886,gi:24653350,1,1.0
gi:19921002,gi:24652930,1,1.0
P10115,P77658,1,1.0
gi:24654172,gi:28573140,1,1.0
P02379,P23830,1,1.0
gi:24649169,gi:24668206,1,1.0
gi:24641416,gi:24641831,1,1.0
gi:17137710,gi:28573954,1,1.0
P02423,P36564,1,1.0
P08622,P25521,1,1.0
Q20709,Q9XVA3,1,1.0
P00955,P02364,1,1.0
P08570,gi:24647224,1,1.0
P03002,P08622,1,1.0
Q9VNE9,gi:24640625,1,1.0
P00955,P02410,1,1.0
gi:24638750,gi:24639548,1,1.0
gi:18858037,gi:24649169,1,1.0
P02425,P16528,1,1.0
P33918,P45525,1,1.0
O18195,Q93700,1,1.0
gi:21356053,gi:28574920,1,1.0
gi:20128797,gi:24655341,1,1.0
O44144,Q22179,1,1.0
Q23985,gi:24655850,1,1.0
gi:20130157,gi:24645087,1,1.0
Q9W1Y7,gi:28573563,1,1.0
gi:24650949,gi:24652652,1,1.0
Q20216,Q20940,1,1.0
Q07327,Q24564,1,1.0
P08928,gi:24643822,1,1.0
O44450,Q9XW70,1,1.0
P07666,gi:28571655,1,1.0
gi:24642715,gi:24643634,1,1.0
P05053,P50456,1,1.0
gi:24641825,gi:24664132,1,1.0
Q9VD25,gi:24646737,1,1.0
P02359,P19675,1,1.0
P15215,gi:24647058,1,1.0
P19934,P19935,1,1.0
gi:18860099,gi:24662028,1,1.0
gi:21358085,gi:24581719,1,1.0
P31009,gi:19922794,1,1.0
P02409,P42550,1,1.0
P36651,P37678,1,1.0
O44424,gi:19922516,1,1.0
Q23664,Q95QA6,1,1.0
gi:17136568,gi:24641689,1,1.0
gi:23308611,gi:24646174,1,1.0
Q9VV43,gi:21357969,1,1.0
P21155,P30854,1,1.0
O01496,Q9XW68,1,1.0
gi:19920344,gi:24645967,1,1.0
Q24404,gi:24583929,1,1.0
P17205,gi:24643634,1,1.0
O16313,Q94251,1,1.0
gi:17933692,gi:24646212,1,1.0
gi:24584710,gi:24645285,1,1.0
P02420,P31059,1,1.0
gi:17550840,gi:25148095,1,1.0
gi:19922000,gi:24643530,1,1.0
gi:19921992,gi:24654479,1,1.0
P02349,P06277,1,1.0
P55828,gi:24645300,1,1.0
P29413,gi:24659755,1,1.0
P00391,P10486,1,1.0
P21461,gi:24645182,1,1.0
P07813,P76245,1,1.0
Q9VDS6,gi:19921244,1,1.0
gi:24655366,gi:24655474,1,1.0
gi:17647723,gi:19922304,1,1.0
P0A6N1,P30977,1,1.0
gi:20129971,gi:24582306,1,1.0
P00574,Q46906,1,1.0
P50887,gi:28574300,1,1.0
gi:24641798,gi:24652403,1,1.0
P16700,P37349,1,1.0
P04475,P45428,1,1.0
gi:18860011,gi:24762701,1,1.0
gi:24665950,gi:24665958,1,1.0
gi:24648536,gi:28571736,1,1.0
O18203,Q18843,1,1.0
P02341,P11457,1,1.0
gi:20130323,gi:24659367,1,1.0
gi:17738103,gi:28574581,1,1.0
gi:17737649,gi:24581719,1,1.0
Q9VEX9,gi:20129903,1,1.0
gi:20130175,gi:24646011,1,1.0
gi:17136920,gi:24650311,1,1.0
P02423,P17579,1,1.0
gi:20129903,gi:28573590,1,1.0
O17670,Q9N4L9,1,1.0
gi:18543215,gi:24583515,1,1.0
Q03563,Q10943,1,1.0
P92208,gi:24639601,1,1.0
gi:20130151,gi:24652930,1,1.0
gi:24584043,gi:24653459,1,1.0
P07682,P15032,1,1.0
gi:24655121,gi:28571891,1,1.0
Q9V8I2,gi:20129113,1,1.0
Q9V4Q0,gi:28571934,1,1.0
gi:17737503,gi:21687092,1,1.0
gi:21358247,gi:24657052,1,1.0
gi:24663188,gi:28571396,1,1.0
gi:21357547,gi:24641346,1,1.0
gi:17865642,gi:24643106,1,1.0
O61231,gi:18858099,1,1.0
gi:21357903,gi:28571100,1,1.0
P08177,P15040,1,1.0
Q22053,Q9GSQ0,1,1.0
P11147,gi:24665657,1,1.0
P02931,P19935,1,1.0
gi:17137564,gi:22024283,1,1.0
gi:20130351,gi:28574155,1,1.0
gi:21355719,gi:24639837,1,1.0
P19538,P31409,1,1.0
P08373,P52600,1,1.0
P02384,P19245,1,1.0
gi:21356855,gi:24651524,1,1.0
P36241,gi:24641790,1,1.0
P33224,P37765,1,1.0
gi:24641792,gi:24648391,1,1.0
gi:24644073,gi:24667917,1,1.0
O18302,Q95QI3,1,1.0
P38979,gi:24651671,1,1.0
gi:24585253,gi:24657218,1,1.0
P41999,Q23664,1,1.0
gi:24582172,gi:24653764,1,1.0
gi:24641944,gi:24655228,1,1.0
Q9V8K2,gi:17137758,1,1.0
gi:24581572,gi:24642134,1,1.0
gi:21357683,gi:24647143,1,1.0
gi:24638591,gi:24642565,1,1.0
P23757,gi:24647146,1,1.0
gi:24644163,gi:24666694,1,1.0
O45784,Q9N582,1,1.0
P54359,gi:24642601,1,1.0
gi:21357875,gi:21358039,1,1.0
gi:19921226,gi:24582226,1,1.0
O45003,Q18937,1,1.0
gi:24661822,gi:24664199,1,1.0
gi:21356805,gi:24649214,1,1.0
gi:21357037,gi:24582962,1,1.0
O01796,Q22174,1,1.0
P05389,gi:24657801,1,1.0
gi:24647137,gi:28573276,1,1.0
gi:24645011,gi:24665095,1,1.0
Q22167,Q9TZ39,1,1.0
Q17446,Q21431,1,1.0
O16797,gi:24661689,1,1.0
Q9VLP3,gi:24650084,1,1.0
P54733,gi:23308611,1,1.0
P02409,P45748,1,1.0
gi:17865642,gi:24645162,1,1.0
gi:24655751,gi:28574538,1,1.0
gi:21355869,gi:30923696,1,1.0
P02934,P11457,1,1.0
gi:17137216,gi:24641251,1,1.0
gi:24644987,gi:24659237,1,1.0
P0A6F5,P33138,1,1.0
Q20420,Q9N3P1,1,1.0
gi:18859955,gi:24582212,1,1.0
gi:18859901,gi:21355105,1,1.0
P41066,P41067,1,1.0
P23696,gi:24643634,1,1.0
gi:24648536,gi:24663481,1,1.0
Q9Y048,gi:25149523,1,1.0
gi:21358077,gi:28573879,1,1.0
gi:24654383,gi:24665205,1,1.0
gi:17137760,gi:24664062,1,1.0
gi:20128797,gi:24642363,1,1.0
gi:21358381,gi:24655606,1,1.0
P02901,P19925,1,1.0
gi:21357481,gi:24642950,1,1.0
P02370,P25522,1,1.0
P00391,P37024,1,1.0
Q9VMW8,gi:21355327,1,1.0
Q95RI5,gi:19921250,1,1.0
P02418,P43329,1,1.0
gi:24582306,gi:24656280,1,1.0
Q05913,gi:21356151,1,1.0
P47991,Q9U1X8,1,1.0
gi:17137692,gi:24646365,1,1.0
gi:19921458,gi:24652999,1,1.0
gi:19920776,gi:24581976,1,1.0
gi:24640119,gi:24643702,1,1.0
gi:19921458,gi:24663246,1,1.0
Q94514,gi:24639740,1,1.0
gi:21357677,gi:24651539,1,1.0
P14900,P37127,1,1.0
P52295,gi:17137616,1,1.0
P02342,P25539,1,1.0
gi:17737643,gi:24655036,1,1.0
Q24206,gi:24663462,1,1.0
Q9VGI8,gi:24651660,1,1.0
P09775,Q01068,1,1.0
P13395,gi:28574707,1,1.0
gi:21356073,gi:24649906,1,1.0
P23696,gi:28573264,1,1.0
Q21932,gi:33285223,1,1.0
gi:24583531,gi:24659188,1,1.0
gi:24582746,gi:28572036,1,1.0
Q23672,Q9XU77,1,1.0
gi:24580677,gi:24647609,1,1.0
Q24117,gi:24661900,1,1.0
P91400,Q09407,1,1.0
P02422,P75767,1,1.0
P02354,P36997,1,1.0
gi:17137764,gi:24640631,1,1.0
gi:21356041,gi:24651539,1,1.0
O62195,Q19969,1,1.0
gi:24646290,gi:28574886,1,1.0
P25228,gi:24648615,1,1.0
gi:20129579,gi:22026831,1,1.0
gi:21355573,gi:24656769,1,1.0
P00391,P52037,1,1.0
O45784,Q9U226,1,1.0
gi:24643915,gi:24650829,1,1.0
gi:24641085,gi:24657619,1,1.0
gi:24654586,gi:28573195,1,1.0
P02420,P39159,1,1.0
Q17675,Q95XR0,1,1.0
gi:24657086,gi:24657782,1,1.0
O18672,O45784,1,1.0
Q24564,gi:20130007,1,1.0
P0A6F5,P23887,1,1.0
O96841,gi:21358039,1,1.0
P00824,P15038,1,1.0
gi:21357711,gi:28571445,1,1.0
P04475,P06138,1,1.0
Q18783,Q21094,1,1.0
P25521,P25537,1,1.0
P91503,Q9Y048,1,1.0
Q9XYM0,gi:18543291,1,1.0
P04475,P04951,1,1.0
gi:24640625,gi:24642922,1,1.0
gi:24583332,gi:24583965,1,1.0
gi:21355807,gi:24584372,1,1.0
gi:19920776,gi:24657684,1,1.0
Q24423,gi:24638766,1,1.0
Q17746,Q22227,1,1.0
P14081,P25521,1,1.0
gi:22026816,gi:24647137,1,1.0
gi:19921326,gi:24651935,1,1.0
P08374,P77212,1,1.0
Q9W2N0,gi:24654144,1,1.0
gi:24581626,gi:24645869,1,1.0
Q9V8K2,gi:22024206,1,1.0
P02392,P02999,1,1.0
gi:24656644,gi:24665154,1,1.0
Q17359,Q27498,1,1.0
gi:21355719,gi:24655741,1,1.0
gi:19921294,gi:24658492,1,1.0
P19318,P42593,1,1.0
P25158,gi:24641148,1,1.0
gi:17647279,gi:24666886,1,1.0
P02356,P33371,1,1.0
P08936,P28689,1,1.0
gi:17737655,gi:18859679,1,1.0
O18302,O44821,1,1.0
gi:19920436,gi:24643050,1,1.0
gi:21356743,gi:24647233,1,1.0
P02339,P02436,1,1.0
P02356,P02378,1,1.0
P18502,gi:24666933,1,1.0
gi:19920798,gi:24642037,1,1.0
O45521,Q18946,1,1.0
gi:19922294,gi:20128863,1,1.0
gi:21358247,gi:24640785,1,1.0
P15278,gi:24643447,1,1.0
P40427,gi:24585327,1,1.0
Q21746,Q21763,1,1.0
gi:19920436,gi:28574939,1,1.0
P08879,Q94524,1,1.0
gi:24649564,gi:24655121,1,1.0
P10408,P28631,1,1.0
gi:18858137,gi:24640717,1,1.0
gi:19922726,gi:20129485,1,1.0
Q9XZF0,gi:28573604,1,1.0
Q17359,Q8ITV7,1,1.0
O16867,P10981,1,1.0
P32052,P76367,1,1.0
O02353,Q18426,1,1.0
gi:24648444,gi:24666240,1,1.0
gi:18543289,gi:24657782,1,1.0
P18502,gi:24650829,1,1.0
gi:19921270,gi:24655502,1,1.0
gi:17648053,gi:21355643,1,1.0
O17272,Q23158,1,1.0
gi:21357761,gi:24650168,1,1.0
gi:17137696,gi:28573563,1,1.0
P02422,P02436,1,1.0
P02390,P36979,1,1.0
P02356,P76594,1,1.0
P02996,P17802,1,1.0
gi:24641851,gi:24642006,1,1.0
gi:21357781,gi:24667258,1,1.0
P02359,P03815,1,1.0
gi:18859631,gi:24652686,1,1.0
P07185,gi:24666394,1,1.0
P02516,gi:24655153,1,1.0
gi:22026880,gi:24662946,1,1.0
P07004,P16676,1,1.0
gi:17933748,gi:24640430,1,1.0
gi:20128797,gi:24665469,1,1.0
gi:20129563,gi:24653966,1,1.0
P02420,P21774,1,1.0
Q24547,gi:24655153,1,1.0
gi:24643729,gi:24657782,1,1.0
gi:18543285,gi:24648484,1,1.0
gi:21355617,gi:24638625,1,1.0
gi:17136720,gi:21357127,1,1.0
P23792,Q01644,1,1.0
P25008,gi:17137380,1,1.0
gi:20128797,gi:24655996,1,1.0
gi:24642263,gi:24644422,1,1.0
Q24210,gi:20129433,1,1.0
gi:20129227,gi:28573879,1,1.0
P34659,Q9XUB3,1,1.0
gi:24653385,gi:28574249,1,1.0
P02413,P05055,1,1.0
O17670,Q8MQ25,1,1.0
P00575,P02370,1,1.0
gi:20128797,gi:28573466,1,1.0
P15032,P15042,1,1.0
P02428,P76578,1,1.0
Q23333,Q93758,1,1.0
P0A6F9,P22257,1,1.0
P07012,P39301,1,1.0
gi:18543325,gi:28573934,1,1.0
P02413,P76594,1,1.0
P00575,P76211,1,1.0
gi:17865634,gi:24640177,1,1.0
gi:18543289,gi:24652897,1,1.0
gi:19922992,gi:21356033,1,1.0
gi:24647572,gi:24651185,1,1.0
gi:24582813,gi:24638845,1,1.0
gi:24663556,gi:24665132,1,1.0
P02351,P20083,1,1.0
O17839,O17981,1,1.0
gi:24645606,gi:28573368,1,1.0
P28909,P46837,1,1.0
gi:24656026,gi:24668642,1,1.0
gi:17137616,gi:19921140,1,1.0
Q20798,gi:32564931,1,1.0
gi:24640430,gi:24655034,1,1.0
gi:21357871,gi:24585051,1,1.0
P02352,P45571,1,1.0
P02392,P28630,1,1.0
gi:24582744,gi:24650124,1,1.0
Q02748,gi:24581976,1,1.0
gi:24654160,gi:24660188,1,1.0
gi:24639301,gi:24647988,1,1.0
gi:21356041,gi:24585242,1,1.0
gi:24652733,gi:24660742,1,1.0
gi:24585074,gi:28573740,1,1.0
gi:19921312,gi:19921648,1,1.0
gi:20129529,gi:24584835,1,1.0
gi:24584376,gi:24644314,1,1.0
P50880,Q9N597,1,1.0
Q06559,gi:24580817,1,1.0
P08368,P08401,1,1.0
P02422,P04742,1,1.0
P03844,P33582,1,1.0
P00579,P02995,1,1.0
P33224,P36659,1,1.0
P30642,Q21229,1,1.0
gi:19920978,gi:24644620,1,1.0
P02410,P21513,1,1.0
Q9VXK6,gi:24660176,1,1.0
P02824,gi:28573691,1,1.0
P02824,gi:24667117,1,1.0
Q9N3F2,Q9TXW1,1,1.0
P10408,P16920,1,1.0
P10408,P33594,1,1.0
P07666,Q9VQQ9,1,1.0
P10987,gi:21357275,1,1.0
gi:17864630,gi:24580513,1,1.0
gi:24583419,gi:24640260,1,1.0
gi:24582383,gi:24655170,1,1.0
Q9VAD6,gi:28574009,1,1.0
gi:19921230,gi:24640119,1,1.0
P02410,P02995,1,1.0
gi:24643702,gi:24648294,1,1.0
gi:17136378,gi:24583982,1,1.0
gi:19920622,gi:24644880,1,1.0
gi:17137616,gi:24638591,1,1.0
gi:24654017,gi:24659221,1,1.0
gi:17864444,gi:24659237,1,1.0
gi:24580809,gi:24668417,1,1.0
gi:20129903,gi:24647609,1,1.0
gi:18858217,gi:24641831,1,1.0
gi:17136860,gi:17137488,1,1.0
gi:24583764,gi:24640672,1,1.0
Q24423,gi:21358551,1,1.0
gi:24645150,gi:24646017,1,1.0
gi:21358235,gi:22024283,1,1.0
gi:19922526,gi:24645332,1,1.0
gi:18858125,gi:24655474,1,1.0
P49808,Q19436,1,1.0
gi:21356031,gi:24639715,1,1.0
Q17878,Q9NAD6,1,1.0
gi:28573549,gi:28574582,1,1.0
P02414,P45567,1,1.0
gi:17647911,gi:24663462,1,1.0
Q24117,gi:24585353,1,1.0
gi:24642884,gi:28573563,1,1.0
Q9U6L5,gi:19920866,1,1.0
gi:21357211,gi:24648463,1,1.0
Q9VGX3,gi:24581572,1,1.0
P02422,P28691,1,1.0
P02356,P04742,1,1.0
gi:19920798,gi:21355973,1,1.0
gi:24581719,gi:24582006,1,1.0
gi:17136860,gi:24656168,1,1.0
P19109,gi:17136732,1,1.0
P33226,P39453,1,1.0
P39171,P75960,1,1.0
Q9VNE9,gi:24762726,1,1.0
P39745,Q17695,1,1.0
Q23985,gi:24654595,1,1.0
gi:24580804,gi:28574472,1,1.0
P52295,gi:24666053,1,1.0
gi:18859819,gi:28574886,1,1.0
gi:20130193,gi:24584043,1,1.0
Q9VQQ9,gi:24585205,1,1.0
gi:24663657,gi:24668206,1,1.0
gi:22024283,gi:28573466,1,1.0
P77561,P77704,1,1.0
P41829,Q9N4S0,1,1.0
gi:24582746,gi:28574860,1,1.0
gi:17136728,gi:24662317,1,1.0
gi:21357903,gi:24658110,1,1.0
gi:20129481,gi:24640525,1,1.0
P48149,gi:24640007,1,1.0
O61708,Q23158,1,1.0
P02422,P06137,1,1.0
P19538,P54733,1,1.0
P08622,P36979,1,1.0
gi:24651671,gi:24655121,1,1.0
P06958,P77302,1,1.0
gi:17136212,gi:24646908,1,1.0
P37188,P76092,1,1.0
P02351,P14825,1,1.0
gi:21356073,gi:21357697,1,1.0
P06958,P20625,1,1.0
Q17868,gi:17553418,1,1.0
gi:18858137,gi:21358111,1,1.0
P06739,P08716,1,1.0
gi:24582239,gi:24665469,1,1.0
P02429,P36979,1,1.0
P02990,P09097,1,1.0
P02423,P07012,1,1.0
gi:17933748,gi:21356873,1,1.0
gi:21357761,gi:24657019,1,1.0
gi:20129859,gi:28571678,1,1.0
gi:17933604,gi:24653584,1,1.0
gi:24582826,gi:28574950,1,1.0
gi:19920776,gi:24641567,1,1.0
P13097,gi:24654828,1,1.0
P10440,P77646,1,1.0
gi:24656431,gi:28573684,1,1.0
gi:17864572,gi:24584828,1,1.0
gi:20129165,gi:24653705,1,1.0
gi:24640353,gi:24661707,1,1.0
gi:19920688,gi:24585156,1,1.0
Q20676,Q94261,1,1.0
P15330,gi:18921137,1,1.0
Q9VYD7,gi:18858043,1,1.0
gi:24641434,gi:24660935,1,1.0
gi:21357105,gi:24663548,1,1.0
O62619,gi:18859735,1,1.0
gi:20129505,gi:24643516,1,1.0
gi:20130425,gi:24646860,1,1.0
P56544,gi:19920738,1,1.0
P37349,P76072,1,1.0
gi:20130085,gi:21356453,1,1.0
Q24407,gi:24639368,1,1.0
Q01820,gi:24654383,1,1.0
gi:24583332,gi:24648828,1,1.0
P02386,P45571,1,1.0
Q9V564,gi:24662155,1,1.0
Q9V3R1,gi:21356995,1,1.0
gi:24639715,gi:28571819,1,1.0
P02410,P05055,1,1.0
P00575,P08390,1,1.0
P25008,gi:24644145,1,1.0
gi:19921932,gi:28574385,1,1.0
gi:20129835,gi:24641280,1,1.0
P02905,P24182,1,1.0
P04422,P10408,1,1.0
Q9W141,gi:28572129,1,1.0
P50887,gi:24640672,1,1.0
gi:24583965,gi:24648042,1,1.0
gi:24649519,gi:24652733,1,1.0
Q95QN6,Q9UAH1,1,1.0
gi:24583965,gi:28574950,1,1.0
gi:17137738,gi:28571506,1,1.0
gi:21355395,gi:24662973,1,1.0
gi:24641788,gi:24643447,1,1.0
gi:24584167,gi:24586585,1,1.0
gi:19921596,gi:19922206,1,1.0
P48152,Q27535,1,1.0
gi:24653304,gi:24667760,1,1.0
P06959,P37163,1,1.0
gi:21357211,gi:24652680,1,1.0
P02366,P06277,1,1.0
gi:22026831,gi:24643516,1,1.0
P03018,P77349,1,1.0
P02358,P07682,1,1.0
Q9VSJ8,gi:24652907,1,1.0
gi:21357113,gi:24655741,1,1.0
P02379,P14374,1,1.0
P02408,P19245,1,1.0
gi:24640430,gi:24651006,1,1.0
P50245,gi:28571831,1,1.0
Q23982,gi:24659755,1,1.0
gi:21356383,gi:21357915,1,1.0
gi:17136948,gi:19921976,1,1.0
P02374,P21499,1,1.0
gi:24644677,gi:24657747,1,1.0
gi:17986207,gi:21356591,1,1.0
gi:17136812,gi:24655606,1,1.0
gi:17137572,gi:24662830,1,1.0
Q24260,gi:20130085,1,1.0
gi:17136854,gi:24581155,1,1.0
gi:24642480,gi:24762775,1,1.0
P32100,gi:24639782,1,1.0
gi:24583557,gi:24645795,1,1.0
gi:18857963,gi:24647638,1,1.0
P02990,P13445,1,1.0
gi:20130247,gi:24649160,1,1.0
gi:24639715,gi:24649114,1,1.0
O17670,Q9XUL9,1,1.0
P41092,Q9W553,1,1.0
gi:17647979,gi:24641831,1,1.0
P02423,P23282,1,1.0
P16914,gi:19922904,1,1.0
P16371,Q01070,1,1.0
gi:17136256,gi:21357211,1,1.0
Q18691,Q22174,1,1.0
gi:18858161,gi:24663292,1,1.0
P00391,P07015,1,1.0
gi:24584835,gi:24647468,1,1.0
gi:21355265,gi:24640233,1,1.0
P34605,Q21891,1,1.0
Q18488,Q19774,1,1.0
gi:19921312,gi:24651791,1,1.0
gi:24646899,gi:24658370,1,1.0
P00528,gi:24658895,1,1.0
gi:20128797,gi:24661900,1,1.0
gi:19920696,gi:24654595,1,1.0
gi:23397623,gi:28574296,1,1.0
gi:18859635,gi:28571678,1,1.0
gi:17647383,gi:17647945,1,1.0
O18640,gi:21357897,1,1.0
gi:17136488,gi:24651111,1,1.0
P54622,gi:24651610,1,1.0
gi:24643761,gi:24644880,1,1.0
gi:21356581,gi:28574784,1,1.0
gi:20128953,gi:24639609,1,1.0
gi:20130049,gi:24645177,1,1.0
gi:19921140,gi:20129131,1,1.0
gi:19920738,gi:24647786,1,1.0
gi:17737805,gi:19920396,1,1.0
P02339,P02387,1,1.0
P49630,gi:17864576,1,1.0
O44750,Q9N5V2,1,1.0
gi:21358099,gi:24665583,1,1.0
P25524,P33636,1,1.0
P0A6F5,P77329,1,1.0
P91151,Q20678,1,1.0
P04475,P17288,1,1.0
P02389,P02392,1,1.0
P02356,P02359,1,1.0
gi:22024283,gi:24658585,1,1.0
O45189,Q17385,1,1.0
P02351,P33371,1,1.0
gi:21356121,gi:28573278,1,1.0
Q02330,Q21847,1,1.0
gi:19921332,gi:24641535,1,1.0
Q21648,Q9NAE9,1,1.0
O62374,Q9XU77,1,1.0
O18672,O45521,1,1.0
gi:24584372,gi:24585277,1,1.0
gi:18859703,gi:24644214,1,1.0
gi:20129291,gi:28574037,1,1.0
gi:21357817,gi:24643106,1,1.0
P48601,gi:24644293,1,1.0
P04995,P28905,1,1.0
gi:19920576,gi:24662729,1,1.0
P48607,gi:21357129,1,1.0
P42287,Q94524,1,1.0
gi:24585242,gi:24657292,1,1.0
Q24400,gi:20129279,1,1.0
P22563,P77409,1,1.0
gi:18859679,gi:24659834,1,1.0
gi:20129735,gi:28573466,1,1.0
gi:19920354,gi:24640625,1,1.0
gi:17737425,gi:24666737,1,1.0
gi:24582006,gi:24650598,1,1.0
gi:17137700,gi:24657747,1,1.0
P23891,P29464,1,1.0
gi:17136692,gi:24661625,1,1.0
gi:24639748,gi:24648905,1,1.0
Q27350,gi:17137480,1,1.0
O17670,gi:17552438,1,1.0
gi:24583793,gi:24663250,1,1.0
P17276,gi:24646105,1,1.0
P06984,P08756,1,1.0
gi:24584039,gi:24641235,1,1.0
P22700,gi:18858185,1,1.0
Q9N574,gi:32564190,1,1.0
gi:17530817,gi:24580513,1,1.0
gi:24651924,gi:24661263,1,1.0
O46202,gi:24640353,1,1.0
gi:24640268,gi:24653385,1,1.0
P15364,gi:24643761,1,1.0
gi:21357211,gi:24658772,1,1.0
P13445,P31690,1,1.0
gi:17137648,gi:18859973,1,1.0
P91277,Q19018,1,1.0
P02990,P23909,1,1.0
Q9NAE1,gi:13324910,1,1.0
gi:17137642,gi:21356645,1,1.0
gi:24641090,gi:28574886,1,1.0
Q94516,Q9VCR6,1,1.0
gi:17864256,gi:24646199,1,1.0
Q20737,Q9XWQ1,1,1.0
gi:21357417,gi:24655701,1,1.0
gi:17647755,gi:24666524,1,1.0
gi:18860069,gi:21356073,1,1.0
gi:24582212,gi:24649327,1,1.0
O97159,gi:18859929,1,1.0
P07007,P07008,1,1.0
O18282,O61208,1,1.0
gi:24640172,gi:24651238,1,1.0
gi:24642950,gi:24643474,1,1.0
gi:17647979,gi:24655093,1,1.0
gi:24581467,gi:24642517,1,1.0
Q18239,Q95QA6,1,1.0
gi:21355807,gi:21356221,1,1.0
Q9W0P5,gi:28573850,1,1.0
gi:24664836,gi:24667163,1,1.0
P13458,P76092,1,1.0
P25718,P28637,1,1.0
gi:24638609,gi:28573563,1,1.0
Q24141,gi:24648083,1,1.0
gi:19920344,gi:28558748,1,1.0
O16797,gi:24583041,1,1.0
gi:21355075,gi:24651665,1,1.0
gi:22023997,gi:24646273,1,1.0
gi:24581901,gi:28574529,1,1.0
P82910,gi:21355911,1,1.0
gi:24584835,gi:24647909,1,1.0
gi:24645921,gi:24649820,1,1.0
P35415,gi:20128841,1,1.0
Q22170,gi:17565204,1,1.0
P02354,P23830,1,1.0
P02420,P09372,1,1.0
gi:18858101,gi:24644093,1,1.0
P13519,P29210,1,1.0
Q01842,gi:24651589,1,1.0
gi:24584835,gi:24662360,1,1.0
gi:24639292,gi:26080381,1,1.0
gi:17864256,gi:24650814,1,1.0
P17917,gi:24663462,1,1.0
P02384,P39299,1,1.0
gi:21357903,gi:24581314,1,1.0
gi:21357761,gi:28574971,1,1.0
gi:17648123,gi:24582306,1,1.0
Q02361,gi:24642808,1,1.0
gi:21357683,gi:21357837,1,1.0
gi:24582224,gi:24660781,1,1.0
gi:18858137,gi:24642430,1,1.0
P02423,P08177,1,1.0
gi:18858071,gi:20129291,1,1.0
gi:17737395,gi:21357731,1,1.0
O62160,Q9XWS0,1,1.0
gi:23397399,gi:23397629,1,1.0
Q9W1Y7,gi:22024071,1,1.0
gi:24650248,gi:24658567,1,1.0
gi:24644735,gi:24666394,1,1.0
gi:17647723,gi:24580874,1,1.0
O61955,Q9XW13,1,1.0
gi:21356995,gi:24640704,1,1.0
gi:24641624,gi:24643437,1,1.0
P23696,gi:28574726,1,1.0
gi:17136968,gi:24655363,1,1.0
gi:24646017,gi:24650202,1,1.0
P02387,P02999,1,1.0
gi:20129277,gi:24663027,1,1.0
Q24564,gi:19921116,1,1.0
P24245,P36996,1,1.0
gi:23397524,gi:24654586,1,1.0
gi:19922628,gi:28573878,1,1.0
O62619,gi:24586252,1,1.0
gi:24657492,gi:24762582,1,1.0
gi:24586167,gi:24644242,1,1.0
P00647,P14294,1,1.0
Q19932,Q9GZD5,1,1.0
O44606,Q09975,1,1.0
gi:24581976,gi:28571863,1,1.0
gi:24655474,gi:24656764,1,1.0
gi:21357369,gi:24649208,1,1.0
Q9VSS7,gi:20129641,1,1.0
Q18350,Q9TZ39,1,1.0
P76539,P76594,1,1.0
gi:24644819,gi:24649007,1,1.0
P39299,P76594,1,1.0
Q9XW13,gi:32564251,1,1.0
Q24404,gi:20129067,1,1.0
P02436,P15082,1,1.0
P19538,gi:24667258,1,1.0
gi:17864128,gi:24649109,1,1.0
P02342,P24245,1,1.0
gi:18858161,gi:24652897,1,1.0
gi:21355769,gi:24645951,1,1.0
P21892,P24991,1,1.0
P49258,gi:19920666,1,1.0
gi:17647979,gi:24639681,1,1.0
gi:18859825,gi:24659572,1,1.0
gi:24583929,gi:24585158,1,1.0
gi:24639885,gi:24658342,1,1.0
gi:24641014,gi:24655480,1,1.0
P33635,P76578,1,1.0
gi:24583965,gi:24646829,1,1.0
P02386,P15277,1,1.0
gi:17136854,gi:24581719,1,1.0
gi:21358455,gi:30923597,1,1.0
P19538,gi:17864244,1,1.0
gi:20129859,gi:24646318,1,1.0
gi:24649250,gi:24651303,1,1.0
P05848,P32704,1,1.0
P29503,P40796,1,1.0
P02990,P28635,1,1.0
P19538,Q24210,1,1.0
gi:19920978,gi:20129961,1,1.0
P82910,Q9VG82,1,1.0
P07187,gi:24583631,1,1.0
P02342,P15977,1,1.0
Q20577,Q9N343,1,1.0
gi:19922620,gi:24655824,1,1.0
gi:18859807,gi:24582283,1,1.0
P06972,P10440,1,1.0
gi:17137454,gi:28574555,1,1.0
gi:19922308,gi:24655555,1,1.0
gi:17738243,gi:24648780,1,1.0
gi:17352479,gi:24642303,1,1.0
gi:24655759,gi:24762701,1,1.0
gi:21356091,gi:24658726,1,1.0
O44424,gi:24642884,1,1.0
gi:21355865,gi:24585156,1,1.0
gi:19922100,gi:20129403,1,1.0
gi:21355361,gi:24640747,1,1.0
gi:17136256,gi:24652290,1,1.0
Q9VVG4,gi:21356121,1,1.0
gi:20129291,gi:21355577,1,1.0
gi:24644051,gi:24651203,1,1.0
gi:20129291,gi:21357939,1,1.0
P18502,Q9VVX3,1,1.0
gi:21356481,gi:24667117,1,1.0
gi:20129527,gi:24644422,1,1.0
gi:24641280,gi:24667876,1,1.0
P04790,P15038,1,1.0
gi:24585405,gi:24646729,1,1.0
gi:19921306,gi:24641090,1,1.0
P02423,P76104,1,1.0
P02423,P19675,1,1.0
gi:21355577,gi:24650864,1,1.0
gi:21358367,gi:24658567,1,1.0
gi:20130115,gi:28571947,1,1.0
gi:19920896,gi:21357387,1,1.0
O18404,gi:24581499,1,1.0
Q9VQQ9,gi:24667207,1,1.0
O46099,gi:20129477,1,1.0
gi:21357711,gi:24660746,1,1.0
gi:19922382,gi:24655555,1,1.0
P48591,gi:21355205,1,1.0
gi:24644242,gi:24648917,1,1.0
P02352,P76316,1,1.0
gi:24644057,gi:28571678,1,1.0
Q9VYH3,gi:24645778,1,1.0
Q9VQQ9,Q9VXX8,1,1.0
Q18183,gi:6042188,1,1.0
P08622,P09372,1,1.0
gi:23397623,gi:24663011,1,1.0
Q9V6G5,gi:17136378,1,1.0
gi:17137700,gi:20130331,1,1.0
O76449,Q17559,1,1.0
gi:21355657,gi:24665485,1,1.0
P45523,P77432,1,1.0
P02352,P06277,1,1.0
P04286,Q46894,1,1.0
gi:17136294,gi:24640817,1,1.0
P00575,P0A6N1,1,1.0
gi:17136772,gi:24651688,1,1.0
gi:28571880,gi:28574383,1,1.0
gi:24582306,gi:24652650,1,1.0
P00490,P02386,1,1.0
P02386,P76594,1,1.0
gi:17864452,gi:24651589,1,1.0
Q22799,Q965U2,1,1.0
gi:17136854,gi:21357817,1,1.0
P21507,P33594,1,1.0
gi:19921312,gi:21355535,1,1.0
P08175,gi:24644093,1,1.0
gi:19922620,gi:24659451,1,1.0
gi:24640777,gi:28573486,1,1.0
P15372,gi:24663027,1,1.0
O46341,gi:24640289,1,1.0
P15344,P76015,1,1.0
gi:24581719,gi:28573304,1,1.0
O01775,P17329,1,1.0
gi:18860099,gi:24653760,1,1.0
gi:17137168,gi:24643702,1,1.0
gi:21357211,gi:28574443,1,1.0
gi:24665229,gi:28573157,1,1.0
gi:21355125,gi:24647174,1,1.0
Q23158,Q23680,1,1.0
Q17878,gi:32566451,1,1.0
gi:24582096,gi:24650025,1,1.0
P06996,P36979,1,1.0
gi:21356995,gi:24647779,1,1.0
P49906,gi:17137296,1,1.0
gi:19920866,gi:24645429,1,1.0
P23696,gi:28574010,1,1.0
gi:18921139,gi:24644650,1,1.0
P00577,P23484,1,1.0
P02834,gi:24649250,1,1.0
O44956,P30625,1,1.0
P00582,P0A6N1,1,1.0
P16431,P24191,1,1.0
gi:20129731,gi:21357495,1,1.0
gi:24649795,gi:24665950,1,1.0
gi:24583208,gi:24654644,1,1.0
P20432,gi:21356695,1,1.0
Q9VLU0,gi:21357047,1,1.0
P02349,P07028,1,1.0
gi:18858055,gi:28574675,1,1.0
gi:17647503,gi:24581339,1,1.0
O18118,Q8I7I0,1,1.0
gi:24585154,gi:24644638,1,1.0
gi:19922138,gi:24585608,1,1.0
O01456,gi:17553966,1,1.0
gi:24640353,gi:24648044,1,1.0
gi:24580579,gi:24644057,1,1.0
Q24564,gi:20129483,1,1.0
Q18688,gi:6042188,1,1.0
O77051,gi:17136804,1,1.0
gi:24580712,gi:24645184,1,1.0
O61967,Q09648,1,1.0
gi:24639715,gi:24666240,1,1.0
P02387,P02416,1,1.0
Q9U405,gi:24647582,1,1.0
P00579,P30867,1,1.0
Q22227,Q9N4B6,1,1.0
gi:17648033,gi:24582212,1,1.0
P02283,P54357,1,1.0
gi:24585813,gi:28571825,1,1.0
Q05783,gi:21357147,1,1.0
gi:24639988,gi:28574146,1,1.0
gi:24643595,gi:24659237,1,1.0
P13607,gi:24647385,1,1.0
gi:21357495,gi:24656476,1,1.0
gi:20130255,gi:24639885,1,1.0
gi:17737727,gi:19920692,1,1.0
gi:24584017,gi:24641085,1,1.0
gi:24646611,gi:28572057,1,1.0
gi:17136784,gi:20129635,1,1.0
gi:24585132,gi:24639715,1,1.0
O46036,gi:24646758,1,1.0
Q9VL18,gi:21358555,1,1.0
gi:21358091,gi:24653096,1,1.0
gi:19922440,gi:24580572,1,1.0
gi:19922480,gi:24648966,1,1.0
gi:17737533,gi:24638599,1,1.0
gi:21355361,gi:24654854,1,1.0
gi:21355383,gi:24640124,1,1.0
gi:24646864,gi:24649904,1,1.0
P02389,P21346,1,1.0
gi:19922352,gi:24641831,1,1.0
P02358,P33224,1,1.0
gi:20129433,gi:24641831,1,1.0
gi:24642884,gi:24645026,1,1.0
gi:24642267,gi:28574764,1,1.0
Q24451,gi:24649564,1,1.0
gi:17137452,gi:24641480,1,1.0
gi:24640430,gi:24653350,1,1.0
P32392,gi:19922440,1,1.0
P14130,gi:19922110,1,1.0
gi:19921710,gi:24665414,1,1.0
gi:24648653,gi:28574851,1,1.0
gi:24662650,gi:28558739,1,1.0
gi:24583332,gi:24585990,1,1.0
P92201,gi:21358103,1,1.0
P02422,P19245,1,1.0
P15372,gi:24651703,1,1.0
P08756,P19933,1,1.0
gi:24647430,gi:24649025,1,1.0
P14081,P76104,1,1.0
P06959,P45571,1,1.0
gi:19922144,gi:20130199,1,1.0
P00490,P02410,1,1.0
Q9W5R5,gi:20129301,1,1.0
gi:17137164,gi:24645425,1,1.0
Q9VSJ8,gi:19922100,1,1.0
gi:17647735,gi:24641921,1,1.0
P08324,P14825,1,1.0
gi:24650747,gi:24658229,1,1.0
P02370,P04742,1,1.0
gi:17137560,gi:17647523,1,1.0
gi:17137620,gi:17864274,1,1.0
gi:24652882,gi:24655996,1,1.0
Q9VG82,gi:24646318,1,1.0
P52485,gi:21357313,1,1.0
O18640,gi:21357711,1,1.0
P40945,gi:24580817,1,1.0
Q22227,Q95ZV8,1,1.0
gi:24640430,gi:24667063,1,1.0
gi:19923008,gi:24650148,1,1.0
gi:17986113,gi:24644093,1,1.0
gi:17137788,gi:17647503,1,1.0
Q17746,gi:17554384,1,1.0
gi:20130331,gi:24655170,1,1.0
P04475,P28905,1,1.0
Q9VCE9,gi:24665065,1,1.0
O76924,gi:17647755,1,1.0
gi:20129231,gi:24639021,1,1.0
gi:19921312,gi:24642235,1,1.0
gi:24650192,gi:24651703,1,1.0
P10115,P13652,1,1.0
gi:18859847,gi:28573264,1,1.0
gi:24649345,gi:28573173,1,1.0
gi:19922992,gi:20129775,1,1.0
P10041,gi:18543325,1,1.0
gi:24580731,gi:24650259,1,1.0
P11455,gi:23397623,1,1.0
gi:17137572,gi:24659451,1,1.0
gi:24649214,gi:24656486,1,1.0
Q9W1M8,gi:21358481,1,1.0
gi:24644165,gi:24663332,1,1.0
P46824,gi:24644422,1,1.0
O01925,Q9XXA2,1,1.0
P08182,gi:24642235,1,1.0
gi:19922144,gi:24653247,1,1.0
gi:24654441,gi:28571678,1,1.0
P00580,P28304,1,1.0
gi:17737503,gi:24662431,1,1.0
P02425,P21507,1,1.0
gi:19920696,gi:24648173,1,1.0
P13706,gi:24585974,1,1.0
P25539,P76172,1,1.0
gi:18858055,gi:18858161,1,1.0
gi:18543229,gi:21358379,1,1.0
P48609,gi:17647293,1,1.0
Q09530,Q9N597,1,1.0
gi:24664458,gi:28574695,1,1.0
gi:21687092,gi:24639347,1,1.0
gi:24584017,gi:24661455,1,1.0
P02356,P36996,1,1.0
P0A6N1,P39177,1,1.0
gi:20128797,gi:28573879,1,1.0
P28689,P33635,1,1.0
P08181,gi:28571396,1,1.0
gi:24762837,gi:26080373,1,1.0
gi:17737425,gi:24649080,1,1.0
gi:24584547,gi:28571445,1,1.0
O62236,Q9XUY5,1,1.0
P02356,P33635,1,1.0
O16500,O44606,1,1.0
gi:24652244,gi:28574886,1,1.0
Q19325,Q9TVH6,1,1.0
P29052,gi:17137454,1,1.0
P00577,P02356,1,1.0
O97125,gi:24668563,1,1.0
gi:18859825,gi:24640264,1,1.0
P08570,gi:20130085,1,1.0
gi:19920370,gi:28573878,1,1.0
P00960,P02420,1,1.0
O16299,P55853,1,1.0
Q09983,Q9BL58,1,1.0
gi:18857983,gi:21357761,1,1.0
P03002,P15716,1,1.0
P02386,P25522,1,1.0
P34371,Q18036,1,1.0
P10299,P91505,1,1.0
P02410,P10440,1,1.0
gi:24648896,gi:24650771,1,1.0
gi:21357075,gi:24640672,1,1.0
Q20922,Q22306,1,1.0
gi:24582879,gi:24583012,1,1.0
O16364,gi:32567194,1,1.0
gi:20128797,gi:21357495,1,1.0
gi:18858161,gi:24643822,1,1.0
gi:19922440,gi:28573740,1,1.0
gi:24582283,gi:24646611,1,1.0
gi:17136728,gi:18858161,1,1.0
gi:24668585,gi:28574707,1,1.0
Q24133,gi:24582210,1,1.0
P48461,gi:24582096,1,1.0
gi:24582224,gi:24586197,1,1.0
gi:23397621,gi:24640817,1,1.0
P42287,gi:24647609,1,1.0
P23023,gi:24657351,1,1.0
gi:24582283,gi:28571108,1,1.0
gi:24641616,gi:24648484,1,1.0
Q21636,Q9U9Y8,1,1.0
gi:19920688,gi:21356245,1,1.0
gi:24581873,gi:24655888,1,1.0
gi:17737985,gi:24583894,1,1.0
gi:17647739,gi:24649007,1,1.0
gi:24640777,gi:24667565,1,1.0
Q22676,Q94126,1,1.0
gi:24641833,gi:24661707,1,1.0
gi:17737685,gi:19922308,1,1.0
P00961,P06982,1,1.0
P03003,P08338,1,1.0
gi:24643110,gi:24645344,1,1.0
P06982,P36979,1,1.0
Q9TZ39,Q9U3G3,1,1.0
gi:21687037,gi:24639657,1,1.0
gi:18859859,gi:20129579,1,1.0
gi:18857963,gi:24664105,1,1.0
Q22227,Q23179,1,1.0
Q09560,Q95QA6,1,1.0
gi:21355713,gi:24650168,1,1.0
Q24404,gi:24639301,1,1.0
Q9VNE9,gi:28558744,1,1.0
Q20002,Q8I7I0,1,1.0
O01802,Q9XTC6,1,1.0
gi:24639410,gi:28573679,1,1.0
P11147,gi:24659272,1,1.0
gi:23397621,gi:24643151,1,1.0
P06601,gi:24641561,1,1.0
gi:24585156,gi:28571901,1,1.0
Q960T2,Q9VGS2,1,1.0
P10378,P45523,1,1.0
gi:18859649,gi:20128797,1,1.0
Q23985,gi:24580817,1,1.0
gi:24638585,gi:24651303,1,1.0
P20480,gi:28574529,1,1.0
gi:19922300,gi:24649103,1,1.0
P08622,P21507,1,1.0
gi:19920594,gi:20130399,1,1.0
gi:24582879,gi:24647789,1,1.0
P48987,Q01069,1,1.0
P0A6N1,P24229,1,1.0
Q9VQQ9,gi:24656802,1,1.0
P29746,gi:24646664,1,1.0
P54622,gi:24585943,1,1.0
gi:19920696,gi:24652930,1,1.0
P15372,gi:19921582,1,1.0
Q22866,Q9TZ39,1,1.0
gi:24649952,gi:28571678,1,1.0
P42325,gi:28571572,1,1.0
O17555,Q9XW88,1,1.0
gi:20129565,gi:21358059,1,1.0
gi:20130085,gi:24582699,1,1.0
P04475,Q46906,1,1.0
O46106,gi:17137452,1,1.0
P32168,P77804,1,1.0
gi:24644051,gi:24645457,1,1.0
gi:24582294,gi:24640777,1,1.0
gi:24644119,gi:24649183,1,1.0
gi:21355331,gi:24415388,1,1.0
gi:24663556,gi:28574249,1,1.0
P02372,P10115,1,1.0
O02353,Q9NAF9,1,1.0
gi:19921864,gi:24650758,1,1.0
P21461,gi:24646860,1,1.0
gi:18859833,gi:24649152,1,1.0
gi:24582918,gi:24643118,1,1.0
P00482,P02363,1,1.0
P25991,gi:17137710,1,1.0
O16305,O17666,1,1.0
gi:18543325,gi:19923034,1,1.0
gi:17864452,gi:24582205,1,1.0
Q9VXK6,gi:17137620,1,1.0
Q9VPS5,gi:24654874,1,1.0
P02996,P29464,1,1.0
P03004,P08401,1,1.0
P02356,P39299,1,1.0
gi:24641732,gi:28573576,1,1.0
Q21344,Q9XVA3,1,1.0
gi:19921758,gi:21356041,1,1.0
P10408,P31119,1,1.0
gi:17136860,gi:24647430,1,1.0
gi:21355939,gi:21356895,1,1.0
O45952,Q22837,1,1.0
P23859,P45526,1,1.0
gi:24644244,gi:28573799,1,1.0
P06958,P14081,1,1.0
gi:21687206,gi:24583533,1,1.0
Q20577,gi:32565589,1,1.0
gi:24652680,gi:24667117,1,1.0
gi:17136746,gi:24762726,1,1.0
gi:24581719,gi:28573544,1,1.0
gi:21356041,gi:24644987,1,1.0
O17670,Q9TXP7,1,1.0
gi:17933750,gi:24654769,1,1.0
gi:21355081,gi:24649114,1,1.0
P30052,gi:17136968,1,1.0
Q23985,gi:24648294,1,1.0
P00482,P02418,1,1.0
gi:17737533,gi:24659367,1,1.0
gi:21356001,gi:21356415,1,1.0
gi:17137190,gi:24665583,1,1.0
Q9VNE9,gi:21357315,1,1.0
P07187,P82910,1,1.0
gi:20129291,gi:24645352,1,1.0
Q18616,gi:25148780,1,1.0
P02352,P32049,1,1.0
gi:24638978,gi:24667117,1,1.0
P02387,P08999,1,1.0
P13060,P54356,1,1.0
Q24174,gi:24667089,1,1.0
gi:17998687,gi:20128901,1,1.0
gi:24638766,gi:28571791,1,1.0
gi:24584287,gi:24641831,1,1.0
gi:22024114,gi:24639917,1,1.0
gi:24663344,gi:24762726,1,1.0
gi:24583627,gi:24643437,1,1.0
P29310,Q9W4P5,1,1.0
gi:17864162,gi:24581662,1,1.0
P11147,gi:17530793,1,1.0
gi:19920776,gi:24655281,1,1.0
P02408,P32168,1,1.0
gi:20128797,gi:28573621,1,1.0
gi:17136898,gi:17737533,1,1.0
P32049,P77349,1,1.0
O46084,gi:28573633,1,1.0
Q22179,gi:17509417,1,1.0
gi:19921294,gi:24644422,1,1.0
gi:24584372,gi:24668309,1,1.0
P06993,P29209,1,1.0
gi:21357211,gi:24581572,1,1.0
gi:21356031,gi:24648592,1,1.0
gi:19920776,gi:24582858,1,1.0
Q9GYJ3,gi:17511075,1,1.0
gi:19921250,gi:19922058,1,1.0
P02990,P76195,1,1.0
gi:18543285,gi:19922110,1,1.0
gi:24582339,gi:28571445,1,1.0
P42003,gi:24644650,1,1.0
O44783,gi:28573304,1,1.0
P02843,gi:26080381,1,1.0
Q9W2D9,gi:21358039,1,1.0
P11147,gi:28574284,1,1.0
gi:24585943,gi:24643702,1,1.0
P27798,Q18776,1,1.0
P14130,gi:24660923,1,1.0
gi:17933736,gi:24650202,1,1.0
P00579,P02990,1,1.0
gi:17648067,gi:28573310,1,1.0
gi:21355965,gi:24581949,1,1.0
P00957,P02990,1,1.0
gi:28571724,gi:28573662,1,1.0
P02364,P37181,1,1.0
gi:21357369,gi:24650142,1,1.0
gi:24638845,gi:24662231,1,1.0
Q960E8,gi:21687206,1,1.0
Q9GYJ3,Q9N2Z7,1,1.0
O01869,Q18538,1,1.0
P02372,P02999,1,1.0
gi:21358379,gi:28573278,1,1.0
gi:19923024,gi:24762574,1,1.0
P02901,P10408,1,1.0
gi:24658567,gi:24665160,1,1.0
P39745,Q21648,1,1.0
P24191,P77329,1,1.0
gi:19920344,gi:20130085,1,1.0
P25665,P31805,1,1.0
O16500,Q23158,1,1.0
Q9VYV5,gi:24580674,1,1.0
gi:24586437,gi:24762383,1,1.0
O76924,gi:24654854,1,1.0
P02342,P17580,1,1.0
gi:24583929,gi:24641732,1,1.0
gi:24580841,gi:24656267,1,1.0
gi:24639272,gi:24654843,1,1.0
gi:19922260,gi:24651671,1,1.0
gi:24580579,gi:28573466,1,1.0
gi:19921636,gi:24641790,1,1.0
gi:18859973,gi:21357401,1,1.0
gi:24583394,gi:28572043,1,1.0
P21892,P36655,1,1.0
gi:17933748,gi:24762771,1,1.0
gi:17647979,gi:24580900,1,1.0
gi:17864176,gi:18859635,1,1.0
gi:24584534,gi:24640527,1,1.0
gi:17865642,gi:28574288,1,1.0
gi:24648010,gi:24654934,1,1.0
Q24167,gi:24582909,1,1.0
gi:24638750,gi:24666053,1,1.0
P02356,P76578,1,1.0
gi:24642517,gi:24653760,1,1.0
O45552,Q9GYJ3,1,1.0
gi:18129620,gi:24645774,1,1.0
gi:17137572,gi:24650035,1,1.0
gi:21355783,gi:24655153,1,1.0
gi:24649158,gi:24651411,1,1.0
gi:17864612,gi:24583140,1,1.0
P17704,gi:24645011,1,1.0
P00892,P02425,1,1.0
P49847,Q27272,1,1.0
gi:21687092,gi:24582611,1,1.0
Q9W5R8,gi:21355873,1,1.0
gi:19920354,gi:20130403,1,1.0
gi:24646729,gi:24654086,1,1.0
O44750,Q21832,1,1.0
P00575,P30128,1,1.0
P02422,Q46906,1,1.0
P49405,Q22886,1,1.0
gi:19920696,gi:21357711,1,1.0
P07015,P07028,1,1.0
gi:24656346,gi:24656769,1,1.0
gi:24581314,gi:24657743,1,1.0
P0A6F5,P25663,1,1.0
Q24117,gi:19922686,1,1.0
gi:21358455,gi:24585459,1,1.0
gi:18543215,gi:24662330,1,1.0
Q19007,gi:17554796,1,1.0
Q18320,Q22227,1,1.0
gi:21356073,gi:24651920,1,1.0
gi:20130281,gi:24638708,1,1.0
Q9W497,gi:21355521,1,1.0
gi:18859947,gi:24663462,1,1.0
Q9XTM1,gi:18859899,1,1.0
P50887,gi:24649848,1,1.0
O77427,gi:19922086,1,1.0
P91419,Q95QC4,1,1.0
gi:21358099,gi:24581719,1,1.0
gi:21356739,gi:24648828,1,1.0
P13060,gi:24642363,1,1.0
gi:24654854,gi:24656980,1,1.0
gi:24586270,gi:24664004,1,1.0
P00034,gi:24652686,1,1.0
P50887,Q24570,1,1.0
gi:19922620,gi:21955276,1,1.0
gi:21357537,gi:24650248,1,1.0
P06710,P15028,1,1.0
Q965X6,gi:25153085,1,1.0
gi:17738187,gi:24639448,1,1.0
gi:24648981,gi:24663556,1,1.0
gi:24663118,gi:28573213,1,1.0
gi:17137280,gi:21357761,1,1.0
Q21075,Q9N423,1,1.0
P02990,P28689,1,1.0
gi:20304097,gi:21357761,1,1.0
O16215,P91149,1,1.0
gi:19920436,gi:24652344,1,1.0
P02410,P32049,1,1.0
gi:24641831,gi:24650971,1,1.0
Q9XTM1,gi:24644059,1,1.0
Q18476,Q23215,1,1.0
gi:17136624,gi:28574565,1,1.0
Q24025,gi:24646737,1,1.0
gi:19920926,gi:28573512,1,1.0
gi:24642517,gi:24649692,1,1.0
gi:19921338,gi:24655053,1,1.0
gi:18859997,gi:19920776,1,1.0
gi:24644609,gi:24668309,1,1.0
gi:21357869,gi:24649122,1,1.0
P34563,Q9GPA0,1,1.0
Q19617,Q9NAM6,1,1.0
gi:24641790,gi:24668631,1,1.0
gi:19922144,gi:23397619,1,1.0
gi:24585215,gi:24762828,1,1.0
P02339,P04475,1,1.0
P02388,P17579,1,1.0
Q9TYV7,Q9XWH0,1,1.0
P41092,gi:24646860,1,1.0
gi:24644059,gi:24647468,1,1.0
gi:17136748,gi:17864444,1,1.0
P10115,P13458,1,1.0
gi:21355783,gi:24643822,1,1.0
gi:24641431,gi:24762669,1,1.0
Q02748,gi:19921312,1,1.0
gi:21357875,gi:28571396,1,1.0
P02358,P23304,1,1.0
gi:21356545,gi:24649169,1,1.0
gi:24582306,gi:24643634,1,1.0
Q9VSJ8,gi:22024255,1,1.0
P02567,P34475,1,1.0
P02361,P02901,1,1.0
gi:17137576,gi:21357151,1,1.0
Q17695,Q9XU77,1,1.0
gi:17865642,gi:24648751,1,1.0
gi:19921076,gi:24661428,1,1.0
gi:24583724,gi:24642662,1,1.0
gi:24642523,gi:24653708,1,1.0
gi:18859939,gi:24762367,1,1.0
Q9VEX9,gi:24641578,1,1.0
gi:18858091,gi:24652684,1,1.0
P36573,Q19019,1,1.0
gi:21356337,gi:24658772,1,1.0
P0A6F5,P39407,1,1.0
gi:19920866,gi:28571660,1,1.0
P16568,gi:17137220,1,1.0
gi:19922458,gi:26080381,1,1.0
gi:24649473,gi:28574726,1,1.0
O62332,Q20084,1,1.0
gi:21355443,gi:24653912,1,1.0
O02592,Q9XUQ4,1,1.0
gi:24667071,gi:28573444,1,1.0
gi:18857985,gi:24662431,1,1.0
P09372,P33235,1,1.0
Q01642,gi:24644093,1,1.0
P13607,gi:24651619,1,1.0
gi:21356147,gi:24640501,1,1.0
gi:24663462,gi:24666053,1,1.0
gi:24657763,gi:28574875,1,1.0
P18502,gi:18858069,1,1.0
P15716,P77488,1,1.0
gi:17737425,gi:24584547,1,1.0
gi:24645058,gi:24652999,1,1.0
gi:24640689,gi:24668658,1,1.0
gi:24581901,gi:24643729,1,1.0
P16926,P16927,1,1.0
gi:17738007,gi:24583803,1,1.0
gi:20130199,gi:24653247,1,1.0
P32148,P52138,1,1.0
gi:24646899,gi:24661467,1,1.0
gi:21355513,gi:21357211,1,1.0
gi:20129587,gi:24642950,1,1.0
Q02361,gi:24668658,1,1.0
O02268,Q9GYJ9,1,1.0
P02392,P42908,1,1.0
gi:19920696,gi:28571218,1,1.0
gi:21356861,gi:24663462,1,1.0
gi:24584547,gi:24646420,1,1.0
P02371,P05055,1,1.0
gi:21355547,gi:24640635,1,1.0
O17695,P34369,1,1.0
Q09350,Q9TZ39,1,1.0
gi:24585358,gi:24647897,1,1.0
gi:17137752,gi:24654936,1,1.0
Q17878,Q9GUC8,1,1.0
gi:24642645,gi:24657218,1,1.0
P02423,P25540,1,1.0
gi:24661900,gi:28573310,1,1.0
gi:17136368,gi:24656476,1,1.0
P03815,P39169,1,1.0
gi:21357211,gi:24655228,1,1.0
gi:24583134,gi:24647942,1,1.0
P13060,gi:20129835,1,1.0
gi:17136780,gi:17136920,1,1.0
gi:21358427,gi:24659451,1,1.0
gi:24584030,gi:24655502,1,1.0
gi:24646410,gi:24663275,1,1.0
gi:18860011,gi:21357371,1,1.0
gi:19921006,gi:24666323,1,1.0
P08312,P37011,1,1.0
P22257,P41074,1,1.0
Q9VGS2,gi:24646212,1,1.0
gi:17136778,gi:24644242,1,1.0
gi:24648207,gi:24665154,1,1.0
O44783,gi:28573173,1,1.0
Q9V407,gi:24647285,1,1.0
gi:24582306,gi:24651924,1,1.0
gi:24583332,gi:24658772,1,1.0
gi:24659451,gi:24663263,1,1.0
P17276,gi:21356633,1,1.0
P02423,P02999,1,1.0
P17917,gi:24642916,1,1.0
Q17359,Q21021,1,1.0
P37236,gi:24646440,1,1.0
gi:24641831,gi:24650420,1,1.0
gi:24641616,gi:24652101,1,1.0
gi:24639144,gi:24656431,1,1.0
gi:24647137,gi:24655036,1,1.0
O62127,P91505,1,1.0
gi:24583474,gi:24583919,1,1.0
gi:19920436,gi:24650009,1,1.0
gi:18858137,gi:28573207,1,1.0
P06959,P28692,1,1.0
gi:24640430,gi:24662729,1,1.0
gi:24638702,gi:24667569,1,1.0
O62126,O62444,1,1.0
P30867,P39159,1,1.0
gi:24656486,gi:28574735,1,1.0
gi:24639299,gi:24646516,1,1.0
gi:17137528,gi:19920866,1,1.0
gi:21357417,gi:24661263,1,1.0
P07682,P75830,1,1.0
gi:24641831,gi:24642233,1,1.0
gi:24585813,gi:24666434,1,1.0
P50882,gi:28558748,1,1.0
gi:24661625,gi:28573893,1,1.0
gi:24584804,gi:24646847,1,1.0
P09089,gi:24642214,1,1.0
P02428,P76086,1,1.0
gi:24653385,gi:28573631,1,1.0
gi:24646318,gi:28573563,1,1.0
P13008,Q8T0S6,1,1.0
gi:17136568,gi:17137752,1,1.0
gi:21357483,gi:24645476,1,1.0
P49258,gi:24638724,1,1.0
Q19537,Q95Y97,1,1.0
gi:22024124,gi:24666850,1,1.0
P0A6N1,P37009,1,1.0
O44606,P49041,1,1.0
P04384,P08622,1,1.0
P18432,gi:24662483,1,1.0
O61521,Q22123,1,1.0
P11420,Q01070,1,1.0
gi:24649114,gi:24654854,1,1.0
O44741,Q20678,1,1.0
P52304,gi:24656486,1,1.0
Q93228,gi:14018161,1,1.0
P06138,P08846,1,1.0
gi:24639270,gi:28574303,1,1.0
P03002,P16921,1,1.0
P14734,gi:30923613,1,1.0
gi:17551938,gi:33620955,1,1.0
P04384,P07019,1,1.0
gi:20130007,gi:20130425,1,1.0
gi:24639782,gi:24658567,1,1.0
gi:24651185,gi:24762755,1,1.0
P02370,P02999,1,1.0
O16308,Q22886,1,1.0
gi:24647609,gi:24648615,1,1.0
O45766,Q9N362,1,1.0
P10413,P77329,1,1.0
gi:20129527,gi:24655502,1,1.0
O18302,P90771,1,1.0
P28630,P29014,1,1.0
gi:17975518,gi:20128797,1,1.0
Q23158,Q9GYR3,1,1.0
P07187,gi:24666818,1,1.0
gi:24581686,gi:28571279,1,1.0
gi:24649080,gi:24662356,1,1.0
gi:18859833,gi:24652652,1,1.0
gi:17136830,gi:20129833,1,1.0
P06959,P76086,1,1.0
gi:21358167,gi:24582006,1,1.0
gi:17137760,gi:24580788,1,1.0
gi:24645011,gi:24647320,1,1.0
P21525,gi:28574707,1,1.0
gi:24581572,gi:24646420,1,1.0
gi:24651028,gi:24661707,1,1.0
gi:24638978,gi:24651185,1,1.0
gi:18858239,gi:24644242,1,1.0
P27430,P76045,1,1.0
gi:21355909,gi:24665583,1,1.0
P17963,P37657,1,1.0
gi:22024141,gi:24645300,1,1.0
P02351,P36564,1,1.0
Q20577,Q21229,1,1.0
Q24564,gi:17137764,1,1.0
gi:24658786,gi:24666694,1,1.0
gi:24658370,gi:28573310,1,1.0
O18250,Q9XX47,1,1.0
gi:21356787,gi:24643777,1,1.0
P29310,gi:24646908,1,1.0
gi:24646318,gi:28573691,1,1.0
gi:17737425,gi:24647137,1,1.0
P08879,gi:24641148,1,1.0
O44739,Q9XWX7,1,1.0
gi:21358101,gi:24651185,1,1.0
P05053,P08837,1,1.0
P02351,P08577,1,1.0
gi:17864630,gi:24648981,1,1.0
P02352,P45803,1,1.0
P91249,Q21307,1,1.0
gi:17136692,gi:18543285,1,1.0
gi:19920786,gi:28574565,1,1.0
Q23985,gi:24668006,1,1.0
gi:22024238,gi:24580716,1,1.0
gi:22026898,gi:24583061,1,1.0
gi:17530857,gi:21357711,1,1.0
P16918,P37175,1,1.0
P02356,P22563,1,1.0
gi:24649519,gi:24667089,1,1.0
gi:17137168,gi:21356041,1,1.0
P29209,P80063,1,1.0
gi:21355837,gi:28573850,1,1.0
gi:17137184,gi:24656808,1,1.0
gi:28572057,gi:28574529,1,1.0
P06958,P09168,1,1.0
gi:21357951,gi:24646318,1,1.0
gi:24650829,gi:24651690,1,1.0
gi:22024201,gi:28574296,1,1.0
P39572,gi:24582306,1,1.0
gi:24638894,gi:24639740,1,1.0
P05552,gi:24582030,1,1.0
P02364,P45803,1,1.0
P54357,gi:24586270,1,1.0
P02418,P0A6F5,1,1.0
gi:18860011,gi:24581976,1,1.0
gi:21356629,gi:21358055,1,1.0
gi:24656959,gi:24667063,1,1.0
gi:21355477,gi:21357677,1,1.0
gi:24581572,gi:24657671,1,1.0
gi:24582212,gi:24585112,1,1.0
Q09248,Q9XW79,1,1.0
gi:24652373,gi:24663726,1,1.0
P28631,P28689,1,1.0
gi:19922868,gi:24647572,1,1.0
gi:17136728,gi:24649214,1,1.0
P02409,P36540,1,1.0
P39413,gi:21357871,1,1.0
gi:24584926,gi:24640806,1,1.0
Q18688,Q20308,1,1.0
P23482,P37052,1,1.0
P04475,P08177,1,1.0
gi:21358485,gi:24661625,1,1.0
O44451,Q9NGT3,1,1.0
gi:17647723,gi:30923613,1,1.0
P0A6F5,P25845,1,1.0
gi:17137524,gi:19921332,1,1.0
gi:24665761,gi:30923526,1,1.0
gi:20130087,gi:24662048,1,1.0
P11549,P20083,1,1.0
P00379,P39401,1,1.0
gi:17137168,gi:24653350,1,1.0
P12982,gi:24581475,1,1.0
P33635,P37765,1,1.0
gi:18921097,gi:24640973,1,1.0
gi:21357781,gi:24641616,1,1.0
gi:22024283,gi:30923613,1,1.0
O16797,gi:24640855,1,1.0
P02420,P07906,1,1.0
gi:21357051,gi:24646365,1,1.0
gi:19920576,gi:24656808,1,1.0
gi:21357047,gi:28573740,1,1.0
gi:20130199,gi:28572129,1,1.0
O18250,Q17878,1,1.0
P06277,P75946,1,1.0
P21914,gi:28573549,1,1.0
gi:21357761,gi:24639248,1,1.0
gi:24640510,gi:24643245,1,1.0
gi:21355815,gi:24651454,1,1.0
O62415,P91419,1,1.0
gi:18859939,gi:24762374,1,1.0
gi:18860069,gi:24666323,1,1.0
gi:24642263,gi:24659194,1,1.0
gi:17136826,gi:18858123,1,1.0
gi:19922670,gi:24666524,1,1.0
P04384,P09097,1,1.0
O01590,O61208,1,1.0
P36241,gi:24665016,1,1.0
gi:21358507,gi:24641831,1,1.0
gi:21355917,gi:24638894,1,1.0
Q23983,gi:28574009,1,1.0
gi:24584043,gi:24639208,1,1.0
P19538,gi:19920412,1,1.0
gi:24639812,gi:24647143,1,1.0
gi:18543195,gi:21355121,1,1.0
gi:24643118,gi:24648824,1,1.0
P13060,gi:17136258,1,1.0
Q20641,Q95QA6,1,1.0
Q22174,Q23389,1,1.0
P02354,P25539,1,1.0
gi:24585242,gi:24641209,1,1.0
O44606,Q22311,1,1.0
gi:17137142,gi:24641781,1,1.0
P45802,P75683,1,1.0
gi:24639272,gi:24639782,1,1.0
P02421,P25540,1,1.0
gi:18543285,gi:21355123,1,1.0
P30625,Q95XK1,1,1.0
P52029,gi:24649427,1,1.0
gi:21357841,gi:24647168,1,1.0
O16497,Q8I4H0,1,1.0
Q02926,gi:17136728,1,1.0
gi:17137224,gi:24642276,1,1.0
P04475,P25521,1,1.0
P17886,gi:24649262,1,1.0
gi:21358039,gi:30923613,1,1.0
gi:19921672,gi:21356429,1,1.0
P25723,gi:24641561,1,1.0
gi:24648026,gi:28574971,1,1.0
gi:19920706,gi:24652644,1,1.0
gi:21355581,gi:28574692,1,1.0
P28691,P46118,1,1.0
P32130,P45571,1,1.0
gi:19922668,gi:21355383,1,1.0
gi:24584835,gi:28573383,1,1.0
gi:24582212,gi:24647120,1,1.0
P00583,P10443,1,1.0
P18502,Q24400,1,1.0
O44872,Q9NES0,1,1.0
gi:18543285,gi:24641014,1,1.0
Q9U1S2,Q9U9Y8,1,1.0
Q20002,Q23390,1,1.0
P04951,P77741,1,1.0
P17205,gi:20130281,1,1.0
P02379,P39290,1,1.0
gi:20130247,gi:24663027,1,1.0
gi:17136378,gi:24658342,1,1.0
P23023,gi:28574316,1,1.0
gi:18860011,gi:21357023,1,1.0
gi:17986187,gi:24584043,1,1.0
P18491,gi:24655366,1,1.0
Q9W4P5,gi:24650284,1,1.0
gi:24649427,gi:24668429,1,1.0
gi:24649820,gi:24665154,1,1.0
P48152,Q95Q26,1,1.0
gi:24585169,gi:28573799,1,1.0
P02425,P03004,1,1.0
P00955,P21346,1,1.0
gi:19921250,gi:24643516,1,1.0
gi:17738007,gi:21356973,1,1.0
gi:24582182,gi:24650124,1,1.0
P08182,P14734,1,1.0
gi:17136506,gi:21357975,1,1.0
gi:17136860,gi:28571396,1,1.0
gi:24642884,gi:24668076,1,1.0
gi:20129603,gi:21358175,1,1.0
P13097,gi:24645653,1,1.0
Q95QM1,gi:32564931,1,1.0
gi:24650346,gi:28571891,1,1.0
Q18668,Q27253,1,1.0
Q20000,Q9BL58,1,1.0
gi:24662431,gi:28571579,1,1.0
gi:24584645,gi:24642267,1,1.0
Q24260,gi:24644764,1,1.0
gi:24644057,gi:28571504,1,1.0
gi:22026831,gi:24639687,1,1.0
P41829,Q9GYR5,1,1.0
gi:20129277,gi:28573466,1,1.0
gi:24584828,gi:24650342,1,1.0
P00575,P07655,1,1.0
gi:18858161,gi:24762582,1,1.0
Q24180,gi:17136920,1,1.0
gi:24651920,gi:24652071,1,1.0
P23792,gi:24584536,1,1.0
P02425,P36996,1,1.0
gi:24650786,gi:24665154,1,1.0
P00582,P33666,1,1.0
P02354,P25537,1,1.0
gi:17136260,gi:21356807,1,1.0
P02341,P15082,1,1.0
gi:24646318,gi:28574851,1,1.0
P06612,P08374,1,1.0
gi:21356227,gi:24649648,1,1.0
Q9VPS5,gi:24583965,1,1.0
gi:17737549,gi:24658714,1,1.0
gi:17737727,gi:24661830,1,1.0
gi:24580653,gi:24585156,1,1.0
Q27297,gi:24638708,1,1.0
gi:24643118,gi:24648690,1,1.0
P15372,gi:24642084,1,1.0
P02392,P02416,1,1.0
O44400,Q966M5,1,1.0
P25171,gi:17136692,1,1.0
P13096,P13097,1,1.0
gi:19920546,gi:24665583,1,1.0
gi:24641689,gi:28574764,1,1.0
P06138,P37192,1,1.0
gi:17137752,gi:24641280,1,1.0
Q18341,Q18932,1,1.0
gi:24652101,gi:24666323,1,1.0
gi:24655187,gi:24668389,1,1.0
O18302,P46769,1,1.0
P07395,P76237,1,1.0
Q18909,Q22174,1,1.0
gi:21355361,gi:24583253,1,1.0
P08193,P31059,1,1.0
gi:24651671,gi:24667703,1,1.0
P38106,P46186,1,1.0
gi:18543301,gi:24668087,1,1.0
gi:21355719,gi:28571762,1,1.0
Q8MQ56,Q9XX00,1,1.0
gi:24644950,gi:24655613,1,1.0
Q9W4P5,gi:28574009,1,1.0
P02356,P09097,1,1.0
Q07327,gi:24639885,1,1.0
gi:24650284,gi:28573799,1,1.0
P06967,P30858,1,1.0
gi:19921312,gi:24640172,1,1.0
P02425,P04742,1,1.0
gi:24639936,gi:24643497,1,1.0
P02339,P24230,1,1.0
gi:19920954,gi:24639782,1,1.0
P14175,P15716,1,1.0
gi:21358561,gi:24650074,1,1.0
gi:19920688,gi:24650658,1,1.0
gi:24658363,gi:28571356,1,1.0
gi:21357669,gi:24649262,1,1.0
gi:23397595,gi:24644119,1,1.0
gi:17137620,gi:30923564,1,1.0
P02388,P02389,1,1.0
P22807,Q01644,1,1.0
P02354,P02388,1,1.0
Q9V3P0,Q9VX10,1,1.0
gi:17136646,gi:24640181,1,1.0
P21507,P23304,1,1.0
gi:24648484,gi:24663462,1,1.0
gi:24665331,gi:28571447,1,1.0
P09087,gi:17738125,1,1.0
gi:19921030,gi:24642476,1,1.0
O45003,Q21127,1,1.0
gi:22026843,gi:24642908,1,1.0
gi:21357653,gi:24643516,1,1.0
Q20660,Q95YF3,1,1.0
P21541,Q23472,1,1.0
Q18603,Q9Y048,1,1.0
P02420,P30747,1,1.0
P14825,P37662,1,1.0
P15005,P31806,1,1.0
gi:24585869,gi:24642884,1,1.0
gi:21356141,gi:24586092,1,1.0
gi:20128863,gi:24582333,1,1.0
gi:24581429,gi:24667917,1,1.0
gi:24652762,gi:24662729,1,1.0
P02421,Q46930,1,1.0
P05055,P36997,1,1.0
P03815,P36979,1,1.0
gi:24648896,gi:24652101,1,1.0
gi:21356337,gi:24642517,1,1.0
P27604,gi:7105649,1,1.0
P02423,P23304,1,1.0
gi:17647503,gi:24646924,1,1.0
gi:24580693,gi:24584835,1,1.0
Q02361,gi:24586621,1,1.0
gi:24639548,gi:28572985,1,1.0
gi:19920692,gi:24643102,1,1.0
gi:19922144,gi:24652842,1,1.0
P02933,P03025,1,1.0
P13030,P43672,1,1.0
gi:21355869,gi:24641148,1,1.0
gi:18859991,gi:24660182,1,1.0
Q09236,Q9N4B8,1,1.0
Q05856,gi:24645300,1,1.0
gi:24659221,gi:24663462,1,1.0
P0A6N1,P17888,1,1.0
P35220,gi:24643303,1,1.0
gi:24662081,gi:24663861,1,1.0
P11989,P77700,1,1.0
P02356,P02369,1,1.0
gi:24584547,gi:24663372,1,1.0
gi:21355511,gi:24643118,1,1.0
gi:19922640,gi:21357903,1,1.0
gi:17137300,gi:24580667,1,1.0
O18687,P39745,1,1.0
P33643,Q9ZN60,1,1.0
Q9VFC8,gi:24646167,1,1.0
P07207,gi:28574452,1,1.0
P55841,gi:24651926,1,1.0
P03002,P19245,1,1.0
gi:21356727,gi:24650208,1,1.0
gi:24640119,gi:24644517,1,1.0
gi:21356221,gi:24582879,1,1.0
P16921,P77338,1,1.0
gi:24585156,gi:24659237,1,1.0
P14318,gi:24585282,1,1.0
gi:18859635,gi:24583929,1,1.0
gi:24582858,gi:24668563,1,1.0
P02386,P06277,1,1.0
gi:24582160,gi:24654144,1,1.0
gi:19921230,gi:24640672,1,1.0
gi:19922526,gi:24649236,1,1.0
P02351,P77349,1,1.0
P0A6F5,P39286,1,1.0
P02426,P07028,1,1.0
P54611,gi:20428641,1,1.0
Q06559,gi:24646212,1,1.0
gi:24585236,gi:24663462,1,1.0
gi:21687080,gi:24664469,1,1.0
P04475,P31663,1,1.0
P00577,P08390,1,1.0
gi:17737533,gi:24664026,1,1.0
gi:17137074,gi:24643755,1,1.0
O46036,gi:24648463,1,1.0
gi:24664105,gi:24665958,1,1.0
Q06559,gi:24648484,1,1.0
gi:24582188,gi:24644642,1,1.0
Q9XZS4,gi:24643702,1,1.0
O45922,Q9XUS3,1,1.0
gi:19922020,gi:24641014,1,1.0
gi:19922100,gi:20130049,1,1.0
P03004,P03005,1,1.0
Q9VYD7,gi:24652897,1,1.0
P09083,gi:24655341,1,1.0
Q01642,gi:24640817,1,1.0
gi:24641978,gi:24646494,1,1.0
P02428,P04790,1,1.0
gi:24581089,gi:24668026,1,1.0
P42207,P54359,1,1.0
gi:21355643,gi:24646440,1,1.0
P04951,P76189,1,1.0
gi:24652438,gi:24663118,1,1.0
gi:24583984,gi:24652268,1,1.0
P06603,gi:17737899,1,1.0
O17927,Q9TYS3,1,1.0
gi:21357017,gi:24642586,1,1.0
Q9XWH0,gi:17554746,1,1.0
P05838,P30139,1,1.0
gi:24584251,gi:24585715,1,1.0
gi:24651303,gi:28571689,1,1.0
gi:23397629,gi:24663462,1,1.0
P02283,gi:28573850,1,1.0
gi:21356057,gi:24638494,1,1.0
P02341,P15277,1,1.0
P07655,P13519,1,1.0
Q46925,Q46926,1,1.0
P03007,P0A6N1,1,1.0
gi:21355581,gi:28574582,1,1.0
P29464,P76272,1,1.0
P46824,gi:18859997,1,1.0
O16463,Q21319,1,1.0
Q9XUS3,Q9XVF7,1,1.0
gi:19922110,gi:19922646,1,1.0
gi:17137074,gi:24663246,1,1.0
Q24210,gi:21357989,1,1.0
P00647,P06612,1,1.0
gi:24667063,gi:28573879,1,1.0
gi:19921326,gi:24656267,1,1.0
gi:17136568,gi:24585132,1,1.0
gi:24586396,gi:24666766,1,1.0
P18432,gi:24639649,1,1.0
gi:18543215,gi:24665157,1,1.0
O96860,gi:21357303,1,1.0
gi:17136258,gi:24641198,1,1.0
gi:18859891,gi:24660710,1,1.0
gi:19921558,gi:24658076,1,1.0
gi:21356815,gi:28571908,1,1.0
O18118,Q9UAY0,1,1.0
gi:24642517,gi:24642884,1,1.0
gi:17737425,gi:24666753,1,1.0
gi:21357761,gi:24641431,1,1.0
P0A6N1,P24181,1,1.0
gi:17136920,gi:19921578,1,1.0
P02824,Q24404,1,1.0
Q21036,Q95QA6,1,1.0
gi:17864622,gi:21356785,1,1.0
gi:17137352,gi:24652897,1,1.0
P02424,P33938,1,1.0
gi:24638845,gi:24660927,1,1.0
gi:21358247,gi:24653057,1,1.0
gi:20129621,gi:24668076,1,1.0
gi:19921672,gi:24642792,1,1.0
gi:21356337,gi:28574284,1,1.0
P02384,P30747,1,1.0
gi:23397623,gi:24652930,1,1.0
gi:19921312,gi:24639703,1,1.0
gi:24643702,gi:24645585,1,1.0
O46036,gi:18543299,1,1.0
P12281,P28694,1,1.0
P05826,P37163,1,1.0
P34420,Q23158,1,1.0
O62022,Q9U1X3,1,1.0
Q9U405,gi:24653459,1,1.0
gi:24762363,gi:28571445,1,1.0
gi:24640855,gi:30923711,1,1.0
Q9V4U9,gi:21356579,1,1.0
P39736,gi:24583803,1,1.0
gi:21357483,gi:24580564,1,1.0
O01850,Q94420,1,1.0
P02995,P09372,1,1.0
P37634,P45571,1,1.0
gi:20130399,gi:21355231,1,1.0
gi:24658203,gi:28573549,1,1.0
P23757,Q24114,1,1.0
gi:17737433,gi:24582212,1,1.0
gi:24642267,gi:24642543,1,1.0
P91276,Q9N2K7,1,1.0
O02639,O16453,1,1.0
P04475,P71295,1,1.0
Q20084,Q21648,1,1.0
gi:24647601,gi:28573576,1,1.0
gi:19921802,gi:24666053,1,1.0
P02387,P21499,1,1.0
gi:24651339,gi:24655187,1,1.0
gi:19921312,gi:24651703,1,1.0
gi:24640117,gi:24661332,1,1.0
gi:20129861,gi:24646496,1,1.0
P24217,P25539,1,1.0
O44424,gi:24585242,1,1.0
Q9VCR6,gi:28574582,1,1.0
P04384,P06982,1,1.0
gi:24648010,gi:24650202,1,1.0
gi:19920922,gi:24653856,1,1.0
Q19290,Q27473,1,1.0
gi:24643702,gi:24644093,1,1.0
gi:19920688,gi:24659304,1,1.0
gi:24580841,gi:24646212,1,1.0
gi:18921161,gi:28574638,1,1.0
P48451,gi:19920436,1,1.0
gi:21357711,gi:24655568,1,1.0
O62195,gi:17554366,1,1.0
gi:17998687,gi:28572129,1,1.0
P02370,P76104,1,1.0
gi:24646318,gi:28572129,1,1.0
gi:20128797,gi:24646737,1,1.0
gi:24641689,gi:24643110,1,1.0
gi:24644422,gi:24651100,1,1.0
gi:28571245,gi:28573761,1,1.0
gi:19921312,gi:20129999,1,1.0
gi:28573563,gi:28574582,1,1.0
gi:19920706,gi:24642430,1,1.0
P02423,P52648,1,1.0
gi:20129775,gi:28574284,1,1.0
gi:19921238,gi:28573466,1,1.0
P02342,P22563,1,1.0
gi:21355673,gi:24640353,1,1.0
gi:24641831,gi:24649164,1,1.0
P90814,Q9U284,1,1.0
Q24206,gi:19921122,1,1.0
gi:20129165,gi:24666417,1,1.0
P53501,gi:28573310,1,1.0
O77259,gi:21357023,1,1.0
gi:18859729,gi:24642021,1,1.0
P36573,Q9BL97,1,1.0
gi:21357781,gi:24584547,1,1.0
gi:20128893,gi:28571447,1,1.0
gi:21355303,gi:24651185,1,1.0
gi:24640973,gi:24667117,1,1.0
P17276,gi:19920448,1,1.0
P16659,P29209,1,1.0
Q9W2D9,gi:24650814,1,1.0
gi:17737727,gi:28574071,1,1.0
P06959,P33224,1,1.0
gi:24640719,gi:24657590,1,1.0
gi:21355361,gi:24643761,1,1.0
Q01644,gi:17136854,1,1.0
gi:24656966,gi:24762669,1,1.0
P23573,gi:28574009,1,1.0
gi:21357653,gi:24644214,1,1.0
gi:17647523,gi:17864662,1,1.0
Q9VLU0,gi:28573427,1,1.0
gi:21355851,gi:24660308,1,1.0
gi:24641427,gi:24646737,1,1.0
Q9W0V7,gi:24582294,1,1.0
P07183,gi:24649859,1,1.0
gi:24585033,gi:24655153,1,1.0
gi:21355167,gi:24653096,1,1.0
P02423,P39159,1,1.0
P19538,gi:24641860,1,1.0
P41094,gi:28574851,1,1.0
gi:21357797,gi:24654325,1,1.0
Q19019,Q9NF11,1,1.0
gi:24660416,gi:28571637,1,1.0
P13519,P33138,1,1.0
Q9VLV5,gi:21357783,1,1.0
P54622,gi:24647516,1,1.0
gi:24651212,gi:24653708,1,1.0
P00646,P19935,1,1.0
gi:17985985,gi:24647143,1,1.0
gi:24640647,gi:28573621,1,1.0
gi:17137452,gi:17986069,1,1.0
Q9TVX8,Q9TZ39,1,1.0
Q9VCE6,gi:24653350,1,1.0
gi:20130417,gi:24665141,1,1.0
gi:20128837,gi:24649219,1,1.0
gi:19922206,gi:24668198,1,1.0
gi:24642517,gi:28573999,1,1.0
gi:24646318,gi:28574284,1,1.0
Q9VEX0,gi:24665657,1,1.0
P02351,P16528,1,1.0
P20153,P34021,1,1.0
P00528,gi:24653096,1,1.0
gi:24655741,gi:24659863,1,1.0
P02419,P06277,1,1.0
P19538,gi:28573937,1,1.0
P02408,P04475,1,1.0
gi:21355617,gi:21357215,1,1.0
gi:21357875,gi:24583978,1,1.0
P02341,P45465,1,1.0
P02352,P21774,1,1.0
gi:24659451,gi:28571218,1,1.0
O44437,gi:20129565,1,1.0
gi:24649427,gi:24667258,1,1.0
gi:21358381,gi:24656769,1,1.0
gi:24582283,gi:24642517,1,1.0
Q18032,Q21746,1,1.0
gi:24584043,gi:24640520,1,1.0
gi:24649374,gi:24662356,1,1.0
P04825,P19318,1,1.0
gi:19922310,gi:24649007,1,1.0
gi:20128797,gi:24582592,1,1.0
gi:17530793,gi:24650829,1,1.0
gi:21355783,gi:24638625,1,1.0
P91419,Q21351,1,1.0
gi:20129381,gi:24652463,1,1.0
P02354,P08756,1,1.0
O61443,gi:24582884,1,1.0
gi:24641404,gi:28573563,1,1.0
P03002,P10408,1,1.0
P55828,gi:28574764,1,1.0
P13519,P32168,1,1.0
gi:17647723,gi:21357871,1,1.0
gi:24654383,gi:24656644,1,1.0
P06002,gi:24638845,1,1.0
P02352,P77349,1,1.0
P00391,P25522,1,1.0
P02358,P25521,1,1.0
O61208,Q9U1T6,1,1.0
gi:24585169,gi:28573278,1,1.0
P00575,P05838,1,1.0
gi:24647786,gi:24663336,1,1.0
gi:24640591,gi:24659451,1,1.0
gi:20129579,gi:24667063,1,1.0
P05826,P06712,1,1.0
P04052,gi:24647779,1,1.0
gi:24646722,gi:24661424,1,1.0
P48451,gi:24638766,1,1.0
P34629,Q22407,1,1.0
Q9GSX9,Q9TVS4,1,1.0
gi:17530817,gi:24585795,1,1.0
P03815,P0A6F5,1,1.0
Q03334,gi:24582212,1,1.0
P17886,gi:24643516,1,1.0
gi:21355575,gi:24642363,1,1.0
O46106,Q9V4M2,1,1.0
gi:17137764,gi:28573893,1,1.0
P02351,P24210,1,1.0
P05852,P0A6N1,1,1.0
gi:24654355,gi:24657054,1,1.0
gi:24662785,gi:24666524,1,1.0
gi:21356777,gi:24582294,1,1.0
gi:24585074,gi:24639649,1,1.0
Q10651,gi:17553966,1,1.0
gi:24582006,gi:24640806,1,1.0
gi:24582212,gi:24647557,1,1.0
gi:20130031,gi:22024283,1,1.0
Q94261,Q9XWK3,1,1.0
Q9N4A9,Q9NAD6,1,1.0
gi:18860055,gi:24668309,1,1.0
gi:17137758,gi:19920692,1,1.0
O61443,gi:17864100,1,1.0
gi:24639917,gi:24655606,1,1.0
P91042,Q21592,1,1.0
gi:24642261,gi:28572980,1,1.0
gi:24585353,gi:24643286,1,1.0
gi:17137168,gi:24583848,1,1.0
P50880,gi:17540098,1,1.0
gi:19920978,gi:28573018,1,1.0
Q9XXA2,gi:32566959,1,1.0
gi:20129967,gi:24668623,1,1.0
P02574,P22700,1,1.0
gi:19921140,gi:21356995,1,1.0
P02352,P28630,1,1.0
gi:19922896,gi:24647137,1,1.0
gi:24658403,gi:28571891,1,1.0
gi:24581572,gi:24665469,1,1.0
P07185,P48603,1,1.0
gi:24646318,gi:24649952,1,1.0
P24182,P31473,1,1.0
gi:24652682,gi:26080381,1,1.0
Q27268,gi:22026880,1,1.0
gi:21355663,gi:28571519,1,1.0
Q24564,gi:24648281,1,1.0
P18102,gi:24646146,1,1.0
Q17339,Q18089,1,1.0
Q17381,Q18937,1,1.0
gi:24581719,gi:24646009,1,1.0
P02843,gi:24655606,1,1.0
gi:24643715,gi:24658927,1,1.0
gi:24584632,gi:24655153,1,1.0
gi:19920424,gi:24641008,1,1.0
gi:24641831,gi:24655644,1,1.0
P29503,gi:21955284,1,1.0
gi:18859671,gi:21357761,1,1.0
P21645,P76160,1,1.0
gi:24645830,gi:24646899,1,1.0
gi:17986113,gi:24651963,1,1.0
P08985,P23757,1,1.0
Q24564,gi:20129885,1,1.0
gi:24642601,gi:24667089,1,1.0
gi:24638625,gi:24664284,1,1.0
gi:17647877,gi:20128797,1,1.0
P10484,Q47677,1,1.0
gi:19920798,gi:21357903,1,1.0
gi:19921700,gi:24647905,1,1.0
O76924,gi:24657279,1,1.0
gi:24651185,gi:28571487,1,1.0
P42287,gi:21356265,1,1.0
gi:24640119,gi:24656749,1,1.0
gi:19922390,gi:24585236,1,1.0
gi:19922620,gi:24667285,1,1.0
P17276,gi:24650469,1,1.0
O16011,P14199,1,1.0
P41066,P41069,1,1.0
gi:17737551,gi:28573604,1,1.0
P40427,gi:24641689,1,1.0
P11455,gi:24667117,1,1.0
gi:24647137,gi:24665958,1,1.0
P16163,gi:19922620,1,1.0
gi:24640435,gi:24647905,1,1.0
P02420,P45802,1,1.0
P15069,P18471,1,1.0
gi:21357817,gi:24665042,1,1.0
gi:24652930,gi:28572129,1,1.0
gi:21355965,gi:21356311,1,1.0
gi:18859931,gi:24651950,1,1.0
gi:24583061,gi:24653350,1,1.0
gi:24584534,gi:24665524,1,1.0
Q8INW0,Q9VD25,1,1.0
gi:24639541,gi:24641831,1,1.0
P07015,P75849,1,1.0
gi:18860011,gi:21357481,1,1.0
gi:24647855,gi:28558748,1,1.0
P02367,P17580,1,1.0
Q09501,Q19201,1,1.0
O46099,gi:28574784,1,1.0
gi:24643140,gi:24649183,1,1.0
P02342,P36996,1,1.0
gi:24580900,gi:24640672,1,1.0
P49405,Q23158,1,1.0
gi:24639988,gi:24646020,1,1.0
gi:19920984,gi:19922620,1,1.0
Q17878,Q20711,1,1.0
gi:24642867,gi:24648198,1,1.0
P10485,P10486,1,1.0
P17276,gi:28574023,1,1.0
P07187,gi:24639715,1,1.0
gi:24641251,gi:24663292,1,1.0
P02339,P08177,1,1.0
gi:20128985,gi:28572004,1,1.0
P49258,gi:24586133,1,1.0
P02990,Q46802,1,1.0
P00574,P13445,1,1.0
gi:24645058,gi:24664199,1,1.0
P15716,P36659,1,1.0
P02409,P04951,1,1.0
gi:19921536,gi:19922172,1,1.0
gi:24581719,gi:24664199,1,1.0
Q17559,gi:32566844,1,1.0
Q9W5N0,gi:24585488,1,1.0
Q9TYS8,Q9XUQ4,1,1.0
P05055,P08324,1,1.0
gi:21356927,gi:24640625,1,1.0
gi:17647523,gi:24646410,1,1.0
gi:21357669,gi:24645661,1,1.0
gi:24648828,gi:28574864,1,1.0
O16208,O44750,1,1.0
gi:23397595,gi:24662830,1,1.0
gi:24582306,gi:24644390,1,1.0
gi:17648051,gi:24639301,1,1.0
gi:20130007,gi:24668018,1,1.0
Q9W2U9,gi:28571762,1,1.0
Q01069,Q01070,1,1.0
gi:24652101,gi:24667117,1,1.0
gi:24646498,gi:24648643,1,1.0
P91820,Q11189,1,1.0
Q06559,gi:18543215,1,1.0
gi:19921338,gi:21356365,1,1.0
P26308,gi:19922798,1,1.0
P0A6N1,P17579,1,1.0
gi:18859869,gi:21358157,1,1.0
O18203,Q20486,1,1.0
P09097,P28694,1,1.0
O44783,gi:24585405,1,1.0
gi:20129961,gi:21358415,1,1.0
gi:24581572,gi:24653887,1,1.0
P02351,P25739,1,1.0
O01794,Q95Q26,1,1.0
P08570,gi:24646410,1,1.0
gi:22024114,gi:24650342,1,1.0
P40945,gi:24644642,1,1.0
gi:17864264,gi:28558744,1,1.0
gi:24586487,gi:24654677,1,1.0
gi:17647427,gi:24667917,1,1.0
gi:24581719,gi:24663548,1,1.0
gi:17647419,gi:24641794,1,1.0
P40320,gi:24667917,1,1.0
O44821,Q18668,1,1.0
gi:17137074,gi:24647864,1,1.0
gi:24583264,gi:24650420,1,1.0
gi:17738243,gi:24641449,1,1.0
P82910,gi:24659194,1,1.0
Q9VCH4,Q9VV43,1,1.0
gi:24641673,gi:24645709,1,1.0
gi:17136294,gi:17933604,1,1.0
gi:24581686,gi:24649768,1,1.0
O62505,Q22174,1,1.0
gi:20129899,gi:24641493,1,1.0
P11455,gi:24663246,1,1.0
P49905,gi:24654033,1,1.0
Q27368,gi:24582879,1,1.0
O44872,Q8MQE8,1,1.0
gi:24644250,gi:24659166,1,1.0
P12638,P33371,1,1.0
gi:21358317,gi:28571396,1,1.0
O01876,gi:17558096,1,1.0
gi:24642517,gi:24647135,1,1.0
gi:24638862,gi:24645236,1,1.0
Q21271,gi:17554366,1,1.0
gi:24644819,gi:28574316,1,1.0
gi:24586167,gi:24654550,1,1.0
gi:24582926,gi:24585516,1,1.0
Q09580,Q18668,1,1.0
P17205,gi:19920808,1,1.0
gi:19920912,gi:24586270,1,1.0
Q24564,gi:20129491,1,1.0
P02375,P05055,1,1.0
gi:20129967,gi:24640268,1,1.0
O18259,P90745,1,1.0
gi:21356031,gi:24655121,1,1.0
Q9VNH6,gi:20129131,1,1.0
P08324,P24229,1,1.0
gi:24655930,gi:24663462,1,1.0
gi:24582826,gi:28558748,1,1.0
P00574,P03019,1,1.0
gi:20130175,gi:24641689,1,1.0
gi:20128797,gi:24651303,1,1.0
gi:17137168,gi:24641616,1,1.0
gi:24646434,gi:24649345,1,1.0
P02386,P32679,1,1.0
P52715,Q9XW40,1,1.0
P02418,P23304,1,1.0
P02392,P31473,1,1.0
gi:18859751,gi:28573310,1,1.0
Q09967,Q18479,1,1.0
O01900,Q17935,1,1.0
P00575,P02990,1,1.0
gi:24667063,gi:28573604,1,1.0
P13519,P77488,1,1.0
Q01642,gi:24654383,1,1.0
gi:24667089,gi:28574539,1,1.0
O96860,gi:24651203,1,1.0
gi:17864238,gi:19921262,1,1.0
P21346,P25665,1,1.0
P00575,P23852,1,1.0
Q21648,gi:17536521,1,1.0
Q01644,gi:24639705,1,1.0
P07019,P28692,1,1.0
gi:24651599,gi:24665229,1,1.0
gi:17137578,gi:19920682,1,1.0
gi:24643978,gi:24644979,1,1.0
Q22123,Q9UAV4,1,1.0
gi:24581499,gi:24644345,1,1.0
O45799,P91080,1,1.0
Q9VVG4,gi:24640785,1,1.0
gi:17137648,gi:24652882,1,1.0
P00490,P02341,1,1.0
O17608,Q9XWG3,1,1.0
gi:20130067,gi:24643078,1,1.0
gi:19921458,gi:24639153,1,1.0
P00574,P02369,1,1.0
gi:24641090,gi:24667211,1,1.0
Q24533,gi:19920746,1,1.0
Q18948,Q27318,1,1.0
gi:21358327,gi:24644835,1,1.0
P40417,gi:24644764,1,1.0
Q9W1C9,gi:26080373,1,1.0
gi:21356235,gi:24652842,1,1.0
O17218,gi:32564660,1,1.0
P91835,Q23174,1,1.0
gi:24580949,gi:24639617,1,1.0
gi:24648858,gi:24656267,1,1.0
P00482,P02354,1,1.0
gi:21356069,gi:21356365,1,1.0
gi:24584167,gi:24660416,1,1.0
Q19989,Q9TZ39,1,1.0
Q21243,Q9TZ39,1,1.0
P02349,P45567,1,1.0
gi:20130151,gi:24655741,1,1.0
gi:18859869,gi:24655187,1,1.0
gi:24582540,gi:24656431,1,1.0
gi:18543289,gi:24649158,1,1.0
gi:17136478,gi:21356319,1,1.0
gi:21358259,gi:28573401,1,1.0
gi:20129841,gi:24580908,1,1.0
gi:18543215,gi:24667040,1,1.0
P23023,gi:21356191,1,1.0
gi:17136212,gi:24646928,1,1.0
P06996,P19935,1,1.0
Q9VQQ9,gi:24658567,1,1.0
gi:21356859,gi:24643375,1,1.0
Q94516,gi:24658229,1,1.0
gi:17137572,gi:24656938,1,1.0
gi:20128863,gi:24642301,1,1.0
Q20623,gi:17553966,1,1.0
gi:18860055,gi:24657324,1,1.0
gi:18860545,gi:24666886,1,1.0
gi:24642517,gi:24653350,1,1.0
gi:24582443,gi:24663246,1,1.0
Q22387,Q9GYN3,1,1.0
gi:24762519,gi:28574778,1,1.0
gi:24651924,gi:24662001,1,1.0
Q9W4P5,gi:24663246,1,1.0
gi:24651924,gi:24652071,1,1.0
gi:17933528,gi:28573466,1,1.0
gi:19920954,gi:19922456,1,1.0
gi:24641957,gi:24653385,1,1.0
O62127,Q19633,1,1.0
P00892,P36996,1,1.0
P02352,P11876,1,1.0
gi:19921122,gi:24642882,1,1.0
P20227,P51123,1,1.0
Q9VG94,Q9VG96,1,1.0
gi:24649818,gi:24659451,1,1.0
P00034,Q960T2,1,1.0
P06958,P17113,1,1.0
Q18535,Q22174,1,1.0
gi:24640973,gi:24655674,1,1.0
Q22847,Q9GSQ0,1,1.0
P15277,P23304,1,1.0
gi:18860011,gi:24660923,1,1.0
P10486,P19245,1,1.0
Q9W5H8,gi:21357023,1,1.0
gi:21358101,gi:24651339,1,1.0
P42184,P75960,1,1.0
P00822,P00859,1,1.0
gi:17136258,gi:24650202,1,1.0
gi:18543295,gi:24585089,1,1.0
gi:24660611,gi:24661140,1,1.0
gi:24580629,gi:24649164,1,1.0
gi:24653350,gi:28574535,1,1.0
P92208,gi:24585405,1,1.0
gi:20129745,gi:28573893,1,1.0
Q8T053,gi:24653245,1,1.0
gi:18858055,gi:20128841,1,1.0
gi:21355769,gi:24641416,1,1.0
P27619,gi:24649427,1,1.0
P02359,P15277,1,1.0
gi:24762726,gi:28573893,1,1.0
P04475,P37095,1,1.0
Q20052,Q22326,1,1.0
gi:21355333,gi:24644242,1,1.0
Q02361,gi:24586371,1,1.0
P13519,P20082,1,1.0
gi:17530817,gi:24582879,1,1.0
gi:20129835,gi:24665008,1,1.0
gi:24582090,gi:24665973,1,1.0
Q9V9K7,gi:19920984,1,1.0
Q9TX74,gi:21355335,1,1.0
gi:21357711,gi:24653649,1,1.0
P20483,gi:24651688,1,1.0
gi:21355581,gi:24640175,1,1.0
P06959,P77349,1,1.0
gi:24657054,gi:24762783,1,1.0
O16364,Q95XU5,1,1.0
gi:19920358,gi:28574010,1,1.0
P18502,gi:17864428,1,1.0
gi:24645300,gi:24651339,1,1.0
O17915,Q22747,1,1.0
P21461,gi:24584144,1,1.0
Q24141,gi:21356337,1,1.0
Q24475,gi:24644592,1,1.0
P48593,gi:28571947,1,1.0
gi:24643702,gi:24668302,1,1.0
gi:24658577,gi:24666045,1,1.0
P06959,P31806,1,1.0
Q21693,Q9XW13,1,1.0
gi:24582090,gi:24654522,1,1.0
P36996,P43329,1,1.0
gi:24657153,gi:24661613,1,1.0
gi:19922628,gi:28573347,1,1.0
gi:19921758,gi:24651028,1,1.0
O76924,gi:24642517,1,1.0
P13097,P16371,1,1.0
P02351,P06982,1,1.0
gi:24641090,gi:24651688,1,1.0
Q24564,gi:24649109,1,1.0
gi:24645942,gi:24665583,1,1.0
gi:24640172,gi:24645769,1,1.0
O17916,Q9N362,1,1.0
gi:24641555,gi:24661625,1,1.0
gi:21357683,gi:24585132,1,1.0
P36950,P36979,1,1.0
P02378,P24169,1,1.0
gi:24583456,gi:24663523,1,1.0
Q8INW0,gi:19921458,1,1.0
P22464,P29310,1,1.0
P29355,Q9XVW8,1,1.0
Q8INW0,gi:21357309,1,1.0
gi:18859997,gi:28574320,1,1.0
gi:19922516,gi:24649755,1,1.0
gi:17647645,gi:24651339,1,1.0
gi:19920696,gi:24641555,1,1.0
Q9VG82,gi:24667510,1,1.0
gi:24642037,gi:24666350,1,1.0
gi:24580513,gi:24649427,1,1.0
gi:24641980,gi:24646494,1,1.0
P02358,P75829,1,1.0
P02422,P36979,1,1.0
gi:17137572,gi:24641689,1,1.0
O16500,P48152,1,1.0
gi:24639705,gi:24663462,1,1.0
P02392,P19245,1,1.0
gi:24585618,gi:24649695,1,1.0
P02361,P23304,1,1.0
P23573,gi:28571396,1,1.0
gi:24646105,gi:28573965,1,1.0
Q9VU58,gi:24647468,1,1.0
gi:24646207,gi:24652408,1,1.0
Q24133,gi:24582096,1,1.0
P00583,P28905,1,1.0
P30632,Q95018,1,1.0
gi:17137224,gi:28573879,1,1.0
gi:19920774,gi:24582592,1,1.0
P09040,gi:21356069,1,1.0
Q9W2U9,gi:24655568,1,1.0
Q9N5D6,Q9U1W5,1,1.0
gi:24641831,gi:24648042,1,1.0
gi:19922620,gi:24648207,1,1.0
gi:21358313,gi:24640855,1,1.0
gi:24639657,gi:24664434,1,1.0
gi:24659166,gi:24667063,1,1.0
Q01083,gi:24580731,1,1.0
gi:24665469,gi:24665583,1,1.0
gi:17737433,gi:17737533,1,1.0
gi:24583894,gi:24647704,1,1.0
gi:20129227,gi:24653448,1,1.0
O17670,Q21021,1,1.0
Q9VSJ8,gi:21356121,1,1.0
gi:17864542,gi:19921696,1,1.0
P33934,P45526,1,1.0
gi:24655968,gi:30923655,1,1.0
P33932,P33934,1,1.0
P23023,gi:24667258,1,1.0
P02349,P36979,1,1.0
gi:21357171,gi:24582628,1,1.0
P91027,Q19766,1,1.0
P36573,Q17991,1,1.0
P0A6F5,P45393,1,1.0
gi:17136920,gi:18858161,1,1.0
gi:21355581,gi:24663657,1,1.0
P03005,P39264,1,1.0
gi:21357711,gi:24651173,1,1.0
gi:21357095,gi:24584798,1,1.0
P02420,P17580,1,1.0
O16130,Q24533,1,1.0
gi:17864460,gi:18921171,1,1.0
Q17878,gi:25150794,1,1.0
Q18076,Q9TZ39,1,1.0
gi:19921448,gi:21358039,1,1.0
P00582,P02392,1,1.0
P34559,P34605,1,1.0
Q09983,Q93721,1,1.0
P00892,P02386,1,1.0
Q27297,gi:24639687,1,1.0
gi:24649158,gi:24652930,1,1.0
gi:24641935,gi:24642882,1,1.0
P23304,P33635,1,1.0
P23003,P33995,1,1.0
P15277,P76069,1,1.0
gi:24640951,gi:24647921,1,1.0
P09491,gi:17137564,1,1.0
gi:24644038,gi:28574893,1,1.0
O18640,P07666,1,1.0
Q9W5N0,gi:24653856,1,1.0
Q02360,gi:24650448,1,1.0
gi:24647137,gi:24649695,1,1.0
Q22837,gi:32564316,1,1.0
gi:17136804,gi:21357653,1,1.0
O17915,gi:32566959,1,1.0
P02999,P33930,1,1.0
gi:17986113,gi:24645585,1,1.0
gi:24581774,gi:28573729,1,1.0
gi:18858125,gi:24665950,1,1.0
P13097,gi:18543289,1,1.0
gi:19921152,gi:28573954,1,1.0
P08985,gi:17136262,1,1.0
P76092,P77398,1,1.0
Q9BL68,Q9U9Y8,1,1.0
P39736,gi:24584798,1,1.0
gi:24666240,gi:24762594,1,1.0
O01900,Q9U2Z5,1,1.0
gi:24586058,gi:24662650,1,1.0
P02419,P02424,1,1.0
Q9V597,gi:24640510,1,1.0
P02388,P32049,1,1.0
P08181,P08182,1,1.0
O18302,Q22227,1,1.0
P02436,P08756,1,1.0
gi:24581205,gi:24665297,1,1.0
Q9VSS7,gi:21355909,1,1.0
P02307,gi:24658110,1,1.0
Q9VX09,gi:24641689,1,1.0
gi:21356915,gi:24647905,1,1.0
O16500,Q09983,1,1.0
gi:28572004,gi:28573679,1,1.0
gi:24645031,gi:24654017,1,1.0
Q9VD25,gi:24659237,1,1.0
P36573,Q9XV56,1,1.0
P49905,gi:19920978,1,1.0
gi:21955276,gi:24586587,1,1.0
gi:17864630,gi:21357147,1,1.0
P30429,P41958,1,1.0
gi:24650263,gi:24654441,1,1.0
O16797,gi:24582294,1,1.0
gi:18543299,gi:24650054,1,1.0
gi:21356743,gi:24662830,1,1.0
gi:21356397,gi:24762443,1,1.0
gi:17136732,gi:24638862,1,1.0
gi:19920584,gi:24582006,1,1.0
gi:24585795,gi:24665469,1,1.0
gi:24641251,gi:24648294,1,1.0
P82147,gi:28573879,1,1.0
gi:19921648,gi:21357653,1,1.0
gi:22024071,gi:24638571,1,1.0
gi:20130085,gi:24642476,1,1.0
gi:24663462,gi:26080381,1,1.0
gi:21356061,gi:24666278,1,1.0
P02359,P17580,1,1.0
O17723,Q09989,1,1.0
gi:24583686,gi:28573597,1,1.0
P52304,Q9VV43,1,1.0
P00034,gi:28573401,1,1.0
gi:24645243,gi:24659272,1,1.0
P00391,P10485,1,1.0
P48603,Q9XTL9,1,1.0
P42287,gi:21358351,1,1.0
gi:24654872,gi:24664327,1,1.0
P13395,P36241,1,1.0
gi:24642235,gi:24646073,1,1.0
Q23382,Q9XVA3,1,1.0
O97125,P13097,1,1.0
gi:17647677,gi:28571815,1,1.0
gi:17136258,gi:19920984,1,1.0
gi:21357723,gi:24642461,1,1.0
gi:17933748,gi:24665583,1,1.0
P17288,P22257,1,1.0
Q05201,gi:28573427,1,1.0
P10408,P13519,1,1.0
O16130,gi:20130085,1,1.0
P00892,P02423,1,1.0
gi:18858037,gi:28573799,1,1.0
gi:17137184,gi:24584039,1,1.0
gi:24647685,gi:24663462,1,1.0
O44783,gi:21357219,1,1.0
gi:21358455,gi:24662081,1,1.0
gi:24661467,gi:28573604,1,1.0
gi:24641090,gi:24665583,1,1.0
gi:24653649,gi:28573467,1,1.0
P40427,gi:19921778,1,1.0
gi:19921554,gi:24648401,1,1.0
Q23158,Q95ZL4,1,1.0
P91505,Q19220,1,1.0
gi:24649164,gi:28574119,1,1.0
Q8MQ56,Q9N3J8,1,1.0
gi:24580513,gi:24667600,1,1.0
P21155,P31663,1,1.0
Q9VGX3,gi:19923044,1,1.0
gi:24650248,gi:24651339,1,1.0
Q24337,gi:21355361,1,1.0
gi:21358077,gi:24662753,1,1.0
gi:21357761,gi:24654522,1,1.0
P15040,P75698,1,1.0
P54611,gi:24661689,1,1.0
Q95QA6,Q9N5A6,1,1.0
Q9V7D2,gi:21687092,1,1.0
gi:24586058,gi:24648956,1,1.0
gi:21356575,gi:24668206,1,1.0
O17915,Q9TVH6,1,1.0
gi:24642021,gi:28573631,1,1.0
P02372,P28689,1,1.0
O16313,O61390,1,1.0
gi:24648444,gi:28574720,1,1.0
P37163,P45539,1,1.0
Q09485,Q18945,1,1.0
gi:17136826,gi:24658567,1,1.0
Q9XU77,Q9XX47,1,1.0
gi:20128847,gi:24586297,1,1.0
gi:17648123,gi:20130329,1,1.0
gi:24638995,gi:24664829,1,1.0
gi:24582172,gi:24663242,1,1.0
gi:24639187,gi:24642834,1,1.0
Q95ZI9,Q9XU77,1,1.0
Q17581,gi:14018161,1,1.0
P91419,Q93637,1,1.0
P05552,gi:24639988,1,1.0
Q20813,Q9TZ39,1,1.0
gi:17864238,gi:28572965,1,1.0
O02195,gi:24646212,1,1.0
P36241,Q9VQQ9,1,1.0
gi:24645368,gi:24656342,1,1.0
Q9VSJ8,gi:24648198,1,1.0
gi:21355917,gi:28573278,1,1.0
gi:21356031,gi:24655366,1,1.0
gi:21356895,gi:28574119,1,1.0
P02364,P02999,1,1.0
Q20956,Q9XXA2,1,1.0
P07813,P33129,1,1.0
O76924,gi:24583294,1,1.0
P17205,gi:28571396,1,1.0
gi:19922138,gi:24645515,1,1.0
gi:17136914,gi:24659237,1,1.0
gi:18859635,gi:21356805,1,1.0
gi:19921362,gi:24647601,1,1.0
P49905,gi:24647125,1,1.0
Q9Y0I1,gi:24649671,1,1.0
O45115,Q20813,1,1.0
P13008,gi:18859825,1,1.0
gi:24645425,gi:24663250,1,1.0
P12982,gi:24644835,1,1.0
gi:20128797,gi:24652436,1,1.0
gi:19921778,gi:24657052,1,1.0
Q9VCE6,gi:24665583,1,1.0
gi:19922676,gi:20128797,1,1.0
P02392,P14294,1,1.0
O16443,Q9XWP3,1,1.0
gi:24647897,gi:24651339,1,1.0
gi:24650202,gi:24762566,1,1.0
gi:24666274,gi:28573893,1,1.0
gi:17137444,gi:19920776,1,1.0
Q8IN94,gi:28573799,1,1.0
P00955,P02359,1,1.0
Q9GU68,gi:24643715,1,1.0
gi:21356561,gi:24584536,1,1.0
gi:17137636,gi:24658681,1,1.0
P11454,P17963,1,1.0
Q9BL70,Q9TZ39,1,1.0
gi:20130377,gi:28571396,1,1.0
P07024,P10115,1,1.0
gi:24661700,gi:24666394,1,1.0
gi:21356575,gi:24653452,1,1.0
gi:17933722,gi:19921582,1,1.0
gi:24582592,gi:24667009,1,1.0
P25843,gi:24649820,1,1.0
gi:24584251,gi:28571108,1,1.0
P02356,P11028,1,1.0
O17670,Q95X38,1,1.0
Q20719,gi:17554366,1,1.0
P02392,P10443,1,1.0
Q9VCR6,gi:17137298,1,1.0
Q8INW0,gi:24640804,1,1.0
gi:21355719,gi:24643083,1,1.0
Q9VG82,gi:17136412,1,1.0
Q22227,Q95ZL6,1,1.0
Q9VJV9,gi:24656431,1,1.0
gi:24641148,gi:24641251,1,1.0
gi:22024141,gi:24651265,1,1.0
gi:24650202,gi:24662288,1,1.0
gi:24651303,gi:24665042,1,1.0
gi:24657684,gi:24661613,1,1.0
P28630,P28632,1,1.0
gi:20129527,gi:21355643,1,1.0
P03002,P43675,1,1.0
gi:24640482,gi:24659254,1,1.0
gi:24639301,gi:24641921,1,1.0
P19018,gi:24645769,1,1.0
Q9VG82,gi:24667778,1,1.0
gi:18859771,gi:24653084,1,1.0
P07487,gi:17137536,1,1.0
P07019,P08177,1,1.0
Q24570,gi:24656486,1,1.0
gi:24581759,gi:24657782,1,1.0
gi:24641209,gi:24647823,1,1.0
gi:19921042,gi:21358097,1,1.0
gi:24640817,gi:24667117,1,1.0
O01869,Q22714,1,1.0
P10981,P14199,1,1.0
gi:24581719,gi:24662753,1,1.0
gi:24653350,gi:24653856,1,1.0
P02384,P03007,1,1.0
gi:23397598,gi:24665821,1,1.0
P09097,P19245,1,1.0
P82910,gi:28574851,1,1.0
gi:20129399,gi:28573662,1,1.0
P06958,P09030,1,1.0
P02359,P02901,1,1.0
O18413,gi:24648013,1,1.0
gi:17136968,gi:24581901,1,1.0
O18413,gi:24655034,1,1.0
gi:24585974,gi:24654636,1,1.0
gi:24648942,gi:28571891,1,1.0
gi:24642119,gi:24645384,1,1.0
gi:18543283,gi:24664979,1,1.0
gi:24642719,gi:24663011,1,1.0
P03017,P77488,1,1.0
gi:21357669,gi:24661136,1,1.0
P23380,gi:17737503,1,1.0
P09152,P0A6F5,1,1.0
P32100,gi:28574949,1,1.0
Q8MSF5,gi:17647723,1,1.0
Q19266,Q9NAN2,1,1.0
gi:17647503,gi:24663889,1,1.0
P23023,gi:20130345,1,1.0
gi:19921904,gi:21356695,1,1.0
gi:24640188,gi:28574303,1,1.0
P02990,P37192,1,1.0
gi:18859895,gi:21357477,1,1.0
O16797,gi:24641156,1,1.0
Q9VJD3,gi:17137224,1,1.0
gi:20128797,gi:21357761,1,1.0
gi:24659035,gi:24667117,1,1.0
O44783,gi:24667258,1,1.0
gi:19921306,gi:24646318,1,1.0
P51404,P81299,1,1.0
gi:17737425,gi:24655121,1,1.0
gi:28571891,gi:28573393,1,1.0
gi:24640289,gi:28573173,1,1.0
gi:24642214,gi:24662155,1,1.0
P16371,gi:24645967,1,1.0
gi:24581976,gi:24663336,1,1.0
gi:19920866,gi:24646318,1,1.0
gi:20130049,gi:24641434,1,1.0
P07187,gi:24642808,1,1.0
gi:24653385,gi:24665583,1,1.0
gi:17352479,gi:18858095,1,1.0
P02990,P11349,1,1.0
P82711,gi:24586587,1,1.0
gi:18543215,gi:24585156,1,1.0
O44783,gi:28572036,1,1.0
gi:20129291,gi:24640435,1,1.0
Q19290,Q19633,1,1.0
gi:24584043,gi:24640806,1,1.0
P11880,P62066,1,1.0
O61932,Q9N537,1,1.0
Q9VJV9,Q9XTM1,1,1.0
gi:21355911,gi:28571678,1,1.0
gi:20129131,gi:24583294,1,1.0
gi:22024283,gi:24644165,1,1.0
gi:17647645,gi:17647735,1,1.0
P27091,gi:21357547,1,1.0
gi:20129063,gi:24642172,1,1.0
gi:21357761,gi:24650729,1,1.0
gi:24643347,gi:24644274,1,1.0
gi:21356727,gi:24641209,1,1.0
gi:24639021,gi:24644038,1,1.0
Q9VCR6,gi:19920406,1,1.0
gi:24652045,gi:24657218,1,1.0
gi:21357987,gi:24647343,1,1.0
gi:20129835,gi:24652235,1,1.0
gi:19921638,gi:21357817,1,1.0
gi:21356877,gi:21358401,1,1.0
gi:19921554,gi:24650634,1,1.0
gi:24584798,gi:24638872,1,1.0
gi:17933722,gi:21355777,1,1.0
gi:24659367,gi:28574303,1,1.0
P02905,P31473,1,1.0
gi:21357903,gi:24639794,1,1.0
Q9V813,gi:19922802,1,1.0
gi:19920776,gi:28573655,1,1.0
gi:17137572,gi:18543215,1,1.0
Q02360,gi:21356111,1,1.0
P48148,gi:28573464,1,1.0
gi:19922026,gi:24640625,1,1.0
P54733,gi:24653562,1,1.0
gi:24638702,gi:24643755,1,1.0
gi:22026880,gi:28571501,1,1.0
P14374,P77808,1,1.0
gi:18859665,gi:24645476,1,1.0
Q22048,Q9N3T2,1,1.0
P07363,P07366,1,1.0
P91306,Q17878,1,1.0
gi:19921916,gi:24664836,1,1.0
Q8MXR2,Q95QA6,1,1.0
gi:24647885,gi:24667833,1,1.0
gi:17933736,gi:18857975,1,1.0
P48154,Q22799,1,1.0
Q9VLP3,gi:24583134,1,1.0
gi:24647609,gi:28573679,1,1.0
P02408,P32049,1,1.0
gi:21356743,gi:24652248,1,1.0
P02364,P28631,1,1.0
gi:24582929,gi:24584030,1,1.0
gi:21357495,gi:24642517,1,1.0
gi:18543285,gi:24582294,1,1.0
O17908,Q23158,1,1.0
gi:17738005,gi:21357761,1,1.0
gi:19921834,gi:21355521,1,1.0
gi:24581542,gi:24644422,1,1.0
gi:24582094,gi:24663462,1,1.0
Q24133,gi:20130399,1,1.0
Q9XTM1,gi:24581879,1,1.0
P02339,P80063,1,1.0
Q9VD25,gi:24640353,1,1.0
P39299,P76092,1,1.0
gi:18543195,gi:21356365,1,1.0
P34574,Q22799,1,1.0
gi:24652733,gi:24665135,1,1.0
P40614,Q22950,1,1.0
P06958,P36995,1,1.0
P06722,P76217,1,1.0
P09097,P15716,1,1.0
Q22347,Q93354,1,1.0
P09097,P20082,1,1.0
gi:19921814,gi:24646829,1,1.0
P03842,P04475,1,1.0
P04825,P77329,1,1.0
Q23646,Q9NF14,1,1.0
gi:18858171,gi:24643755,1,1.0
Q9XU77,Q9XX14,1,1.0
P00528,P09491,1,1.0
gi:21355279,gi:21356361,1,1.0
P00575,P02356,1,1.0
gi:17738007,gi:28571147,1,1.0
gi:19922516,gi:24642517,1,1.0
O18640,Q9VG82,1,1.0
gi:24584835,gi:24666303,1,1.0
P02392,P07027,1,1.0
gi:24643586,gi:24645671,1,1.0
O61973,Q22179,1,1.0
gi:19921002,gi:28574875,1,1.0
gi:24581314,gi:24653350,1,1.0
gi:17137224,gi:24648173,1,1.0
O44131,gi:17553966,1,1.0
Q8MSS1,gi:24646928,1,1.0
P02429,P75838,1,1.0
P54353,gi:28571356,1,1.0
O45865,Q18268,1,1.0
gi:24647638,gi:24661685,1,1.0
gi:18859973,gi:24660935,1,1.0
gi:24655170,gi:28574529,1,1.0
P00574,P27242,1,1.0
P06993,P23256,1,1.0
P02386,P76104,1,1.0
gi:19920692,gi:24665661,1,1.0
gi:17933720,gi:21355923,1,1.0
gi:24581976,gi:24659237,1,1.0
gi:24642367,gi:24659930,1,1.0
Q9NEF6,gi:24642214,1,1.0
gi:17136256,gi:22024288,1,1.0
O77051,gi:19921994,1,1.0
gi:21356113,gi:24580674,1,1.0
gi:17647965,gi:28574949,1,1.0
P48451,gi:24647518,1,1.0
gi:17864210,gi:19921638,1,1.0
gi:17136864,gi:24584547,1,1.0
gi:24585033,gi:24641831,1,1.0
Q21592,gi:17555418,1,1.0
P00961,P25538,1,1.0
gi:19920452,gi:24646766,1,1.0
gi:17986183,gi:24652818,1,1.0
gi:21357595,gi:24639406,1,1.0
gi:19921778,gi:21355995,1,1.0
gi:24638845,gi:24640233,1,1.0
gi:20128797,gi:24642276,1,1.0
gi:24658714,gi:24668278,1,1.0
Q9VCX3,gi:17647523,1,1.0
Q01644,Q03334,1,1.0
Q23536,Q9NA30,1,1.0
P82910,gi:21357761,1,1.0
P91001,Q9NAD6,1,1.0
gi:21356279,gi:28571660,1,1.0
gi:18859977,gi:24641493,1,1.0
gi:18858175,gi:21357369,1,1.0
Q21746,Q9TZK3,1,1.0
Q22227,Q9N2L3,1,1.0
P17886,P39736,1,1.0
P19538,gi:24643640,1,1.0
P17210,gi:24651653,1,1.0
gi:18860011,gi:24586562,1,1.0
gi:17136672,gi:24639548,1,1.0
P10041,P51123,1,1.0
gi:24583067,gi:28574726,1,1.0
P02359,P10413,1,1.0
gi:17137344,gi:20128963,1,1.0
P00892,P02413,1,1.0
Q9NGT3,Q9XXA2,1,1.0
P08192,P77783,1,1.0
gi:24582205,gi:24642367,1,1.0
Q02748,gi:24641567,1,1.0
gi:17647723,gi:24657427,1,1.0
P10987,gi:28571660,1,1.0
O44447,Q17359,1,1.0
Q9W0W6,gi:24582006,1,1.0
gi:20129291,gi:24643209,1,1.0
gi:24638766,gi:24652733,1,1.0
Q24133,gi:24654479,1,1.0
Q02360,gi:22026877,1,1.0
gi:24581944,gi:24643207,1,1.0
O97067,gi:24666850,1,1.0
P02422,P36996,1,1.0
P00391,P06277,1,1.0
gi:21355521,gi:24652045,1,1.0
O46106,gi:24584043,1,1.0
Q22886,Q95XQ1,1,1.0
gi:24639681,gi:24645515,1,1.0
P22981,Q18885,1,1.0
gi:18857963,gi:24656161,1,1.0
P16378,gi:17137224,1,1.0
gi:21356031,gi:24662765,1,1.0
P00955,P02349,1,1.0
O45679,P34563,1,1.0
Q18964,Q95ZS5,1,1.0
gi:24582339,gi:28574875,1,1.0
gi:24581314,gi:24665583,1,1.0
gi:17137580,gi:24657590,1,1.0
gi:21687206,gi:24653988,1,1.0
gi:21358161,gi:24657732,1,1.0
gi:17137636,gi:24640188,1,1.0
gi:24649236,gi:30923613,1,1.0
P23870,P30017,1,1.0
Q9VGC3,Q9VKH0,1,1.0
P02901,P33224,1,1.0
P02428,P76594,1,1.0
P02379,P06277,1,1.0
Q9W2D9,Q9W4E2,1,1.0
P21461,gi:21356743,1,1.0
gi:21355799,gi:24641555,1,1.0
P28632,P28905,1,1.0
P36996,P77243,1,1.0
gi:21357365,gi:22024283,1,1.0
P02356,P02358,1,1.0
P02341,P02999,1,1.0
gi:24644093,gi:24663462,1,1.0
P02388,P32679,1,1.0
O01489,Q95XW8,1,1.0
gi:17137074,gi:24639657,1,1.0
gi:19921286,gi:24585813,1,1.0
P0A6F9,P10413,1,1.0
Q9VI10,gi:24583567,1,1.0
P00363,P76111,1,1.0
Q20727,gi:17553966,1,1.0
P02424,P23304,1,1.0
gi:17737425,gi:24581901,1,1.0
gi:24586167,gi:24651265,1,1.0
gi:24583218,gi:24584985,1,1.0
gi:20129117,gi:24663462,1,1.0
gi:21357817,gi:24584828,1,1.0
Q9VHB6,gi:24642119,1,1.0
gi:18858043,gi:24655701,1,1.0
Q8SZH8,gi:17136342,1,1.0
P02408,P75707,1,1.0
gi:24581826,gi:24642922,1,1.0
P24991,P31804,1,1.0
P55828,gi:18860545,1,1.0
P16371,Q961V5,1,1.0
P48601,gi:24662753,1,1.0
Q19835,Q9GYS7,1,1.0
P04968,P21202,1,1.0
P08400,P08402,1,1.0
O16511,P91419,1,1.0
Q9V831,gi:24582879,1,1.0
gi:24652897,gi:24663372,1,1.0
gi:18859713,gi:21687092,1,1.0
gi:19922100,gi:24656820,1,1.0
Q19162,Q95QA6,1,1.0
gi:24640233,gi:24644250,1,1.0
P02422,P05055,1,1.0
gi:21355925,gi:24641036,1,1.0
O46106,gi:24583485,1,1.0
gi:19921646,gi:20130175,1,1.0
gi:20129621,gi:24650074,1,1.0
Q9V3C0,gi:24650530,1,1.0
gi:17647757,gi:24645902,1,1.0
Q960E8,gi:21356995,1,1.0
P23023,gi:24582294,1,1.0
Q18238,Q9NA40,1,1.0
gi:18859851,gi:24659451,1,1.0
gi:17136368,gi:24665583,1,1.0
Q9VXX8,gi:17137586,1,1.0
Q24260,gi:24653791,1,1.0
gi:24645177,gi:24656168,1,1.0
P48554,gi:24641042,1,1.0
gi:17137752,gi:24583958,1,1.0
Q01642,gi:24583929,1,1.0
P34546,Q27318,1,1.0
Q22048,gi:25150348,1,1.0
Q9VN93,gi:24584835,1,1.0
gi:17137710,gi:24641919,1,1.0
P09160,P0A6F5,1,1.0
P50887,gi:24667211,1,1.0
gi:24650747,gi:24658714,1,1.0
gi:24583154,gi:24585384,1,1.0
gi:20130265,gi:24649795,1,1.0
gi:24665132,gi:24665657,1,1.0
gi:19922992,gi:24650745,1,1.0
P09491,gi:24644214,1,1.0
P08756,P32679,1,1.0
Q9XWU7,gi:20871592,1,1.0
gi:24641689,gi:24659468,1,1.0
P04475,P17952,1,1.0
gi:24641251,gi:24653856,1,1.0
P45972,Q22227,1,1.0
P07459,P23304,1,1.0
P39736,gi:19921738,1,1.0
gi:24645476,gi:24665272,1,1.0
gi:21357389,gi:24662048,1,1.0
P25160,gi:19921274,1,1.0
gi:24659237,gi:24660826,1,1.0
gi:24646718,gi:24650658,1,1.0
P20083,Q46889,1,1.0
P02364,P39290,1,1.0
P02834,gi:24666886,1,1.0
P43509,P91400,1,1.0
P03813,P77788,1,1.0
gi:17738007,gi:17864350,1,1.0
Q9VRM7,gi:24657961,1,1.0
gi:24642517,gi:24650208,1,1.0
O01869,Q20188,1,1.0
gi:24638795,gi:24639301,1,1.0
gi:21356799,gi:21357227,1,1.0
P17704,gi:20129579,1,1.0
O16011,P52304,1,1.0
Q9GYK1,Q9XTG1,1,1.0
P02358,P45571,1,1.0
gi:17137616,gi:19922000,1,1.0
P17276,gi:21356475,1,1.0
gi:21356069,gi:24640009,1,1.0
gi:24651303,gi:24662973,1,1.0
Q9TX74,gi:24668519,1,1.0
Q9NES7,Q9U3S0,1,1.0
P0A6N1,P15716,1,1.0
P06959,P32177,1,1.0
Q21898,Q22174,1,1.0
P18502,gi:19922030,1,1.0
gi:24643151,gi:24667258,1,1.0
O17286,Q9XU12,1,1.0
gi:21358209,gi:24668589,1,1.0
P02370,P06709,1,1.0
gi:24581339,gi:24653385,1,1.0
P00574,P23830,1,1.0
gi:20130085,gi:21356771,1,1.0
gi:24640777,gi:24666694,1,1.0
gi:20130299,gi:28573466,1,1.0
gi:21357817,gi:24649922,1,1.0
P02423,Q46906,1,1.0
gi:20129887,gi:24641921,1,1.0
gi:19921432,gi:20130261,1,1.0
gi:21356041,gi:28574535,1,1.0
gi:20130031,gi:24651454,1,1.0
gi:24642214,gi:24651028,1,1.0
Q9V564,gi:24645653,1,1.0
Q9U1H9,gi:24646664,1,1.0
gi:24642261,gi:24652256,1,1.0
Q04787,gi:19921692,1,1.0
O44450,Q9TZ39,1,1.0
P00575,P77611,1,1.0
P25007,gi:24585813,1,1.0
gi:19921116,gi:24658342,1,1.0
P00837,P02424,1,1.0
gi:24643151,gi:24667117,1,1.0
P00956,P0A6N1,1,1.0
P02386,P23830,1,1.0
gi:17737533,gi:18079297,1,1.0
Q24260,gi:23397621,1,1.0
gi:24645300,gi:24646318,1,1.0
gi:24641555,gi:28573466,1,1.0
P02384,P17579,1,1.0
P17577,P23304,1,1.0
gi:19923032,gi:21356995,1,1.0
O17607,P91419,1,1.0
Q9VRL3,gi:28573544,1,1.0
gi:19922310,gi:24663011,1,1.0
gi:19921458,gi:24581484,1,1.0
gi:21355769,gi:24648294,1,1.0
gi:24649007,gi:24652930,1,1.0
gi:21355513,gi:24580513,1,1.0
P08181,gi:28574443,1,1.0
gi:17137696,gi:17647179,1,1.0
gi:19920692,gi:24660555,1,1.0
gi:24653255,gi:24661359,1,1.0
P0A6F5,P76594,1,1.0
P02386,P11876,1,1.0
gi:17737425,gi:24661826,1,1.0
P02375,P75829,1,1.0
Q03017,gi:24647508,0,1.0
P45463,gi:28573684,0,0.0
P00490,gi:30923613,0,0.0
gi:19922868,gi:24655053,0,1.0
P43672,gi:17532607,0,0.0
Q93721,gi:24581901,0,0.0
gi:17136968,gi:21356061,0,1.0
P23932,gi:28571216,0,0.0
P92004,gi:22024131,0,0.0
Q9VZS3,gi:24641535,0,1.0
P41829,gi:21355575,0,0.0
gi:24586270,gi:24655228,0,1.0
P08928,gi:17136926,0,1.0
gi:23308611,gi:24640513,0,1.0
P91505,gi:24640430,0,0.0
P25521,gi:24582205,0,0.0
gi:21358545,gi:24638625,0,1.0
O16313,gi:24639617,0,0.0
Q24210,gi:28574249,0,1.0
gi:24649473,gi:24665229,0,1.0
gi:17136212,gi:18859703,0,1.0
Q24404,gi:24648207,0,1.0
P28630,gi:24586167,0,0.0
gi:18543285,gi:21357479,0,1.0
Q23985,gi:17137764,0,1.0
P76367,Q8MSF5,0,0.0
gi:20129967,gi:24651333,0,1.0
P07655,gi:21355643,0,0.0
gi:24582339,gi:24645724,0,1.0
P15372,gi:17137680,0,1.0
gi:17136268,gi:24641148,0,1.0
P37765,gi:24638702,0,0.0
Q8T053,gi:28574903,0,1.0
Q24255,gi:24643516,0,1.0
gi:24641692,gi:24643151,0,1.0
gi:28571549,gi:28572980,0,1.0
Q9GYP6,gi:24582224,0,0.0
P15277,P20082,0,1.0
P02901,P03843,0,1.0
gi:18860545,gi:24643516,0,1.0
Q9XTM1,gi:28574391,0,1.0
Q17635,gi:17136728,0,0.0
Q19365,gi:24652403,0,0.0
Q21271,gi:24658229,0,0.0
O02353,gi:24640998,0,0.0
P24181,P76104,0,1.0
P76069,gi:20129437,0,0.0
O62203,gi:24639715,0,0.0
Q8INW0,gi:21356397,0,1.0
gi:21357683,gi:24639705,0,1.0
gi:17648049,gi:24650814,0,1.0
gi:23397621,gi:28574529,0,1.0
gi:24582006,gi:24666790,0,1.0
Q9N5V2,gi:21356337,0,0.0
P21155,Q95X44,0,0.0
P02422,P23932,0,1.0
P24991,gi:19920696,0,0.0
Q95018,gi:21358077,0,0.0
gi:17136342,gi:20129815,0,1.0
P12638,gi:24583962,0,0.0
P32721,gi:28573850,0,0.0
P09097,Q04787,0,0.0
O46036,P27430,0,0.0
P14374,gi:24639548,0,0.0
gi:24642884,gi:24646009,0,1.0
P05852,gi:24642703,0,0.0
Q27535,gi:24649039,0,0.0
gi:21355395,gi:21355925,0,1.0
gi:18857991,gi:24642214,0,1.0
P29310,gi:24647343,0,1.0
gi:17137168,gi:21357897,0,1.0
P32100,gi:24663548,0,1.0
gi:21358201,gi:24667837,0,1.0
O97067,P02388,0,0.0
gi:21356727,gi:28573549,0,1.0
gi:21357995,gi:21358103,0,1.0
Q19424,gi:20128901,0,0.0
P15330,gi:17647757,0,1.0
Q9Y048,gi:17137696,0,0.0
P16921,gi:24642484,0,0.0
P02372,P02828,0,0.0
Q18516,gi:28573157,0,0.0
P15032,gi:24639782,0,0.0
gi:17136398,gi:19921120,0,1.0
gi:17137536,gi:24584030,0,1.0
Q18529,gi:20128863,0,0.0
Q9XXA2,gi:24652725,0,0.0
Q18620,gi:20130261,0,0.0
P39286,gi:24641555,0,0.0
Q22179,Q9U2D6,0,1.0
gi:24585873,gi:24646365,0,1.0
P10440,gi:24648226,0,0.0
gi:18543301,gi:24651395,0,1.0
Q20798,gi:24654530,0,0.0
P04384,gi:24651265,0,0.0
P00580,P02390,0,1.0
gi:24582879,gi:28571724,0,1.0
Q22837,gi:24641662,0,0.0
O76924,gi:24584729,0,1.0
gi:24647609,gi:24664652,0,1.0
P36950,gi:24661578,0,0.0
gi:19922072,gi:24660188,0,1.0
P02370,gi:19922220,0,0.0
P04286,gi:24653649,0,0.0
gi:28571100,gi:28571678,0,1.0
gi:24585948,gi:24655474,0,1.0
gi:20129183,gi:24663246,0,1.0
P75960,gi:21358125,0,0.0
P13519,gi:20129425,0,0.0
P03005,P0A6F5,0,1.0
gi:19921596,gi:28558748,0,1.0
Q9VQQ9,gi:21355181,0,1.0
gi:22026843,gi:24644468,0,1.0
P22523,gi:20129527,0,0.0
P10089,P77499,0,1.0
P02424,gi:28573427,0,0.0
gi:17137616,gi:21356337,0,1.0
gi:17530833,gi:24585599,0,1.0
gi:24584736,gi:24638591,0,1.0
P02425,Q9U3P1,0,0.0
gi:24586371,gi:24658363,0,1.0
gi:21358483,gi:24581662,0,1.0
P29745,gi:24643702,0,0.0
P18824,P91080,0,0.0
P02366,P54353,0,0.0
O44538,gi:24650658,0,0.0
P17205,P91329,0,0.0
gi:24643156,gi:24662155,0,1.0
P25539,gi:24652101,0,0.0
gi:24583061,gi:24646009,0,1.0
gi:24654843,gi:28573278,0,1.0
O18413,gi:24580937,0,1.0
gi:17864306,gi:24649283,0,1.0
P50465,gi:21356595,0,0.0
P37163,P45972,0,0.0
Q9VCE6,Q9VQQ9,0,1.0
gi:24585327,gi:24639731,0,1.0
P28689,gi:24648010,0,0.0
P00482,gi:24643702,0,0.0
Q9XXL8,gi:24583894,0,0.0
gi:24586133,gi:24656550,0,1.0
P04286,Q19286,0,0.0
gi:24638591,gi:24652946,0,1.0
gi:24641578,gi:24644764,0,1.0
Q17728,gi:19920932,0,0.0
gi:19920912,gi:20130027,0,1.0
P77611,Q9TXH9,0,0.0
P02387,P35415,0,0.0
Q21215,gi:24666524,0,0.0
P10408,P33918,0,1.0
Q9XU77,gi:17736971,0,0.0
Q17746,gi:21955276,0,0.0
Q9N597,gi:24642263,0,0.0
gi:24660710,gi:28573684,0,1.0
gi:24586453,gi:28574939,0,1.0
gi:18543289,gi:28573551,0,1.0
O02289,gi:24581467,0,0.0
O18672,gi:24667258,0,0.0
P21645,gi:20128863,0,0.0
gi:19920706,gi:24655888,0,1.0
gi:21358175,gi:24659237,0,1.0
gi:24659060,gi:28574886,0,1.0
Q9N5Z3,gi:24667472,0,0.0
P00034,gi:20130261,0,1.0
gi:22024059,gi:24653096,0,1.0
Q08012,gi:24649564,0,1.0
gi:20129745,gi:24586242,0,1.0
gi:19921030,gi:24651303,0,1.0
Q9VFC8,gi:24650584,0,1.0
Q19835,Q9VZD5,0,0.0
P48593,Q22174,0,0.0
Q22020,gi:19921458,0,0.0
P75767,gi:17136854,0,0.0
gi:17998687,gi:24659237,0,1.0
P21517,Q9XU77,0,0.0
gi:19922640,gi:24657504,0,1.0
P49630,gi:21356265,0,1.0
Q09485,gi:21357445,0,0.0
P21499,gi:24648294,0,0.0
gi:24585027,gi:28574009,0,1.0
P06277,P54622,0,0.0
Q24117,gi:17647911,0,1.0
Q22847,gi:21357483,0,0.0
P07027,gi:21356799,0,0.0
P02424,P03815,0,1.0
P00482,gi:24656574,0,0.0
P02354,gi:24647285,0,0.0
P18391,gi:24650420,0,0.0
P02342,P36188,0,0.0
Q9GPA2,gi:24580712,0,0.0
Q9TYX4,gi:24660508,0,0.0
gi:24584835,gi:24668824,0,1.0
gi:21355769,gi:24648536,0,1.0
gi:17530793,gi:17554366,0,0.0
P02358,gi:24638591,0,0.0
gi:19920568,gi:21358201,0,1.0
O18302,gi:21356645,0,0.0
P76104,gi:24646369,0,0.0
P02364,gi:24642233,0,0.0
O16011,gi:24642799,0,1.0
gi:24649080,gi:24655582,0,1.0
P00892,P06996,0,1.0
gi:24641251,gi:24643634,0,1.0
gi:24582554,gi:24585981,0,1.0
gi:24648294,gi:24657961,0,1.0
P00528,gi:24652762,0,1.0
gi:17136984,gi:21357543,0,1.0
gi:24638978,gi:24654595,0,1.0
P02990,gi:24649087,0,0.0
P02424,P23282,0,1.0
Q95QG7,gi:19921250,0,0.0
gi:24583498,gi:24647508,0,1.0
gi:24648294,gi:24658772,0,1.0
P02843,P02996,0,0.0
Q8T0S6,gi:24653791,0,1.0
Q9XU12,gi:18858095,0,0.0
P42184,Q22799,0,0.0
gi:24642235,gi:28573563,0,1.0
gi:24582294,gi:24585245,0,1.0
gi:18859825,gi:24657798,0,1.0
gi:24654479,gi:28573604,0,1.0
P40320,gi:24639301,0,1.0
P29310,gi:24582210,0,1.0
gi:24584039,gi:24642363,0,1.0
gi:18857967,gi:24655095,0,1.0
gi:24639548,gi:24646656,0,1.0
gi:20130247,gi:21355361,0,1.0
gi:17136608,gi:24660182,0,1.0
gi:24643172,gi:28571341,0,1.0
P17886,gi:21357761,0,1.0
P00575,gi:24649859,0,0.0
gi:19922144,gi:24668658,0,1.0
Q9XZS4,gi:24642418,0,1.0
P06993,gi:17553966,0,0.0
gi:24639917,gi:24655034,0,1.0
P34496,Q9VES1,0,0.0
Q23985,gi:24667117,0,1.0
P18289,gi:24655245,0,1.0
P06958,gi:18857963,0,0.0
P07682,gi:24663263,0,0.0
P07028,gi:28573310,0,0.0
P18595,P23304,0,1.0
P41076,Q9U1S2,0,0.0
P21914,gi:20129067,0,1.0
O44669,Q9TW67,0,1.0
gi:24582383,gi:24652825,0,1.0
P08622,Q27350,0,0.0
gi:19921696,gi:24655341,0,1.0
gi:21357355,gi:24581089,0,1.0
P00577,P33938,0,1.0
P38684,gi:17137454,0,0.0
gi:24645921,gi:24664257,0,1.0
P02349,P02418,0,1.0
P53501,gi:21358101,0,1.0
Q9VQQ9,gi:24583291,0,1.0
gi:23397524,gi:24585353,0,1.0
gi:19922620,gi:24668317,0,1.0
gi:21358101,gi:24583067,0,1.0
gi:21355653,gi:24658567,0,1.0
gi:17647503,gi:24584167,0,1.0
Q9XU77,gi:28573431,0,0.0
gi:13324910,gi:24585813,0,0.0
P00574,gi:17136258,0,0.0
Q19007,gi:24644293,0,0.0
gi:20129095,gi:24581429,0,1.0
O46036,P07207,0,1.0
P07666,gi:24581467,0,1.0
P24191,gi:24654843,0,0.0
gi:17864460,gi:28573173,0,1.0
P37312,Q17381,0,0.0
P77302,gi:28573310,0,0.0
gi:21356739,gi:24645650,0,1.0
gi:24641593,gi:28573264,0,1.0
Q47012,Q9XYN7,0,0.0
P30625,gi:18543289,0,0.0
gi:24642799,gi:24662518,0,1.0
Q9NGT3,gi:21357683,0,0.0
gi:21356299,gi:24640353,0,1.0
P08577,gi:24643702,0,0.0
gi:24649236,gi:24651185,0,1.0
P29464,gi:23397621,0,0.0
Q9NA98,gi:24644274,0,0.0
gi:17648053,gi:19921274,0,1.0
P04384,gi:24647823,0,0.0
gi:17933748,gi:19921312,0,1.0
O77259,P21893,0,0.0
gi:21356031,gi:24663118,0,1.0
gi:18921117,gi:21687092,0,1.0
gi:17647581,gi:24762688,0,1.0
gi:24646928,gi:24650377,0,1.0
Q9VCR6,gi:24641935,0,1.0
P06993,gi:24642484,0,0.0
P54399,gi:28574875,0,1.0
P0A6N1,gi:20129347,0,0.0
P02370,gi:24583827,0,0.0
P33224,gi:28574249,0,0.0
gi:21355333,gi:24653856,0,1.0
gi:18859869,gi:28571947,0,1.0
gi:20129425,gi:24643437,0,1.0
P13098,gi:24641807,0,1.0
gi:24586193,gi:28573879,0,1.0
P15082,gi:24585681,0,0.0
gi:17137398,gi:28574707,0,1.0
gi:24646860,gi:28573893,0,1.0
gi:24645011,gi:24659272,0,1.0
P02375,gi:24667063,0,0.0
P08182,gi:24581719,0,1.0
O44783,gi:24762582,0,1.0
P33371,gi:24652561,0,0.0
P02996,P17952,0,1.0
gi:21358201,gi:24650829,0,1.0
P09986,gi:18857945,0,0.0
O01666,gi:24655474,0,1.0
Q19877,gi:21356927,0,0.0
P91829,gi:24652897,0,0.0
O45666,gi:24645801,0,0.0
Q9VMA2,gi:24656749,0,1.0
Q9VSJ8,gi:24642691,0,1.0
Q17359,gi:24643286,0,0.0
gi:19921002,gi:28574660,0,1.0
P02386,gi:24643106,0,0.0
gi:18859793,gi:24657218,0,1.0
P08577,gi:24645653,0,0.0
gi:24657747,gi:24661166,0,1.0
P24255,gi:17137168,0,0.0
P00574,gi:28573621,0,0.0
gi:24585948,gi:24647508,0,1.0
P11420,gi:24645515,0,1.0
gi:21357291,gi:24639715,0,1.0
gi:24639782,gi:28571108,0,1.0
P21155,gi:28571678,0,0.0
Q9VEX0,gi:24640268,0,1.0
gi:18543195,gi:24665973,0,1.0
O45922,gi:24658927,0,0.0
gi:24640971,gi:24663336,0,1.0
P18502,P37024,0,0.0
gi:17136984,gi:24648896,0,1.0
P32134,gi:24642261,0,0.0
Q22174,gi:24585343,0,0.0
Q19082,gi:24585350,0,0.0
gi:21355537,gi:24656431,0,1.0
gi:24649389,gi:24663462,0,1.0
gi:24668346,gi:28573563,0,1.0
gi:24640430,gi:24657218,0,1.0
Q9TZI2,gi:17530857,0,0.0
Q19739,gi:17986183,0,0.0
P77734,gi:17137188,0,0.0
O18246,gi:24650035,0,0.0
Q93380,gi:24581484,0,0.0
gi:17648123,gi:24584941,0,1.0
P15042,gi:24661315,0,0.0
gi:24640172,gi:24643151,0,1.0
P36996,Q9XVA3,0,0.0
Q9N2K7,gi:24647609,0,0.0
gi:19921082,gi:22026831,0,1.0
P21893,gi:28573934,0,0.0
Q19416,gi:24641689,0,0.0
P02421,gi:18543289,0,0.0
P40427,gi:21356069,0,1.0
P32049,gi:24649236,0,0.0
O44656,gi:18543187,0,0.0
P27305,gi:20128841,0,0.0
P00892,Q21746,0,0.0
Q22227,gi:24659765,0,0.0
P08374,gi:17933606,0,0.0
P09097,gi:28573644,0,0.0
Q06559,gi:24655153,0,1.0
O17915,gi:24643286,0,0.0
gi:22024141,gi:24640949,0,1.0
Q06559,gi:24650747,0,1.0
P39290,gi:24662048,0,0.0
Q95QA3,Q9XU77,0,1.0
P17276,Q9VQQ9,0,1.0
gi:20128797,gi:24643822,0,1.0
Q9VGS2,gi:19921002,0,1.0
gi:20129853,gi:24585813,0,1.0
Q9N362,Q9NES7,0,1.0
gi:21356121,gi:29570484,0,0.0
P14130,gi:24580815,0,1.0
Q21746,gi:24639715,0,0.0
Q21436,Q9XXI0,0,1.0
gi:24641689,gi:24648010,0,1.0
gi:24647050,gi:28571831,0,1.0
gi:19921458,gi:24651212,0,1.0
gi:24762726,gi:28571396,0,1.0
P22523,gi:22024283,0,0.0
P42184,gi:28573646,0,0.0
P21499,gi:28574597,0,0.0
Q9U2Q9,gi:21355741,0,0.0
Q17935,gi:25148661,0,1.0
gi:24640124,gi:28574523,0,1.0
P39159,gi:28574303,0,0.0
P17288,gi:24642484,0,0.0
gi:21356265,gi:24585681,0,1.0
Q9TZ39,gi:17136292,0,0.0
P15716,gi:21357915,0,0.0
P00892,P02339,0,1.0
gi:24642561,gi:24658567,0,1.0
gi:18859693,gi:24657504,0,1.0
P12613,gi:24663556,0,1.0
Q94526,gi:24645887,0,1.0
gi:24642547,gi:28573278,0,1.0
Q18076,Q8MXH8,0,1.0
gi:17137488,gi:24585282,0,1.0
Q9VSJ8,gi:24653302,0,1.0
Q8MSI2,gi:24640172,0,1.0
gi:17554796,gi:24658370,0,0.0
gi:24640435,gi:24642719,0,1.0
P18784,gi:28573440,0,0.0
Q18238,gi:18860537,0,0.0
P91505,Q24439,0,0.0
gi:21356927,gi:24641148,0,1.0
P39745,P53501,0,0.0
gi:24646916,gi:24662356,0,1.0
gi:24582672,gi:24651364,0,1.0
P07666,gi:17136884,0,1.0
P17133,P29131,0,0.0
Q95TN4,gi:21355781,0,1.0
gi:24653031,gi:24665661,0,1.0
gi:20128841,gi:24638845,0,1.0
gi:19921002,gi:28573199,0,1.0
P48451,Q24564,0,1.0
O76908,P04475,0,0.0
gi:17136860,gi:25151901,0,0.0
gi:24655034,gi:24658203,0,1.0
gi:24645883,gi:24667071,0,1.0
gi:21356061,gi:24651100,0,1.0
O02059,gi:24644819,0,0.0
P14294,gi:24650084,0,0.0
P13097,gi:24652290,0,1.0
P34371,gi:17137506,0,0.0
P14374,Q09406,0,0.0
P77214,gi:21357653,0,0.0
P02339,gi:24667059,0,0.0
gi:25144933,gi:28573549,0,0.0
P47991,Q27518,0,1.0
gi:24581572,gi:24658229,0,1.0
P32100,P91938,0,1.0
P22563,P91249,0,0.0
gi:18859891,gi:28571918,0,1.0
P21156,gi:21355613,0,0.0
P16371,gi:20130049,0,1.0
gi:24643634,gi:24651075,0,1.0
gi:16130421,gi:19921140,0,0.0
P06982,gi:20129843,0,0.0
O45734,gi:17933722,0,0.0
gi:24656500,gi:24659188,0,1.0
P22106,gi:21355303,0,0.0
gi:24649755,gi:24655121,0,1.0
P00579,gi:23397621,0,0.0
gi:17864352,gi:24659272,0,1.0
P02408,gi:17535271,0,0.0
P21513,gi:21356595,0,0.0
gi:24581061,gi:24582592,0,1.0
gi:24580551,gi:24647468,0,1.0
gi:17864622,gi:24650420,0,1.0
gi:19921672,gi:24647905,0,1.0
P39099,gi:22024201,0,0.0
P02517,gi:24653667,0,1.0
gi:24649452,gi:24659182,0,1.0
gi:24663188,gi:28571108,0,1.0
P16918,gi:24661707,0,0.0
P02351,gi:18858161,0,0.0
O44739,Q18241,0,1.0
P39830,gi:21356415,0,0.0
gi:28574071,gi:28574920,0,1.0
P02408,gi:24762491,0,0.0
O44081,gi:17136368,0,1.0
P41092,gi:24582319,0,1.0
P02352,gi:24580731,0,0.0
gi:24642950,gi:28573195,0,1.0
O76912,P0A6F9,0,0.0
gi:24639715,gi:24657317,0,1.0
P75839,gi:24666004,0,0.0
P28689,gi:24652930,0,0.0
gi:17137540,gi:24639301,0,1.0
gi:17647527,gi:21358481,0,1.0
P23854,Q9XU77,0,0.0
P36241,gi:19922676,0,1.0
P30867,gi:24656930,0,0.0
O01700,gi:19920978,0,0.0
gi:20130313,gi:24666240,0,1.0
P15364,P31805,0,0.0
Q9W0Y1,gi:24650284,0,1.0
Q21215,gi:24638750,0,0.0
P15028,gi:24654172,0,0.0
Q9XTL9,gi:24658567,0,1.0
gi:19920776,gi:24665657,0,1.0
gi:24582205,gi:24642884,0,1.0
P00923,gi:24659188,0,0.0
P07671,Q21215,0,0.0
P39286,Q9N432,0,0.0
gi:17864428,gi:21357171,0,1.0
P22257,gi:21358247,0,0.0
P15716,gi:24642267,0,0.0
P02429,gi:21357669,0,0.0
gi:24660161,gi:24662753,0,1.0
P02999,gi:21357369,0,0.0
gi:19921950,gi:24645148,0,1.0
P02995,P28909,0,1.0
gi:17137488,gi:24655741,0,1.0
P02414,gi:24655555,0,0.0
gi:21357817,gi:24645515,0,1.0
gi:24646212,gi:24657504,0,1.0
gi:20129381,gi:24582104,0,1.0
P06864,gi:24648956,0,0.0
P15330,gi:17647171,0,1.0
P07012,gi:24586373,0,0.0
P30642,gi:24654046,0,0.0
O18240,Q03563,0,1.0
P02422,P13519,0,1.0
P08193,gi:24644026,0,0.0
gi:24583947,gi:24664979,0,1.0
gi:21357723,gi:24583848,0,1.0
P81299,gi:21357051,0,0.0
Q8T053,gi:18858137,0,1.0
P02384,gi:24648514,0,0.0
P00580,P91505,0,0.0
P00960,P28631,0,1.0
P34643,gi:21357547,0,0.0
P39736,gi:20130017,0,1.0
Q09511,Q18529,0,1.0
Q21648,gi:24638872,0,0.0
P22807,gi:30145754,0,0.0
Q22837,gi:21355219,0,0.0
gi:20301938,gi:24649976,0,1.0
gi:24586167,gi:24639715,0,1.0
gi:17137234,gi:21357371,0,1.0
gi:17647293,gi:24662946,0,1.0
P09372,Q17958,0,0.0
gi:19921230,gi:24654082,0,1.0
O02194,P19538,0,1.0
P16659,gi:21356727,0,0.0
gi:24586371,gi:24649210,0,1.0
O44739,P13095,0,0.0
Q17994,gi:17554384,0,1.0
P02999,gi:24641555,0,0.0
P41092,gi:18543289,0,1.0
P31119,gi:19921306,0,0.0
O44606,gi:24660872,0,0.0
gi:21357023,gi:21358175,0,1.0
gi:19920978,gi:24638766,0,1.0
gi:24655036,gi:28571823,0,1.0
gi:24641689,gi:24657216,0,1.0
Q19750,Q9W0V1,0,0.0
O44447,P13030,0,0.0
P0A6N1,Q17381,0,0.0
P06977,gi:17530825,0,0.0
Q27272,Q9U2R6,0,0.0
O16511,P15038,0,0.0
P00034,gi:24642367,0,1.0
gi:17647341,gi:24663228,0,1.0
P50887,gi:24667561,0,1.0
gi:21356995,gi:24648836,0,1.0
gi:20129967,gi:24639438,0,1.0
gi:18859953,gi:28573010,0,1.0
gi:24641567,gi:28573264,0,1.0
P08177,Q9N5S5,0,0.0
P02370,gi:24645300,0,0.0
P29052,gi:21358569,0,1.0
P92004,gi:24644592,0,0.0
Q9VU58,gi:17864542,0,1.0
P02843,gi:24640527,0,1.0
Q21746,gi:24654144,0,0.0
gi:24585156,gi:28571841,0,1.0
Q01070,gi:24583332,0,1.0
Q20052,gi:24641624,0,0.0
P00391,gi:24583531,0,0.0
gi:24641689,gi:24655850,0,1.0
P75816,gi:24650469,0,0.0
P42184,gi:24644735,0,0.0
gi:24586587,gi:28571587,0,1.0
P03004,gi:24638702,0,0.0
O45351,gi:19921030,0,0.0
Q9W5Q2,gi:24762383,0,1.0
O45521,Q9XWJ0,0,1.0
O18203,P17112,0,0.0
P03017,gi:17648123,0,0.0
P03017,gi:24666096,0,0.0
Q21094,gi:17933750,0,0.0
P08374,gi:24643474,0,0.0
gi:17933532,gi:24651339,0,1.0
gi:19921992,gi:21355163,0,1.0
P02388,gi:24580972,0,0.0
P55828,gi:24657389,0,1.0
gi:22023983,gi:24660475,0,1.0
Q17359,gi:24639496,0,0.0
gi:19920766,gi:21355521,0,1.0
O45666,gi:24656644,0,0.0
P75767,gi:28571526,0,0.0
Q19201,gi:24648401,0,0.0
P02369,Q9VLP3,0,0.0
gi:17647755,gi:24657019,0,1.0
P23696,gi:24646312,0,1.0
gi:19922516,gi:24651579,0,1.0
P18102,Q02360,0,1.0
P32130,gi:24584139,0,0.0
gi:21355581,gi:21687092,0,1.0
P02923,gi:19922992,0,0.0
gi:24585154,gi:24639187,0,1.0
P33635,gi:21357677,0,0.0
P17443,gi:24662048,0,0.0
Q9U405,gi:17737533,0,1.0
P02416,gi:24586167,0,0.0
gi:17137734,gi:21357187,0,1.0
P33226,gi:24640982,0,0.0
Q9N3Z0,gi:24643761,0,0.0
P37765,gi:24580513,0,0.0
P21889,gi:19921294,0,0.0
Q965X6,gi:17530857,0,0.0
P36573,gi:24648158,0,0.0
P53013,gi:21358499,0,0.0
O62619,gi:24580908,0,1.0
P23304,gi:24650208,0,0.0
P76104,gi:24657202,0,0.0
P02423,Q46840,0,1.0
O17670,P27129,0,0.0
Q19294,gi:24653560,0,0.0
gi:24584828,gi:24639681,0,1.0
P11147,gi:24647609,0,1.0
P14318,gi:24664458,0,1.0
P00923,gi:24646847,0,0.0
O16511,gi:24655568,0,0.0
P36857,gi:24655170,0,0.0
P92004,gi:24660935,0,0.0
P54353,Q9NAD6,0,0.0
Q9XVA3,gi:24668642,0,0.0
P39299,gi:19920436,0,0.0
gi:24582182,gi:24762816,0,1.0
gi:19921700,gi:24640181,0,1.0
gi:24582306,gi:24585027,0,1.0
Q09485,gi:28571649,0,0.0
O16364,P02824,0,0.0
Q18937,Q23390,0,1.0
P22058,gi:24642233,0,1.0
gi:17554796,gi:24582212,0,0.0
P21893,gi:24650084,0,0.0
Q27297,gi:24583805,0,1.0
gi:17508231,gi:20428645,0,0.0
Q18688,gi:24641156,0,0.0
gi:24584798,gi:24651599,0,1.0
P32049,gi:18858239,0,0.0
gi:24640689,gi:24648195,0,1.0
P28631,gi:24641209,0,0.0
P49905,P77399,0,0.0
gi:18859825,gi:21355617,0,1.0
gi:17737302,gi:24646001,0,1.0
P91080,gi:24664639,0,0.0
P17276,gi:17137444,0,1.0
P77488,gi:24655490,0,0.0
Q18937,Q23158,0,1.0
P19626,gi:20129751,0,0.0
gi:17647757,gi:24660611,0,1.0
O17641,Q17878,0,1.0
gi:17137800,gi:21357547,0,1.0
P00475,Q9V564,0,0.0
gi:17137752,gi:23397623,0,1.0
gi:17864460,gi:24661662,0,1.0
gi:21357023,gi:24658342,0,1.0
gi:21358131,gi:28574284,0,1.0
P33633,gi:24583332,0,0.0
gi:24585599,gi:24661359,0,1.0
Q9U3Z7,gi:24649427,0,1.0
P10379,gi:21356797,0,1.0
O18203,gi:24664154,0,0.0
gi:24650924,gi:24653350,0,1.0
P03004,gi:24665657,0,0.0
P07183,Q10577,0,0.0
P54733,gi:24642418,0,1.0
P36979,P39177,0,1.0
P04742,Q01069,0,0.0
gi:17136258,gi:24658772,0,1.0
Q9XXC8,gi:24585051,0,0.0
P77734,gi:17137224,0,0.0
Q21746,gi:28571660,0,0.0
P02933,Q19782,0,0.0
gi:24659254,gi:28572977,0,1.0
Q01068,Q01642,0,1.0
gi:19920746,gi:21356801,0,1.0
gi:18921137,gi:24659901,0,1.0
P08630,gi:24654441,0,1.0
gi:24581774,gi:28573278,0,1.0
gi:21358561,gi:24663462,0,1.0
gi:24583751,gi:24639687,0,1.0
Q9XU77,gi:24649755,0,0.0
P22700,gi:21355851,0,1.0
P02354,P19109,0,0.0
gi:24583965,gi:24584828,0,1.0
P02351,gi:19921992,0,0.0
P19538,P76195,0,0.0
P23757,gi:24649735,0,1.0
gi:17136898,gi:17738153,0,1.0
P00955,gi:17137110,0,0.0
O44400,P06961,0,0.0
gi:19922024,gi:24663118,0,1.0
gi:24656820,gi:24666790,0,1.0
P02356,gi:17137240,0,0.0
P06961,P45465,0,1.0
P42908,gi:17737503,0,0.0
P48592,gi:24643303,0,1.0
gi:24663332,gi:28571412,0,1.0
P02392,gi:24656431,0,0.0
P36996,gi:17864428,0,0.0
P00579,gi:19921484,0,0.0
P21893,gi:28574950,0,0.0
P03018,Q9VCE6,0,0.0
gi:24645553,gi:24653096,0,1.0
P52485,gi:28573213,0,1.0
gi:20129579,gi:24659210,0,1.0
P02364,P02843,0,0.0
gi:20130399,gi:24583958,0,1.0
gi:17933528,gi:21356337,0,1.0
gi:24650124,gi:24662431,0,1.0
P02390,gi:24581574,0,0.0
gi:24639172,gi:24662729,0,1.0
gi:19921244,gi:21356031,0,1.0
P36979,gi:24647137,0,0.0
P05389,gi:24644413,0,1.0
P02916,gi:20129481,0,0.0
P34808,gi:24662356,0,0.0
O44226,Q17868,0,0.0
gi:17864622,gi:24640525,0,1.0
P35415,Q9VSS7,0,1.0
P23830,gi:21357817,0,0.0
gi:24643312,gi:28571891,0,1.0
gi:24658040,gi:28573879,0,1.0
P24182,Q19088,0,0.0
gi:20128797,gi:21356441,0,1.0
P08722,gi:18858209,0,0.0
Q18620,Q21952,0,1.0
P10041,Q8MXT6,0,0.0
Q9XX87,gi:24641781,0,0.0
O45521,Q17994,0,1.0
O16797,gi:24644059,0,1.0
O17666,P76492,0,0.0
gi:24656346,gi:28574582,0,1.0
P33930,gi:24583803,0,0.0
P02387,P91820,0,0.0
P34420,gi:21357037,0,0.0
P23852,P37052,0,1.0
gi:24581467,gi:24655756,0,1.0
gi:17136826,gi:21358247,0,1.0
O76579,gi:17136256,0,0.0
P90913,Q21648,0,1.0
Q17728,gi:24582283,0,0.0
P10120,gi:24640973,0,0.0
gi:21355683,gi:21356031,0,1.0
gi:17137754,gi:24648592,0,1.0
gi:17137692,gi:24666282,0,1.0
gi:24639727,gi:28571768,0,1.0
gi:17137452,gi:23397595,0,1.0
gi:19922024,gi:24649952,0,1.0
gi:21358033,gi:28573666,0,1.0
Q20772,Q9VLV5,0,0.0
gi:24648198,gi:24661822,0,1.0
P34604,gi:21357761,0,0.0
P29211,P42325,0,0.0
O45987,gi:24648536,0,0.0
P24245,gi:17136854,0,0.0
gi:19922440,gi:28571100,0,1.0
gi:24643702,gi:24666694,0,1.0
P28905,P33635,0,1.0
P02370,gi:21357653,0,0.0
P23304,gi:24584148,0,0.0
gi:19920706,gi:24652652,0,1.0
P17205,Q17381,0,0.0
gi:24643822,gi:24663292,0,1.0
Q94524,gi:19920688,0,1.0
gi:24639617,gi:24655474,0,1.0
O44490,gi:24649695,0,0.0
P37350,gi:24582205,0,0.0
gi:21357677,gi:24660979,0,1.0
gi:24647385,gi:24668309,0,1.0
Q22179,gi:24583620,0,0.0
P08182,gi:20129151,0,1.0
P23872,gi:24650342,0,0.0
gi:17737425,gi:24643375,0,1.0
P02414,gi:28573278,0,0.0
gi:24581572,gi:24650182,0,1.0
P91277,gi:19920376,0,0.0
P52485,gi:24641156,0,1.0
P10041,gi:24639187,0,1.0
P10041,gi:28571644,0,1.0
gi:24583067,gi:24651763,0,1.0
O17670,Q24311,0,0.0
P20241,gi:24585943,0,1.0
P37765,gi:24644214,0,0.0
gi:24664660,gi:28573729,0,1.0
gi:20428641,gi:24641085,0,1.0
Q23220,gi:24653057,0,0.0
O17898,P09130,0,0.0
P0A6F9,gi:17737425,0,0.0
gi:21357365,gi:24654441,0,1.0
Q94511,gi:24665160,0,1.0
O61351,gi:24638927,0,1.0
Q95QA6,gi:24668026,0,0.0
gi:24646199,gi:24648253,0,1.0
Q9VJV9,gi:32566959,0,0.0
Q95Y97,gi:19920692,0,0.0
Q9U1W5,gi:24639195,0,0.0
Q19816,gi:28573549,0,0.0
gi:19922294,gi:21358121,0,1.0
P31059,gi:28572043,0,0.0
P19673,P34710,0,0.0
gi:17933592,gi:20129451,0,1.0
O17898,gi:24581873,0,0.0
gi:24638766,gi:28574851,0,1.0
P75864,gi:24639657,0,0.0
gi:24643118,gi:24649976,0,1.0
gi:18859867,gi:20128797,0,1.0
gi:17316372,gi:19921984,0,1.0
gi:24762590,gi:28573590,0,1.0
gi:17137732,gi:30923613,0,1.0
P13607,gi:17933532,0,1.0
gi:20129903,gi:28571396,0,1.0
P02996,gi:21357303,0,0.0
gi:24581662,gi:24645608,0,1.0
P43329,gi:28571445,0,0.0
Q22123,gi:19921078,0,0.0
P19538,gi:17738031,0,1.0
P52485,Q24174,0,1.0
Q9Y048,gi:24586344,0,0.0
gi:21355799,gi:24665821,0,1.0
P02349,gi:24582094,0,0.0
Q21554,Q9U297,0,1.0
P20483,Q24572,0,1.0
gi:17137168,gi:24642561,0,1.0
gi:24641732,gi:24658772,0,1.0
Q9VGX3,gi:24639715,0,1.0
Q19294,gi:19921652,0,0.0
P02356,gi:21357743,0,0.0
Q9GYR5,Q9VNE9,0,0.0
gi:21357903,gi:28573597,0,1.0
P37671,gi:20128977,0,0.0
P02386,gi:21356265,0,0.0
Q19762,gi:28573740,0,0.0
P32704,gi:24654441,0,0.0
gi:20130323,gi:23397629,0,1.0
P10041,gi:24660710,0,1.0
Q9XVW8,gi:24645830,0,0.0
P02422,gi:20128863,0,0.0
gi:19920622,gi:19921856,0,1.0
P07906,gi:24584167,0,0.0
gi:19921916,gi:28573252,0,1.0
Q24174,Q9GYJ9,0,0.0
P15278,gi:24646827,0,1.0
P23482,P75936,0,1.0
gi:18858055,gi:18859735,0,1.0
P31222,gi:24651688,0,0.0
P03004,gi:24644214,0,0.0
P36996,Q93230,0,0.0
Q06559,gi:28574316,0,1.0
Q20888,gi:24582813,0,0.0
Q17539,gi:17137724,0,0.0
gi:19922172,gi:24581314,0,1.0
P36663,Q24400,0,0.0
O46106,gi:19920866,0,1.0
P21513,gi:28571947,0,0.0
gi:24650814,gi:28573563,0,1.0
P11455,gi:24658342,0,1.0
P16921,gi:24645774,0,0.0
gi:24581787,gi:24647648,0,1.0
gi:18859947,gi:24640188,0,1.0
gi:21355577,gi:24651703,0,1.0
gi:24585033,gi:24649564,0,1.0
Q94920,gi:21358119,0,1.0
gi:18543289,gi:22024283,0,1.0
Q23312,gi:24582643,0,0.0
P02392,gi:24585240,0,0.0
gi:24583396,gi:24638845,0,1.0
gi:19921362,gi:19922024,0,1.0
gi:21357181,gi:24643702,0,1.0
P23892,Q9VC49,0,0.0
Q9NAD6,gi:18543289,0,0.0
P10987,gi:21355535,0,1.0
gi:24649935,gi:28574635,0,1.0
P21774,gi:24663664,0,0.0
Q9U2R6,gi:24665950,0,0.0
gi:21357037,gi:24650771,0,1.0
gi:17553208,gi:24645951,0,0.0
P02930,P06722,0,1.0
gi:24652897,gi:28573278,0,1.0
P38979,gi:18859961,0,1.0
Q22179,gi:17985985,0,0.0
gi:21358247,gi:24661707,0,1.0
P33635,gi:19920688,0,0.0
gi:21355361,gi:21355677,0,1.0
Q9TX74,gi:24655153,0,1.0
gi:20128797,gi:24659552,0,1.0
P0A6N1,gi:24650208,0,0.0
P02339,P42550,0,1.0
gi:17647815,gi:24664979,0,1.0
P06710,gi:24585679,0,0.0
Q9XW13,gi:24642517,0,0.0
gi:24585245,gi:24639885,0,1.0
O77051,gi:24653667,0,1.0
gi:21356083,gi:24668321,0,1.0
gi:18858073,gi:24667089,0,1.0
gi:17554366,gi:24664191,0,0.0
P17276,gi:24646434,0,1.0
gi:21356561,gi:24658206,0,1.0
gi:19921262,gi:24582294,0,1.0
gi:24640689,gi:24654872,0,1.0
Q9XTM1,gi:21355653,0,1.0
P06002,gi:24650924,0,1.0
gi:21357817,gi:24657732,0,1.0
P08324,gi:24582306,0,0.0
P91199,gi:24639218,0,0.0
gi:19922030,gi:24583803,0,1.0
gi:24639715,gi:24649025,0,1.0
P36573,Q8WQG5,0,1.0
gi:24639301,gi:24656342,0,1.0
Q9XU12,gi:17647523,0,0.0
gi:24640531,gi:24647516,0,1.0
P02427,gi:24653584,0,0.0
P02990,gi:17864128,0,0.0
P42184,gi:24656785,0,0.0
O16797,gi:24645091,0,1.0
Q10923,gi:24646782,0,0.0
P21774,gi:24666886,0,0.0
O17670,gi:24582219,0,0.0
P02378,P75864,0,1.0
P23892,gi:24762491,0,0.0
P35676,gi:24584547,0,1.0
P02411,P02517,0,0.0
gi:19921312,gi:21357919,0,1.0
gi:18857945,gi:21356033,0,1.0
Q22020,Q93353,0,1.0
Q9XVA3,gi:24639649,0,0.0
P18133,gi:24665583,0,0.0
P06710,gi:28574249,0,0.0
O76447,gi:24666753,0,0.0
gi:24642799,gi:28574726,0,1.0
gi:18859761,gi:24653350,0,1.0
gi:24586307,gi:24662431,0,1.0
gi:24641788,gi:28574726,0,1.0
P75829,gi:24646199,0,0.0
gi:17647653,gi:20129565,0,1.0
P36540,P36997,0,1.0
Q19372,gi:24651156,0,0.0
Q9W1Y7,gi:20301936,0,1.0
P05552,gi:21355555,0,1.0
Q10923,gi:21355581,0,0.0
gi:21357477,gi:24647008,0,1.0
gi:24655606,gi:28558744,0,1.0
gi:20129967,gi:24650346,0,1.0
gi:21356061,gi:28573850,0,1.0
P13519,gi:24650847,0,0.0
gi:21357653,gi:24653649,0,1.0
gi:19921306,gi:24642430,0,1.0
gi:24650420,gi:24655187,0,1.0
P02409,gi:28574582,0,0.0
P03818,gi:19922746,0,0.0
gi:17137620,gi:24661140,0,1.0
O61819,gi:24658375,0,0.0
gi:24582094,gi:24656938,0,1.0
gi:19920738,gi:22026880,0,1.0
P30856,gi:19922144,0,0.0
gi:24582757,gi:24655850,0,1.0
Q20084,Q9VLP3,0,0.0
P15032,gi:17137536,0,0.0
gi:21355923,gi:24581205,0,1.0
P02518,gi:24582154,0,1.0
gi:24640295,gi:24650208,0,1.0
gi:24647905,gi:28573937,0,1.0
gi:17986155,gi:24651247,0,1.0
Q24251,gi:17137454,0,1.0
P02341,gi:28571447,0,0.0
P11455,P25888,0,0.0
Q9XTH8,gi:24642808,0,0.0
P13054,gi:24663548,0,1.0
Q93410,gi:24638845,0,0.0
Q9XTM1,gi:28572018,0,1.0
gi:18858137,gi:28571481,0,1.0
P02388,gi:28573278,0,0.0
gi:19922670,gi:21357927,0,1.0
Q21361,gi:21358247,0,0.0
gi:24586307,gi:24656168,0,1.0
gi:19921752,gi:20130261,0,1.0
O44732,gi:21356743,0,0.0
P23380,gi:19920682,0,1.0
gi:19921312,gi:21357875,0,1.0
P28909,gi:17864162,0,0.0
P23869,Q9VYD7,0,0.0
P02387,gi:24641567,0,0.0
gi:21356957,gi:28571623,0,1.0
O62332,gi:19922640,0,0.0
O01739,Q9TZ39,0,1.0
gi:17647581,gi:20128797,0,1.0
P02410,gi:17136294,0,0.0
P23282,gi:24585499,0,0.0
P02423,gi:24583134,0,0.0
P28909,gi:21357037,0,0.0
gi:20129485,gi:21356415,0,1.0
P02339,Q95QZ7,0,0.0
gi:20129113,gi:24667472,0,1.0
gi:17136506,gi:24648010,0,1.0
Q22544,Q23158,0,1.0
P02359,gi:24654441,0,0.0
gi:19920866,gi:20129357,0,1.0
P26612,P37191,0,1.0
P02378,gi:21356727,0,0.0
P47209,gi:21357547,0,0.0
Q95XM4,gi:24644468,0,0.0
P02349,gi:24645515,0,0.0
O02194,Q21513,0,0.0
P02341,gi:24649169,0,0.0
P0A6N1,gi:24652842,0,0.0
P21346,P30745,0,1.0
Q02330,gi:20129437,0,0.0
Q9W2U9,gi:28573125,0,1.0
gi:24586058,gi:24643110,0,1.0
gi:24581248,gi:24642261,0,1.0
Q22227,gi:24664458,0,0.0
gi:24642565,gi:24663250,0,1.0
P02423,gi:21358569,0,0.0
P41374,gi:24660826,0,1.0
P52487,Q95RI5,0,1.0
P02363,gi:24639782,0,0.0
gi:24585626,gi:24643106,0,1.0
Q17732,gi:21356595,0,0.0
gi:21357817,gi:24648294,0,1.0
O62078,gi:20129433,0,0.0
gi:24641251,gi:28573563,0,1.0
P15277,P52037,0,1.0
P19538,P34808,0,0.0
gi:21355491,gi:28571569,0,1.0
P03819,P04993,0,1.0
gi:24580900,gi:32563802,0,0.0
Q9NA78,gi:24644372,0,0.0
gi:24641294,gi:24648592,0,1.0
gi:17136762,gi:21355441,0,1.0
Q94524,Q9XUV5,0,0.0
Q9GYG1,gi:24657747,0,0.0
gi:24646017,gi:24653350,0,1.0
P06977,gi:24665950,0,0.0
Q9XVW8,gi:20128797,0,0.0
gi:21358101,gi:24638625,0,1.0
gi:24654644,gi:24656486,0,1.0
P77574,gi:24638571,0,0.0
P91001,gi:22023997,0,0.0
Q9NJH0,gi:19921286,0,1.0
Q9VHY5,gi:24582746,0,1.0
P08646,gi:24658229,0,1.0
P19538,gi:19921232,0,1.0
P31409,gi:24643497,0,1.0
gi:21356397,gi:21357951,0,1.0
O01869,gi:24645902,0,0.0
O77430,gi:24652930,0,1.0
O17267,Q9XWG3,0,1.0
Q24564,gi:19921442,0,1.0
P36573,gi:24640158,0,0.0
Q9NAD6,gi:19922556,0,0.0
P02375,gi:28571678,0,0.0
P32130,P77398,0,1.0
gi:17137188,gi:20129579,0,1.0
O44750,gi:24581004,0,0.0
P50465,gi:28573549,0,0.0
Q17339,Q21134,0,1.0
Q9BL58,gi:24644468,0,0.0
gi:19921596,gi:19922382,0,1.0
Q8T0S6,gi:17864428,0,1.0
O76924,P02422,0,0.0
Q18594,gi:24642168,0,0.0
gi:24650284,gi:24664458,0,1.0
P02414,gi:30923711,0,0.0
P55162,gi:24586371,0,1.0
gi:25151901,gi:28571987,0,0.0
P25540,gi:24656486,0,0.0
P02369,Q06559,0,0.0
gi:17137488,gi:24655888,0,1.0
P02392,gi:24663664,0,0.0
P21645,gi:17137572,0,0.0
P91401,gi:24657961,0,0.0
O61218,P32049,0,0.0
gi:17647723,gi:19922904,0,1.0
P02342,gi:20129835,0,0.0
gi:24638894,gi:28573401,0,1.0
gi:24643497,gi:24662048,0,1.0
gi:21358149,gi:28573393,0,1.0
Q9XWH5,gi:24642261,0,0.0
P45962,gi:24643413,0,0.0
gi:24583607,gi:24642884,0,1.0
gi:24583894,gi:24642233,0,1.0
P27305,gi:24642363,0,0.0
O01686,gi:28574385,0,0.0
P32679,gi:24585156,0,0.0
O62619,P23696,0,1.0
P11455,gi:24639414,0,1.0
Q95QA6,gi:17553438,0,1.0
Q9W1Y1,gi:24661166,0,1.0
gi:21355219,gi:21356339,0,1.0
P03842,gi:24646485,0,0.0
gi:17137188,gi:28573662,0,1.0
P52108,gi:24641790,0,0.0
gi:24650340,gi:24655153,0,1.0
gi:17647645,gi:21356645,0,1.0
P02369,P09097,0,1.0
P77395,gi:28573207,0,0.0
P27290,gi:19922382,0,0.0
gi:17648095,gi:24661432,0,1.0
O16500,gi:24640971,0,0.0
gi:24645216,gi:24661166,0,1.0
Q21648,Q8INW0,0,0.0
gi:17136748,gi:24582306,0,1.0
P02409,gi:24645053,0,0.0
O62271,P75825,0,0.0
P41884,gi:14018161,0,1.0
Q21361,gi:24584415,0,0.0
P03815,gi:28573662,0,0.0
P08936,Q9NGT3,0,0.0
gi:24583012,gi:24583291,0,1.0
gi:19920344,gi:21355719,0,1.0
P14734,gi:21356995,0,1.0
gi:17137370,gi:18857963,0,1.0
P04287,gi:24580513,0,0.0
Q20933,gi:18543225,0,0.0
P07012,P07186,0,0.0
P75829,gi:24638894,0,0.0
gi:17136646,gi:17137386,0,1.0
gi:24650714,gi:24664660,0,1.0
P55841,gi:21687092,0,1.0
P00822,gi:24762837,0,0.0
P15364,gi:24660416,0,1.0
gi:24640172,gi:24642363,0,1.0
gi:24643209,gi:24653096,0,1.0
P55035,gi:17737727,0,1.0
gi:20128911,gi:24663861,0,1.0
gi:24660923,gi:24662155,0,1.0
P02420,gi:24583894,0,0.0
P39299,gi:21955284,0,0.0
P00824,gi:21356575,0,0.0
gi:24646001,gi:24663336,0,1.0
P04475,P05796,0,1.0
P03815,gi:24655187,0,0.0
P17276,gi:24655644,0,1.0
P50465,gi:19920406,0,0.0
Q9W3R7,gi:24655991,0,1.0
P05690,gi:19921596,0,0.0
P52083,gi:28573125,0,0.0
gi:19920696,gi:20130199,0,1.0
P02366,P28689,0,1.0
gi:24654912,gi:24664023,0,1.0
gi:19922620,gi:24641555,0,1.0
gi:17136608,gi:28558744,0,1.0
O16581,O62619,0,0.0
gi:24649175,gi:24652897,0,1.0
gi:19920978,gi:19922604,0,1.0
P29464,gi:24651006,0,0.0
gi:21357743,gi:24667917,0,1.0
gi:20129563,gi:24648615,0,1.0
gi:18859953,gi:24640426,0,1.0
gi:21355683,gi:28573310,0,1.0
Q06559,gi:24582224,0,1.0
P13395,gi:17136212,0,1.0
O45922,gi:24640426,0,0.0
P76072,gi:24644797,0,0.0
P02414,gi:24653298,0,0.0
gi:24642517,gi:24648207,0,1.0
Q94420,gi:21357105,0,0.0
gi:24641567,gi:24651006,0,1.0
P00575,gi:17647939,0,0.0
P08985,gi:28574939,0,1.0
gi:24582212,gi:24657782,0,1.0
Q19374,gi:24650294,0,0.0
gi:24655502,gi:28573512,0,1.0
P34605,gi:17137644,0,0.0
gi:24641689,gi:28574707,0,1.0
P02990,Q01842,0,0.0
P42287,Q95YI9,0,0.0
P08866,gi:24648522,0,0.0
Q95QA6,gi:21358259,0,0.0
P22523,gi:24648828,0,0.0
P25539,gi:28573662,0,0.0
Q20676,gi:17648133,0,0.0
Q20483,gi:24646968,0,0.0
P19538,Q18938,0,0.0
P02424,P21168,0,1.0
O77427,Q965Q1,0,0.0
P45393,gi:17136608,0,0.0
P15038,P29310,0,0.0
Q21431,gi:24651579,0,0.0
gi:17647425,gi:20130049,0,1.0
gi:19920344,gi:19921566,0,1.0
gi:18921137,gi:28574582,0,1.0
P24250,gi:20130249,0,0.0
Q23389,gi:21358467,0,0.0
gi:24641553,gi:24656205,0,1.0
O45603,gi:17136608,0,0.0
Q24133,gi:24656574,0,1.0
gi:24657160,gi:24667703,0,1.0
P91419,gi:24582918,0,0.0
Q21592,gi:21358401,0,0.0
gi:17647245,gi:19920668,0,1.0
Q17878,gi:24642484,0,0.0
gi:20130085,gi:24581842,0,1.0
P17963,gi:24642461,0,0.0
P37765,P40320,0,0.0
gi:17137150,gi:24585767,0,1.0
P08394,P20083,0,1.0
P16378,gi:19921710,0,1.0
gi:21358131,gi:24652999,0,1.0
gi:17136968,gi:17647979,0,1.0
Q9U405,gi:24640855,0,1.0
gi:19922726,gi:24642543,0,1.0
P20083,Q23983,0,0.0
gi:19922324,gi:24641921,0,1.0
gi:24645745,gi:24648444,0,1.0
P08622,gi:24647343,0,0.0
gi:17553966,gi:24582281,0,0.0
gi:17137680,gi:24639715,0,1.0
gi:24648387,gi:24657218,0,1.0
P07019,gi:24660246,0,0.0
P17169,gi:28573729,0,0.0
P31805,gi:24656247,0,0.0
Q9TZ39,gi:28571515,0,0.0
Q17850,gi:21358625,0,0.0
P07655,gi:28573167,0,0.0
P10441,gi:17738243,0,0.0
P02436,P02990,0,1.0
P17113,gi:28573549,0,0.0
P20432,Q17878,0,0.0
P02356,gi:24639548,0,0.0
P24182,gi:24582205,0,0.0
O16453,gi:19922382,0,0.0
P32679,Q8MQ18,0,0.0
gi:24658707,gi:24666886,0,1.0
P08756,gi:20130331,0,0.0
P04475,Q17581,0,0.0
P50887,gi:20130049,0,1.0
P39178,gi:24581572,0,0.0
P32679,gi:24648264,0,0.0
gi:21357643,gi:24643303,0,1.0
gi:21355099,gi:21356815,0,1.0
gi:19922418,gi:24655245,0,1.0
gi:18857975,gi:21357711,0,1.0
P00575,gi:24644293,0,0.0
gi:17137568,gi:33285206,0,0.0
P91283,gi:24646689,0,0.0
P08177,gi:28572018,0,0.0
gi:21357305,gi:24666240,0,1.0
P41829,Q09510,0,1.0
gi:17737425,gi:24654441,0,1.0
Q24404,gi:24640578,0,1.0
Q19436,gi:28572129,0,0.0
Q9V564,gi:20129433,0,1.0
Q07327,gi:24649039,0,1.0
P00575,P39299,0,1.0
gi:17137764,gi:17137794,0,1.0
P25528,gi:24658927,0,0.0
P25521,gi:24583041,0,0.0
O61208,gi:24646797,0,0.0
P50880,gi:21357761,0,0.0
P02392,P21499,0,1.0
gi:24651579,gi:28574443,0,1.0
P02384,P10440,0,1.0
O44424,gi:24649200,0,1.0
Q9TXH9,gi:24661872,0,0.0
P02422,P10408,0,1.0
P23845,gi:24658452,0,0.0
Q20173,gi:24640672,0,0.0
P08177,gi:21356927,0,0.0
gi:24582458,gi:24661625,0,1.0
P05389,gi:28571955,0,1.0
P27430,Q06559,0,0.0
gi:24650248,gi:24657230,0,1.0
P10484,gi:28573937,0,0.0
Q18646,gi:19920576,0,0.0
gi:24640704,gi:24655121,0,1.0
P14825,gi:21358185,0,0.0
gi:17864566,gi:24653057,0,1.0
P02418,P05389,0,0.0
P00577,gi:19920406,0,0.0
P02369,gi:24644250,0,0.0
Q961V5,gi:20128841,0,1.0
P08186,gi:28571147,0,0.0
P10083,gi:24642547,0,1.0
Q22522,gi:24584798,0,0.0
P13685,gi:21355815,0,0.0
P49906,gi:21355917,0,1.0
Q24117,gi:24639220,0,1.0
P02839,gi:21357875,0,1.0
gi:21357761,gi:24644057,0,1.0
P77522,gi:19920978,0,0.0
P02422,gi:24664652,0,0.0
gi:24580809,gi:24662288,0,1.0
Q9NEN6,gi:24580680,0,0.0
P15716,gi:24665154,0,0.0
gi:21356481,gi:24640289,0,1.0
P02996,gi:28574635,0,0.0
P02369,gi:21355507,0,0.0
P33918,gi:24649797,0,0.0
gi:20130377,gi:24643777,0,1.0
P21889,Q95QA6,0,0.0
P00482,gi:24582219,0,0.0
P05055,gi:24665657,0,0.0
P03002,gi:24654843,0,0.0
P42287,gi:18859903,0,1.0
gi:19921778,gi:21358175,0,1.0
Q24154,gi:24646199,0,1.0
P23909,Q9N3F1,0,0.0
O18404,gi:24644093,0,1.0
gi:24638625,gi:24651395,0,1.0
Q22174,gi:24648840,0,0.0
gi:18858161,gi:24581542,0,1.0
P21645,gi:24643497,0,0.0
O16011,gi:17738007,0,1.0
P02428,gi:21357801,0,0.0
gi:17136294,gi:24640119,0,1.0
gi:21357701,gi:24584835,0,1.0
gi:19920688,gi:24650971,0,1.0
O02053,O16130,0,0.0
gi:17137452,gi:24651926,0,1.0
P02351,gi:17137454,0,0.0
P52485,Q11103,0,0.0
gi:24649795,gi:24667760,0,1.0
P76551,gi:24642214,0,0.0
gi:17864264,gi:24647137,0,1.0
Q21281,gi:24643207,0,0.0
gi:24639044,gi:24647638,0,1.0
P14734,gi:24648198,0,1.0
P19538,Q17958,0,0.0
gi:24663664,gi:24666886,0,1.0
P22257,gi:24641302,0,0.0
gi:19922010,gi:24644293,0,1.0
P02378,gi:20129967,0,0.0
gi:17136378,gi:24640777,0,1.0
Q9VXX8,gi:20129731,0,1.0
gi:24653385,gi:28571900,0,1.0
P16659,gi:20129095,0,0.0
O18302,gi:21355917,0,0.0
P77302,gi:24664652,0,0.0
gi:24642233,gi:24646318,0,1.0
P19934,P34739,0,0.0
Q20632,gi:17136748,0,0.0
gi:24651454,gi:24654843,0,1.0
Q9N5A6,gi:17738153,0,0.0
gi:24582879,gi:24667917,0,1.0
O18640,gi:24646970,0,1.0
Q22237,Q22306,0,1.0
P02416,P54357,0,0.0
gi:21357017,gi:24644987,0,1.0
Q8T0S6,gi:24665489,0,1.0
Q9NAH3,gi:24640973,0,0.0
gi:17647125,gi:24644390,0,1.0
gi:21356191,gi:28573549,0,1.0
Q19007,gi:21357147,0,0.0
P02386,gi:24586193,0,0.0
gi:24665154,gi:28571965,0,1.0
gi:24584030,gi:24654914,0,1.0
O02289,gi:20129853,0,0.0
O44783,gi:24580809,0,1.0
P07028,P23757,0,0.0
Q22251,Q9N582,0,1.0
P00391,gi:24654372,0,0.0
P28689,gi:24580817,0,0.0
Q17728,gi:21687194,0,0.0
Q9TZ88,gi:17137386,0,0.0
gi:17136968,gi:24649741,0,1.0
P02844,gi:24647823,0,1.0
gi:17137536,gi:24658721,0,1.0
gi:17136934,gi:24582116,0,1.0
gi:24648284,gi:24649618,0,1.0
P33633,gi:24640167,0,0.0
gi:19921294,gi:24638876,0,1.0
P10981,P11028,0,0.0
P45464,gi:28573308,0,0.0
gi:24642074,gi:24658719,0,1.0
gi:17864350,gi:21358201,0,1.0
P02342,gi:24642301,0,0.0
Q8I7I0,gi:19922526,0,0.0
O17555,gi:24639187,0,0.0
Q20062,gi:24651703,0,0.0
gi:24643702,gi:24659028,0,1.0
Q9XWG3,gi:24663246,0,0.0
P40796,gi:24654441,0,1.0
gi:24659834,gi:24665950,0,1.0
P25867,Q9N4J6,0,0.0
P23844,P33353,0,1.0
Q23985,gi:24666096,0,1.0
P28909,gi:21355167,0,0.0
Q17396,gi:23397524,0,0.0
gi:17737433,gi:24582294,0,1.0
gi:20129705,gi:24642867,0,1.0
P21507,gi:24582006,0,0.0
P52084,gi:17738243,0,0.0
P02370,gi:24647143,0,0.0
gi:24638976,gi:24645446,0,1.0
P31009,Q9XUM4,0,0.0
P17276,gi:19921238,0,1.0
P08936,gi:28571396,0,0.0
P23830,gi:24643516,0,0.0
gi:24643312,gi:24652842,0,1.0
gi:19921912,gi:24641148,0,1.0
P17276,gi:24653422,0,1.0
P02359,gi:24650924,0,0.0
P18197,gi:28573207,0,0.0
gi:24643312,gi:24662946,0,1.0
Q18646,gi:21357897,0,0.0
Q9TZ39,Q9U2H4,0,1.0
P18502,Q9TZA7,0,0.0
Q46930,gi:17136212,0,0.0
gi:17647757,gi:24652892,0,1.0
P25397,gi:18859635,0,0.0
P21914,gi:24639299,0,1.0
P02390,gi:28571819,0,0.0
O62020,Q09581,0,1.0
O16364,Q20455,0,1.0
P21346,gi:21356031,0,0.0
gi:20130417,gi:24643110,0,1.0
gi:17933524,gi:24585242,0,1.0
Q17886,gi:24584645,0,0.0
P23243,gi:24643447,0,0.0
P22523,Q19294,0,0.0
P22525,gi:24641209,0,0.0
gi:19922418,gi:24582172,0,1.0
gi:17136920,gi:17864566,0,1.0
gi:21686989,gi:24655153,0,1.0
P07004,gi:24643207,0,0.0
gi:24646009,gi:28574875,0,1.0
P00574,P77349,0,1.0
gi:20129025,gi:24582306,0,1.0
gi:24641357,gi:25149417,0,0.0
P33995,gi:18921137,0,0.0
O02056,gi:24649169,0,0.0
gi:18859891,gi:24641798,0,1.0
P15082,P29310,0,0.0
Q9W5R8,gi:24650420,0,1.0
P91943,Q20103,0,0.0
Q22799,gi:24645306,0,0.0
P34383,gi:32564813,0,1.0
gi:24640430,gi:24651303,0,1.0
P17276,gi:24648615,0,1.0
P04475,gi:23397524,0,0.0
P45428,P48593,0,0.0
P00575,gi:24638702,0,0.0
gi:17137620,gi:21357917,0,1.0
P22523,gi:24586371,0,0.0
Q94920,gi:28573684,0,1.0
gi:17136692,gi:24640233,0,1.0
Q9VD25,gi:24648042,0,1.0
gi:21358379,gi:24656769,0,1.0
P24210,gi:19922100,0,0.0
gi:21355379,gi:24644797,0,1.0
Q20655,gi:24667063,0,0.0
Q18033,Q9U329,0,1.0
P00892,Q04787,0,0.0
P02419,P29209,0,1.0
O18640,P48603,0,1.0
gi:17864630,gi:21357211,0,1.0
Q9VG82,gi:21355729,0,1.0
P48149,gi:24649214,0,1.0
Q09584,gi:17137804,0,0.0
P00391,gi:24639347,0,0.0
gi:24665583,gi:28571819,0,1.0
gi:24649345,gi:24650311,0,1.0
gi:17865642,gi:21355379,0,1.0
gi:24654950,gi:24659901,0,1.0
gi:24650584,gi:28571447,0,1.0
P42287,gi:24580813,0,1.0
P22523,gi:21357211,0,0.0
Q18937,Q23017,0,1.0
gi:24644642,gi:24666524,0,1.0
O62195,gi:28573311,0,0.0
gi:24640285,gi:24661359,0,1.0
P36995,gi:28574249,0,0.0
P17205,gi:21356815,0,1.0
P39745,gi:17136216,0,0.0
gi:17559072,gi:19920344,0,0.0
Q9TZA7,gi:21355125,0,0.0
Q9N3P1,gi:24649755,0,0.0
gi:17648069,gi:21357761,0,1.0
gi:18543285,gi:24645058,0,1.0
P32125,gi:24646485,0,0.0
Q17878,gi:24653035,0,0.0
gi:24581165,gi:28571820,0,1.0
P20083,gi:24584545,0,0.0
P02341,P24210,0,1.0
P54812,gi:17136256,0,0.0
P07187,Q9VGX3,0,1.0
gi:17136728,gi:24667726,0,1.0
gi:19921246,gi:24640635,0,1.0
Q9NAH3,gi:32566451,0,1.0
gi:21358587,gi:24581939,0,1.0
O16695,gi:18543283,0,0.0
gi:24643516,gi:24650356,0,1.0
Q93716,gi:24650984,0,0.0
gi:17136898,gi:24650658,0,1.0
P09835,Q18668,0,0.0
gi:17137344,gi:24639496,0,1.0
P42171,gi:24653385,0,0.0
P46824,gi:24668563,0,1.0
O01301,P52713,0,1.0
gi:17137732,gi:24664257,0,1.0
gi:21356743,gi:24651920,0,1.0
P07666,P45972,0,0.0
gi:19922498,gi:24639299,0,1.0
P37163,gi:21357683,0,0.0
P13519,Q9W4P5,0,0.0
P06612,Q9VI10,0,0.0
P36241,P52126,0,0.0
gi:24585803,gi:24650248,0,1.0
gi:17864630,gi:28571396,0,1.0
P05838,gi:24664191,0,0.0
Q8IAA7,gi:24639448,0,0.0
gi:24584043,gi:24645184,0,1.0
P15048,gi:24585990,0,0.0
P02927,gi:17137296,0,0.0
P02409,gi:21357023,0,0.0
Q24174,gi:24583965,0,1.0
P34808,gi:24585147,0,0.0
gi:17535689,gi:24667207,0,0.0
gi:19921312,gi:24659341,0,1.0
P30856,gi:17137344,0,0.0
gi:17998687,gi:24649214,0,1.0
P19018,gi:24638845,0,1.0
P30750,gi:24581719,0,0.0
P02428,gi:24643303,0,0.0
P08936,gi:19921076,0,0.0
gi:19921264,gi:24666894,0,1.0
gi:24650758,gi:24656486,0,1.0
P06143,gi:24650747,0,0.0
P02414,gi:28573264,0,0.0
gi:17647557,gi:24656486,0,1.0
P28692,gi:24656262,0,0.0
gi:24655577,gi:24659041,0,1.0
Q9W5R8,gi:24660176,0,1.0
Q9TZ39,gi:24663481,0,0.0
gi:24582909,gi:24647233,0,1.0
gi:24642884,gi:24668642,0,1.0
gi:21356743,gi:24650284,0,1.0
gi:24643394,gi:28573347,0,1.0
gi:17136862,gi:24582383,0,1.0
gi:21355513,gi:24666434,0,1.0
gi:24641431,gi:24665469,0,1.0
gi:18860537,gi:24666323,0,1.0
Q20420,gi:21355537,0,0.0
Q18171,gi:24581089,0,0.0
P00482,gi:24655850,0,0.0
gi:24667546,gi:24668206,0,1.0
gi:24641919,gi:28573403,0,1.0
gi:17998687,gi:21355081,0,1.0
gi:24644250,gi:24651454,0,1.0
Q23985,gi:19921992,0,1.0
O77051,gi:18543299,0,1.0
P00574,Q9GSX9,0,0.0
Q9VSS2,gi:24647704,0,1.0
Q9VWR5,gi:19922444,0,1.0
P17580,Q24133,0,0.0
P13445,gi:24666240,0,0.0
gi:24582283,gi:24652112,0,1.0
P07487,Q04787,0,1.0
gi:20130249,gi:24585943,0,1.0
P02356,P22807,0,0.0
gi:20428641,gi:24650202,0,1.0
P25540,gi:24664257,0,0.0
P16371,Q95RI5,0,1.0
P00574,gi:32566959,0,0.0
O45799,gi:24667285,0,0.0
gi:19920604,gi:24581838,0,1.0
P06958,P39408,0,1.0
Q9NAD6,gi:17136720,0,0.0
P23282,P33930,0,1.0
gi:24650658,gi:24653649,0,1.0
gi:24639715,gi:24650420,0,1.0
gi:19922746,gi:24649820,0,1.0
Q8T0S6,gi:21357113,0,1.0
gi:18858043,gi:24652897,0,1.0
P53501,gi:28571108,0,1.0
gi:24582333,gi:24583292,0,1.0
P45567,gi:17137696,0,0.0
gi:18859939,gi:28574443,0,1.0
P11455,gi:24648828,0,1.0
gi:24585215,gi:28573965,0,1.0
P13008,gi:24582034,0,1.0
P15038,gi:24668309,0,0.0
P36635,Q9XUS3,0,0.0
P33635,Q9XTC2,0,0.0
gi:24581719,gi:24638591,0,1.0
P42632,Q9U3S0,0,0.0
Q21319,gi:24654101,0,0.0
gi:24655245,gi:25151713,0,0.0
P11876,gi:17136588,0,0.0
O96840,Q95X41,0,0.0
gi:24647638,gi:25144646,0,0.0
P16568,gi:24581467,0,1.0
Q20845,gi:28572036,0,0.0
P91928,Q09485,0,0.0
P19538,Q17539,0,0.0
P23830,gi:19921230,0,0.0
P33918,Q24564,0,0.0
P08756,gi:21357915,0,0.0
gi:24582741,gi:24648828,0,1.0
gi:18859807,gi:24658370,0,1.0
P32679,gi:24662626,0,0.0
gi:24643118,gi:24655474,0,1.0
O17445,gi:24649996,0,1.0
P15319,Q9TYV7,0,0.0
P33666,gi:25150348,0,0.0
P02943,P17577,0,1.0
gi:23397629,gi:24645709,0,1.0
P29310,gi:24652946,0,1.0
gi:24639649,gi:24659755,0,1.0
gi:18859665,gi:21355729,0,1.0
gi:17137752,gi:23397595,0,1.0
Q19587,gi:21356629,0,0.0
P75767,gi:20129649,0,0.0
Q20332,Q8MQ88,0,1.0
gi:22026880,gi:24663889,0,1.0
gi:21356777,gi:24647597,0,1.0
gi:21355511,gi:28572043,0,1.0
gi:24638750,gi:24651939,0,1.0
P41829,Q9TYX3,0,1.0
O77051,gi:24653614,0,1.0
P33138,gi:24649695,0,0.0
Q17417,Q21813,0,1.0
P02996,gi:28571108,0,0.0
P07187,gi:21356475,0,1.0
gi:24650348,gi:24662753,0,1.0
Q9XWH0,gi:21356859,0,0.0
P30871,gi:24648824,0,0.0
O45604,gi:19921778,0,0.0
gi:24584144,gi:24642543,0,1.0
Q9XU77,gi:28571900,0,0.0
P18391,gi:24641340,0,0.0
P36564,Q9XZT6,0,0.0
P02390,gi:23397623,0,0.0
P02356,gi:28572043,0,0.0
P08324,gi:24667917,0,0.0
gi:18859859,gi:24649080,0,1.0
gi:17137454,gi:21358175,0,1.0
O17670,Q9TXI4,0,1.0
O17353,gi:24653538,0,0.0
Q17539,gi:28573173,0,0.0
P07183,gi:24665821,0,1.0
P04475,gi:17647979,0,0.0
P02425,gi:17864566,0,0.0
P09089,Q8MSF5,0,1.0
P35421,gi:21357761,0,1.0
P05055,Q9VVX3,0,0.0
P23758,gi:17137558,0,1.0
P10443,gi:24641831,0,0.0
gi:24645026,gi:24648010,0,1.0
P48605,gi:24649183,0,1.0
P22257,P36979,0,1.0
gi:24646498,gi:28574516,0,1.0
Q20712,gi:24664284,0,0.0
P07016,gi:24650356,0,0.0
gi:19920906,gi:24649078,0,1.0
gi:24582104,gi:28572092,0,1.0
P0A6F5,gi:24584736,0,0.0
P90985,gi:24667207,0,0.0
P36879,Q8I7I0,0,0.0
P02843,Q18043,0,0.0
gi:24648942,gi:28573173,0,1.0
Q9W1C9,gi:24647609,0,1.0
P13238,Q19019,0,0.0
P00391,gi:24643447,0,0.0
P54622,Q9XWP6,0,0.0
gi:17136294,gi:24644797,0,1.0
P24255,gi:24648536,0,0.0
gi:24583944,gi:24647609,0,1.0
Q9XU77,gi:24655474,0,0.0
gi:21357761,gi:24648936,0,1.0
Q9XU80,gi:24665469,0,0.0
gi:17137752,gi:19920354,0,1.0
P15038,gi:20129433,0,0.0
Q9NAE1,gi:21358351,0,0.0
P00577,gi:21357363,0,0.0
gi:24582628,gi:24762755,0,1.0
P02370,gi:19922310,0,0.0
gi:19920354,gi:21357721,0,1.0
gi:17136732,gi:24650771,0,1.0
O44437,gi:28574146,0,1.0
gi:21356995,gi:24642543,0,1.0
gi:24585027,gi:28573662,0,1.0
P0A6F5,gi:21357797,0,0.0
gi:21356441,gi:24585387,0,1.0
gi:19920688,gi:21356093,0,1.0
gi:19922100,gi:28571279,0,1.0
gi:24585053,gi:24638750,0,1.0
P11147,gi:17136728,0,1.0
P06959,Q93721,0,0.0
gi:24584126,gi:24662650,0,1.0
P17330,gi:24655228,0,0.0
gi:21355917,gi:24647120,0,1.0
Q27350,gi:24663523,0,1.0
gi:17136368,gi:18859825,0,1.0
gi:24644145,gi:24649427,0,1.0
P28632,gi:17137452,0,0.0
Q22676,gi:17137420,0,0.0
P02375,P19538,0,0.0
O16580,gi:21356025,0,0.0
gi:24642715,gi:28573264,0,1.0
P02843,gi:17137454,0,1.0
P13519,gi:17137692,0,0.0
gi:22024283,gi:28574638,0,1.0
P28159,gi:24665331,0,1.0
P13479,P45890,0,0.0
O45934,gi:24582283,0,0.0
P33998,P75767,0,1.0
P18391,gi:19920692,0,0.0
gi:18543271,gi:24644057,0,1.0
gi:24653743,gi:25150846,0,0.0
P15038,gi:20128901,0,0.0
gi:21358551,gi:28573729,0,1.0
P32168,gi:18858125,0,0.0
Q00963,gi:19921122,0,1.0
P22058,gi:24648198,0,1.0
Q23646,gi:24647058,0,0.0
gi:21687200,gi:24645177,0,1.0
gi:19922458,gi:24586328,0,1.0
Q24404,Q9W553,0,1.0
gi:18859953,gi:24585132,0,1.0
gi:17137572,gi:28573125,0,1.0
Q9VHB6,gi:17137760,0,1.0
gi:17647427,gi:25148095,0,0.0
Q95QA6,gi:24646190,0,0.0
gi:24663481,gi:24666579,0,1.0
P02843,gi:24667258,0,1.0
O16797,Q9V7P1,0,1.0
gi:18543215,gi:21356383,0,1.0
gi:21355719,gi:24652733,0,1.0
P06136,gi:24639218,0,0.0
Q20002,gi:24643118,0,0.0
gi:24582746,gi:24650126,0,1.0
P15277,P32147,0,1.0
gi:21355075,gi:24646297,0,1.0
gi:17556801,gi:21357591,0,0.0
gi:21355577,gi:24582746,0,1.0
O46036,O77430,0,1.0
gi:21355125,gi:24656982,0,1.0
gi:21356815,gi:24648942,0,1.0
P00364,Q9VFP1,0,0.0
Q9U310,gi:21356957,0,0.0
P07682,gi:24643447,0,0.0
P02425,gi:24654441,0,0.0
gi:18860539,gi:21355851,0,1.0
Q9VH39,gi:24646434,0,1.0
P02378,gi:28574009,0,0.0
gi:24666323,gi:28573963,0,1.0
Q8T053,gi:24667353,0,1.0
Q24404,gi:24638978,0,1.0
P02388,gi:21358161,0,0.0
gi:22024283,gi:24645581,0,1.0
P00575,gi:24647759,0,0.0
gi:19920922,gi:24645476,0,1.0
gi:24644617,gi:24647885,0,1.0
P19538,P54811,0,0.0
P06002,gi:19920436,0,1.0
P02409,gi:24645653,0,0.0
P02388,Q9XU77,0,0.0
gi:21355083,gi:24650074,0,1.0
gi:21356741,gi:24645053,0,1.0
Q46930,gi:28571660,0,0.0
P55035,gi:24651963,0,1.0
gi:17864162,gi:24664458,0,1.0
gi:22024288,gi:24583134,0,1.0
P02835,Q18426,0,0.0
P23938,gi:20128927,0,1.0
gi:17136728,gi:20128985,0,1.0
Q06559,gi:21358103,0,1.0
gi:17647685,gi:24652842,0,1.0
Q21633,gi:18859869,0,0.0
P02389,gi:24662753,0,0.0
P06982,gi:24651688,0,0.0
P19245,gi:24585795,0,0.0
P02342,gi:24639508,0,0.0
P75978,gi:24641760,0,0.0
P02341,gi:24641148,0,0.0
Q18036,gi:24649564,0,0.0
P33025,gi:24650248,0,0.0
P22807,gi:24582918,0,1.0
gi:19921530,gi:24642261,0,1.0
P28905,gi:24650311,0,0.0
P91419,gi:28573655,0,0.0
O16130,Q94523,0,1.0
O45666,gi:24586176,0,0.0
P75829,gi:24664627,0,0.0
gi:18859929,gi:28574744,0,1.0
P08999,Q05856,0,0.0
P31805,gi:24648828,0,0.0
P02356,P42325,0,0.0
P13468,Q19201,0,0.0
P02358,gi:19920436,0,0.0
Q8MYP3,gi:24641788,0,0.0
O76908,P00579,0,0.0
P29052,gi:21355383,0,1.0
P33930,gi:24663657,0,0.0
P07671,gi:22024201,0,0.0
gi:24584534,gi:24642543,0,1.0
P32130,gi:21358103,0,0.0
P02834,Q9XUQ4,0,0.0
gi:17137398,gi:17137608,0,1.0
O18302,gi:24661707,0,0.0
P08401,gi:24666619,0,0.0
gi:24647942,gi:24649663,0,1.0
O61231,P07187,0,1.0
P19109,gi:21355507,0,1.0
gi:20129835,gi:21358471,0,1.0
P00490,P08570,0,0.0
P02996,gi:24646386,0,0.0
Q17635,Q19275,0,1.0
P37774,gi:17647589,0,0.0
P17580,Q24260,0,0.0
gi:24639681,gi:24655170,0,1.0
O01382,gi:24580809,0,1.0
P02361,gi:24582006,0,0.0
Q9TVJ1,gi:17648125,0,0.0
gi:24580996,gi:24639687,0,1.0
P77734,gi:18859671,0,0.0
gi:24584090,gi:24642367,0,1.0
gi:21687092,gi:32566959,0,0.0
gi:21356031,gi:28572963,0,1.0
P10333,P17334,0,0.0
P05055,gi:24665784,0,0.0
P17288,gi:24762726,0,0.0
Q9VCE6,gi:21355537,0,1.0
P19245,gi:21356743,0,0.0
Q9VSS7,gi:28574950,0,1.0
gi:20129181,gi:24657292,0,1.0
Q24206,gi:21356995,0,1.0
gi:17137616,gi:24651339,0,1.0
Q9BL19,gi:21357091,0,0.0
gi:19921312,gi:21357915,0,1.0
gi:24640570,gi:24652650,0,1.0
gi:24585353,gi:24644735,0,1.0
P29209,Q02360,0,0.0
Q24564,Q9TZ39,0,0.0
gi:18858137,gi:24651212,0,1.0
gi:18859825,gi:21355923,0,1.0
Q9TYS8,gi:24646972,0,0.0
Q8T0S6,gi:24641921,0,1.0
gi:17998687,gi:24648255,0,1.0
P08928,gi:24580914,0,1.0
P27305,gi:24584643,0,0.0
gi:24661826,gi:28571356,0,1.0
gi:18858007,gi:24651612,0,1.0
gi:21358025,gi:24659451,0,1.0
gi:28571341,gi:31746604,0,0.0
gi:24652999,gi:24665661,0,1.0
P00574,gi:21356415,0,0.0
P30856,gi:24583498,0,0.0
P08985,gi:21355923,0,1.0
gi:24585156,gi:28572997,0,1.0
P15364,gi:19921950,0,1.0
P45579,Q21832,0,0.0
P77400,Q9GSX9,0,0.0
P02990,gi:18543273,0,0.0
P28689,gi:17737425,0,0.0
P23304,gi:28573264,0,0.0
gi:21355521,gi:21357315,0,1.0
P14374,gi:24641090,0,0.0
Q59431,gi:24650084,0,0.0
gi:24641449,gi:24650747,0,1.0
P42003,gi:24640777,0,1.0
P21507,gi:17553966,0,0.0
gi:20129061,gi:24640570,0,1.0
gi:17137538,gi:28571412,0,1.0
Q21746,gi:24640527,0,0.0
gi:24583827,gi:24651339,0,1.0
P02356,Q09485,0,0.0
P02386,P02516,0,0.0
P54356,gi:24582096,0,1.0
Q9U1Q2,gi:24583557,0,0.0
gi:21355909,gi:28572997,0,1.0
P02990,Q95YI9,0,0.0
gi:24581854,gi:24647468,0,1.0
gi:17136780,gi:24639448,0,1.0
O02056,gi:24654688,0,0.0
gi:18859891,gi:24584102,0,1.0
P55828,gi:24644390,0,1.0
gi:20130425,gi:21357953,0,1.0
Q24570,gi:17998687,0,1.0
O61828,gi:24649039,0,0.0
P24184,gi:18921137,0,0.0
P28244,P91043,0,0.0
gi:24663462,gi:28572129,0,1.0
P36564,gi:21355717,0,0.0
Q94524,gi:24582339,0,1.0
gi:20128863,gi:28571955,0,1.0
gi:19921700,gi:21357817,0,1.0
P77488,gi:19922220,0,0.0
P33666,gi:28574582,0,0.0
P45571,gi:17136778,0,0.0
gi:20129841,gi:28571789,0,1.0
Q17359,gi:24645150,0,0.0
gi:24649665,gi:28572057,0,1.0
P24991,P34604,0,0.0
gi:19921482,gi:24643106,0,1.0
gi:22026831,gi:28574860,0,1.0
Q08012,gi:24582592,0,1.0
gi:24640903,gi:24646001,0,1.0
P02349,P02390,0,1.0
Q9TZ39,gi:24641198,0,0.0
gi:24581155,gi:28571762,0,1.0
gi:21358161,gi:24665733,0,1.0
gi:17738153,gi:24665657,0,1.0
P29746,gi:23397595,0,1.0
gi:24582212,gi:24762376,0,1.0
P40417,gi:21355683,0,1.0
P02349,P11147,0,0.0
Q9TZA7,gi:24583294,0,0.0
P15277,gi:24649007,0,0.0
P13607,P34563,0,0.0
gi:19921738,gi:28573604,0,1.0
P25171,gi:24647779,0,1.0
gi:24663246,gi:28574764,0,1.0
Q18320,gi:24657218,0,0.0
Q8MSF5,gi:24650660,0,1.0
P54745,gi:20128811,0,0.0
gi:24580839,gi:24646860,0,1.0
gi:24645425,gi:24655228,0,1.0
Q22227,gi:28571479,0,0.0
Q23150,gi:17554384,0,1.0
gi:21355777,gi:24643702,0,1.0
P23304,gi:17137760,0,0.0
P45527,gi:24583929,0,0.0
gi:17738103,gi:24643447,0,1.0
P28630,Q9N4G8,0,0.0
O45784,gi:21358033,0,0.0
gi:24643729,gi:24655474,0,1.0
P02428,gi:24662753,0,0.0
P27862,gi:20130199,0,0.0
P16921,P29310,0,0.0
P02843,P17579,0,0.0
gi:28571762,gi:28573563,0,1.0
gi:24664327,gi:28573291,0,1.0
Q9XYN7,gi:21355909,0,1.0
O18302,gi:24649427,0,0.0
Q95XM4,gi:24662231,0,0.0
Q9NA25,gi:24639124,0,0.0
Q21344,gi:24649345,0,0.0
Q03334,gi:20130417,0,1.0
gi:17647723,gi:24585715,0,1.0
P34611,gi:24640510,0,0.0
Q9N4N2,gi:20130125,0,0.0
Q9V8K2,gi:24668091,0,1.0
Q9XTH8,gi:24644819,0,0.0
Q9NAN2,gi:28573631,0,0.0
gi:18859635,gi:21355909,0,1.0
gi:24644214,gi:24762726,0,1.0
P24229,gi:24663263,0,0.0
gi:21357105,gi:24665657,0,1.0
P39184,P76085,0,1.0
P28909,gi:24664257,0,0.0
P15082,gi:24640430,0,0.0
P02390,P19109,0,0.0
gi:21358471,gi:24667117,0,1.0
gi:19921648,gi:24649519,0,1.0
O17214,gi:30923613,0,0.0
P77734,gi:24651935,0,0.0
gi:24583264,gi:24655474,0,1.0
gi:21356209,gi:28574875,0,1.0
P02372,Q9VG82,0,0.0
gi:21355851,gi:24650536,0,1.0
P06603,gi:24583901,0,1.0
P06612,gi:24641660,0,0.0
Q19902,Q8T053,0,0.0
gi:17136258,gi:24645869,0,1.0
Q8IGR0,gi:21357903,0,1.0
O18289,gi:28574249,0,0.0
gi:20129347,gi:24642016,0,1.0
gi:21355911,gi:28574726,0,1.0
P77302,gi:19922526,0,0.0
O02065,gi:24642615,0,0.0
Q21319,gi:24645384,0,0.0
P13445,gi:24641280,0,0.0
P00575,gi:28573195,0,0.0
gi:17864162,gi:24638708,0,1.0
gi:24582879,gi:24585316,0,1.0
gi:24762558,gi:28574635,0,1.0
P00892,gi:17647755,0,0.0
P14374,gi:24640785,0,0.0
P02349,gi:21358085,0,0.0
P22807,gi:24581314,0,1.0
P18502,P36996,0,0.0
P55828,gi:19921976,0,1.0
Q9TZQ3,gi:17137642,0,0.0
gi:18859971,gi:24653708,0,1.0
P00957,gi:24646908,0,0.0
P42184,Q01644,0,0.0
gi:21356041,gi:24658342,0,1.0
gi:18859953,gi:28574851,0,1.0
gi:24660611,gi:24666096,0,1.0
Q01642,Q03334,0,1.0
P00577,P90868,0,0.0
P37175,gi:24666524,0,0.0
Q94883,gi:21358103,0,1.0
gi:19921422,gi:24664132,0,1.0
gi:21356481,gi:24642808,0,1.0
gi:24646928,gi:24648294,0,1.0
P15330,Q95017,0,0.0
O96860,gi:19920692,0,1.0
gi:24639548,gi:24654769,0,1.0
gi:17137454,gi:24652762,0,1.0
gi:17737503,gi:18543301,0,1.0
gi:24652235,gi:28571644,0,1.0
P36996,gi:24582306,0,0.0
gi:18543215,gi:21358325,0,1.0
gi:21358139,gi:24652180,0,1.0
Q9VGI8,gi:20128797,0,1.0
Q22227,gi:24647141,0,0.0
gi:21358175,gi:24662231,0,1.0
gi:24640982,gi:24651703,0,1.0
gi:19921346,gi:21355719,0,1.0
P21645,gi:20129859,0,0.0
P25521,gi:24649564,0,0.0
P02339,gi:28573631,0,0.0
P31805,gi:24663325,0,0.0
P02420,gi:24651339,0,0.0
P40320,gi:18859817,0,1.0
P90745,gi:19922870,0,0.0
P03815,P24190,0,1.0
P15069,Q21036,0,0.0
P31009,gi:24585880,0,1.0
gi:20129403,gi:20130399,0,1.0
P75767,gi:24585079,0,0.0
gi:18857963,gi:21357057,0,1.0
P02379,gi:21355851,0,0.0
P00574,gi:19920798,0,0.0
gi:24585616,gi:24663043,0,1.0
P04475,gi:19921932,0,0.0
gi:19921554,gi:28574555,0,1.0
Q24564,gi:24668091,0,1.0
gi:24642476,gi:24666587,0,1.0
gi:21355383,gi:24651028,0,1.0
Q9XTM1,gi:24582606,0,1.0
P76195,gi:23308611,0,0.0
P06998,gi:21357321,0,0.0
gi:21357417,gi:24583427,0,1.0
gi:19921850,gi:28573549,0,1.0
Q02360,gi:24640689,0,1.0
Q94226,gi:21357915,0,0.0
O17169,Q17539,0,1.0
P02352,gi:28573549,0,0.0
P03002,gi:24654595,0,0.0
Q8T053,gi:17352479,0,1.0
gi:24645653,gi:28572158,0,1.0
P33636,Q22459,0,0.0
gi:24665154,gi:28572055,0,1.0
P32052,gi:24642517,0,0.0
P31803,gi:24642301,0,0.0
P02359,gi:24662431,0,0.0
P02389,P07682,0,1.0
gi:24646972,gi:28573604,0,1.0
gi:17137344,gi:28571412,0,1.0
gi:24655034,gi:24667917,0,1.0
gi:21357667,gi:24642884,0,1.0
Q18885,Q95QA6,0,1.0
P36996,gi:28573970,0,0.0
gi:24640635,gi:24650263,0,1.0
P29464,P48603,0,0.0
P15330,Q17458,0,0.0
gi:21357309,gi:21357817,0,1.0
P76193,gi:24654899,0,0.0
gi:24642662,gi:24643586,0,1.0
P91419,gi:21357099,0,0.0
P02408,gi:18858205,0,0.0
P02351,gi:24663011,0,0.0
gi:19922936,gi:21357761,0,1.0
P31009,gi:24655502,0,1.0
gi:24586474,gi:24667876,0,1.0
gi:24646232,gi:24652725,0,1.0
O45198,P09160,0,0.0
P04475,Q9N4P3,0,0.0
gi:17647755,gi:24583279,0,1.0
gi:17864566,gi:21355757,0,1.0
P07183,gi:24664979,0,1.0
gi:17137568,gi:21356073,0,1.0
P15038,gi:24666053,0,0.0
Q21493,gi:21358535,0,0.0
P53997,gi:18921139,0,1.0
gi:24658206,gi:24662518,0,1.0
gi:21357001,gi:24638591,0,1.0
gi:24584974,gi:24656137,0,1.0
Q17935,gi:24580513,0,0.0
gi:24656938,gi:24657590,0,1.0
P31409,gi:19921312,0,1.0
gi:24581939,gi:24639299,0,1.0
gi:19922670,gi:24640482,0,1.0
Q20676,gi:19921274,0,0.0
P51123,gi:20128985,0,1.0
P91080,Q9U9Y8,0,1.0
gi:24659060,gi:24662431,0,1.0
gi:24645528,gi:24654996,0,1.0
gi:24643702,gi:24649250,0,1.0
P11604,gi:32566959,0,0.0
P77391,gi:28574720,0,0.0
O61843,gi:24641626,0,0.0
P05690,gi:22024071,0,0.0
gi:19922544,gi:21357841,0,1.0
gi:24583803,gi:24643755,0,1.0
O16130,P25539,0,0.0
gi:17647699,gi:24582032,0,1.0
P21914,gi:24582339,0,1.0
O16364,P02436,0,0.0
gi:17864350,gi:24648294,0,1.0
P28692,gi:20128847,0,0.0
P17205,gi:24582370,0,1.0
Q24141,gi:24662288,0,1.0
gi:24648207,gi:24666913,0,1.0
P45890,gi:24640117,0,1.0
O76579,Q9NGT3,0,1.0
P02425,gi:24640855,0,0.0
P02424,gi:24586033,0,0.0
gi:17647757,gi:21358103,0,1.0
P02423,gi:24582879,0,0.0
gi:21357113,gi:21358201,0,1.0
O02195,gi:19921458,0,1.0
gi:17864476,gi:17985985,0,1.0
P36979,gi:24665469,0,0.0
gi:17137092,gi:24648444,0,1.0
P77500,Q46894,0,1.0
P76037,gi:17137760,0,0.0
P02824,gi:28574830,0,1.0
Q20655,gi:19921002,0,0.0
P12282,gi:21355581,0,0.0
gi:17556801,gi:17647979,0,0.0
gi:24653385,gi:24660544,0,1.0
P15716,gi:18543289,0,0.0
Q8IN81,gi:28572965,0,1.0
Q9V3S0,gi:21357417,0,1.0
gi:24581314,gi:24650553,0,1.0
Q18529,gi:24645300,0,0.0
Q59384,gi:24762808,0,0.0
P03004,gi:24639681,0,0.0
P24196,gi:24654578,0,0.0
gi:24640683,gi:24649059,0,1.0
gi:20129731,gi:24640701,0,1.0
Q9N565,gi:24666323,0,0.0
gi:24641831,gi:24648207,0,1.0
Q27350,gi:19921138,0,1.0
Q95YI5,gi:24642517,0,1.0
gi:19921156,gi:24655121,0,1.0
O61208,gi:24644057,0,0.0
Q9XX14,gi:18859961,0,0.0
O45734,P07019,0,0.0
P40320,gi:19921380,0,1.0
O01482,P18471,0,0.0
gi:24643715,gi:24654017,0,1.0
gi:21357817,gi:24581339,0,1.0
P21461,gi:19920568,0,1.0
P36241,gi:24662155,0,1.0
gi:24638691,gi:24649087,0,1.0
gi:21355673,gi:24583264,0,1.0
P07187,gi:24665154,0,1.0
Q9VCR6,gi:24582168,0,1.0
P10983,gi:20130125,0,0.0
P02389,P10443,0,1.0
gi:17136728,gi:17137572,0,1.0
P34331,gi:24582172,0,0.0
gi:18543215,gi:24638754,0,1.0
P24190,gi:20130175,0,0.0
P17210,gi:24584835,0,1.0
gi:17137572,gi:24585242,0,1.0
P02388,gi:24648010,0,0.0
P23890,gi:21356713,0,0.0
Q17975,gi:19921294,0,0.0
Q22174,gi:24646611,0,0.0
P00955,gi:24762726,0,0.0
O45666,gi:24584219,0,0.0
P02436,gi:24654934,0,0.0
P00579,gi:24643755,0,0.0
P28630,gi:19920912,0,0.0
gi:20129901,gi:24580716,0,1.0
gi:20128797,gi:20129563,0,1.0
Q9XWH0,gi:18858035,0,0.0
gi:17536565,gi:23308611,0,0.0
P36996,gi:24642125,0,0.0
P24167,Q95Q26,0,0.0
P22563,gi:24583208,0,0.0
P02418,P34673,0,0.0
Q21225,gi:24647233,0,0.0
P02356,gi:24650747,0,0.0
gi:17137694,gi:19921002,0,1.0
P08186,gi:24647942,0,0.0
gi:24652999,gi:24655985,0,1.0
Q9VLP3,gi:21358201,0,1.0
P14081,Q00963,0,0.0
P25539,P48149,0,0.0
P16921,gi:23397621,0,0.0
O45521,gi:24583312,0,0.0
Q23158,gi:21357995,0,0.0
Q9U3I4,gi:28571891,0,0.0
gi:24644349,gi:28574529,0,1.0
gi:24662650,gi:28574851,0,1.0
gi:24658229,gi:24659829,0,1.0
gi:17137752,gi:19921778,0,1.0
gi:17136692,gi:24646017,0,1.0
gi:24651303,gi:28573926,0,1.0
Q9XUC9,gi:24638571,0,0.0
Q9XVE6,gi:24650346,0,0.0
P02429,gi:24651451,0,0.0
gi:21355085,gi:24647385,0,1.0
gi:17136378,gi:24586305,0,1.0
P00034,P15042,0,0.0
gi:24582224,gi:24585053,0,1.0
gi:20129859,gi:20130345,0,1.0
Q24141,gi:24651173,0,1.0
Q17878,gi:24639524,0,0.0
P02351,Q9N4Z2,0,0.0
P13097,gi:17864398,0,1.0
gi:21356601,gi:28574443,0,1.0
Q01642,Q23237,0,0.0
Q17695,Q19294,0,1.0
P02392,gi:24646011,0,0.0
O44635,gi:19923048,0,0.0
P02990,P07909,0,0.0
Q23985,Q9N4P3,0,0.0
gi:21355513,gi:21357483,0,1.0
P02408,gi:24644207,0,0.0
P46941,Q20981,0,1.0
gi:21356995,gi:24639496,0,1.0
gi:17136746,gi:19921140,0,1.0
O44872,gi:24639715,0,0.0
gi:24640578,gi:24649035,0,1.0
P22634,gi:28574707,0,0.0
P39453,gi:28571615,0,0.0
gi:24582339,gi:24651339,0,1.0
gi:24647168,gi:24656644,0,1.0
P24210,gi:24667238,0,0.0
gi:20129967,gi:21355803,0,1.0
O16797,P00955,0,0.0
O77051,P18835,0,0.0
P76316,gi:24651185,0,0.0
O16393,gi:21357417,0,0.0
P25521,gi:24651212,0,0.0
gi:18858147,gi:19920984,0,1.0
Q20803,gi:24582172,0,0.0
gi:21356069,gi:24660989,0,1.0
gi:18859631,gi:24642367,0,1.0
gi:24583256,gi:28573590,0,1.0
gi:21357919,gi:24659986,0,1.0
gi:21355909,gi:21358081,0,1.0
gi:18860099,gi:24647468,0,1.0
gi:24581484,gi:24650348,0,1.0
gi:24580674,gi:24657877,0,1.0
Q10577,Q9V597,0,0.0
P02923,P06277,0,1.0
Q9VSS2,gi:24648592,0,1.0
P18487,gi:24582306,0,1.0
Q22551,gi:17738007,0,0.0
gi:24646516,gi:24650124,0,1.0
gi:24648195,gi:24653350,0,1.0
P02420,P08177,0,1.0
gi:19921802,gi:24643634,0,1.0
Q22510,gi:24639354,0,0.0
P76072,Q21319,0,0.0
P02356,Q02361,0,0.0
gi:24645457,gi:24662672,0,1.0
Q93694,Q9XWH0,0,1.0
gi:20129853,gi:21358551,0,1.0
P09168,gi:24650924,0,0.0
Q24564,gi:24653649,0,1.0
O45293,gi:19920706,0,0.0
gi:24582212,gi:24644242,0,1.0
gi:19920776,gi:24654782,0,1.0
P54356,gi:24582224,0,1.0
Q24570,gi:17136608,0,1.0
P02416,P02422,0,1.0
gi:24643817,gi:24648207,0,1.0
P32049,Q9VSS2,0,0.0
P14734,Q18240,0,0.0
O18640,gi:24651265,0,1.0
gi:24641156,gi:24642303,0,1.0
P13395,P37634,0,0.0
P48603,gi:24639368,0,1.0
P34420,Q27297,0,0.0
gi:17136830,gi:28571762,0,1.0
gi:17136864,gi:20128985,0,1.0
P15372,P36573,0,0.0
O16370,gi:21357417,0,0.0
gi:19920798,gi:29570425,0,0.0
Q9V5L3,gi:24582224,0,1.0
P11876,gi:17647503,0,0.0
P14825,gi:28573278,0,0.0
P03005,P10413,0,1.0
gi:24648905,gi:24652630,0,1.0
gi:18543215,gi:24661625,0,1.0
P30625,gi:24762781,0,0.0
O17670,gi:24666186,0,0.0
gi:17557035,gi:24580680,0,0.0
P21513,gi:24662753,0,0.0
O45934,gi:28571447,0,0.0
P36659,gi:28574443,0,0.0
P34686,Q18668,0,1.0
gi:19920922,gi:19921104,0,1.0
Q18076,gi:24654595,0,0.0
Q22227,gi:19920696,0,0.0
P17276,gi:24656982,0,1.0
gi:18858161,gi:18859703,0,1.0
P45890,gi:17864394,0,1.0
O16011,gi:24641957,0,1.0
P02370,P07183,0,0.0
gi:20129835,gi:24651364,0,1.0
gi:24662048,gi:28573561,0,1.0
gi:22024201,gi:24582306,0,1.0
gi:24583427,gi:24645053,0,1.0
gi:19920912,gi:24648461,0,1.0
gi:24641280,gi:28573264,0,1.0
Q9W5R8,gi:24585943,0,1.0
P91929,Q93321,0,0.0
O77051,gi:24652930,0,1.0
P23830,gi:24654934,0,0.0
P20153,gi:24655245,0,1.0
P00579,gi:24664423,0,0.0
P11876,gi:20129859,0,0.0
P91249,gi:18859931,0,0.0
gi:17554366,gi:24648010,0,0.0
P37163,gi:24663118,0,0.0
P17210,gi:24644592,0,1.0
P21507,gi:24583134,0,0.0
P21893,Q24276,0,0.0
Q9NAM6,gi:24664399,0,0.0
P36997,gi:24646638,0,0.0
gi:24582006,gi:28574303,0,1.0
gi:24638591,gi:24639885,0,1.0
P02379,Q9U252,0,0.0
P07682,gi:23397621,0,0.0
gi:24639144,gi:24642543,0,1.0
gi:24654843,gi:24664458,0,1.0
gi:24581155,gi:24642021,0,1.0
O44783,Q9U2M7,0,0.0
gi:21356661,gi:24582212,0,1.0
P22939,Q95QC4,0,0.0
gi:17137760,gi:28574726,0,1.0
P36241,gi:24668658,0,1.0
P02411,gi:24667845,0,0.0
P39299,gi:24580765,0,0.0
O44739,gi:24651351,0,0.0
P39199,Q8IGR0,0,0.0
P17210,gi:24643106,0,1.0
P91820,gi:24646073,0,0.0
P02834,gi:28573278,0,1.0
P22257,gi:24642719,0,0.0
gi:18859891,gi:18860011,0,1.0
gi:24664191,gi:24665229,0,1.0
O02108,Q9V5L3,0,0.0
gi:24642168,gi:28573975,0,1.0
gi:24638868,gi:24641056,0,1.0
gi:24645208,gi:24645902,0,1.0
P02517,gi:24583067,0,1.0
P91401,gi:19921554,0,0.0
Q9XTS1,gi:24583854,0,0.0
gi:18859665,gi:24639687,0,1.0
Q17339,gi:24583666,0,0.0
P28691,gi:20130151,0,0.0
gi:19920586,gi:24651629,0,1.0
P02369,gi:17137802,0,0.0
gi:17998687,gi:18859929,0,1.0
P29742,P41093,0,1.0
gi:20129579,gi:23397598,0,1.0
P25553,gi:24641790,0,0.0
gi:24640233,gi:24654540,0,1.0
gi:24580914,gi:24646001,0,1.0
Q01083,gi:21357019,0,1.0
P02436,gi:19922144,0,0.0
P28635,gi:24639715,0,0.0
Q02748,gi:24664979,0,1.0
Q19813,gi:26080381,0,0.0
Q95XS8,gi:21355923,0,0.0
P07682,gi:24643303,0,0.0
P77319,P92201,0,0.0
gi:28571234,gi:32563802,0,0.0
gi:19920912,gi:21357339,0,1.0
P17579,gi:24643345,0,0.0
P00946,gi:24648755,0,0.0
Q20347,Q20654,0,1.0
P31009,gi:17136258,0,1.0
P25539,gi:24668103,0,0.0
P02372,P23023,0,0.0
Q02361,gi:24646829,0,1.0
P06710,gi:24649820,0,0.0
P45889,gi:24645902,0,1.0
gi:24648966,gi:24664105,0,1.0
gi:17530825,gi:21355125,0,1.0
gi:17136864,gi:21357959,0,1.0
P35676,gi:24667089,0,1.0
O97125,P91820,0,0.0
gi:24640777,gi:24649327,0,1.0
gi:21955276,gi:28574860,0,1.0
gi:17137452,gi:24655228,0,1.0
gi:24641085,gi:24644626,0,1.0
gi:19922764,gi:21357817,0,1.0
gi:19921036,gi:21358025,0,1.0
Q19813,Q9XUQ4,0,1.0
P23304,Q02361,0,0.0
Q9GYJ9,gi:24582499,0,0.0
gi:24649109,gi:24650346,0,1.0
gi:17137586,gi:22026959,0,1.0
P03844,gi:24585024,0,0.0
gi:24581429,gi:24645026,0,1.0
P15038,gi:24663246,0,0.0
gi:21355995,gi:24638750,0,1.0
Q95Y97,gi:17738139,0,0.0
P18487,gi:20129291,0,1.0
gi:21357369,gi:24668504,0,1.0
gi:17647979,gi:22024288,0,1.0
gi:17556801,gi:24652112,0,0.0
P28909,gi:28574851,0,0.0
P42325,gi:18860011,0,1.0
P15278,P34652,0,0.0
gi:21357037,gi:28571445,0,1.0
gi:24653667,gi:24668631,0,1.0
P11420,gi:24640806,0,1.0
gi:21357269,gi:22024201,0,1.0
Q9V8K2,gi:24657052,0,1.0
gi:24643286,gi:24649183,0,1.0
gi:19920344,gi:24642670,0,1.0
gi:24656959,gi:24662729,0,1.0
P77741,gi:19920776,0,0.0
P13519,gi:24643081,0,0.0
Q93700,gi:24580572,0,0.0
P02387,gi:21358427,0,0.0
P39199,gi:24640855,0,0.0
O17445,gi:28573018,0,1.0
P17276,gi:19920776,0,1.0
gi:18543285,gi:19922820,0,1.0
gi:17647723,gi:24648896,0,1.0
gi:24584835,gi:24659210,0,1.0
P48987,gi:24662672,0,1.0
P12758,gi:17137300,0,0.0
Q21746,gi:24645515,0,0.0
P33995,gi:24580513,0,0.0
gi:19920436,gi:24643209,0,1.0
Q9V8K2,gi:24640713,0,1.0
P00647,Q95Q26,0,0.0
gi:24639506,gi:28574735,0,1.0
gi:17530857,gi:18859961,0,1.0
O96827,gi:28574009,0,1.0
gi:17137710,gi:24762594,0,1.0
P29132,gi:24665229,0,0.0
gi:19920746,gi:24643755,0,1.0
Q9TZ39,gi:21356909,0,0.0
P46824,gi:19920826,0,1.0
P02354,P21507,0,1.0
Q95QX3,gi:28573115,0,0.0
P36540,gi:24651599,0,0.0
gi:21358101,gi:24582283,0,1.0
P02364,P17719,0,0.0
P76092,gi:24656262,0,0.0
Q9W4P5,gi:24649564,0,1.0
gi:21355657,gi:30923711,0,1.0
gi:18859973,gi:28573115,0,1.0
Q9XWX7,gi:22024206,0,0.0
gi:24650584,gi:24656785,0,1.0
P06277,gi:24656431,0,0.0
P41886,gi:28574555,0,0.0
gi:18858161,gi:19922418,0,1.0
P77329,gi:24653061,0,0.0
P06964,gi:21356221,0,0.0
P05050,gi:24583515,0,0.0
P09997,gi:24643312,0,0.0
gi:24654522,gi:28573207,0,1.0
gi:20129641,gi:24665485,0,1.0
P18775,Q9TZ39,0,0.0
O61390,Q965X6,0,1.0
Q9VJV9,gi:24585132,0,1.0
P02352,P24991,0,1.0
gi:24649236,gi:24656297,0,1.0
P09491,Q9VSS7,0,1.0
Q9TZ39,gi:24659362,0,0.0
P02372,P02389,0,1.0
gi:24653031,gi:28573949,0,1.0
gi:20128797,gi:21357875,0,1.0
Q9NHP1,gi:24649236,0,1.0
gi:24647909,gi:24665583,0,1.0
gi:17737881,gi:24654082,0,1.0
O17670,gi:24644345,0,0.0
gi:24581572,gi:24647572,0,1.0
O62195,gi:28571955,0,0.0
gi:21355537,gi:24653385,0,1.0
gi:24644422,gi:32566959,0,0.0
P42902,gi:24584030,0,0.0
Q9TZ39,gi:24641673,0,0.0
P36573,Q94160,0,1.0
P31473,gi:24646928,0,0.0
P32052,gi:23397595,0,0.0
P23757,gi:30923711,0,1.0
gi:24650530,gi:24658206,0,1.0
P09625,gi:24656553,0,0.0
P00379,gi:24647468,0,0.0
gi:17933722,gi:24641831,0,1.0
O44732,gi:24639124,0,0.0
Q966E8,gi:24641689,0,0.0
gi:24654325,gi:24654383,0,1.0
P06002,gi:17511075,0,0.0
gi:21358161,gi:24643151,0,1.0
Q9U307,gi:24584017,0,0.0
gi:18858189,gi:19920706,0,1.0
P0A6N1,gi:24585880,0,0.0
Q8SZ06,gi:25150348,0,0.0
P00482,gi:24640430,0,0.0
P19538,gi:18860055,0,1.0
P25867,gi:24667063,0,1.0
P00391,gi:19922100,0,0.0
P23304,gi:19920984,0,0.0
Q60150,gi:28572043,0,0.0
gi:18859973,gi:19920696,0,1.0
gi:21357905,gi:24645148,0,1.0
P06134,P16371,0,0.0
gi:24653385,gi:28573820,0,1.0
P15277,gi:20130247,0,0.0
P02369,P02421,0,1.0
P76503,gi:21357683,0,0.0
gi:24653912,gi:28571176,0,1.0
gi:24640525,gi:24649427,0,1.0
gi:19921002,gi:20130049,0,1.0
gi:17737503,gi:22024141,0,1.0
Q9U1W8,gi:19922274,0,0.0
gi:24641302,gi:24646199,0,1.0
gi:24652386,gi:24762594,0,1.0
Q9NES0,gi:18860545,0,0.0
P41092,gi:19921672,0,1.0
Q24117,gi:24648173,0,1.0
P06982,gi:21357151,0,0.0
gi:19922206,gi:24652652,0,1.0
gi:17137168,gi:20130193,0,1.0
P36573,gi:24648302,0,0.0
P00580,Q17935,0,0.0
P49041,gi:28571447,0,0.0
P77215,gi:22024201,0,0.0
P02901,gi:24663228,0,0.0
P03002,gi:18921137,0,0.0
gi:19920846,gi:24646916,0,1.0
gi:24649078,gi:24660611,0,1.0
gi:17137344,gi:24665144,0,1.0
gi:19921326,gi:24661140,0,1.0
gi:21357017,gi:24639649,0,1.0
Q22886,gi:24652733,0,0.0
gi:24644057,gi:25152251,0,0.0
Q9TZ39,gi:17864608,0,0.0
gi:24653708,gi:24660416,0,1.0
gi:20130345,gi:24650342,0,1.0
O01482,P15364,0,0.0
P77215,gi:21357455,0,0.0
Q9W4P5,gi:24640855,0,1.0
P10440,gi:24646318,0,0.0
gi:24581310,gi:24653649,0,1.0
gi:24584997,gi:24652686,0,1.0
gi:18543215,gi:19921672,0,1.0
P91015,gi:21358333,0,0.0
gi:17137168,gi:20129859,0,1.0
Q20207,gi:20130151,0,0.0
gi:24638571,gi:24649820,0,1.0
gi:24645053,gi:24645942,0,1.0
gi:24581686,gi:24659210,0,1.0
Q9TXP2,gi:24667285,0,0.0
P33635,gi:18859953,0,0.0
gi:24652463,gi:24665661,0,1.0
gi:21355327,gi:21355521,0,1.0
P19538,gi:24654144,0,1.0
Q24117,gi:24642229,0,1.0
gi:19920688,gi:24641555,0,1.0
Q01644,gi:24654540,0,1.0
P09097,gi:24667063,0,0.0
gi:24639548,gi:28573893,0,1.0
gi:24640635,gi:24645300,0,1.0
P52054,gi:24662243,0,0.0
O02327,gi:24650284,0,0.0
O62622,gi:24644797,0,1.0
Q24141,Q9VGI8,0,1.0
gi:24655568,gi:24662143,0,1.0
Q9BL19,gi:17137220,0,0.0
Q17746,gi:24762519,0,0.0
gi:21358029,gi:24641831,0,1.0
Q03601,gi:19920866,0,0.0
P21774,gi:24642267,0,0.0
P13030,P16905,0,0.0
Q9TYX3,Q9W4P5,0,0.0
P76104,gi:19922026,0,0.0
gi:24640672,gi:24653598,0,1.0
P36659,gi:24581719,0,0.0
gi:24580841,gi:28572057,0,1.0
Q19433,gi:24643066,0,0.0
gi:21687092,gi:24643497,0,1.0
P02990,gi:24652770,0,0.0
gi:18543183,gi:24642808,0,1.0
P11349,gi:24648095,0,0.0
P09152,P11665,0,1.0
gi:17864246,gi:24665193,0,1.0
P34559,gi:24649183,0,0.0
gi:21357711,gi:24641363,0,1.0
O46084,gi:24650814,0,1.0
P08193,Q94516,0,0.0
O45436,Q9V6A9,0,0.0
P18391,Q9VXX8,0,0.0
gi:17137800,gi:28573729,0,1.0
gi:17647949,gi:20130417,0,1.0
P02839,gi:24655153,0,1.0
O44450,gi:24654828,0,0.0
P23282,gi:24585033,0,0.0
P77625,gi:24581572,0,0.0
Q9VGX3,gi:24645344,0,1.0
P02410,P31473,0,1.0
P36996,Q9U3S0,0,0.0
gi:24645417,gi:24649820,0,1.0
gi:20128797,gi:24656759,0,1.0
P18502,gi:17137564,0,1.0
P75829,gi:19920776,0,0.0
P36659,Q57083,0,1.0
P06277,gi:28573879,0,0.0
P09168,gi:24638862,0,0.0
P25539,gi:17647653,0,0.0
Q23158,gi:24643447,0,0.0
P11876,gi:28574443,0,0.0
P02392,gi:21357677,0,0.0
Q27531,gi:24642484,0,0.0
gi:24643118,gi:32566655,0,0.0
gi:20129109,gi:24647468,0,1.0
P29310,P31064,0,0.0
gi:17137696,gi:19922310,0,1.0
P07183,gi:24642561,0,1.0
P15082,gi:28573674,0,0.0
gi:24640578,gi:24646199,0,1.0
P39290,Q8INW0,0,0.0
Q09511,Q9VQQ9,0,0.0
P02413,gi:17137224,0,0.0
gi:24657216,gi:24663043,0,1.0
P02387,gi:28573604,0,0.0
gi:17136542,gi:21357761,0,1.0
gi:21355869,gi:24639740,0,1.0
gi:24583318,gi:24649175,0,1.0
P00647,gi:24644114,0,0.0
Q46930,gi:30923711,0,0.0
Q9VCR6,gi:24655228,0,1.0
gi:19922746,gi:24651688,0,1.0
gi:23397621,gi:24585029,0,1.0
Q05856,gi:18859825,0,1.0
gi:19920776,gi:19921112,0,1.0
gi:24641014,gi:28573157,0,1.0
P45567,Q27285,0,0.0
gi:24639438,gi:24663055,0,1.0
gi:21357761,gi:24762430,0,1.0
gi:24640704,gi:24650084,0,1.0
gi:17137568,gi:24650311,0,1.0
Q23566,gi:24657054,0,0.0
P08936,gi:24582006,0,0.0
Q9TXX2,gi:17137700,0,0.0
gi:19921122,gi:24641439,0,1.0
P04814,P83099,0,1.0
gi:21355205,gi:24581484,0,1.0
O44606,gi:24762517,0,0.0
gi:24653856,gi:24658602,0,1.0
gi:18858185,gi:21358205,0,1.0
P07655,Q9V564,0,0.0
P39184,gi:28574764,0,0.0
O77469,gi:24581467,0,0.0
gi:24649385,gi:24658770,0,1.0
O61208,P0A6N1,0,0.0
gi:18857945,gi:24586167,0,1.0
P37765,gi:24582879,0,0.0
P02371,P10443,0,1.0
Q8SXJ8,gi:24585051,0,1.0
gi:24645581,gi:24645648,0,1.0
Q9VG96,gi:24583358,0,1.0
O46099,P48588,0,1.0
P19935,gi:24583043,0,0.0
P28631,gi:20129277,0,0.0
gi:18859953,gi:24665042,0,1.0
Q9VS78,gi:21357761,0,1.0
O45303,gi:24645902,0,0.0
P28637,P36683,0,1.0
O61920,gi:24583041,0,0.0
gi:20129485,gi:24649059,0,1.0
gi:24658342,gi:28573717,0,1.0
gi:18859807,gi:24641734,0,1.0
gi:18860021,gi:24645885,0,1.0
gi:19922268,gi:24651950,0,1.0
gi:21358101,gi:24651303,0,1.0
Q9VH39,gi:24645538,0,1.0
gi:24645887,gi:24646737,0,1.0
P39271,gi:17541620,0,0.0
O02658,gi:21356561,0,0.0
P06607,Q9XWG3,0,0.0
P83501,gi:24667063,0,1.0
P21599,gi:24585452,0,0.0
P52304,gi:18921137,0,1.0
Q22174,gi:24648083,0,0.0
gi:24582096,gi:24643312,0,1.0
gi:23397524,gi:24654854,0,1.0
gi:24581205,gi:24666394,0,1.0
gi:24644293,gi:30923711,0,1.0
gi:24644398,gi:24654828,0,1.0
P33930,gi:21357365,0,0.0
O97159,gi:24641148,0,1.0
P02342,Q9U1T6,0,0.0
gi:24641148,gi:24663802,0,1.0
Q9VPS5,gi:21357023,0,1.0
P39199,gi:24644066,0,0.0
P0A6F9,gi:22026831,0,0.0
P77802,gi:28573125,0,0.0
P42593,Q9TYS3,0,0.0
P0A6N1,gi:24661136,0,0.0
gi:24655474,gi:28571177,0,1.0
gi:24644592,gi:24661136,0,1.0
gi:24646114,gi:24649221,0,1.0
gi:17864444,gi:24642565,0,1.0
gi:17137168,gi:24666434,0,1.0
Q17878,gi:19921530,0,0.0
Q19293,gi:21356091,0,0.0
gi:24646434,gi:24663246,0,1.0
gi:24655930,gi:28573879,0,1.0
Q9XUM0,gi:24644819,0,0.0
Q22174,gi:21355573,0,0.0
Q22190,gi:6042188,0,1.0
P39290,gi:24648294,0,0.0
O61345,P51123,0,1.0
gi:19921246,gi:24584835,0,1.0
P91276,Q20308,0,1.0
O76640,Q9W3R7,0,0.0
Q23158,gi:19920776,0,0.0
Q23982,Q24564,0,1.0
P03019,gi:17647383,0,0.0
gi:20130151,gi:24584009,0,1.0
O77051,gi:17137758,0,1.0
P10041,gi:20129705,0,1.0
gi:18859771,gi:24659221,0,1.0
P02359,gi:24645053,0,0.0
P07012,P48461,0,0.0
Q9U296,gi:20129433,0,0.0
gi:18859635,gi:24663011,0,1.0
P00034,P36979,0,0.0
P15043,gi:19922620,0,0.0
P21893,gi:24586167,0,0.0
gi:24642547,gi:24650348,0,1.0
gi:17647755,gi:19921458,0,1.0
P08622,gi:21358103,0,0.0
P03003,P36979,0,1.0
Q10658,gi:19922502,0,0.0
gi:19921950,gi:21356743,0,1.0
gi:17137454,gi:21357075,0,1.0
P07622,P07672,0,1.0
Q9VSJ8,gi:24585205,0,1.0
Q9VWA2,gi:19922106,0,1.0
gi:18859713,gi:21356061,0,1.0
P02375,Q24141,0,0.0
P02384,gi:22024114,0,0.0
gi:17864482,gi:24646972,0,1.0
P02990,Q10051,0,0.0
gi:18859973,gi:28571762,0,1.0
gi:24652644,gi:28573879,0,1.0
O62195,gi:24584545,0,0.0
gi:18859939,gi:21356815,0,1.0
P33224,gi:19920746,0,0.0
Q18953,gi:21356927,0,0.0
P06977,gi:24580513,0,0.0
P05702,gi:19921030,0,0.0
O17754,Q18238,0,1.0
P28632,gi:24639715,0,0.0
P30625,gi:28573495,0,0.0
gi:24666524,gi:28573427,0,1.0
P25008,gi:24648461,0,1.0
P08879,gi:24581499,0,1.0
P10440,Q9W4P5,0,0.0
gi:24644051,gi:24664029,0,1.0
P45476,gi:24585236,0,0.0
P30856,gi:28573893,0,0.0
P34546,gi:24665095,0,0.0
O76449,gi:28573486,0,0.0
O17445,gi:24639603,0,1.0
O97159,Q9NGT3,0,0.0
gi:24657747,gi:28574539,0,1.0
P25537,Q17862,0,0.0
P24245,gi:24641097,0,0.0
gi:20128797,gi:24640855,0,1.0
P16914,gi:24647008,0,1.0
P11553,Q95YF3,0,0.0
Q9XXI0,gi:24648101,0,0.0
Q07327,gi:17530817,0,1.0
gi:19921700,gi:24582592,0,1.0
P02358,P31473,0,1.0
gi:21687222,gi:24657389,0,1.0
gi:17864254,gi:24649996,0,1.0
Q17935,gi:20129901,0,0.0
P13445,gi:24648198,0,0.0
gi:17352479,gi:24655623,0,1.0
P36997,gi:24665583,0,0.0
gi:24643761,gi:26080447,0,1.0
gi:24643106,gi:24665205,0,1.0
gi:21358455,gi:24638862,0,1.0
Q20052,gi:28574707,0,0.0
gi:21357269,gi:21358101,0,1.0
P09424,P16916,0,1.0
P02429,gi:24643578,0,0.0
gi:20130049,gi:24660738,0,1.0
gi:14018161,gi:20128841,0,0.0
Q9VVX3,gi:24668309,0,1.0
gi:18859825,gi:21357365,0,1.0
P32052,Q46930,0,1.0
gi:18860545,gi:24654944,0,1.0
Q9VSS2,gi:17647735,0,1.0
gi:21356973,gi:24585990,0,1.0
P30856,gi:24652770,0,0.0
P02364,P54358,0,0.0
P02835,gi:19922564,0,1.0
P02410,gi:24656938,0,0.0
Q20988,Q21372,0,1.0
P14294,P19109,0,0.0
P36659,gi:24656362,0,0.0
Q21094,gi:20128865,0,0.0
P10443,gi:24650259,0,0.0
Q9N2K7,gi:24655778,0,0.0
P02995,gi:24668309,0,0.0
O17801,Q9N4A9,0,1.0
gi:24649214,gi:24661213,0,1.0
gi:17737727,gi:24641831,0,1.0
P16921,gi:20130417,0,0.0
P24245,gi:24663340,0,0.0
gi:17136884,gi:24640672,0,1.0
Q17385,gi:24650265,0,0.0
gi:24638591,gi:24661263,0,1.0
P91277,Q17381,0,1.0
O61708,gi:24662672,0,0.0
Q9TYY1,gi:24585459,0,0.0
P14175,gi:24656168,0,0.0
Q24564,gi:24666826,0,1.0
P10408,gi:24668317,0,0.0
P02517,gi:21357677,0,1.0
P21774,gi:19920688,0,0.0
O44821,gi:17541790,0,1.0
P55828,gi:28574830,0,1.0
gi:24642565,gi:24646169,0,1.0
P76092,gi:28571825,0,0.0
P18502,P91943,0,1.0
P09087,gi:21355099,0,1.0
gi:24642363,gi:24652999,0,1.0
P36659,Q8MSF5,0,0.0
Q17381,gi:24650263,0,0.0
P23721,gi:24585240,0,0.0
gi:17738089,gi:24655741,0,1.0
gi:24582306,gi:24658403,0,1.0
gi:21358091,gi:24585618,0,1.0
P09097,gi:24662634,0,0.0
gi:17136692,gi:24650377,0,1.0
P10177,gi:17137026,0,0.0
P02424,P54358,0,0.0
P91419,gi:17137346,0,0.0
Q27415,gi:17137558,0,1.0
P23304,Q9NA84,0,0.0
P02428,P77488,0,1.0
gi:24585499,gi:24660504,0,1.0
gi:24583533,gi:24649427,0,1.0
P19538,gi:19921992,0,1.0
gi:24645058,gi:24652652,0,1.0
P36995,gi:24650765,0,0.0
gi:17136728,gi:28574886,0,1.0
P02923,P08205,0,1.0
gi:17647757,gi:24641344,0,1.0
gi:20130345,gi:24582606,0,1.0
P17276,gi:24658567,0,1.0
P42325,gi:19920576,0,1.0
gi:24643761,gi:24653856,0,1.0
gi:24651303,gi:24665583,0,1.0
Q19774,gi:18921161,0,0.0
P04951,gi:24646729,0,0.0
gi:17558096,gi:24639306,0,0.0
Q8MSF5,gi:17864228,0,1.0
P25522,gi:24642480,0,0.0
Q09983,gi:28574675,0,0.0
Q9VFC8,gi:24641732,0,1.0
P23932,P36979,0,1.0
gi:18859939,gi:28571396,0,1.0
gi:19921582,gi:24639496,0,1.0
P02356,gi:24640119,0,0.0
Q22179,Q9NIP6,0,0.0
P08182,Q9VVN2,0,1.0
P05389,gi:21357455,0,1.0
P02420,gi:28573799,0,0.0
Q9VG94,gi:21356805,0,1.0
Q27350,gi:21356501,0,1.0
Q18668,gi:24662825,0,0.0
Q960T2,gi:24584236,0,1.0
gi:21357683,gi:24658155,0,1.0
gi:20130085,gi:28571819,0,1.0
P52295,Q24174,0,1.0
gi:17570297,gi:28571958,0,0.0
gi:21357711,gi:23397595,0,1.0
gi:17137398,gi:24651303,0,1.0
P10485,gi:17136286,0,0.0
Q9NJH0,gi:28573427,0,1.0
gi:24653797,gi:24661136,0,1.0
P02352,gi:24666394,0,0.0
gi:17136920,gi:24639812,0,1.0
gi:20428641,gi:28574139,0,1.0
P02413,gi:24648615,0,0.0
O44783,gi:21357917,0,1.0
P16905,gi:24642547,0,1.0
P77488,gi:19920502,0,0.0
P02356,gi:24654854,0,0.0
Q46848,gi:21356797,0,0.0
gi:19922138,gi:28574764,0,1.0
Q8T053,gi:24668321,0,1.0
gi:17137648,gi:24642301,0,1.0
gi:21357761,gi:24653302,0,1.0
Q9XU77,gi:24639715,0,0.0
P02999,gi:24580841,0,0.0
gi:21358455,gi:24641578,0,1.0
gi:24646611,gi:24646729,0,1.0
P82910,gi:17137168,0,1.0
P16659,Q9N4A9,0,0.0
gi:24651579,gi:28573934,0,1.0
P02999,gi:24662650,0,0.0
P02408,Q9XVV3,0,0.0
P40320,gi:18859793,0,1.0
P03806,gi:24647367,0,0.0
P02386,gi:24663462,0,0.0
gi:24583474,gi:24641689,0,1.0
gi:21358039,gi:24649312,0,1.0
gi:24643578,gi:24650621,0,1.0
gi:24583799,gi:28573310,0,1.0
O02116,gi:19921250,0,0.0
gi:17864460,gi:24415388,0,1.0
gi:17864460,gi:24651212,0,1.0
gi:19920978,gi:24583043,0,1.0
P13097,P92208,0,1.0
O01869,gi:24649824,0,0.0
gi:24586242,gi:24650747,0,1.0
gi:24641209,gi:24653005,0,1.0
P31663,Q17913,0,0.0
gi:21356221,gi:24653856,0,1.0
Q17446,gi:21355865,0,0.0
Q9UAH1,gi:24665661,0,0.0
O17981,gi:19921458,0,0.0
P03005,P13607,0,0.0
gi:24581939,gi:24642191,0,1.0
P36564,gi:24648678,0,0.0
P45890,gi:24648314,0,1.0
P20348,gi:19920396,0,1.0
P05389,gi:24651939,0,1.0
P09160,Q01068,0,0.0
Q94524,gi:24668563,0,1.0
gi:24582172,gi:24654158,0,1.0
P12428,gi:21355349,0,1.0
P19935,gi:20130067,0,0.0
P02339,gi:24581310,0,0.0
P24991,Q11103,0,0.0
gi:19920718,gi:24585242,0,1.0
P21513,gi:19920746,0,0.0
O44424,P42184,0,0.0
gi:21356973,gi:24582339,0,1.0
gi:24649109,gi:24655741,0,1.0
P41092,gi:24646030,0,1.0
Q8INW0,gi:19920706,0,1.0
gi:21356695,gi:24641616,0,1.0
gi:24584030,gi:24661822,0,1.0
gi:17864566,gi:24644207,0,1.0
P23892,gi:24645951,0,0.0
P02901,P34496,0,0.0
gi:24580849,gi:24661359,0,1.0
gi:17737425,gi:17933606,0,1.0
P03003,gi:24640510,0,0.0
P37163,gi:21358167,0,0.0
P02349,gi:18858239,0,0.0
P42287,gi:24652101,0,1.0
Q24025,gi:21357113,0,1.0
Q24133,gi:17737779,0,1.0
O97420,gi:24661759,0,1.0
gi:24640971,gi:24644057,0,1.0
gi:21357737,gi:28574009,0,1.0
Q9VG82,gi:28571199,0,1.0
P02359,gi:24666053,0,0.0
P24991,gi:24667238,0,0.0
Q9U9Y8,gi:28571565,0,0.0
P00923,Q9N3Y1,0,0.0
O61967,Q09542,0,1.0
gi:17737425,gi:24665229,0,1.0
gi:24642263,gi:28574249,0,1.0
P22523,gi:24582172,0,0.0
P76092,gi:24647897,0,0.0
P02422,gi:28573850,0,0.0
gi:24667760,gi:28573879,0,1.0
P23696,gi:24645528,0,1.0
P14825,gi:21355869,0,0.0
P02389,gi:24647779,0,0.0
Q95XM4,gi:24666790,0,0.0
Q9TZ39,gi:21357999,0,0.0
P41126,gi:24663325,0,1.0
P02425,P06137,0,1.0
P91280,gi:20130277,0,0.0
Q9VLP3,gi:17933532,0,1.0
P0A6F5,P30625,0,0.0
Q9NJH0,gi:19921312,0,1.0
P36996,gi:17647911,0,0.0
P05852,gi:24647823,0,0.0
gi:20128797,gi:28574582,0,1.0
Q94524,gi:21358301,0,1.0
P05055,gi:17137692,0,0.0
gi:24647367,gi:24658772,0,1.0
gi:21355383,gi:28571506,0,1.0
P03002,P32168,0,1.0
P13458,gi:17136968,0,0.0
P10413,gi:20129899,0,0.0
Q24206,gi:24645058,0,1.0
P17114,gi:24583408,0,0.0
gi:17737503,gi:24665661,0,1.0
P00577,gi:24645553,0,0.0
gi:24658567,gi:24662634,0,1.0
Q9N4S0,gi:21355581,0,0.0
Q9VLV5,gi:7105649,0,0.0
gi:24581686,gi:24583456,0,1.0
gi:18858125,gi:19922620,0,1.0
gi:19922274,gi:24648484,0,1.0
P02364,gi:21357821,0,0.0
P91505,gi:24640188,0,0.0
P45594,gi:17136258,0,1.0
Q17339,gi:24584828,0,0.0
gi:17864630,gi:24651179,0,1.0
P12638,P40320,0,0.0
Q17381,gi:21356627,0,0.0
gi:21358205,gi:24649519,0,1.0
P33225,gi:24585372,0,0.0
P36241,Q9VR93,0,1.0
gi:24585158,gi:24655741,0,1.0
P08570,gi:24639044,0,1.0
gi:20129961,gi:28574406,0,1.0
P11455,gi:19921140,0,1.0
P07682,gi:17648125,0,0.0
gi:24638754,gi:24663250,0,1.0
P23792,Q24547,0,1.0
P40945,gi:21357761,0,1.0
gi:18859961,gi:21355555,0,1.0
gi:19920576,gi:24647270,0,1.0
P31224,gi:17864100,0,0.0
P02342,gi:20129745,0,0.0
P52108,Q8I093,0,0.0
Q9V3S0,gi:24583805,0,1.0
gi:21356073,gi:24652905,0,1.0
P02413,Q24404,0,0.0
Q22179,gi:24646073,0,0.0
P91938,gi:24649103,0,1.0
P08570,gi:24583253,0,1.0
gi:21358361,gi:24762726,0,1.0
P18102,gi:28573278,0,1.0
P06982,gi:17137074,0,0.0
P00391,Q06559,0,0.0
gi:21356995,gi:28574886,0,1.0
P39745,gi:28573830,0,0.0
P15288,gi:24645774,0,0.0
gi:21355801,gi:24641049,0,1.0
Q22068,gi:24642301,0,0.0
gi:24640994,gi:28573729,0,1.0
Q23985,gi:18543285,0,1.0
gi:18860519,gi:21356383,0,1.0
O61351,gi:24641727,0,1.0
P35415,Q9XWG3,0,0.0
O16215,gi:25150244,0,1.0
P15082,gi:28571891,0,0.0
Q9N3H9,Q9TZ39,0,1.0
P02375,P17443,0,1.0
gi:21357187,gi:24654595,0,1.0
Q23389,gi:28571445,0,0.0
Q17902,gi:19920876,0,0.0
P02413,gi:24585156,0,0.0
Q22837,gi:19921254,0,0.0
P77349,gi:21357547,0,0.0
gi:17553604,gi:24580809,0,0.0
gi:24659953,gi:28572963,0,1.0
P33927,gi:17647979,0,0.0
gi:21357483,gi:24645112,0,1.0
Q23985,gi:28571100,0,1.0
P20153,gi:24648150,0,1.0
gi:21357915,gi:24638976,0,1.0
P14294,gi:19920776,0,0.0
Q17878,gi:20129587,0,0.0
P19675,gi:20129967,0,0.0
Q17935,gi:24654479,0,0.0
P22939,gi:24657054,0,0.0
P28689,Q9VR59,0,0.0
O18640,gi:24648207,0,1.0
O61208,gi:22024031,0,0.0
gi:24662946,gi:28571412,0,1.0
gi:17738005,gi:24651597,0,1.0
Q17359,gi:17136368,0,0.0
P02339,gi:17554796,0,0.0
gi:20130391,gi:24666274,0,1.0
gi:20129123,gi:24666524,0,1.0
gi:24650208,gi:24662885,0,1.0
gi:24640683,gi:24656163,0,1.0
gi:21355851,gi:24654832,0,1.0
gi:24657743,gi:24662048,0,1.0
P36979,gi:24647885,0,0.0
P10115,gi:20130425,0,0.0
P02390,gi:20130425,0,0.0
gi:24640785,gi:24640998,0,1.0
Q22837,gi:24581662,0,0.0
P08646,gi:28574555,0,1.0
gi:24640817,gi:28572129,0,1.0
P02418,gi:17648053,0,0.0
P28909,gi:24581719,0,0.0
P08192,P33228,0,1.0
P36996,gi:21358131,0,0.0
O01925,P81299,0,1.0
P02428,Q18503,0,0.0
O44424,gi:24639782,0,1.0
gi:19920798,gi:24585353,0,1.0
gi:17137758,gi:21357995,0,1.0
gi:20129055,gi:24582746,0,1.0
gi:21357761,gi:24667285,0,1.0
gi:24644016,gi:24645300,0,1.0
gi:24651028,gi:28573125,0,1.0
P21461,P35676,0,1.0
P43329,gi:24655053,0,0.0
P04475,Q8MYQ1,0,0.0
P45972,Q24180,0,0.0
P76069,gi:21357875,0,0.0
gi:24640901,gi:24650914,0,1.0
P30750,Q9N574,0,0.0
gi:24638866,gi:24665229,0,1.0
P02371,gi:18858161,0,0.0
P02374,P17963,0,1.0
P08622,gi:24661601,0,0.0
gi:21357731,gi:24655577,0,1.0
gi:24643729,gi:28573466,0,1.0
P25887,Q22174,0,0.0
P39311,gi:19920798,0,0.0
P23865,gi:24581180,0,0.0
gi:28572963,gi:28574150,0,1.0
gi:24585974,gi:24645011,0,1.0
P07207,Q9U1X3,0,0.0
P15082,P17580,0,1.0
gi:24643110,gi:28571396,0,1.0
Q21746,gi:24585053,0,0.0
P02421,P29310,0,0.0
P02835,Q17878,0,0.0
Q9W553,gi:23397621,0,1.0
P02420,gi:28572043,0,0.0
gi:24644093,gi:24644337,0,1.0
P36997,gi:28571447,0,0.0
gi:24641567,gi:28574296,0,1.0
gi:17737425,gi:28571412,0,1.0
gi:24656802,gi:28573965,0,1.0
P08756,gi:24659272,0,0.0
gi:17136826,gi:28573115,0,1.0
gi:24649452,gi:28573125,0,1.0
Q9VD25,gi:21358101,0,1.0
Q24564,gi:21357505,0,1.0
Q21746,gi:24653390,0,0.0
gi:19921114,gi:19921660,0,1.0
P91682,gi:23397623,0,1.0
O17445,Q06559,0,1.0
gi:24639187,gi:24654899,0,1.0
P16920,gi:24648255,0,0.0
P00577,gi:24642021,0,0.0
O46036,P29673,0,1.0
P45526,gi:18860011,0,0.0
O45244,Q10577,0,1.0
Q21668,gi:17737839,0,0.0
gi:24581339,gi:24655474,0,1.0
gi:24642799,gi:24664029,0,1.0
P10440,gi:19922620,0,0.0
gi:24582962,gi:24662753,0,1.0
Q17868,gi:24642303,0,0.0
P19626,gi:24646498,0,0.0
O62195,P50887,0,0.0
gi:18543289,gi:24652882,0,1.0
gi:18921137,gi:24642301,0,1.0
P02423,Q94514,0,0.0
P11665,gi:24660416,0,0.0
P25540,gi:24654017,0,0.0
gi:24585154,gi:24662431,0,1.0
gi:20129961,gi:24649345,0,1.0
O44450,gi:24581686,0,0.0
P02351,Q18529,0,0.0
P91820,gi:28573879,0,0.0
P91080,Q94261,0,1.0
P13607,gi:24654934,0,1.0
P45527,gi:21355219,0,0.0
gi:21355851,gi:24639086,0,1.0
P82910,gi:24644650,0,1.0
P07655,gi:24658567,0,0.0
gi:24643083,gi:24645384,0,1.0
P33937,gi:24647468,0,0.0
gi:17136698,gi:28574529,0,1.0
P41093,gi:28573604,0,1.0
O18240,P45571,0,0.0
O18302,gi:24661332,0,0.0
O16695,Q9XTD1,0,1.0
O16474,Q24117,0,0.0
P25539,gi:24648536,0,0.0
gi:20129061,gi:24654595,0,1.0
O62236,Q23150,0,1.0
P25867,P29464,0,0.0
Q22174,gi:24655584,0,0.0
gi:23397524,gi:24652720,0,1.0
gi:18858099,gi:24643134,0,1.0
gi:19920776,gi:24647050,0,1.0
P04742,Q93228,0,0.0
Q24133,gi:24649895,0,1.0
P12638,gi:28573607,0,0.0
gi:24659367,gi:24664257,0,1.0
P36659,gi:24640510,0,0.0
P02419,Q17878,0,0.0
Q95XM4,Q9VXX8,0,0.0
Q8INW0,gi:18543289,0,1.0
gi:24586193,gi:24638766,0,1.0
gi:17737989,gi:20129347,0,1.0
P13607,P34371,0,0.0
P24245,gi:21358259,0,0.0
gi:17648123,gi:21356843,0,1.0
Q9W1C9,gi:24642867,0,1.0
P00580,P05838,0,1.0
Q9TVZ6,gi:21357371,0,0.0
gi:18859971,gi:24582096,0,1.0
gi:21356767,gi:24582172,0,1.0
gi:24583067,gi:24652733,0,1.0
gi:24581572,gi:28571712,0,1.0
Q03563,gi:24667845,0,0.0
P76554,Q9TZ39,0,0.0
Q9TZ39,gi:21357047,0,0.0
O45007,gi:24762582,0,0.0
O46308,P16528,0,0.0
O46106,P02990,0,0.0
Q22179,gi:20130261,0,0.0
gi:24586270,gi:24643715,0,1.0
P76195,gi:22024141,0,0.0
gi:21356815,gi:24646011,0,1.0
P23909,Q17381,0,0.0
Q9U3S0,gi:24652999,0,0.0
Q8MQI6,gi:24646962,0,1.0
Q9N5D6,gi:24651451,0,0.0
P18102,gi:24644675,0,1.0
P25745,gi:24641567,0,0.0
gi:20130417,gi:24586282,0,1.0
gi:21357439,gi:24650035,0,1.0
gi:19921904,gi:22026880,0,1.0
gi:24584494,gi:24639141,0,1.0
P02518,gi:24650202,0,1.0
P02429,Q9UAY0,0,0.0
P03017,gi:24666151,0,0.0
P15043,gi:24638750,0,0.0
gi:24663726,gi:24663775,0,1.0
P02995,gi:21357721,0,0.0
gi:17554366,gi:24640510,0,0.0
P37344,Q95QJ7,0,0.0
gi:17136830,gi:21356415,0,1.0
P36996,gi:18859665,0,0.0
gi:21358175,gi:28573549,0,1.0
P02351,gi:17137710,0,0.0
O45734,Q24117,0,0.0
gi:24644797,gi:24650182,0,1.0
P23304,gi:24644114,0,0.0
Q9NAD6,gi:20129063,0,0.0
gi:17737655,gi:28573512,0,1.0
Q20956,Q9VVT2,0,0.0
P07713,P91280,0,0.0
P30855,gi:24638625,0,0.0
P28302,gi:24650035,0,0.0
gi:24639687,gi:24649164,0,1.0
gi:17647735,gi:24641567,0,1.0
P23696,Q9VGX3,0,1.0
P19538,gi:18859713,0,1.0
gi:24582212,gi:28573401,0,1.0
gi:28573517,gi:32566959,0,0.0
P00482,Q06559,0,0.0
gi:19920706,gi:24647143,0,1.0
gi:17136262,gi:24658363,0,1.0
gi:21357653,gi:24648572,0,1.0
gi:17136294,gi:21357995,0,1.0
gi:19921264,gi:21356727,0,1.0
Q23485,gi:21357547,0,0.0
P50882,gi:19922166,0,1.0
O18688,P34345,0,1.0
P18502,P76594,0,0.0
gi:24585071,gi:28573662,0,1.0
gi:19922918,gi:24762365,0,1.0
P07813,gi:24655850,0,0.0
P39290,gi:24639885,0,0.0
P40320,P92208,0,1.0
gi:19921296,gi:21358313,0,1.0
O01804,P52094,0,0.0
gi:24650662,gi:24653385,0,1.0
gi:24639649,gi:24643702,0,1.0
P23757,Q21022,0,0.0
P00956,gi:24640959,0,0.0
gi:21356141,gi:24640167,0,1.0
gi:24583965,gi:24584729,0,1.0
Q04787,gi:21358025,0,1.0
P07011,gi:24665928,0,0.0
P00577,Q20369,0,0.0
gi:21955284,gi:24657961,0,1.0
gi:24583515,gi:24647247,0,1.0
P0A6F5,gi:17137596,0,0.0
gi:17864622,gi:24642214,0,1.0
gi:21357721,gi:24652652,0,1.0
gi:21357711,gi:24580804,0,1.0
gi:17137636,gi:20129739,0,1.0
gi:21356031,gi:24651179,0,1.0
Q9NF11,gi:24640240,0,0.0
P55828,gi:21357211,0,1.0
O17084,gi:23397623,0,0.0
gi:17137352,gi:24654479,0,1.0
P22563,gi:17137196,0,0.0
P00528,gi:24584030,0,1.0
gi:17647759,gi:24585384,0,1.0
gi:17136846,gi:24638845,0,1.0
gi:24649007,gi:24666282,0,1.0
P77645,gi:24585240,0,0.0
Q9V6G5,gi:21357817,0,1.0
P07395,gi:17647755,0,0.0
Q23493,gi:17556654,0,1.0
gi:21357455,gi:28572059,0,1.0
gi:19920866,gi:28573799,0,1.0
Q9XWP6,gi:24639883,0,0.0
O44437,Q95YF3,0,0.0
P13519,P15038,0,1.0
Q9XTM1,gi:17137114,0,1.0
O01482,gi:24654975,0,0.0
P20083,gi:28571955,0,0.0
gi:24638845,gi:24662431,0,1.0
gi:19921910,gi:28573313,0,1.0
Q9TYS8,gi:24643437,0,0.0
P75829,gi:24647779,0,0.0
P28691,Q18668,0,0.0
P22523,gi:21355219,0,0.0
gi:17137800,gi:24652295,0,1.0
gi:21355581,gi:24646884,0,1.0
P39171,gi:28572086,0,0.0
P11455,gi:21356739,0,1.0
gi:21355799,gi:24651265,0,1.0
gi:21355123,gi:21357653,0,1.0
gi:21358247,gi:24581626,0,1.0
gi:21355231,gi:24584413,0,1.0
gi:18859825,gi:24655093,0,1.0
gi:19922560,gi:24645946,0,1.0
gi:24583835,gi:24661826,0,1.0
P31805,gi:21357683,0,0.0
O76449,gi:24648942,0,0.0
Q9GYH7,gi:21358313,0,0.0
O44424,gi:24762837,0,1.0
gi:17137558,gi:24580629,0,1.0
P06742,gi:24649047,0,1.0
O45225,gi:28571660,0,0.0
P02356,gi:24650342,0,0.0
gi:19922268,gi:28572036,0,1.0
gi:24583971,gi:24643303,0,1.0
gi:17137184,gi:24655606,0,1.0
P19934,Q23158,0,0.0
gi:24642814,gi:24663548,0,1.0
gi:17137616,gi:24656644,0,1.0
gi:19922310,gi:24666303,0,1.0
gi:17532607,gi:24648615,0,0.0
gi:19922624,gi:24582172,0,1.0
P06136,gi:24664004,0,0.0
P13458,Q9U9Y8,0,0.0
P02366,gi:24655187,0,0.0
gi:24648668,gi:24662356,0,1.0
P04742,Q9NAD6,0,0.0
P04286,gi:24585488,0,0.0
O18405,gi:24654843,0,1.0
P07028,P45571,0,1.0
gi:24582294,gi:24663011,0,1.0
P23304,P23573,0,0.0
P00453,Q09387,0,0.0
P40141,gi:24641493,0,1.0
gi:24639368,gi:24651498,0,1.0
P77770,gi:21357455,0,0.0
gi:17136810,gi:24664154,0,1.0
P25724,gi:24649834,0,1.0
gi:21687194,gi:24651599,0,1.0
gi:21355851,gi:24646167,0,1.0
O16519,P49847,0,0.0
P13458,gi:21358101,0,0.0
gi:24650338,gi:28574764,0,1.0
Q18075,gi:24658370,0,0.0
P02388,gi:21355719,0,0.0
P17963,Q22660,0,0.0
Q9XYM0,gi:24666323,0,1.0
gi:19922220,gi:28574385,0,1.0
Q8MYM0,gi:24668321,0,0.0
Q9UA36,gi:21357827,0,0.0
P06137,P10440,0,1.0
gi:24653649,gi:28571678,0,1.0
gi:24650420,gi:28574997,0,1.0
P02370,gi:24640851,0,0.0
P34611,gi:24648828,0,0.0
gi:19920604,gi:24762738,0,1.0
gi:24639653,gi:24655606,0,1.0
gi:24653791,gi:24661136,0,1.0
gi:21356797,gi:24584039,0,1.0
Q9XZT1,gi:28571623,0,1.0
Q17878,gi:17568353,0,1.0
Q18341,gi:24641921,0,0.0
P00490,gi:24638660,0,0.0
gi:21358569,gi:24651339,0,1.0
P03805,gi:24583607,0,0.0
Q19138,gi:24647572,0,0.0
gi:19922884,gi:24581203,0,1.0
O17915,gi:24665884,0,0.0
gi:24654441,gi:24667722,0,1.0
gi:21357761,gi:24646257,0,1.0
gi:18543289,gi:20129859,0,1.0
gi:21356367,gi:28574009,0,1.0
gi:20129399,gi:21357363,0,1.0
P14825,gi:24654465,0,0.0
P28629,gi:24640362,0,0.0
P16163,gi:17647755,0,1.0
P76211,gi:19922186,0,0.0
gi:24584835,gi:24663802,0,1.0
Q95QA6,gi:24584251,0,0.0
O44606,gi:24580965,0,0.0
P02423,P75864,0,1.0
Q20375,gi:24644592,0,0.0
P00391,gi:24642719,0,0.0
P02418,gi:24641567,0,0.0
Q27350,Q95TN4,0,1.0
P41092,P75864,0,0.0
gi:17136286,gi:28573466,0,1.0
gi:19922992,gi:24656785,0,1.0
P48603,gi:17136830,0,1.0
gi:24662431,gi:24667093,0,1.0
gi:18859847,gi:24656574,0,1.0
P16921,gi:18859889,0,0.0
gi:24583067,gi:24642799,0,1.0
P02408,gi:24583929,0,0.0
gi:21356073,gi:24659379,0,1.0
P02516,gi:24656644,0,1.0
P33635,gi:18921125,0,0.0
Q46906,gi:24640011,0,0.0
gi:17137696,gi:24648069,0,1.0
O44971,Q9XW40,0,1.0
P06958,gi:23397623,0,0.0
gi:24639715,gi:24644274,0,1.0
gi:24643516,gi:24658229,0,1.0
P23757,gi:24652386,0,1.0
O16797,gi:24654325,0,1.0
P09424,gi:24580815,0,0.0
gi:24415388,gi:28571515,0,1.0
P03004,P14734,0,0.0
P04475,gi:24581542,0,0.0
P39199,gi:22026942,0,0.0
P02436,gi:20130417,0,0.0
gi:24581842,gi:24664191,0,1.0
gi:20129745,gi:24652897,0,1.0
P10440,gi:24586562,0,0.0
P12281,P21541,0,0.0
gi:24640625,gi:24658567,0,1.0
gi:18857967,gi:24664652,0,1.0
gi:17738243,gi:24581633,0,1.0
P30747,gi:17136724,0,0.0
Q95QA6,gi:21355309,0,0.0
gi:17137188,gi:19920746,0,1.0
P76573,gi:24583894,0,0.0
Q17359,gi:24762566,0,0.0
gi:24642006,gi:24658696,0,1.0
gi:24640506,gi:24650658,0,1.0
O01901,O17670,0,1.0
gi:20129457,gi:24666790,0,1.0
Q9VLP3,gi:24584828,0,1.0
O62220,Q9VLP3,0,0.0
P02361,gi:24646611,0,0.0
Q9N5S8,gi:28574851,0,0.0
P07909,gi:17738139,0,1.0
P35129,P45567,0,0.0
O44326,P27187,0,0.0
P77734,gi:24583208,0,0.0
P45748,gi:24654854,0,0.0
Q9VGS2,gi:24644214,0,1.0
gi:21358181,gi:24642261,0,1.0
P03018,Q8MQI6,0,0.0
P77293,gi:21355923,0,0.0
P91349,gi:24647343,0,0.0
O01579,Q93533,0,1.0
gi:24640007,gi:24641578,0,1.0
gi:24648615,gi:24664029,0,1.0
Q9V6X7,Q9XU77,0,0.0
P54353,gi:24585618,0,1.0
P28692,gi:24664652,0,0.0
gi:24583917,gi:24647490,0,1.0
P19538,gi:21357211,0,1.0
P91820,gi:24640295,0,0.0
gi:17137224,gi:24654854,0,1.0
Q24564,gi:24644677,0,1.0
P0A6N1,gi:25148780,0,0.0
P07008,P31473,0,1.0
P49847,gi:17137634,0,1.0
gi:17647503,gi:24654335,0,1.0
gi:19922666,gi:24647137,0,1.0
gi:19920706,gi:24666886,0,1.0
gi:24585033,gi:24652897,0,1.0
P02914,gi:24643497,0,0.0
P08324,gi:24648302,0,0.0
P28637,gi:24648010,0,0.0
Q09620,gi:21358569,0,0.0
P00363,gi:17530833,0,0.0
P02420,gi:28574582,0,0.0
gi:24584776,gi:24660815,0,1.0
Q24133,gi:24638976,0,1.0
P36659,gi:24644093,0,0.0
P33635,gi:24581061,0,0.0
gi:24582879,gi:24583965,0,1.0
gi:19922274,gi:28573427,0,1.0
Q01642,gi:21357817,0,1.0
gi:24663188,gi:28571947,0,1.0
Q9U2U9,gi:17864532,0,0.0
P08142,gi:24644797,0,0.0
O61231,gi:21357275,0,1.0
gi:21357275,gi:24665583,0,1.0
gi:24653791,gi:24655093,0,1.0
P36658,gi:24638625,0,0.0
gi:17136268,gi:21687206,0,1.0
P06996,gi:19921002,0,0.0
gi:21355617,gi:24581205,0,1.0
gi:17136860,gi:6042188,0,0.0
P48608,gi:24653690,0,1.0
P07682,gi:20129403,0,0.0
P24230,Q01069,0,0.0
P18824,gi:24641449,0,1.0
gi:19921250,gi:24659254,0,1.0
gi:21357995,gi:28558744,0,1.0
gi:24646404,gi:24649427,0,1.0
gi:24641567,gi:24653933,0,1.0
P41126,gi:24658772,0,1.0
P17952,P28630,0,1.0
P25522,gi:19922144,0,0.0
gi:24641280,gi:28574303,0,1.0
O18413,gi:24649519,0,1.0
gi:24641302,gi:28571447,0,1.0
P08324,gi:22026831,0,0.0
Q9NAH3,gi:17137650,0,0.0
gi:24642484,gi:24658567,0,1.0
P00955,P02428,0,1.0
P15372,gi:19920688,0,1.0
P41126,P91505,0,0.0
P37315,Q02360,0,0.0
Q18937,gi:24651926,0,0.0
P34475,gi:28574452,0,0.0
gi:24652268,gi:24663672,0,1.0
Q9U1S2,gi:24660603,0,0.0
P00837,gi:24651703,0,0.0
P19245,gi:24582643,0,0.0
Q18320,gi:24650202,0,0.0
P00575,P02518,0,0.0
P08928,Q9VGX3,0,1.0
gi:24651688,gi:28573590,0,1.0
gi:24645774,gi:24652897,0,1.0
gi:21357761,gi:24650259,0,1.0
Q9XW77,gi:20130333,0,0.0
P02421,P52485,0,0.0
P13030,Q9TXH9,0,0.0
P82147,gi:24654677,0,1.0
P07813,P08756,0,1.0
Q18426,gi:24644958,0,0.0
Q09485,Q9VYD7,0,0.0
gi:21357901,gi:24648536,0,1.0
gi:19922106,gi:24654383,0,1.0
P17963,Q9U3Z7,0,0.0
P14081,gi:24656980,0,0.0
gi:17136920,gi:24640430,0,1.0
P15048,P33643,0,1.0
gi:24640672,gi:24643632,0,1.0
P91870,gi:24647933,0,0.0
P49071,gi:24642543,0,1.0
gi:20128895,gi:28573799,0,1.0
gi:17647523,gi:24663288,0,1.0
P41092,gi:17647383,0,1.0
Q22227,gi:17933696,0,0.0
gi:17136748,gi:20130085,0,1.0
Q20678,gi:18079297,0,0.0
P0A6N1,P10486,0,1.0
P45571,gi:24585147,0,0.0
P08646,gi:24655053,0,1.0
Q9XVP7,gi:24649262,0,0.0
P02410,gi:24665958,0,0.0
Q9BL19,gi:17316365,0,0.0
Q9NAE1,gi:24639027,0,0.0
P33594,P39159,0,1.0
P10485,P45567,0,1.0
gi:24582918,gi:24641567,0,1.0
O01869,gi:24654965,0,0.0
O17445,P76594,0,0.0
gi:21357211,gi:28573195,0,1.0
Q22327,Q23119,0,1.0
O45935,gi:24653946,0,0.0
gi:13324910,gi:19922458,0,0.0
gi:18858055,gi:24646478,0,1.0
gi:19922274,gi:28572997,0,1.0
P28629,gi:24643118,0,0.0
P02937,gi:24647369,0,0.0
P08374,gi:24647638,0,0.0
Q18241,gi:24641251,0,0.0
O76924,P13097,0,1.0
gi:18858131,gi:24661213,0,1.0
O61231,gi:21358181,0,1.0
gi:24665160,gi:28571947,0,1.0
P00582,P07909,0,0.0
P10444,gi:24651092,0,0.0
gi:17137296,gi:24639301,0,1.0
O01482,gi:24580965,0,0.0
gi:19921672,gi:24647285,0,1.0
gi:24582172,gi:24645724,0,1.0
gi:24647137,gi:24647143,0,1.0
gi:19920376,gi:24666619,0,1.0
P10440,gi:17137146,0,0.0
gi:24655293,gi:28571660,0,1.0
gi:19922186,gi:23397524,0,1.0
Q95XJ0,gi:17554796,0,1.0
P25845,Q24564,0,0.0
gi:21358301,gi:24585384,0,1.0
P02361,P36659,0,1.0
O76583,gi:24581838,0,0.0
gi:21356815,gi:23397623,0,1.0
P0A6F5,gi:24643375,0,0.0
O16011,Q9VVN2,0,1.0
P13445,gi:24665132,0,0.0
gi:20130247,gi:24581465,0,1.0
gi:23397629,gi:24646410,0,1.0
gi:24586098,gi:28571947,0,1.0
P02386,gi:24639988,0,0.0
P02428,P25522,0,1.0
gi:20129873,gi:24657782,0,1.0
P06959,gi:20129165,0,0.0
P02358,Q21746,0,0.0
gi:19922802,gi:24647356,0,1.0
P02364,gi:24655888,0,0.0
P37765,gi:24639885,0,0.0
gi:17136830,gi:24649183,0,1.0
gi:17551336,gi:24646847,0,0.0
P17205,gi:24652999,0,1.0
gi:17737727,gi:18857975,0,1.0
gi:19922260,gi:24658370,0,1.0
Q19294,gi:22024059,0,0.0
gi:20130247,gi:24639711,0,1.0
O16011,gi:19922544,0,1.0
P02428,P39177,0,1.0
gi:22024114,gi:24647905,0,1.0
O17670,gi:24645419,0,0.0
gi:21357135,gi:24654479,0,1.0
Q46802,gi:24639812,0,0.0
Q24141,gi:24654936,0,1.0
gi:17933736,gi:24656262,0,1.0
gi:19920984,gi:24644207,0,1.0
P17205,P30128,0,0.0
Q17381,gi:22024182,0,0.0
gi:24639548,gi:24663504,0,1.0
P21599,gi:19923044,0,0.0
Q09485,Q8WQA8,0,1.0
Q06559,gi:24586562,0,1.0
P00528,gi:24666532,0,1.0
gi:17647343,gi:24647609,0,1.0
P42003,gi:18858125,0,1.0
P04814,gi:21356995,0,1.0
gi:24654441,gi:24658123,0,1.0
P54356,gi:24582592,0,1.0
Q9GSQ0,gi:20130085,0,0.0
P02372,Q22227,0,0.0
gi:19920382,gi:21356595,0,1.0
P52101,gi:28573598,0,0.0
P36996,gi:24648198,0,0.0
P02392,gi:19921458,0,0.0
P48149,gi:17865642,0,1.0
P23757,gi:24648251,0,1.0
O44424,gi:24655606,0,1.0
Q17339,gi:17737655,0,0.0
P75829,P76594,0,1.0
P02421,P10486,0,1.0
gi:24652940,gi:28573604,0,1.0
gi:24648690,gi:28574707,0,1.0
P31571,gi:30025113,0,0.0
P37338,gi:17556654,0,0.0
P75767,gi:24649564,0,0.0
P15364,gi:24649345,0,1.0
gi:24584056,gi:24658719,0,1.0
gi:24652818,gi:28571445,0,1.0
Q27471,gi:19920692,0,0.0
P15716,P17963,0,1.0
gi:19921638,gi:24651339,0,1.0
gi:24657671,gi:24658229,0,1.0
P14374,Q18164,0,0.0
P02364,P42325,0,0.0
P91276,gi:28574115,0,0.0
P40427,gi:24652557,0,1.0
Q9XUQ4,gi:20129183,0,0.0
P09373,P15716,0,1.0
Q9XYN7,gi:24643083,0,1.0
P08374,gi:24649236,0,0.0
gi:19921778,gi:24641156,0,1.0
P37765,gi:20129835,0,0.0
Q22837,gi:21357187,0,0.0
P75864,gi:18921137,0,0.0
P32130,gi:24583971,0,0.0
P02423,gi:24762808,0,0.0
gi:19920358,gi:24639972,0,1.0
Q94126,gi:17136948,0,0.0
P77554,gi:24660742,0,0.0
gi:24644016,gi:24644242,0,1.0
Q93561,Q95XM4,0,1.0
P08570,gi:24649109,0,1.0
gi:24655003,gi:24666753,0,1.0
gi:17136536,gi:28571965,0,1.0
P32666,gi:24653562,0,0.0
P21168,gi:24653385,0,0.0
P77499,Q93203,0,0.0
P37024,gi:21357417,0,0.0
gi:17933736,gi:24586133,0,1.0
gi:24583061,gi:24641090,0,1.0
P22813,gi:24650714,0,1.0
gi:19921672,gi:24645087,0,1.0
Q23985,gi:24651524,0,1.0
gi:17985985,gi:21358217,0,1.0
O44750,gi:24639794,0,0.0
gi:24652652,gi:25150794,0,0.0
gi:21355869,gi:21358247,0,1.0
P06277,Q01083,0,0.0
P31806,gi:17530817,0,0.0
Q9XU77,gi:21356235,0,0.0
O44740,P0A6F5,0,0.0
P02351,gi:24652897,0,0.0
gi:24641578,gi:24643761,0,1.0
P02351,gi:21357369,0,0.0
Q17522,gi:24667117,0,0.0
gi:21355491,gi:28574249,0,1.0
gi:24645384,gi:24653350,0,1.0
gi:24581429,gi:24639681,0,1.0
P33450,gi:24668642,0,1.0
gi:24582672,gi:24640973,0,1.0
P45567,gi:24648461,0,0.0
P10484,gi:24638987,0,0.0
gi:20129347,gi:24641487,0,1.0
P13097,P34657,0,0.0
P09097,gi:24638987,0,0.0
gi:18859939,gi:24585335,0,1.0
Q19937,gi:20129907,0,0.0
P02828,gi:24642254,0,1.0
P17802,P52304,0,0.0
gi:24644145,gi:24652071,0,1.0
O01902,O44606,0,1.0
Q46930,gi:20130085,0,0.0
Q01642,gi:24667318,0,1.0
P02307,gi:24665583,0,1.0
Q06559,Q9NGC3,0,1.0
gi:21356121,gi:28571762,0,1.0
P07181,gi:24642233,0,1.0
gi:21355333,gi:24665169,0,1.0
Q9VV43,gi:24650933,0,1.0
gi:24645148,gi:24658342,0,1.0
gi:24581465,gi:24582030,0,1.0
gi:18859891,gi:24584372,0,1.0
Q01642,gi:17136864,0,1.0
Q95XU5,gi:21357761,0,0.0
Q8T053,gi:24664154,0,1.0
P02824,gi:19920706,0,1.0
P07176,gi:24639354,0,0.0
Q94524,gi:24661359,0,1.0
gi:24582757,gi:24645515,0,1.0
P09831,gi:24642191,0,0.0
O45764,P49071,0,0.0
P08756,Q02361,0,0.0
O01255,gi:21355811,0,0.0
gi:19921112,gi:28574920,0,1.0
P34563,gi:28894842,0,1.0
gi:21355361,gi:24584798,0,1.0
Q18688,gi:21355383,0,0.0
P76396,gi:17647523,0,0.0
gi:17137188,gi:19921162,0,1.0
P29745,gi:24652930,0,0.0
gi:24581719,gi:24643310,0,1.0
Q24141,gi:17137220,0,1.0
P00887,P77214,0,1.0
O17287,gi:21356415,0,0.0
P29011,gi:24583358,0,0.0
P04475,gi:24641561,0,0.0
P31120,gi:24586252,0,0.0
gi:19922186,gi:24665784,0,1.0
gi:24640175,gi:24650348,0,1.0
P40688,Q9VLU0,0,1.0
P21893,gi:24643634,0,0.0
gi:14018161,gi:19921962,0,0.0
P90920,Q9U9Y8,0,1.0
gi:17137252,gi:24642808,0,1.0
gi:24585499,gi:24657182,0,1.0
P23757,gi:24645951,0,1.0
gi:20128999,gi:24648078,0,1.0
gi:20129745,gi:24654479,0,1.0
P06277,P17443,0,1.0
P02990,gi:24663336,0,0.0
P07011,P77721,0,1.0
Q24564,gi:24667211,0,1.0
Q9NES7,gi:21356415,0,0.0
P75794,Q24239,0,0.0
gi:22024255,gi:24643110,0,1.0
P10041,P16921,0,0.0
P02349,P45890,0,0.0
gi:24646860,gi:24665657,0,1.0
P21165,gi:28574660,0,0.0
Q8T053,gi:24647759,0,1.0
P11604,gi:24650786,0,0.0
gi:17137296,gi:28573926,0,1.0
P02351,gi:30923655,0,0.0
Q17381,gi:19920692,0,0.0
P52084,gi:17137452,0,0.0
gi:19920978,gi:24581662,0,1.0
gi:24762779,gi:26080322,0,1.0
Q9VLP3,gi:24641340,0,1.0
gi:21355869,gi:21356711,0,1.0
gi:24585215,gi:24661136,0,1.0
P05552,gi:28572057,0,1.0
P10041,P32052,0,0.0
P08716,P50880,0,0.0
P13519,gi:19921710,0,0.0
P23304,gi:24639292,0,0.0
P08985,Q9U9Y8,0,0.0
P31805,gi:17737727,0,0.0
gi:19922106,gi:24585618,0,1.0
P54358,gi:17738153,0,1.0
gi:20130331,gi:21355513,0,1.0
gi:17136672,gi:24639272,0,1.0
gi:21358103,gi:24585240,0,1.0
P02418,gi:19922206,0,0.0
P21893,gi:24651507,0,0.0
P23757,Q19905,0,0.0
P00574,gi:24642125,0,0.0
Q17849,gi:17737503,0,0.0
P36950,gi:24585240,0,0.0
O18134,gi:24660746,0,0.0
Q22174,gi:24762426,0,0.0
gi:20130017,gi:24652652,0,1.0
P02418,P30642,0,0.0
gi:20130175,gi:24649214,0,1.0
gi:24646908,gi:24647727,0,1.0
P75990,gi:28574886,0,0.0
gi:17136968,gi:28574432,0,1.0
Q9V3G3,gi:18858231,0,1.0
Q20223,gi:21355851,0,0.0
Q8T0S6,gi:24580564,0,1.0
gi:19922726,gi:24646607,0,1.0
P02990,gi:28574472,0,0.0
P31009,Q02330,0,0.0
gi:24651641,gi:24659272,0,1.0
gi:21357537,gi:24662946,0,1.0
Q9N5V3,gi:24762755,0,0.0
Q8T3G3,gi:24762779,0,0.0
P33937,P71243,0,1.0
gi:24640704,gi:24646199,0,1.0
gi:24643118,gi:24650208,0,1.0
P75776,Q22799,0,0.0
gi:17552180,gi:19920376,0,0.0
Q24186,gi:23397623,0,1.0
P18102,gi:24584835,0,1.0
P00824,gi:24638976,0,0.0
Q21453,Q95QA6,0,1.0
P09097,gi:18859953,0,0.0
P36564,gi:24648010,0,0.0
gi:24640430,gi:24666323,0,1.0
P37618,gi:24584032,0,0.0
gi:21357387,gi:24665197,0,1.0
gi:24648592,gi:24664257,0,1.0
Q9XWC9,gi:24658206,0,0.0
gi:17136488,gi:24649703,0,1.0
P13008,gi:28574298,0,1.0
P45567,gi:24586167,0,0.0
Q9NAD6,gi:24663901,0,0.0
gi:21356073,gi:32566206,0,0.0
Q93637,gi:24662729,0,0.0
O61208,Q22619,0,1.0
gi:20130331,gi:21355869,0,1.0
O17030,gi:28574950,0,0.0
P22186,Q23158,0,0.0
Q9XYC3,gi:21357969,0,0.0
P10180,gi:24582306,0,1.0
gi:21357999,gi:23397623,0,1.0
gi:17137648,gi:21357305,0,1.0
P42550,gi:23397621,0,0.0
O01900,gi:24646369,0,0.0
O17670,P37682,0,0.0
gi:19922150,gi:24638894,0,1.0
Q8MQ56,gi:24657306,0,0.0
gi:17137760,gi:17737643,0,1.0
gi:24581542,gi:24642670,0,1.0
gi:17136864,gi:24644242,0,1.0
gi:17136968,gi:24656137,0,1.0
O45003,gi:24657732,0,0.0
Q8MSS1,gi:24657504,0,1.0
P02425,P10041,0,0.0
P04153,gi:18543207,0,0.0
P51403,gi:24649695,0,0.0
P02359,P02425,0,1.0
gi:24583294,gi:28573563,0,1.0
gi:24586133,gi:24655474,0,1.0
gi:24662830,gi:30923655,0,1.0
gi:24585156,gi:24641957,0,1.0
P02425,gi:24647905,0,0.0
P06961,gi:24667841,0,0.0
gi:17136748,gi:24644675,0,1.0
P37765,gi:24638978,0,0.0
P02359,gi:24651924,0,0.0
Q02361,gi:17647341,0,1.0
Q9TXH9,gi:24643978,0,0.0
P02366,gi:24644675,0,0.0
gi:20128797,gi:24665950,0,1.0
P90920,Q17878,0,1.0
P04993,Q27297,0,0.0
gi:18859939,gi:28573207,0,1.0
gi:24649564,gi:24650248,0,1.0
P25521,P49258,0,0.0
Q24400,gi:24642136,0,1.0
Q8MSF5,gi:18858125,0,1.0
O46106,gi:18858055,0,1.0
Q23158,gi:18543183,0,0.0
gi:17986187,gi:20129291,0,1.0
P34369,gi:21356741,0,0.0
P36979,gi:24584039,0,0.0
P34086,gi:19920922,0,0.0
Q95QA6,gi:24585132,0,0.0
O02592,Q18945,0,1.0
gi:21356041,gi:24652842,0,1.0
P54412,gi:17137760,0,0.0
P23792,gi:24649210,0,1.0
P41999,P77734,0,0.0
P25228,Q9VXX8,0,1.0
gi:24584525,gi:24661707,0,1.0
Q22095,gi:21355555,0,0.0
P36564,gi:21356785,0,0.0
O17670,Q8MYM9,0,1.0
P02420,gi:24640527,0,0.0
Q94239,gi:24585618,0,0.0
gi:24762726,gi:28571678,0,1.0
P02361,gi:21355717,0,0.0
P02934,P55841,0,0.0
gi:24655228,gi:28574516,0,1.0
P09089,gi:19920876,0,1.0
Q9NAE1,gi:24649109,0,0.0
gi:17136826,gi:24654017,0,1.0
Q09506,gi:28574383,0,0.0
P25522,Q9VXX8,0,0.0
O17615,P06002,0,0.0
gi:24642547,gi:24644819,0,1.0
gi:24645887,gi:24651021,0,1.0
P03017,gi:24652344,0,0.0
P37181,gi:20129907,0,0.0
P02367,gi:24662634,0,0.0
gi:24665154,gi:28574726,0,1.0
P15716,gi:24649158,0,0.0
P06277,gi:21357653,0,0.0
O01482,gi:24652344,0,0.0
gi:17137074,gi:19921778,0,1.0
P37146,gi:24661136,0,0.0
gi:24647468,gi:28574744,0,1.0
O44606,gi:24657739,0,0.0
P03815,gi:24640994,0,0.0
gi:24649646,gi:28571447,0,1.0
Q18529,gi:24646593,0,0.0
P13706,gi:24638532,0,1.0
gi:19921132,gi:24583134,0,1.0
Q9GZF1,gi:24656959,0,0.0
P07655,gi:24641732,0,0.0
Q20002,gi:19920386,0,0.0
P30856,gi:24583691,0,0.0
gi:24640527,gi:24659451,0,1.0
Q24117,gi:24583041,0,1.0
gi:24645177,gi:24646212,0,1.0
Q20308,gi:24652882,0,0.0
P41093,gi:21355507,0,1.0
O17776,P17580,0,0.0
P75966,gi:24642882,0,0.0
gi:19921660,gi:19922492,0,1.0
O17670,P02388,0,0.0
gi:24583894,gi:24643156,0,1.0
Q27297,gi:24660270,0,1.0
gi:19921326,gi:24645542,0,1.0
Q9U1S2,gi:24649158,0,0.0
P14785,gi:21356739,0,1.0
P02384,gi:24647143,0,0.0
Q95Y94,gi:28574228,0,0.0
Q9N4Z2,gi:24666790,0,0.0
Q95Q26,gi:24643715,0,0.0
gi:19921660,gi:24581314,0,1.0
P37624,gi:21355851,0,0.0
gi:24648929,gi:24649114,0,1.0
gi:20128977,gi:24646017,0,1.0
P75966,gi:24646318,0,0.0
P02410,P04384,0,1.0
P33356,gi:29570440,0,0.0
gi:24662048,gi:28573199,0,1.0
gi:18543301,gi:24644047,0,1.0
gi:24644498,gi:24653096,0,1.0
gi:24580949,gi:28574071,0,1.0
gi:19920576,gi:24660416,0,1.0
O45521,gi:24653674,0,0.0
gi:17647503,gi:18858125,0,1.0
P15372,gi:24649114,0,1.0
gi:19922640,gi:24584828,0,1.0
P02420,gi:21355643,0,0.0
P00892,gi:17864630,0,0.0
gi:17648053,gi:24663548,0,1.0
gi:24640704,gi:24657743,0,1.0
P29132,gi:21358569,0,0.0
Q24253,gi:24641673,0,1.0
gi:24584835,gi:24659451,0,1.0
P02414,P08177,0,1.0
P52487,gi:24642125,0,1.0
P15038,gi:24582172,0,0.0
P17579,Q9N366,0,0.0
P36997,gi:19921030,0,0.0
gi:13324910,gi:24582048,0,0.0
Q9VH95,gi:24647905,0,1.0
P75825,gi:24650311,0,0.0
gi:24584736,gi:24646207,0,1.0
gi:24645148,gi:24651339,0,1.0
Q22886,gi:24658229,0,0.0
P09097,gi:17864162,0,0.0
P76504,gi:21357761,0,0.0
gi:21357761,gi:24583618,0,1.0
gi:21357023,gi:24582746,0,1.0
gi:18859843,gi:24663913,0,1.0
Q20502,Q9VGX3,0,0.0
gi:24640905,gi:24641561,0,1.0
P31805,gi:23397623,0,0.0
O44606,gi:24667760,0,0.0
gi:21357861,gi:24584547,0,1.0
O46106,gi:24652897,0,1.0
P11096,P91505,0,0.0
O17353,Q22799,0,1.0
P25521,gi:24641198,0,0.0
P13097,P30632,0,0.0
P31009,gi:24586311,0,1.0
gi:17137582,gi:24662973,0,1.0
P02428,gi:28571445,0,0.0
gi:17137700,gi:24664132,0,1.0
P06993,gi:24644047,0,0.0
P02996,P41094,0,0.0
Q21648,gi:21356595,0,0.0
P13008,P42184,0,0.0
P07011,gi:24663462,0,0.0
P24991,gi:24584547,0,0.0
P48154,P48588,0,0.0
gi:21356927,gi:24585488,0,1.0
P17886,gi:21357737,0,1.0
P08324,gi:17864662,0,0.0
P00490,gi:24650154,0,0.0
gi:21955284,gi:24584673,0,1.0
gi:24643423,gi:24665135,0,1.0
gi:19922268,gi:20128911,0,1.0
P03007,gi:24642808,0,0.0
P08177,gi:24585079,0,0.0
P39346,gi:24647436,0,0.0
P00574,gi:24665583,0,0.0
Q09487,gi:24654542,0,0.0
Q9XXA2,gi:19921992,0,0.0
P76086,gi:24640855,0,0.0
Q9VCH4,gi:24663304,0,1.0
P05084,Q9XYC3,0,0.0
P32049,gi:24651579,0,0.0
gi:20128977,gi:24647143,0,1.0
P08400,gi:17137700,0,0.0
O01894,P08846,0,0.0
gi:21357023,gi:24646440,0,1.0
P08400,gi:20129967,0,0.0
P09160,Q24564,0,0.0
P43510,gi:24638766,0,0.0
P13060,gi:21356121,0,1.0
P22058,gi:24657218,0,1.0
P02408,gi:24640938,0,0.0
gi:22023983,gi:24657684,0,1.0
O01666,gi:24648444,0,1.0
P10379,Q22544,0,0.0
Q9Y050,gi:24581939,0,0.0
P24237,gi:24643211,0,0.0
P91280,Q20660,0,1.0
P77310,gi:20130193,0,0.0
P02341,gi:24641575,0,0.0
O61799,gi:24643937,0,0.0
gi:24640635,gi:24651924,0,1.0
P00482,P06959,0,1.0
P07682,gi:24659237,0,0.0
gi:21355865,gi:24655228,0,1.0
gi:24655187,gi:28574237,0,1.0
gi:21357161,gi:21358481,0,1.0
gi:24660416,gi:28574764,0,1.0
Q9XZS4,gi:19921850,0,1.0
P91250,gi:24583894,0,0.0
O16198,P10484,0,0.0
Q19008,gi:24583894,0,0.0
gi:24650473,gi:24653614,0,1.0
gi:24640430,gi:24641328,0,1.0
gi:24656938,gi:24668563,0,1.0
O01869,P21461,0,0.0
P36539,gi:20129741,0,0.0
Q20052,gi:17352479,0,0.0
P02342,gi:17647523,0,0.0
P14825,gi:17738243,0,0.0
gi:17933532,gi:24584043,0,1.0
P16378,gi:24655741,0,1.0
P30052,gi:20129347,0,1.0
gi:17864460,gi:28571447,0,1.0
gi:24581939,gi:24584893,0,1.0
gi:17647581,gi:28573264,0,1.0
gi:19921458,gi:24646878,0,1.0
P06959,gi:24585313,0,0.0
P02424,P39290,0,1.0
Q94883,gi:18543285,0,1.0
gi:19920776,gi:24653805,0,1.0
O96860,gi:19922670,0,1.0
P13008,gi:24583312,0,1.0
P24182,gi:24585943,0,0.0
gi:24644386,gi:24667760,0,1.0
P05848,gi:24646073,0,0.0
gi:24650373,gi:24659182,0,1.0
gi:17864264,gi:17864566,0,1.0
Q9NA30,gi:21358339,0,0.0
Q9TZ39,gi:24666532,0,0.0
P02914,gi:24648615,0,0.0
P02366,gi:24639272,0,0.0
P00575,gi:24650924,0,0.0
P14785,gi:19922546,0,1.0
P02423,gi:24658861,0,0.0
O18405,gi:28573795,0,1.0
gi:21355125,gi:25149417,0,0.0
Q8T053,gi:21357113,0,1.0
P34655,gi:21356285,0,0.0
gi:24664951,gi:28573549,0,1.0
gi:17530833,gi:24586240,0,1.0
gi:17136748,gi:25148780,0,0.0
gi:18860011,gi:21687092,0,1.0
gi:24640853,gi:24665761,0,1.0
Q17878,gi:21355451,0,0.0
Q09975,gi:21358039,0,0.0
gi:20129165,gi:24581465,0,1.0
gi:20128797,gi:28574527,0,1.0
gi:24581602,gi:24650168,0,1.0
Q01068,gi:21356967,0,1.0
Q94420,gi:24644242,0,0.0
gi:17137584,gi:28571587,0,1.0
P09156,Q02361,0,0.0
P41093,gi:24584043,0,1.0
gi:24582094,gi:28572018,0,1.0
P25539,Q9XVB1,0,0.0
Q9XYM0,gi:24647942,0,1.0
Q46833,Q9XXA2,0,0.0
gi:19920626,gi:24650935,0,1.0
P02359,P30867,0,1.0
Q9U1S2,gi:21358247,0,0.0
P02373,gi:24663043,0,0.0
O61967,Q9XUB3,0,1.0
Q24475,gi:19921458,0,1.0
P23757,P37047,0,0.0
gi:20129301,gi:20130017,0,1.0
gi:17647589,gi:24649345,0,1.0
P07655,gi:24643822,0,0.0
gi:24583165,gi:24584828,0,1.0
O17982,P23482,0,0.0
P08570,P08756,0,0.0
P0A6F9,gi:18543285,0,0.0
Q9U9Y8,gi:17986069,0,0.0
gi:17998687,gi:24655053,0,1.0
gi:24653649,gi:24668309,0,1.0
P17580,Q20956,0,0.0
gi:20130331,gi:28558739,0,1.0
P13060,gi:19922274,0,1.0
P49041,gi:19920706,0,0.0
P76170,P76339,0,1.0
gi:24641328,gi:24651203,0,1.0
Q9NAE9,gi:21358101,0,0.0
P42641,gi:24661136,0,0.0
gi:21357311,gi:24641388,0,1.0
gi:18859713,gi:21356397,0,1.0
Q22227,gi:24581976,0,0.0
Q9V564,gi:24650284,0,1.0
gi:17647735,gi:21355125,0,1.0
Q10577,gi:24651326,0,0.0
Q22388,Q9VYD7,0,0.0
gi:24644207,gi:24645425,0,1.0
gi:24642484,gi:28571678,0,1.0
P0A6F5,Q19294,0,0.0
gi:24581698,gi:28574707,0,1.0
gi:24645332,gi:24648294,0,1.0
Q22174,gi:24641429,0,0.0
gi:21357761,gi:28574778,0,1.0
O77430,gi:28574443,0,1.0
P21499,Q19202,0,0.0
Q20002,gi:24585943,0,0.0
P37765,gi:24665297,0,0.0
O61967,gi:21356785,0,0.0
gi:24647508,gi:24665761,0,1.0
Q57083,gi:24664191,0,0.0
P39286,gi:24649695,0,0.0
P91471,gi:17136258,0,0.0
Q9U1S2,gi:24642484,0,0.0
Q09587,gi:24665583,0,0.0
O16364,Q18967,0,1.0
gi:21356785,gi:24639301,0,1.0
O16364,gi:19920984,0,0.0
P18102,gi:24642703,0,1.0
Q24174,gi:24652930,0,1.0
Q8INW0,gi:24645869,0,1.0
Q9XU80,gi:17136804,0,0.0
gi:24658363,gi:32566959,0,0.0
P02342,Q9VR59,0,0.0
gi:24642214,gi:24658342,0,1.0
O16366,P07376,0,0.0
P23696,gi:21357019,0,1.0
P02364,P50882,0,0.0
P02410,gi:20130067,0,0.0
Q94272,gi:24653618,0,0.0
gi:24580900,gi:24651610,0,1.0
Q21418,gi:24643702,0,0.0
P23304,gi:24644242,0,0.0
P54745,gi:24638845,0,0.0
Q9TYY1,gi:28573732,0,0.0
Q95QD1,gi:18543285,0,0.0
P76339,gi:24641798,0,0.0
Q06559,gi:19921904,0,1.0
gi:21357875,gi:24654782,0,1.0
P17579,gi:24646212,0,0.0
Q9VRX6,gi:24585327,0,1.0
P33930,gi:23397619,0,0.0
gi:24644093,gi:24657153,0,1.0
P18102,gi:24665095,0,1.0
P02990,gi:24583268,0,0.0
Q00748,gi:24581976,0,1.0
gi:24641567,gi:24643118,0,1.0
gi:17647653,gi:24662626,0,1.0
gi:24582212,gi:24762433,0,1.0
gi:17556801,gi:21356655,0,0.0
Q9VSJ8,gi:24582879,0,1.0
O45003,gi:20130261,0,0.0
Q18616,gi:24639794,0,0.0
O01482,gi:24659028,0,0.0
P40945,gi:24647921,0,1.0
P05055,gi:24649250,0,0.0
Q9VSJ8,gi:24649007,0,1.0
P02934,gi:17136732,0,0.0
P76594,gi:21358247,0,0.0
gi:24644274,gi:24646039,0,1.0
gi:20130417,gi:24650929,0,1.0
gi:24582306,gi:24762726,0,1.0
P24182,gi:24583803,0,0.0
O46106,gi:18859749,0,1.0
gi:17647939,gi:24657052,0,1.0
Q23985,gi:24655610,0,1.0
P02414,gi:24639681,0,0.0
O16500,gi:18858171,0,0.0
gi:18543289,gi:24650124,0,1.0
P02352,gi:24585795,0,0.0
P02410,gi:20129701,0,0.0
gi:24641280,gi:24646729,0,1.0
P76539,gi:24654854,0,0.0
gi:17136262,gi:24582172,0,1.0
Q01083,gi:17137200,0,1.0
P00582,gi:18858239,0,0.0
Q9W2M2,gi:21356695,0,1.0
Q22227,gi:28573975,0,0.0
P07487,P36541,0,0.0
gi:17137760,gi:26080373,0,1.0
O77430,P00475,0,0.0
gi:24584090,gi:24661822,0,1.0
P02384,P23932,0,1.0
Q95ZL4,gi:24661136,0,0.0
P28632,gi:24655840,0,0.0
Q9NAN2,gi:24584372,0,0.0
gi:24655187,gi:29570459,0,0.0
Q22847,gi:28574529,0,0.0
Q05856,gi:17737425,0,1.0
P17704,Q01083,0,1.0
gi:24647468,gi:25152916,0,0.0
Q24564,gi:24586585,0,1.0
O62195,gi:24581626,0,0.0
P04384,gi:20129729,0,0.0
P16528,P33360,0,1.0
P23758,gi:24642367,0,1.0
P17952,Q93346,0,0.0
P28632,P49906,0,0.0
O17981,gi:24649828,0,0.0
gi:17864460,gi:24583279,0,1.0
gi:19921830,gi:24762775,0,1.0
P02356,gi:24658229,0,0.0
gi:17647723,gi:24585051,0,1.0
gi:17986155,gi:24662729,0,1.0
gi:24584828,gi:24648444,0,1.0
P37765,gi:24654595,0,0.0
gi:20129291,gi:21357817,0,1.0
gi:21356595,gi:24638862,0,1.0
P02411,gi:24582746,0,0.0
gi:24650124,gi:24652737,0,1.0
P92004,gi:19920746,0,0.0
P20082,Q18529,0,0.0
P31473,gi:28573735,0,0.0
Q966M3,gi:24656245,0,0.0
gi:24648828,gi:24668631,0,1.0
Q24251,gi:17648063,0,1.0
P16659,gi:17136820,0,0.0
gi:19922798,gi:24640177,0,1.0
O45946,gi:20128985,0,0.0
gi:24643702,gi:30424329,0,0.0
gi:24661455,gi:24665761,0,1.0
P02413,gi:24641634,0,0.0
Q9VNE9,gi:28573563,0,1.0
gi:20130151,gi:24649087,0,1.0
gi:19922206,gi:24583947,0,1.0
gi:19920552,gi:20130281,0,1.0
gi:24643476,gi:24656808,0,1.0
P00528,P25007,0,1.0
gi:24647572,gi:24662155,0,1.0
P21774,gi:28572963,0,0.0
gi:24655577,gi:24663304,0,1.0
Q20485,Q9XW88,0,1.0
gi:21356743,gi:24644214,0,1.0
O16011,gi:28574860,0,1.0
P00951,gi:21358383,0,0.0
gi:20129853,gi:24586067,0,1.0
O01482,gi:28573466,0,0.0
P39184,gi:20130151,0,0.0
P77499,gi:20428641,0,0.0
Q24141,gi:21358297,0,1.0
Q8ST15,gi:20128793,0,0.0
gi:20129331,gi:24585813,0,1.0
P24991,Q95Q08,0,0.0
P34420,gi:24638982,0,0.0
P39745,Q9V9Z9,0,0.0
Q46802,gi:21357737,0,0.0
gi:20130087,gi:24585943,0,1.0
gi:24580677,gi:24584835,0,1.0
P00634,gi:23397595,0,0.0
P23839,gi:17137696,0,0.0
P00647,gi:24638754,0,0.0
P10987,Q9V6X7,0,1.0
Q19902,gi:24666836,0,0.0
P37188,Q9XXK1,0,0.0
gi:19921306,gi:24663131,0,1.0
gi:24581901,gi:24584496,0,1.0
P02351,gi:24647385,0,0.0
P00482,P11455,0,0.0
gi:20129481,gi:21357589,0,1.0
O61521,Q9XTD1,0,1.0
P15032,gi:17136256,0,0.0
P53034,Q9XUS3,0,0.0
gi:17136720,gi:24647759,0,1.0
gi:20129835,gi:22024201,0,1.0
P10408,gi:24652290,0,0.0
O45666,gi:21356889,0,0.0
P02411,P14294,0,1.0
P39290,gi:24586048,0,0.0
P76091,Q94523,0,0.0
gi:24583355,gi:24641997,0,1.0
Q9U1U3,gi:24652733,0,0.0
P77247,gi:19921312,0,0.0
O16519,gi:30923725,0,0.0
Q9TXX2,gi:21356995,0,0.0
gi:24650937,gi:24655153,0,1.0
P00574,P28159,0,0.0
gi:24641567,gi:24649454,0,1.0
Q22174,gi:24641734,0,0.0
P11455,gi:17864328,0,1.0
gi:17136294,gi:24762837,0,1.0
gi:21355125,gi:21357537,0,1.0
Q03598,Q09542,0,1.0
P30146,Q9N393,0,0.0
Q95Q26,gi:24646058,0,0.0
P02349,gi:24640264,0,0.0
gi:17136788,gi:28573486,0,1.0
P0A6N1,gi:24646737,0,0.0
Q8IGR0,gi:24649214,0,1.0
O45521,gi:17933592,0,0.0
Q9VD25,gi:24586562,0,1.0
P90783,Q965X6,0,1.0
gi:20130125,gi:21356995,0,1.0
gi:24640086,gi:24655187,0,1.0
P13008,gi:17553966,0,0.0
Q22354,gi:18860011,0,0.0
gi:24662634,gi:24666694,0,1.0
P02835,Q22799,0,0.0
gi:17137168,gi:24647855,0,1.0
Q22886,gi:24762622,0,0.0
P29209,Q10667,0,0.0
P02824,gi:24650311,0,1.0
P10987,gi:18859825,0,1.0
gi:24645413,gi:24659237,0,1.0
gi:17137758,gi:24580914,0,1.0
gi:24651454,gi:24665331,0,1.0
P31473,Q09417,0,0.0
Q24255,gi:24585156,0,1.0
gi:24657743,gi:28573019,0,1.0
Q9VSS2,gi:24583803,0,1.0
O96827,P40427,0,1.0
P32125,gi:24649345,0,0.0
gi:24651539,gi:24655888,0,1.0
gi:18858043,gi:24643447,0,1.0
gi:18857963,gi:28572997,0,1.0
Q18043,gi:24584017,0,0.0
gi:24643755,gi:24656431,0,1.0
P13706,gi:24663657,0,1.0
gi:19921596,gi:25150348,0,0.0
gi:24643375,gi:24648207,0,1.0
gi:17530957,gi:19920706,0,1.0
P02423,P22058,0,0.0
Q20271,gi:24668704,0,0.0
P00490,P23484,0,1.0
gi:24662431,gi:28572124,0,1.0
P10485,gi:19922726,0,0.0
P15040,gi:19920978,0,0.0
gi:24639715,gi:24651690,0,1.0
gi:24585236,gi:24641792,0,1.0
P18824,gi:18858043,0,1.0
P04993,gi:24666096,0,0.0
P37236,gi:24641673,0,1.0
gi:17137616,gi:17647757,0,1.0
P02369,gi:24762726,0,0.0
P75832,gi:24581484,0,0.0
gi:24649101,gi:24654172,0,1.0
gi:20129621,gi:24583134,0,1.0
gi:24649638,gi:24663027,0,1.0
Q9XYC3,gi:24645841,0,0.0
P03052,P36929,0,1.0
O02365,gi:24650862,0,0.0
gi:17137216,gi:19922106,0,1.0
P40427,gi:24583061,0,1.0
P14081,gi:24585240,0,0.0
P31805,gi:28573491,0,0.0
Q09485,gi:18858069,0,0.0
gi:21357817,gi:24647931,0,1.0
P02392,gi:24657153,0,0.0
P13479,P27305,0,1.0
P40427,gi:24762775,0,1.0
Q18043,gi:24640777,0,0.0
gi:24645545,gi:28573264,0,1.0
P02990,P77395,0,1.0
Q18240,gi:21356621,0,0.0
P03017,gi:24582879,0,0.0
P06277,gi:24649519,0,0.0
P02999,gi:21356727,0,0.0
gi:24658370,gi:28574303,0,1.0
P28692,gi:17647899,0,0.0
P31806,gi:24649158,0,0.0
gi:24651539,gi:24762757,0,1.0
gi:17137268,gi:18858123,0,1.0
Q9N5N7,gi:21356031,0,0.0
P02423,P20083,0,1.0
Q9VSS2,gi:21358019,0,1.0
gi:21356019,gi:24665247,0,1.0
gi:24653649,gi:28571412,0,1.0
P41830,gi:28573393,0,0.0
Q9VAW0,gi:28573464,0,1.0
gi:17137234,gi:24668006,0,1.0
Q18239,gi:24645425,0,0.0
gi:19921530,gi:28571660,0,1.0
P76195,gi:21356041,0,0.0
gi:24643542,gi:24665661,0,1.0
gi:17137420,gi:19922382,0,1.0
P23932,gi:24655121,0,0.0
gi:24581089,gi:24649519,0,1.0
P24210,gi:17136830,0,0.0
P19018,gi:24586621,0,1.0
P31473,gi:17647723,0,0.0
O01666,gi:24585353,0,1.0
O01802,O62622,0,0.0
P02419,gi:24639812,0,0.0
Q22799,gi:24638625,0,0.0
P39159,gi:24644797,0,0.0
P02358,gi:24654325,0,0.0
Q9VMW8,gi:24667258,0,1.0
P19935,gi:17537175,0,0.0
gi:24649158,gi:24649976,0,1.0
Q22860,gi:24586252,0,0.0
P02995,gi:24656161,0,0.0
P75776,gi:17352479,0,0.0
Q9W3R7,gi:17137572,0,1.0
P33594,gi:22024283,0,0.0
gi:24648401,gi:24666694,0,1.0
P37236,Q17878,0,0.0
gi:20129923,gi:24667063,0,1.0
gi:22024114,gi:24668444,0,1.0
Q17878,gi:20130351,0,0.0
P07187,Q19088,0,0.0
gi:24639740,gi:24651665,0,1.0
P23893,gi:28571430,0,0.0
Q9V831,gi:24640672,0,1.0
P21645,gi:24640959,0,0.0
Q9UAX1,gi:19921710,0,0.0
O45799,gi:24638591,0,0.0
P00579,P33021,0,1.0
P33643,Q9XTB3,0,0.0
P06959,Q21127,0,0.0
Q9U296,gi:17137696,0,0.0
P28909,gi:24661359,0,0.0
Q08012,gi:24644797,0,1.0
P13036,gi:20129131,0,0.0
P02354,gi:19921030,0,0.0
gi:24644521,gi:24665583,0,1.0
gi:21356041,gi:24641578,0,1.0
gi:18860017,gi:24654578,0,1.0
P02516,gi:24654843,0,1.0
Q24141,gi:21358379,0,1.0
gi:18859691,gi:24663228,0,1.0
gi:18859833,gi:24653649,0,1.0
P39159,gi:24643516,0,0.0
P13096,gi:24585156,0,1.0
gi:21355719,gi:24656161,0,1.0
gi:17530793,gi:19920688,0,1.0
Q22123,gi:28573213,0,0.0
O46084,gi:24648195,0,1.0
gi:24582643,gi:24586048,0,1.0
gi:20129123,gi:24651377,0,1.0
P17288,gi:24585060,0,0.0
P34604,Q9W4P5,0,0.0
Q960E8,gi:18858161,0,1.0
O18302,P17205,0,0.0
P76042,gi:18858095,0,0.0
Q17559,gi:21355383,0,0.0
P77756,gi:24649906,0,0.0
P55828,gi:21356873,0,1.0
P02517,P25663,0,0.0
gi:19920584,gi:24651897,0,1.0
gi:24639301,gi:24657023,0,1.0
P02999,gi:24642808,0,0.0
gi:24584547,gi:24585681,0,1.0
P00580,P19675,0,1.0
P16528,gi:24583567,0,0.0
gi:24585242,gi:28574383,0,1.0
gi:21355617,gi:24643168,0,1.0
P31120,gi:24641616,0,0.0
gi:17137648,gi:21355491,0,1.0
Q95QX3,gi:24655644,0,0.0
gi:21356073,gi:24643282,0,1.0
gi:20129795,gi:28573662,0,1.0
gi:24638927,gi:24649109,0,1.0
gi:17136506,gi:22026918,0,1.0
gi:24585242,gi:24639822,0,1.0
P08756,P24210,0,1.0
gi:18858055,gi:24653459,0,1.0
gi:19922620,gi:24642484,0,1.0
gi:17137648,gi:24652386,0,1.0
P91505,gi:24649072,0,0.0
gi:24582846,gi:24650356,0,1.0
O17836,gi:24650168,0,0.0
gi:19920376,gi:24641921,0,1.0
Q9VE00,gi:24646485,0,1.0
Q9XUM0,gi:19920406,0,0.0
gi:21355785,gi:24654082,0,1.0
gi:19920576,gi:24652897,0,1.0
gi:24656431,gi:24667546,0,1.0
P48603,Q9NHP1,0,1.0
gi:28572043,gi:28573278,0,1.0
P09097,P91001,0,0.0
gi:17136732,gi:21357915,0,1.0
gi:24640672,gi:24644116,0,1.0
P23485,gi:21357869,0,0.0
gi:19921672,gi:24585191,0,1.0
gi:18921137,gi:24642547,0,1.0
Q9W123,gi:24639782,0,1.0
P10440,P36679,0,1.0
P33635,gi:17136216,0,0.0
P76195,gi:24582006,0,0.0
P37765,gi:20129859,0,0.0
Q24400,gi:19920434,0,1.0
gi:24581838,gi:24662431,0,1.0
gi:21358039,gi:28572043,0,1.0
P31805,gi:24663861,0,0.0
Q27606,gi:28574720,0,1.0
P00475,P02839,0,0.0
P30745,Q9VCZ8,0,0.0
gi:19920706,gi:24665469,0,1.0
gi:17137616,gi:24645177,0,1.0
O17801,gi:24663462,0,0.0
O77051,gi:17737433,0,1.0
P00574,Q24423,0,0.0
P04951,P39159,0,1.0
P02408,P41094,0,0.0
Q9VVT2,gi:21357851,0,1.0
Q9GYR5,gi:24580731,0,0.0
gi:19922660,gi:21357547,0,1.0
Q8MSI2,gi:24640119,0,1.0
P06959,gi:28573278,0,0.0
P11880,gi:24666323,0,0.0
Q9W1C9,gi:24582283,0,1.0
Q21746,gi:24650871,0,0.0
gi:17136368,gi:19922560,0,1.0
Q9U395,gi:28574555,0,0.0
P20083,P36540,0,1.0
P05100,gi:19921250,0,0.0
P36659,gi:28574757,0,0.0
P35415,gi:24643578,0,1.0
gi:24640268,gi:24642214,0,1.0
P17205,Q9U1T6,0,0.0
O16783,Q9VMW8,0,0.0
P08756,Q18529,0,0.0
Q8WTL9,gi:22026816,0,0.0
gi:24662288,gi:24667063,0,1.0
gi:24639304,gi:24667089,0,1.0
P23792,gi:28574286,0,1.0
gi:18860017,gi:32565589,0,0.0
P08324,gi:24652897,0,0.0
P02378,P06958,0,1.0
O62622,Q17935,0,0.0
P02411,gi:24643516,0,0.0
P08622,gi:24651671,0,0.0
gi:17352479,gi:24661136,0,1.0
Q02361,gi:21355477,0,1.0
gi:17137572,gi:24585730,0,1.0
P06959,gi:24667089,0,0.0
gi:17986155,gi:24648690,0,1.0
gi:24649047,gi:24650786,0,1.0
P47991,gi:21358161,0,0.0
gi:17136294,gi:24585795,0,1.0
P17276,gi:24643831,0,1.0
P06603,gi:24646114,0,1.0
Q24337,gi:17737302,0,1.0
gi:24640647,gi:28574582,0,1.0
Q24570,gi:18859657,0,1.0
Q9N517,gi:19920586,0,0.0
P03020,gi:28571447,0,0.0
O44783,P48987,0,1.0
gi:19922458,gi:19923044,0,1.0
P00391,Q93228,0,0.0
Q9W5R5,gi:24640029,0,1.0
gi:19923004,gi:24655616,0,1.0
gi:20128837,gi:24642267,0,1.0
P11604,gi:24654934,0,0.0
gi:24658714,gi:24661872,0,1.0
O45666,Q21307,0,1.0
gi:17530833,gi:20130121,0,1.0
P00575,gi:28574443,0,0.0
P21645,gi:24582172,0,0.0
gi:24582540,gi:24585981,0,1.0
gi:24638750,gi:24649099,0,1.0
P02375,gi:24642125,0,0.0
gi:20130425,gi:24648281,0,1.0
gi:24585358,gi:24666434,0,1.0
gi:24639632,gi:24643634,0,1.0
gi:24639715,gi:24661455,0,1.0
gi:24638750,gi:24640903,0,1.0
P02359,gi:24648549,0,0.0
Q9N3Y1,gi:24644819,0,0.0
gi:17137184,gi:20129477,0,1.0
Q9U3S0,gi:24648294,0,0.0
gi:24643497,gi:24658370,0,1.0
Q22174,gi:17864452,0,0.0
Q9VH39,gi:21355869,0,1.0
Q17868,Q8WQC6,0,1.0
gi:17647815,gi:24644819,0,1.0
gi:19922924,gi:24652235,0,1.0
P54412,gi:21356227,0,0.0
P02352,P02901,0,1.0
O45521,P02370,0,0.0
P02999,gi:17738089,0,0.0
Q20742,gi:24655759,0,0.0
P10413,P16241,0,0.0
gi:17137310,gi:24641790,0,1.0
gi:17136256,gi:24641790,0,1.0
gi:17647723,gi:24582846,0,1.0
P02934,P54353,0,0.0
gi:17136934,gi:21357455,0,1.0
P37765,gi:17647979,0,0.0
P54397,gi:19922686,0,1.0
P11455,Q9VJV9,0,1.0
P04384,gi:17647581,0,0.0
P04286,gi:28574876,0,0.0
Q02330,gi:18543205,0,0.0
P36539,P53016,0,0.0
gi:24643172,gi:24651924,0,1.0
gi:19921946,gi:24582306,0,1.0
gi:19920978,gi:24586270,0,1.0
P10987,Q17359,0,0.0
Q20665,gi:21356727,0,0.0
P02834,gi:24582096,0,1.0
P25540,gi:24641535,0,0.0
Q00963,gi:24646729,0,1.0
P08266,P14734,0,1.0
P13607,gi:24649262,0,1.0
gi:19922620,gi:24642267,0,1.0
P22563,gi:17738005,0,0.0
gi:17647911,gi:20129835,0,1.0
P13060,gi:24641555,0,1.0
P33138,gi:20130085,0,0.0
Q09417,gi:24641758,0,0.0
O77260,gi:30923613,0,1.0
gi:24584413,gi:24762363,0,1.0
P06710,gi:24649183,0,0.0
P28631,gi:24667285,0,0.0
P39286,gi:24586270,0,0.0
P28689,gi:24584804,0,0.0
P16163,gi:24582306,0,1.0
gi:24583873,gi:24667063,0,1.0
P06138,gi:24650202,0,0.0
Q18503,gi:19920636,0,0.0
P02410,gi:17136258,0,0.0
P15330,gi:20130193,0,1.0
P25540,Q22227,0,0.0
gi:24666694,gi:24667063,0,1.0
Q20002,gi:19922584,0,0.0
P14825,gi:19922100,0,0.0
O44424,P17580,0,0.0
P42550,Q24368,0,0.0
O01482,P45962,0,1.0
gi:17530817,gi:24658714,0,1.0
P32168,gi:24654522,0,0.0
gi:20128797,gi:24585313,0,1.0
gi:17136692,gi:24665657,0,1.0
Q9TZ16,gi:17864576,0,0.0
Q21932,gi:24639986,0,0.0
gi:18857963,gi:24663118,0,1.0
Q46847,gi:24639782,0,0.0
Q9XUP3,gi:24648484,0,0.0
gi:21355521,gi:24585353,0,1.0
P21774,gi:24643151,0,0.0
gi:19921306,gi:28574555,0,1.0
gi:21355547,gi:24584798,0,1.0
gi:19920682,gi:24642756,0,1.0
P90814,Q9XWM2,0,1.0
gi:24642235,gi:24660270,0,1.0
gi:24762519,gi:28573965,0,1.0
P22257,P37190,0,1.0
P49405,gi:24662317,0,0.0
P23304,gi:24655474,0,0.0
P0A6N1,gi:24652344,0,0.0
P52295,gi:24665657,0,1.0
P06712,gi:24641410,0,0.0
P16163,Q95ZX3,0,0.0
gi:24667063,gi:28574472,0,1.0
P14374,gi:24652930,0,0.0
P31059,gi:17136948,0,0.0
gi:24650714,gi:24654782,0,1.0
Q9XUB8,gi:21357369,0,0.0
gi:24585618,gi:24648329,0,1.0
P09491,gi:21356265,0,1.0
gi:19921672,gi:24651364,0,1.0
gi:19920910,gi:20129703,0,1.0
Q19872,gi:17864576,0,0.0
gi:19922352,gi:21356061,0,1.0
gi:24582182,gi:24640510,0,1.0
P02420,gi:24640817,0,0.0
gi:24666790,gi:28573604,0,1.0
Q9N3Y1,gi:24664199,0,0.0
Q20798,gi:24647339,0,0.0
O01532,gi:17933748,0,0.0
P02843,gi:28571515,0,1.0
gi:17137168,gi:18859679,0,1.0
gi:20129617,gi:24649262,0,1.0
P48149,gi:24659237,0,1.0
gi:24642175,gi:28573604,0,1.0
Q94514,gi:21355815,0,1.0
P37024,gi:24649109,0,0.0
Q47130,gi:24643497,0,0.0
gi:24638750,gi:24651863,0,1.0
gi:19920350,gi:24582212,0,1.0
gi:21357595,gi:24581901,0,1.0
P23757,gi:24586167,0,1.0
gi:24583803,gi:24662288,0,1.0
gi:24642021,gi:28574851,0,1.0
gi:18860099,gi:24650208,0,1.0
P42593,gi:24642430,0,0.0
P02342,P02352,0,1.0
gi:24646729,gi:24648294,0,1.0
P04995,Q9VMT5,0,0.0
gi:18859635,gi:24581429,0,1.0
O45922,P36573,0,1.0
Q93339,gi:24645585,0,0.0
Q21453,gi:24639183,0,0.0
gi:19920746,gi:24643761,0,1.0
Q17339,gi:28571445,0,0.0
P40688,gi:24650346,0,1.0
gi:24640704,gi:28572129,0,1.0
P02356,P25539,0,1.0
gi:18857963,gi:24658492,0,1.0
gi:17137804,gi:21955284,0,1.0
gi:21355125,gi:24666836,0,1.0
P11875,gi:24641921,0,0.0
gi:24585236,gi:28573879,0,1.0
gi:19920984,gi:24641251,0,1.0
P39453,Q95QC4,0,0.0
O44424,P48603,0,1.0
O44740,P23487,0,0.0
gi:24649080,gi:28571176,0,1.0
P00634,gi:24645011,0,0.0
gi:21355331,gi:21356973,0,1.0
gi:19920922,gi:26080381,0,1.0
gi:24639687,gi:24650202,0,1.0
P09160,gi:17137220,0,0.0
P45464,Q24260,0,0.0
O18289,gi:21355851,0,0.0
Q09485,gi:24651179,0,0.0
P19675,gi:24639496,0,0.0
P45571,gi:17137692,0,0.0
O76908,Q04787,0,1.0
gi:21356337,gi:24647058,0,1.0
O62238,gi:19920358,0,0.0
O46100,gi:24643822,0,1.0
gi:17136732,gi:24654843,0,1.0
Q17975,gi:24583380,0,0.0
P46068,Q9V9J3,0,0.0
P08324,gi:17137560,0,0.0
Q95QA6,gi:21355231,0,0.0
Q9VMW8,gi:24667211,0,1.0
gi:18860011,gi:21357903,0,1.0
P05055,gi:24641616,0,0.0
P04475,P06710,0,1.0
gi:24585033,gi:24641790,0,1.0
P06710,gi:24640119,0,0.0
Q9XXI0,gi:24640285,0,0.0
P03844,P77376,0,1.0
gi:24645413,gi:24657218,0,1.0
P55828,gi:24654843,0,1.0
P00577,gi:24653350,0,0.0
P12998,Q9XTV2,0,0.0
Q8INW0,Q9W4P5,0,1.0
Q9VFC8,gi:24641935,0,1.0
gi:17737302,gi:20130365,0,1.0
P02416,Q9TVQ2,0,0.0
gi:24655187,gi:24656938,0,1.0
O45666,gi:28572043,0,0.0
P00914,P00932,0,1.0
P00577,gi:22024201,0,0.0
Q19569,Q9V8Y7,0,0.0
P03004,gi:24638862,0,0.0
O44783,gi:24667059,0,1.0
P17580,P42003,0,0.0
P28905,gi:19920978,0,0.0
gi:19920826,gi:24648207,0,1.0
gi:24658721,gi:24667285,0,1.0
O76511,gi:21355851,0,1.0
P00391,gi:24585132,0,0.0
Q24404,gi:28571819,0,1.0
P07666,P45567,0,0.0
P02351,gi:24655121,0,0.0
O46036,P0A9F1,0,0.0
P10440,gi:24638862,0,0.0
gi:18858161,gi:24647137,0,1.0
P52108,gi:24582467,0,0.0
Q21015,gi:24762582,0,0.0
gi:17647639,gi:17864566,0,1.0
gi:18543285,gi:28573466,0,1.0
gi:19921326,gi:19922268,0,1.0
P49905,gi:24583571,0,1.0
P17547,gi:24668091,0,0.0
Q94511,gi:24585013,0,1.0
Q20956,gi:24650009,0,0.0
Q9XUY5,gi:24649059,0,0.0
P41829,gi:19920406,0,0.0
Q19185,gi:25151901,0,1.0
Q9XU77,gi:24585033,0,0.0
Q27318,gi:20129243,0,0.0
Q09566,gi:24585156,0,0.0
P02901,gi:21358161,0,0.0
Q02361,gi:24667063,0,1.0
P37647,gi:24652344,0,0.0
P02905,Q20048,0,0.0
gi:17137800,gi:24585618,0,1.0
P20483,gi:17137454,0,1.0
gi:24582383,gi:24649695,0,1.0
P07487,gi:24642517,0,1.0
Q05856,gi:17137168,0,1.0
P02410,gi:17647581,0,0.0
P82147,gi:17647921,0,1.0
gi:19922440,gi:28573207,0,1.0
P39177,gi:21358145,0,0.0
P17886,P30625,0,0.0
gi:21356627,gi:28571396,0,1.0
P25845,gi:19921802,0,0.0
P08716,gi:24657054,0,0.0
P31059,gi:24663802,0,0.0
P17288,P75700,0,1.0
gi:21357313,gi:24638702,0,1.0
P32052,gi:24580815,0,0.0
P42184,Q24564,0,0.0
gi:19921078,gi:24586621,0,1.0
O17005,P00647,0,0.0
P02367,gi:19921030,0,0.0
gi:17136728,gi:24659237,0,1.0
Q9XWG3,gi:21357483,0,0.0
Q09485,gi:24652518,0,0.0
Q9VSS7,gi:24641449,0,1.0
gi:20129291,gi:24642559,0,1.0
gi:24654441,gi:24655121,0,1.0
Q19203,gi:24655606,0,0.0
P45970,gi:24653667,0,0.0
P37195,Q94420,0,0.0
P17579,gi:17933604,0,0.0
P77770,gi:28573781,0,0.0
P22058,gi:17647979,0,1.0
P30052,gi:28574119,0,1.0
gi:19922458,gi:24651665,0,1.0
P19538,gi:17137168,0,1.0
P42550,gi:24643741,0,0.0
P02422,Q17539,0,0.0
P39290,P82147,0,0.0
gi:21358569,gi:24646001,0,1.0
P02999,gi:21357669,0,0.0
Q19877,gi:24667764,0,0.0
P94739,gi:24661523,0,0.0
P06971,gi:19922086,0,0.0
gi:24580731,gi:24652972,0,1.0
gi:24648294,gi:24659863,0,1.0
P07666,P41999,0,0.0
P02408,gi:24652999,0,0.0
gi:18858055,gi:19921710,0,1.0
P00579,P05389,0,0.0
O02303,gi:24662048,0,0.0
P12982,gi:24660416,0,1.0
Q9U2Z5,gi:24654843,0,0.0
gi:20129433,gi:20130195,0,1.0
P36659,gi:24638845,0,0.0
P02384,Q19294,0,0.0
P21774,gi:21357761,0,0.0
Q8MSF5,gi:24641831,0,1.0
P61866,gi:24585132,0,0.0
O16511,P02370,0,0.0
gi:19922168,gi:28573368,0,1.0
P06967,gi:19920572,0,0.0
Q9TX74,gi:20130391,0,1.0
gi:24640959,gi:24665950,0,1.0
gi:24657019,gi:24665229,0,1.0
P12426,gi:21356355,0,1.0
gi:24582283,gi:24654245,0,1.0
O69415,gi:24583038,0,0.0
P52304,gi:24665657,0,1.0
P75707,gi:21355719,0,0.0
gi:24582294,gi:24662048,0,1.0
gi:24644051,gi:24653791,0,1.0
gi:19921144,gi:24662317,0,1.0
Q05201,gi:17737425,0,1.0
gi:19922660,gi:24659135,0,1.0
gi:17136972,gi:24656574,0,1.0
Q01644,Q9GU68,0,1.0
P13054,P14081,0,0.0
gi:20129745,gi:24657218,0,1.0
P0A6F5,gi:19922560,0,0.0
O46341,gi:24586282,0,1.0
O77260,Q9VKH0,0,1.0
gi:24582643,gi:24641689,0,1.0
P45803,gi:24581314,0,0.0
O45521,P22464,0,0.0
P26607,P32132,0,1.0
gi:24641280,gi:24641788,0,1.0
gi:17137764,gi:24645184,0,1.0
P17580,P19245,0,1.0
gi:24654944,gi:28573563,0,1.0
gi:21357669,gi:30923711,0,1.0
gi:24649007,gi:24663047,0,1.0
gi:18860005,gi:24641689,0,1.0
O46036,P02990,0,0.0
gi:24583312,gi:24652438,0,1.0
gi:18858007,gi:24642561,0,1.0
P02372,gi:22026880,0,0.0
gi:24581357,gi:24642021,0,1.0
gi:17137710,gi:28574406,0,1.0
P30745,P36573,0,0.0
P03815,P36541,0,1.0
O61345,P28905,0,0.0
gi:24642703,gi:24649895,0,1.0
gi:24650263,gi:24652268,0,1.0
Q24533,gi:24585091,0,1.0
gi:17136378,gi:24649114,0,1.0
Q9VSS2,gi:22024255,0,1.0
gi:24645053,gi:28572129,0,1.0
gi:24641921,gi:24649183,0,1.0
gi:21355279,gi:24666753,0,1.0
P05703,gi:21356311,0,0.0
gi:24639581,gi:24646860,0,1.0
gi:21357369,gi:24657218,0,1.0
gi:24585033,gi:24646105,0,1.0
O77260,P31690,0,0.0
P91419,gi:24649695,0,0.0
P02375,Q95Q26,0,0.0
P08177,gi:17137188,0,0.0
Q17539,gi:21355939,0,0.0
Q03601,gi:24651671,0,0.0
gi:24648917,gi:28573878,0,1.0
Q22168,Q9XYC3,0,1.0
Q19294,gi:22265930,0,1.0
Q19624,gi:24647455,0,0.0
P18784,gi:24652684,0,0.0
gi:24640607,gi:24663523,0,1.0
P02429,P17133,0,0.0
gi:17136864,gi:24661263,0,1.0
gi:24639017,gi:24639837,0,1.0
P02413,gi:17137616,0,0.0
P35415,gi:17647979,0,1.0
P31409,gi:20130151,0,1.0
gi:21358031,gi:21358145,0,1.0
gi:17535271,gi:20129451,0,0.0
P02409,P33138,0,1.0
P00574,gi:17136698,0,0.0
O18209,P10411,0,0.0
gi:18859939,gi:28573846,0,1.0
P28302,gi:24649007,0,0.0
P36975,Q46930,0,0.0
Q03334,gi:24649345,0,1.0
O44424,gi:24650937,0,1.0
gi:24762556,gi:30923711,0,1.0
gi:21357903,gi:24639301,0,1.0
P11457,gi:24642950,0,0.0
P19109,gi:24643702,0,1.0
P02410,gi:18543285,0,0.0
gi:18858209,gi:24645724,0,1.0
P11457,gi:17137700,0,0.0
Q9VLU0,gi:24661625,0,1.0
P02392,gi:24638609,0,0.0
O45364,Q8T7Z0,0,1.0
Q9V3P0,gi:17738129,0,1.0
Q11093,gi:25144646,0,1.0
P91015,gi:24645177,0,0.0
P10484,gi:24653514,0,0.0
gi:21356211,gi:24654296,0,1.0
P23696,gi:24580911,0,1.0
gi:24656938,gi:28573563,0,1.0
gi:24663548,gi:28571965,0,1.0
O45521,gi:24639496,0,0.0
P24236,gi:28573207,0,0.0
P24245,gi:17137188,0,0.0
gi:21357667,gi:24642703,0,1.0
P21461,gi:24640959,0,1.0
gi:24638995,gi:24656168,0,1.0
P24210,Q04787,0,0.0
P08193,Q01644,0,0.0
O16364,gi:24586193,0,0.0
Q9N4I4,gi:28574468,0,0.0
P48152,gi:19921950,0,0.0
P21499,gi:17137224,0,0.0
P21645,gi:28573173,0,0.0
Q24564,gi:24582816,0,1.0
gi:24639782,gi:24664639,0,1.0
gi:24580513,gi:24581719,0,1.0
gi:24644498,gi:24654522,0,1.0
Q95ZK7,gi:24649820,0,0.0
P02372,gi:24655474,0,0.0
P76594,gi:24581901,0,0.0
gi:18859735,gi:24647500,0,1.0
P43672,P54622,0,0.0
P50456,gi:19920608,0,0.0
P10379,Q9V399,0,1.0
Q05856,gi:20129739,0,1.0
O44956,gi:19922138,0,0.0
P23792,gi:21357085,0,1.0
gi:24640591,gi:24654327,0,1.0
P76351,gi:21356019,0,0.0
P48149,gi:24653005,0,1.0
gi:24639715,gi:24659237,0,1.0
P03003,gi:21955276,0,0.0
Q21319,gi:18859895,0,0.0
P00955,P33138,0,1.0
P17888,gi:24665160,0,0.0
gi:21357495,gi:24584219,0,1.0
P07487,gi:19922106,0,1.0
Q9U1W5,gi:24656137,0,0.0
gi:17647341,gi:28574692,0,1.0
P02378,P08175,0,0.0
gi:24582224,gi:24639711,0,1.0
P02388,gi:24641561,0,0.0
gi:24653350,gi:24657351,0,1.0
P06972,Q18241,0,0.0
P00579,gi:17530817,0,0.0
P91249,gi:20130321,0,0.0
Q24133,gi:24657798,0,1.0
gi:24639715,gi:24645425,0,1.0
gi:24638599,gi:24645476,0,1.0
gi:21355851,gi:28574472,0,1.0
gi:24642523,gi:24645058,0,1.0
gi:24644250,gi:24651212,0,1.0
Q960T2,gi:19922794,0,1.0
P77310,Q9XVA3,0,0.0
gi:24583686,gi:24640188,0,1.0
Q18238,gi:19920866,0,0.0
P30139,gi:28573799,0,0.0
P02359,P02424,0,1.0
gi:21355781,gi:24661826,0,1.0
P06002,P75776,0,0.0
P07906,gi:20129077,0,0.0
gi:24585635,gi:24642561,0,1.0
O46199,P21663,0,1.0
gi:19920382,gi:21357483,0,1.0
gi:21356453,gi:24638718,0,1.0
P20082,gi:19920696,0,0.0
Q93351,gi:18543225,0,0.0
P37618,gi:18859939,0,0.0
gi:21357275,gi:24582291,0,1.0
P23932,gi:21356337,0,0.0
gi:18921183,gi:24666886,0,1.0
gi:24645148,gi:28574675,0,1.0
P02423,gi:24646199,0,0.0
gi:20128985,gi:24640998,0,1.0
gi:24647572,gi:24650072,0,1.0
gi:17738249,gi:24653236,0,1.0
O16511,P02379,0,0.0
Q17381,gi:21355657,0,0.0
P06958,Q19764,0,0.0
P00577,P23696,0,0.0
gi:20130345,gi:24654740,0,1.0
P35415,gi:18858231,0,1.0
O44783,P10041,0,1.0
gi:21358039,gi:24642744,0,1.0
gi:24644390,gi:24656644,0,1.0
gi:21355125,gi:24645887,0,1.0
P10440,P75864,0,1.0
P03017,gi:24641129,0,0.0
gi:17647723,gi:24585405,0,1.0
gi:17647853,gi:24649158,0,1.0
gi:21358507,gi:22024201,0,1.0
P02420,P06958,0,1.0
gi:20428641,gi:21357817,0,1.0
P32052,gi:20129745,0,0.0
gi:17647581,gi:19921596,0,1.0
gi:22024283,gi:24655036,0,1.0
gi:17647911,gi:24645058,0,1.0
gi:18859877,gi:24666532,0,1.0
P02435,gi:18859665,0,0.0
P22187,gi:19922310,0,0.0
P49808,gi:24582598,0,0.0
Q9NES7,gi:24638591,0,0.0
P02418,P22058,0,0.0
Q22179,gi:17737989,0,0.0
gi:19921802,gi:28573576,0,1.0
Q9UAY0,gi:24640527,0,0.0
gi:19920692,gi:24661073,0,1.0
gi:21356061,gi:28574009,0,1.0
gi:20130247,gi:24583803,0,1.0
gi:17137528,gi:19922260,0,1.0
gi:18858231,gi:19921554,0,1.0
Q24395,gi:17554796,0,0.0
gi:21356221,gi:24661625,0,1.0
P07019,gi:24585147,0,0.0
gi:28571762,gi:28574296,0,1.0
gi:24642515,gi:24651671,0,1.0
gi:24586562,gi:24762517,0,1.0
P37326,gi:24645384,0,0.0
gi:21356211,gi:24642484,0,1.0
P82910,gi:24644634,0,1.0
Q9VLP3,gi:24665160,0,1.0
P00946,Q09587,0,0.0
Q8WQG9,gi:17137420,0,0.0
P13097,P48149,0,1.0
gi:24665661,gi:28572129,0,1.0
P02422,gi:24665132,0,0.0
Q9VD25,gi:24645216,0,1.0
P0A6F9,gi:17647819,0,0.0
gi:24644870,gi:24664458,0,1.0
gi:21356053,gi:24585943,0,1.0
gi:17137800,gi:21355265,0,1.0
P07185,P75960,0,0.0
P39263,gi:24662729,0,0.0
gi:18543299,gi:24583049,0,1.0
gi:24639299,gi:24657230,0,1.0
Q9W3R7,gi:24643578,0,1.0
Q9U2J8,gi:24649158,0,0.0
gi:24665489,gi:24667163,0,1.0
Q9W3R7,gi:24650864,0,1.0
Q17539,gi:24580908,0,0.0
gi:24638591,gi:24651441,0,1.0
P00561,gi:24655053,0,0.0
P45890,gi:18859889,0,1.0
P04475,gi:22024283,0,0.0
P23306,gi:24585236,0,0.0
gi:24655153,gi:24655741,0,1.0
gi:24644517,gi:24659254,0,1.0
gi:24585759,gi:24651897,0,1.0
P10987,P52304,0,1.0
P28750,Q9VSJ8,0,1.0
P28302,Q9VNE9,0,0.0
P06961,gi:24651179,0,0.0
gi:21357761,gi:21358091,0,1.0
gi:24582383,gi:24638644,0,1.0
gi:19920692,gi:24666282,0,1.0
P91307,gi:24657547,0,0.0
gi:24638625,gi:24665229,0,1.0
Q18192,gi:17136692,0,0.0
gi:24584835,gi:28571762,0,1.0
P15372,gi:24652101,0,1.0
O02115,P02339,0,0.0
P33636,gi:18543199,0,0.0
Q9NAE1,gi:24662495,0,0.0
P02386,gi:14018161,0,0.0
P09089,gi:22024283,0,1.0
P25553,Q95Q26,0,0.0
P02339,gi:24660815,0,0.0
P06958,gi:21358103,0,0.0
Q9W1K5,gi:17136532,0,1.0
P04197,gi:24660583,0,1.0
gi:24665661,gi:28572057,0,1.0
P48598,gi:21358323,0,1.0
gi:19921306,gi:24656802,0,1.0
gi:19920706,gi:21358247,0,1.0
Q9XUQ4,gi:21357595,0,0.0
Q17539,Q20682,0,1.0
Q07327,Q9N5V2,0,0.0
P53013,gi:24664652,0,0.0
P02352,P03018,0,1.0
gi:17647383,gi:21357761,0,1.0
gi:19920344,gi:24649039,0,1.0
O01901,gi:17136532,0,0.0
P19245,gi:24641578,0,0.0
P07012,gi:21356211,0,0.0
P28632,gi:24641790,0,0.0
Q8MSF5,gi:24581429,0,1.0
gi:18857963,gi:24647143,0,1.0
P00892,gi:24649952,0,0.0
Q95XM4,gi:24643526,0,0.0
gi:18921115,gi:24641831,0,1.0
gi:20130261,gi:24643702,0,1.0
P42184,gi:24649345,0,0.0
gi:17137224,gi:24581873,0,1.0
gi:24638625,gi:24654479,0,1.0
Q17935,Q93533,0,1.0
O77260,P76272,0,0.0
P06710,gi:24650348,0,0.0
P08193,gi:24643455,0,0.0
gi:24641097,gi:24647779,0,1.0
gi:24641831,gi:24646829,0,1.0
gi:17553966,gi:21358053,0,0.0
P40427,gi:19921312,0,1.0
P39290,gi:21955276,0,0.0
Q9VG82,Q9XTV9,0,0.0
P25521,gi:24663657,0,0.0
gi:17933532,gi:24643666,0,1.0
Q9VD25,gi:24647385,0,1.0
P03002,P06612,0,1.0
gi:21357147,gi:24640510,0,1.0
gi:20304097,gi:24643666,0,1.0
gi:17137752,gi:29570484,0,0.0
P15043,P48149,0,0.0
gi:24641280,gi:24642363,0,1.0
gi:24639414,gi:24657504,0,1.0
gi:21355379,gi:24657023,0,1.0
P21645,gi:24649427,0,0.0
O45522,P51875,0,1.0
Q9NF14,gi:24652290,0,0.0
gi:17864622,gi:24582294,0,1.0
P08374,P45890,0,0.0
Q20084,Q9NET8,0,1.0
gi:17511075,gi:18859961,0,0.0
gi:19920912,gi:20129291,0,1.0
P24255,Q17737,0,0.0
P75960,gi:24666394,0,0.0
P09832,Q09983,0,0.0
gi:20130321,gi:24661759,0,1.0
gi:20130189,gi:28574249,0,1.0
P02384,gi:24654017,0,0.0
P76104,Q23985,0,0.0
P52872,gi:21357875,0,0.0
P14825,gi:24643447,0,0.0
P16921,P33224,0,1.0
Q03334,Q05856,0,1.0
gi:21356159,gi:28574875,0,1.0
Q22631,gi:19921306,0,0.0
P36996,gi:17136920,0,0.0
P0A6N1,gi:17647735,0,0.0
Q20798,Q24133,0,0.0
Q01069,gi:24655778,0,1.0
P36996,gi:20129433,0,0.0
Q17878,gi:24652770,0,0.0
P02386,P36540,0,1.0
O45924,gi:19921312,0,0.0
P39413,gi:19920706,0,1.0
Q20690,Q22618,0,1.0
gi:18859929,gi:24583134,0,1.0
Q9TZ39,gi:24638845,0,0.0
P14734,Q9W422,0,1.0
O44512,gi:24649039,0,0.0
gi:24639782,gi:28571762,0,1.0
P38504,gi:21355335,0,0.0
gi:20130299,gi:24667089,0,1.0
P10413,gi:23397399,0,0.0
gi:17737425,gi:24639715,0,1.0
P25530,gi:19920718,0,0.0
P05055,P11028,0,1.0
P00647,P06993,0,1.0
gi:24645967,gi:24667117,0,1.0
Q9XXA2,gi:17136520,0,0.0
gi:17137616,gi:24584853,0,1.0
gi:17647425,gi:24664253,0,1.0
O01482,gi:24657671,0,0.0
P02429,gi:24651671,0,0.0
P12428,P33916,0,0.0
P08936,gi:24652628,0,0.0
P02388,Q18964,0,0.0
Q17522,Q22379,0,1.0
Q9GSX9,gi:24640268,0,0.0
P00583,P45567,0,1.0
P22563,gi:18543289,0,0.0
gi:18859899,gi:24647779,0,1.0
O01869,Q19877,0,1.0
P02352,P08374,0,1.0
O44783,gi:28572018,0,1.0
Q9VSS2,gi:24648010,0,1.0
gi:21358197,gi:24638702,0,1.0
P02916,gi:19922796,0,0.0
P10408,gi:19920776,0,0.0
gi:21356221,gi:24651395,0,1.0
gi:19923032,gi:24639770,0,1.0
Q20330,gi:28574582,0,0.0
gi:24644119,gi:24653459,0,1.0
Q20330,gi:24650208,0,0.0
gi:17541620,gi:21357075,0,0.0
gi:19920866,gi:24649579,0,1.0
gi:24658370,gi:28574539,0,1.0
gi:24584376,gi:28573671,0,1.0
P03018,gi:17864318,0,0.0
Q9Y0A7,gi:20130049,0,1.0
Q27297,gi:24643156,0,1.0
gi:17986113,gi:21356363,0,1.0
gi:24651303,gi:24655170,0,1.0
Q93831,gi:17554366,0,1.0
P36979,gi:20128985,0,0.0
gi:24645058,gi:24651451,0,1.0
gi:17864210,gi:21357455,0,1.0
gi:21358569,gi:24649996,0,1.0
gi:17864566,gi:30025128,0,0.0
P02835,gi:24650729,0,1.0
Q09248,gi:24657671,0,0.0
P07666,Q9XWV6,0,0.0
P28689,Q8IGR0,0,0.0
P02824,P19109,0,1.0
gi:20129231,gi:24583380,0,1.0
gi:19920552,gi:24658653,0,1.0
gi:17648123,gi:21357511,0,1.0
P06138,P29742,0,0.0
P91563,gi:24582643,0,0.0
Q20052,gi:19920906,0,0.0
P0A6N1,P29310,0,0.0
gi:21355103,gi:24668018,0,1.0
P24192,gi:24647270,0,0.0
gi:23397621,gi:24665229,0,1.0
Q46906,gi:19920832,0,0.0
gi:19921932,gi:24647285,0,1.0
P18102,gi:24663657,0,1.0
gi:24643437,gi:24656644,0,1.0
gi:18858239,gi:24657504,0,1.0
P09372,P77319,0,1.0
P10485,P91820,0,0.0
gi:24581759,gi:28573740,0,1.0
P42287,gi:21358175,0,1.0
Q95PV4,gi:24645332,0,0.0
P06613,gi:19923044,0,0.0
gi:21357897,gi:24648207,0,1.0
gi:17137454,gi:24652733,0,1.0
P77349,gi:28571819,0,0.0
gi:24649994,gi:24652628,0,1.0
gi:17864586,gi:28573264,0,1.0
P0A6F5,gi:24654828,0,0.0
P02990,gi:28571678,0,0.0
gi:24583408,gi:24653584,0,1.0
gi:24658403,gi:28573276,0,1.0
O45521,gi:24584126,0,0.0
gi:24645058,gi:24649214,0,1.0
Q8MYQ1,gi:24651281,0,0.0
P29132,gi:24762582,0,0.0
gi:24585353,gi:24638862,0,1.0
Q9VS78,gi:24580712,0,1.0
P02996,Q24206,0,0.0
O62022,gi:28558744,0,0.0
gi:14018161,gi:24653385,0,0.0
Q17359,gi:21355815,0,0.0
P22523,gi:24655741,0,0.0
Q93644,gi:24651599,0,0.0
gi:24582858,gi:24654471,0,1.0
gi:24580817,gi:24649820,0,1.0
gi:24662626,gi:28574851,0,1.0
P13008,gi:18859703,0,1.0
gi:24666240,gi:24762590,0,1.0
gi:19920436,gi:21358101,0,1.0
Q9XUL7,gi:21357761,0,0.0
gi:19922274,gi:24652897,0,1.0
O62231,gi:21356319,0,0.0
gi:21357211,gi:24581467,0,1.0
Q09530,gi:24661263,0,0.0
gi:17137220,gi:24655187,0,1.0
gi:19921312,gi:20129949,0,1.0
Q22227,gi:18860055,0,0.0
P55828,Q9UAY0,0,0.0
Q9V831,gi:24583894,0,1.0
gi:19922300,gi:24656486,0,1.0
O18640,P15364,0,1.0
P02427,Q95TN4,0,0.0
P02411,gi:21356003,0,0.0
P07028,gi:24655474,0,0.0
P06958,P30867,0,1.0
gi:20129227,gi:21357001,0,1.0
gi:24640501,gi:24654243,0,1.0
P02372,gi:18860539,0,0.0
P06982,gi:24663027,0,0.0
Q94883,gi:28573879,0,1.0
O46106,gi:19922992,0,1.0
gi:19922646,gi:21357903,0,1.0
gi:24663462,gi:28572057,0,1.0
gi:24639299,gi:24655170,0,1.0
P18102,gi:17137760,0,1.0
P39271,gi:17137634,0,0.0
P06959,gi:17137754,0,0.0
P18391,gi:19920884,0,0.0
gi:24644066,gi:24647685,0,1.0
P18502,gi:24649208,0,1.0
gi:21356655,gi:24656574,0,1.0
P09089,gi:24646718,0,1.0
Q9W1K5,gi:24582116,0,1.0
Q24570,gi:24655930,0,1.0
gi:17554302,gi:24666282,0,0.0
Q9VPS5,gi:21355923,0,1.0
Q9XWG3,gi:17864228,0,0.0
P02388,gi:21356337,0,0.0
gi:21355851,gi:24657252,0,1.0
P09168,gi:21357761,0,0.0
P46889,gi:24658370,0,0.0
Q20502,gi:20129859,0,0.0
P91820,gi:24667510,0,0.0
P27290,Q24117,0,0.0
P28905,P54356,0,0.0
P09491,gi:24646782,0,1.0
P91419,gi:24581600,0,0.0
P27604,gi:24640181,0,0.0
P02366,P02386,0,1.0
O01961,O62127,0,1.0
gi:24640578,gi:24645236,0,1.0
Q19294,gi:24643168,0,0.0
gi:21357669,gi:24662231,0,1.0
O45946,gi:24643118,0,0.0
P02409,gi:24666096,0,0.0
gi:24651763,gi:28573717,0,1.0
P23842,gi:24651935,0,0.0
Q17958,Q9VV43,0,0.0
Q23664,gi:20129067,0,0.0
gi:24657504,gi:28573278,0,1.0
O62020,gi:21955284,0,0.0
P17886,gi:24585681,0,1.0
P13097,gi:24641567,0,1.0
O18302,gi:25144646,0,1.0
Q9TYS8,gi:24580716,0,0.0
gi:24662672,gi:30923500,0,1.0
P19245,gi:24639496,0,0.0
Q18529,gi:21355673,0,0.0
P33371,Q19294,0,0.0
Q03017,gi:18857963,0,1.0
P02392,Q9VFC8,0,0.0
P35421,gi:28574638,0,1.0
P61866,gi:24582172,0,0.0
Q9V7D2,gi:24648255,0,1.0
Q9N4B8,gi:20130151,0,0.0
gi:24158463,gi:24582306,0,1.0
P22523,gi:24638862,0,0.0
Q21453,gi:24653966,0,0.0
P02516,gi:20129683,0,1.0
gi:20130345,gi:24650747,0,1.0
gi:24586252,gi:24646774,0,1.0
Q9V597,gi:17136608,0,1.0
Q95QC4,gi:20129301,0,0.0
P28638,Q9TYJ0,0,0.0
Q9Y048,gi:24644253,0,0.0
P02363,gi:24584039,0,0.0
P04951,gi:28571762,0,0.0
gi:24584007,gi:24641156,0,1.0
Q18688,Q9VEX9,0,0.0
gi:24638702,gi:24644422,0,1.0
Q24400,gi:24660815,0,1.0
P48451,gi:18858131,0,1.0
gi:18859859,gi:19921252,0,1.0
gi:21355741,gi:21357995,0,1.0
gi:21355279,gi:24646908,0,1.0
Q23158,gi:24664697,0,0.0
Q24133,gi:18543285,0,1.0
P02428,P29310,0,0.0
gi:24639790,gi:28572036,0,1.0
P02356,gi:24639299,0,0.0
gi:17647911,gi:21357875,0,1.0
gi:22024201,gi:24668321,0,1.0
P02369,Q9W1Y7,0,0.0
Q17935,gi:21357621,0,0.0
Q23971,gi:24656161,0,1.0
O45603,O62160,0,1.0
P52295,Q24025,0,1.0
Q23679,Q27484,0,1.0
gi:24585158,gi:30923655,0,1.0
P06982,gi:19921286,0,0.0
P23304,gi:24658701,0,0.0
gi:24646972,gi:28571789,0,1.0
Q21318,gi:24581574,0,0.0
gi:20129527,gi:24663027,0,1.0
gi:19922798,gi:24642172,0,1.0
P00892,gi:21357023,0,0.0
P30871,Q23440,0,0.0
gi:24651763,gi:24655366,0,1.0
P32679,gi:24583965,0,0.0
gi:17737749,gi:24583332,0,1.0
P91505,Q9TZH8,0,1.0
Q9NAE9,gi:17137764,0,0.0
gi:24646928,gi:28574581,0,1.0
gi:20130085,gi:24654854,0,1.0
P04422,Q18241,0,0.0
P02410,gi:21356073,0,0.0
gi:17136854,gi:24647609,0,1.0
gi:24642367,gi:24642601,0,1.0
gi:24581626,gi:24581719,0,1.0
gi:21356965,gi:24651028,0,1.0
Q17339,gi:24653791,0,0.0
P45803,gi:24665160,0,0.0
P23792,gi:24648522,0,1.0
P00580,gi:24647468,0,0.0
gi:24582063,gi:24651564,0,1.0
Q9TZ39,gi:24582443,0,0.0
P25539,gi:24668006,0,0.0
O62216,gi:21356337,0,0.0
Q9BIB5,gi:17553966,0,1.0
gi:21357677,gi:24644797,0,1.0
gi:17933624,gi:19920468,0,1.0
gi:24654479,gi:24665661,0,1.0
gi:18857963,gi:24650348,0,1.0
P00575,Q09485,0,0.0
O16011,P18537,0,1.0
Q23087,gi:19922992,0,0.0
P36995,gi:24639812,0,0.0
Q23158,gi:28573679,0,0.0
gi:21356033,gi:24642021,0,1.0
Q19684,gi:24663861,0,0.0
gi:22026831,gi:24655840,0,1.0
P32679,gi:24584835,0,0.0
P82147,gi:24639812,0,1.0
Q9XUS3,gi:24662143,0,0.0
P02389,gi:18859961,0,0.0
gi:17647527,gi:19920676,0,1.0
Q18786,gi:17998687,0,0.0
P10408,gi:19920912,0,0.0
gi:19922794,gi:24650924,0,1.0
P02387,gi:24582746,0,0.0
P13030,gi:24647823,0,0.0
gi:24585635,gi:24640353,0,1.0
gi:24641792,gi:24667258,0,1.0
gi:17137182,gi:24639782,0,1.0
gi:20130345,gi:28573879,0,1.0
P07007,Q9XTC6,0,0.0
Q20888,gi:19921694,0,0.0
gi:20129165,gi:24650084,0,1.0
P02387,P06864,0,1.0
Q9N5V2,gi:17137146,0,0.0
gi:21355581,gi:21357817,0,1.0
gi:18859973,gi:19922516,0,1.0
P02422,gi:24666394,0,0.0
P77734,gi:24581429,0,0.0
P47938,gi:24581061,0,1.0
P39174,gi:17137764,0,0.0
Q94514,gi:24653645,0,1.0
P09372,gi:24655741,0,0.0
P22939,gi:17864460,0,0.0
gi:24580908,gi:24584835,0,1.0
P06138,gi:24663043,0,0.0
Q17446,gi:18543215,0,0.0
P17704,gi:18859665,0,1.0
Q18488,gi:18858055,0,0.0
gi:17647523,gi:24583660,0,1.0
Q18964,gi:24644295,0,0.0
gi:21355719,gi:24662384,0,1.0
gi:17933722,gi:24647885,0,1.0
P07015,P31663,0,1.0
gi:21356743,gi:25148068,0,0.0
Q94241,gi:21357275,0,0.0
O16257,Q9NGT3,0,1.0
gi:24658940,gi:28574516,0,1.0
P24229,gi:22024283,0,0.0
P02428,gi:24650924,0,0.0
P28692,gi:18543271,0,0.0
P02990,Q24404,0,0.0
gi:24644638,gi:24648078,0,1.0
gi:17647281,gi:24762669,0,1.0
P36996,gi:24639548,0,0.0
gi:24640011,gi:24647468,0,1.0
O61843,gi:24645141,0,0.0
gi:24585079,gi:28573410,0,1.0
Q94420,gi:21357511,0,0.0
P14785,gi:21356861,0,1.0
gi:17136826,gi:24584372,0,1.0
gi:18859631,gi:28572043,0,1.0
Q94920,gi:21356799,0,1.0
gi:24654245,gi:30923655,0,1.0
Q9NGT4,gi:20428641,0,0.0
P02923,gi:24655153,0,0.0
gi:20130175,gi:24639721,0,1.0
P04384,gi:24583965,0,0.0
P37192,gi:24655502,0,0.0
P15330,gi:17137740,0,1.0
gi:21355163,gi:24582104,0,1.0
gi:22024283,gi:24653856,0,1.0
gi:17647757,gi:24646009,0,1.0
P00961,gi:24651599,0,0.0
P77609,gi:21357761,0,0.0
P48555,gi:24658403,0,1.0
gi:21357547,gi:24582264,0,1.0
P32148,gi:18859953,0,0.0
gi:24585681,gi:24657019,0,1.0
gi:24642267,gi:24667089,0,1.0
P15254,gi:17136948,0,0.0
P76069,gi:19920826,0,0.0
P04475,gi:24582697,0,0.0
P02359,gi:24648536,0,0.0
Q20956,gi:26080373,0,0.0
O62619,gi:24662583,0,1.0
P37192,gi:24638625,0,0.0
O17670,gi:24656500,0,0.0
P08324,P49258,0,0.0
P25539,gi:21357927,0,0.0
P02995,gi:21357417,0,0.0
Q9VG82,gi:28574851,0,1.0
P17288,gi:17136762,0,0.0
gi:24649158,gi:24665395,0,1.0
P23757,gi:24657590,0,1.0
gi:24640777,gi:24659834,0,1.0
P00575,gi:28573649,0,0.0
P22187,Q9BL58,0,0.0
P13060,gi:21357723,0,1.0
P29209,P34328,0,0.0
gi:21356799,gi:24640119,0,1.0
gi:24642884,gi:24653791,0,1.0
gi:17137710,gi:17647677,0,1.0
O16511,gi:28573466,0,0.0
P76594,gi:24646001,0,0.0
P15364,gi:28572036,0,1.0
gi:20129385,gi:24645177,0,1.0
O46106,P02419,0,0.0
Q23985,gi:24645883,0,1.0
P42325,Q02361,0,1.0
P22257,gi:24654383,0,0.0
P02367,gi:18859973,0,0.0
gi:24657945,gi:24667071,0,1.0
gi:21357369,gi:24582294,0,1.0
P06961,Q21344,0,0.0
gi:17136646,gi:28574228,0,1.0
gi:24586270,gi:24648101,0,1.0
Q18668,gi:24654660,0,0.0
O76908,Q9NAD6,0,0.0
gi:24583741,gi:24584007,0,1.0
gi:24639649,gi:24646611,0,1.0
gi:24585156,gi:24586500,0,1.0
gi:19920826,gi:30923597,0,1.0
P54358,gi:17551336,0,0.0
P30867,gi:24585681,0,0.0
gi:24641302,gi:24650202,0,1.0
gi:24640353,gi:28572963,0,1.0
gi:24585358,gi:24640806,0,1.0
P30856,P42184,0,1.0
O46084,P02413,0,0.0
Q9N362,gi:24666045,0,0.0
gi:17864542,gi:20128797,0,1.0
O16011,gi:24650714,0,1.0
P20007,gi:24649931,0,1.0
P28689,gi:24646365,0,0.0
Q94261,gi:24666997,0,0.0
gi:24583965,gi:24644093,0,1.0
gi:17647911,gi:28572004,0,1.0
gi:21355597,gi:28571481,0,1.0
P75829,gi:19920696,0,0.0
P02423,gi:24641792,0,0.0
gi:21357147,gi:24644057,0,1.0
P13097,P21461,0,1.0
P00577,P76543,0,1.0
gi:21355513,gi:24655187,0,1.0
P09097,gi:17986055,0,0.0
Q9TZ39,gi:24647490,0,0.0
gi:17136948,gi:24639496,0,1.0
gi:20129835,gi:24645053,0,1.0
P13029,gi:21356595,0,0.0
gi:24658459,gi:24659272,0,1.0
gi:21357875,gi:24664284,0,1.0
O18267,gi:24584729,0,0.0
Q24564,gi:24647609,0,1.0
gi:17864210,gi:24640353,0,1.0
P77645,Q24564,0,0.0
O96651,gi:28573644,0,1.0
Q8T0S6,gi:18921115,0,1.0
O61967,gi:24644057,0,0.0
gi:17137296,gi:21357927,0,1.0
P15716,gi:20129433,0,0.0
gi:18543293,gi:24643715,0,1.0
P25521,gi:17137220,0,0.0
Q01068,gi:24586587,0,1.0
gi:17136212,gi:24645902,0,1.0
gi:19920376,gi:24580731,0,1.0
gi:21357575,gi:28574949,0,1.0
Q9XWR1,gi:19920474,0,0.0
gi:24654578,gi:24666836,0,1.0
gi:17136506,gi:24667611,0,1.0
P02354,gi:21355597,0,0.0
P23892,gi:28575010,0,0.0
O17806,gi:21358197,0,0.0
Q17359,gi:28571356,0,0.0
P55828,gi:20130151,0,1.0
P91938,gi:19922620,0,1.0
gi:20130085,gi:24582170,0,1.0
gi:17137380,gi:24655778,0,1.0
Q9TXP7,gi:28574406,0,0.0
gi:24639715,gi:24665583,0,1.0
P29210,gi:21356743,0,0.0
P23931,P90845,0,0.0
gi:19922100,gi:19922382,0,1.0
gi:17137620,gi:24648048,0,1.0
P05205,gi:24648776,0,1.0
P00582,gi:24639187,0,0.0
gi:24650933,gi:24658342,0,1.0
gi:20130085,gi:24660416,0,1.0
P18502,gi:24652438,0,1.0
gi:20428641,gi:24583631,0,1.0
O45599,gi:24580817,0,0.0
P18102,gi:17136968,0,1.0
gi:24649646,gi:28572090,0,1.0
gi:20129129,gi:24660176,0,1.0
gi:21356383,gi:28574249,0,1.0
gi:18858137,gi:18921137,0,1.0
gi:17136948,gi:18859635,0,1.0
P11880,gi:18858083,0,0.0
gi:24650356,gi:24657052,0,1.0
gi:24650577,gi:28574726,0,1.0
Q17359,Q9XYQ2,0,0.0
Q9V771,gi:24644880,0,1.0
P00892,P48149,0,0.0
O01869,Q9XW83,0,1.0
gi:17864350,gi:17985983,0,1.0
P34808,gi:24664004,0,0.0
P03003,P27430,0,1.0
gi:17530825,gi:24667117,0,1.0
P76440,gi:22024283,0,0.0
gi:24640713,gi:28572036,0,1.0
P06709,gi:21358569,0,0.0
gi:24583310,gi:24643822,0,1.0
P76245,gi:20130247,0,0.0
O16313,gi:24654259,0,0.0
gi:17136968,gi:24665154,0,1.0
P30867,gi:17986113,0,0.0
P02990,gi:24666879,0,0.0
gi:24644650,gi:24644797,0,1.0
gi:20128865,gi:24583380,0,1.0
gi:17864662,gi:24645384,0,1.0
gi:28571958,gi:28573799,0,1.0
P02436,gi:18859929,0,0.0
gi:21358599,gi:24665973,0,1.0
P02356,gi:17136258,0,0.0
P23696,P42589,0,0.0
P08374,gi:17136506,0,0.0
P02419,P75838,0,1.0
gi:21355715,gi:24653674,0,1.0
gi:17737551,gi:24662650,0,1.0
P45567,P90731,0,0.0
gi:17137760,gi:24639794,0,1.0
P02426,gi:24667403,0,0.0
gi:24639885,gi:24651179,0,1.0
gi:24583827,gi:24644057,0,1.0
P76194,Q22491,0,0.0
gi:24640119,gi:24666004,0,1.0
P31120,gi:19921030,0,0.0
P03822,gi:24643118,0,0.0
P02384,P05552,0,0.0
gi:24646009,gi:24649931,0,1.0
gi:24581089,gi:24648391,0,1.0
P52485,gi:28571891,0,1.0
Q21361,gi:24643413,0,0.0
gi:17137270,gi:24641792,0,1.0
P04286,P13008,0,0.0
P54397,Q21021,0,0.0
O61521,gi:17933748,0,0.0
P32100,Q21361,0,0.0
gi:24639715,gi:24645653,0,1.0
Q9TZ39,gi:24581477,0,0.0
P75960,Q9XTL9,0,0.0
O18302,gi:19920984,0,0.0
Q9VQQ9,gi:24657747,0,1.0
gi:21357669,gi:24656112,0,1.0
Q20398,Q9TZ39,0,1.0
P11457,gi:24642363,0,0.0
P23892,gi:24650984,0,0.0
Q17446,gi:18859929,0,0.0
P34686,gi:24650074,0,0.0
Q27350,gi:21357471,0,1.0
gi:24648294,gi:24661359,0,1.0
gi:24641831,gi:24648592,0,1.0
P06002,gi:24667856,0,1.0
P02996,P30855,0,1.0
Q20611,gi:21357595,0,0.0
P07187,P48555,0,1.0
gi:24638982,gi:24665524,0,1.0
P02424,gi:24655170,0,0.0
P42287,gi:24584798,0,1.0
gi:24649183,gi:24651633,0,1.0
P17952,gi:24657684,0,0.0
Q09620,gi:24655840,0,0.0
P29464,gi:24642367,0,0.0
O18640,P25663,0,0.0
P00647,gi:24663523,0,0.0
P04951,P45571,0,1.0
Q9VSS2,gi:24644030,0,1.0
O62195,gi:24646768,0,0.0
P13607,gi:24648294,0,1.0
gi:24663556,gi:28571447,0,1.0
Q23664,gi:24659194,0,0.0
Q9TZ39,gi:24586328,0,0.0
gi:19920576,gi:29570484,0,0.0
gi:19922640,gi:24650670,0,1.0
O01794,gi:24650420,0,0.0
Q9U1X3,gi:18543225,0,0.0
Q9TXH9,gi:17864254,0,0.0
gi:17647293,gi:21357853,0,1.0
gi:24654383,gi:28571900,0,1.0
gi:19921448,gi:24658164,0,1.0
P23830,Q20228,0,0.0
P04742,gi:21356727,0,0.0
P24229,gi:24642547,0,0.0
O01482,gi:19920776,0,0.0
P30856,gi:24650311,0,0.0
gi:21356397,gi:24642543,0,1.0
gi:18859903,gi:21355581,0,1.0
P36950,gi:24652892,0,0.0
O77425,gi:24762517,0,1.0
gi:24662048,gi:25148780,0,0.0
gi:18859635,gi:24653096,0,1.0
gi:24655930,gi:28573278,0,1.0
Q9VSJ8,gi:24643078,0,1.0
P35421,gi:24647100,0,1.0
P02420,P75864,0,1.0
P37192,gi:24647143,0,0.0
gi:24649429,gi:24667917,0,1.0
Q9BI89,gi:21356375,0,0.0
gi:21355465,gi:24661140,0,1.0
O01900,gi:28574406,0,0.0
gi:20129859,gi:24645339,0,1.0
P14956,P23696,0,1.0
gi:24582516,gi:28572980,0,1.0
Q94516,gi:17647815,0,1.0
P04384,gi:24583827,0,0.0
Q9V676,gi:28571678,0,1.0
P29464,gi:24663802,0,0.0
P23003,gi:17981711,0,0.0
gi:19921326,gi:24644250,0,1.0
gi:19922798,gi:20128865,0,1.0
P21346,P24182,0,1.0
gi:20128841,gi:24663861,0,1.0
gi:24639448,gi:28573310,0,1.0
P08928,gi:28571833,0,1.0
gi:21355995,gi:28571176,0,1.0
P22106,gi:17647383,0,0.0
gi:21358569,gi:24581622,0,1.0
gi:17136854,gi:17137454,0,1.0
gi:17864630,gi:24663246,0,1.0
P0A6F5,Q19279,0,0.0
gi:24584547,gi:24646212,0,1.0
gi:24647823,gi:24657389,0,1.0
P10408,Q19459,0,0.0
Q18964,gi:24655741,0,0.0
Q9XYQ2,gi:24646318,0,1.0
P25745,Q94523,0,0.0
Q20742,gi:24641555,0,0.0
gi:24639548,gi:28573467,0,1.0
O16948,gi:24649834,0,0.0
P36573,gi:28558744,0,0.0
Q17878,gi:24651236,0,0.0
P31009,gi:19921916,0,1.0
P46824,gi:24654934,0,1.0
gi:17738243,gi:24648828,0,1.0
gi:24654934,gi:24655502,0,1.0
P92208,gi:24655888,0,1.0
gi:24644560,gi:24649952,0,1.0
P10115,gi:24638982,0,0.0
P39171,gi:18858137,0,0.0
Q94166,gi:24584774,0,0.0
O18413,gi:28571447,0,1.0
P03004,gi:17647155,0,0.0
gi:24642884,gi:24647233,0,1.0
gi:17534721,gi:28571341,0,0.0
gi:21357113,gi:24654944,0,1.0
P02516,gi:24645724,0,1.0
gi:24583482,gi:24662518,0,1.0
P33129,gi:17553832,0,0.0
O01869,Q9GYT4,0,1.0
gi:19921104,gi:28571445,0,1.0
gi:24663462,gi:24667554,0,1.0
P45468,gi:17136392,0,0.0
gi:19921312,gi:24644764,0,1.0
P14318,Q9NF11,0,0.0
gi:21357669,gi:24657989,0,1.0
P21507,gi:17737503,0,0.0
P18459,Q9U405,0,1.0
gi:17864344,gi:24647137,0,1.0
gi:19921660,gi:21356797,0,1.0
P00955,gi:24654522,0,0.0
P00859,gi:24664660,0,0.0
P34475,gi:24641097,0,0.0
gi:19921464,gi:24650658,0,1.0
gi:24586193,gi:24647897,0,1.0
Q22799,gi:21357455,0,0.0
P39572,Q17878,0,0.0
gi:17508429,gi:17864612,0,0.0
gi:21355909,gi:24646242,0,1.0
P77756,Q01644,0,0.0
gi:20130199,gi:28573563,0,1.0
P37181,gi:19921306,0,0.0
gi:24649007,gi:24762828,0,1.0
P35415,Q09485,0,0.0
P02387,gi:24653667,0,0.0
P0A6F5,gi:24666524,0,0.0
P36979,gi:24661625,0,0.0
P27302,gi:19921994,0,0.0
gi:21355303,gi:21356397,0,1.0
gi:24640289,gi:24642267,0,1.0
P77202,gi:28573644,0,0.0
gi:24652842,gi:28571947,0,1.0
P02517,P07375,0,0.0
gi:24650311,gi:28571396,0,1.0
P49258,gi:18859877,0,1.0
O62619,gi:20128797,0,1.0
P00577,P28630,0,1.0
gi:24647588,gi:28571819,0,1.0
P10446,gi:17985983,0,0.0
O18640,gi:24651539,0,1.0
P04475,gi:21357023,0,0.0
Q09485,gi:24665132,0,0.0
P45567,gi:24650348,0,0.0
P15330,gi:24666442,0,1.0
gi:24583965,gi:24666850,0,1.0
P30642,gi:24646105,0,0.0
gi:24644057,gi:28571515,0,1.0
P32049,Q93695,0,0.0
P23304,gi:28573941,0,0.0
Q9XUK0,gi:24657218,0,0.0
P54611,gi:24665331,0,1.0
Q21229,gi:24582628,0,0.0
gi:19921812,gi:21358569,0,1.0
gi:20130313,gi:24660416,0,1.0
O44606,gi:19922206,0,0.0
gi:21356235,gi:24643110,0,1.0
P39290,P50882,0,0.0
gi:21355995,gi:24640430,0,1.0
P27292,Q18932,0,0.0
P27430,gi:24646611,0,0.0
P76195,gi:24762779,0,0.0
Q04787,gi:24646970,0,1.0
P02386,gi:21357483,0,0.0
gi:24647083,gi:24664132,0,1.0
O45521,Q19208,0,1.0
P11876,gi:24644214,0,0.0
P07022,Q22306,0,0.0
P02999,gi:24640973,0,0.0
P10440,gi:28571987,0,0.0
P05838,Q05856,0,0.0
P02386,gi:24647779,0,0.0
Q9VCE6,gi:28574875,0,1.0
gi:19922020,gi:24658086,0,1.0
gi:17737503,gi:24651351,0,1.0
gi:17137398,gi:24586609,0,1.0
Q01644,gi:17137224,0,1.0
gi:17556654,gi:24641156,0,0.0
gi:24646530,gi:28572043,0,1.0
gi:24665229,gi:24667117,0,1.0
gi:20130085,gi:24580986,0,1.0
P19675,P21346,0,1.0
gi:18858137,gi:24583480,0,1.0
P13519,gi:24667258,0,0.0
gi:19920696,gi:21356073,0,1.0
gi:21357171,gi:21357969,0,1.0
gi:24582224,gi:24640430,0,1.0
gi:17137454,gi:24665950,0,1.0
Q09360,Q21493,0,1.0
P91313,gi:24641921,0,0.0
P08756,P29310,0,0.0
gi:24663275,gi:28573563,0,1.0
gi:23397623,gi:24581061,0,1.0
gi:21356797,gi:24660583,0,1.0
P02995,gi:24662155,0,0.0
gi:21356475,gi:24639649,0,1.0
gi:19920552,gi:24585681,0,1.0
gi:24646365,gi:24668006,0,1.0
gi:24644365,gi:24655606,0,1.0
P00528,P03019,0,0.0
gi:24648147,gi:24651688,0,1.0
gi:17137710,gi:24643312,0,1.0
gi:18543285,gi:22024141,0,1.0
P04475,gi:17137764,0,0.0
P13054,gi:24663027,0,1.0
Q22227,gi:24664561,0,0.0
P42550,gi:24653667,0,0.0
gi:21357761,gi:24640607,0,1.0
Q9W1Y7,Q9XTQ7,0,0.0
P08928,gi:24667089,0,1.0
P21774,gi:21356595,0,0.0
O17981,gi:24667741,0,0.0
P28631,gi:24650208,0,0.0
O96860,gi:24653649,0,1.0
Q19537,gi:24657590,0,0.0
P37010,gi:21358025,0,0.0
gi:24585358,gi:24661073,0,1.0
P34420,Q94261,0,1.0
Q09983,Q9XW13,0,1.0
gi:24642799,gi:24656040,0,1.0
P77310,gi:24661936,0,0.0
P06959,Q18350,0,0.0
gi:17553966,gi:20129745,0,0.0
P06143,gi:18859929,0,0.0
gi:24645745,gi:25150193,0,0.0
gi:24655850,gi:28573684,0,1.0
P07186,Q9U2R6,0,0.0
Q22306,gi:24650259,0,0.0
gi:20130169,gi:24650124,0,1.0
gi:19921312,gi:24583208,0,1.0
O01489,gi:25152187,0,1.0
gi:23397629,gi:24648010,0,1.0
gi:19921952,gi:24641567,0,1.0
gi:17136554,gi:24584043,0,1.0
O01894,gi:24646737,0,0.0
P03005,P54185,0,0.0
gi:24585795,gi:24650658,0,1.0
gi:24642884,gi:24650377,0,1.0
P77734,gi:24638862,0,0.0
Q9XUK0,gi:24585132,0,0.0
gi:21355667,gi:24666434,0,1.0
P25539,gi:30923613,0,0.0
P54357,gi:24650084,0,1.0
Q21808,gi:28571125,0,0.0
P52304,gi:28571644,0,1.0
P18459,gi:24640777,0,1.0
P05055,gi:24646009,0,0.0
P24285,gi:17985985,0,0.0
gi:24663027,gi:24664395,0,1.0
Q20308,gi:24647148,0,0.0
P30625,gi:24580782,0,0.0
Q9VYV5,gi:17864274,0,1.0
Q94524,gi:28574529,0,1.0
P35676,gi:24649103,0,1.0
P41092,gi:24640233,0,1.0
gi:17136216,gi:24645869,0,1.0
P42550,Q20485,0,0.0
gi:17557023,gi:24639885,0,0.0
P02354,P31120,0,1.0
O62265,Q22799,0,1.0
gi:19921778,gi:24657504,0,1.0
P29209,Q22618,0,0.0
P15716,gi:18859961,0,0.0
Q8MSF5,gi:17648133,0,1.0
Q9TYZ4,gi:17137588,0,0.0
gi:24647905,gi:24651364,0,1.0
gi:28571940,gi:28573207,0,1.0
Q09997,gi:24655036,0,0.0
gi:17737302,gi:19920776,0,1.0
Q9VR59,gi:19920876,0,1.0
P45748,gi:24582333,0,0.0
Q9NF11,gi:24580908,0,0.0
gi:24581976,gi:28558744,0,1.0
Q27368,gi:24653172,0,1.0
Q94535,gi:24659100,0,1.0
P48592,Q17868,0,0.0
P02423,gi:24662729,0,0.0
gi:19920984,gi:21356823,0,1.0
gi:17864228,gi:21355913,0,1.0
gi:19921238,gi:24652438,0,1.0
O44490,gi:24657684,0,0.0
Q9VG82,gi:24644242,0,1.0
gi:24653912,gi:24654383,0,1.0
gi:18858161,gi:24647385,0,1.0
gi:17136826,gi:20130007,0,1.0
Q18488,gi:21357781,0,0.0
gi:24645053,gi:24647786,0,1.0
gi:24585158,gi:24667211,0,1.0
gi:18859833,gi:19922106,0,1.0
P36996,gi:24646440,0,0.0
gi:17647383,gi:24659028,0,1.0
gi:17986155,gi:20130345,0,1.0
P27857,Q03598,0,0.0
P20082,gi:24653664,0,0.0
gi:17933722,gi:24645011,0,1.0
P06993,gi:24660884,0,0.0
gi:19922798,gi:24584577,0,1.0
gi:17137220,gi:24640100,0,1.0
P36995,gi:24644677,0,0.0
P07007,P19319,0,1.0
gi:22024206,gi:24586111,0,1.0
gi:24660720,gi:28574707,0,1.0
Q9VNE9,gi:28574383,0,1.0
Q9W0W6,gi:24655577,0,1.0
gi:24642367,gi:24653350,0,1.0
P02390,P02516,0,0.0
O44669,O77430,0,0.0
P36659,gi:24638625,0,0.0
Q8MXI4,gi:17553966,0,1.0
gi:24642517,gi:30923711,0,1.0
gi:24665657,gi:24666901,0,1.0
P21774,gi:24643303,0,0.0
P11420,gi:24582283,0,1.0
gi:17530825,gi:17864460,0,1.0
P36659,Q9TXR6,0,0.0
O17020,gi:24581842,0,0.0
P02354,Q01642,0,0.0
gi:24643634,gi:24644057,0,1.0
P51404,gi:28571537,0,0.0
P28692,gi:17136256,0,0.0
P31473,Q9XXA2,0,0.0
P23282,gi:19921162,0,0.0
P08390,gi:20128797,0,0.0
gi:21355777,gi:24657689,0,1.0
P02351,gi:24662753,0,0.0
P02824,P17886,0,1.0
Q9U3Z7,gi:17137196,0,1.0
gi:17737425,gi:28572129,0,1.0
gi:24663462,gi:24665132,0,1.0
P31473,gi:24650248,0,0.0
P77216,Q21361,0,0.0
gi:18857963,gi:21355869,0,1.0
P22188,gi:24647630,0,0.0
gi:20130399,gi:24668397,0,1.0
Q9VNH6,gi:19920692,0,1.0
gi:19921834,gi:24641555,0,1.0
Q9XW79,gi:24580765,0,0.0
P02418,gi:18858239,0,0.0
Q19503,gi:20129061,0,0.0
P32130,Q27408,0,0.0
gi:20129579,gi:24642461,0,1.0
P20083,gi:18859833,0,0.0
Q24117,gi:17136256,0,1.0
P07655,gi:20129193,0,0.0
O61521,gi:24650829,0,0.0
Q01642,gi:17136920,0,1.0
P02379,gi:24642543,0,0.0
gi:24648281,gi:24664979,0,1.0
P06709,P35676,0,0.0
gi:24644422,gi:28571891,0,1.0
gi:21355219,gi:24582826,0,1.0
P48592,gi:18860055,0,1.0
P13238,gi:24640635,0,1.0
Q9V9Z1,gi:24647885,0,1.0
P14294,gi:19922798,0,0.0
gi:21358039,gi:24652630,0,1.0
P16163,gi:24645058,0,1.0
gi:21355361,gi:24661707,0,1.0
P20082,gi:24643702,0,0.0
gi:24640501,gi:24660176,0,1.0
Q95QC4,gi:24582370,0,0.0
P12982,gi:19921370,0,1.0
gi:24647727,gi:28574406,0,1.0
O17267,gi:24641831,0,0.0
P34420,Q9N5S5,0,1.0
gi:17986173,gi:24639885,0,1.0
P23839,Q01644,0,0.0
P02374,P91419,0,0.0
Q9W5U2,gi:18543285,0,1.0
gi:24650658,gi:24663702,0,1.0
P29310,gi:17648051,0,1.0
P07487,gi:21687222,0,1.0
P02436,P34496,0,0.0
gi:18859665,gi:24647823,0,1.0
P33224,gi:24647905,0,0.0
P42184,gi:24665229,0,0.0
gi:19923036,gi:24650248,0,1.0
Q94207,gi:20129427,0,0.0
P07183,Q23158,0,0.0
gi:24647905,gi:24663657,0,1.0
P0A6N1,gi:24641919,0,0.0
gi:24655741,gi:24664458,0,1.0
O62127,P00490,0,0.0
P36540,gi:17137114,0,0.0
gi:20130087,gi:24662518,0,1.0
Q02360,gi:24655577,0,1.0
P32100,gi:24666997,0,1.0
Q23983,gi:24658714,0,1.0
P48601,gi:28573173,0,1.0
Q20628,gi:28574303,0,0.0
P28689,gi:20129873,0,0.0
Q24133,Q9VV43,0,1.0
P07019,gi:14018161,0,0.0
gi:17647527,gi:20129579,0,1.0
gi:17737817,gi:21356397,0,1.0
gi:24580815,gi:24656161,0,1.0
P17963,gi:24662518,0,0.0
gi:24581558,gi:24659188,0,1.0
gi:22026966,gi:28573310,0,1.0
Q22227,gi:20128977,0,0.0
gi:21358101,gi:24644772,0,1.0
P23844,gi:21357113,0,0.0
P37146,gi:19922668,0,0.0
Q18238,gi:28574009,0,0.0
P02342,Q9NJH0,0,0.0
P02364,P09373,0,1.0
P17276,Q20979,0,0.0
gi:19922440,gi:21955284,0,1.0
P30625,Q9V8K2,0,0.0
gi:28573278,gi:28573604,0,1.0
O01427,gi:21355215,0,0.0
gi:24638927,gi:24639187,0,1.0
P29209,gi:21357711,0,0.0
gi:20130329,gi:24652999,0,1.0
gi:24640853,gi:24647141,0,1.0
gi:19922144,gi:21357969,0,1.0
P75767,gi:28571833,0,0.0
P02427,gi:17137344,0,0.0
P10486,P17580,0,1.0
P18502,gi:24657356,0,1.0
Q9XTL9,gi:24663027,0,1.0
O16519,gi:17137386,0,0.0
gi:24581542,gi:24663246,0,1.0
gi:17137650,gi:24649114,0,1.0
gi:24655606,gi:24662288,0,1.0
P15034,P25007,0,0.0
Q17359,gi:19920380,0,0.0
P77444,Q17539,0,0.0
P02429,Q9VJE4,0,0.0
gi:24652897,gi:28571678,0,1.0
P48603,gi:28574249,0,1.0
Q9W3R7,gi:24645538,0,1.0
gi:24652905,gi:24655187,0,1.0
O61208,gi:28571762,0,0.0
gi:24644119,gi:24656334,0,1.0
P02409,P40320,0,0.0
P02341,gi:18859635,0,0.0
P02379,P07019,0,1.0
gi:20130199,gi:28572018,0,1.0
gi:21355573,gi:28571660,0,1.0
gi:24664458,gi:24667569,0,1.0
P45972,gi:24583567,0,0.0
gi:24651028,gi:24660381,0,1.0
P23792,Q95YE2,0,0.0
gi:20129859,gi:24640959,0,1.0
P20483,Q18241,0,0.0
O46036,Q9U2W6,0,0.0
gi:17136968,gi:24643702,0,1.0
P23696,gi:21355581,0,1.0
gi:19920746,gi:24585974,0,1.0
O16797,gi:19921114,0,1.0
O16500,gi:19920922,0,0.0
O18118,gi:24582018,0,0.0
P09097,Q9XWG3,0,0.0
P07028,gi:24645951,0,0.0
P19109,gi:28573427,0,1.0
gi:28572043,gi:28574886,0,1.0
P02341,gi:24642363,0,0.0
Q24133,gi:24650914,0,1.0
P33224,gi:22026880,0,0.0
P36995,gi:24659035,0,0.0
Q03563,gi:24646827,0,0.0
P30625,gi:24585893,0,0.0
P21499,Q9W1Y7,0,0.0
P02339,gi:17647383,0,0.0
gi:19921030,gi:24654160,0,1.0
Q20813,Q21271,0,1.0
P00391,gi:24655850,0,0.0
P03822,gi:24582598,0,0.0
P10115,gi:24655053,0,0.0
gi:24582554,gi:24648858,0,1.0
P23883,gi:17648069,0,0.0
O17981,gi:24582439,0,0.0
Q9V3W6,gi:24663246,0,1.0
gi:21358129,gi:24639446,0,1.0
P28692,P82910,0,0.0
gi:24639385,gi:24646199,0,1.0
P07028,Q09485,0,0.0
gi:19921306,gi:24667117,0,1.0
gi:21357591,gi:24644735,0,1.0
P23839,gi:24661707,0,0.0
gi:19921582,gi:24648896,0,1.0
gi:17137764,gi:18543285,0,1.0
P77734,gi:24645869,0,0.0
P10408,gi:24582094,0,0.0
P32052,gi:21687222,0,0.0
P02420,gi:24580731,0,0.0
gi:24647548,gi:24652737,0,1.0
gi:24586307,gi:24656267,0,1.0
Q9XYN7,gi:28573926,0,1.0
P25522,gi:24641578,0,0.0
P30844,gi:17647677,0,0.0
gi:17136860,gi:28573799,0,1.0
P77488,gi:20130017,0,0.0
P07395,gi:24642099,0,0.0
Q965X6,gi:24639988,0,0.0
P02410,gi:24654017,0,0.0
P07004,P36997,0,1.0
P28689,gi:21357543,0,0.0
P17288,P42287,0,0.0
gi:24645817,gi:28574284,0,1.0
gi:17647755,gi:21356041,0,1.0
P02423,gi:17647723,0,0.0
P06002,gi:21357871,0,1.0
gi:18859961,gi:24584167,0,1.0
gi:24643715,gi:28572987,0,1.0
Q9N3Y1,gi:24659221,0,0.0
gi:24647779,gi:24655121,0,1.0
O61208,gi:24659182,0,0.0
gi:24648158,gi:28574893,0,1.0
gi:21687206,gi:24648615,0,1.0
gi:17647959,gi:24649122,0,1.0
P20625,gi:20129565,0,0.0
P09158,gi:24661136,0,0.0
P00391,Q9VTJ4,0,0.0
gi:18858161,gi:21357711,0,1.0
gi:17136698,gi:24641115,0,1.0
gi:19921242,gi:24649564,0,1.0
P13395,gi:24641792,0,1.0
Q8MXH8,gi:19921364,0,0.0
Q9VR59,gi:24652930,0,1.0
gi:21357995,gi:24651579,0,1.0
P02356,gi:28571958,0,0.0
P02828,gi:18859825,0,1.0
P03818,gi:24649183,0,0.0
Q24133,gi:24649427,0,1.0
gi:24581778,gi:28558748,0,1.0
gi:24656362,gi:28573199,0,1.0
gi:28574735,gi:28574764,0,1.0
gi:24580579,gi:28574406,0,1.0
P34331,gi:24647343,0,0.0
P31059,Q22178,0,0.0
gi:17738007,gi:24663246,0,1.0
gi:19920746,gi:24653096,0,1.0
Q22837,gi:19921646,0,0.0
gi:21356397,gi:24663228,0,1.0
gi:18860521,gi:24663325,0,1.0
P42570,gi:24658292,0,1.0
gi:17737917,gi:24641156,0,1.0
gi:24583929,gi:24584985,0,1.0
gi:17864586,gi:24641439,0,1.0
P30861,Q9VG82,0,0.0
P18391,P22058,0,0.0
O77051,P21513,0,0.0
Q8I7I0,gi:24654383,0,0.0
O01775,gi:24644617,0,0.0
P23367,Q95QA6,0,0.0
Q19835,gi:24668616,0,0.0
gi:19922172,gi:24640007,0,1.0
P00579,P51123,0,0.0
gi:24585353,gi:28574582,0,1.0
P00528,P30625,0,0.0
P10440,Q9XVW8,0,0.0
gi:24641792,gi:24762726,0,1.0
gi:17137188,gi:24644642,0,1.0
P02418,gi:24650124,0,0.0
Q18529,gi:24663511,0,0.0
P92208,gi:19920866,0,1.0
O45766,gi:24649911,0,0.0
gi:21356743,gi:28571678,0,1.0
gi:21357761,gi:24641209,0,1.0
P02386,gi:19922628,0,0.0
gi:24585943,gi:24664105,0,1.0
gi:17554086,gi:32566959,0,1.0
gi:17137344,gi:28571587,0,1.0
Q22048,gi:20129853,0,0.0
O01666,gi:18859961,0,1.0
