protein_a,protein_b,label,y_prob
Q27368,gi:24582879,1,0.4930654111879525
gi:20129227,gi:24650922,1,0.4885930554874974
gi:24583644,gi:24667071,1,0.4574407482118177
O18413,gi:24650745,1,0.46917966552016815
gi:24645058,gi:24652999,1,0.5148201047877102
P11455,gi:24663246,1,0.5177359216602279
gi:19921028,gi:24667063,1,0.5377320015629996
gi:21355733,gi:24641831,1,0.6201564630436349
gi:21355521,gi:28571157,1,0.47512627886486236
P17704,gi:24666434,1,0.48497625763208596
P48603,gi:24641090,1,0.498520759678551
gi:24585313,gi:28571447,1,0.48237849017599793
gi:19921458,gi:24581719,1,0.5920120215725856
gi:24649025,gi:28573278,1,0.5290411682316081
Q9VYR1,gi:24642276,1,0.46769431241561893
gi:24646199,gi:24663340,1,0.49008367319507723
gi:24655121,gi:28571891,1,0.5179902958964623
Q24253,gi:28571819,1,0.4732579261423368
P16568,gi:24639988,1,0.49138349824473965
P21914,gi:17933604,1,0.4718346091081678
gi:24656553,gi:24664023,1,0.4632417915688056
P13097,gi:24645653,1,0.49658378781472556
gi:24648946,gi:24654606,1,0.464788707869585
gi:24656486,gi:24661872,1,0.5109587737684081
P55035,Q02361,1,0.5078499405744411
gi:24662946,gi:28574886,1,0.495601949868782
gi:19920396,gi:24668309,1,0.49372881943284236
gi:24649169,gi:28574406,1,0.51789996184476
gi:20129227,gi:24645769,1,0.48795665740556615
gi:20130151,gi:24638872,1,0.4899563742666048
gi:24663027,gi:28571678,1,0.5196066530175231
gi:21356855,gi:24653322,1,0.4602766532242645
gi:17137074,gi:21356415,1,0.4893198994926876
gi:20128797,gi:24638544,1,0.7066083961891994
Q94511,gi:24645053,1,0.4957292899633274
P07181,gi:17136554,1,0.48405891491580827
gi:24654934,gi:28572036,1,0.49036504065313447
gi:17137586,gi:28573893,1,0.4908742599800555
gi:24643394,gi:24661830,1,0.4704117498464338
gi:21356741,gi:24641068,1,0.46905280172365305
gi:24649025,gi:24655644,1,0.4867208534288844
gi:24641689,gi:28571515,1,0.5797284943609898
P45890,gi:24585681,1,0.48757483716418276
gi:19920390,gi:24583312,1,0.4693065333002276
gi:17647755,gi:24643634,1,0.5094312143262177
P13096,Q01071,1,0.47015795010950984
P82147,gi:28573278,1,0.5296757211710378
gi:19920866,gi:28571678,1,0.5199881030392773
P19538,gi:24581778,1,0.5991088524832737
P50887,gi:24649848,1,0.4931290738845526
Q8INW0,gi:24652438,1,0.5725071589920238
gi:24642561,gi:24647609,1,0.5217310585829374
gi:21357211,gi:24667117,1,0.5531055143720237
gi:19923028,gi:20129131,1,0.46769431241561893
gi:19923044,gi:24649952,1,0.47610584151219404
gi:24642517,gi:24656168,1,0.5804990639104362
gi:19922294,gi:24649697,1,0.46330512285295766
gi:21357511,gi:24643447,1,0.5374787429846282
gi:24650192,gi:24651703,1,0.5075953020094212
gi:19921710,gi:28572997,1,0.5147297332064706
gi:19921326,gi:24651935,1,0.4746816779520526
P53997,gi:20129291,1,0.5435312208362895
gi:24639021,gi:24648919,1,0.46627291624550604
O46106,gi:17647459,1,0.49896648066305704
P00528,gi:21356285,1,0.513812258105013
gi:24654441,gi:24656574,1,0.5159651650308186
P02828,gi:18859939,1,0.48757483716418276
gi:18858147,gi:24645951,1,0.47816589218888617
gi:21358301,gi:24638532,1,0.45892161196914727
gi:17981735,gi:20129157,1,0.4587951245300378
P13097,gi:24655187,1,0.49594707509756014
gi:24639885,gi:24667258,1,0.5471473416574729
gi:20130399,gi:21356209,1,0.5034403155372799
gi:17737875,gi:24639414,1,0.46336845532092935
P29742,gi:19922640,1,0.4849126405321557
gi:19922526,gi:24638766,1,0.4895108383829366
gi:24643761,gi:24651236,1,0.497029493432359
gi:21356367,gi:24667063,1,0.5372887863511167
gi:21358467,gi:24640855,1,0.490020023569051
gi:17136854,gi:24643702,1,0.5646287859807858
gi:17137114,gi:24650168,1,0.4841225252826156
P17276,gi:24645115,1,0.5197070715088002
gi:24582918,gi:28574037,1,0.464788707869585
gi:19920776,gi:24653350,1,0.5514415825488703
gi:24652930,gi:28571108,1,0.5276816103324141
P13060,gi:24641578,1,0.5130487115681839
P08570,gi:24583894,1,0.518753362132788
P50887,Q24570,1,0.4924287969312005
gi:24653255,gi:24661359,1,0.4960476425875541
gi:20128797,gi:21357495,1,0.7058157343472403
gi:24668309,gi:28574529,1,0.4930285192205198
gi:21358101,gi:22026831,1,0.4978840196688184
gi:24642517,gi:24651491,1,0.5818629809480463
gi:24667016,gi:28571820,1,0.4588583675868776
P07183,gi:24584729,1,0.5064226103122795
gi:17530825,gi:24582205,1,0.48472179217415284
gi:24641831,gi:24666524,1,0.6184750968279905
gi:19920406,gi:20129835,1,0.5084496303601072
gi:24644764,gi:28571412,1,0.4720250315441346
gi:24641493,gi:24647383,1,0.47376589514408446
gi:20130049,gi:24648294,1,0.5112401101128704
gi:24639496,gi:24762383,1,0.4746181667960468
gi:17933532,gi:24647137,1,0.525342364668866
gi:19921962,gi:24640747,1,0.46175888420063865
gi:19922100,gi:20130345,1,0.49483792186167147
Q24167,gi:24648592,1,0.48393169573386274
Q9VQQ9,gi:24656802,1,0.510767839445185
gi:24652882,gi:28572997,1,0.47313094250027266
gi:17137620,gi:24656431,1,0.49166489241357986
gi:17136568,gi:17137752,1,0.4983297370778716
gi:18858161,gi:24652897,1,0.5624988337604763
gi:21355625,gi:21358139,1,0.4574407482118177
Q9VNA5,gi:24640683,1,0.4631784614704943
gi:24582643,gi:24655996,1,0.48393169573386274
gi:24648044,gi:24656362,1,0.46305180483947705
gi:24652733,gi:24657699,1,0.49293808647147486
gi:24638718,gi:24657684,1,0.5016306930059141
gi:24584683,gi:24641790,1,0.5139395096898574
gi:24639687,gi:24649976,1,0.48633908173039714
P51123,gi:24649109,1,0.47740330274991705
gi:17647939,gi:21357733,1,0.47066556488511446
gi:17933736,gi:24581976,1,0.48329563139227283
gi:24653057,gi:24762582,1,0.4748722163265905
gi:20130151,gi:24642586,1,0.490020023569051
gi:24647083,gi:24649025,1,0.4867208534288844
gi:24582431,gi:24649499,1,0.4795909656953984
gi:17137240,gi:28571396,1,0.5466790017297182
gi:21356927,gi:24640119,1,0.48472179217415284
gi:24645216,gi:28574949,1,0.46911623312295053
P35415,gi:24642799,1,0.49042869199724637
P13395,gi:17137188,1,0.4816153829418012
gi:24647609,gi:24663548,1,0.5219852711475259
Q9XZS4,gi:24651236,1,0.4731944338878232
gi:17137344,gi:24584126,1,0.48865669736360484
gi:21687092,gi:24581542,1,0.5070860131888839
gi:24643634,gi:24650311,1,0.5096858205684892
P54350,P92208,1,0.4867208534288844
gi:18921139,gi:28571891,1,0.5015670188244831
gi:20129061,gi:24666737,1,0.49442914425401924
P16914,gi:19922904,1,0.4602766532242645
gi:21357089,gi:24664029,1,0.4602766532242645
Q9VJZ7,gi:24584798,1,0.47816589218888617
gi:24583803,gi:28573125,1,0.4979476933950219
gi:24640903,gi:24643280,1,0.46336845532092935
gi:24585335,gi:24586585,1,0.46163228194026457
gi:20129579,gi:24650124,1,0.48589370159289147
gi:17737727,gi:28574071,1,0.471898082345539
P13395,gi:24642799,1,0.48310482254994586
gi:24644064,gi:24650208,1,0.4944928112721774
gi:17136830,gi:24640430,1,0.5233464146534985
gi:17137800,gi:21357051,1,0.47518979651655296
gi:20129611,gi:24655053,1,0.47816589218888617
gi:18543293,gi:24641561,1,0.47952739728314225
gi:24584736,gi:24646199,1,0.4895108383829366
gi:20129967,gi:21355815,1,0.5042948127533752
gi:17137234,gi:24638625,1,0.502930937598374
gi:24640264,gi:24642241,1,0.46336845532092935
gi:24640233,gi:24667117,1,0.5558110445693677
P02828,gi:24643375,1,0.48808393396461675
gi:19920706,gi:24582962,1,0.4999483774101729
P02517,P29775,1,0.48418613616390344
gi:24639548,gi:24652112,1,0.4853579703838712
gi:24641790,gi:24642817,1,0.5140031348056259
Q03334,gi:24666394,1,0.48174256162155793
gi:24581719,gi:24582473,1,0.5932418123816656
gi:26080381,gi:28573157,1,0.5092771428768395
gi:20129967,gi:21357305,1,0.5046768309792025
gi:21357761,gi:28574971,1,0.6614309214949894
P02824,gi:28572963,1,0.5204966667431411
gi:17136968,gi:17137452,1,0.49379248435006295
gi:17136258,gi:21355573,1,0.5002667515477576
gi:17137568,gi:24645053,1,0.4959203011388392
gi:17865642,gi:24648751,1,0.47060210969803273
P48592,gi:22024283,1,0.5478414448728579
gi:19922044,gi:24656312,1,0.4648520674849171
P21461,gi:24653649,1,0.5104127255755073
gi:19920746,gi:24643702,1,0.5644409437615194
P15364,gi:17647979,1,0.5208144975541624
gi:21687092,gi:28573551,1,0.5078499405744411
gi:19920922,gi:24663548,1,0.4775303937708891
gi:20130405,gi:24643010,1,0.4574407482118177
P05389,gi:24646440,1,0.4773397583355768
gi:24646860,gi:28571593,1,0.4915108106461748
P08570,gi:21358101,1,0.5181174795261454
P07207,gi:30923613,1,0.49191952310434156
gi:19920912,gi:21358247,1,0.49982102775240256
gi:18859751,gi:21355869,1,0.5198342220603687
gi:24640951,gi:24657678,1,0.46169558245287884
gi:19920746,gi:19922390,1,0.4882748516952044
gi:21358039,gi:24651203,1,0.502930937598374
gi:21357387,gi:24638625,1,0.5030582826947868
gi:19920798,gi:21358535,1,0.46472534939069793
gi:17647735,gi:24641921,1,0.49877545714153926
gi:21356003,gi:21357311,1,0.47313094250027266
gi:24643110,gi:24645344,1,0.49598397179806913
P48149,gi:24584198,1,0.48256927996758076
gi:24640430,gi:24667760,1,0.5238546783588907
gi:21355807,gi:24638927,1,0.46453528079294976
gi:19921312,gi:24651610,1,0.6027895612080714
Q9VMA2,gi:20129835,1,0.5092771428768395
gi:20130399,gi:24638625,1,0.5015301200754932
Q9W553,gi:24642267,1,0.4822512998324798
Q9XYN7,gi:24661140,1,0.4763599653441083
gi:19922670,gi:24654471,1,0.47015795010950984
P25007,gi:24639183,1,0.4692430989132719
gi:19922444,gi:24652290,1,0.46175888420063865
gi:21357711,gi:24658714,1,0.5128578152783999
gi:24640973,gi:24655674,1,0.48710264062237485
gi:24584030,gi:24586176,1,0.48418613616390344
P02835,gi:24667829,1,0.47370239602737785
gi:17137696,gi:21356655,1,0.4974115306033014
gi:17136948,gi:24641148,1,0.5026762462812981
Q9VNE9,gi:24762726,1,0.4982023889448557
gi:21358103,gi:24655053,1,0.47740330274991705
gi:17137488,gi:18858209,1,0.47196155649154103
gi:24583803,gi:24663228,1,0.4980113671877925
gi:17137216,gi:24653649,1,0.5047405001646573
gi:21357711,gi:24586237,1,0.5140031348056259
gi:18860521,gi:19921250,1,0.4899563742666048
Q24133,gi:24648253,1,0.5093407956379119
P18171,gi:24640527,1,0.47965453476853637
Q9NJH0,gi:24581467,1,0.4891289637187816
gi:24663047,gi:24665583,1,0.5658180204157709
P36975,gi:24638845,1,0.5451371400199989
O16797,gi:24583474,1,0.5338778456937049
O16797,gi:24655053,1,0.5338778456937049
gi:18859679,gi:24646430,1,0.4660827658310667
gi:17737917,gi:21355657,1,0.4631784614704943
Q9W0K7,gi:24585499,1,0.4884021320862288
gi:22026831,gi:28571341,1,0.4837408708709706
P17886,gi:19922516,1,0.5170096008121186
gi:24642884,gi:24649646,1,0.53574210936509
gi:24644642,gi:28571615,1,0.4805713052814144
gi:24653350,gi:24656785,1,0.5552814874548184
Q24423,gi:24641449,1,0.4818697426669402
gi:24638625,gi:24639687,1,0.5022305332139732
gi:17137650,gi:24653674,1,0.4674406847301457
gi:18859833,gi:24642808,1,0.47889174996038714
gi:24639571,gi:24642261,1,0.472278940779633
gi:24656959,gi:24667063,1,0.5374154253129242
gi:24643702,gi:24648755,1,0.5650044147130311
gi:24646365,gi:24664257,1,0.49541094080195247
Q24564,gi:24661864,1,0.603338285492335
gi:24650084,gi:24661467,1,0.4915108106461748
gi:17864162,gi:21357211,1,0.546074276908532
gi:24639782,gi:24661707,1,0.5162196005231328
gi:24645869,gi:24652641,1,0.4943654774165341
P41126,gi:24648294,1,0.5118765180882597
P00528,gi:19921798,1,0.513812258105013
gi:24581719,gi:24651247,1,0.5927500353789826
gi:24645182,gi:24663118,1,0.46601938454702924
gi:17933722,gi:19921582,1,0.4793366960321806
gi:17137220,gi:17864162,1,0.5039764603822945
Q8IN81,gi:28558748,1,0.5016306930059141
P82910,gi:28574284,1,0.520714097071175
P29503,P40796,1,0.46601938454702924
gi:24584645,gi:24642267,1,0.48231489471778166
gi:24646664,gi:24651028,1,0.4854852117859113
gi:24640172,gi:24655067,1,0.4603399267953573
gi:24643755,gi:24656820,1,0.4968384761197015
gi:18860011,gi:21357481,1,0.5062316164054066
P13395,P36241,1,0.4803169955764136
gi:20128797,gi:24643303,1,0.7055512363600546
P07181,gi:24666886,1,0.483232027900873
Q8IGR0,gi:24659237,1,0.5581892457686916
gi:24650263,gi:24654441,1,0.5164740276067554
P54733,gi:24648824,1,0.4781023391324111
O77264,gi:24654441,1,0.5169192543738098
gi:19922620,gi:24659451,1,0.5373154130527763
Q9VAD6,gi:28574009,1,0.4990938298484594
gi:21355965,gi:21356311,1,0.46175888420063865
gi:18543285,gi:24584828,1,0.5496604311482705
P40427,Q24251,1,0.4924924572860738
Q8INW0,gi:24651690,1,0.5724448220362965
gi:24580839,gi:24641068,1,0.4618221871815267
gi:20129835,gi:24652235,1,0.5091498364543309
P22058,gi:24582926,1,0.48069846391753707
gi:18860011,gi:24647498,1,0.5062316164054066
gi:17136732,gi:19920984,1,0.5260041392698618
gi:21357051,gi:24646365,1,0.4960476425875541
Q9W5R8,gi:28574939,1,0.4999483774101729
Q9Y0I1,gi:24649620,1,0.4693065333002276
Q27350,gi:24648617,1,0.49008367319507723
O18640,gi:24647582,1,0.4941108119146108
gi:24647137,gi:24649025,1,0.5245801711574682
gi:24581467,gi:24666096,1,0.4787646286315399
P10379,gi:24639885,1,0.5477783522285958
P82910,gi:28572963,1,0.5219852711475259
gi:18859889,gi:24666524,1,0.5046131616420637
gi:24642763,gi:28574886,1,0.49611131350522913
gi:24644116,gi:28571447,1,0.4826328776969024
gi:18921123,gi:21358053,1,0.45892161196914727
gi:17647523,gi:24646410,1,0.5076589620252898
gi:24586550,gi:24666886,1,0.4778481340160796
Q9VXX8,gi:19922328,1,0.47648703185867913
gi:20428641,gi:24649427,1,0.5021031859412007
gi:24639548,gi:24656262,1,0.48542159084866054
gi:24642233,gi:24654843,1,0.48789301971062515
gi:21355719,gi:24648536,1,0.4803805720516263
gi:24660416,gi:24663462,1,0.6123455641403306
gi:20130247,gi:24666442,1,0.47506276201797604
gi:24642561,gi:24658927,1,0.4836772636342405
gi:24581626,gi:24639715,1,0.6116899119287088
gi:17136698,gi:24580836,1,0.4782294459522191
gi:20130085,gi:24661002,1,0.5510470691469611
gi:24661625,gi:28573278,1,0.5288507839505276
gi:21355383,gi:28574414,1,0.5050588437444139
gi:24586562,gi:24650829,1,0.4864663372140996
gi:17137648,gi:24668042,1,0.47066556488511446
gi:24580815,gi:24582219,1,0.4921741579875646
P08182,gi:21356361,1,0.518281510681874
gi:17136968,gi:17933532,1,0.4940471460114556
gi:18859953,gi:21355139,1,0.47667763733274543
gi:24666274,gi:28573830,1,0.464788707869585
gi:18543215,gi:24662330,1,0.513748631640055
Q8INW0,gi:24661359,1,0.5714471191683205
gi:19920676,gi:24646827,1,0.4822512998324798
gi:17647699,gi:24582096,1,0.4869753765303388
gi:19921566,gi:24584828,1,0.4895744853625859
Q9VMW8,gi:24640683,1,0.46750409007917304
Q01644,gi:24639904,1,0.49903015524002936
gi:17136294,gi:24652999,1,0.5159651650308186
P29742,gi:24641689,1,0.5796664372986516
P20354,P40320,1,0.47778458452463574
gi:24648776,gi:24665172,1,0.470348298472572
gi:19920696,gi:22026831,1,0.5142843846265333
P02824,gi:28574284,1,0.5192251801364604
gi:18860521,gi:21355617,1,0.48250568280295253
gi:24655245,gi:28574597,1,0.4915108106461748
gi:21355331,gi:21357723,1,0.465956004360092
gi:19921458,gi:24662048,1,0.5095585180672046
Q24564,gi:24651703,1,0.6013250353833942
gi:19920386,gi:24582270,1,0.4618221871815267
gi:24654017,gi:24668321,1,0.48633908173039714
gi:18858125,gi:24648828,1,0.5033397462253582
gi:17647911,gi:24584835,1,0.5339412276585074
gi:24644250,gi:24665154,1,0.5011849727408119
gi:21356265,gi:24641209,1,0.4787010689974092
gi:17647891,gi:24649994,1,0.46769431241561893
P08111,gi:24656486,1,0.5109587737684081
gi:24580672,gi:28574726,1,0.5153022897693369
gi:20129961,gi:24643413,1,0.464788707869585
gi:21357117,gi:24642361,1,0.46040320164476556
gi:17737533,gi:24657019,1,0.5134941213446982
gi:19921060,gi:24642559,1,0.4603399267953573
gi:20130007,gi:24655502,1,0.4805713052814144
gi:24638894,gi:24643270,1,0.47506276201797604
gi:24648905,gi:24649663,1,0.472278940779633
gi:24582283,gi:24646611,1,0.48795665740556615
gi:17137788,gi:20130017,1,0.4781023391324111
gi:24583312,gi:24659992,1,0.46917966552016815
gi:19920594,gi:24667089,1,0.5135577495797479
gi:24642517,gi:24646312,1,0.5809951772093901
gi:20128985,gi:21355643,1,0.49477425390009555
gi:24640578,gi:24656644,1,0.49274710111951964
P13060,gi:24642367,1,0.5131123428216087
gi:21358587,gi:24647779,1,0.49293808647147486
gi:24643755,gi:24644880,1,0.4968384761197015
gi:24667063,gi:28573879,1,0.5356420479242582
Q9VSS2,gi:21356873,1,0.48237849017599793
P25867,gi:24584167,1,0.49223781734796823
gi:24585428,gi:24649202,1,0.46040320164476556
P48593,gi:20129701,1,0.46175888420063865
P52295,gi:19920696,1,0.51358450558367
gi:20130399,gi:28574582,1,0.5416980663629439
gi:19921588,gi:24663275,1,0.4602766532242645
gi:21356979,gi:24646860,1,0.4916381241487095
gi:24652684,gi:24654749,1,0.4588583675868776
P91615,gi:21355581,1,0.4852943503936016
P08181,gi:28571396,1,0.5462371260465624
gi:17738243,gi:24641449,1,0.48174256162155793
Q9VCR6,gi:24657689,1,0.49845708542759076
gi:24654996,gi:24655741,1,0.5301198512793959
gi:24647334,gi:24648828,1,0.5050588437444139
gi:20128911,gi:24648063,1,0.4588583675868776
gi:17137188,gi:24640713,1,0.48193333407160494
gi:18543215,gi:24647864,1,0.513748631640055
Q9XZT6,gi:24666702,1,0.46040320164476556
Q94524,gi:24581901,1,0.49918428014231314
P07207,gi:21356895,1,0.49261977872413315
P09087,gi:28574876,1,0.4689893713243094
O76924,gi:19920954,1,0.5002667515477576
gi:18859939,gi:21355243,1,0.48120712330293913
gi:21356777,gi:24582294,1,0.5198977963736873
Q03017,gi:21358205,1,0.495601949868782
gi:17647155,gi:24639988,1,0.4909379137491394
Q8T053,gi:24762757,1,0.48561245506956374
gi:19921242,gi:28573850,1,0.46614614821017714
gi:17137752,gi:24663462,1,0.6130708361989498
gi:24583747,gi:24640672,1,0.5169192543738098
Q9XTM1,gi:24639705,1,0.5044858225209932
gi:18543271,gi:21357711,1,0.5138758841223
P17276,gi:24654530,1,0.519643495274655
gi:17864162,gi:24647137,1,0.5238178631154838
gi:24653791,gi:24665661,1,0.49341049793870834
gi:24585618,gi:28571445,1,0.49353782590971224
gi:24581310,gi:24660710,1,0.46769431241561893
gi:24645817,gi:24663462,1,0.6144595378379785
gi:18858189,gi:24640672,1,0.5167920494360516
gi:24647609,gi:28572129,1,0.5208412268225892
gi:19921552,gi:21356055,1,0.45892161196914727
gi:21358275,gi:24643243,1,0.4573775353990873
gi:19920568,gi:24652463,1,0.46459863585035593
P27716,gi:17738153,1,0.47816589218888617
Q8IGR0,gi:24582182,1,0.4969021484574647
P02839,gi:24642808,1,0.4793366960321806
gi:17137700,gi:28573674,1,0.4779752351482329
gi:17137740,gi:24645951,1,0.4779752351482329
gi:17137560,gi:24646962,1,0.4631151325600446
gi:20129061,gi:24666753,1,0.49442914425401924
P23757,gi:24583917,1,0.5109587737684081
P11455,Q8INW0,1,0.5709480493160535
gi:24653741,gi:24661332,1,0.46336845532092935
gi:24653649,gi:24655741,1,0.5282795809624419
gi:24645157,gi:28571537,1,0.45892161196914727
P14734,Q9VAN0,1,0.47778458452463574
P39413,gi:24655153,1,0.5611657146914497
Q95YI5,gi:24649452,1,0.4618221871815267
gi:24642276,gi:28573278,1,0.5298660684417735
gi:24642517,gi:28574316,1,0.5810571798792726
gi:21357017,gi:24642586,1,0.4662095316823327
gi:20129527,gi:30923613,1,0.48446733463780745
P06601,gi:28573795,1,0.46459863585035593
gi:24649646,gi:24661263,1,0.4702213986020737
gi:24640513,gi:24664817,1,0.4603399267953573
P91943,Q9VGI8,1,0.47066556488511446
Q9V407,gi:24647285,1,0.47060210969803273
gi:17137514,gi:24641056,1,0.4573775353990873
gi:24639609,gi:24657218,1,0.49442914425401924
gi:20129357,gi:24648484,1,0.4960476425875541
gi:24652112,gi:24666850,1,0.47047520217665556
gi:17530793,gi:24646283,1,0.46040320164476556
O46036,gi:17737723,1,0.5168556521779839
gi:24643110,gi:28573278,1,0.5286603912752859
gi:24581719,gi:24641561,1,0.5924425802847313
P00528,gi:24665193,1,0.5136850047294855
gi:24642267,gi:28571451,1,0.48269647598886223
Q9VUR3,gi:17136276,1,0.46175888420063865
O46036,gi:24663901,1,0.5166012379541761
gi:18543285,gi:21355123,1,0.5509840571917747
gi:21357917,gi:24664458,1,0.5003304263575791
gi:24646114,gi:24651937,1,0.47072902102040937
gi:18543295,gi:19922816,1,0.4646619920502801
gi:24641045,gi:24645621,1,0.46169558245287884
gi:17647911,gi:19921530,1,0.4763599653441083
gi:19920776,gi:24582858,1,0.5522074861952341
P08182,gi:19922274,1,0.5172640009469062
gi:24641919,gi:24654172,1,0.46453528079294976
gi:24640672,gi:28574391,1,0.5168556521779839
gi:18859973,gi:24638872,1,0.4899563742666048
gi:19920876,gi:24581719,1,0.5927500353789826
P22700,gi:24642301,1,0.49255611788440584
gi:19921694,gi:24645413,1,0.4718346091081678
gi:24639705,gi:24643447,1,0.5372254650650522
gi:24643634,gi:24647759,1,0.5103223139019596
gi:21356453,gi:24762383,1,0.47060210969803273
Q9VVN2,gi:24583567,1,0.4748087027193688
gi:18859825,gi:24654854,1,0.5002298524539215
gi:19921652,gi:19921672,1,0.47518979651655296
gi:24639301,gi:28572124,1,0.521450108372382
gi:20129563,gi:24647143,1,0.4926834398031924
gi:17137760,gi:24580788,1,0.4944928112721774
Q24180,gi:24655778,1,0.4734484080872377
P17886,gi:28573019,1,0.5184086889120203
gi:24648289,gi:24660416,1,0.5167920494360516
gi:24586371,gi:28574726,1,0.5150478250554529
Q9W2N0,gi:24651028,1,0.48523073087991
Q8MSF5,gi:19921270,1,0.5032492995902857
gi:17864566,gi:24583394,1,0.5061679513628371
gi:21358527,gi:24657782,1,0.5109587737684081
P13607,gi:28574582,1,0.5420774339921574
gi:24650356,gi:28574582,1,0.54296243465658
gi:24582104,gi:24668704,1,0.47177113678146687
gi:19920370,gi:24640181,1,0.4689259419269536
gi:17137574,gi:21356415,1,0.47525331497100265
gi:21355673,gi:24651944,1,0.4693065333002276
P08570,gi:24646410,1,0.5195799184043394
gi:19921244,gi:21356337,1,0.5255328947371929
O46106,gi:24581314,1,0.501721142551751
P29681,gi:28571819,1,0.47376589514408446
O02195,gi:24653096,1,0.4836772636342405
gi:20130175,gi:24639519,1,0.4916381241487095
Q24133,Q9VPH7,1,0.509468100249381
gi:21356211,gi:24650074,1,0.46879908614633903
P18502,gi:24653810,1,0.5510470691469611
gi:17137224,gi:24642276,1,0.495601949868782
Q24141,gi:21356337,1,0.5237543323863464
gi:24580804,gi:24656959,1,0.4644719268800854
gi:24582714,gi:24640268,1,0.47215198436093847
gi:19920706,gi:24640506,1,0.5005851254690344
gi:24657019,gi:28573799,1,0.4836772636342405
gi:17136732,gi:24648308,1,0.5273375052577671
gi:24648207,gi:24648946,1,0.4808256250541765
P05552,gi:24645148,1,0.4910652221667652
gi:20130277,gi:24665135,1,0.46769431241561893
O17445,gi:24654996,1,0.4958566306119291
gi:19922000,gi:24639187,1,0.5077862813098631
gi:24649695,gi:24662048,1,0.5100677204691493
gi:19922626,gi:24649911,1,0.46330512285295766
P10734,gi:17137168,1,0.5016306930059141
gi:17136262,gi:17137760,1,0.4944928112721774
Q06559,gi:18859961,1,0.5583776746525141
Q94899,gi:24648459,1,0.46336845532092935
O18640,gi:20129481,1,0.4940471460114556
gi:17933694,gi:28573662,1,0.487166273296511
gi:21357711,gi:24655888,1,0.5126669152376081
gi:18543285,gi:24645053,1,0.5494082315954565
gi:19922166,gi:24648514,1,0.4775939403734235
gi:17136524,gi:24655644,1,0.4662095316823327
gi:24646190,gi:24648942,1,0.4644719268800854
gi:24639687,gi:24666818,1,0.48703900836629754
gi:21357903,gi:28571100,1,0.513748631640055
Q8IGR0,gi:24640672,1,0.5152018094181625
gi:24641014,gi:28572158,1,0.48703900836629754
gi:23308611,gi:24654530,1,0.4972841845217981
gi:20128841,gi:28574886,1,0.4950289267426531
gi:24640625,gi:24656494,1,0.48095278867490776
gi:24583531,gi:24659188,1,0.46873565976714726
gi:24583965,gi:24586240,1,0.5478414448728579
P82910,gi:21355911,1,0.5223030208239077
P48609,gi:24640494,1,0.46175888420063865
gi:19922206,gi:24639808,1,0.4707924781018802
gi:24655153,gi:24668642,1,0.5609775400856434
gi:17136820,gi:20128841,1,0.4808256250541765
gi:17737425,gi:24663246,1,0.5202055514005601
gi:21357781,gi:24582294,1,0.5192620245820493
gi:21356995,gi:24581719,1,0.5917043930968875
gi:21355799,gi:24652235,1,0.4674406847301457
gi:21355521,gi:24643170,1,0.47512627886486236
gi:17137752,gi:24641280,1,0.4982660629832431
gi:24580731,gi:24649039,1,0.5286337034399958
gi:24645921,gi:28573781,1,0.4692430989132719
gi:17136862,gi:24643303,1,0.487166273296511
P41093,gi:24639649,1,0.47591525675030316
P25008,gi:24663352,1,0.46911623312295053
gi:24583803,gi:24652686,1,0.4986481083223461
gi:24646729,gi:28571658,1,0.4795909656953984
gi:19920696,gi:28571218,1,0.5153022897693369
gi:17647899,gi:19922144,1,0.4976025503500713
gi:24667837,gi:28571660,1,0.5154295191592402
gi:19923004,gi:24662583,1,0.4618854913935259
O17445,gi:24585156,1,0.512285104125482
gi:19922328,gi:21356029,1,0.4618221871815267
gi:24640353,gi:24663039,1,0.5330905190193306
P02839,gi:24657782,1,0.5106405481474223
gi:24585242,gi:24640268,1,0.4998847025794178
gi:24639711,gi:24641280,1,0.47499924597793874
P23023,gi:24667876,1,0.519516340899906
P49905,Q9VN93,1,0.5123856168469404
gi:24582306,gi:24762701,1,0.5121947077669629
gi:21357211,gi:24652680,1,0.5478414448728579
gi:28574582,gi:28574764,1,0.5428360224607209
Q8T498,gi:21356337,1,0.5256599106560405
gi:17933676,gi:24656938,1,0.4824420862050733
gi:24651149,gi:28571891,1,0.5020127369114764
P11147,gi:24638862,1,0.5006755758873064
gi:21955276,gi:24644880,1,0.48789301971062515
gi:21358039,gi:28573563,1,0.5446584086316015
gi:24648289,gi:24651688,1,0.47506276201797604
gi:21687092,gi:24663599,1,0.507977258337863
gi:24585618,gi:24649695,1,0.4802534197386471
gi:24582672,gi:24583332,1,0.4943654774165341
gi:24580712,gi:24647566,1,0.46775772195078613
Q24564,gi:24655034,1,0.6024236012486243
gi:21355909,gi:24665583,1,0.5638146697172965
gi:24650473,gi:24666240,1,0.5095317520956529
Q9W3C1,gi:24653988,1,0.4632417915688056
Q9V3I1,gi:24585499,1,0.4884657728467483
Q9VQ62,gi:28572129,1,0.5049951753483469
Q24260,gi:24584547,1,0.535425347716552
P13607,gi:21358161,1,0.4944559166757515
gi:20128811,gi:28573173,1,0.4897017803338638
gi:24650148,gi:24650263,1,0.4676309039239403
gi:17137074,gi:28573893,1,0.4901740885034613
gi:24647609,gi:24668194,1,0.5228749245846623
gi:17647979,gi:28573563,1,0.5439003033408765
gi:21357915,gi:24654479,1,0.5011849727408119
gi:17864566,gi:24646884,1,0.5061042861202352
P15364,gi:24582746,1,0.505913289212876
gi:18857963,gi:24654086,1,0.4972205116121447
gi:18859973,gi:24643118,1,0.5363388419008666
gi:24642235,gi:24646312,1,0.47616937131540216
O46341,gi:24656273,1,0.4678211325274112
P10987,gi:24646440,1,0.5071496751174012
Q24404,gi:24639705,1,0.514920589764396
gi:17933704,gi:21356995,1,0.4974752037710212
gi:24581626,gi:24641302,1,0.46750409007917304
P00034,gi:24652686,1,0.4867208534288844
gi:24584039,gi:24646940,1,0.4841225252826156
P19538,P29742,1,0.5984357626732422
gi:21357305,gi:24647468,1,0.4838044786345222
gi:18859635,gi:24639301,1,0.5189072689268444
gi:24661662,gi:24667117,1,0.5566912091475296
P48591,gi:21355205,1,0.4632417915688056
gi:24641404,gi:28573563,1,0.5464265103007385
P09775,Q01068,1,0.47506276201797604
gi:20129157,gi:21357761,1,0.661487956532339
P51123,Q01083,1,0.489192608627054
gi:24582006,gi:24662753,1,0.5152654251443765
Q24404,gi:24583929,1,0.5139662645683896
gi:24640264,gi:24655245,1,0.4913198424620919
Q9VJV9,gi:18858161,1,0.565379968823174
gi:24645621,gi:24647952,1,0.4618221871815267
P22807,gi:24643447,1,0.5371621425782399
gi:17137438,gi:24647356,1,0.46040320164476556
gi:24651303,gi:28572963,1,0.49515626413954095
gi:24646774,gi:24658229,1,0.48399530506553823
gi:20129291,gi:24651703,1,0.5415083643892924
gi:17137740,gi:24643375,1,0.46905280172365305
gi:17137196,gi:24762594,1,0.48212411178883835
gi:24649183,gi:24654854,1,0.5001025028034466
gi:24646593,gi:24656644,1,0.49261977872413315
gi:19922526,gi:28573544,1,0.47047520217665556
gi:24643476,gi:28571506,1,0.464788707869585
gi:17136914,gi:24659237,1,0.5597589694438994
gi:17864622,gi:24583965,1,0.5477152580487518
gi:17136830,gi:24659868,1,0.4811435387277439
P36188,gi:24666913,1,0.4602766532242645
gi:19922640,gi:30923526,1,0.4852943503936016
Q9V407,gi:24583312,1,0.46911623312295053
Q24253,gi:20129209,1,0.4678211325274112
gi:18858189,gi:24665657,1,0.49442914425401924
P45889,gi:21355167,1,0.46453528079294976
gi:19920928,gi:24659188,1,0.4693065333002276
gi:21355663,gi:24582106,1,0.4574407482118177
gi:24584287,gi:24641831,1,0.6204564050651818
gi:24655741,gi:24658229,1,0.5291680863950684
gi:24662650,gi:24762816,1,0.48101637141167475
gi:20130261,gi:24659237,1,0.5583776746525141
gi:21357147,gi:28573310,1,0.4983297370778716
P23696,gi:28573264,1,0.5166915882596931
gi:19921554,gi:24650634,1,0.48561245506956374
O97420,gi:21355085,1,0.4811435387277439
gi:24582339,gi:24638976,1,0.4987117827110505
P17704,gi:24581976,1,0.4760423124822439
P17886,gi:21357953,1,0.5181543300829916
gi:24582219,gi:24642615,1,0.4782294459522191
gi:22024244,gi:24648042,1,0.4602766532242645
gi:17136212,gi:24655170,1,0.4980113671877925
P10041,gi:24649007,1,0.48465817704227354
P29052,gi:20130017,1,0.4779752351482329
gi:20129291,gi:24583310,1,0.5437207910787822
P04814,gi:24762594,1,0.48250568280295253
gi:20130281,gi:24638708,1,0.468862513533619
gi:24650284,gi:24668346,1,0.47518979651655296
gi:17136732,gi:24582879,1,0.5258136276905966
gi:24639936,gi:24643497,1,0.47506276201797604
gi:24580712,gi:24649164,1,0.47177113678146687
gi:17136732,gi:24666240,1,0.5251150213536253
gi:24656168,gi:24666826,1,0.4885930554874974
Q02645,gi:24655537,1,0.4588583675868776
O76924,gi:17647739,1,0.5005214507144757
Q9VJZ7,gi:24584776,1,0.4722154621210693
gi:17136732,gi:21358569,1,0.5260041392698618
P10084,P18491,1,0.4631151325600446
P36241,gi:21355873,1,0.4763599653441083
gi:24643110,gi:24650658,1,0.5048309424402851
gi:21358465,gi:24649283,1,0.4573775353990873
gi:24581339,gi:24585681,1,0.48088920655505735
gi:24646073,gi:24646090,1,0.48237849017599793
gi:24644073,gi:24667917,1,0.48418613616390344
gi:17647155,gi:28574009,1,0.49839341122667585
gi:21356797,gi:24646318,1,0.520305960275597
gi:24639210,gi:24645887,1,0.4736388977612975
gi:24639496,gi:24646337,1,0.47518979651655296
P18102,gi:24646146,1,0.47518979651655296
gi:24643118,gi:24657782,1,0.5354519889357369
Q24133,gi:24657052,1,0.5088315652421938
Q94524,gi:28574997,1,0.5002667515477576
P40427,gi:17136216,1,0.4924287969312005
Q24404,gi:24642134,1,0.5147297332064706
gi:24585242,gi:24642884,1,0.5344115196167195
gi:17137582,gi:19922526,1,0.47060210969803273
gi:24585943,gi:28574635,1,0.5055949572259497
Q9XYN7,gi:24585215,1,0.47616937131540216
gi:24645769,gi:24652344,1,0.4805077269061795
gi:21357871,gi:24585240,1,0.4835500507494706
gi:24652733,gi:24660923,1,0.49185586503345
gi:20130139,gi:24661332,1,0.46336845532092935
P47938,gi:17136286,1,0.4732579261423368
gi:19922714,gi:24585327,1,0.46040320164476556
gi:18858007,gi:21355869,1,0.519516340899906
gi:24655474,gi:24664469,1,0.4957929602194035
gi:24646860,gi:24648136,1,0.49157446726083615
gi:19922248,gi:21355603,1,0.4632417915688056
P19538,gi:17647589,1,0.5989865002448987
gi:17137234,gi:24652825,1,0.47053865546120077
gi:19922458,gi:24581987,1,0.4618854913935259
gi:24582283,gi:24583279,1,0.48808393396461675
Q9W1C9,gi:19920696,1,0.5148569713925416
gi:24581582,gi:24651671,1,0.5048678380722574
gi:24649345,gi:28574284,1,0.5071496751174012
gi:24646090,gi:24653791,1,0.4838680869228385
Q9W5R5,gi:20129301,1,0.4644719268800854
gi:20130151,gi:24638864,1,0.49008367319507723
gi:17136698,gi:24667917,1,0.483232027900873
gi:24640704,gi:24762491,1,0.4793366960321806
O76924,gi:17864542,1,0.5003941011566827
gi:17136934,gi:19921530,1,0.4704117498464338
gi:28573173,gi:28573264,1,0.4961380876264194
gi:19921306,gi:21357969,1,0.48212411178883835
O16797,gi:18859825,1,0.5329903842588788
Q24251,gi:24661084,1,0.47047520217665556
gi:18857963,gi:24642517,1,0.5801268720624569
gi:24650035,gi:24656275,1,0.4722154621210693
gi:21358003,gi:24638845,1,0.5452002952116286
P92201,gi:21358103,1,0.4748722163265905
gi:24650035,gi:30923655,1,0.4790188740230116
gi:17647181,gi:20130017,1,0.4779752351482329
gi:24663242,gi:28573799,1,0.48399530506553823
P02307,gi:24658110,1,0.46453528079294976
gi:20129227,gi:21355125,1,0.4873202983645642
gi:18858043,gi:24655701,1,0.47060210969803273
gi:24641121,gi:28574284,1,0.5080409168325803
P49905,gi:24654325,1,0.511812878989253
Q24564,gi:24659892,1,0.603338285492335
gi:17737433,gi:21356121,1,0.48523073087991
gi:19920464,gi:24649059,1,0.4631784614704943
O61345,gi:24647233,1,0.47506276201797604
gi:24642799,gi:24659237,1,0.5587544819390147
gi:24642276,gi:24659451,1,0.5387714547212564
gi:24646232,gi:24647687,1,0.4618221871815267
gi:17647581,gi:24649519,1,0.48589370159289147
P18502,gi:24647609,1,0.5482730212269151
gi:24664399,gi:24665583,1,0.5658180204157709
gi:24583332,gi:24648828,1,0.5034034181625757
O44424,gi:24657684,1,0.5001025028034466
gi:17137620,gi:24646970,1,0.4928744244557245
gi:17986183,gi:24652818,1,0.4588583675868776
P20227,P51123,1,0.4778481340160796
gi:24640994,gi:24658861,1,0.46472534939069793
Q24404,Q9VMW8,1,0.5149842076527191
gi:21356727,gi:24650208,1,0.49315584457760125
gi:18858117,gi:24641434,1,0.4618854913935259
gi:24662044,gi:24662431,1,0.5019490630783784
gi:20129499,gi:24654082,1,0.46775772195078613
gi:24642267,gi:24643755,1,0.4964564443187936
gi:24643118,gi:28574406,1,0.535135201099155
gi:24643578,gi:24649383,1,0.46775772195078613
gi:24580731,gi:24648127,1,0.5287606336007372
gi:20130049,gi:24646365,1,0.49483792186167147
gi:24585618,gi:24643151,1,0.49353782590971224
Q02748,gi:24641561,1,0.4950925953615167
gi:18859657,gi:24655474,1,0.49598397179806913
gi:24583067,gi:24641449,1,0.5083859735754171
gi:17136368,gi:24656486,1,0.5103223139019596
gi:24582306,gi:24652785,1,0.5123856168469404
gi:21355631,gi:24657218,1,0.49462014584225605
gi:18858073,gi:18858205,1,0.48852941398119143
gi:24653805,gi:24663462,1,0.6147611839296344
Q9W5R8,gi:24641790,1,0.512094193165399
gi:19921710,gi:24653743,1,0.5154931331052306
gi:19922274,gi:24664004,1,0.4836772636342405
gi:24641790,gi:24646724,1,0.5139395096898574
gi:24638845,gi:24643729,1,0.5448213423198544
gi:24649452,gi:24762726,1,0.4988391316117467
gi:18859693,gi:24643312,1,0.4795909656953984
gi:24642037,gi:24652295,1,0.4603399267953573
Q9XTM1,gi:24645011,1,0.5035944333036424
gi:21355361,gi:24640747,1,0.47946382953381966
gi:21356073,gi:28574371,1,0.48865669736360484
gi:20130067,gi:24584167,1,0.49300174871623864
gi:22024283,gi:28571447,1,0.5470211212914947
gi:24581061,gi:24640570,1,0.47914600080300723
gi:20129527,gi:28572154,1,0.48542159084866054
gi:17137650,gi:24641085,1,0.4673772804327299
gi:24639124,gi:24667089,1,0.5134304926722737
gi:21356995,gi:24648329,1,0.4972841845217981
Q9VG82,gi:24667246,1,0.49398348030135913
Q9Y1A3,gi:21358569,1,0.4884021320862288
gi:24648461,gi:24652720,1,0.4973478575195387
gi:18859953,gi:20129291,1,0.5428360224607209
gi:24642263,gi:24645728,1,0.47357540034788576
gi:24643516,gi:24653350,1,0.552890161151719
gi:20128797,gi:24585871,1,0.7066083961891994
gi:18543325,gi:28573934,1,0.4602766532242645
gi:17738243,gi:24640353,1,0.5323930994636313
gi:18860545,gi:21358099,1,0.48399530506553823
gi:18543293,gi:24659272,1,0.48399530506553823
Q9VN93,gi:24584835,1,0.5347017251808721
P22807,Q01644,1,0.49845708542759076
gi:22024114,gi:24652785,1,0.48703900836629754
gi:20129705,gi:24642703,1,0.47170766536747516
gi:24647779,gi:24653497,1,0.49300174871623864
gi:24641831,gi:24652882,1,0.6198564292144838
Q03017,Q24564,1,0.6018134135442285
gi:24642021,gi:28573125,1,0.49347416181839265
gi:24648294,gi:24655741,1,0.527962213872077
gi:24586105,gi:24647008,1,0.4603399267953573
gi:24644093,gi:28571615,1,0.4999483774101729
gi:24645869,gi:28574472,1,0.49398348030135913
gi:19920406,gi:24648896,1,0.4805713052814144
Q9W2U9,gi:24655568,1,0.473511903789185
gi:20129067,gi:20130085,1,0.5506059511630932
gi:24646436,gi:24762726,1,0.49896648066305704
gi:17136268,gi:24666794,1,0.46336845532092935
gi:21356645,gi:24639782,1,0.5167284461500689
gi:24639705,gi:24644819,1,0.4746816779520526
Q9W1C9,gi:19921566,1,0.4702213986020737
gi:24640430,gi:24649735,1,0.5243628926572026
gi:17647523,gi:20129705,1,0.5073406595035473
gi:21356183,gi:24666053,1,0.47512627886486236
gi:21356191,gi:24661359,1,0.4959203011388392
gi:17864630,gi:24649087,1,0.4822512998324798
P13008,gi:19920376,1,0.5075953020094212
P02518,gi:24646212,1,0.4893835454459258
gi:19920406,gi:24643634,1,0.5099404217859589
gi:18858161,gi:24664000,1,0.5657554478950483
gi:24582554,gi:24647789,1,0.46169558245287884
P35415,gi:24643516,1,0.5169459993955754
gi:24648981,gi:24652733,1,0.4926834398031924
Q9W5H8,gi:21357023,1,0.49462014584225605
gi:24639883,gi:24656954,1,0.45892161196914727
gi:24638609,gi:24644242,1,0.5355520558199863
gi:17647155,gi:24642019,1,0.47215198436093847
P16371,Q01071,1,0.4880202954909169
Q24260,gi:24642547,1,0.48180615184957315
gi:24585840,gi:28573563,1,0.5466158811188052
gi:19921506,gi:24647385,1,0.4782294459522191
gi:17864566,gi:18859877,1,0.5061679513628371
gi:18543285,gi:24650420,1,0.5494082315954565
gi:24651986,gi:28571125,1,0.46459863585035593
Q9VPS5,gi:28574432,1,0.5131123428216087
Q9VVX3,gi:24585236,1,0.4989028061196077
gi:17136854,gi:24663462,1,0.6136748469040779
Q9V675,gi:20129291,1,0.5437207910787822
gi:24585154,gi:24585926,1,0.4722154621210693
gi:24581719,gi:24639687,1,0.5921350527914699
gi:19920344,gi:24648615,1,0.48180615184957315
gi:17933748,gi:24762771,1,0.47965453476853637
O97394,gi:24645581,1,0.47376589514408446
P29742,P48609,1,0.473511903789185
Q8IN94,Q9XTM1,1,0.5048678380722574
gi:21356069,gi:28571819,1,0.4733849132440859
gi:24585990,gi:24640635,1,0.4779752351482329
gi:24654595,gi:28558748,1,0.5179902958964623
gi:19921332,gi:24656490,1,0.4618854913935259
gi:21355349,gi:28571965,1,0.4632417915688056
gi:24641624,gi:24643437,1,0.4765505662584537
gi:17136378,gi:20129499,1,0.48561245506956374
gi:21356061,gi:26080381,1,0.5085769431054454
gi:24580674,gi:24639782,1,0.5164104216313626
P40417,gi:24644764,1,0.4631151325600446
gi:17933630,gi:24650467,1,0.45596063616678584
gi:17530857,gi:21357799,1,0.5015033445922249
gi:24583067,gi:28574726,1,0.513202730748154
gi:21356723,gi:24644253,1,0.46336845532092935
gi:24650829,gi:28572963,1,0.4775303937708891
gi:21356031,gi:24662765,1,0.48710264062237485
gi:21357761,gi:24649697,1,0.6615449868780797
gi:18858205,gi:21357643,1,0.4885930554874974
gi:18860537,gi:24668309,1,0.4941108119146108
gi:19920584,gi:19920776,1,0.5523334440799628
gi:24585343,gi:24643437,1,0.47661410141715826
Q02361,gi:24649824,1,0.5077226217927916
Q9VC49,gi:24641689,1,0.5803489260607355
gi:24586562,gi:24643447,1,0.5364655165517344
gi:17137564,gi:22024283,1,0.5479045359795478
gi:17352479,gi:24652930,1,0.5269197905058737
gi:21357653,gi:24643516,1,0.5168187949174643
gi:24584236,gi:24658342,1,0.49903015524002936
gi:24644242,gi:24645053,1,0.5346016342977971
gi:19920696,gi:24650348,1,0.5140935139640226
gi:18859851,gi:24584828,1,0.490020023569051
gi:19922274,gi:24657344,1,0.48399530506553823
gi:21357799,gi:24659237,1,0.559382343520027
gi:24585681,gi:28574582,1,0.5426463938277515
P13095,gi:17137644,1,0.4662095316823327
gi:24580861,gi:24585448,1,0.4588583675868776
gi:24645585,gi:24648896,1,0.470348298472572
gi:17136698,gi:19920978,1,0.4802534197386471
gi:21356019,gi:21356221,1,0.4716441948682319
gi:19920692,gi:24660555,1,0.48989272528980116
P15330,gi:24646386,1,0.5197706471047222
gi:21356645,gi:24580731,1,0.5286337034399958
gi:24586591,gi:24762582,1,0.47525331497100265
gi:24643168,gi:24658086,1,0.473511903789185
gi:18860537,gi:24583294,1,0.48069846391753707
gi:24652268,gi:28573207,1,0.4893835454459258
gi:18921125,gi:24647823,1,0.47667763733274543
gi:19921030,gi:19921372,1,0.48120712330293913
gi:17864566,gi:24646404,1,0.5064862745340786
Q9W1Y7,gi:28573466,1,0.5428360224607209
P39736,gi:21355719,1,0.4805713052814144
gi:17137616,gi:20428641,1,0.5496604311482705
Q24562,gi:24644250,1,0.5018217152245918
gi:17647503,gi:24581339,1,0.5136850047294855
gi:18859947,gi:24584536,1,0.4602133809335008
gi:21355641,gi:24585205,1,0.46905280172365305
P25843,gi:20130017,1,0.47778458452463574
P15364,gi:17136342,1,0.470348298472572
gi:24642261,gi:24653645,1,0.4722154621210693
gi:20130175,gi:21357147,1,0.4908742599800555
Q9W0P5,gi:28573850,1,0.46627291624550604
gi:24656859,gi:24665297,1,0.47667763733274543
gi:17136820,gi:28573662,1,0.4867844835637715
Q03334,gi:24654441,1,0.5158379441725374
gi:24655153,gi:28574443,1,0.5601619148299032
gi:20130085,gi:24654891,1,0.5510470691469611
gi:21356739,gi:21358145,1,0.4805713052814144
gi:24639715,gi:24644214,1,0.6108426096625036
gi:24585795,gi:24655679,1,0.49598397179806913
O18640,P40301,1,0.4943654774165341
gi:17738089,gi:24642267,1,0.4826328776969024
gi:19921250,gi:24643516,1,0.5170096008121186
gi:24653999,gi:24659182,1,0.4662095316823327
Q9VFC8,gi:24583208,1,0.4731944338878232
gi:24581155,gi:24649236,1,0.48342283999666447
gi:24652436,gi:24661136,1,0.4988391316117467
gi:24642884,gi:24645951,1,0.5353619919488968
gi:17864328,gi:24581484,1,0.4793366960321806
gi:21355783,gi:21355785,1,0.46917966552016815
P41093,gi:18859771,1,0.47667763733274543
Q24207,gi:24644675,1,0.4853579703838712
gi:21356771,gi:24640785,1,0.47215198436093847
gi:20129441,gi:28572129,1,0.5049315067902732
Q9VSH3,gi:24653302,1,0.464788707869585
gi:24641555,gi:24660416,1,0.533714347331108
P02824,gi:24663027,1,0.5196066530175231
gi:19922814,gi:28572129,1,0.5049951753483469
gi:21357019,gi:24641689,1,0.5796664372986516
Q06559,gi:21356965,1,0.5593195658750159
gi:24638927,gi:24652825,1,0.46459863585035593
P54359,gi:24666240,1,0.5092771428768395
gi:21356733,gi:24645177,1,0.47512627886486236
gi:17737989,gi:20129591,1,0.4693065333002276
gi:24643312,gi:24658567,1,0.523409950282804
gi:21357677,gi:24641831,1,0.6191359746543456
Q24564,gi:24638862,1,0.6021185470731528
gi:24638625,gi:24660583,1,0.5032492995902857
gi:17137168,gi:24642484,1,0.5009939491522167
gi:24641209,gi:28574920,1,0.4787010689974092
gi:21687092,gi:24644337,1,0.5080409168325803
gi:18858161,gi:24580927,1,0.5656928732783779
gi:24586193,gi:24644797,1,0.5446318463781344
P18502,Q24400,1,0.5494712838690481
P07713,gi:17864460,1,0.4795909656953984
gi:20129277,gi:24667258,1,0.47927313028396695
gi:17137536,gi:20130085,1,0.5505429277938728
gi:20128797,gi:24648253,1,0.706502780126183
gi:24642267,gi:24653614,1,0.4822512998324798
gi:24639301,gi:24665160,1,0.520305960275597
gi:24641363,gi:28574228,1,0.4646619920502801
gi:21355869,gi:24582487,1,0.5197706471047222
gi:24650202,gi:24657961,1,0.4941744780087606
gi:18859803,gi:28573310,1,0.49903015524002936
gi:19921238,gi:24648828,1,0.5044221527411907
Q9VPS5,gi:18859953,1,0.5131123428216087
P25724,gi:24648294,1,0.5121947077669629
gi:19922144,gi:24663481,1,0.497029493432359
Q06559,gi:19920692,1,0.5585032845730596
gi:24667117,gi:28571678,1,0.5542384541063667
gi:17864246,gi:21355733,1,0.46330512285295766
gi:19921312,gi:24640817,1,0.6024846025422639
O44783,Q04787,1,0.5304637343302253
P09089,P42003,1,0.4744276382631677
gi:17136506,gi:24654335,1,0.4826328776969024
gi:18543183,gi:18859947,1,0.4602766532242645
Q24570,gi:24644917,1,0.4722154621210693
gi:17136732,gi:21355361,1,0.5263851396612272
gi:24648946,gi:24666323,1,0.5121310706136016
P17886,gi:24644422,1,0.5168187949174643
gi:17136524,gi:24658459,1,0.4602766532242645
Q00748,gi:20128797,1,0.7062914813398936
Q9NJH0,gi:24585375,1,0.4901473231426219
gi:24657763,gi:24665135,1,0.4676309039239403
gi:24581467,gi:24644349,1,0.4793366960321806
P10084,Q01068,1,0.47499924597793874
P00034,gi:24646199,1,0.48881074450532014
gi:17137352,gi:28574284,1,0.5077862813098631
P52295,gi:24649236,1,0.49937530424149823
Q95RI5,gi:24639782,1,0.5166648423220916
gi:23308611,gi:24663657,1,0.4961380876264194
gi:24639414,gi:24647779,1,0.4928107626710516
gi:24638845,gi:24660927,1,0.5450739833762379
gi:24646410,gi:24647137,1,0.5255328947371929
gi:19921030,gi:24585147,1,0.48095278867490776
gi:20129165,gi:24666694,1,0.47908243707436343
gi:24650202,gi:24651303,1,0.4944559166757515
P17276,gi:24639304,1,0.5192620245820493
P16371,Q961V5,1,0.4884657728467483
Q94524,gi:21355181,1,0.5005214507144757
P17971,gi:18859691,1,0.46330512285295766
gi:24662729,gi:24667238,1,0.500203076729284
gi:24642703,gi:24645177,1,0.4746816779520526
O96860,gi:24640994,1,0.5168556521779839
gi:17137196,gi:17737549,1,0.46911623312295053
gi:24585242,gi:24644119,1,0.4998847025794178
Q24564,Q9VCR6,1,0.6016913379621935
gi:24648484,gi:24667117,1,0.5553079357167513
Q24564,gi:24666905,1,0.6033992388367889
gi:24582540,gi:24656431,1,0.49008367319507723
gi:19549546,gi:24649618,1,0.4574407482118177
gi:18858007,gi:21687206,1,0.4718346091081678
gi:18859807,gi:24641673,1,0.4704117498464338
P25171,gi:17136692,1,0.4718346091081678
gi:17647581,gi:24655153,1,0.5600991609090552
gi:24641251,gi:24648294,1,0.5116219594027925
Q9W1Y7,gi:21357439,1,0.47642349821988167
gi:19922620,gi:28573466,1,0.5417612976706256
P48588,gi:21355673,1,0.4702213986020737
gi:21355811,gi:24581572,1,0.5135577495797479
Q24117,gi:24581719,1,0.5907810773998132
gi:24641042,gi:24648207,1,0.48101637141167475
gi:17136720,gi:24648615,1,0.48212411178883835
gi:21356785,gi:24586167,1,0.48393169573386274
gi:18859735,gi:28573278,1,0.5297391712231652
P45594,gi:28574764,1,0.47610584151219404
gi:20130397,gi:28574707,1,0.487166273296511
P08630,gi:19920776,1,0.552270465976053
Q9VLU0,gi:24656431,1,0.4899563742666048
gi:24582008,gi:24665583,1,0.5658180204157709
gi:19920826,gi:24585943,1,0.5057859569789835
gi:24656938,gi:24661136,1,0.4979476933950219
gi:19921030,gi:24581155,1,0.48044414916223255
gi:20128797,gi:28571506,1,0.7063443143669053
O02649,gi:24655850,1,0.48554883319356523
gi:24648294,gi:24653270,1,0.5121947077669629
gi:24663325,gi:28573195,1,0.4749357307467953
gi:24650758,gi:28572977,1,0.4676309039239403
gi:17136268,gi:24654677,1,0.4689893713243094
Q9VHI4,gi:17136732,1,0.5272105345207118
P48588,gi:24654479,1,0.5014396703112048
gi:24651303,gi:28571689,1,0.4957929602194035
P13060,Q9XYN7,1,0.5131123428216087
P07185,gi:24581842,1,0.4733849132440859
gi:24647897,gi:28574564,1,0.47667763733274543
Q24207,gi:21357861,1,0.4632417915688056
gi:18860521,gi:24582172,1,0.4765505662584537
gi:18543299,gi:19921346,1,0.4811435387277439
O46036,gi:17136258,1,0.5150745764899077
gi:17137692,gi:24646318,1,0.5194794979085298
gi:24641790,gi:24652542,1,0.5139395096898574
gi:21357871,gi:24661830,1,0.4704117498464338
gi:21358103,gi:24662626,1,0.4749357307467953
gi:22026898,gi:24583061,1,0.47648703185867913
gi:19922502,gi:24581998,1,0.4573775353990873
gi:24581662,gi:24645182,1,0.46453528079294976
gi:21355477,gi:21357677,1,0.4884021320862288
gi:19922144,gi:24642523,1,0.4970931660653601
gi:21355581,gi:24642301,1,0.49185586503345
gi:24664023,gi:28573095,1,0.4631784614704943
P40320,gi:24650747,1,0.48472179217415284
gi:21357761,gi:28574767,1,0.6616020125309408
gi:18543273,gi:21355885,1,0.46633630189766906
gi:24644250,gi:24652897,1,0.5328635868774321
gi:17738243,gi:23397621,1,0.4981387149647746
gi:20128985,gi:24638845,1,0.5438737338989822
O44081,gi:18859635,1,0.5153659047132565
P11147,gi:28574555,1,0.5011849727408119
Q9VU02,gi:24639448,1,0.47370239602737785
gi:24639715,gi:24655187,1,0.6104187069763005
gi:24652386,gi:28573115,1,0.47177113678146687
gi:24644093,gi:28574582,1,0.5418245276331927
gi:24658040,gi:24665049,1,0.4573775353990873
gi:24583208,gi:24654644,1,0.46911623312295053
gi:20128811,gi:24663462,1,0.61439919805893
O46036,gi:28571707,1,0.5168556521779839
gi:21355513,gi:24582962,1,0.4746181667960468
gi:24581155,gi:24667258,1,0.47895531165100264
gi:17530857,gi:17647581,1,0.5007392505923755
Q9XZS4,gi:24659237,1,0.5591940048959441
O77051,P25171,1,0.4926834398031924
gi:24665331,gi:28571447,1,0.48237849017599793
P48149,gi:19920376,1,0.4822512998324798
Q9V447,gi:24585974,1,0.46472534939069793
gi:24643118,gi:24648690,1,0.5370988188926997
gi:24586506,gi:24647819,1,0.45892161196914727
gi:24656926,gi:24663500,1,0.4574407482118177
gi:24582962,gi:28572057,1,0.49547461034481094
Q9XYQ2,gi:24656938,1,0.4822512998324798
gi:24580927,gi:24649210,1,0.46175888420063865
gi:21357953,gi:21358481,1,0.4632417915688056
gi:17137764,gi:18859929,1,0.4792095652068921
gi:22024126,gi:24581939,1,0.4782294459522191
gi:19922144,gi:20130199,1,0.49671113175386816
P40657,gi:24638978,1,0.47648703185867913
gi:17136692,gi:24661625,1,0.4909379137491394
gi:18857963,gi:24656161,1,0.4970931660653601
gi:21357669,gi:24647786,1,0.4864663372140996
gi:19921554,gi:24652344,1,0.48459456240755117
gi:21357761,gi:24665587,1,0.6616020125309408
gi:17647723,gi:24638691,1,0.5106405481474223
Q01842,gi:24661759,1,0.46905280172365305
gi:24648682,gi:24666240,1,0.5093407956379119
gi:19921230,gi:24583965,1,0.547399764185479
gi:18858205,gi:20129227,1,0.4872566646870411
gi:19920776,gi:24580965,1,0.552270465976053
gi:24580597,gi:24656168,1,0.4884021320862288
Q94524,gi:28572094,1,0.5005851254690344
P55828,gi:20130399,1,0.5016574684460708
gi:17136536,gi:24649911,1,0.4632417915688056
gi:24642922,gi:28573563,1,0.5464896354023212
gi:17737805,gi:28571108,1,0.4838680869228385
gi:17933722,gi:24648461,1,0.49658378781472556
P00528,gi:24663831,1,0.5140031348056259
gi:17737533,gi:18858055,1,0.5131759736500157
P15330,gi:24580572,1,0.5198342220603687
gi:17137454,gi:28574150,1,0.4819969260615125
P17886,gi:24655034,1,0.5173911976666902
gi:19920358,gi:28574010,1,0.46330512285295766
gi:24580513,gi:24667600,1,0.49008367319507723
gi:18543285,gi:24648484,1,0.5494082315954565
P28159,gi:24658567,1,0.523600552616586
gi:19922106,gi:24582006,1,0.5163468151242571
gi:17933736,gi:21355909,1,0.5023578801973543
Q9V8K2,gi:24647609,1,0.5217310585829374
gi:24647222,gi:24664355,1,0.4573775353990873
gi:17136898,gi:20128797,1,0.7063443143669053
Q9VNE9,gi:24582182,1,0.4760423124822439
gi:24583965,gi:24654595,1,0.5454428616832933
gi:24582306,gi:28573483,1,0.5125128875629004
gi:17137452,gi:17986069,1,0.47512627886486236
P23023,gi:24667258,1,0.5189441151634289
gi:24651395,gi:24652218,1,0.472278940779633
gi:24644797,gi:24652999,1,0.5426097629300881
P13096,Q01068,1,0.4746181667960468
gi:24639573,gi:24642814,1,0.46775772195078613
gi:17864566,gi:24655930,1,0.5061042861202352
gi:24583919,gi:24653385,1,0.5299295156041822
gi:24647430,gi:24665229,1,0.4924287969312005
gi:18543285,gi:24667760,1,0.5505429277938728
gi:20129165,gi:24651629,1,0.4707924781018802
gi:17647155,gi:20130321,1,0.471898082345539
gi:21357017,gi:21357387,1,0.4673772804327299
P04052,gi:24647779,1,0.4930654111879525
gi:19921162,gi:28573799,1,0.48361365692638825
gi:24640855,gi:30923711,1,0.4888743876307544
gi:24652897,gi:24659451,1,0.5359220814235727
Q9VXK0,gi:24641831,1,0.6201564630436349
gi:24649844,gi:24658993,1,0.4707924781018802
gi:24583965,gi:24656168,1,0.5467686624352908
gi:24583360,gi:24663292,1,0.49157446726083615
P23696,gi:24643312,1,0.5174547951824855
gi:17137710,gi:24665932,1,0.47518979651655296
gi:17933606,gi:17986155,1,0.4765505662584537
gi:21355535,gi:21355909,1,0.5031856273944222
gi:24647779,gi:24663031,1,0.4931290738845526
gi:24641480,gi:24762471,1,0.468862513533619
gi:17647179,gi:19922620,1,0.5015670188244831
gi:17136864,gi:17647279,1,0.4810799547633045
gi:24650747,gi:24650914,1,0.4852943503936016
gi:24648592,gi:24762701,1,0.4838680869228385
gi:21357915,gi:24653057,1,0.4763599653441083
P41073,gi:28573590,1,0.4884657728467483
gi:21356121,gi:24646365,1,0.49483792186167147
gi:24643702,gi:24658772,1,0.5638773063163479
gi:24583965,gi:24641729,1,0.548093800054284
gi:24655252,gi:24659194,1,0.46336845532092935
P23380,gi:24580815,1,0.49274710111951964
P32100,gi:20129527,1,0.48465817704227354
Q24167,gi:24665657,1,0.4943654774165341
O16130,gi:24640527,1,0.4792095652068921
P19538,gi:19922464,1,0.5988641356670236
Q8INW0,gi:24667876,1,0.5726941560373724
Q9W2M2,gi:28571412,1,0.472278940779633
Q9Y0I1,gi:24654245,1,0.4702213986020737
gi:24585147,gi:24640817,1,0.47946382953381966
Q9XTM1,gi:24648329,1,0.5047405001646573
gi:20130049,gi:24655850,1,0.484403721506901
gi:20129055,gi:20129903,1,0.46775772195078613
gi:17136920,gi:24662650,1,0.48608457609274186
gi:21356595,gi:24658177,1,0.5005214507144757
gi:24645817,gi:24653649,1,0.5046768309792025
gi:17647979,gi:24645413,1,0.5207509327316864
P22700,gi:17864566,1,0.5059769550431905
P92208,gi:24639601,1,0.48710264062237485
gi:20130417,gi:24665141,1,0.46917966552016815
gi:24649114,gi:24654854,1,0.5014396703112048
gi:20129301,gi:24655170,1,0.4987117827110505
gi:24652720,gi:24665095,1,0.4720250315441346
gi:19920896,gi:21357387,1,0.4678211325274112
O18373,gi:24644214,1,0.48399530506553823
gi:24650248,gi:24665172,1,0.4897017803338638
gi:21355811,gi:24641919,1,0.465956004360092
gi:24647885,gi:24655153,1,0.5601619148299032
Q9XYM0,gi:24641578,1,0.47778458452463574
O76908,gi:17864622,1,0.4807620441743187
gi:17530825,gi:21357419,1,0.47816589218888617
gi:20128863,gi:21355683,1,0.5002667515477576
gi:24646073,gi:24655741,1,0.5292315440635084
P13097,gi:19920546,1,0.4973478575195387
gi:24667063,gi:28573010,1,0.5377320015629996
P32100,gi:21358631,1,0.47914600080300723
gi:21357669,gi:24653791,1,0.485957325971734
gi:24649427,gi:24656275,1,0.5035039872991959
gi:20129061,gi:24648563,1,0.49462014584225605
gi:20130377,gi:24639782,1,0.5168556521779839
O96860,gi:24650084,1,0.5154562693466728
gi:24642517,gi:24649692,1,0.5818010117033792
gi:24642517,gi:24661140,1,0.5814911267829679
P18502,gi:24660872,1,0.5505429277938728
gi:19920696,gi:24644880,1,0.5147297332064706
gi:18543183,gi:18859635,1,0.5153659047132565
Q9U3Z7,gi:21357953,1,0.46453528079294976
gi:24638718,gi:24646369,1,0.4733214192617716
gi:19922418,gi:21356481,1,0.4631784614704943
P15330,gi:23397623,1,0.5202055514005601
Q9W3R7,gi:20129427,1,0.4767411740031681
gi:20129745,gi:28573893,1,0.4901740885034613
gi:24584798,gi:24665172,1,0.47778458452463574
gi:17137296,gi:24648401,1,0.4790188740230116
P19538,gi:24656802,1,0.5989253194975231
gi:17933704,gi:24661455,1,0.46175888420063865
Q01842,gi:24663462,1,0.6145802068403045
O46036,Q9VPS5,1,0.5145020043690849
gi:24581901,gi:24639782,1,0.515583496314007
P55828,gi:24645300,1,0.49924795481833684
gi:24641555,gi:24656938,1,0.5351719178064683
P12613,gi:21355923,1,0.4631784614704943
gi:24647858,gi:24661136,1,0.4990938298484594
gi:17647645,gi:21357871,1,0.47047520217665556
gi:24639796,gi:24651703,1,0.507977258337863
gi:24583803,gi:24650340,1,0.4990938298484594
gi:19920692,gi:24655759,1,0.48944719174336265
gi:19922708,gi:24642074,1,0.4602766532242645
gi:17864676,gi:28573717,1,0.4662095316823327
P48603,gi:17737302,1,0.498520759678551
gi:24642172,gi:24654595,1,0.5197706471047222
gi:19921312,gi:21357781,1,0.6027895612080714
gi:24643118,gi:28573937,1,0.5374154253129242
gi:17136212,gi:24659237,1,0.5588800693531774
gi:24581944,gi:24643207,1,0.4574407482118177
gi:19920572,gi:24654441,1,0.5167920494360516
gi:19922252,gi:24645236,1,0.4692430989132719
gi:21358381,gi:28573662,1,0.4869753765303388
gi:24580806,gi:24581719,1,0.5933032713893414
P41375,gi:24656093,1,0.4587951245300378
gi:18543285,gi:28572057,1,0.5494082315954565
gi:24644950,gi:24645413,1,0.4722154621210693
gi:20130425,gi:24583312,1,0.4806348842858847
gi:17136258,gi:24641689,1,0.5785489813250564
gi:24638982,gi:28573195,1,0.4749357307467953
Q9XYN7,gi:24585358,1,0.47616937131540216
gi:24649519,gi:24652733,1,0.49185586503345
Q9W1C9,gi:24642611,1,0.47053865546120077
P54622,gi:20128911,1,0.4632417915688056
gi:17137710,gi:24641919,1,0.4748722163265905
P43248,gi:17986155,1,0.47648703185867913
gi:19921672,gi:24642792,1,0.47518979651655296
gi:24640114,gi:24654578,1,0.47525331497100265
gi:21358077,gi:28573879,1,0.5058496231907856
O97067,gi:24666850,1,0.47908243707436343
gi:24646899,gi:28571565,1,0.46750409007917304
Q9VFC8,gi:24581719,1,0.5926885501627921
gi:24584494,gi:24650311,1,0.48703900836629754
gi:21356383,gi:24663672,1,0.4720885075012803
gi:24638625,gi:24647143,1,0.5019758383955584
gi:17137710,gi:28573954,1,0.4749357307467953
gi:17137692,gi:24646365,1,0.5003572020745747
gi:20128863,gi:24584547,1,0.5344115196167195
gi:24582306,gi:24654471,1,0.5118765180882597
gi:19920706,gi:21357861,1,0.5004577759430034
gi:17136920,gi:23397623,1,0.5216039480712381
gi:24650758,gi:24663500,1,0.46775772195078613
Q8SYG3,gi:24582283,1,0.48852941398119143
gi:19922030,gi:20130277,1,0.4662095316823327
Q9V597,gi:21357211,1,0.5471473416574729
gi:18859671,gi:24657153,1,0.471898082345539
Q9VFP1,gi:24584673,1,0.4618221871815267
Q8INW0,gi:24640510,1,0.5718213262652775
gi:24647601,gi:28573576,1,0.47499924597793874
gi:20130425,gi:24585730,1,0.4807620441743187
gi:24582212,gi:24650358,1,0.5154295191592402
Q9W1C9,gi:24638995,1,0.470348298472572
gi:21355851,gi:24581600,1,0.49753887702063293
P10041,gi:18543325,1,0.47952739728314225
P14734,gi:24584547,1,0.5353619919488968
P18459,gi:18543215,1,0.5127941823455014
gi:24643595,gi:24659237,1,0.5596962032218338
gi:20128863,gi:24643447,1,0.5358954437966218
gi:24640566,gi:24641344,1,0.46472534939069793
gi:24642662,gi:24647143,1,0.4924924572860738
gi:19922186,gi:24654325,1,0.4790188740230116
gi:24582592,gi:24651599,1,0.49534727140793156
P50245,gi:24668018,1,0.4603399267953573
Q8INW0,gi:24646212,1,0.5716965996721293
gi:19920586,gi:24654162,1,0.46040320164476556
gi:24650469,gi:28571447,1,0.4822512998324798
gi:24641689,gi:28574284,1,0.5782384335403535
gi:24645528,gi:24655606,1,0.4780387867848435
P39413,gi:21357761,1,0.661373881767302
gi:21357471,gi:21687222,1,0.4602766532242645
gi:21358025,gi:24640119,1,0.48516711184485445
Q24133,gi:24581939,1,0.5085769431054454
gi:17137692,gi:19922904,1,0.5018853891820618
gi:17136780,gi:19922668,1,0.46601938454702924
gi:24649564,gi:24655121,1,0.518753362132788
gi:19920746,gi:24665193,1,0.4883384917016938
gi:24649210,gi:24649895,1,0.46175888420063865
Q05856,gi:24582248,1,0.5020764106792905
Q9VQQ9,gi:24658719,1,0.5109587737684081
gi:24647786,gi:24663336,1,0.48795665740556615
gi:24643447,gi:24645553,1,0.5370988188926997
P18502,gi:24644599,1,0.5510470691469611
gi:19922260,gi:24651671,1,0.5043584828179632
gi:20128863,gi:24663462,1,0.6130104159611202
gi:17137572,gi:24662830,1,0.5204330985816011
gi:20128797,gi:20129835,1,0.7047569117572372
gi:21357951,gi:24646318,1,0.5209416251751642
gi:17137616,gi:21356595,1,0.5492190652609217
gi:24642363,gi:24657351,1,0.48256927996758076
gi:19922544,gi:24667554,1,0.4631784614704943
P00034,gi:24646827,1,0.4860209508057039
gi:19920984,gi:24645583,1,0.48852941398119143
gi:18859869,gi:21955276,1,0.48789301971062515
gi:19920620,gi:24641689,1,0.5802868942851085
Q9VHS2,gi:21358467,1,0.4588583675868776
gi:24650124,gi:24654595,1,0.5186261904051414
O62622,gi:17933528,1,0.46879908614633903
gi:17137758,gi:17648053,1,0.4955382800344423
gi:24644675,gi:24661625,1,0.49036504065313447
gi:18859825,gi:21357309,1,0.49877545714153926
gi:24648095,gi:24657023,1,0.47952739728314225
gi:21355995,gi:28571878,1,0.46040320164476556
gi:19920936,gi:24582116,1,0.46453528079294976
gi:24584534,gi:24640353,1,0.5330271225440407
Q9W123,gi:21355617,1,0.48250568280295253
gi:24646729,gi:24659254,1,0.47927313028396695
gi:18859635,gi:24667246,1,0.5148569713925416
P42325,gi:24650126,1,0.4782294459522191
P50887,gi:28571823,1,0.4924924572860738
gi:21357187,gi:24652652,1,0.5004577759430034
gi:24645653,gi:24648294,1,0.5114946777912273
gi:17136830,gi:24580815,1,0.4920468400301482
P82910,gi:28574851,1,0.5221123731676218
gi:17647503,gi:24650346,1,0.5126032810667333
gi:18859847,gi:24645300,1,0.48710264062237485
gi:24586614,gi:24643634,1,0.511022417834991
P07187,gi:24641115,1,0.4915108106461748
Q02361,gi:24581719,1,0.5912735925541683
gi:21358201,gi:28574391,1,0.47661410141715826
gi:17933722,gi:28573181,1,0.4797181045005047
gi:17136536,gi:24661359,1,0.49598397179806913
gi:24643083,gi:28573278,1,0.5300564070250291
Q9VMT6,gi:24642922,1,0.4603399267953573
P52304,gi:24650933,1,0.4928107626710516
gi:24649996,gi:24667063,1,0.5374787429846282
gi:24585154,gi:24656769,1,0.4720885075012803
gi:17137524,gi:24656168,1,0.4884021320862288
gi:17137220,gi:24660872,1,0.4806348842858847
gi:24644948,gi:24652686,1,0.46633630189766906
gi:24585618,gi:24661359,1,0.4950289267426531
Q24206,gi:24667117,1,0.5563769052176486
gi:24643702,gi:24644242,1,0.5624361528125488
gi:19922950,gi:24649007,1,0.48542159084866054
gi:21356595,gi:28574950,1,0.49969367811785265
gi:19920688,gi:24649735,1,0.49753887702063293
gi:19920396,gi:24649473,1,0.47597878422759815
gi:21355869,gi:24653618,1,0.5198977963736873
P21914,gi:24646972,1,0.47177113678146687
gi:17647757,gi:24661689,1,0.47765748770125876
Q9W1M8,gi:21358481,1,0.4587951245300378
gi:28573607,gi:28574635,1,0.4779116842246285
gi:21357505,gi:24645513,1,0.4603399267953573
Q9VHI4,gi:24648461,1,0.4974115306033014
gi:17647677,gi:28571815,1,0.46330512285295766
gi:18858205,gi:19921738,1,0.4884657728467483
P17886,gi:24643516,1,0.515801082006636
P45437,gi:17647759,1,0.46169558245287884
gi:17137168,gi:21356221,1,0.5014396703112048
gi:17647755,gi:19921566,1,0.49255611788440584
gi:19923032,gi:24645883,1,0.4674406847301457
gi:18859939,gi:24662288,1,0.4803805720516263
gi:24646593,gi:28574443,1,0.48516711184485445
P17886,gi:24649262,1,0.5178363683304233
gi:24644133,gi:24650311,1,0.4869753765303388
gi:19921834,gi:21355521,1,0.47512627886486236
gi:17137296,gi:17864566,1,0.5055312902759437
gi:18859931,gi:28574909,1,0.46336845532092935
gi:19920406,gi:21357781,1,0.4805077269061795
gi:17647891,gi:24664191,1,0.4673138771889561
gi:17136286,gi:24639936,1,0.47357540034788576
gi:17137758,gi:28574009,1,0.498520759678551
gi:24653096,gi:24660075,1,0.48393169573386274
gi:24654111,gi:28571885,1,0.4618854913935259
gi:17648085,gi:24648858,1,0.4662095316823327
P11455,gi:24582746,1,0.5058763952387921
gi:21357653,gi:24651212,1,0.4933468342727232
gi:24644051,gi:28573878,1,0.46750409007917304
gi:21358381,gi:24655606,1,0.4780387867848435
gi:17137696,gi:24640430,1,0.5226474733113318
gi:24581719,gi:24583724,1,0.5931803504547866
gi:17864162,gi:24649221,1,0.5048678380722574
gi:24644119,gi:28572057,1,0.49541094080195247
gi:20129967,gi:21355325,1,0.5049315067902732
gi:18857949,gi:24639299,1,0.4780387867848435
gi:19922030,gi:24762779,1,0.4718346091081678
gi:24642125,gi:28574582,1,0.543278440904527
Q9V597,gi:24640119,1,0.48465817704227354
gi:24650070,gi:24651156,1,0.4587951245300378
gi:24646928,gi:28573278,1,0.5288507839505276
gi:24638644,gi:24641946,1,0.4675674964777814
gi:24581314,gi:24656820,1,0.5028035921217043
gi:20129903,gi:28573590,1,0.488147572824605
O16797,gi:19921458,1,0.5333707507683597
P14785,gi:24762775,1,0.46917966552016815
P25992,gi:24665821,1,0.4692430989132719
gi:24583134,gi:24640005,1,0.4838680869228385
gi:17647383,gi:24667089,1,0.5127941823455014
gi:24580513,gi:24663292,1,0.4901740885034613
gi:20129835,gi:24656355,1,0.5094044480961133
P18289,gi:24655153,1,0.5608520806029849
gi:17864100,gi:24645148,1,0.4913198424620919
gi:17647645,gi:24585372,1,0.46330512285295766
gi:17137026,gi:24658822,1,0.4618854913935259
gi:24641732,gi:24650168,1,0.48342283999666447
gi:18859891,gi:24667917,1,0.48329563139227283
gi:24639748,gi:24648905,1,0.472278940779633
gi:17737805,gi:19920396,1,0.47642349821988167
P10987,gi:21357275,1,0.5070860131888839
gi:22024283,gi:24656938,1,0.5470211212914947
gi:24665565,gi:24665583,1,0.5655677177648917
Q24547,gi:17737503,1,0.4822512998324798
Q9V727,gi:21358465,1,0.4574407482118177
Q06559,gi:24585626,1,0.5598217337553186
P07666,gi:21358297,1,0.5045494921553056
Q9VPS5,gi:19921472,1,0.513748631640055
gi:24661601,gi:26080455,1,0.4574407482118177
gi:17137648,gi:24650259,1,0.47066556488511446
gi:24655187,gi:24662048,1,0.5093675619959919
gi:24639448,gi:24663462,1,0.614097446450832
gi:19922516,gi:20129481,1,0.4895744853625859
gi:24641798,gi:24646729,1,0.4793366960321806
P02824,gi:28572129,1,0.5193523402760345
gi:17136624,gi:18859977,1,0.4660827658310667
P13097,gi:24654828,1,0.4970931660653601
P10041,gi:24643140,1,0.479400262449482
gi:24586270,gi:24663228,1,0.4905559956144278
gi:17137616,gi:24638591,1,0.5495973836474398
gi:20128797,gi:21358423,1,0.7066611958852482
gi:19920692,gi:24642662,1,0.4895108383829366
gi:17137620,gi:21357129,1,0.4928744244557245
gi:17647503,gi:24658155,1,0.5138758841223
P23696,gi:28573410,1,0.518281510681874
gi:24580731,gi:24581465,1,0.5281894188244561
gi:20128841,gi:24651236,1,0.4806348842858847
P20480,gi:24581791,1,0.45892161196914727
gi:19920696,gi:24647689,1,0.5154295191592402
P41094,gi:28574851,1,0.4745546564612013
gi:21357903,gi:24648828,1,0.5119032786768102
gi:17648021,gi:24585943,1,0.5065499385455252
gi:24585499,gi:24649942,1,0.48852941398119143
gi:19921778,gi:24657052,1,0.4760423124822439
gi:17136820,gi:17137454,1,0.48231489471778166
P48588,gi:20130045,1,0.47066556488511446
gi:18859679,gi:24640525,1,0.4660827658310667
gi:19921250,gi:24650186,1,0.4901473231426219
gi:18858039,gi:24658696,1,0.46040320164476556
gi:24642555,gi:24647498,1,0.4632417915688056
gi:24585282,gi:24655153,1,0.56110299177453
gi:24649755,gi:24662231,1,0.490020023569051
gi:17136968,gi:19921946,1,0.4944928112721774
gi:24580914,gi:24647058,1,0.46879908614633903
gi:20128841,gi:24665950,1,0.4805077269061795
Q9VGX3,gi:17137344,1,0.48770210898886557
P52485,gi:24650377,1,0.4779752351482329
gi:24581155,gi:28573544,1,0.4734484080872377
gi:19921294,gi:24581854,1,0.4779752351482329
gi:22024244,gi:24640672,1,0.5167920494360516
gi:24642321,gi:24661432,1,0.4574407482118177
gi:24581578,gi:28574406,1,0.5181543300829916
gi:24649007,gi:24665583,1,0.564566173966392
gi:24645553,gi:24652930,1,0.5281894188244561
P91943,gi:21358455,1,0.47215198436093847
gi:19920436,gi:28574939,1,0.47908243707436343
gi:17738153,gi:24645339,1,0.4779116842246285
gi:17137578,gi:24645058,1,0.5064226103122795
gi:24654498,gi:24655406,1,0.45892161196914727
P17205,gi:24643312,1,0.4876384728761682
gi:19920906,gi:24647343,1,0.4819969260615125
P09491,gi:24650248,1,0.489065319162954
Q9VSS2,gi:17137572,1,0.520305960275597
gi:21355869,gi:24666619,1,0.5194527627634072
Q06559,gi:24584056,1,0.559382343520027
gi:24657747,gi:24666694,1,0.4787010689974092
gi:24648917,gi:26080381,1,0.5088315652421938
gi:19921244,gi:24762594,1,0.48231489471778166
gi:24581901,gi:28574529,1,0.49172854968600593
gi:19922640,gi:19922906,1,0.48542159084866054
gi:24581719,gi:24585033,1,0.5925655710228431
P02518,gi:21355125,1,0.48640270925189155
gi:24642484,gi:24654383,1,0.5144116294235631
P91938,gi:28572057,1,0.4959203011388392
gi:17137026,gi:24583965,1,0.5479045359795478
gi:17647645,gi:24651339,1,0.49877545714153926
gi:17137398,gi:24583518,1,0.4693065333002276
P35005,gi:24658363,1,0.4618221871815267
P15330,gi:17137444,1,0.5195799184043394
gi:20129705,gi:24584017,1,0.4718346091081678
P21461,P50882,1,0.5120037951291891
gi:17136810,gi:21355383,1,0.5049315067902732
gi:24649579,gi:24651703,1,0.5077226217927916
gi:24585795,gi:24640233,1,0.4949015899906661
O97067,gi:28573662,1,0.4861482018307892
gi:18858161,gi:24662713,1,0.5657554478950483
P16371,gi:24652762,1,0.48776574550021445
gi:19921326,gi:24656267,1,0.4745546564612013
Q9XTM1,gi:22026966,1,0.5048678380722574
gi:17136826,gi:24668650,1,0.4901473231426219
gi:18858161,gi:24646440,1,0.5649418150951699
O46036,gi:19920696,1,0.5144383828671579
gi:24641125,gi:24649025,1,0.4867844835637715
P07187,gi:21356799,1,0.4913198424620919
gi:18921171,gi:24663292,1,0.4911288768111815
gi:17137732,gi:24641831,1,0.6198564292144838
gi:24649114,gi:24665469,1,0.4880202954909169
gi:24641831,gi:28571762,1,0.6194962677168443
gi:18543285,gi:21355081,1,0.550858028373828
P48609,gi:17647293,1,0.46169558245287884
gi:18860055,gi:24642233,1,0.48808393396461675
gi:17864566,gi:24642670,1,0.5064226103122795
gi:24583894,gi:24662155,1,0.48361365692638825
Q9VPS5,gi:24642826,1,0.5139395096898574
gi:24582224,gi:24646884,1,0.47778458452463574
gi:18859969,gi:24647779,1,0.4931290738845526
O46036,gi:24646758,1,0.5169828560214732
gi:24645058,gi:24649158,1,0.5044489263637029
gi:18859869,gi:24656694,1,0.47357540034788576
gi:23308611,gi:24657052,1,0.4969021484574647
gi:19920696,gi:20128847,1,0.5152386743295391
P29310,gi:24641718,1,0.5139395096898574
O18404,gi:24581499,1,0.4674406847301457
gi:17136536,gi:24585813,1,0.48852941398119143
gi:19922100,gi:24582516,1,0.4955382800344423
Q24564,gi:18921145,1,0.603338285492335
gi:24639812,gi:24645724,1,0.47313094250027266
gi:24584415,gi:24645724,1,0.47053865546120077
P08840,gi:24652101,1,0.49611131350522913
gi:17136968,gi:24586371,1,0.4941744780087606
gi:17136914,gi:24582094,1,0.4959203011388392
Q23985,gi:24580817,1,0.5333707507683597
gi:24581572,gi:24648101,1,0.513812258105013
gi:21356031,gi:24580965,1,0.48684811412701606
gi:24642363,gi:24642697,1,0.48269647598886223
Q9W0K7,gi:21356595,1,0.5003304263575791
P19109,gi:24663043,1,0.48180615184957315
P91938,gi:24655228,1,0.5063589458821918
gi:24584167,gi:24586585,1,0.4928744244557245
gi:21357455,gi:28573666,1,0.47667763733274543
gi:17975518,gi:28574582,1,0.5436576024025601
gi:21356117,gi:24582283,1,0.4884657728467483
gi:19920916,gi:24656312,1,0.464788707869585
Q9XYP8,gi:20130313,1,0.4588583675868776
gi:24639195,gi:24641831,1,0.6202764508804272
gi:21355163,gi:24651377,1,0.48684811412701606
P07183,gi:24643156,1,0.5062316164054066
gi:24638750,gi:24640211,1,0.5018217152245918
gi:19922640,gi:24581429,1,0.48459456240755117
P18502,gi:24762491,1,0.5507319930256522
gi:24646223,gi:24668302,1,0.4603399267953573
P19538,gi:20129741,1,0.5991088524832737
gi:17737551,gi:28573604,1,0.4895744853625859
P40427,gi:24640689,1,0.4926834398031924
P08181,gi:24580815,1,0.4926834398031924
gi:22026831,gi:24646365,1,0.4949015899906661
P36241,Q24117,1,0.5190712807860114
gi:17137108,gi:24649175,1,0.47066556488511446
Q9VVA8,gi:24654769,1,0.4618854913935259
gi:21356945,gi:24641921,1,0.4990938298484594
Q24475,gi:17737759,1,0.47667763733274543
Q9NGC3,gi:21955276,1,0.48795665740556615
gi:20129565,gi:24645184,1,0.46750409007917304
gi:20128797,gi:24646972,1,0.7062386427606524
gi:19921312,gi:24583919,1,0.6030334706741721
P13097,gi:18543289,1,0.4973109594692692
gi:24655703,gi:28573729,1,0.48554883319356523
P25843,gi:21358131,1,0.46589262527228226
gi:20128841,gi:28573278,1,0.5292950007870382
gi:22024283,gi:24643303,1,0.5468317794098903
gi:21357227,gi:24663127,1,0.46175888420063865
gi:24644797,gi:24663344,1,0.5445055085662991
O61348,gi:19920776,1,0.5522074861952341
gi:24580523,gi:24585681,1,0.48120712330293913
gi:24663657,gi:24668206,1,0.4893835454459258
gi:24642484,gi:24668006,1,0.48044414916223255
Q23985,gi:28574695,1,0.5345749867008487
gi:21357711,gi:24657747,1,0.512985079891801
Q9W2N0,gi:24644242,1,0.5358688059648531
gi:24585158,gi:24649007,1,0.48516711184485445
gi:21356365,gi:24585071,1,0.46330512285295766
gi:24646073,gi:28573563,1,0.5455426030317952
gi:24645419,gi:24665657,1,0.4945564784689445
gi:19921294,gi:28573495,1,0.4780387867848435
gi:24641209,gi:24641919,1,0.4793366960321806
P48555,gi:28574997,1,0.4749357307467953
Q9VTE5,gi:24645921,1,0.46911623312295053
O77051,Q06559,1,0.5583776746525141
gi:21358247,gi:24640785,1,0.4998847025794178
gi:24642814,gi:24651185,1,0.506040620679665
P41092,gi:19921710,1,0.5145388723523313
gi:17136994,gi:28571569,1,0.46040320164476556
gi:19921002,gi:19921312,1,0.602179564263449
gi:24650346,gi:28571891,1,0.5006755758873064
Q9VGX3,gi:24642517,1,0.5809331719812968
gi:24644250,gi:24654383,1,0.5135208775331546
gi:18859703,gi:24658229,1,0.4836772636342405
gi:20129291,gi:24646073,1,0.5425831815343345
gi:20428641,gi:24647905,1,0.48881074450532014
gi:20129385,gi:24665205,1,0.4660827658310667
O61443,gi:24645148,1,0.49125618696090756
gi:24643761,gi:24658567,1,0.5226474733113318
P11147,gi:24658772,1,0.5001025028034466
gi:24641045,gi:28558744,1,0.5227478399903834
gi:17864622,gi:24659237,1,0.5595078931112485
gi:24649158,gi:24652557,1,0.5050588437444139
gi:24582499,gi:24666972,1,0.45596063616678584
gi:19920940,gi:24580729,1,0.4574407482118177
gi:21356265,gi:28571831,1,0.47914600080300723
gi:24584067,gi:24642233,1,0.48852941398119143
gi:24646908,gi:24653270,1,0.46453528079294976
gi:18859953,gi:24654782,1,0.4758517300524052
gi:19923016,gi:24661359,1,0.49598397179806913
gi:24583279,gi:24584782,1,0.4692430989132719
gi:21357311,gi:24654530,1,0.47047520217665556
gi:17137156,gi:17137558,1,0.464788707869585
Q960E8,gi:21356995,1,0.4974115306033014
P17917,gi:24642916,1,0.4676309039239403
gi:21356965,gi:24655293,1,0.47072902102040937
gi:17647653,gi:24647060,1,0.46305180483947705
gi:17647179,gi:24659451,1,0.5387714547212564
gi:24655474,gi:28574992,1,0.4958566306119291
gi:17137568,gi:24581314,1,0.5033766436637795
gi:17865634,gi:24638845,1,0.5446318463781344
gi:21357653,gi:24650873,1,0.4944928112721774
gi:24661359,gi:28573975,1,0.4959203011388392
gi:19922172,gi:21356743,1,0.5314151993604663
gi:24640785,gi:24662143,1,0.47196155649154103
gi:20130169,gi:21355349,1,0.46769431241561893
gi:22024141,gi:24640510,1,0.48633908173039714
gi:24646273,gi:24656161,1,0.4676309039239403
gi:21358101,gi:28571787,1,0.4990938298484594
gi:24647137,gi:24649795,1,0.5255328947371929
P06002,gi:24639573,1,0.47667763733274543
gi:17737425,gi:24638609,1,0.5221759231049473
P35220,gi:21355911,1,0.47066556488511446
gi:18543285,gi:24641014,1,0.5497865213632779
gi:17647939,gi:24651238,1,0.4716441948682319
P46824,gi:21356727,1,0.48925625388570987
gi:24647638,gi:24660826,1,0.4781023391324111
gi:17530833,gi:24584039,1,0.4837408708709706
gi:17137620,gi:24649087,1,0.4926834398031924
O77051,gi:20129397,1,0.4931290738845526
gi:21355163,gi:22026831,1,0.485957325971734
gi:19922144,gi:24666619,1,0.4970931660653601
gi:21357023,gi:28571865,1,0.4943018107617864
gi:17136884,gi:21355471,1,0.4573775353990873
gi:21356391,gi:24583557,1,0.47215198436093847
gi:21356713,gi:24661336,1,0.4632417915688056
O44437,P13060,1,0.513812258105013
gi:24641831,gi:24651281,1,0.6204564050651818
gi:24648150,gi:24668309,1,0.4945564784689445
gi:17986113,gi:24655577,1,0.5022942067428702
O44424,gi:24658927,1,0.5015670188244831
gi:17530833,gi:24581429,1,0.4807620441743187
O77259,gi:21357023,1,0.4944928112721774
gi:21355717,gi:24645855,1,0.47512627886486236
P02828,gi:24645581,1,0.48789301971062515
gi:24645887,gi:24654144,1,0.4732579261423368
P11147,gi:20129579,1,0.5008029252734664
P19538,gi:18858189,1,0.5989865002448987
gi:24664199,gi:24665221,1,0.48865669736360484
gi:17530957,gi:28574529,1,0.4926834398031924
gi:17136488,gi:17864398,1,0.46472534939069793
gi:24660188,gi:28572977,1,0.4720885075012803
P13238,gi:21357761,1,0.6613168373505489
P29310,gi:24641085,1,0.5135577495797479
Q24133,gi:28573795,1,0.5092771428768395
P13060,gi:18858137,1,0.5123487403184486
Q24320,gi:17737551,1,0.46911623312295053
P45890,gi:24642794,1,0.4885930554874974
gi:19920380,gi:24583965,1,0.5479045359795478
gi:20129901,gi:24641831,1,0.6196163361849188
gi:24585242,gi:24639988,1,0.4990569308717067
gi:28573347,gi:28574764,1,0.47648703185867913
gi:24582264,gi:24644719,1,0.4574407482118177
gi:21356361,gi:22024283,1,0.5479676255466754
gi:24641790,gi:24668631,1,0.513748631640055
gi:21358599,gi:24666434,1,0.4854852117859113
gi:24583345,gi:24661359,1,0.49598397179806913
gi:24585156,gi:24639964,1,0.5139395096898574
gi:20129603,gi:28571831,1,0.46917966552016815
gi:17137658,gi:28574893,1,0.46627291624550604
gi:24653422,gi:28573830,1,0.4648520674849171
gi:19921312,gi:24653894,1,0.603338285492335
gi:21356859,gi:24646369,1,0.4736388977612975
P35005,gi:24651920,1,0.4722154621210693
gi:20128847,gi:24657747,1,0.47946382953381966
gi:17352479,gi:21358129,1,0.5015670188244831
gi:17137298,gi:24582283,1,0.4884657728467483
Q9VTJ4,gi:24664979,1,0.4780387867848435
gi:17136556,gi:24646369,1,0.47370239602737785
gi:24642884,gi:28573173,1,0.5348551048923514
gi:21355205,gi:21356549,1,0.46336845532092935
gi:17137636,gi:24658681,1,0.46336845532092935
gi:19922440,gi:24585158,1,0.47177113678146687
gi:21358603,gi:24643437,1,0.4767411740031681
gi:17136732,gi:28573491,1,0.5272740203302516
gi:17648053,gi:24581879,1,0.49541094080195247
gi:21687206,gi:24641860,1,0.471898082345539
gi:17137616,gi:24582088,1,0.5511100794636495
gi:21356363,gi:24641148,1,0.5034403155372799
gi:24582383,gi:24647609,1,0.5217310585829374
gi:21356727,gi:23308611,1,0.4961380876264194
gi:21356337,gi:21358323,1,0.525342364668866
Q24186,gi:28574939,1,0.47047520217665556
gi:17137454,gi:28573125,1,0.481551794494168
gi:21355099,gi:21357417,1,0.5062952812458795
gi:24581686,gi:28571863,1,0.46917966552016815
gi:21355395,gi:24662973,1,0.4693065333002276
gi:24654595,gi:28574443,1,0.5186897765716507
gi:21356995,gi:24640704,1,0.49658378781472556
P92208,gi:24652907,1,0.48710264062237485
gi:19922874,gi:24581939,1,0.47816589218888617
gi:24584736,gi:24662048,1,0.5103859614286405
gi:21955276,gi:24666524,1,0.5036581047869193
gi:24644498,gi:24652652,1,0.4997573529311924
Q24407,gi:24647233,1,0.47518979651655296
gi:24585240,gi:24648294,1,0.5113037525842103
Q9VSS7,gi:18543289,1,0.49858443397749114
gi:21357817,gi:28573486,1,0.5812431725211313
gi:20129853,gi:24584009,1,0.46750409007917304
gi:24580804,gi:24650747,1,0.4852943503936016
P32100,gi:19920876,1,0.4790188740230116
gi:19922992,gi:21357903,1,0.5127305489978842
Q02361,gi:19922196,1,0.5075316417472492
Q8T053,gi:20129291,1,0.5424567528358936
Q8IGR0,gi:24641790,1,0.512221467534278
P19538,gi:24582522,1,0.5990476779073993
P08570,Q94514,1,0.5193891839968964
gi:19920696,gi:21357621,1,0.5154295191592402
gi:24582962,gi:24646510,1,0.4707924781018802
gi:24645175,gi:24668321,1,0.47518979651655296
gi:17981755,gi:24665229,1,0.4931290738845526
gi:24582339,gi:24646611,1,0.49839341122667585
gi:20129907,gi:24640785,1,0.4718346091081678
gi:17137296,gi:18921125,1,0.47965453476853637
P55828,gi:24654934,1,0.4993116295187536
gi:17137760,gi:21356741,1,0.4940471460114556
gi:17136732,gi:17864630,1,0.5262581429227522
gi:24583873,gi:24655577,1,0.502930937598374
gi:20129745,gi:24650284,1,0.4893198994926876
gi:24638954,gi:30923711,1,0.48542159084866054
P20354,gi:24640435,1,0.4673772804327299
gi:19921504,gi:24582306,1,0.5125128875629004
P82910,gi:24665583,1,0.5630002093420707
gi:24651247,gi:24659237,1,0.5592567863330048
gi:24643130,gi:24651173,1,0.4678211325274112
gi:24648294,gi:24657689,1,0.5118765180882597
gi:24583332,gi:24586562,1,0.49328317082250106
gi:17136294,gi:24643151,1,0.493601490210603
gi:24655053,gi:24662650,1,0.4802534197386471
gi:20130175,gi:24650263,1,0.4911288768111815
gi:24652071,gi:24660416,1,0.5165376330483786
gi:20128797,gi:21955276,1,0.7054983201379261
gi:24645058,gi:28574539,1,0.505913289212876
Q9VG82,gi:24661685,1,0.4940471460114556
gi:20129381,gi:24653096,1,0.4837408708709706
gi:21357311,gi:24762669,1,0.47015795010950984
gi:24642476,gi:24645425,1,0.48399530506553823
gi:20428641,gi:24639687,1,0.48881074450532014
gi:17864572,gi:24661826,1,0.465956004360092
gi:20129745,gi:24642852,1,0.4899563742666048
gi:24650084,gi:24762755,1,0.4913198424620919
Q961V5,gi:21357875,1,0.49144715430678837
gi:17137224,gi:21358161,1,0.49439224976204055
gi:19920706,gi:21355077,1,0.5005214507144757
gi:24646581,gi:24667089,1,0.5138758841223
P48148,gi:28571791,1,0.4676309039239403
gi:20128797,gi:24652434,1,0.7064499637608874
gi:21356927,gi:24666323,1,0.5115583187843618
gi:21355125,gi:21357363,1,0.4869753765303388
P22058,gi:24648461,1,0.49652011601032586
P29310,gi:28573563,1,0.5442162054707524
gi:17737302,gi:19921306,1,0.48212411178883835
gi:20129835,gi:21357211,1,0.5458848678087149
gi:17933748,gi:21356873,1,0.479400262449482
gi:21358351,gi:24586535,1,0.4574407482118177
P13098,P16371,1,0.4884021320862288
gi:17647939,gi:21357743,1,0.47047520217665556
gi:19921812,gi:20129291,1,0.5437207910787822
gi:21356595,gi:24660746,1,0.5002667515477576
P48148,gi:20129101,1,0.4603399267953573
Q9VCR6,gi:24653385,1,0.5285334581888759
P07187,Q9XTL9,1,0.49125618696090756
gi:24653385,gi:24655741,1,0.5272004411182181
gi:24639603,gi:28573440,1,0.4603399267953573
gi:19921778,gi:24653350,1,0.5546524346177891
P18824,Q24178,1,0.4707924781018802
P36241,Q9VQQ9,1,0.5101313693221411
gi:24644242,gi:24656270,1,0.5361855271735096
gi:24638774,gi:28574707,1,0.4867208534288844
Q9V564,gi:24645942,1,0.49300174871623864
P48461,gi:19920572,1,0.4720885075012803
P07207,gi:24580900,1,0.4921741579875646
Q9NJH0,gi:28571396,1,0.545226851994297
gi:24640510,gi:24643702,1,0.5645035598926601
P45890,gi:24654550,1,0.4883384917016938
P23023,gi:24582339,1,0.5181174795261454
gi:18859825,gi:21356587,1,0.49903015524002936
gi:24648682,gi:28574707,1,0.4869753765303388
gi:24640855,gi:28574115,1,0.4897654283213686
gi:21357275,gi:24663657,1,0.489192608627054
gi:20129579,gi:24646430,1,0.48542159084866054
P10987,gi:24655228,1,0.5058763952387921
Q9XTM1,gi:24658110,1,0.5047405001646573
Q9VNH6,gi:20129131,1,0.4675674964777814
gi:21355851,gi:24660308,1,0.49753887702063293
gi:19921002,gi:24668026,1,0.48703900836629754
gi:17647335,gi:18859825,1,0.49896648066305704
gi:19920570,gi:21357653,1,0.4945564784689445
Q94899,gi:24641790,1,0.5136850047294855
gi:24643729,gi:24657782,1,0.5106405481474223
Q9VZS3,gi:20129527,1,0.48542159084866054
Q9W5R8,gi:21357951,1,0.500075727074641
Q9W5R8,gi:21356743,1,0.5299561953080826
gi:24580996,gi:28573729,1,0.48561245506956374
O18373,gi:17864100,1,0.4631784614704943
O96860,gi:24639632,1,0.5168556521779839
gi:24581983,gi:24642814,1,0.4675674964777814
P20227,P49847,1,0.46472534939069793
gi:17137692,gi:24662288,1,0.5012486471962264
gi:24585795,gi:28573310,1,0.4973746325034342
Q9V558,gi:28574949,1,0.4693065333002276
Q9VQQ9,Q9VXX8,1,0.5101313693221411
P10987,gi:28574049,1,0.5080409168325803
gi:20129257,gi:24640973,1,0.4869753765303388
gi:24586252,gi:24654636,1,0.4631151325600446
gi:19922554,gi:24654934,1,0.4854852117859113
gi:24640482,gi:24649078,1,0.4631784614704943
gi:21357211,gi:24649904,1,0.5475259663156348
gi:18859807,gi:24582283,1,0.4880202954909169
Q9VJE4,gi:17864162,1,0.5048678380722574
gi:18543289,gi:24649158,1,0.5032124020280196
gi:19921778,gi:24642517,1,0.5809951772093901
P54185,gi:24641831,1,0.6203964240151316
P00034,gi:24665661,1,0.49328317082250106
P08570,gi:24639333,1,0.5199613700426253
gi:24652682,gi:26080381,1,0.5095317520956529
gi:21357009,gi:22024201,1,0.47648703185867913
gi:17137168,gi:24643817,1,0.5015670188244831
gi:24647609,gi:28573310,1,0.5210954782110636
gi:21356265,gi:23308611,1,0.49658378781472556
gi:21356383,gi:24638750,1,0.5013759959834883
gi:24663556,gi:28574249,1,0.4802534197386471
gi:21355869,gi:24580804,1,0.5195799184043394
gi:21358471,gi:28573466,1,0.5435944123210615
gi:24585516,gi:24665160,1,0.4826328776969024
Q06559,gi:24642363,1,0.558817276586791
gi:24582628,gi:24641555,1,0.5356787593340934
gi:24644675,gi:24665154,1,0.4847854078011314
P35220,gi:28571205,1,0.46175888420063865
gi:24652897,gi:28573597,1,0.534511615785663
gi:24585405,gi:28572059,1,0.46911623312295053
gi:24582306,gi:28574284,1,0.5102854304693025
gi:17986113,gi:24644093,1,0.4993116295187536
gi:21355377,gi:24663504,1,0.4587951245300378
Q27268,gi:24655153,1,0.56110299177453
P18502,gi:19922030,1,0.5506689729076801
gi:20130049,gi:24650202,1,0.4933468342727232
gi:24582746,gi:28574635,1,0.5055949572259497
gi:24582096,gi:24650025,1,0.4869753765303388
gi:24665297,gi:24665469,1,0.48776574550021445
gi:17136968,gi:19920808,1,0.4940471460114556
gi:24581719,gi:24643578,1,0.5929344735909556
Q9V557,gi:17136762,1,0.45892161196914727
gi:24642547,gi:30923711,1,0.48453094827204335
gi:17137616,gi:24652897,1,0.5477683212732696
P02517,Q9VC27,1,0.48405891491580827
gi:18859693,gi:24642517,1,0.5817390398764415
P49905,gi:17647867,1,0.5125128875629004
gi:24646940,gi:24663027,1,0.49903015524002936
gi:24654832,gi:28571815,1,0.4603399267953573
gi:17136748,gi:28573207,1,0.48989272528980116
gi:21357023,gi:24583067,1,0.5078767096817222
P46824,gi:24643134,1,0.47661410141715826
gi:24644093,gi:28574744,1,0.5004577759430034
gi:18859749,gi:24657216,1,0.4618221871815267
gi:24644592,gi:28574432,1,0.4760423124822439
gi:24582516,gi:24650208,1,0.4940471460114556
Q94514,gi:24639740,1,0.4731944338878232
P02844,gi:24584835,1,0.5345749867008487
gi:19920706,gi:24640289,1,0.5003941011566827
gi:24638845,gi:24646737,1,0.5438105486325319
gi:21358323,gi:24647638,1,0.47765748770125876
P18502,gi:24655003,1,0.5509840571917747
gi:21357113,gi:24642852,1,0.48250568280295253
gi:19920464,gi:24652733,1,0.4928107626710516
gi:21357817,gi:24661811,1,0.5816150884831505
gi:24644870,gi:26080381,1,0.509468100249381
gi:19921660,gi:28573264,1,0.49715683879264366
P29310,Q9XTM1,1,0.5119032786768102
gi:20129903,gi:24650420,1,0.495601949868782
gi:20129893,gi:24639715,1,0.6118109001446446
gi:20130175,gi:24583264,1,0.4910652221667652
gi:24649183,gi:24652344,1,0.5009939491522167
gi:19922798,gi:21358247,1,0.4990569308717067
gi:22023983,gi:24584913,1,0.4602766532242645
O18373,Q9VGI8,1,0.47060210969803273
gi:24659254,gi:28571504,1,0.4662095316823327
P10090,gi:24666886,1,0.4781023391324111
Q9VRL3,gi:28573544,1,0.46330512285295766
gi:24644797,gi:28571445,1,0.5435577934855198
gi:20128911,gi:21357019,1,0.4736388977612975
gi:18859939,gi:24583803,1,0.4980113671877925
gi:19921586,gi:24582182,1,0.472278940779633
P82910,gi:21355869,1,0.5202055514005601
gi:24644642,gi:24656355,1,0.4810799547633045
gi:21357481,gi:24642950,1,0.46453528079294976
gi:24586242,gi:24650294,1,0.4631151325600446
P08570,gi:24666567,1,0.5198977963736873
gi:24650311,gi:24660815,1,0.48703900836629754
gi:20130261,gi:21356235,1,0.4924924572860738
gi:21358507,gi:24655153,1,0.5611657146914497
gi:19920926,gi:24667063,1,0.5374154253129242
gi:21355873,gi:24645425,1,0.4838044786345222
gi:17136826,gi:18859855,1,0.49008367319507723
gi:21356285,gi:24655644,1,0.46614614821017714
gi:24643312,gi:24663283,1,0.479400262449482
P82910,gi:24645883,1,0.5224301156549537
gi:17647503,gi:20129731,1,0.513748631640055
Q8IN81,gi:23397621,1,0.4986481083223461
Q9V422,gi:24638894,1,0.47512627886486236
gi:24584828,gi:24651179,1,0.4897017803338638
gi:23397524,gi:24647885,1,0.484403721506901
P29310,gi:28574875,1,0.5129214477945196
Q27368,gi:17136994,1,0.4603399267953573
P17276,gi:21355775,1,0.5199613700426253
gi:21356595,gi:24662431,1,0.500166177631379
gi:21355865,gi:28573278,1,0.5299929617992793
gi:20130017,gi:24648281,1,0.4779116842246285
gi:18858209,gi:24656959,1,0.46453528079294976
Q9W088,gi:28574582,1,0.5435944123210615
Q06559,gi:24648484,1,0.5582520572610943
gi:21356337,gi:24663292,1,0.5243896047461437
gi:24583256,gi:24649007,1,0.48561245506956374
gi:24581484,gi:24639782,1,0.5159651650308186
P17276,gi:24658069,1,0.5197070715088002
gi:24581976,gi:24663336,1,0.48776574550021445
gi:24654872,gi:24668623,1,0.4720250315441346
gi:24583965,gi:24659953,1,0.5474628660133705
gi:17864162,gi:24648484,1,0.5033397462253582
gi:17933748,gi:19920932,1,0.47952739728314225
gi:24582339,gi:28574875,1,0.4980113671877925
Q9VPS5,gi:24648319,1,0.5138758841223
gi:24641732,gi:28573563,1,0.5459214559112116
P21461,gi:24645182,1,0.5121947077669629
P50887,gi:28571831,1,0.49255611788440584
gi:24649976,gi:24661428,1,0.47506276201797604
Q9VPS5,gi:24639740,1,0.5132396040513452
Q27268,gi:24648668,1,0.4689893713243094
gi:19922196,gi:24644250,1,0.5015670188244831
gi:24647100,gi:24648828,1,0.5044221527411907
gi:24639711,gi:24660416,1,0.5167284461500689
gi:17864244,gi:24645053,1,0.4959203011388392
Q9VCZ8,gi:28571789,1,0.46769431241561893
gi:18543225,gi:18859903,1,0.46614614821017714
gi:24641689,gi:24647897,1,0.5795423156204867
gi:17933624,gi:28571147,1,0.4689259419269536
gi:17738103,gi:21356595,1,0.5003941011566827
gi:24643634,gi:24654383,1,0.5131391000990853
P15330,P23023,1,0.5172271457405895
gi:19922328,gi:24643879,1,0.4618854913935259
gi:21357547,gi:24583222,1,0.48852941398119143
gi:19922166,gi:24648484,1,0.49515626413954095
P02517,gi:24582383,1,0.4829776193885551
gi:24642876,gi:24655187,1,0.4943654774165341
Q24570,gi:24656486,1,0.5103223139019596
gi:24650984,gi:24653484,1,0.4603399267953573
gi:17136286,gi:22024004,1,0.47376589514408446
gi:24584372,gi:24642267,1,0.48193333407160494
P48554,gi:30923711,1,0.4852943503936016
gi:24645650,gi:24648858,1,0.4662095316823327
Q24141,gi:24665950,1,0.5058496231907856
gi:23308611,gi:28571176,1,0.49715683879264366
P47938,gi:24584030,1,0.4836772636342405
Q9VYH3,gi:24645778,1,0.4588583675868776
gi:24584043,gi:24762471,1,0.5104496086185888
gi:24642134,gi:24657747,1,0.47895531165100264
Q24400,gi:24660872,1,0.4940471460114556
gi:17352479,gi:24642303,1,0.5018217152245918
gi:21358161,gi:24582962,1,0.49547461034481094
gi:19920906,gi:24665661,1,0.49391981478638536
gi:24660555,gi:24762367,1,0.4631151325600446
P18502,gi:23308611,1,0.5493451777349145
P16371,gi:21356117,1,0.4884657728467483
P07183,gi:24649859,1,0.5063589458821918
gi:24652373,gi:24663726,1,0.4603399267953573
P25867,gi:20129061,1,0.49372881943284236
Q09024,gi:20128797,1,0.7066611958852482
Q05856,gi:24643110,1,0.5003572020745747
O46106,gi:24651303,1,0.4973746325034342
gi:19920622,gi:28571823,1,0.4702213986020737
Q24475,gi:24647885,1,0.4847854078011314
gi:21357711,gi:24584043,1,0.5116487206327338
gi:18859859,gi:18859961,1,0.4928107626710516
gi:24655121,gi:24663556,1,0.5190076982825403
gi:24650088,gi:24656431,1,0.49008367319507723
P02307,gi:19920682,1,0.465956004360092
gi:21355815,gi:22026816,1,0.473511903789185
gi:24639496,gi:24668309,1,0.49379248435006295
gi:24652438,gi:24663118,1,0.470348298472572
P18502,gi:21357871,1,0.5504799028020004
P02307,P54358,1,0.4674406847301457
gi:19922640,gi:24662729,1,0.4993116295187536
Q01642,gi:24643715,1,0.48453094827204335
gi:24641727,gi:24649080,1,0.4795909656953984
gi:24581901,gi:24668563,1,0.48776574550021445
P21663,gi:24644968,1,0.45892161196914727
gi:24667829,gi:28574864,1,0.4603399267953573
gi:17137488,gi:24649183,1,0.5013759959834883
P54622,gi:21357215,1,0.46750409007917304
gi:24580809,gi:24580817,1,0.48944719174336265
gi:24656694,gi:28574638,1,0.4602766532242645
gi:17933720,gi:21355923,1,0.4631151325600446
Q9XYN7,gi:19920568,1,0.47648703185867913
O77430,gi:24641340,1,0.4810799547633045
gi:18860519,gi:24642543,1,0.49157446726083615
gi:24583965,gi:24645887,1,0.547399764185479
gi:20129381,gi:24640747,1,0.4660827658310667
Q24423,gi:20128797,1,0.7059743666103846
O77260,gi:18858225,1,0.47661410141715826
P02835,gi:20130151,1,0.4893835454459258
gi:24650311,gi:24657389,1,0.48684811412701606
gi:24640501,gi:24650714,1,0.47028484805710646
gi:19921830,gi:21355083,1,0.4676309039239403
gi:17137224,gi:19922516,1,0.4946469184874577
gi:24639187,gi:24644592,1,0.5073406595035473
gi:24586234,gi:24762582,1,0.47525331497100265
gi:20128901,gi:24649183,1,0.5016306930059141
gi:24648433,gi:24649820,1,0.4765505662584537
gi:24650435,gi:24653521,1,0.4722154621210693
gi:24583067,gi:24639885,1,0.5458848678087149
gi:21357677,gi:21357915,1,0.48776574550021445
gi:24663548,gi:28574125,1,0.4782294459522191
P54350,gi:24584167,1,0.4926834398031924
gi:24640625,gi:24661811,1,0.48095278867490776
gi:19920576,gi:24666790,1,0.47591525675030316
gi:21356797,gi:28571678,1,0.520305960275597
gi:21356121,gi:24665539,1,0.48561245506956374
gi:19920576,gi:21687194,1,0.47518979651655296
gi:17137146,gi:21686961,1,0.4618854913935259
gi:24581574,gi:24585795,1,0.49547461034481094
P41094,gi:24654595,1,0.5192620245820493
gi:21356337,gi:24640435,1,0.5254058755142572
P40320,gi:20130025,1,0.47816589218888617
gi:24585033,gi:28572997,1,0.47597878422759815
gi:17136506,gi:21357975,1,0.48250568280295253
gi:24643715,gi:24658927,1,0.48218770552214707
gi:21358379,gi:28573512,1,0.4702213986020737
gi:24662189,gi:24667093,1,0.46614614821017714
gi:21358097,gi:24651688,1,0.47512627886486236
Q9V3G3,gi:21355081,1,0.4618854913935259
O44783,gi:20129385,1,0.53160546518228
gi:24582006,gi:24657427,1,0.5169192543738098
P55841,gi:24585353,1,0.49372881943284236
P19109,gi:24655341,1,0.4820605186346085
gi:17137398,gi:24644634,1,0.46905280172365305
P17276,gi:24762669,1,0.519325604602426
gi:17647757,gi:24582746,1,0.5055949572259497
gi:24644238,gi:24648289,1,0.4603399267953573
gi:24581572,gi:30923613,1,0.5127941823455014
gi:17647723,gi:24585635,1,0.5103859614286405
gi:24640713,gi:24650084,1,0.4908742599800555
gi:24657684,gi:28574529,1,0.5004845516488832
gi:19923024,gi:24640798,1,0.4573775353990873
gi:19921802,gi:24762775,1,0.468862513533619
gi:24655741,gi:28574284,1,0.5281526368550378
gi:19920688,gi:24650658,1,0.5047672734738475
O96860,gi:17647383,1,0.5157743329725651
gi:17647853,gi:24583431,1,0.4618221871815267
gi:20129643,gi:24660923,1,0.4856760774118486
gi:24653385,gi:24653584,1,0.5299295156041822
gi:24641831,gi:24655930,1,0.6200364605176231
P91929,Q9W3R7,1,0.47648703185867913
gi:21358247,gi:24762828,1,0.5002667515477576
P17886,gi:21356041,1,0.5168823974300053
gi:24582323,gi:24642543,1,0.4916381241487095
gi:19922138,gi:24645515,1,0.48684811412701606
gi:24645509,gi:24652897,1,0.5347650927416581
gi:24581719,gi:28571108,1,0.5922580724623321
gi:24652101,gi:28574875,1,0.4950289267426531
gi:20128901,gi:24654540,1,0.46601938454702924
gi:24657684,gi:24762726,1,0.5002298524539215
P02824,gi:24665583,1,0.5630628722604902
P13008,gi:24762726,1,0.5061947230002054
P37157,gi:17933592,1,0.46175888420063865
Q8T0S6,Q9W5R5,1,0.5076589620252898
Q8INW0,gi:24663523,1,0.5722577973738054
gi:17136820,gi:21357817,1,0.5814911267829679
Q9VCE6,gi:24665657,1,0.4936651547190011
P55841,gi:24641790,1,0.5131123428216087
P07909,gi:17137234,1,0.470348298472572
gi:17933606,gi:24643497,1,0.47506276201797604
gi:21357477,gi:21357537,1,0.46879908614633903
gi:21356995,gi:28573549,1,0.4964564443187936
gi:17137416,gi:24654899,1,0.46633630189766906
gi:21357683,gi:24584167,1,0.49236513682184957
P29310,gi:24655121,1,0.5174815382310947
P16163,gi:24639187,1,0.5072769982767965
P23757,gi:17137634,1,0.5108314845714437
gi:17137168,gi:24583848,1,0.5018217152245918
O46309,gi:24648688,1,0.45892161196914727
gi:18858125,gi:19921646,1,0.4960476425875541
P06002,gi:24658370,1,0.48329563139227283
gi:17137700,gi:24657747,1,0.4787646286315399
gi:24582746,gi:24654550,1,0.5062316164054066
Q03017,gi:21357483,1,0.49483792186167147
P13395,gi:24653139,1,0.4811435387277439
gi:24582744,gi:24650124,1,0.4869753765303388
gi:17137560,gi:24664199,1,0.4884021320862288
gi:17737425,gi:24647137,1,0.5230554440784472
gi:24583332,gi:24658567,1,0.5227745602329916
Q9W2N0,gi:24649047,1,0.468862513533619
gi:17136258,gi:21356337,1,0.5240084506699086
gi:24582846,gi:24650420,1,0.4959203011388392
gi:24649454,gi:28574851,1,0.47518979651655296
gi:17137168,gi:21356743,1,0.5298927485521874
gi:20129739,gi:24582909,1,0.4631784614704943
gi:21358561,gi:24649183,1,0.5019490630783784
Q27297,gi:28573115,1,0.4864663372140996
Q9U3Z7,gi:17137586,1,0.4733849132440859
gi:24653245,gi:24667974,1,0.46163228194026457
P48592,gi:19921554,1,0.4853579703838712
gi:24647369,gi:24649236,1,0.4836772636342405
gi:24655480,gi:24655568,1,0.4731944338878232
gi:24652512,gi:24663246,1,0.5197070715088002
gi:18543299,gi:24646908,1,0.4808256250541765
gi:17647723,gi:24650346,1,0.5096221694738409
P31009,gi:24650814,1,0.4861482018307892
gi:24580900,gi:24640672,1,0.5160287746850134
gi:24659362,gi:28571762,1,0.4797181045005047
gi:17647815,gi:24640005,1,0.4631784614704943
gi:24639027,gi:24652842,1,0.47512627886486236
gi:24640246,gi:24653856,1,0.4826328776969024
P41094,P52295,1,0.4998847025794178
gi:17648053,gi:21356083,1,0.4957929602194035
gi:24643016,gi:24646212,1,0.4901473231426219
P23023,P54356,1,0.5195799184043394
gi:21355851,gi:28571181,1,0.4974115306033014
gi:20128893,gi:28571447,1,0.48269647598886223
P16163,gi:19922620,1,0.5013123216111404
gi:20129775,gi:28574284,1,0.507977258337863
P54358,gi:24580900,1,0.4777210357523458
gi:24584774,gi:24665996,1,0.4693065333002276
P07187,gi:17647755,1,0.4916012354114351
gi:24584043,gi:24655824,1,0.5108314845714437
gi:17136294,gi:24642799,1,0.48316842495274526
Q9VLP3,gi:18543301,1,0.4748722163265905
gi:19920778,gi:24645115,1,0.4618854913935259
gi:21356041,gi:24666096,1,0.4921741579875646
gi:17647581,gi:19920696,1,0.51415713797771
gi:21357645,gi:24582598,1,0.472278940779633
Q24337,gi:21357817,1,0.5811191799890919
gi:17647503,gi:21357211,1,0.545695445426864
gi:19920622,gi:24762383,1,0.4702213986020737
P19538,gi:24643151,1,0.5975785661303906
gi:24583901,gi:24641831,1,0.6202764508804272
gi:21356973,gi:28574303,1,0.5015670188244831
Q24423,gi:24665169,1,0.4749357307467953
O61348,Q03017,1,0.4957292899633274
gi:18859931,gi:24651950,1,0.46336845532092935
Q9W2D9,Q9W4E2,1,0.46175888420063865
gi:19920808,gi:28574726,1,0.514920589764396
gi:19921294,gi:24658492,1,0.4780387867848435
P11420,gi:24639385,1,0.4736388977612975
gi:24643634,gi:24660663,1,0.511022417834991
P02516,P07666,1,0.5039127895129037
O16797,gi:21356743,1,0.531595382245257
gi:24651599,gi:24656938,1,0.48193333407160494
gi:18859665,gi:24658927,1,0.47474518992717474
gi:24641014,gi:28574406,1,0.5171368019899008
Q24186,gi:17137110,1,0.4631784614704943
gi:19921566,gi:24649895,1,0.46917966552016815
gi:17137642,gi:24647320,1,0.4722154621210693
gi:24580817,gi:24583965,1,0.5467055439569813
gi:24641689,gi:24646440,1,0.5795423156204867
gi:24585943,gi:24645148,1,0.5050219483912521
gi:24647060,gi:28574851,1,0.4749357307467953
O02194,P07207,1,0.49293808647147486
Q9VC49,gi:21356211,1,0.4692430989132719
O77051,P25007,1,0.49255611788440584
gi:24642517,gi:24656980,1,0.5816770654690823
gi:24644372,gi:24645476,1,0.47525331497100265
P02267,gi:19920876,1,0.4720885075012803
gi:21355811,gi:24648536,1,0.4748087027193688
P15330,P41092,1,0.5190076982825403
P18824,gi:24661826,1,0.470348298472572
P25008,gi:24642884,1,0.53574210936509
gi:21356367,gi:21357817,1,0.5813671547906931
gi:24585353,gi:24642021,1,0.49296485688007036
P21914,gi:24662729,1,0.4998847025794178
Q24133,gi:21355717,1,0.5087042547383087
gi:24649164,gi:24663292,1,0.4909379137491394
gi:22024283,gi:30923613,1,0.5469580088399852
P06002,gi:24663802,1,0.49074695333165835
O44783,gi:28574875,1,0.5307809142905923
P32392,gi:19922440,1,0.47196155649154103
gi:20129291,gi:24645795,1,0.5436576024025601
gi:24648828,gi:24657216,1,0.5048041691963638
gi:24584710,gi:24654916,1,0.4631784614704943
gi:21356397,gi:21356809,1,0.48269647598886223
P11455,gi:19922144,1,0.5062583879580432
gi:21356965,gi:24582746,1,0.505913289212876
Q9V564,gi:21355099,1,0.4928744244557245
P45889,gi:19921136,1,0.4646619920502801
gi:19921122,gi:28571108,1,0.4829776193885551
gi:24648207,gi:24663246,1,0.5188805314307307
gi:24647609,gi:24656346,1,0.5222394723243923
gi:21358161,gi:24657732,1,0.4958566306119291
gi:19920926,gi:21356743,1,0.531478622318738
gi:24640973,gi:24645581,1,0.48640270925189155
gi:19922810,gi:24666944,1,0.4618221871815267
Q24404,gi:24585618,1,0.5144116294235631
gi:24663462,gi:26080381,1,0.6126478215472455
gi:17136854,gi:20129387,1,0.4841225252826156
gi:24648294,gi:24649262,1,0.5118765180882597
gi:24654843,gi:24656486,1,0.5102586660406082
gi:17136392,gi:24586344,1,0.46336845532092935
P55828,gi:20129835,1,0.5076220715386629
gi:17136378,gi:24586587,1,0.4853579703838712
gi:24642134,gi:24663055,1,0.4733849132440859
gi:19920620,gi:24581205,1,0.4736388977612975
gi:24660872,gi:24666587,1,0.46917966552016815
gi:24639885,gi:24667238,1,0.5477783522285958
gi:19920776,gi:24655281,1,0.5525223683104814
gi:24646318,gi:24664652,1,0.5201788193393718
gi:24652999,gi:28574804,1,0.5169192543738098
P12982,gi:24641302,1,0.4866572237244142
P49630,gi:26080381,1,0.5090225288450883
P08570,gi:24647518,1,0.5197070715088002
gi:24646827,gi:24664652,1,0.48453094827204335
gi:24648919,gi:28574385,1,0.4692430989132719
Q01071,gi:20128797,1,0.706132948948838
gi:24584043,gi:24650425,1,0.5109587737684081
gi:24641578,gi:28573590,1,0.48770210898886557
gi:21355333,gi:24645515,1,0.4869753765303388
gi:24583061,gi:24651179,1,0.47629643323340604
P25843,gi:24664652,1,0.48523073087991
gi:17530817,gi:17933676,1,0.4928744244557245
gi:24640973,gi:24649824,1,0.48684811412701606
gi:21357943,gi:24651526,1,0.46330512285295766
gi:18858055,gi:18858161,1,0.5650044147130311
gi:17864452,gi:28573563,1,0.5460477284101382
gi:24650284,gi:24651238,1,0.4745546564612013
gi:19921326,gi:24667569,1,0.4746816779520526
gi:24649007,gi:24663246,1,0.5186897765716507
P15330,gi:24583485,1,0.5197706471047222
gi:18858231,gi:24646970,1,0.473511903789185
gi:24648828,gi:24649661,1,0.5049951753483469
gi:20129405,gi:24582294,1,0.5198977963736873
gi:17647911,gi:18858037,1,0.47661410141715826
gi:24639086,gi:24645093,1,0.46040320164476556
gi:24585599,gi:24653758,1,0.46633630189766906
gi:28574406,gi:28574635,1,0.5175183921328094
gi:24641148,gi:24641813,1,0.5035676589474625
gi:18859961,gi:24640086,1,0.4928107626710516
gi:24657023,gi:26080373,1,0.479400262449482
gi:18859973,gi:24581633,1,0.4901473231426219
gi:24651690,gi:24654041,1,0.472278940779633
gi:24644642,gi:24668321,1,0.4803805720516263
P40688,gi:21358101,1,0.498520759678551
gi:17998687,gi:24585100,1,0.4901473231426219
gi:18859955,gi:24582212,1,0.5154295191592402
gi:17136208,gi:20130017,1,0.47778458452463574
Q04787,gi:19921692,1,0.48852941398119143
gi:20130049,gi:24645177,1,0.4848490239211516
gi:20129527,gi:24640704,1,0.48465817704227354
O44783,P23792,1,0.5306540452760715
P18824,gi:24646478,1,0.47053865546120077
gi:19922670,gi:28574529,1,0.4924924572860738
gi:20129291,gi:21355577,1,0.543278440904527
gi:20129565,gi:24651688,1,0.47474518992717474
gi:24647942,gi:24661136,1,0.498520759678551
gi:17136826,gi:20428641,1,0.4886834593447673
gi:24646017,gi:24647137,1,0.5247707304106206
gi:24652999,gi:28573466,1,0.5411289243950401
gi:20129621,gi:24650570,1,0.472278940779633
P91641,Q9XZT1,1,0.4588583675868776
gi:24641090,gi:24651688,1,0.4746816779520526
gi:21357995,gi:24650208,1,0.49372881943284236
gi:18543285,gi:24639316,1,0.5511100794636495
gi:24644819,gi:24648674,1,0.47512627886486236
gi:17137344,gi:20128963,1,0.48852941398119143
gi:24582741,gi:24583929,1,0.4915108106461748
gi:17352479,gi:21355383,1,0.5030850574139101
gi:21356265,gi:24639368,1,0.47927313028396695
gi:24585205,gi:24664458,1,0.5000120522426024
P50887,gi:24582096,1,0.4917922072266504
gi:17647383,gi:19920978,1,0.48310482254994586
gi:21355581,gi:30923774,1,0.4856760774118486
P08570,gi:24658786,1,0.5197070715088002
gi:20130169,gi:24667117,1,0.556502632219486
P15330,gi:17648013,1,0.5199613700426253
gi:24586270,gi:24639915,1,0.4916381241487095
gi:24583571,gi:24648905,1,0.472278940779633
gi:17137296,gi:19922070,1,0.47946382953381966
gi:19920344,gi:20130085,1,0.5502277866476272
gi:24639208,gi:24645887,1,0.4736388977612975
O02195,gi:24650420,1,0.495601949868782
gi:21356033,gi:24647905,1,0.4869117451165584
gi:21355535,gi:24657684,1,0.5016943671344528
gi:17648053,gi:24668309,1,0.4944559166757515
gi:18859903,gi:24642367,1,0.4765505662584537
gi:17136698,gi:21355989,1,0.4782294459522191
gi:17137300,gi:18858137,1,0.4940471460114556
gi:17137216,gi:24641251,1,0.47642349821988167
gi:24648896,gi:24658567,1,0.523791148076177
gi:23397623,gi:24663011,1,0.5219852711475259
gi:24658567,gi:28571891,1,0.5224568374358373
gi:21355617,gi:24644293,1,0.48304122069453037
Q9V3C0,gi:28573937,1,0.46459863585035593
gi:19922072,gi:24641790,1,0.5140031348056259
gi:18860051,gi:21358025,1,0.46769431241561893
gi:17136672,gi:21357897,1,0.47072902102040937
gi:24668824,gi:28572018,1,0.4673772804327299
gi:19920798,gi:24639141,1,0.464788707869585
gi:24638750,gi:24645115,1,0.5018217152245918
Q23982,gi:24645011,1,0.490020023569051
Q94523,Q9VLP3,1,0.4749357307467953
P02517,Q9VHN6,1,0.48418613616390344
Q9VSS2,gi:22026959,1,0.48237849017599793
P49905,gi:24651935,1,0.5119401568022587
gi:24650829,gi:24664458,1,0.4998847025794178
P06601,P08646,1,0.465956004360092
gi:20130151,gi:24640777,1,0.489065319162954
gi:24643118,gi:24664199,1,0.5364021798135395
O46202,gi:21356797,1,0.4824420862050733
gi:19921030,gi:26080328,1,0.48120712330293913
gi:24649035,gi:24649114,1,0.47060210969803273
gi:24642301,gi:24650208,1,0.4930285192205198
gi:24581314,gi:24657743,1,0.5033129716807598
gi:17137452,gi:24652770,1,0.4746816779520526
O46084,gi:28573633,1,0.4618221871815267
gi:24646410,gi:24663275,1,0.46472534939069793
gi:24639715,gi:24654017,1,0.610721511677124
P54733,gi:24659552,1,0.4781023391324111
gi:19922386,gi:24652762,1,0.4767411740031681
gi:17933748,gi:28574516,1,0.47914600080300723
O44783,gi:21357219,1,0.5318591386404485
P54353,gi:28572158,1,0.47215198436093847
O44783,gi:19922310,1,0.5307174802796258
gi:23397621,gi:24666790,1,0.4982023889448557
gi:24657504,gi:24668214,1,0.48710264062237485
Q9W4P5,gi:28574009,1,0.4979476933950219
O18404,gi:24652999,1,0.5164740276067554
P29310,gi:24666434,1,0.5127305489978842
gi:17647757,gi:28573466,1,0.5427728142929501
gi:21955276,gi:28572129,1,0.5036581047869193
gi:24582006,gi:24641251,1,0.5160923838198354
gi:18858205,gi:24583394,1,0.4882748516952044
gi:24639681,gi:28574735,1,0.4660827658310667
gi:21955276,gi:24584067,1,0.48852941398119143
gi:20129999,gi:24585345,1,0.4588583675868776
O97420,P18289,1,0.4806348842858847
gi:17647581,gi:21358161,1,0.49477425390009555
gi:24582006,gi:24762837,1,0.5166012379541761
P12982,gi:24647285,1,0.4865299656149624
P13008,gi:24642543,1,0.5065130457391096
gi:19922620,gi:24655824,1,0.5018853891820618
gi:21356069,gi:21356365,1,0.46453528079294976
gi:24640527,gi:24646434,1,0.47952739728314225
gi:17647873,gi:24651303,1,0.49566561984576524
gi:17137190,gi:24665583,1,0.5658180204157709
gi:22024283,gi:24644165,1,0.5478414448728579
P02834,gi:24649250,1,0.47629643323340604
gi:21358247,gi:24644544,1,0.5005851254690344
gi:24661625,gi:24664191,1,0.4911288768111815
P10987,Q9V3I1,1,0.5078499405744411
P21461,gi:24584144,1,0.5125128875629004
Q94524,gi:24661166,1,0.500203076729284
gi:21355219,gi:24651441,1,0.47518979651655296
Q9VBL6,Q9W0V1,1,0.46633630189766906
gi:20130121,gi:21357211,1,0.5480307135722507
P08570,gi:17137216,1,0.519643495274655
gi:19921312,gi:28571445,1,0.6018744465878981
gi:24584632,gi:24655153,1,0.5614165867969656
gi:19921458,gi:22024141,1,0.4893198994926876
P08182,gi:24641251,1,0.5175819885156062
gi:18860017,gi:24647143,1,0.4924287969312005
gi:24645830,gi:28574406,1,0.5184086889120203
O01666,gi:21355913,1,0.46459863585035593
gi:24585353,gi:24652268,1,0.4938561494685987
gi:24652897,gi:24660188,1,0.5341313669697636
gi:21357907,gi:24663027,1,0.49903015524002936
gi:24581820,gi:24653649,1,0.5050588437444139
gi:24582096,gi:24582697,1,0.487166273296511
P07183,Q24311,1,0.5063589458821918
gi:24584835,gi:24662360,1,0.5347650927416581
gi:21356415,gi:28574582,1,0.5428992292492659
gi:20129859,gi:24647609,1,0.5217310585829374
gi:19921312,gi:24647685,1,0.6031554062137182
gi:24580731,gi:24641029,1,0.5286971689842423
P08175,gi:24650924,1,0.4758517300524052
gi:19920636,gi:21357547,1,0.4885930554874974
gi:17647755,gi:28574920,1,0.49211049888093694
gi:24643286,gi:24648198,1,0.4958566306119291
Q9W2D9,gi:21358039,1,0.5033129716807598
gi:19922030,gi:24581155,1,0.4733214192617716
Q05856,gi:24654441,1,0.5150109592919825
gi:24642950,gi:24643474,1,0.46472534939069793
P48611,gi:24662475,1,0.45892161196914727
Q24423,gi:24638766,1,0.4893198994926876
gi:24640430,gi:24663292,1,0.5229016442059309
gi:21357547,gi:24649214,1,0.4873202983645642
gi:17647523,gi:24638795,1,0.5077862813098631
gi:24645909,gi:28574406,1,0.518281510681874
P56079,gi:24642074,1,0.4603399267953573
Q27297,gi:24585158,1,0.4866572237244142
Q02361,gi:24586371,1,0.5075953020094212
gi:24656312,gi:28571157,1,0.46472534939069793
Q9VL18,gi:24662946,1,0.4675674964777814
gi:24649976,gi:24655568,1,0.47449114694956035
gi:24639301,gi:24641921,1,0.5196066530175231
gi:24583067,gi:24641689,1,0.5781763165491605
gi:24647100,gi:24665950,1,0.4716441948682319
gi:24586305,gi:28574886,1,0.49611131350522913
gi:24641148,gi:28573410,1,0.5033766436637795
gi:24647500,gi:28574406,1,0.5182179206774976
gi:21358485,gi:24663462,1,0.6143388547634907
gi:24644498,gi:24655153,1,0.5606011383185674
gi:19921984,gi:21687092,1,0.507977258337863
gi:19921112,gi:24640372,1,0.4693065333002276
gi:24582224,gi:24643270,1,0.4780387867848435
gi:24643303,gi:24644797,1,0.5438737338989822
P19538,gi:19920448,1,0.5989253194975231
gi:17136378,gi:24582516,1,0.48510349329049335
gi:17137616,gi:30923613,1,0.5499126051828526
P15330,gi:24415388,1,0.5195799184043394
P48601,P53501,1,0.46905280172365305
gi:20130085,gi:28573264,1,0.5493451777349145
P41375,gi:24583380,1,0.4662095316823327
gi:17137398,gi:24662973,1,0.46873565976714726
gi:21357761,gi:24585576,1,0.6616020125309408
gi:24641410,gi:24655869,1,0.4573775353990873
P07183,gi:21357817,1,0.5797545890538739
gi:20130193,gi:23397595,1,0.47616937131540216
gi:24586562,gi:24644770,1,0.487166273296511
gi:17136488,gi:28574950,1,0.4763599653441083
gi:24654325,gi:24662048,1,0.5103223139019596
Q9V676,gi:24643172,1,0.46775772195078613
gi:24581976,gi:28573464,1,0.4762329018898217
P18459,gi:19921114,1,0.4838680869228385
P52304,gi:24580900,1,0.4921741579875646
gi:28573034,gi:28574286,1,0.4603399267953573
gi:19920502,gi:24584547,1,0.5360588421785752
Q9XYM0,gi:24650338,1,0.46627291624550604
Q94883,gi:17137648,1,0.47053865546120077
gi:20128797,gi:24585240,1,0.7056570521821561
gi:21357315,gi:21357903,1,0.513812258105013
Q24533,gi:18543285,1,0.5505429277938728
Q94523,gi:17136256,1,0.48684811412701606
gi:21358039,gi:24648678,1,0.5035676589474625
gi:21356561,gi:24585154,1,0.471898082345539
P07187,gi:24650658,1,0.5050219483912521
gi:24585353,gi:24650598,1,0.4943018107617864
gi:17647581,gi:19922150,1,0.48710264062237485
gi:17865835,gi:24647905,1,0.487166273296511
P41093,gi:24663027,1,0.4982023889448557
gi:18859953,gi:24640806,1,0.4760423124822439
gi:24653385,gi:24654471,1,0.5297391712231652
gi:24581838,gi:24584167,1,0.4926834398031924
gi:19922100,gi:21357903,1,0.512285104125482
Q9V447,gi:21358201,1,0.47661410141715826
gi:24585022,gi:24653856,1,0.48269647598886223
gi:20129165,gi:28573393,1,0.4746181667960468
gi:21357505,gi:24584139,1,0.4602766532242645
Q24564,gi:24639715,1,0.6059273524189577
P55828,gi:24645150,1,0.5003304263575791
gi:23397621,gi:23397623,1,0.5210954782110636
P23757,gi:24648480,1,0.511022417834991
gi:24583332,gi:24667063,1,0.5361488211361984
gi:20128921,gi:24641311,1,0.4574407482118177
gi:17647523,gi:24657356,1,0.507977258337863
gi:21687206,gi:28574635,1,0.4775303937708891
gi:22023983,gi:24638862,1,0.4884657728467483
gi:24580900,gi:24650864,1,0.4781023391324111
gi:24644797,gi:28574726,1,0.5426729746463046
gi:19922314,gi:24646689,1,0.4648520674849171
gi:20129067,gi:20130417,1,0.46879908614633903
gi:19921306,gi:20130391,1,0.48250568280295253
gi:24583827,gi:24639721,1,0.48120712330293913
gi:18859891,gi:28572043,1,0.4788281889532162
Q8IGR0,gi:24584056,1,0.497029493432359
P18502,gi:24642814,1,0.5506059511630932
gi:24583929,gi:24643447,1,0.5362755028157375
gi:24652999,gi:24663027,1,0.5151381931993203
gi:24650253,gi:24667211,1,0.49157446726083615
P18102,gi:28571891,1,0.5012486471962264
gi:24583012,gi:24658714,1,0.48212411178883835
Q24297,Q9VI10,1,0.46169558245287884
O77051,gi:17864162,1,0.5034670899894056
gi:20128863,gi:21355195,1,0.5005851254690344
gi:17864176,gi:24647942,1,0.46917966552016815
gi:19920922,gi:24653856,1,0.4819969260615125
gi:21357817,gi:24649834,1,0.5814291420724169
gi:24642691,gi:24647100,1,0.470348298472572
P17210,gi:24658110,1,0.47642349821988167
P08630,gi:20129967,1,0.5047405001646573
gi:24658567,gi:28571396,1,0.5437739325841406
gi:19920604,gi:21356367,1,0.4673772804327299
gi:19920688,gi:24650202,1,0.49594707509756014
Q9VG82,gi:24656903,1,0.49462014584225605
gi:20130321,gi:21357759,1,0.4648520674849171
gi:24640501,gi:24657689,1,0.47028484805710646
gi:24581622,gi:24653791,1,0.48399530506553823
gi:19922310,gi:24649007,1,0.48453094827204335
gi:24584017,gi:28574383,1,0.4733214192617716
Q9XZT6,gi:20129485,1,0.4720885075012803
gi:21356785,gi:24645148,1,0.49138349824473965
gi:21357005,gi:24649488,1,0.45596063616678584
gi:19922144,gi:23397619,1,0.4974115306033014
gi:24639756,gi:24649025,1,0.4869117451165584
gi:24641831,gi:28573607,1,0.6201564630436349
O96860,gi:21358109,1,0.5167920494360516
Q95RS6,gi:24649427,1,0.5035676589474625
P07183,Q06559,1,0.5578123377837242
gi:19920826,gi:24762775,1,0.4731944338878232
gi:24660935,gi:28558744,1,0.5224936619823867
P33450,gi:24583380,1,0.46627291624550604
gi:17647755,gi:24582270,1,0.4930654111879525
gi:21356337,gi:24646860,1,0.5243896047461437
P26308,gi:17136256,1,0.48703900836629754
gi:24644274,gi:24651247,1,0.471898082345539
gi:18859825,gi:24665784,1,0.49845708542759076
gi:17530857,gi:20428641,1,0.5006119011603244
gi:19922746,gi:24654578,1,0.4745546564612013
gi:19922620,gi:24648207,1,0.5009939491522167
gi:21357009,gi:24655187,1,0.4943654774165341
gi:19920910,gi:24647148,1,0.4573775353990873
gi:17137386,gi:24642404,1,0.46627291624550604
P49630,gi:24654578,1,0.47474518992717474
gi:17136256,gi:19921660,1,0.4867208534288844
gi:24641831,gi:24654082,1,0.6199764537501828
P20432,gi:21356695,1,0.4673772804327299
gi:24645967,gi:24651339,1,0.49858443397749114
gi:24652101,gi:24667117,1,0.5553079357167513
gi:24582018,gi:24644093,1,0.5003941011566827
P11455,gi:24649262,1,0.5074043204922487
P08985,P23757,1,0.5107041939698241
Q24451,gi:24649564,1,0.4841225252826156
gi:17737433,gi:24582212,1,0.5150478250554529
gi:18860099,gi:24650658,1,0.5059769550431905
gi:17137572,gi:19921554,1,0.5201788193393718
Q24564,gi:24638625,1,0.6015082008784124
gi:21355815,gi:24641831,1,0.6197363900217651
P22058,gi:19920428,1,0.4811435387277439
gi:20128797,gi:21356785,1,0.7064499637608874
gi:18859635,gi:24663462,1,0.6124060225484755
gi:19920434,gi:28574383,1,0.47370239602737785
gi:24582339,gi:24664979,1,0.4981387149647746
gi:24653912,gi:28574303,1,0.5018853891820618
P39572,gi:24643118,1,0.5371621425782399
gi:23397399,gi:24665657,1,0.49442914425401924
gi:18857983,gi:24639187,1,0.507977258337863
gi:17137724,gi:18858231,1,0.47376589514408446
gi:18859893,gi:24654578,1,0.47525331497100265
P50887,gi:24667211,1,0.4916012354114351
P49906,gi:24647648,1,0.46614614821017714
gi:24645967,gi:28573264,1,0.4970931660653601
gi:21356019,gi:21686963,1,0.47215198436093847
gi:17136780,gi:24661136,1,0.49877545714153926
P07207,gi:24664951,1,0.4930654111879525
Q95TN4,gi:18921123,1,0.4602766532242645
gi:21357817,gi:28573466,1,0.5782024374966964
O16102,gi:24639506,1,0.4573775353990873
gi:24640510,gi:24653649,1,0.5037217761515489
O18404,gi:28573466,1,0.5432152424334352
Q9VJE4,gi:17137650,1,0.4676309039239403
gi:21358101,gi:24660212,1,0.49896648066305704
gi:17530949,gi:24762471,1,0.46911623312295053
P54399,gi:24641946,1,0.4675674964777814
gi:20129431,gi:24641734,1,0.4618854913935259
Q9VPS5,gi:24641134,1,0.5138758841223
gi:24644093,gi:24663462,1,0.6130104159611202
Q8IGR0,gi:19920696,1,0.5137117603617412
gi:24642715,gi:24658342,1,0.49896648066305704
P16241,gi:24641156,1,0.48852941398119143
gi:17136826,gi:24658567,1,0.5229651850815099
P48555,gi:24641251,1,0.47591525675030316
gi:21356003,gi:24645177,1,0.47449114694956035
gi:20130399,gi:24665784,1,0.502930937598374
gi:24667089,gi:28571181,1,0.513812258105013
P16371,gi:18860099,1,0.48808393396461675
gi:17137344,gi:21355123,1,0.48852941398119143
gi:24647143,gi:24649931,1,0.4928107626710516
Q8T0G4,gi:24640672,1,0.5169192543738098
gi:24644244,gi:24654746,1,0.4588583675868776
P12982,gi:19922418,1,0.4869753765303388
gi:24647638,gi:24661336,1,0.4779116842246285
gi:17530817,gi:18921137,1,0.4920468400301482
gi:24645515,gi:28574707,1,0.48583007767123465
P54733,gi:24667565,1,0.4778481340160796
gi:24644059,gi:28574150,1,0.4716441948682319
gi:24652762,gi:24659254,1,0.47629643323340604
Q9VEX9,gi:24654441,1,0.5159015548593076
gi:21355617,gi:24638708,1,0.4822512998324798
gi:17737533,gi:24665229,1,0.5124123761111171
gi:17136212,gi:24646928,1,0.4905559956144278
Q24564,gi:24580672,1,0.6032773289391893
gi:19922116,gi:24582172,1,0.47667763733274543
O46036,gi:24657218,1,0.5153290403759047
gi:24582306,gi:24663292,1,0.5109855366041378
gi:24585720,gi:26080381,1,0.509468100249381
gi:19922516,gi:24651963,1,0.4897017803338638
gi:17738257,gi:24581180,1,0.4574407482118177
gi:17137200,gi:17137398,1,0.46917966552016815
gi:19922538,gi:28574804,1,0.4588583675868776
P82910,Q9VG82,1,0.5212861595877588
gi:17986113,gi:24646073,1,0.48453094827204335
P27619,gi:24649427,1,0.5034403155372799
gi:24580716,gi:24657689,1,0.47313094250027266
gi:21358555,gi:28572043,1,0.4792095652068921
Q9VG94,Q9VG96,1,0.4588583675868776
O16011,P10987,1,0.5132663609692792
gi:24644592,gi:24667403,1,0.4720885075012803
gi:20129067,gi:24648929,1,0.46769431241561893
gi:20130345,gi:28571649,1,0.48561245506956374
Q9VNA5,gi:19922624,1,0.4603399267953573
gi:24582522,gi:24582643,1,0.48405891491580827
gi:24644116,gi:24649564,1,0.4841225252826156
Q24564,gi:20129491,1,0.6033992388367889
gi:21357781,gi:24584547,1,0.5356154081517176
gi:24641689,gi:24658332,1,0.5802868942851085
gi:24647905,gi:28573095,1,0.4869753765303388
gi:22026816,gi:24652780,1,0.4618854913935259
gi:24667016,gi:28574523,1,0.4574407482118177
gi:24651619,gi:30923613,1,0.4841225252826156
gi:17647723,gi:28573590,1,0.5096221694738409
gi:21357903,gi:24643822,1,0.5127305489978842
gi:24639822,gi:24653350,1,0.5550298874641257
O96860,gi:20130151,1,0.5155198830817979
gi:18859991,gi:21358175,1,0.4763599653441083
gi:19922300,gi:24649103,1,0.4602766532242645
P13607,gi:24639885,1,0.5465161795197304
gi:24585730,gi:24655502,1,0.4807620441743187
gi:21357211,gi:24581574,1,0.5475259663156348
gi:24585154,gi:24642456,1,0.472278940779633
gi:24641507,gi:24656851,1,0.4574407482118177
gi:19920776,gi:28573157,1,0.5523334440799628
P35381,gi:24648828,1,0.5046768309792025
Q9VQQ9,gi:21356265,1,0.5100040712897346
P49905,gi:19921638,1,0.5118765180882597
gi:24638702,gi:24762771,1,0.4811435387277439
Q9W3C2,gi:19920912,1,0.47376589514408446
gi:17136378,gi:24583982,1,0.4856760774118486
gi:17136948,gi:24643118,1,0.5369088406639122
gi:19920706,gi:21356031,1,0.49924795481833684
gi:24650124,gi:24655577,1,0.5022305332139732
gi:17136392,gi:20129967,1,0.5047405001646573
Q27350,gi:24658585,1,0.490020023569051
gi:24640188,gi:24648776,1,0.47015795010950984
gi:24643029,gi:24643294,1,0.4602766532242645
P54733,gi:23308611,1,0.49664745972992796
O97067,P54357,1,0.4792095652068921
P23757,gi:28558744,1,0.520586964636854
gi:21357417,gi:24654522,1,0.5057222905795341
gi:24585851,gi:24662431,1,0.5020764106792905
Q24210,Q9VHY5,1,0.46769431241561893
Q24564,gi:24665297,1,0.6026065955742509
gi:24649080,gi:24660416,1,0.5159651650308186
gi:24648063,gi:24652101,1,0.4960476425875541
Q04787,gi:19920434,1,0.4885930554874974
P38979,gi:20130085,1,0.5506689729076801
Q9VYD7,gi:24646485,1,0.4660827658310667
Q9VSJ8,gi:28573717,1,0.49566561984576524
gi:21355801,gi:24665160,1,0.48218770552214707
Q24407,gi:24639368,1,0.46627291624550604
gi:24581061,gi:24665154,1,0.4788281889532162
gi:21357483,gi:24649202,1,0.4854852117859113
gi:24584835,gi:24650348,1,0.5334341414268838
gi:17647979,gi:21357711,1,0.5189708524017751
Q9VYD7,gi:24652897,1,0.5343848706150739
gi:24639548,gi:24665973,1,0.48554883319356523
Q00963,gi:17648053,1,0.4957292899633274
gi:17530825,gi:17647523,1,0.5070860131888839
P07666,gi:18858095,1,0.5046131616420637
P29310,gi:24648484,1,0.512285104125482
gi:21355163,gi:30923530,1,0.48710264062237485
O77430,gi:17137296,1,0.4801898445403791
gi:24645538,gi:24648751,1,0.4646619920502801
gi:24580731,gi:24584043,1,0.526538833357843
P08570,gi:24585033,1,0.5190712807860114
gi:21355163,gi:24667063,1,0.5364655165517344
gi:24584774,gi:24641168,1,0.4693065333002276
gi:19921802,gi:24666053,1,0.4748087027193688
gi:24582294,gi:24657689,1,0.519325604602426
Q9W2D9,gi:21955276,1,0.4884021320862288
gi:20128863,gi:24583332,1,0.4989295817234569
P49630,gi:17864576,1,0.4673772804327299
gi:17137300,gi:24645521,1,0.4693065333002276
gi:17137536,gi:24586098,1,0.46911623312295053
P02828,gi:20130175,1,0.49023773890417965
Q02645,gi:24659272,1,0.48405891491580827
gi:17137616,gi:24583067,1,0.5488406899586561
O18405,P21461,1,0.5120037951291891
gi:22026880,gi:24649803,1,0.48703900836629754
gi:24665583,gi:28574316,1,0.5650044147130311
gi:17137572,gi:24642543,1,0.5199245296419186
gi:24639299,gi:28573276,1,0.4780387867848435
gi:24638571,gi:24666240,1,0.5091498364543309
gi:19922620,gi:24643702,1,0.5638773063163479
gi:21358247,gi:24665229,1,0.4989932562812546
O96827,gi:24643715,1,0.48237849017599793
Q27350,gi:24581314,1,0.5021031859412007
gi:24665761,gi:24666790,1,0.47610584151219404
gi:24581061,gi:24645089,1,0.4797181045005047
gi:24641860,gi:28573018,1,0.4748722163265905
gi:24646318,gi:28572129,1,0.5193523402760345
gi:24661073,gi:28573773,1,0.4603399267953573
O96860,gi:21357595,1,0.5163468151242571
gi:18543285,gi:24650658,1,0.5489668213569021
gi:19920728,gi:24762618,1,0.4574407482118177
gi:24640719,gi:28573799,1,0.4841225252826156
gi:24581339,gi:24638978,1,0.47642349821988167
gi:19922538,gi:24582643,1,0.48405891491580827
gi:17737551,gi:24582212,1,0.514920589764396
gi:20129859,gi:24641831,1,0.6193161376094131
gi:17737647,gi:24648826,1,0.4632417915688056
gi:18858099,gi:24650196,1,0.4603399267953573
P82147,gi:24644498,1,0.4745546564612013
gi:19921360,gi:28574851,1,0.47525331497100265
gi:17136762,gi:24658861,1,0.46472534939069793
gi:18543199,gi:24582319,1,0.47072902102040937
gi:24651212,gi:24653708,1,0.48459456240755117
gi:24580914,gi:24648690,1,0.47170766536747516
gi:19922310,gi:24663011,1,0.48174256162155793
Q9V3A4,gi:21357897,1,0.47066556488511446
O76899,gi:24654082,1,0.46775772195078613
P41126,gi:17136588,1,0.47060210969803273
gi:21358379,gi:28573278,1,0.5298026203140892
Q9V564,gi:24645653,1,0.49211049888093694
gi:24638625,gi:24654854,1,0.5015937942866299
gi:20129903,gi:24641831,1,0.6199764537501828
Q01642,gi:24654383,1,0.5142207615325665
gi:24639711,gi:24666944,1,0.46163228194026457
gi:21356397,gi:24643715,1,0.481551794494168
Q24404,gi:24640353,1,0.5308075884560588
gi:24585240,gi:24652438,1,0.4835500507494706
P08044,P18502,1,0.550858028373828
gi:20128797,gi:24655996,1,0.7064499637608874
gi:24581572,gi:24653887,1,0.5139395096898574
gi:18859901,gi:21355105,1,0.45596063616678584
P29310,gi:24661759,1,0.5134304926722737
gi:19922620,gi:24641014,1,0.5007392505923755
gi:17864344,gi:21355383,1,0.5048041691963638
Q24337,gi:19922100,1,0.49534727140793156
gi:24648522,gi:24663304,1,0.4648520674849171
gi:19921312,gi:24639885,1,0.5996752751664636
gi:17986113,gi:28573830,1,0.4852943503936016
gi:24647685,gi:24652797,1,0.46336845532092935
gi:22024201,gi:24641790,1,0.5131123428216087
gi:24582826,gi:28558748,1,0.5019490630783784
gi:19922538,gi:24663027,1,0.49896648066305704
Q9NJH0,gi:24582294,1,0.5184990162642212
gi:17137710,gi:24655555,1,0.4748722163265905
Q9Y1A3,gi:24642021,1,0.4943654774165341
gi:23397595,gi:24583567,1,0.47591525675030316
P45890,gi:24667196,1,0.48865669736360484
gi:17648123,gi:24645236,1,0.4806348842858847
gi:24649976,gi:28571908,1,0.4748722163265905
O61231,gi:28574886,1,0.49541094080195247
Q9VYR1,gi:19922458,1,0.46175888420063865
gi:20129741,gi:28574564,1,0.4573775353990873
gi:24655568,gi:24655822,1,0.47376589514408446
gi:24646884,gi:28573213,1,0.4660827658310667
gi:19921850,gi:24585024,1,0.4662095316823327
gi:23397524,gi:24638774,1,0.48523073087991
gi:17137648,gi:24642867,1,0.470348298472572
O16797,gi:24645724,1,0.5341947445390411
gi:21357761,gi:28573746,1,0.6616020125309408
gi:17137788,gi:17647503,1,0.5138758841223
gi:21356309,gi:24651920,1,0.4722154621210693
gi:19920382,gi:19922266,1,0.4602766532242645
gi:23397621,gi:24582094,1,0.4973746325034342
gi:24584547,gi:24656208,1,0.5363122074981969
gi:24583965,gi:24652789,1,0.5480307135722507
gi:24653084,gi:28574886,1,0.4958566306119291
gi:18859939,gi:19922464,1,0.48088920655505735
gi:20129899,gi:24641493,1,0.47370239602737785
gi:24585242,gi:24641209,1,0.49956632852304605
O61351,gi:24663304,1,0.46453528079294976
Q8INW0,gi:24645817,1,0.5727564837722313
gi:21355995,gi:28573486,1,0.47060210969803273
Q02360,gi:21357653,1,0.49372881943284236
gi:24582006,gi:24585358,1,0.5164104216313626
gi:20128797,gi:24642363,1,0.705709951780438
gi:24653856,gi:28574920,1,0.4816789719849492
Q9VYV5,gi:24646214,1,0.4588583675868776
gi:21358109,gi:26080447,1,0.4603399267953573
P16914,gi:18860091,1,0.45892161196914727
gi:24648010,gi:24657619,1,0.4778481340160796
Q9VE01,gi:21357019,1,0.47376589514408446
gi:21358605,gi:24586111,1,0.45892161196914727
gi:17998687,gi:24660923,1,0.4888743876307544
gi:21358235,gi:22024283,1,0.5481568849907856
Q23983,gi:17737503,1,0.48237849017599793
gi:24641090,gi:24646039,1,0.4689259419269536
gi:17648123,gi:18858161,1,0.5647540038238423
P42287,gi:24665784,1,0.4850398752188845
P08182,gi:24581968,1,0.5184722771336818
P13217,gi:17136554,1,0.4588583675868776
gi:19920358,gi:19922918,1,0.4631151325600446
gi:17864612,gi:24583140,1,0.45596063616678584
gi:21356727,gi:24645053,1,0.4946469184874577
P08646,gi:24661685,1,0.468862513533619
gi:19921238,gi:28573466,1,0.5430888413194968
gi:20130321,gi:24648231,1,0.465956004360092
gi:24581165,gi:24642814,1,0.46769431241561893
gi:21355093,gi:24582219,1,0.4782294459522191
O02195,gi:21355783,1,0.46879908614633903
gi:24583666,gi:24640672,1,0.5167920494360516
gi:24585013,gi:24657504,1,0.48710264062237485
Q24400,gi:17647809,1,0.4945564784689445
gi:18129620,gi:24663336,1,0.4884657728467483
gi:18859685,gi:21358297,1,0.46769431241561893
Q9V564,gi:24662155,1,0.49255611788440584
gi:21355975,gi:24583827,1,0.4811435387277439
gi:20129863,gi:24659237,1,0.559947256638425
gi:24641831,gi:28572129,1,0.6184750968279905
Q9W1Y7,gi:24646716,1,0.47667763733274543
Q9XYP8,gi:24663657,1,0.49008367319507723
O97420,gi:24639794,1,0.48069846391753707
gi:24655577,gi:28571637,1,0.5035039872991959
gi:24652737,gi:24762680,1,0.46633630189766906
gi:24581686,gi:24641302,1,0.46879908614633903
gi:21356743,gi:24762779,1,0.5311614973981402
gi:21356743,gi:24658721,1,0.5313517753872377
gi:24581719,gi:24585759,1,0.5932418123816656
gi:24661625,gi:28572090,1,0.49138349824473965
P54353,gi:28571356,1,0.47158072528577577
gi:18543225,gi:24649080,1,0.47927313028396695
gi:20130399,gi:21356221,1,0.502930937598374
P06603,gi:21357215,1,0.4777210357523458
Q9VCR6,gi:18860011,1,0.5047036043527934
P16371,Q01069,1,0.48789301971062515
P29310,gi:21357821,1,0.513748631640055
gi:24639541,gi:24655502,1,0.48101637141167475
gi:24646105,gi:24655187,1,0.4941108119146108
gi:24648828,gi:24655577,1,0.5030213849557287
gi:21356449,gi:24655888,1,0.48703900836629754
gi:19920424,gi:24639354,1,0.468862513533619
P92208,gi:24655577,1,0.5022305332139732
gi:24657782,gi:28573278,1,0.5280256891065921
gi:17647503,gi:24646924,1,0.5139395096898574
gi:17136732,gi:21355555,1,0.5273375052577671
Q8T0S6,gi:24662048,1,0.5087946776032348
gi:24650208,gi:24661140,1,0.4942381442918404
gi:17648053,gi:24581873,1,0.4959203011388392
gi:21356801,gi:24667211,1,0.49157446726083615
gi:21357711,gi:28573684,1,0.5134304926722737
O18413,gi:24655034,1,0.4806348842858847
gi:18859761,gi:28571891,1,0.5018217152245918
gi:24647148,gi:24649114,1,0.47072902102040937
P23380,gi:24646860,1,0.49125618696090756
gi:24586474,gi:24640599,1,0.47072902102040937
gi:21358065,gi:28571216,1,0.4603399267953573
gi:24645384,gi:24650168,1,0.48446733463780745
gi:24656026,gi:24668642,1,0.4673772804327299
gi:19921312,gi:24642235,1,0.6029115223343535
Q9V8K2,gi:22024206,1,0.48399530506553823
gi:17737433,gi:24582205,1,0.48523073087991
gi:24642134,gi:24663802,1,0.4908742599800555
gi:18859793,gi:24645058,1,0.5064862745340786
P14130,gi:19921286,1,0.46911623312295053
P21914,gi:24582879,1,0.4924287969312005
gi:21357387,gi:28573879,1,0.506040620679665
gi:24583408,gi:24655606,1,0.4778481340160796
gi:21356023,gi:24664979,1,0.4780387867848435
gi:24656938,gi:24665132,1,0.4816789719849492
O77425,gi:24646199,1,0.49008367319507723
O44424,gi:24642884,1,0.5343481458318968
gi:24648253,gi:28574582,1,0.5435312208362895
gi:17136556,gi:19920396,1,0.47667763733274543
gi:20129527,gi:20129923,1,0.48542159084866054
Q24251,gi:24584828,1,0.4895108383829366
gi:20128793,gi:24643106,1,0.47518979651655296
gi:24640233,gi:24658567,1,0.5232193411301035
gi:24647199,gi:24656694,1,0.4603399267953573
gi:19921950,gi:24663889,1,0.4631151325600446
gi:24580674,gi:24655170,1,0.498520759678551
gi:18858239,gi:21355115,1,0.4765505662584537
gi:17137616,gi:21356727,1,0.5496604311482705
gi:24654160,gi:24660188,1,0.47215198436093847
P02843,gi:24667238,1,0.4808256250541765
gi:21355383,gi:24655741,1,0.5282795809624419
P00528,gi:19921936,1,0.5140031348056259
gi:19921694,gi:28574635,1,0.47778458452463574
gi:17647939,gi:28573195,1,0.4746181667960468
gi:21356003,gi:24660710,1,0.4732579261423368
gi:24649175,gi:24661826,1,0.470348298472572
gi:17136286,gi:24648643,1,0.47357540034788576
P40304,gi:24646857,1,0.45596063616678584
Q8INW0,gi:24644797,1,0.569387530319785
gi:24583067,gi:28573563,1,0.5444057296889845
gi:24646290,gi:28574886,1,0.49611131350522913
O16011,gi:21356767,1,0.5153022897693369
gi:17933604,gi:30923711,1,0.48523073087991
gi:17647523,gi:24645663,1,0.5079135995844621
P40427,gi:24640951,1,0.49293808647147486
gi:24583454,gi:24668290,1,0.45892161196914727
gi:17737503,gi:24654854,1,0.5009302745554524
gi:24581572,gi:24585795,1,0.512285104125482
P00034,gi:20129835,1,0.5081950015980202
gi:17137344,gi:24652101,1,0.49471058610800295
gi:24585384,gi:24643632,1,0.464788707869585
gi:24586240,gi:24658940,1,0.46601938454702924
gi:20130247,gi:24660416,1,0.5161559924332274
gi:19922100,gi:24643310,1,0.4958566306119291
gi:22026966,gi:24645769,1,0.4720885075012803
P23757,gi:21687092,1,0.5087946776032348
Q06559,gi:24638750,1,0.5580008001281671
gi:19920766,gi:21356797,1,0.4826328776969024
gi:17647755,gi:24648198,1,0.49451958376926763
P18491,gi:24655366,1,0.46453528079294976
gi:24584916,gi:24655888,1,0.4866572237244142
gi:20128977,gi:24642670,1,0.4662095316823327
gi:19922796,gi:24582879,1,0.49300174871623864
gi:24638571,gi:24654595,1,0.5195799184043394
Q9VWR5,gi:24641014,1,0.48703900836629754
gi:24644880,gi:28574406,1,0.5177091795703991
gi:17864630,gi:24651524,1,0.4822512998324798
P19538,gi:24580513,1,0.5977623015025331
P08175,gi:24644093,1,0.49969367811785265
Q06559,gi:28571216,1,0.5597589694438994
P05389,gi:22024114,1,0.48621182801778695
gi:17864358,gi:28574303,1,0.5020127369114764
gi:21357761,gi:24762556,1,0.6615449868780797
P21461,gi:18859669,1,0.5124492524066964
Q24133,gi:24646017,1,0.5083859735754171
P20483,gi:21358081,1,0.4748087027193688
P52295,gi:24654383,1,0.51358450558367
gi:24639368,gi:24654522,1,0.4748087027193688
Q8INW0,gi:24582294,1,0.5704488351485392
gi:17136864,gi:28573963,1,0.48120712330293913
Q24117,gi:24643106,1,0.5191348626717888
gi:18543299,gi:22024111,1,0.48120712330293913
gi:19920776,gi:24664652,1,0.5513255942952067
gi:24640430,gi:24651006,1,0.5241723181517375
gi:21357387,gi:24655153,1,0.5609148113175636
Q9VPS5,gi:24645179,1,0.5139395096898574
Q06559,gi:24647385,1,0.5590056492339719
gi:17137696,gi:24585242,1,0.49880223271408647
gi:19921778,gi:21357817,1,0.5809951772093901
Q9VUM0,gi:24641689,1,0.5804109552974765
Q24475,gi:17647503,1,0.5131123428216087
P16371,gi:24648755,1,0.4878293824081545
gi:24581949,gi:24638868,1,0.4602133809335008
P00528,gi:24641732,1,0.5132396040513452
P02834,gi:24584415,1,0.4660827658310667
gi:24641439,gi:24659203,1,0.4618854913935259
gi:24658206,gi:24667089,1,0.5136850047294855
gi:19923044,gi:24648198,1,0.49547461034481094
P41094,P48603,1,0.49839341122667585
gi:24638978,gi:24650729,1,0.4765505662584537
gi:19921312,gi:24582339,1,0.6016913379621935
gi:17137696,gi:24658492,1,0.4974115306033014
gi:24582294,gi:24583724,1,0.5197070715088002
gi:21358297,gi:24583134,1,0.4836772636342405
gi:24652463,gi:24665469,1,0.4882748516952044
gi:18858125,gi:24642561,1,0.4949015899906661
gi:24643755,gi:24651236,1,0.497029493432359
Q24025,gi:21357959,1,0.4602766532242645
P12613,gi:28574150,1,0.4720885075012803
gi:20129227,gi:24643516,1,0.5170732016775789
gi:24583436,gi:24644766,1,0.4587951245300378
P32392,gi:18860521,1,0.4631784614704943
Q9VG82,gi:17136412,1,0.4943018107617864
gi:17864254,gi:24659237,1,0.5596962032218338
P30052,Q24564,1,0.603094440044842
gi:24663043,gi:24668018,1,0.4765505662584537
Q24141,gi:24648195,1,0.5061042861202352
gi:17648053,gi:24581854,1,0.4958566306119291
gi:18543289,gi:21356367,1,0.49858443397749114
gi:24650420,gi:24652999,1,0.5152654251443765
gi:24583531,gi:24651303,1,0.4955382800344423
gi:24638766,gi:24639885,1,0.5467055439569813
gi:21356061,gi:24653760,1,0.4775303937708891
P23696,gi:24652999,1,0.5158646929910535
P48149,gi:24645011,1,0.48900167496163266
gi:24642517,gi:28574950,1,0.5809951772093901
gi:18860011,gi:19922464,1,0.5062316164054066
gi:18543299,gi:24639772,1,0.48120712330293913
gi:19921458,gi:23397623,1,0.5214768347618001
gi:24641014,gi:24641689,1,0.5791078106306251
O18640,gi:24582467,1,0.4945564784689445
P54399,gi:24661625,1,0.49138349824473965
gi:24582383,gi:24640430,1,0.5232193411301035
Q01083,gi:24640982,1,0.490020023569051
gi:24583208,gi:24644165,1,0.4689893713243094
gi:21955284,gi:24641363,1,0.4793366960321806
gi:24584835,gi:24586270,1,0.5333073590322477
gi:24641555,gi:24655474,1,0.5346016342977971
gi:17986113,gi:28574284,1,0.5067677001406488
gi:18859953,gi:24658034,1,0.4767411740031681
gi:24646216,gi:24648444,1,0.46627291624550604
gi:21355125,gi:24583965,1,0.5468317794098903
gi:19920696,gi:24643078,1,0.5151114419705393
gi:24583827,gi:24639195,1,0.48101637141167475
gi:21955276,gi:24662288,1,0.4878293824081545
gi:24647897,gi:24651364,1,0.47629643323340604
gi:22026837,gi:24654441,1,0.5169192543738098
gi:17137616,gi:24655153,1,0.5573989506768829
gi:24583965,gi:24642134,1,0.547399764185479
P09089,gi:17530843,1,0.47499924597793874
gi:24582104,gi:24658567,1,0.5239182078696182
gi:17137234,gi:28573830,1,0.4704117498464338
gi:28571707,gi:28572987,1,0.46769431241561893
gi:24584835,gi:24667108,1,0.5348284591802595
gi:18859889,gi:24661151,1,0.46627291624550604
gi:17986155,gi:21356415,1,0.47591525675030316
Q24570,gi:24640599,1,0.4716441948682319
gi:17647723,gi:24642452,1,0.5108314845714437
gi:18921139,gi:19922294,1,0.46750409007917304
gi:24646607,gi:24648966,1,0.46614614821017714
O77430,gi:19921154,1,0.4811435387277439
P02824,Q9VG82,1,0.5197973809135238
gi:24666524,gi:24762669,1,0.5044221527411907
P29310,gi:24582268,1,0.5140031348056259
gi:24586167,gi:24647143,1,0.49191952310434156
gi:17137346,gi:24667211,1,0.4913198424620919
gi:19920776,gi:24762433,1,0.5524593952491523
gi:20129277,gi:28573466,1,0.543278440904527
Q9V597,gi:21955284,1,0.4787010689974092
Q9W5Q1,gi:24651703,1,0.507977258337863
gi:24643761,gi:24653514,1,0.4972841845217981
gi:22024201,gi:24645384,1,0.4847854078011314
O16867,Q01069,1,0.4734484080872377
Q9W3R7,gi:24585880,1,0.47629643323340604
gi:24640973,gi:24646169,1,0.48710264062237485
gi:18860011,gi:28573495,1,0.5063589458821918
gi:24638978,gi:24651185,1,0.5056586239945015
gi:17137344,gi:18543285,1,0.5497234770542112
gi:17647759,gi:24644617,1,0.46175888420063865
P17210,gi:19922144,1,0.49671113175386816
gi:24646365,gi:24653459,1,0.49515626413954095
Q94883,gi:24644365,1,0.4618221871815267
gi:19920406,gi:24663556,1,0.4802534197386471
gi:20130067,gi:24643078,1,0.46472534939069793
Q02645,Q9W0K7,1,0.46175888420063865
gi:24643347,gi:24644274,1,0.4648520674849171
gi:21355789,gi:24653999,1,0.45892161196914727
gi:24653538,gi:24666303,1,0.46459863585035593
P17276,gi:24661022,1,0.5199613700426253
gi:20130261,gi:30923537,1,0.4930654111879525
gi:20128793,gi:24646001,1,0.47965453476853637
gi:19920696,gi:24652930,1,0.5263483431680627
gi:17137616,gi:24650168,1,0.5499126051828526
gi:19921700,gi:21358181,1,0.47066556488511446
gi:24663462,gi:28572963,1,0.6139163533751287
gi:18858095,gi:24580815,1,0.4926834398031924
gi:19921362,gi:24647601,1,0.4631151325600446
gi:24645413,gi:24656486,1,0.5103223139019596
gi:21355757,gi:24643731,1,0.4678211325274112
P52295,gi:24648198,1,0.4988659072003792
P35381,gi:24645087,1,0.4646619920502801
gi:24643817,gi:24646884,1,0.4673772804327299
gi:24649519,gi:24665489,1,0.4854852117859113
gi:19922480,gi:24639715,1,0.6118109001446446
Q9VRL2,gi:24648905,1,0.472278940779633
gi:17137648,gi:17647803,1,0.4707924781018802
Q05201,gi:24641689,1,0.5800387418308715
P49258,gi:24639187,1,0.5064493816055139
gi:17933624,gi:19922110,1,0.4644719268800854
gi:24584017,gi:24585795,1,0.49566561984576524
gi:20128797,gi:24582319,1,0.706132948948838
Q01644,gi:28574406,1,0.516627984118575
gi:17647179,gi:17737989,1,0.46879908614633903
gi:18860545,gi:19922106,1,0.4835500507494706
gi:24644675,gi:24644677,1,0.484403721506901
gi:17647341,gi:21355643,1,0.49566561984576524
P35381,gi:24665469,1,0.4882748516952044
gi:19921274,gi:20129433,1,0.49255611788440584
gi:24663949,gi:24666524,1,0.5049951753483469
P18502,P29052,1,0.550858028373828
gi:17136788,gi:24651610,1,0.472278940779633
P25867,P54611,1,0.4758517300524052
gi:17136864,gi:24584547,1,0.5352352769918306
gi:17137220,gi:24581901,1,0.48757483716418276
gi:18859657,gi:24650814,1,0.4795909656953984
gi:17648085,gi:24583041,1,0.4632417915688056
gi:21356995,gi:24667063,1,0.5360221347911
gi:21356337,gi:24668317,1,0.5257869232544496
gi:24644757,gi:24648592,1,0.48418613616390344
gi:19922220,gi:24664257,1,0.47177113678146687
Q01083,gi:24646073,1,0.48900167496163266
gi:17136810,gi:24652897,1,0.5347017251808721
gi:17737433,gi:24641567,1,0.48523073087991
O16011,gi:17647755,1,0.5139026391905619
gi:17136920,gi:19921578,1,0.48710264062237485
gi:19920688,gi:24659304,1,0.4976025503500713
gi:24654355,gi:24657054,1,0.472278940779633
gi:21356965,gi:24658342,1,0.49845708542759076
gi:22023983,gi:24665016,1,0.4646619920502801
gi:21357975,gi:28574707,1,0.4869753765303388
gi:24582319,gi:24642267,1,0.4820605186346085
gi:20130121,gi:24582212,1,0.5153659047132565
gi:24651028,gi:24661707,1,0.4849126405321557
gi:24639657,gi:24642744,1,0.4676309039239403
gi:24584494,gi:24654261,1,0.4588583675868776
Q01083,gi:21356741,1,0.4895744853625859
gi:21355917,gi:24649427,1,0.5025489000936764
P50887,Q24475,1,0.49223781734796823
P18502,gi:24583474,1,0.5501647535722238
gi:24642168,gi:28573671,1,0.46336845532092935
gi:19922686,gi:24653727,1,0.4648520674849171
gi:21356019,gi:24663011,1,0.4775303937708891
gi:24581572,gi:28571356,1,0.5133032340235377
gi:19920464,gi:24657070,1,0.46750409007917304
P09082,gi:24641790,1,0.5138758841223
gi:24666933,gi:28571396,1,0.5464265103007385
O97420,gi:24639086,1,0.48101637141167475
gi:17136506,gi:24664226,1,0.4826328776969024
gi:17933532,gi:20128797,1,0.7061857986300208
gi:17136294,gi:24667132,1,0.47965453476853637
gi:24647864,gi:28573466,1,0.5434680279502465
gi:24584968,gi:24649312,1,0.46330512285295766
gi:19922868,gi:24644242,1,0.5361855271735096
gi:28571396,gi:28573598,1,0.5466790017297182
gi:24585053,gi:24668006,1,0.473511903789185
P06603,gi:21358101,1,0.4981387149647746
gi:24585679,gi:28573590,1,0.4885930554874974
gi:18859961,gi:24661830,1,0.49274710111951964
gi:24658786,gi:24666694,1,0.47946382953381966
gi:17137454,gi:28574555,1,0.48180615184957315
P17276,gi:24644675,1,0.5186897765716507
gi:21357817,gi:24650248,1,0.5804370382833918
gi:24640029,gi:28558744,1,0.5228749245846623
gi:24641344,gi:24654465,1,0.4648520674849171
gi:20129237,gi:24585154,1,0.472278940779633
gi:24582283,gi:24651247,1,0.48795665740556615
gi:19921758,gi:21357677,1,0.4884021320862288
gi:24640527,gi:24762376,1,0.47965453476853637
gi:24641555,gi:24648484,1,0.5346016342977971
Q9VJV9,gi:24656431,1,0.4897017803338638
gi:24642867,gi:24652770,1,0.468862513533619
O17445,gi:28558744,1,0.5212225998153103
gi:24641480,gi:24648615,1,0.4822512998324798
P05205,gi:24638702,1,0.4803805720516263
gi:19921254,gi:21356397,1,0.48212411178883835
gi:21357869,gi:24649122,1,0.4573775353990873
gi:24642235,gi:24646073,1,0.48212411178883835
P49905,gi:20128963,1,0.5123856168469404
gi:21356973,gi:24762726,1,0.49858443397749114
gi:21357439,gi:21358429,1,0.46330512285295766
gi:19920622,gi:24585459,1,0.46917966552016815
P17210,gi:24648690,1,0.4760423124822439
gi:20130085,gi:24582699,1,0.5507950115150284
gi:17530857,gi:24652897,1,0.5328635868774321
gi:21358129,gi:24668006,1,0.4732579261423368
gi:24652852,gi:28571396,1,0.5466158811188052
gi:21357161,gi:24668091,1,0.46169558245287884
gi:21355617,gi:24638625,1,0.50242155357536
Q01644,gi:24659028,1,0.49877545714153926
gi:21358507,gi:24640527,1,0.47946382953381966
gi:24652737,gi:24667211,1,0.49119253174324984
Q94524,gi:24639727,1,0.5005851254690344
gi:19921622,gi:24584167,1,0.4930654111879525
gi:24640233,gi:24655968,1,0.48399530506553823
gi:24585813,gi:24655759,1,0.48795665740556615
gi:21357711,gi:28573264,1,0.512221467534278
gi:20129887,gi:24641921,1,0.49903015524002936
gi:19921638,gi:24640986,1,0.47072902102040937
gi:24648981,gi:24649519,1,0.48523073087991
gi:19922676,gi:24642261,1,0.4718346091081678
P49906,gi:17137296,1,0.47927313028396695
gi:24648668,gi:28571934,1,0.4689259419269536
gi:24582006,gi:24586621,1,0.5164104216313626
gi:24585813,gi:24666240,1,0.5081313437379893
gi:20128999,gi:24639653,1,0.4631151325600446
gi:19921912,gi:24580765,1,0.47072902102040937
P82910,gi:17737533,1,0.5204598295360368
gi:24647367,gi:28574029,1,0.4573775353990873
P23023,gi:24585087,1,0.5197070715088002
P18459,gi:17136860,1,0.48361365692638825
gi:24586193,gi:28571891,1,0.5015033445922249
gi:24585813,gi:28571825,1,0.48852941398119143
gi:17933750,gi:24650439,1,0.46633630189766906
gi:24647233,gi:24661455,1,0.47499924597793874
gi:24650577,gi:24652946,1,0.4632417915688056
gi:17933750,gi:24653322,1,0.46614614821017714
gi:21686985,gi:26080381,1,0.5095317520956529
gi:17137616,gi:24642808,1,0.5501017188860617
Q8INW0,gi:19921274,1,0.5725694936453748
Q9VZD5,gi:24651498,1,0.4631151325600446
P19538,gi:28573674,1,0.5989253194975231
gi:21355851,gi:24642916,1,0.4974115306033014
gi:24584167,gi:24652999,1,0.5153926551106892
P18171,gi:22024131,1,0.46330512285295766
gi:21356855,gi:24651524,1,0.4662095316823327
Q9VWA2,gi:24655153,1,0.5612911546605258
gi:20129961,gi:24641410,1,0.464788707869585
P28159,gi:21357163,1,0.47512627886486236
P48603,Q94920,1,0.4988391316117467
P05389,gi:24657801,1,0.4782294459522191
Q9VCR6,gi:24585873,1,0.49903015524002936
O97420,gi:24655888,1,0.48608457609274186
P07185,gi:24667917,1,0.48342283999666447
gi:19922480,gi:24581719,1,0.5932418123816656
gi:18859977,gi:28571891,1,0.5016306930059141
gi:21355167,gi:24667211,1,0.4913198424620919
gi:24646827,gi:24655751,1,0.48218770552214707
gi:24585981,gi:24650257,1,0.4588583675868776
gi:24583067,gi:24648668,1,0.5089588746005982
gi:18860055,gi:24668309,1,0.4940471460114556
O96860,gi:24651203,1,0.5163468151242571
Q03017,gi:24653385,1,0.5286603912752859
P02835,gi:24654530,1,0.4734484080872377
gi:24652789,gi:24664391,1,0.4588583675868776
gi:24645148,gi:24646017,1,0.4904923436516983
gi:17137224,gi:24664979,1,0.49515626413954095
gi:21356743,gi:24642836,1,0.5317957218146014
P13008,gi:24663802,1,0.5065130457391096
gi:19921856,gi:28573662,1,0.4867208534288844
gi:21357547,gi:24653595,1,0.4884021320862288
gi:19920376,gi:24585481,1,0.4660827658310667
P52295,gi:17136972,1,0.5003941011566827
gi:17136854,gi:19921356,1,0.48418613616390344
P13097,gi:24643151,1,0.49594707509756014
gi:24645425,gi:24657974,1,0.4841225252826156
Q9VTE5,gi:28573604,1,0.4899563742666048
gi:24581572,gi:24657671,1,0.5133668635645338
Q960T2,gi:24656362,1,0.47196155649154103
Q960T2,gi:21355653,1,0.47215198436093847
gi:17647459,gi:19921494,1,0.4587951245300378
gi:24655153,gi:28572055,1,0.5612911546605258
O62622,gi:24657109,1,0.46769431241561893
gi:24644250,gi:24665132,1,0.5010576237167417
gi:20130017,gi:20130269,1,0.4780387867848435
gi:20130151,gi:24638868,1,0.4899563742666048
gi:18860011,gi:24640689,1,0.5061042861202352
Q24260,gi:24643447,1,0.5369088406639122
gi:20129949,gi:24668429,1,0.46163228194026457
gi:19922024,gi:20130151,1,0.48989272528980116
P10987,Q94514,1,0.5074679812408373
P18432,gi:19920630,1,0.47215198436093847
gi:24654828,gi:28573431,1,0.46769431241561893
gi:23397595,gi:24644119,1,0.4760423124822439
gi:24645177,gi:28571678,1,0.5206238010730395
P02518,gi:18858205,1,0.48789301971062515
Q9VJE5,gi:20428645,1,0.4618221871815267
gi:24652930,gi:24662650,1,0.5278085678669724
gi:20129481,gi:21357753,1,0.4693065333002276
P40945,gi:24644642,1,0.4810799547633045
P23757,gi:24648840,1,0.511022417834991
O77259,gi:24649427,1,0.5034403155372799
P13469,Q24564,1,0.603338285492335
gi:24580965,gi:24656355,1,0.4632417915688056
gi:17737749,gi:18543197,1,0.4602133809335008
gi:17136692,gi:24667117,1,0.5563140390076702
P07187,gi:24642021,1,0.49309218178705144
gi:24649976,gi:28574553,1,0.47499924597793874
gi:19920436,gi:24650009,1,0.479400262449482
gi:19920688,gi:24584007,1,0.4974115306033014
O16011,gi:24654383,1,0.5129482056048141
gi:19920912,gi:24645413,1,0.4730674519817267
P48593,gi:24642547,1,0.4824420862050733
gi:21355715,gi:24583726,1,0.46614614821017714
Q960T2,gi:24762324,1,0.472278940779633
gi:24586098,gi:24647285,1,0.47060210969803273
P13060,gi:24652518,1,0.513812258105013
gi:21355851,gi:24653614,1,0.49715683879264366
gi:20128865,gi:24652438,1,0.47066556488511446
P07909,gi:24585156,1,0.5135577495797479
gi:24581314,gi:24665583,1,0.5638146697172965
gi:17933604,gi:24653584,1,0.46589262527228226
gi:24647609,gi:24657218,1,0.5212861595877588
P02835,gi:24644057,1,0.4849126405321557
gi:24582212,gi:24649327,1,0.5154931331052306
gi:17864566,gi:24651625,1,0.5064226103122795
P00444,gi:24664458,1,0.5005214507144757
P10041,gi:17136520,1,0.4795909656953984
P13395,gi:24583218,1,0.48101637141167475
gi:19921758,gi:24583355,1,0.46459863585035593
gi:24655644,gi:24666323,1,0.5120674330669902
gi:24582746,gi:24658492,1,0.5063589458821918
gi:19921710,gi:24660989,1,0.5153022897693369
gi:24582741,gi:24646737,1,0.48852941398119143
gi:19920448,gi:24664199,1,0.4884021320862288
gi:24665821,gi:28573115,1,0.47170766536747516
gi:20128953,gi:24639609,1,0.4603399267953573
P10987,Q9W2U9,1,0.5077862813098631
gi:24583332,gi:24641957,1,0.49442914425401924
O44783,gi:24645553,1,0.5311614973981402
gi:21355869,gi:28558748,1,0.5179902958964623
gi:19920808,gi:24649080,1,0.47914600080300723
gi:24654644,gi:24664458,1,0.5003941011566827
Q9W5U2,gi:24643118,1,0.5377320015629996
gi:20130199,gi:24655577,1,0.5026762462812981
gi:24583726,gi:28574115,1,0.4646619920502801
gi:21356677,gi:21357761,1,0.6616020125309408
Q9V7D2,gi:24644026,1,0.46472534939069793
P14130,gi:24582104,1,0.46879908614633903
P40320,gi:24667917,1,0.483232027900873
gi:18543285,gi:22024244,1,0.5509210436000702
gi:19920776,gi:24654325,1,0.5518925622066667
Q9XTM1,gi:20129011,1,0.5049315067902732
gi:17864418,gi:24583827,1,0.4811435387277439
gi:21357875,gi:28571396,1,0.5451636974138959
P54367,gi:24641790,1,0.5139395096898574
P52304,gi:17737871,1,0.4928107626710516
gi:24580619,gi:24642517,1,0.5818010117033792
gi:20128977,gi:21357837,1,0.4660827658310667
Q24117,gi:21358019,1,0.5197706471047222
gi:24582306,gi:24652846,1,0.5125128875629004
Q9VTF9,gi:24655888,1,0.48684811412701606
P29310,gi:24655036,1,0.5133668635645338
gi:22026831,gi:24639687,1,0.485957325971734
P16378,Q06559,1,0.5592567863330048
O77051,gi:24640959,1,0.49198318143726205
gi:20129739,gi:24651247,1,0.47196155649154103
gi:24582383,gi:24584056,1,0.48361365692638825
P22464,gi:19921838,1,0.46336845532092935
gi:24650658,gi:24650873,1,0.5064226103122795
gi:24582540,gi:24650737,1,0.4574407482118177
gi:19921872,gi:24645869,1,0.4945564784689445
P42287,gi:24647609,1,0.5216675036778301
gi:18543285,gi:24641555,1,0.5477052268494736
gi:19921140,gi:24762491,1,0.4793366960321806
gi:17647979,gi:24639715,1,0.6093279063397383
P07183,P31009,1,0.5052129528763457
gi:19921002,gi:24640578,1,0.4867844835637715
gi:24584906,gi:24644242,1,0.5363122074981969
gi:24585132,gi:24653536,1,0.487166273296511
Q03017,gi:28574009,1,0.4973746325034342
Q9VC27,gi:24656486,1,0.5108951293465386
O46106,O76912,1,0.49896648066305704
gi:17137102,gi:24649996,1,0.46330512285295766
gi:21357817,gi:28573563,1,0.5780781981741934
gi:17864630,gi:24583965,1,0.5470211212914947
gi:24658229,gi:24666997,1,0.4838680869228385
gi:20128985,gi:24661936,1,0.4867208534288844
gi:20129399,gi:28573662,1,0.48710264062237485
gi:17136412,gi:24659210,1,0.4631151325600446
P15330,P31009,1,0.5186261904051414
P18502,gi:18858069,1,0.5507950115150284
gi:24645581,gi:28574920,1,0.47895531165100264
gi:17864566,gi:24662634,1,0.505913289212876
gi:21357417,gi:28571147,1,0.5059769550431905
gi:24666323,gi:28574757,1,0.5121310706136016
gi:21357969,gi:28574726,1,0.514920589764396
O46036,gi:17136378,1,0.5157107212614479
gi:18921097,gi:24585384,1,0.464788707869585
O97125,gi:24652940,1,0.46601938454702924
gi:24642882,gi:24649473,1,0.47313094250027266
gi:20129835,gi:28571789,1,0.5094044480961133
gi:20128863,gi:24640233,1,0.49937530424149823
Q9W3R7,gi:24650924,1,0.4758517300524052
P23779,gi:21355581,1,0.48561245506956374
gi:21355361,gi:24654854,1,0.5010576237167417
Q9W0K4,gi:28571515,1,0.4720250315441346
gi:17933688,gi:24655153,1,0.561228435654096
gi:17137620,gi:24647343,1,0.49198318143726205
gi:17647581,gi:24659086,1,0.4869753765303388
gi:20129277,gi:24663027,1,0.4986481083223461
gi:24656759,gi:28573879,1,0.5063589458821918
gi:20129291,gi:24642719,1,0.543278440904527
gi:19922794,gi:20128797,1,0.7064499637608874
gi:19920696,gi:28573010,1,0.5154295191592402
Q27350,gi:21355075,1,0.49008367319507723
P14734,gi:21358569,1,0.48770210898886557
gi:20129579,gi:22026831,1,0.48446733463780745
gi:20129859,gi:24664652,1,0.48446733463780745
gi:21358569,gi:24640689,1,0.4882112120688212
gi:24650814,gi:28571865,1,0.479400262449482
Q9V407,gi:17933748,1,0.47952739728314225
gi:17136692,gi:24649952,1,0.4760423124822439
gi:17137234,gi:28573879,1,0.505913289212876
gi:17864630,gi:24648981,1,0.4822512998324798
gi:24641357,gi:24668519,1,0.464788707869585
gi:20130085,gi:24648195,1,0.5506689729076801
gi:21358333,gi:24665661,1,0.49442914425401924
Q9VPS5,gi:24642256,1,0.5138758841223
gi:19921274,gi:24645058,1,0.5059769550431905
gi:24650575,gi:30923711,1,0.48542159084866054
O76924,gi:24581719,1,0.5915813215728786
gi:21357145,gi:24661359,1,0.49598397179806913
gi:24585358,gi:24665042,1,0.46905280172365305
gi:18859825,gi:24639715,1,0.610236983260086
gi:24582283,gi:28571108,1,0.4874475669505884
Q24404,gi:19921566,1,0.514920589764396
O16797,gi:24585236,1,0.5329903842588788
O16867,gi:21357365,1,0.47642349821988167
gi:21355117,gi:21357483,1,0.4856760774118486
gi:18859825,gi:20129437,1,0.49903015524002936
gi:19922896,gi:24664105,1,0.47015795010950984
gi:23397621,gi:24646737,1,0.4976929989102636
gi:18859989,gi:21356733,1,0.4588583675868776
P49905,gi:24648828,1,0.5104127255755073
gi:21358111,gi:23397621,1,0.4988391316117467
O16797,gi:24638995,1,0.5343848706150739
P02835,gi:24650192,1,0.4733214192617716
gi:24583965,gi:24646212,1,0.5467055439569813
gi:21357113,gi:24581976,1,0.48180615184957315
gi:24582598,gi:24657185,1,0.47215198436093847
P08182,gi:24645148,1,0.5169459993955754
O16797,gi:24641148,1,0.5328001865936627
Q24141,gi:24650979,1,0.5063589458821918
gi:19922918,gi:24656362,1,0.4631151325600446
gi:21355717,gi:24648409,1,0.47525331497100265
O44226,gi:24582306,1,0.5123856168469404
gi:18858231,gi:24581719,1,0.5926885501627921
P82147,gi:28574303,1,0.5013759959834883
P28159,P49905,1,0.5116855996444586
gi:17137620,gi:21355873,1,0.49274710111951964
gi:24646318,gi:24663861,1,0.5207509327316864
Q9VES1,gi:24661136,1,0.49896648066305704
gi:21358247,gi:24644498,1,0.4997573529311924
gi:24645769,gi:24655153,1,0.5607266133421073
gi:21357903,gi:24646365,1,0.512285104125482
Q24311,Q24564,1,0.6032773289391893
gi:18858055,gi:24655741,1,0.5295488181913174
gi:21355657,gi:28571660,1,0.5151750583959207
gi:28574726,gi:28575006,1,0.5154931331052306
gi:28574303,gi:30923558,1,0.5020764106792905
P82910,Q24404,1,0.5203962609908204
gi:19920688,gi:24640289,1,0.4974115306033014
P50887,gi:24582926,1,0.49261977872413315
gi:24646928,gi:24662753,1,0.49458325104052453
gi:21355719,gi:24668816,1,0.48120712330293913
P25867,P42325,1,0.4773397583355768
Q9U1M2,Q9W1C9,1,0.47072902102040937
P11455,gi:20129101,1,0.507977258337863
Q02361,gi:24644207,1,0.5077862813098631
Q9W1P7,gi:24646114,1,0.47066556488511446
O97067,gi:19922518,1,0.47965453476853637
gi:20129859,gi:24646318,1,0.5202423901352362
gi:21357365,gi:22024283,1,0.5472735559607802
gi:21355581,gi:24656982,1,0.48554883319356523
gi:20129745,gi:24581719,1,0.5920120215725856
gi:18858101,gi:24662518,1,0.4749357307467953
gi:18857963,gi:24582757,1,0.4972205116121447
gi:18859929,gi:24653562,1,0.47914600080300723
gi:17136258,gi:24584547,1,0.5344115196167195
gi:24642799,gi:24648574,1,0.4841225252826156
P41374,gi:24647050,1,0.4588583675868776
gi:21355379,gi:21356041,1,0.4928744244557245
gi:17738007,gi:24586270,1,0.49061964788337276
gi:17137220,gi:19922172,1,0.4807620441743187
P02824,P92208,1,0.5201152478900559
P55841,gi:24649797,1,0.4765505662584537
P18432,gi:24655577,1,0.5028672649065388
gi:21357511,gi:24584547,1,0.5359954979348214
gi:17137234,gi:24583799,1,0.47072902102040937
gi:24652852,gi:24657782,1,0.5109587737684081
gi:21358085,gi:24581719,1,0.5932418123816656
P18102,gi:21357479,1,0.47525331497100265
gi:17864328,gi:24665583,1,0.5654425538907113
O44437,gi:20129565,1,0.4676309039239403
gi:24648198,gi:24651939,1,0.495601949868782
P23757,gi:28571495,1,0.511022417834991
gi:22024201,gi:24650284,1,0.47591525675030316
gi:24656270,gi:24666879,1,0.4662095316823327
gi:24659210,gi:28574527,1,0.46905280172365305
gi:23397623,gi:24657684,1,0.5209683538746878
gi:17352479,gi:24642517,1,0.5799407419281645
gi:24585242,gi:24649646,1,0.5000120522426024
gi:24639715,gi:24653350,1,0.6079325147884782
gi:19921136,gi:24641919,1,0.4646619920502801
gi:24582592,gi:24650097,1,0.49598397179806913
gi:21357211,gi:24657671,1,0.5475259663156348
gi:20129129,gi:21687133,1,0.46040320164476556
Q05856,gi:21355163,1,0.5007392505923755
P18102,gi:17136732,1,0.5265756283630205
P92208,Q9VHP2,1,0.48710264062237485
Q9U1H9,gi:24646664,1,0.46040320164476556
gi:17647979,gi:18858137,1,0.5197973809135238
gi:24583929,gi:24644819,1,0.4908106065068743
gi:24584547,gi:24655187,1,0.534665003626939
Q02926,gi:17136728,1,0.47518979651655296
gi:24645887,gi:24653690,1,0.4734484080872377
gi:24649564,gi:24655555,1,0.4838044786345222
gi:18859961,gi:24650208,1,0.4930285192205198
P07207,gi:24584494,1,0.49300174871623864
gi:21358339,gi:24665821,1,0.4693065333002276
P48555,gi:24656486,1,0.5101950178466481
gi:21357171,gi:24650670,1,0.4588583675868776
Q24141,gi:24639581,1,0.5061042861202352
gi:19921140,gi:24653061,1,0.47946382953381966
Q9W1Y1,gi:21357761,1,0.661373881767302
gi:24642517,gi:28573486,1,0.5812431725211313
gi:24652842,gi:24663462,1,0.6140370855981976
Q9V6G5,gi:24651326,1,0.4588583675868776
gi:24646434,gi:24648401,1,0.4720885075012803
gi:17137074,gi:24663250,1,0.48982907664070174
gi:24656168,gi:24657218,1,0.4932195075901058
gi:18543215,gi:24640233,1,0.5127941823455014
P42003,gi:24641921,1,0.4982660629832431
gi:24581168,gi:24644057,1,0.48510349329049335
gi:20129301,gi:24646316,1,0.4646619920502801
gi:19921326,gi:24581787,1,0.47499924597793874
gi:24646420,gi:24652930,1,0.528570236970036
Q9W2N0,gi:24642021,1,0.4941744780087606
gi:24639687,gi:24664652,1,0.48589370159289147
gi:19920436,gi:24650914,1,0.4793366960321806
P19538,gi:24666434,1,0.5979460094266708
gi:21358615,gi:24581901,1,0.4885930554874974
gi:24586353,gi:24649452,1,0.46169558245287884
Q9VGS2,gi:18859929,1,0.47889174996038714
gi:24638774,gi:24646827,1,0.4822512998324798
gi:21355909,gi:24653649,1,0.5030213849557287
gi:19920344,gi:24645967,1,0.4762329018898217
P16163,gi:24646600,1,0.47370239602737785
gi:17737655,gi:24646928,1,0.4909379137491394
gi:24647685,gi:24657364,1,0.46336845532092935
gi:20130399,gi:21357181,1,0.5035039872991959
gi:24638691,gi:28571412,1,0.471898082345539
gi:20130085,gi:24583012,1,0.5505429277938728
gi:24640777,gi:24663462,1,0.6137956071393458
P16378,gi:24585027,1,0.4718346091081678
gi:24642261,gi:24657160,1,0.4720250315441346
gi:19922560,gi:24640599,1,0.47060210969803273
gi:17137238,gi:24647058,1,0.4678211325274112
gi:24641616,gi:24649007,1,0.48510349329049335
gi:18921145,gi:19921830,1,0.46769431241561893
gi:19920696,gi:20128797,1,0.7045448816924325
gi:20129291,gi:24586067,1,0.5435312208362895
gi:24642517,gi:24651526,1,0.5815531089204958
Q9VDD9,gi:28573544,1,0.46336845532092935
gi:20129227,gi:24655153,1,0.5600364050670021
gi:18860011,gi:24668309,1,0.5048946112500414
gi:24647385,gi:28574726,1,0.5145388723523313
P51123,gi:24650248,1,0.489192608627054
O77434,gi:24639396,1,0.45596063616678584
P48149,gi:30923655,1,0.4816789719849492
gi:20129291,gi:24656494,1,0.5434680279502465
gi:21357915,gi:24655474,1,0.4952199330746611
gi:24584835,gi:24586048,1,0.5347650927416581
gi:24641555,gi:24667285,1,0.5358688059648531
P08182,gi:24641946,1,0.5179635547792397
gi:24639508,gi:28573662,1,0.48710264062237485
gi:24583067,gi:24648198,1,0.5078130505239359
P16371,Q01070,1,0.48808393396461675
P13060,gi:18860545,1,0.5127941823455014
gi:24644819,gi:28574316,1,0.4744276382631677
gi:21357817,gi:24657782,1,0.5795684134897696
gi:24640164,gi:24641553,1,0.4618221871815267
gi:24581572,gi:24651939,1,0.5134941213446982
gi:24645446,gi:24657782,1,0.510767839445185
gi:21356083,gi:24642559,1,0.4631784614704943
gi:24640344,gi:24643052,1,0.46040320164476556
gi:21357761,gi:24651212,1,0.6604606092777134
gi:21357211,gi:24644250,1,0.5462005422362225
gi:17933748,gi:24664132,1,0.47946382953381966
gi:21358145,gi:24657619,1,0.4808256250541765
gi:18857963,gi:28574903,1,0.4969658208957055
gi:21357781,gi:24667117,1,0.5563140390076702
Q9V8K2,gi:17137758,1,0.48361365692638825
gi:21355917,gi:28573310,1,0.49807504104506517
Q9W5R8,gi:21355851,1,0.49880223271408647
gi:24582879,gi:24650348,1,0.49172854968600593
gi:17137760,gi:24646369,1,0.4938561494685987
gi:24583947,gi:24584039,1,0.48405891491580827
gi:24665583,gi:28573576,1,0.5650044147130311
Q9VCZ8,Q9VW56,1,0.46775772195078613
Q9VQQ9,gi:17985991,1,0.511022417834991
gi:21356355,gi:24582788,1,0.4588583675868776
Q9VNE9,gi:24654017,1,0.486275454651676
gi:18859807,gi:24644592,1,0.4716441948682319
gi:18858231,gi:24586562,1,0.48640270925189155
gi:17136846,gi:20129967,1,0.5049951753483469
gi:18543301,gi:21356211,1,0.4689259419269536
gi:17137616,gi:24641148,1,0.5490929464629546
P42325,gi:17136926,1,0.4780387867848435
gi:24650714,gi:28571447,1,0.4820605186346085
gi:24580731,gi:24663131,1,0.5286971689842423
gi:20129945,gi:20129967,1,0.5050588437444139
O44783,gi:24660872,1,0.531288350401085
gi:19921312,gi:24647498,1,0.6031554062137182
gi:24647609,gi:24652737,1,0.5224936619823867
gi:24647779,gi:24648643,1,0.49293808647147486
O96860,gi:24641792,1,0.5162196005231328
Q8INW0,gi:24583474,1,0.5721954512275222
P16378,gi:24650658,1,0.5058496231907856
gi:24640704,gi:28573034,1,0.47952739728314225
gi:19920906,gi:21358181,1,0.47215198436093847
gi:24583929,gi:24639806,1,0.49157446726083615
gi:24583067,gi:24645553,1,0.5088315652421938
gi:17998687,gi:24645621,1,0.48989272528980116
gi:21355799,gi:24646593,1,0.4673138771889561
gi:19920448,gi:22024255,1,0.46459863585035593
Q9VGX3,gi:24581572,1,0.5130487115681839
gi:24583803,gi:28573590,1,0.4976929989102636
P19538,Q9V8K2,1,0.5980072392936217
gi:20129291,gi:21355477,1,0.5434680279502465
gi:24652946,gi:24654441,1,0.5166648423220916
gi:21355851,gi:24582755,1,0.4976025503500713
P36241,gi:21357223,1,0.47667763733274543
gi:24647609,gi:24668551,1,0.5228749245846623
gi:24641097,gi:28574582,1,0.5435312208362895
gi:24639885,gi:24641480,1,0.5477152580487518
Q24564,gi:24582516,1,0.6029115223343535
gi:17647757,gi:21358161,1,0.49515626413954095
gi:24581089,gi:24668026,1,0.47066556488511446
P40796,gi:24657567,1,0.46633630189766906
Q8INW0,Q94981,1,0.5730680877594019
P55828,gi:24652882,1,0.4999483774101729
gi:19922030,gi:24646485,1,0.4660827658310667
gi:19922196,gi:24650013,1,0.4678211325274112
P54611,gi:24661689,1,0.47616937131540216
gi:24585242,gi:24659451,1,0.5373787326296978
P40427,gi:20129901,1,0.49223781734796823
gi:17137616,gi:24640959,1,0.5499756446893929
gi:20129369,gi:28571955,1,0.47506276201797604
P07183,gi:24655121,1,0.5177995160862581
gi:24643497,gi:30923655,1,0.47889174996038714
Q24400,gi:30923613,1,0.49341049793870834
gi:21356927,gi:24661136,1,0.4981387149647746
gi:21355365,gi:24652720,1,0.46163228194026457
gi:19920376,gi:21357913,1,0.46633630189766906
O16011,gi:17737881,1,0.5153022897693369
gi:18858125,gi:20129865,1,0.4957929602194035
gi:21356415,gi:24668338,1,0.47506276201797604
gi:17137760,gi:24650658,1,0.5048946112500414
P41093,gi:28573799,1,0.48329563139227283
gi:19923016,gi:21357677,1,0.48852941398119143
P49905,gi:24646440,1,0.5116219594027925
gi:17137488,gi:21357999,1,0.47196155649154103
Q9NJH0,gi:24648776,1,0.4895108383829366
gi:18860099,gi:21355719,1,0.4806348842858847
gi:24649952,gi:28571487,1,0.4765505662584537
gi:17137752,gi:24640704,1,0.49807504104506517
gi:19921254,gi:24585236,1,0.498520759678551
gi:24640164,gi:24647702,1,0.4618221871815267
gi:24639936,gi:24654828,1,0.4676309039239403
gi:24638845,gi:24640233,1,0.5440001001935038
gi:24586550,gi:24641831,1,0.620096463615977
O18640,P40427,1,0.4930285192205198
P23757,gi:24659060,1,0.5109587737684081
gi:24647508,gi:24655153,1,0.5607893479438513
gi:22024141,gi:24582212,1,0.5146661133963704
Q24564,gi:28574726,1,0.6010196965495987
gi:17647755,gi:28573310,1,0.4975019788251607
gi:24583929,gi:24645538,1,0.49125618696090756
gi:21358201,gi:24654636,1,0.47648703185867913
P17276,gi:21357023,1,0.5183082505638986
gi:24581425,gi:28574903,1,0.47053865546120077
Q9VQQ9,gi:24667207,1,0.5107041939698241
gi:18859833,gi:20129563,1,0.4748087027193688
gi:18857963,gi:24655153,1,0.5596598297784495
gi:17864444,gi:24659237,1,0.5598217337553186
gi:22024283,gi:24643702,1,0.561934633622635
Q9VEX9,gi:20129903,1,0.48069846391753707
P48461,gi:24642367,1,0.4760423124822439
gi:20128901,gi:21357417,1,0.5061042861202352
gi:19920978,gi:24638571,1,0.4808256250541765
gi:21357953,gi:21358161,1,0.4957929602194035
gi:17647281,gi:24668824,1,0.46775772195078613
gi:24642884,gi:24667330,1,0.5361221852588122
P23696,gi:24644214,1,0.5172640009469062
gi:24666579,gi:28572018,1,0.46627291624550604
P23696,gi:21355717,1,0.5176455843288211
gi:24647572,gi:24667246,1,0.4746181667960468
gi:24584296,gi:24640672,1,0.5169192543738098
gi:24581719,gi:28574406,1,0.5908426517792358
gi:21356727,gi:24641209,1,0.4891289637187816
gi:24646318,gi:24647905,1,0.5201152478900559
Q24564,gi:24580900,1,0.6025456006513825
P07487,gi:24640903,1,0.479400262449482
P49258,gi:24586270,1,0.4916012354114351
P50882,gi:17647723,1,0.5105132554697431
gi:21356313,gi:21357761,1,0.661373881767302
gi:18859635,gi:20129067,1,0.5149842076527191
gi:20128797,gi:24658772,1,0.7050218249589544
gi:21357875,gi:21358039,1,0.5020395122014557
gi:24586472,gi:24640599,1,0.4707924781018802
gi:24642799,gi:24644242,1,0.5351085574859192
P19538,P41044,1,0.5991700239707716
gi:24580513,gi:28574443,1,0.4888743876307544
gi:17137710,gi:24586562,1,0.48633908173039714
Q24117,gi:24663861,1,0.5192620245820493
gi:24642588,gi:24658370,1,0.4835500507494706
P48149,gi:28574150,1,0.4819969260615125
gi:19920424,gi:24644778,1,0.4692430989132719
gi:18859825,gi:24652268,1,0.4983297370778716
Q24297,gi:20129565,1,0.4675674964777814
Q9VGX3,gi:20128901,1,0.47778458452463574
gi:17137452,gi:24644214,1,0.4833592354248887
P42325,gi:24640777,1,0.4802534197386471
gi:17316365,gi:24655474,1,0.4959203011388392
P41093,gi:18859961,1,0.49223781734796823
gi:20130331,gi:24655170,1,0.4987117827110505
P39572,gi:20128797,1,0.706132948948838
gi:19922186,gi:24583724,1,0.47946382953381966
gi:19922260,gi:24653385,1,0.5296757211710378
gi:24585943,gi:24586621,1,0.5059769550431905
Q9VUJ0,gi:28558744,1,0.5227478399903834
gi:17864256,gi:24650814,1,0.479400262449482
Q9VGX3,gi:19923044,1,0.4775939403734235
gi:17737533,gi:18079297,1,0.513748631640055
gi:17933748,gi:18859851,1,0.4795909656953984
P13096,P13097,1,0.4969658208957055
gi:24667063,gi:28573427,1,0.5364021798135395
gi:21355641,gi:21357653,1,0.4943654774165341
gi:21358025,gi:24642628,1,0.4678211325274112
P21461,gi:24653385,1,0.527962213872077
Q9V4Q0,gi:28571934,1,0.464788707869585
gi:24650530,gi:28571660,1,0.5153659047132565
gi:19921976,gi:24656346,1,0.4720885075012803
gi:19921312,gi:28572120,1,0.6034601889708273
gi:21355681,gi:24643375,1,0.46905280172365305
gi:21355613,gi:24586311,1,0.4603399267953573
P07666,gi:20130125,1,0.5049951753483469
gi:24647638,gi:28573846,1,0.47816589218888617
gi:19922516,gi:24650658,1,0.5050856167185775
gi:19923028,gi:24650124,1,0.48703900836629754
P42287,gi:28573662,1,0.48589370159289147
Q95028,gi:21687092,1,0.5077226217927916
gi:24580914,gi:24645053,1,0.4955382800344423
gi:18858055,gi:28574675,1,0.4745546564612013
P54733,gi:20129061,1,0.4936651547190011
Q9U3Y5,gi:24657054,1,0.472278940779633
gi:18859713,gi:24663043,1,0.4773397583355768
Q24564,Q9Y0A7,1,0.6031554062137182
gi:17737655,gi:28573879,1,0.5058496231907856
gi:21357995,gi:24644242,1,0.535425347716552
P02824,gi:24644057,1,0.5201788193393718
Q9XZT0,gi:28573563,1,0.5463633837062547
gi:20129941,gi:24583827,1,0.48120712330293913
Q95YI5,gi:24656137,1,0.4573775353990873
gi:28573278,gi:28574742,1,0.5301832945603442
gi:24659829,gi:28573133,1,0.4602766532242645
gi:19922676,gi:24666442,1,0.46614614821017714
gi:21358165,gi:24656026,1,0.46775772195078613
gi:24643702,gi:24651265,1,0.5646287859807858
gi:24640804,gi:24652999,1,0.5167284461500689
gi:18859635,gi:24641935,1,0.5151114419705393
gi:21357875,gi:28571445,1,0.49309218178705144
gi:24640042,gi:24663043,1,0.47667763733274543
P34739,gi:24646369,1,0.47370239602737785
gi:19921140,gi:28573034,1,0.47952739728314225
gi:18858125,gi:24658086,1,0.49534727140793156
Q9V3P0,gi:18858235,1,0.4618854913935259
P91929,gi:24642543,1,0.49138349824473965
gi:19923032,gi:24645902,1,0.4674406847301457
gi:24642267,gi:24648690,1,0.4819969260615125
gi:20130085,gi:21356453,1,0.5509210436000702
gi:17933736,gi:28572980,1,0.4837408708709706
gi:21355617,gi:28574950,1,0.48180615184957315
gi:24581205,gi:24665297,1,0.47597878422759815
gi:17738153,gi:24645309,1,0.4781023391324111
gi:24642517,gi:24651179,1,0.5814291420724169
gi:21358455,gi:28573403,1,0.472278940779633
P48603,gi:24657891,1,0.4990938298484594
Q06559,gi:19920912,1,0.5591940048959441
gi:21355911,gi:28573563,1,0.5460477284101382
gi:19549546,gi:24666323,1,0.5124492524066964
gi:24639885,gi:24663035,1,0.5481568849907856
gi:24646530,gi:24657454,1,0.4588583675868776
gi:24582306,gi:24643634,1,0.5101581340291947
gi:24651006,gi:24659166,1,0.46459863585035593
gi:19921648,gi:24663336,1,0.48808393396461675
P29310,gi:17737425,1,0.5204598295360368
O02195,gi:24665229,1,0.49261977872413315
Q24423,gi:24650782,1,0.47525331497100265
gi:21355717,gi:24581838,1,0.4748087027193688
P00528,gi:24657023,1,0.512985079891801
Q01644,Q9V9S8,1,0.4990938298484594
gi:24646718,gi:24650658,1,0.5062316164054066
gi:18858161,gi:24581467,1,0.5648166096486475
P19538,gi:24583873,1,0.5985581703289875
gi:21356695,gi:24650284,1,0.47474518992717474
gi:17864128,gi:22024059,1,0.4644719268800854
Q23985,gi:24641732,1,0.534067988298564
gi:24645058,gi:28573817,1,0.5063589458821918
gi:24642563,gi:24666323,1,0.5123856168469404
gi:21687092,gi:24641578,1,0.5070860131888839
gi:17864274,gi:24642484,1,0.4805077269061795
gi:20129403,gi:21357099,1,0.46917966552016815
Q9VZS3,gi:21358103,1,0.47499924597793874
P11455,gi:24662384,1,0.507977258337863
gi:17137452,gi:24585795,1,0.49528360216481293
Q24117,gi:28572043,1,0.5189441151634289
gi:20128863,gi:28571965,1,0.5002667515477576
Q06559,gi:24665661,1,0.5583148668896866
gi:24583965,gi:24648127,1,0.5480307135722507
gi:24647885,gi:24667833,1,0.4856760774118486
P35415,gi:18858161,1,0.5643157053347311
gi:19921648,gi:24642867,1,0.468862513533619
Q9Y0I1,gi:24649671,1,0.4693065333002276
P11147,gi:19920776,1,0.5506324524625561
gi:19922186,gi:24585132,1,0.4861482018307892
gi:17137528,gi:19920866,1,0.4897017803338638
P19538,gi:24666933,1,0.5989253194975231
gi:17137296,gi:21358569,1,0.4876384728761682
gi:18858161,gi:24639687,1,0.5645035598926601
gi:24585205,gi:24663304,1,0.4689259419269536
gi:24643151,gi:28573467,1,0.4942381442918404
P82711,gi:24646114,1,0.47072902102040937
gi:22026843,gi:24659100,1,0.47927313028396695
O16797,Q24395,1,0.5348284591802595
P49258,gi:24647845,1,0.4930654111879525
gi:17137620,gi:20304109,1,0.49300174871623864
gi:21357669,gi:24664023,1,0.48684811412701606
P91928,Q960T2,1,0.4722154621210693
gi:24580731,gi:24581574,1,0.5282528908058854
P13008,gi:28573590,1,0.5066403733705759
Q9W5U2,gi:24582283,1,0.4885930554874974
gi:24641827,gi:24762726,1,0.49903015524002936
gi:19921140,gi:24639782,1,0.5159651650308186
P08175,gi:24649007,1,0.4847854078011314
gi:24642691,gi:24642884,1,0.5358688059648531
gi:24666818,gi:28573662,1,0.48703900836629754
gi:24643702,gi:24762418,1,0.5656928732783779
gi:20129291,gi:24658164,1,0.5434048336649363
gi:28571515,gi:28573466,1,0.5430256386806586
gi:18859717,gi:20128863,1,0.5005214507144757
gi:24581719,gi:28573264,1,0.5917043930968875
gi:17864162,gi:24666524,1,0.5029577123995497
gi:24647083,gi:24649452,1,0.4660827658310667
gi:22024201,gi:28574296,1,0.47648703185867913
gi:21355663,gi:28571519,1,0.4574407482118177
gi:17137700,gi:24654263,1,0.4780387867848435
gi:21356337,gi:24668563,1,0.525024798184445
gi:19921230,gi:21356211,1,0.4731944338878232
gi:24581602,gi:24646718,1,0.46336845532092935
gi:24640211,gi:24643761,1,0.4973478575195387
gi:24643731,gi:28571565,1,0.46750409007917304
gi:24652930,gi:24663292,1,0.5273642008670325
O61351,P48598,1,0.47047520217665556
Q9VG82,gi:21357145,1,0.4944928112721774
gi:24650124,gi:28573278,1,0.5290411682316081
gi:24645583,gi:24657782,1,0.5108951293465386
gi:24662431,gi:24762837,1,0.5016943671344528
P48603,Q9W1Y7,1,0.4982023889448557
gi:21355909,gi:28573173,1,0.5021031859412007
P17886,gi:24668309,1,0.5168187949174643
P10987,gi:28574893,1,0.5075953020094212
gi:21356767,gi:24654383,1,0.5153022897693369
gi:24655577,gi:24665583,1,0.5638146697172965
gi:24585813,gi:24649109,1,0.4878293824081545
gi:17136488,gi:24645058,1,0.5061679513628371
gi:24643303,gi:24667117,1,0.5556852780432857
O18404,gi:19921710,1,0.5149842076527191
gi:17137586,gi:24639685,1,0.47376589514408446
gi:19921976,gi:21355873,1,0.4646619920502801
gi:24656168,gi:24657684,1,0.5006755758873064
gi:24655474,gi:24656764,1,0.4959203011388392
gi:19920692,gi:24584067,1,0.490020023569051
Q9VHB6,gi:24667093,1,0.4602766532242645
gi:20130425,gi:28573729,1,0.48459456240755117
gi:24585079,gi:24586621,1,0.4806348842858847
Q24117,gi:19921842,1,0.5198342220603687
gi:24645581,gi:24654828,1,0.4732579261423368
gi:24581248,gi:24660075,1,0.4618221871815267
gi:19920866,gi:24647508,1,0.4895108383829366
gi:21358161,gi:24659272,1,0.4949015899906661
gi:24580731,gi:24655095,1,0.5287606336007372
Q9W3C1,gi:24585358,1,0.46917966552016815
P29742,Q27350,1,0.4893835454459258
P08182,P18432,1,0.5177727742382847
gi:17864176,gi:18859635,1,0.5153659047132565
gi:20129227,gi:24666524,1,0.5036581047869193
gi:24762745,gi:28571506,1,0.46472534939069793
gi:17864460,gi:21357019,1,0.47895531165100264
gi:21358201,gi:24586506,1,0.47661410141715826
Q9U405,gi:19921312,1,0.6027895612080714
gi:24585154,gi:24644638,1,0.4720885075012803
gi:24582370,gi:24646190,1,0.4646619920502801
gi:24665950,gi:28571481,1,0.4720250315441346
Q27350,gi:28573173,1,0.4886834593447673
P13582,P23938,1,0.4573775353990873
gi:21357593,gi:30923526,1,0.4648520674849171
Q9W3R7,gi:19920576,1,0.47591525675030316
gi:24655036,gi:24658110,1,0.47047520217665556
gi:24651451,gi:28573195,1,0.4748722163265905
gi:21357455,gi:21358201,1,0.4758517300524052
gi:17737503,gi:24639414,1,0.48237849017599793
gi:21355603,gi:24641689,1,0.5801007837434763
gi:20130425,gi:24654479,1,0.5009939491522167
gi:24585313,gi:24653245,1,0.4631151325600446
P10084,Q01069,1,0.473511903789185
P55828,gi:28573729,1,0.4993116295187536
gi:24584039,gi:24644242,1,0.5351085574859192
gi:24580513,gi:28573310,1,0.4976293254709811
gi:21355917,gi:24638894,1,0.47889174996038714
P15330,gi:24662048,1,0.5176087310865537
P41043,gi:21356265,1,0.47965453476853637
gi:24645869,gi:24658772,1,0.5004208768685546
gi:24667063,gi:28574764,1,0.5369088406639122
gi:20130357,gi:24640982,1,0.4587951245300378
P08175,gi:24666053,1,0.47591525675030316
gi:18859631,gi:24652686,1,0.46627291624550604
gi:17647155,gi:24656486,1,0.5103223139019596
P48149,gi:17737917,1,0.48250568280295253
P02517,gi:24640867,1,0.4841225252826156
gi:20130345,gi:24653649,1,0.503785447395466
gi:20129291,gi:24762688,1,0.5434680279502465
gi:24638845,gi:24654644,1,0.5450108252823441
gi:22026843,gi:24644059,1,0.47908243707436343
gi:24582006,gi:24651377,1,0.5166648423220916
gi:24644422,gi:28573830,1,0.4942381442918404
gi:17864572,gi:24639687,1,0.4867844835637715
gi:24640777,gi:24657344,1,0.48101637141167475
P17276,gi:24639904,1,0.5198977963736873
gi:17737425,gi:19922166,1,0.5219852711475259
gi:20129433,gi:24584719,1,0.4930654111879525
gi:24649039,gi:24659282,1,0.4618854913935259
P17276,gi:24654471,1,0.519325604602426
Q24338,gi:24645011,1,0.490020023569051
Q24404,gi:28573684,1,0.514920589764396
gi:20129291,gi:24663344,1,0.5430256386806586
O44783,gi:24654046,1,0.5318591386404485
gi:17986113,gi:19922100,1,0.49483792186167147
P07183,gi:20128797,1,0.7048628936269519
gi:21356003,gi:28573310,1,0.4983297370778716
gi:24585481,gi:24639304,1,0.4720250315441346
gi:24655153,gi:24667063,1,0.5579643972416745
gi:19922670,gi:24648044,1,0.47047520217665556
gi:24652999,gi:24663462,1,0.6123455641403306
gi:24640713,gi:24658772,1,0.5013123216111404
gi:24648981,gi:24663556,1,0.47778458452463574
Q24133,gi:24582210,1,0.5095317520956529
gi:21357969,gi:24583929,1,0.4910652221667652
gi:21357117,gi:21358115,1,0.46040320164476556
gi:24642799,gi:24647638,1,0.483232027900873
Q9VGS2,gi:21357761,1,0.6608603133629322
gi:24640672,gi:24652561,1,0.5169192543738098
gi:24655406,gi:24657160,1,0.46175888420063865
gi:24642021,gi:24666096,1,0.4936651547190011
gi:19920706,gi:20129369,1,0.5003941011566827
P20153,gi:24639926,1,0.4602766532242645
gi:24581314,gi:24585635,1,0.502930937598374
P07666,gi:24646318,1,0.5193523402760345
gi:24584798,gi:24641831,1,0.6195563037789785
O02194,gi:24647648,1,0.4602133809335008
gi:18860537,gi:24652071,1,0.4673772804327299
gi:17647979,gi:24584032,1,0.521005187969588
gi:19921122,gi:24640817,1,0.48316842495274526
gi:21356235,gi:21357495,1,0.47908243707436343
P21461,gi:24662159,1,0.5125128875629004
gi:18859837,gi:24583691,1,0.4632417915688056
gi:20130199,gi:24663511,1,0.47667763733274543
gi:20129433,gi:21358067,1,0.4930654111879525
P11420,gi:24650196,1,0.47370239602737785
gi:20129731,gi:21357495,1,0.47946382953381966
gi:17933676,gi:24650248,1,0.48989272528980116
gi:19922000,gi:24643530,1,0.46169558245287884
gi:24584043,gi:24640806,1,0.5103223139019596
gi:21355231,gi:24646827,1,0.4824420862050733
P17886,gi:24649499,1,0.5174547951824855
gi:19921312,gi:24643702,1,0.5989413198940428
Q9V9A8,gi:22026880,1,0.487166273296511
gi:24640959,gi:24664458,1,0.49943897898450546
Q9GU68,gi:17136412,1,0.4734484080872377
gi:24643439,gi:24649019,1,0.4574407482118177
gi:21355871,gi:24651599,1,0.47376589514408446
gi:24582096,gi:24658567,1,0.523092264600647
Q24400,gi:24645058,1,0.5048946112500414
gi:24643911,gi:24668519,1,0.4648520674849171
gi:24581719,gi:28573830,1,0.5930574178505613
P19538,gi:24762491,1,0.5988029487551516
gi:24649080,gi:24662356,1,0.47908243707436343
gi:24640566,gi:24642123,1,0.45892161196914727
gi:17137760,gi:24649499,1,0.493601490210603
gi:24581719,gi:24585943,1,0.591335144088863
gi:21356615,gi:28574582,1,0.5437207910787822
Q9NJH0,gi:24639541,1,0.4899563742666048
gi:17647335,gi:17647939,1,0.47066556488511446
P02843,gi:26080381,1,0.5084496303601072
Q8IGR0,gi:24641493,1,0.4968384761197015
gi:24650182,gi:24655228,1,0.5064226103122795
gi:24654479,gi:24659237,1,0.5580008001281671
gi:21358039,gi:24654874,1,0.5035039872991959
gi:19921422,gi:28571865,1,0.4631784614704943
gi:18860099,gi:24645887,1,0.4731944338878232
gi:17137732,gi:17933560,1,0.4707924781018802
gi:20129433,gi:24649183,1,0.5004845516488832
O96860,gi:20129301,1,0.5166012379541761
P19538,gi:24667974,1,0.5989253194975231
Q24133,gi:24661136,1,0.5076857314503429
gi:24659451,gi:24664697,1,0.5391511839204691
gi:18543215,gi:24585156,1,0.5115214393366642
gi:21356777,gi:24648078,1,0.46330512285295766
gi:24582339,gi:28571445,1,0.4974383056227531
gi:19921554,gi:24581901,1,0.4873839324530999
P07207,gi:17137572,1,0.5198609555993167
gi:24643822,gi:28574529,1,0.49185586503345
gi:24640005,gi:24647143,1,0.4928107626710516
Q27324,gi:24651454,1,0.46769431241561893
gi:24580841,gi:24585681,1,0.4807620441743187
gi:24580674,gi:24639569,1,0.4693065333002276
Q9VD25,gi:24584828,1,0.489192608627054
Q8INW0,gi:19921036,1,0.5728811323102027
gi:17137764,gi:24640631,1,0.4676309039239403
P19538,gi:24639681,1,0.5987417587636595
gi:17136378,gi:24762779,1,0.48497625763208596
gi:21357871,gi:24585051,1,0.47066556488511446
gi:18857963,gi:24639659,1,0.4974752037710212
gi:19920932,gi:24656644,1,0.49293808647147486
Q9VVT2,gi:24641042,1,0.4602133809335008
gi:19920978,gi:24653514,1,0.48088920655505735
gi:17137344,gi:24582858,1,0.4882748516952044
gi:18543285,gi:24640430,1,0.5482099391409618
gi:17864566,gi:17986187,1,0.5064862745340786
Q9VRJ8,gi:24651589,1,0.4618854913935259
gi:21357363,gi:24654677,1,0.46911623312295053
gi:20130199,gi:28574582,1,0.5428360224607209
Q24117,gi:19922680,1,0.5198977963736873
gi:17737805,gi:28573207,1,0.48982907664070174
P11147,Q24570,1,0.5013759959834883
gi:21356741,gi:21357023,1,0.4940471460114556
P09083,gi:24655341,1,0.4707924781018802
gi:24650248,gi:24655047,1,0.4901473231426219
P18289,gi:24638625,1,0.5029946101951451
P00528,gi:24655741,1,0.5278987377334197
gi:24646766,gi:24662765,1,0.4603399267953573
O01382,gi:24643666,1,0.46769431241561893
gi:21356739,gi:24648828,1,0.5044221527411907
gi:17737655,gi:24584736,1,0.4716441948682319
P46824,gi:24644422,1,0.49372881943284236
gi:24585331,gi:24661685,1,0.4693065333002276
gi:24644888,gi:24762594,1,0.4824420862050733
P50887,gi:24646073,1,0.49198318143726205
P08182,gi:24655741,1,0.527708303912991
gi:24650202,gi:24762566,1,0.4945564784689445
gi:24582048,gi:24662729,1,0.5005214507144757
gi:24580712,gi:24659221,1,0.4675674964777814
gi:24642588,gi:24665132,1,0.47908243707436343
gi:24643375,gi:24661662,1,0.4689893713243094
gi:24762383,gi:28572963,1,0.4775939403734235
gi:28573466,gi:28573893,1,0.5422038790487533
gi:24584039,gi:24655741,1,0.5291680863950684
gi:24583470,gi:24762726,1,0.4989028061196077
P22807,gi:24665583,1,0.5651922011218836
gi:24641616,gi:24652101,1,0.4955382800344423
gi:17137692,gi:24641042,1,0.5018853891820618
O44424,gi:24639715,1,0.6101158171040177
gi:24586098,gi:28573264,1,0.4974115306033014
P22058,gi:24647942,1,0.4806348842858847
P02824,gi:24654441,1,0.5188436848395168
Q9NJH0,gi:24647905,1,0.48881074450532014
gi:17136646,gi:28574920,1,0.4792095652068921
gi:21687037,gi:28573491,1,0.46472534939069793
P16371,Q27350,1,0.48874710174263747
gi:24639715,gi:24641781,1,0.6113873811832639
gi:21356337,gi:21357211,1,0.5451902545508692
Q02360,gi:24666096,1,0.4773397583355768
gi:17137802,gi:24647779,1,0.4930654111879525
gi:17136720,gi:21358247,1,0.5000120522426024
Q24180,gi:24644165,1,0.46305180483947705
gi:24651564,gi:24667569,1,0.4692430989132719
Q9NIP6,gi:24582598,1,0.472278940779633
gi:18543225,gi:20129721,1,0.46633630189766906
P48149,gi:24585236,1,0.4979476933950219
P82910,gi:24645300,1,0.5216039480712381
gi:24638609,gi:24650420,1,0.49534727140793156
gi:19920866,gi:24662650,1,0.489065319162954
gi:17137752,gi:30923613,1,0.4978840196688184
Q9VVF3,gi:24648281,1,0.46336845532092935
P17276,gi:24649692,1,0.5198977963736873
gi:21355909,gi:24642884,1,0.5342847709382198
P08646,gi:19920776,1,0.552144504739482
gi:21356973,gi:24638976,1,0.4674406847301457
gi:17137752,gi:24655187,1,0.4974383056227531
P15330,Q03017,1,0.5182446608082897
gi:18859825,gi:24584536,1,0.4989028061196077
gi:24583234,gi:24585242,1,0.500203076729284
gi:20129853,gi:24664423,1,0.46769431241561893
gi:24585795,gi:24586133,1,0.4959203011388392
gi:17986155,gi:24648294,1,0.5116219594027925
Q9VIU7,gi:24585236,1,0.4990938298484594
gi:19921242,gi:24585156,1,0.513812258105013
gi:19920350,gi:28573740,1,0.47506276201797604
gi:24657153,gi:24762506,1,0.472278940779633
Q9VX09,gi:24641689,1,0.5804109552974765
gi:18858949,gi:28572090,1,0.46169558245287884
gi:24648981,gi:24650786,1,0.465956004360092
gi:21357017,gi:24658577,1,0.46601938454702924
gi:24646114,gi:28571396,1,0.5460477284101382
gi:24649646,gi:24654522,1,0.4746816779520526
gi:17137252,gi:24640268,1,0.4720885075012803
O18640,Q8T0S6,1,0.5063857172627615
gi:19922144,gi:24664458,1,0.49880223271408647
gi:21358507,gi:24652897,1,0.5345749867008487
gi:21355547,gi:21356511,1,0.4588583675868776
gi:24651451,gi:24655888,1,0.4867844835637715
P54733,gi:24643530,1,0.4780387867848435
gi:19921250,gi:24639448,1,0.4893835454459258
gi:20129277,gi:24582294,1,0.519516340899906
O44783,gi:24640353,1,0.5301097646297221
gi:24650124,gi:24663228,1,0.48608457609274186
Q9VPS5,gi:24585803,1,0.5139395096898574
gi:21358631,gi:24659237,1,0.559382343520027
gi:21357853,gi:24640510,1,0.4869117451165584
O18640,gi:24665661,1,0.49296485688007036
gi:21358555,gi:28571447,1,0.48218770552214707
gi:17864460,gi:24582858,1,0.4793366960321806
O16011,gi:24640233,1,0.5142843846265333
Q9GU68,gi:28574707,1,0.48640270925189155
P42287,P51123,1,0.48472179217415284
gi:24584835,gi:24647909,1,0.5348284591802595
gi:24585242,gi:28573427,1,0.49918428014231314
gi:21356401,gi:21357915,1,0.4767411740031681
gi:17864154,gi:20128797,1,0.706555590935899
gi:17136294,gi:17933604,1,0.47927313028396695
gi:21357669,gi:24650202,1,0.49328317082250106
gi:24640704,gi:28574949,1,0.47914600080300723
P18105,gi:24583358,1,0.4574407482118177
gi:24584938,gi:24639715,1,0.6119923566244375
gi:19920406,gi:24641921,1,0.4980113671877925
gi:21356595,gi:24649158,1,0.5031487297720287
gi:24654578,gi:28574296,1,0.47499924597793874
P18459,gi:24648549,1,0.4837408708709706
gi:20129077,gi:21356157,1,0.4631784614704943
gi:19922820,gi:24660188,1,0.4720885075012803
Q9V5C6,gi:19922922,1,0.4574407482118177
gi:21355777,gi:24647831,1,0.4588583675868776
Q01644,gi:17136854,1,0.4978840196688184
gi:24644739,gi:24645285,1,0.4602133809335008
gi:20129709,gi:24584043,1,0.511022417834991
P52295,gi:24650311,1,0.49924795481833684
P10333,gi:24657292,1,0.46614614821017714
O44783,gi:17136778,1,0.531732303961603
gi:24641449,gi:24654765,1,0.4826328776969024
P07187,gi:24646318,1,0.5199245296419186
gi:17647677,gi:24643516,1,0.5181543300829916
gi:21356797,gi:24645419,1,0.4826328776969024
gi:24650248,gi:24654944,1,0.48989272528980116
O02195,gi:18860545,1,0.4836772636342405
gi:21356031,gi:24655366,1,0.4867844835637715
P55162,gi:17933736,1,0.4841225252826156
gi:20128797,gi:24585169,1,0.7063971418408491
gi:24661166,gi:24664154,1,0.46472534939069793
Q24141,gi:24586373,1,0.5063589458821918
gi:19922440,gi:28572036,1,0.4909379137491394
gi:24639740,gi:24650356,1,0.47300396233422687
Q9VCR6,gi:21356815,1,0.4981387149647746
gi:20128985,gi:24662729,1,0.49924795481833684
gi:24582598,gi:24655905,1,0.472278940779633
gi:21357387,gi:24656564,1,0.4678211325274112
O16011,gi:21355597,1,0.5149842076527191
Q24260,gi:20130085,1,0.5502277866476272
gi:24640353,gi:24667258,1,0.5323296913675016
gi:21355331,gi:24657218,1,0.4942381442918404
gi:19922106,gi:24650873,1,0.47066556488511446
gi:17136212,gi:24661826,1,0.4807620441743187
gi:24640353,gi:24641156,1,0.5319492209324026
gi:20428641,gi:28574726,1,0.5140298894935628
gi:24582212,gi:24585112,1,0.5153659047132565
gi:24646199,gi:24655121,1,0.5184990162642212
P19109,gi:17137642,1,0.4819969260615125
P42325,gi:24668824,1,0.4777210357523458
gi:21358081,gi:24642691,1,0.4748087027193688
P11455,gi:24642517,1,0.5796925330511171
Q95RI5,gi:17647979,1,0.5211323115160273
P05389,gi:24654595,1,0.5190076982825403
gi:19922670,gi:24662830,1,0.47908243707436343
P45594,gi:24639124,1,0.4702213986020737
gi:24644994,gi:28574153,1,0.4603399267953573
gi:24585205,gi:24640973,1,0.48659359445242034
Q9VEX9,gi:24646009,1,0.4803805720516263
gi:24641831,gi:24667521,1,0.6203964240151316
gi:24581155,gi:24640353,1,0.5325833174661672
gi:24581787,gi:24641689,1,0.5801628231246221
gi:24580543,gi:24663802,1,0.49157446726083615
gi:20130281,gi:24580799,1,0.4693065333002276
gi:21355917,gi:24656644,1,0.49211049888093694
Q9VJV9,gi:24647570,1,0.46614614821017714
P17704,gi:20129907,1,0.4718346091081678
P17917,gi:17136852,1,0.46775772195078613
gi:24581314,gi:24647285,1,0.502930937598374
Q27350,gi:21357321,1,0.490020023569051
gi:21356561,gi:24643586,1,0.4704117498464338
gi:24585074,gi:24639649,1,0.47506276201797604
gi:24581719,gi:24651524,1,0.5929959471767877
gi:24644714,gi:28574516,1,0.4692430989132719
gi:24582212,gi:24647557,1,0.5153022897693369
gi:24642261,gi:24644390,1,0.4718346091081678
gi:21356743,gi:24651507,1,0.5317957218146014
gi:18858225,gi:24641790,1,0.5138758841223
gi:18857963,gi:19922430,1,0.4974115306033014
gi:17137652,gi:24648397,1,0.46040320164476556
gi:21356453,gi:24655153,1,0.561228435654096
gi:19922726,gi:20129485,1,0.4730674519817267
P08879,gi:24640903,1,0.46750409007917304
gi:22026840,gi:24663462,1,0.6147611839296344
gi:17137696,gi:21357129,1,0.4973478575195387
gi:24582283,gi:24642363,1,0.4875112018549693
gi:21357455,gi:21358375,1,0.47661410141715826
gi:21356995,gi:24586086,1,0.49753887702063293
gi:20129885,gi:24646737,1,0.4885930554874974
gi:24581582,gi:24650208,1,0.49442914425401924
P07666,gi:18859949,1,0.5049951753483469
gi:19921002,gi:24583067,1,0.5081950015980202
gi:18859859,gi:24659188,1,0.4689893713243094
Q9VCH4,gi:24639760,1,0.45892161196914727
gi:24647609,gi:24762779,1,0.5222394723243923
gi:24584327,gi:24762582,1,0.47512627886486236
gi:28573207,gi:28574472,1,0.4895108383829366
gi:24639301,gi:28574303,1,0.5194794979085298
gi:24644675,gi:24665761,1,0.4850398752188845
gi:20130247,gi:24641790,1,0.5131759736500157
gi:19922668,gi:24667063,1,0.5373521064344139
P02835,gi:24651028,1,0.4849126405321557
gi:21355717,gi:24581314,1,0.5027399192459358
gi:21357075,gi:24640672,1,0.5169192543738098
gi:19923044,gi:24642884,1,0.5356787593340934
gi:24649980,gi:24654082,1,0.4676309039239403
gi:24642884,gi:24654471,1,0.5356787593340934
gi:19921246,gi:21357023,1,0.4944928112721774
gi:24639715,gi:24665229,1,0.6104792747368902
gi:17864238,gi:24665958,1,0.4702213986020737
gi:24653432,gi:24654441,1,0.5169192543738098
Q24564,gi:24650937,1,0.603338285492335
gi:24585313,gi:24640119,1,0.4853579703838712
gi:24655606,gi:28574432,1,0.4773397583355768
gi:19921116,gi:24658342,1,0.49877545714153926
gi:21357169,gi:21357761,1,0.6615449868780797
gi:24642267,gi:24642543,1,0.4904923436516983
gi:21356743,gi:24583134,1,0.5306540452760715
gi:21357455,gi:24648461,1,0.49671113175386816
gi:18859983,gi:24639304,1,0.472278940779633
gi:18860537,gi:24665297,1,0.4762329018898217
P55828,gi:24585384,1,0.500203076729284
gi:20128797,gi:24652438,1,0.706132948948838
gi:21356041,gi:24644675,1,0.49185586503345
Q9VD25,gi:24645058,1,0.5055949572259497
Q01820,gi:24655153,1,0.561228435654096
Q8T0S6,Q9Y0A7,1,0.5077226217927916
gi:24581465,gi:24585154,1,0.47158072528577577
gi:20130169,gi:24583799,1,0.46775772195078613
gi:19922670,gi:24645053,1,0.49547461034481094
gi:21357537,gi:24650248,1,0.48963813268024886
P10987,gi:24581061,1,0.5070223510305717
gi:24655606,gi:24663246,1,0.5190076982825403
gi:21355643,gi:24646440,1,0.4952199330746611
gi:24644119,gi:28573195,1,0.4745546564612013
gi:24651935,gi:26080381,1,0.5089588746005982
Q27415,gi:24651247,1,0.47215198436093847
gi:19920776,gi:24649648,1,0.5523964205049877
gi:24586096,gi:24647864,1,0.4618854913935259
gi:24646860,gi:24655502,1,0.4905559956144278
gi:24644504,gi:24667211,1,0.49157446726083615
gi:17137700,gi:24658721,1,0.4777210357523458
P15330,Q8IGR0,1,0.5181810704616872
gi:21355361,gi:21355973,1,0.4793366960321806
gi:18859891,gi:21357417,1,0.5056586239945015
gi:24585452,gi:28574406,1,0.5184086889120203
gi:19922274,gi:24651238,1,0.48348644510554384
gi:21687233,gi:24667089,1,0.513812258105013
gi:20129527,gi:24651498,1,0.4853579703838712
gi:21356709,gi:28574726,1,0.5153659047132565
gi:24585610,gi:24644214,1,0.48405891491580827
gi:21356517,gi:21358205,1,0.4678211325274112
P29746,gi:19922206,1,0.47053865546120077
gi:24639782,gi:24666790,1,0.5160923838198354
gi:24661625,gi:24665205,1,0.49119253174324984
P18502,gi:24655850,1,0.5498495640734863
gi:24650248,gi:24659237,1,0.5585032845730596
gi:17136608,gi:24586240,1,0.46601938454702924
gi:17530793,gi:24650829,1,0.4720885075012803
Q8MSF5,gi:17647723,1,0.5089856417083176
Q24570,gi:28573937,1,0.471898082345539
gi:24581976,gi:24645869,1,0.49372881943284236
gi:21355807,gi:21356221,1,0.47047520217665556
gi:24585215,gi:24640905,1,0.46905280172365305
gi:17136826,gi:21357875,1,0.4901740885034613
P23696,gi:24649158,1,0.5163735621871988
gi:24659829,gi:28573140,1,0.4602766532242645
O76924,gi:24664627,1,0.5004577759430034
Q27324,gi:24649499,1,0.4795909656953984
gi:18859971,gi:21356061,1,0.47816589218888617
gi:24643761,gi:24652930,1,0.5271102573538675
P35421,gi:17530817,1,0.49300174871623864
gi:17981711,gi:24645684,1,0.46040320164476556
gi:17737425,gi:21355163,1,0.5216039480712381
gi:17137488,gi:24666694,1,0.4790188740230116
gi:19921442,gi:24663228,1,0.4810799547633045
gi:20128841,gi:21358201,1,0.4803169955764136
gi:17864162,gi:24651395,1,0.5043584828179632
gi:17316358,gi:21355441,1,0.4618221871815267
Q24533,gi:24582212,1,0.514920589764396
gi:20129903,gi:24647609,1,0.5224301156549537
gi:24582926,gi:24665132,1,0.4792095652068921
P13607,gi:24657306,1,0.49462014584225605
gi:24581774,gi:28573729,1,0.48542159084866054
gi:17352479,gi:24640430,1,0.5224568374358373
gi:19921802,gi:24648905,1,0.4718346091081678
gi:17933624,gi:24643110,1,0.4957292899633274
P02824,gi:17137692,1,0.5194794979085298
Q07327,gi:28571108,1,0.4836772636342405
gi:24655741,gi:26080381,1,0.5280891634349255
gi:24661936,gi:28574439,1,0.46633630189766906
gi:19921950,gi:24648826,1,0.4631151325600446
P12982,gi:24642282,1,0.487166273296511
gi:24584798,gi:24649221,1,0.4780387867848435
P55841,gi:21357147,1,0.47597878422759815
O18405,gi:24644274,1,0.4674406847301457
Q01642,gi:24644093,1,0.4993116295187536
P50887,gi:24646737,1,0.49172854968600593
P07181,gi:21357495,1,0.48316842495274526
gi:23397623,gi:24645887,1,0.5221759231049473
gi:21356337,gi:24642233,1,0.5245166498129853
gi:17137696,gi:24655888,1,0.49626542994205225
gi:17137016,gi:24647885,1,0.4856760774118486
gi:21357677,gi:24663481,1,0.48808393396461675
P10987,gi:24643447,1,0.5355786960755926
gi:18858125,gi:24646928,1,0.49458325104052453
gi:19922294,gi:24584153,1,0.46336845532092935
Q9V411,gi:22024059,1,0.46459863585035593
gi:19922844,gi:24643822,1,0.48561245506956374
gi:19920688,gi:24651703,1,0.5062583879580432
gi:21357505,gi:24649971,1,0.4603399267953573
gi:17647155,gi:28571503,1,0.47215198436093847
gi:20128797,gi:24668338,1,0.706502780126183
gi:21356995,gi:24663470,1,0.49753887702063293
gi:24643578,gi:28572053,1,0.4678211325274112
P54356,gi:24652999,1,0.5166012379541761
O02649,Q05856,1,0.5019490630783784
gi:20128797,gi:21358077,1,0.7060800937179439
gi:24658567,gi:28574555,1,0.5235370192663951
gi:17137694,gi:19921296,1,0.4587951245300378
gi:24651265,gi:24659237,1,0.5587544819390147
gi:24645476,gi:24646312,1,0.47591525675030316
P23696,gi:24643702,1,0.5631881920565134
gi:24644422,gi:24657782,1,0.5093675619959919
P08175,gi:24638982,1,0.47642349821988167
gi:21357037,gi:24583208,1,0.4731944338878232
Q24337,gi:17647815,1,0.47357540034788576
gi:19920594,gi:21355643,1,0.49566561984576524
Q01642,gi:28558744,1,0.5216675036778301
gi:17136864,gi:24653463,1,0.4811435387277439
gi:21355799,gi:24580841,1,0.4673772804327299
gi:24641555,gi:24656644,1,0.5347283718370959
gi:23397524,gi:24641831,1,0.6192560869386412
O18388,gi:24646001,1,0.47946382953381966
gi:24653459,gi:24659367,1,0.4775939403734235
gi:22024283,gi:24643052,1,0.5479676255466754
gi:24581719,gi:24646312,1,0.5925655710228431
gi:17136830,gi:24654899,1,0.4807620441743187
gi:24645384,gi:24652621,1,0.48561245506956374
P48602,gi:24668091,1,0.4603399267953573
Q24210,gi:24656574,1,0.4792095652068921
gi:17137216,gi:24583012,1,0.4689893713243094
Q05856,gi:21355219,1,0.5012486471962264
gi:21357113,gi:24585582,1,0.48256927996758076
gi:24648294,gi:24663372,1,0.5121947077669629
P82147,gi:24641148,1,0.5028672649065388
gi:24648549,gi:24655245,1,0.49119253174324984
gi:24640119,gi:24656749,1,0.48561245506956374
P42207,gi:17137572,1,0.5211958722639414
P16378,gi:24582205,1,0.48497625763208596
gi:19922106,gi:24663292,1,0.49100156781206356
gi:17137444,gi:19920776,1,0.5522074861952341
gi:18858125,gi:24655474,1,0.49439224976204055
gi:24666394,gi:28571515,1,0.4775303937708891
P14734,Q01642,1,0.48472179217415284
gi:24659210,gi:24663336,1,0.4884021320862288
O46084,gi:24646105,0,0.4675674964777814
gi:18860011,gi:19920568,0,0.5062952812458795
gi:24583485,gi:24656168,0,0.4884657728467483
gi:24649301,gi:24662356,0,0.4707924781018802
Q24106,gi:24658883,0,0.4662095316823327
gi:24639988,gi:24648549,0,0.49119253174324984
gi:24585795,gi:28574675,0,0.49541094080195247
gi:19920738,gi:24762779,0,0.4720885075012803
O61443,gi:28574539,0,0.4704117498464338
P11455,gi:17137710,0,0.50721333681406
gi:24644422,gi:24656168,0,0.4932195075901058
gi:17738153,gi:24643516,0,0.5175183921328094
gi:24639715,gi:24668704,0,0.6113268647265697
gi:24649250,gi:28571396,0,0.5457951775045315
gi:19921006,gi:24651451,0,0.46472534939069793
P46824,Q8INW0,0,0.5722577973738054
gi:17864460,gi:24646516,0,0.4795909656953984
Q9XTM1,gi:24668076,0,0.5048041691963638
gi:24582016,gi:24585943,0,0.5065499385455252
gi:24646839,gi:28572965,0,0.4648520674849171
gi:19922196,gi:24643634,0,0.5105132554697431
Q05856,gi:24656280,0,0.5020764106792905
gi:21955276,gi:24638862,0,0.4872566646870411
gi:24649646,gi:24659367,0,0.4702213986020737
gi:17865634,gi:20128863,0,0.5000120522426024
gi:17136732,gi:24643817,0,0.5268930923140813
P05389,gi:28573846,0,0.47816589218888617
P29310,gi:24641921,0,0.5121578305468968
Q94516,gi:24585277,0,0.47370239602737785
gi:20130151,gi:21355581,0,0.4888743876307544
gi:24581429,gi:24653364,0,0.48120712330293913
gi:21357743,gi:21358247,0,0.5002667515477576
gi:20129433,gi:24581558,0,0.4931290738845526
gi:21357653,gi:28574920,0,0.493601490210603
Q94516,gi:21357365,0,0.47597878422759815
P54357,gi:21356815,0,0.4777210357523458
P23792,gi:21358247,0,0.49937530424149823
gi:24647942,gi:24650873,0,0.46917966552016815
gi:21358401,gi:24650658,0,0.5063589458821918
gi:24580817,gi:24652386,0,0.48963813268024886
gi:24582383,gi:24665132,0,0.48316842495274526
gi:24639782,gi:28571908,0,0.5166012379541761
gi:18859803,gi:24585156,0,0.5139395096898574
gi:17998687,gi:28573512,0,0.4895108383829366
gi:19921312,gi:21358077,0,0.6027895612080714
gi:24638766,gi:24661685,0,0.4895744853625859
gi:24643761,gi:24660176,0,0.4972205116121447
P06002,Q9VZS3,0,0.47648703185867913
Q9VAW0,gi:28573691,0,0.46163228194026457
gi:24584251,gi:24662753,0,0.49547461034481094
gi:21356915,gi:24653988,0,0.46336845532092935
gi:19921250,gi:21355789,0,0.4901473231426219
Q9VNE9,Q9W5U0,0,0.4767411740031681
gi:24642633,gi:28558748,0,0.5019490630783784
gi:24650084,gi:28573544,0,0.4913198424620919
gi:21355163,gi:24651212,0,0.48589370159289147
Q27297,gi:24646212,0,0.48881074450532014
gi:24639183,gi:24646607,0,0.4603399267953573
gi:17136994,gi:17647523,0,0.5078499405744411
P08182,P50887,0,0.5168823974300053
gi:18858161,gi:24649214,0,0.5645035598926601
gi:18543225,gi:24648619,0,0.46633630189766906
gi:17647653,gi:21357875,0,0.4913198424620919
P11455,gi:28571356,0,0.5073406595035473
P29310,gi:24665157,0,0.5139395096898574
gi:24641561,gi:24646440,0,0.4788281889532162
gi:24638750,gi:24663556,0,0.5011212982469618
gi:17136212,gi:24645115,0,0.48095278867490776
gi:24651185,gi:24655053,0,0.5055949572259497
Q9V7P1,gi:24657877,0,0.4588583675868776
gi:20129369,gi:24639438,0,0.46040320164476556
gi:19920922,gi:24653649,0,0.5043584828179632
gi:17530793,gi:22026831,0,0.48399530506553823
P08182,gi:24580731,0,0.526221345443514
O76767,gi:24581314,0,0.5034403155372799
gi:18858125,gi:24582746,0,0.5048309424402851
gi:24641129,gi:24666886,0,0.4779116842246285
gi:17737302,gi:24638766,0,0.4895744853625859
gi:24640855,gi:24646611,0,0.48944719174336265
gi:19921294,gi:24638774,0,0.47778458452463574
gi:24644422,gi:24660872,0,0.4940471460114556
gi:21356521,gi:24650924,0,0.47667763733274543
P54353,gi:24582172,0,0.4760423124822439
gi:17648033,gi:21357677,0,0.48865669736360484
gi:24651671,gi:28573401,0,0.5048041691963638
Q8T053,gi:24644016,0,0.4853579703838712
gi:24639659,gi:24646410,0,0.46472534939069793
gi:21687092,gi:24655034,0,0.5069586886445283
P07668,gi:24664026,0,0.4574407482118177
P25843,gi:24642882,0,0.470348298472572
gi:21358247,gi:24650658,0,0.5046399350791871
gi:17136948,gi:17137184,0,0.47648703185867913
Q9W5R8,gi:24642267,0,0.49943897898450546
gi:17137572,gi:17738153,0,0.5204966667431411
gi:24641790,gi:24646440,0,0.5131123428216087
O76924,gi:18860099,0,0.5000120522426024
gi:18858137,gi:21357871,0,0.49398348030135913
gi:20129789,gi:21355815,0,0.47357540034788576
P17205,gi:18921171,0,0.488147572824605
gi:21358569,gi:24580631,0,0.48852941398119143
gi:17647557,gi:19921710,0,0.5154931331052306
gi:17648053,gi:19920436,0,0.4950925953615167
gi:17864630,gi:23397623,0,0.5217946127845103
gi:24583294,gi:24655153,0,0.5603501650457466
gi:19921904,gi:21358485,0,0.4732579261423368
O18640,gi:24582628,0,0.49398348030135913
gi:24650248,gi:24663462,0,0.613433284488037
gi:24650072,gi:24654082,0,0.46775772195078613
Q9VTF9,gi:24665657,0,0.4943018107617864
gi:19922030,gi:21357269,0,0.46601938454702924
gi:21356299,gi:24762594,0,0.4826328776969024
gi:24762808,gi:28558744,0,0.5227478399903834
gi:19920604,gi:20129705,0,0.4718346091081678
Q8T0S6,gi:17137700,0,0.5070860131888839
gi:18543215,gi:24645053,0,0.512285104125482
P18289,gi:24651703,0,0.5074679812408373
gi:24647247,gi:24660416,0,0.5167920494360516
gi:21357677,gi:24660182,0,0.48795665740556615
P02824,Q24251,0,0.5208144975541624
gi:24580809,gi:24584030,0,0.48348644510554384
gi:21357215,gi:24583919,0,0.4673772804327299
P20483,gi:24649904,0,0.470348298472572
gi:21356743,gi:24640362,0,0.5314151993604663
gi:17647581,gi:19922100,0,0.49477425390009555
gi:24642567,gi:28572043,0,0.4797181045005047
P54399,gi:24640268,0,0.4720250315441346
gi:24659272,gi:24662483,0,0.48405891491580827
gi:17137168,gi:24648463,0,0.5017580412080337
gi:18858039,gi:24648936,0,0.46040320164476556
Q24564,gi:21357833,0,0.6033992388367889
gi:24581572,gi:24584835,0,0.5323563550598843
gi:17137760,gi:24643386,0,0.4944928112721774
P31009,gi:28574920,0,0.4861482018307892
P13097,P55841,0,0.49671113175386816
gi:20129129,gi:21355865,0,0.4646619920502801
gi:17136920,gi:24641921,0,0.4977566724243741
gi:24584828,gi:24644051,0,0.48982907664070174
O16011,gi:19920448,0,0.5152386743295391
gi:21358631,gi:24663336,0,0.48808393396461675
gi:19921002,gi:24646232,0,0.4869117451165584
gi:24581628,gi:24642808,0,0.4797181045005047
gi:19922640,gi:24651791,0,0.48561245506956374
P36975,gi:17136588,0,0.4603399267953573
gi:21358101,gi:24653385,0,0.5285334581888759
gi:20128985,gi:24642235,0,0.48659359445242034
P19538,gi:24648397,0,0.5989865002448987
P30052,Q9V6A9,0,0.4648520674849171
gi:24583436,gi:24644642,0,0.4810799547633045
gi:17316365,gi:24583012,0,0.46911623312295053
gi:17647589,gi:20128977,0,0.46614614821017714
gi:20129789,gi:24646928,0,0.49144715430678837
gi:24581230,gi:24645457,0,0.4618854913935259
gi:24659451,gi:28558748,0,0.5373154130527763
gi:21356151,gi:24581429,0,0.48101637141167475
gi:20129789,gi:24647727,0,0.4646619920502801
gi:24662753,gi:24663462,0,0.6131916662329723
gi:17737425,gi:24585242,0,0.5210319163833664
gi:20130415,gi:24651173,0,0.4678211325274112
gi:22024255,gi:24642191,0,0.4646619920502801
gi:24582757,gi:24646607,0,0.4646619920502801
gi:24581622,gi:24638845,0,0.5450108252823441
gi:24639187,gi:28574675,0,0.5073406595035473
gi:17137486,gi:18543301,0,0.4648520674849171
gi:24641555,gi:24654383,0,0.5337777321132622
Q9VEX9,gi:24583134,0,0.48310482254994586
P07187,Q01083,0,0.4901740885034613
gi:24651548,gi:28573878,0,0.46775772195078613
gi:24641410,gi:24643702,0,0.5657554478950483
P10379,gi:28571660,0,0.5151114419705393
gi:17137296,gi:20129683,0,0.47965453476853637
P08570,gi:28573278,0,0.527644824178162
gi:20129227,gi:28572129,0,0.5036581047869193
Q9W4P5,gi:20128865,0,0.48256927996758076
Q02748,gi:24654383,0,0.5137753870851787
gi:21358555,gi:24643294,0,0.4676309039239403
gi:24649535,gi:24663043,0,0.47667763733274543
Q9NJH0,gi:21357417,0,0.5050856167185775
P82910,gi:28574939,0,0.5223030208239077
P02828,gi:24642014,0,0.48865669736360484
gi:23397623,gi:24639657,0,0.5224301156549537
gi:24582383,gi:28573549,0,0.48304122069453037
gi:24584767,gi:24656849,0,0.4603399267953573
gi:19922010,gi:24585681,0,0.4811435387277439
gi:24640806,gi:24666612,0,0.4722154621210693
gi:24642214,gi:28574886,0,0.4952199330746611
gi:22026831,gi:24586506,0,0.48405891491580827
gi:24647638,gi:24653350,0,0.5545895196682707
gi:21356595,gi:24655741,0,0.5284699902609112
gi:19922464,gi:28573125,0,0.48237849017599793
P49905,gi:24642241,0,0.5125128875629004
gi:17530857,gi:21357037,0,0.5013123216111404
gi:17647523,gi:24661467,0,0.5079135995844621
O61345,gi:24655568,0,0.47357540034788576
gi:19922268,gi:24643731,0,0.46750409007917304
P18502,P25843,0,0.5506689729076801
O97067,gi:24648917,0,0.4790188740230116
Q8IGR0,gi:24654325,0,0.4969021484574647
gi:17136216,gi:24644677,0,0.48497625763208596
gi:24639822,gi:28572057,0,0.495601949868782
gi:24639715,gi:24650009,0,0.6116899119287088
Q9XZS4,gi:24583419,0,0.473511903789185
gi:24641718,gi:24655741,0,0.530310178193844
gi:24581155,gi:24582858,0,0.4733849132440859
gi:24582212,gi:26080447,0,0.5154295191592402
gi:24645285,gi:24662306,0,0.46040320164476556
gi:20129603,gi:24654828,0,0.46769431241561893
gi:19921116,gi:24585499,0,0.4883384917016938
gi:24667246,gi:28571356,0,0.4716441948682319
gi:19922390,gi:24646860,0,0.49125618696090756
Q94920,gi:24656574,0,0.47946382953381966
gi:21357311,gi:24650120,0,0.4707924781018802
gi:19921030,gi:24665950,0,0.4805077269061795
gi:18858095,gi:24654914,0,0.4662095316823327
gi:18859895,gi:24583470,0,0.4631784614704943
gi:17137300,gi:21356337,0,0.525342364668866
gi:24645869,gi:24662356,0,0.49398348030135913
gi:20130397,gi:24585156,0,0.5140031348056259
gi:21357047,gi:24642006,0,0.4632417915688056
gi:20129835,gi:24653584,0,0.5090861827970201
gi:21356727,gi:24667246,0,0.4895108383829366
Q24046,gi:21357275,0,0.4781023391324111
gi:24583134,gi:28573954,0,0.4838680869228385
P09491,gi:24581465,0,0.4805077269061795
gi:19921000,gi:19922328,0,0.4618854913935259
gi:24641014,gi:30923774,0,0.487166273296511
gi:19921458,gi:24650747,0,0.4888743876307544
gi:24580965,gi:24654245,0,0.47047520217665556
gi:20129813,gi:28572057,0,0.49566561984576524
gi:24648676,gi:24657090,0,0.45892161196914727
gi:24583332,gi:24668309,0,0.49296485688007036
gi:24640435,gi:24655568,0,0.4732579261423368
gi:19922464,gi:24650814,0,0.479400262449482
gi:24645967,gi:24663802,0,0.4911288768111815
gi:20130255,gi:24659598,0,0.4573775353990873
gi:28571823,gi:28573830,0,0.4704117498464338
gi:22024283,gi:24647864,0,0.5479045359795478
gi:18543285,gi:24647083,0,0.5506689729076801
O46202,gi:21358101,0,0.4988391316117467
gi:24649579,gi:24663246,0,0.519643495274655
gi:21358161,gi:24639782,0,0.5152654251443765
O61351,gi:22026898,0,0.4631151325600446
gi:19921696,gi:24585635,0,0.470348298472572
P08181,Q9VD25,0,0.47778458452463574
P08928,gi:18860519,0,0.464788707869585
gi:24651333,gi:28572057,0,0.4960476425875541
gi:17647581,gi:24651920,0,0.4864663372140996
O44783,gi:21357417,0,0.5297024024958551
gi:24583894,gi:28572157,0,0.48393169573386274
gi:21357211,gi:24668631,0,0.5479045359795478
gi:24655555,gi:24659953,0,0.471898082345539
P23758,gi:24639715,0,0.6118109001446446
gi:17137616,gi:18543299,0,0.5500386825911237
gi:22026843,gi:24643634,0,0.5100040712897346
gi:19922518,gi:22026831,0,0.4841225252826156
Q9VC27,gi:19921250,0,0.490020023569051
gi:24640704,gi:24649952,0,0.4788281889532162
gi:22024283,gi:24663011,0,0.5472104495679566
P07207,gi:21687222,0,0.49293808647147486
P45890,gi:17865835,0,0.48865669736360484
gi:24649109,gi:24663292,0,0.4908106065068743
P06603,gi:19920776,0,0.551640593033048
gi:24639354,gi:24650729,0,0.46614614821017714
gi:17864566,gi:24650448,0,0.5062952812458795
P11147,P13060,0,0.5120305553918448
P48609,gi:28572043,0,0.47946382953381966
gi:17933664,gi:28571447,0,0.48269647598886223
P55828,gi:24661685,0,0.5000120522426024
P35415,gi:24662626,0,0.4913198424620919
Q24475,gi:17647279,0,0.47661410141715826
gi:21357761,gi:24653797,0,0.6615449868780797
gi:24644422,gi:24650182,0,0.4944928112721774
gi:17933736,gi:28573427,0,0.4874475669505884
gi:24662048,gi:24762594,0,0.5098767719598843
gi:17137184,gi:24585499,0,0.4884021320862288
gi:24641449,gi:24656346,0,0.4819969260615125
O44783,gi:24642517,0,0.5786992956568544
gi:24638627,gi:24661424,0,0.4603399267953573
P10041,Q06559,0,0.5589428602362215
P07666,gi:24649893,0,0.5049951753483469
gi:21355521,gi:24645148,0,0.4908106065068743
gi:24583848,gi:24648905,0,0.4720250315441346
P23758,gi:24641561,0,0.47952739728314225
gi:24642197,gi:24646440,0,0.4767411740031681
gi:19921458,gi:24667917,0,0.48893803111687917
gi:17137102,gi:21357149,0,0.4573775353990873
P10083,Q9GU68,0,0.4732579261423368
gi:24646017,gi:24648294,0,0.5113673946890904
gi:19920846,gi:24647430,0,0.47196155649154103
gi:21357711,gi:28571918,0,0.513812258105013
gi:21357023,gi:24655121,0,0.5183082505638986
gi:24650202,gi:24668563,0,0.49372881943284236
gi:21357653,gi:24659128,0,0.49462014584225605
P23757,gi:19922874,0,0.5109587737684081
gi:24652561,gi:24664284,0,0.464788707869585
gi:21358175,gi:24658403,0,0.47629643323340604
Q02748,gi:24641616,0,0.4955382800344423
Q9V676,gi:24641792,0,0.4732579261423368
Q9VGX3,gi:18859929,0,0.4787646286315399
gi:24639292,gi:28558744,0,0.5227478399903834
gi:21357037,gi:24583531,0,0.4731944338878232
gi:20128793,gi:24648207,0,0.4811435387277439
gi:21358065,gi:24581089,0,0.47072902102040937
Q02361,gi:17530957,0,0.5075953020094212
gi:24583268,gi:28574555,0,0.47661410141715826
gi:19922100,gi:24580841,0,0.49566561984576524
gi:24649564,gi:24654441,0,0.5157743329725651
gi:24649158,gi:24666434,0,0.503785447395466
gi:20129109,gi:24641477,0,0.4648520674849171
gi:19922100,gi:24639904,0,0.4960476425875541
P05205,P50887,0,0.4923014769600843
gi:24645553,gi:24667841,0,0.47196155649154103
Q9VPS5,gi:20129967,0,0.5119032786768102
O44783,gi:17933532,0,0.531288350401085
Q9W4P5,gi:24645515,0,0.4860209508057039
gi:24645684,gi:24656802,0,0.4618854913935259
P13096,Q9XZH6,0,0.47053865546120077
P52295,gi:24646908,0,0.500203076729284
P23757,gi:28574886,0,0.5093039093620275
gi:19920586,gi:24644242,0,0.5361221852588122
gi:24646440,gi:28574153,0,0.4765505662584537
gi:24639794,gi:24665958,0,0.46879908614633903
gi:24645841,gi:24653304,0,0.4574407482118177
gi:24640295,gi:24646718,0,0.4631784614704943
gi:17136698,gi:24654144,0,0.4777210357523458
gi:24581838,gi:24582846,0,0.46614614821017714
Q8T053,gi:21357455,0,0.4847854078011314
gi:24641042,gi:24650906,0,0.46040320164476556
gi:24581787,gi:24655850,0,0.48542159084866054
gi:20129841,gi:24663599,0,0.4573775353990873
P55828,gi:22024283,0,0.546263672672425
P38979,gi:17137188,0,0.4822512998324798
gi:21356777,gi:24638625,0,0.5035039872991959
gi:24585242,gi:24641813,0,0.5005851254690344
gi:17530817,gi:28572120,0,0.4931290738845526
gi:21357417,gi:24651619,0,0.5064862745340786
gi:24581719,gi:28572036,0,0.5919505016371155
gi:21356743,gi:21356767,0,0.531668885083485
gi:24648484,gi:24653385,0,0.5286603912752859
gi:18859939,gi:24661625,0,0.4905559956144278
Q9NJH0,gi:24652733,0,0.49166489241357986
Q9VCH4,gi:28571791,0,0.46769431241561893
gi:21356957,gi:24645011,0,0.4899563742666048
gi:17864264,gi:24585943,0,0.5062316164054066
gi:17136208,gi:21357537,0,0.4673772804327299
gi:24644714,gi:24666997,0,0.46330512285295766
P41375,gi:20129973,0,0.4587951245300378
Q24141,gi:19922888,0,0.5064226103122795
P07185,gi:18858225,0,0.4736388977612975
P16378,gi:19920926,0,0.471898082345539
gi:17647699,gi:19920376,0,0.46614614821017714
O76924,gi:21355643,0,0.4988659072003792
Q9VFC8,gi:17137760,0,0.4938561494685987
gi:24580817,gi:24640570,0,0.4895744853625859
gi:19921696,gi:20129813,0,0.46589262527228226
gi:24655034,gi:24666240,0,0.5084496303601072
gi:24644119,gi:24655577,0,0.5028672649065388
gi:19921098,gi:24641978,0,0.4588583675868776
gi:19920706,gi:24585348,0,0.5004577759430034
gi:17864608,gi:24584043,0,0.5109587737684081
gi:24639649,gi:24650084,0,0.4908106065068743
P20432,gi:24583873,0,0.470348298472572
gi:17933722,gi:24583294,0,0.4801898445403791
gi:24582196,gi:24638609,0,0.47376589514408446
gi:24582006,gi:24663325,0,0.5166648423220916
gi:24582172,gi:24645859,0,0.4767411740031681
P04052,gi:24643375,0,0.4692430989132719
gi:24645216,gi:24651599,0,0.47357540034788576
gi:17136506,gi:22026831,0,0.48304122069453037
Q27350,gi:22026942,0,0.4901473231426219
gi:24647318,gi:24657023,0,0.4797181045005047
gi:19922726,gi:20129085,0,0.4733849132440859
Q01068,Q9VZH1,0,0.47518979651655296
gi:24585635,gi:24641946,0,0.47028484805710646
Q9W2D9,gi:17737425,0,0.5226842965877415
P02824,gi:24649080,0,0.5204330985816011
gi:18859825,gi:24638627,0,0.49903015524002936
Q8IGR0,gi:21358201,0,0.49671113175386816
P48461,gi:21358535,0,0.47215198436093847
gi:24642119,gi:24660927,0,0.4602766532242645
gi:24640494,gi:24662518,0,0.47512627886486236
Q24564,gi:24643447,0,0.6001032094819025
Q02360,gi:24641097,0,0.4765505662584537
gi:17137536,gi:19920406,0,0.4806348842858847
P22812,gi:24650248,0,0.4901473231426219
gi:17137700,gi:19920774,0,0.4777210357523458
gi:17137188,gi:24583152,0,0.48256927996758076
gi:21357677,gi:24583984,0,0.4884021320862288
gi:18858161,gi:24658721,0,0.5653173816712395
gi:19921252,gi:20130049,0,0.48542159084866054
Q9VJE4,gi:28571947,0,0.47357540034788576
gi:17136392,gi:24643413,0,0.46330512285295766
gi:19923016,gi:24640631,0,0.4602766532242645
gi:17137344,gi:21358367,0,0.48865669736360484
gi:20129945,gi:21357761,0,0.6616020125309408
Q9VYD7,gi:17137738,0,0.465956004360092
gi:24661689,gi:24667569,0,0.46873565976714726
gi:22026934,gi:24638845,0,0.5449476657403164
gi:24580815,gi:24648010,0,0.4921741579875646
gi:19922144,gi:24646782,0,0.4970931660653601
P48451,gi:17647503,0,0.5136213773753634
gi:17352479,gi:20130391,0,0.5018853891820618
gi:21355581,gi:24650395,0,0.48561245506956374
Q9W5R8,gi:19921732,0,0.5005851254690344
gi:17647341,gi:24585071,0,0.46627291624550604
gi:17137296,gi:21355383,0,0.5040401311227135
P13060,gi:24585681,0,0.5129214477945196
Q24253,gi:24646190,0,0.4674406847301457
Q01070,gi:24662317,0,0.46911623312295053
gi:19920696,gi:24585767,0,0.5151750583959207
gi:17137164,gi:17530825,0,0.4782294459522191
P11455,gi:24642233,0,0.5066403733705759
gi:24638750,gi:24647779,0,0.5004845516488832
Q9VQQ9,gi:28572997,0,0.5102586660406082
gi:17136920,gi:18858007,0,0.4867208534288844
P23792,gi:24657684,0,0.5008665999285138
O44783,gi:28571593,0,0.531732303961603
P83099,gi:24639782,0,0.5169192543738098
gi:21357799,gi:24580900,0,0.47765748770125876
gi:24646737,gi:24658772,0,0.5006755758873064
gi:21357903,gi:24660872,0,0.5134304926722737
gi:21357995,gi:24648089,0,0.47667763733274543
gi:24582182,gi:24660710,0,0.47177113678146687
Q94511,gi:21355163,0,0.4867844835637715
gi:24641561,gi:24641689,0,0.5794181838834045
gi:22026831,gi:24584835,0,0.5336243069166432
P41126,gi:21356265,0,0.47908243707436343
gi:24582333,gi:24650420,0,0.49598397179806913
Q9W1C9,gi:19921122,0,0.4835500507494706
gi:24643081,gi:24660176,0,0.465956004360092
gi:19922668,gi:24666798,0,0.46633630189766906
gi:21358427,gi:24647779,0,0.4931290738845526
O44783,gi:17136732,0,0.5288140075455287
gi:24651671,gi:24660923,0,0.503785447395466
gi:24641561,gi:24645344,0,0.4795909656953984
gi:24647468,gi:24654854,0,0.5008665999285138
P51123,gi:24644293,0,0.483232027900873
P39413,gi:28558748,0,0.5018217152245918
P47938,gi:19922186,0,0.4792095652068921
gi:24584039,gi:28574303,0,0.5008665999285138
P18289,gi:24641781,0,0.4702213986020737
P18502,gi:24659379,0,0.5510470691469611
gi:24642517,gi:24660989,0,0.5816770654690823
gi:17864154,gi:24647605,0,0.4587951245300378
gi:24582306,gi:24651641,0,0.5123219808856926
P21914,gi:28574707,0,0.4864663372140996
gi:21356727,gi:24648308,0,0.49008367319507723
gi:24580841,gi:24655341,0,0.470348298472572
gi:17136920,gi:24656802,0,0.4869117451165584
gi:19920692,gi:24639187,0,0.5065767096614849
gi:21358201,gi:24664458,0,0.49969367811785265
gi:24646860,gi:24653439,0,0.49157446726083615
gi:24638978,gi:24643755,0,0.49671113175386816
gi:19920354,gi:24668824,0,0.46750409007917304
O46341,gi:24651665,0,0.4676309039239403
gi:21358181,gi:24666694,0,0.4795909656953984
gi:17933624,gi:24640353,0,0.5329637250021614
gi:24639988,gi:24661022,0,0.4916381241487095
P47947,gi:18859685,0,0.45892161196914727
gi:21355581,gi:28573391,0,0.4854852117859113
gi:24580900,gi:24583332,0,0.4936651547190011
O77425,gi:24662518,0,0.47518979651655296
gi:24584030,gi:24645002,0,0.48418613616390344
gi:20128797,gi:24640570,0,0.7061857986300208
Q9VCR6,gi:24649911,0,0.49877545714153926
gi:21357117,gi:24652684,0,0.4602766532242645
Q8MSS1,gi:24652882,0,0.470348298472572
O18640,P47938,0,0.4941108119146108
gi:20130247,gi:24644677,0,0.4848490239211516
Q9V564,gi:24648207,0,0.4920468400301482
gi:18860521,gi:24581248,0,0.4603399267953573
gi:17137380,gi:24666997,0,0.46330512285295766
gi:21355917,gi:24583294,0,0.4801898445403791
gi:24641567,gi:24651185,0,0.5052766207026597
gi:21355801,gi:24649952,0,0.4762329018898217
P43248,gi:28574875,0,0.48095278867490776
gi:19920912,gi:24639548,0,0.4849126405321557
gi:21357653,gi:24664561,0,0.4944928112721774
gi:19922526,gi:24580799,0,0.4707924781018802
gi:24658229,gi:24663481,0,0.48361365692638825
gi:24584007,gi:24648401,0,0.4720885075012803
gi:19921554,gi:24652834,0,0.48542159084866054
gi:24653350,gi:24653562,0,0.5549669830532347
Q9V564,gi:24659868,0,0.4930654111879525
P29746,gi:24643822,0,0.48542159084866054
gi:24580731,gi:24662356,0,0.5282528908058854
gi:19921600,gi:24639541,0,0.4631784614704943
gi:18543283,gi:24644994,0,0.4603399267953573
gi:17136972,gi:28574582,0,0.5435312208362895
gi:17136732,gi:24644609,0,0.5272105345207118
gi:17137026,gi:24583827,0,0.48095278867490776
gi:24639883,gi:24642563,0,0.45892161196914727
O46036,gi:24580782,0,0.5169828560214732
Q9V427,gi:21687092,0,0.507977258337863
gi:20428641,gi:24654934,0,0.4888743876307544
gi:24640119,gi:24647137,0,0.5246436917065986
gi:24647605,gi:24649904,0,0.47066556488511446
O44424,gi:24644274,0,0.5016943671344528
gi:24585635,gi:28574875,0,0.4805713052814144
gi:17137724,gi:19920376,0,0.46633630189766906
Q8T053,gi:18921171,0,0.48516711184485445
gi:17137696,gi:21358599,0,0.4974115306033014
gi:20130417,gi:24652684,0,0.46917966552016815
gi:21357733,gi:28573879,0,0.5064226103122795
gi:24649200,gi:24666240,0,0.5093407956379119
gi:24582628,gi:24664132,0,0.47053865546120077
gi:24640672,gi:28571883,0,0.5167284461500689
gi:17864274,gi:19920912,0,0.4730674519817267
gi:24644642,gi:24647100,0,0.4805713052814144
P45437,Q8T0S6,0,0.5078499405744411
Q24337,gi:28571445,0,0.4938561494685987
gi:24640855,gi:24653463,0,0.49008367319507723
gi:17864328,gi:24664341,0,0.4648520674849171
gi:24582879,gi:24585481,0,0.4928744244557245
gi:24651185,gi:24653856,0,0.5054039558398247
P35220,gi:24641493,0,0.4736388977612975
gi:24581719,gi:24656431,0,0.5920120215725856
gi:24639304,gi:28573563,0,0.5459845929001421
gi:28572090,gi:28573173,0,0.48989272528980116
O77051,gi:24586328,0,0.4931290738845526
gi:21357211,gi:24652999,0,0.545569156486675
gi:19921254,gi:24645300,0,0.48659359445242034
P40796,Q24117,0,0.519516340899906
P42325,P48555,0,0.47740330274991705
gi:17137488,gi:21357495,0,0.4790188740230116
P41094,P48149,0,0.4819969260615125
gi:18543285,gi:24640855,0,0.5496604311482705
gi:24647905,gi:24654441,0,0.5156471090412428
Q24404,gi:24582224,0,0.5145388723523313
P17704,gi:20129261,0,0.4720885075012803
Q06849,gi:24646498,0,0.4676309039239403
gi:24585795,gi:24655341,0,0.49547461034481094
gi:24581719,gi:24583380,0,0.5929959471767877
gi:20130151,gi:24583764,0,0.4899563742666048
Q24564,gi:24667063,0,0.6001032094819025
O97420,gi:24640295,0,0.48101637141167475
gi:20129433,gi:24648615,0,0.49198318143726205
O16797,gi:24667063,0,0.5344381684219319
gi:24584043,gi:24649158,0,0.5089219872952361
gi:17137440,gi:18543295,0,0.46472534939069793
O44783,gi:24660979,0,0.53160546518228
gi:24652892,gi:24667285,0,0.4662095316823327
gi:24580553,gi:24584835,0,0.5348284591802595
gi:21358569,gi:24586167,0,0.4874475669505884
gi:21356397,gi:24583279,0,0.48212411178883835
gi:24583873,gi:28571565,0,0.47047520217665556
gi:19921076,gi:24657782,0,0.5106405481474223
gi:17647873,gi:24650035,0,0.4718346091081678
gi:24643474,gi:24658229,0,0.48405891491580827
gi:17933524,gi:24582294,0,0.5198342220603687
Q24400,gi:17647979,0,0.5197973809135238
gi:24662330,gi:28571660,0,0.5152386743295391
gi:24657153,gi:28573563,0,0.5459845929001421
gi:19922310,gi:24655121,0,0.5188169470864992
O46036,Q9V3G7,0,0.5168556521779839
gi:24647789,gi:24656938,0,0.4824420862050733
Q8T0S6,gi:24655474,0,0.5063220527129166
P08175,gi:24643761,0,0.49671113175386816
gi:19922726,gi:24583929,0,0.4908742599800555
P29052,gi:20129291,0,0.5434680279502465
gi:21358297,gi:24639187,0,0.5075316417472492
gi:21358345,gi:24639086,0,0.46040320164476556
gi:24646827,gi:24668006,0,0.48193333407160494
gi:19920776,gi:24654578,0,0.5517665809420491
P42287,gi:24583971,0,0.48554883319356523
gi:18857963,gi:24583208,0,0.497029493432359
gi:17137800,gi:24643232,0,0.47525331497100265
gi:17647383,gi:21355531,0,0.4836772636342405
gi:21355177,gi:24649158,0,0.5050588437444139
gi:17137264,gi:26080381,0,0.5094044480961133
gi:24583965,gi:28573934,0,0.5480307135722507
Q24572,gi:24643634,0,0.511022417834991
gi:17647911,gi:19920424,0,0.47616937131540216
O97067,P16163,0,0.47895531165100264
gi:24582094,gi:24659829,0,0.4959203011388392
gi:19921700,gi:24585358,0,0.4702213986020737
gi:24643761,gi:28574023,0,0.4974752037710212
gi:24651303,gi:24665193,0,0.4957929602194035
gi:17136920,gi:19921116,0,0.48684811412701606
Q24141,gi:17864292,0,0.5062316164054066
gi:17647723,gi:24652834,0,0.510767839445185
gi:24644047,gi:24665784,0,0.4704117498464338
gi:24648682,gi:24656938,0,0.48250568280295253
gi:18858145,gi:24581429,0,0.4810799547633045
gi:24582592,gi:24658203,0,0.4960476425875541
gi:18860017,gi:24662626,0,0.47196155649154103
O62621,gi:24644422,0,0.49462014584225605
gi:21355783,gi:24582879,0,0.49255611788440584
O44783,gi:24647597,0,0.5315420442600202
gi:20129897,gi:28571762,0,0.4797181045005047
gi:24586548,gi:24762424,0,0.4574407482118177
gi:21355851,gi:28573010,0,0.49753887702063293
gi:28571447,gi:28573597,0,0.48237849017599793
gi:21357939,gi:24641251,0,0.47648703185867913
gi:17985983,gi:24640501,0,0.46775772195078613
gi:17136820,gi:24661685,0,0.4689259419269536
Q27297,gi:24583264,0,0.48659359445242034
gi:20129835,gi:24644642,0,0.5084496303601072
gi:24646962,gi:28574992,0,0.4631151325600446
Q03017,gi:21355717,0,0.49528360216481293
gi:24650009,gi:24663462,0,0.6145198740989863
gi:20129227,gi:24659028,0,0.4883384917016938
P49258,gi:28571100,0,0.4928744244557245
gi:19920692,gi:24651688,0,0.4893198994926876
gi:17864238,gi:24649262,0,0.47015795010950984
gi:24645653,gi:28572157,0,0.47946382953381966
Q9VLV5,gi:24654636,0,0.46459863585035593
P41093,gi:24649427,0,0.5026762462812981
Q24141,gi:24586098,0,0.5063589458821918
gi:20128797,gi:24648231,0,0.7062914813398936
gi:17864162,gi:28558744,0,0.5208412268225892
gi:19922144,gi:24583982,0,0.4976025503500713
Q9XYP8,gi:28571891,0,0.5020127369114764
gi:21357781,gi:24646928,0,0.4909379137491394
gi:17737727,gi:19923044,0,0.4716441948682319
gi:19920984,gi:24644888,0,0.4884021320862288
gi:24648484,gi:24663556,0,0.49515626413954095
Q01642,gi:19922144,0,0.4963291012825919
gi:21357831,gi:21358111,0,0.46175888420063865
gi:17648049,gi:21357495,0,0.47965453476853637
gi:22026837,gi:24653708,0,0.4811435387277439
gi:21357037,gi:28573879,0,0.5057859569789835
P05552,gi:24648682,0,0.46911623312295053
Q8IGR0,gi:24582643,0,0.49639277274219396
gi:24642543,gi:24647609,0,0.521413277063054
gi:24639649,gi:28573893,0,0.4908106065068743
gi:24642601,gi:28574726,0,0.5149842076527191
gi:21357417,gi:24586252,0,0.5062316164054066
gi:26080381,gi:28571549,0,0.5095317520956529
Q9VL18,gi:24651688,0,0.47499924597793874
gi:24640175,gi:24643312,0,0.4797181045005047
gi:20129745,gi:24654441,0,0.5155198830817979
gi:24659035,gi:28573604,0,0.4897654283213686
gi:19922440,gi:24638750,0,0.5013759959834883
Q24141,gi:24662729,0,0.5046399350791871
Q24133,gi:24583134,0,0.5083223165187973
Q9W4P5,gi:24585158,0,0.48218770552214707
gi:17136506,gi:28573427,0,0.4875112018549693
gi:18858043,gi:24658567,0,0.523791148076177
gi:20130017,gi:24648615,0,0.48174256162155793
Q00963,gi:24654172,0,0.46453528079294976
gi:17737437,gi:24641790,0,0.5139395096898574
gi:24648281,gi:24652121,0,0.46336845532092935
P20241,gi:24654550,0,0.46330512285295766
gi:24642799,gi:24663352,0,0.48399530506553823
P02844,gi:28571678,0,0.5211958722639414
gi:21357023,gi:24657172,0,0.49462014584225605
gi:20129451,gi:24663300,0,0.4632417915688056
gi:19921252,gi:24640672,0,0.5167284461500689
gi:24641431,gi:24643634,0,0.5108951293465386
Q9V3A4,gi:24656026,0,0.46769431241561893
Q9GU68,gi:24647885,0,0.4849126405321557
gi:22026843,gi:24662288,0,0.47889174996038714
gi:24585398,gi:24654586,0,0.46336845532092935
gi:24585715,gi:24585948,0,0.4674406847301457
gi:17137296,gi:24650148,0,0.47952739728314225
gi:21355119,gi:24654082,0,0.46775772195078613
P13607,gi:24585358,0,0.4940471460114556
gi:17137536,gi:28573173,0,0.4895744853625859
gi:18858117,gi:19922206,0,0.4707924781018802
gi:24641156,gi:24643761,0,0.4962017587226398
gi:19920622,gi:24662081,0,0.46917966552016815
gi:21358053,gi:28574799,0,0.45892161196914727
Q9U1M2,gi:21356117,0,0.4603399267953573
gi:24651185,gi:24656275,0,0.5064862745340786
Q9W2U9,gi:21358089,0,0.4618221871815267
gi:24641251,gi:24666282,0,0.4762329018898217
gi:24654578,gi:24654828,0,0.47474518992717474
gi:24583965,gi:24652762,0,0.5472735559607802
P55828,gi:19921002,0,0.49924795481833684
gi:24584372,gi:24666524,0,0.5042948127533752
gi:24655751,gi:28573115,0,0.47177113678146687
gi:24585079,gi:28571947,0,0.48044414916223255
gi:24585040,gi:28571947,0,0.473511903789185
P48588,gi:17137420,0,0.47053865546120077
P23757,gi:24585282,0,0.5107041939698241
gi:24648905,gi:24668274,0,0.472278940779633
P91943,gi:24651203,0,0.47066556488511446
gi:24648207,gi:24663556,0,0.4802534197386471
gi:24655751,gi:24665193,0,0.46750409007917304
Q94535,gi:24649519,0,0.48542159084866054
gi:18859869,gi:24663802,0,0.4908742599800555
Q24246,gi:28574529,0,0.4930654111879525
gi:19921752,gi:28573486,0,0.47053865546120077
gi:17136732,gi:24640233,0,0.526194643278458
gi:24642367,gi:24657052,0,0.4760423124822439
gi:24642235,gi:24663292,0,0.4910652221667652
gi:24652386,gi:28573125,0,0.48218770552214707
gi:20130049,gi:24649250,0,0.4847854078011314
P16163,gi:21357141,0,0.47376589514408446
P50887,gi:24656644,0,0.4915375786816348
Q9V3S0,gi:24658229,0,0.48393169573386274
gi:24582643,gi:24585459,0,0.48405891491580827
gi:18858205,gi:24643081,0,0.4882112120688212
gi:17933624,gi:19921494,0,0.46472534939069793
gi:24651671,gi:28573393,0,0.5042311425494915
O76924,gi:24643516,0,0.5165643794387103
gi:17648053,gi:24662713,0,0.4960476425875541
P82147,gi:17137224,0,0.49541094080195247
P08182,gi:24655153,0,0.5587808877736627
gi:21356797,gi:28574875,0,0.4816153829418012
P15330,gi:21357547,0,0.5185626036353135
gi:21358157,gi:28574516,0,0.4692430989132719
gi:21687092,gi:24641209,0,0.5070223510305717
P45889,gi:24651926,0,0.46459863585035593
gi:18859947,gi:19921530,0,0.4646619920502801
gi:21356415,gi:24654934,0,0.4848490239211516
gi:21355491,gi:24663556,0,0.4781023391324111
P07666,gi:24666749,0,0.5048678380722574
O97125,gi:20129291,0,0.543278440904527
gi:24649976,gi:24660923,0,0.4848490239211516
gi:21357907,gi:24586133,0,0.4603399267953573
Q9VD25,gi:24650265,0,0.47765748770125876
gi:24644145,gi:24668642,0,0.4673772804327299
gi:24582592,gi:24642267,0,0.49496525828501475
P22807,gi:24640777,0,0.4805713052814144
gi:21355681,gi:24640513,0,0.4618221871815267
gi:24580972,gi:24668309,0,0.4943654774165341
gi:17136258,gi:24651156,0,0.5004577759430034
gi:19920436,gi:24654101,0,0.47946382953381966
Q02748,gi:28574406,0,0.5167551918600082
gi:19922464,gi:28574383,0,0.4734484080872377
gi:17352479,gi:24663246,0,0.5179902958964623
gi:19920344,gi:23397629,0,0.47616937131540216
O76924,gi:28574980,0,0.5005851254690344
gi:24646297,gi:24665132,0,0.47946382953381966
Q06559,gi:24583557,0,0.5592567863330048
gi:21357269,gi:24648195,0,0.46601938454702924
gi:20129131,gi:21356995,0,0.4970931660653601
gi:24654383,gi:24660555,0,0.5152386743295391
gi:21356003,gi:28571445,0,0.4938561494685987
gi:24666674,gi:28573173,0,0.4901473231426219
gi:24581976,gi:24642922,0,0.4765505662584537
gi:19921090,gi:21687092,0,0.5080409168325803
gi:24646899,gi:24653270,0,0.46750409007917304
gi:24582699,gi:24582746,0,0.5062316164054066
gi:21355715,gi:24646972,0,0.4673772804327299
O18404,gi:19921312,0,0.602972498103434
gi:20130157,gi:28574920,0,0.4795909656953984
gi:24644650,gi:28571487,0,0.46911623312295053
gi:18860055,gi:18921137,0,0.4806348842858847
gi:17137026,gi:17530825,0,0.4779752351482329
P15330,gi:22026816,0,0.5197070715088002
gi:19922100,gi:24657052,0,0.49541094080195247
P41092,gi:19920776,0,0.551640593033048
gi:24585481,gi:24638591,0,0.49138349824473965
gi:24642559,gi:24644950,0,0.4603399267953573
gi:24653538,gi:28571865,0,0.4631151325600446
gi:24650469,gi:24665160,0,0.4822512998324798
gi:21358181,gi:24639760,0,0.45892161196914727
P20354,gi:24665469,0,0.4882112120688212
gi:24640625,gi:28571181,0,0.48101637141167475
gi:24638795,gi:24653614,0,0.4660827658310667
gi:21358323,gi:24580716,0,0.4731944338878232
Q9W0K7,gi:28573549,0,0.4824420862050733
gi:24583253,gi:24639187,0,0.5078499405744411
gi:21355643,gi:24643303,0,0.49477425390009555
O16797,gi:24665160,0,0.5336876932445308
gi:17136286,gi:20130065,0,0.47376589514408446
gi:17864460,gi:21357861,0,0.4795909656953984
P07187,gi:20130007,0,0.49100156781206356
P42287,gi:24650864,0,0.48554883319356523
gi:24640430,gi:24668042,0,0.5242993686076753
gi:17136692,gi:28571819,0,0.4730674519817267
gi:24581901,gi:24644498,0,0.4878293824081545
gi:18858005,gi:28574284,0,0.5080409168325803
P48554,gi:24654644,0,0.4646619920502801
gi:17647581,gi:24642719,0,0.4867208534288844
P19538,gi:17136692,0,0.5984969680365422
gi:24585618,gi:24643702,0,0.5647540038238423
gi:24583279,gi:28572129,0,0.5044858225209932
P16241,gi:24661707,0,0.4736388977612975
gi:20129853,gi:21357057,0,0.46769431241561893
gi:24581572,gi:24641014,0,0.5126669152376081
Q24167,gi:28572043,0,0.47946382953381966
gi:17137224,gi:24648917,0,0.49541094080195247
gi:20128797,gi:24650311,0,0.7055512363600546
P49258,gi:28574764,0,0.49223781734796823
gi:17737425,gi:24581339,0,0.5226207524508292
gi:24654383,gi:24656168,0,0.5140935139640226
P48555,gi:19920776,0,0.5517665809420491
Q9V597,gi:24584916,0,0.4792095652068921
gi:24640635,gi:24664226,0,0.47816589218888617
gi:24651185,gi:24664004,0,0.506040620679665
gi:21357215,gi:24659188,0,0.46879908614633903
P23696,P55035,0,0.518281510681874
Q9VUJ0,gi:17647581,0,0.4869753765303388
O76902,gi:24665160,0,0.4826328776969024
gi:17137220,gi:24648450,0,0.4811435387277439
Q9VRM7,gi:21356365,0,0.4632417915688056
gi:21357853,gi:24657782,0,0.510767839445185
P21525,gi:28574303,0,0.5019490630783784
gi:24639609,gi:24668824,0,0.4676309039239403
Q24206,gi:21356041,0,0.4924924572860738
gi:19921814,gi:21357653,0,0.49442914425401924
Q8INW0,gi:21357761,0,0.657082628451248
gi:17864482,gi:24654595,0,0.5198342220603687
gi:24580815,gi:24644093,0,0.4989932562812546
Q01644,gi:21357817,0,0.5800648312141227
gi:17136216,gi:24639715,0,0.6113268647265697
gi:21357269,gi:24651247,0,0.47196155649154103
gi:21357939,gi:24581879,0,0.4720250315441346
Q9VJV9,gi:21358131,0,0.46589262527228226
gi:18859869,gi:21357711,0,0.5132396040513452
gi:23397621,gi:24646524,0,0.49896648066305704
gi:21358611,gi:24650714,0,0.47072902102040937
gi:19922340,gi:20129967,0,0.5050588437444139
Q27297,gi:21355451,0,0.48710264062237485
P18102,Q9VCR6,0,0.4982660629832431
O77260,gi:24656772,0,0.47667763733274543
gi:24654934,gi:24665661,0,0.4933468342727232
gi:22024255,gi:22026843,0,0.4793366960321806
Q9TX74,gi:24667699,0,0.4678211325274112
gi:21355913,gi:28573644,0,0.4674406847301457
O46106,gi:21357369,0,0.49807504104506517
gi:17136368,gi:24667258,0,0.4790188740230116
P42287,gi:17136732,0,0.5261311427868497
gi:24648294,gi:24649427,0,0.5104763726232416
gi:21355379,gi:24581572,0,0.513748631640055
P92201,gi:24660603,0,0.46472534939069793
gi:24641854,gi:24667139,0,0.45596063616678584
P29310,Q9W2N0,0,0.5135577495797479
gi:24663188,gi:28573563,0,0.5464265103007385
gi:21357547,gi:24659863,0,0.4882748516952044
gi:21358155,gi:24652434,0,0.4618854913935259
gi:19922186,gi:28574284,0,0.5070223510305717
gi:24583234,gi:24657684,0,0.5016943671344528
P08985,gi:21357269,0,0.46305180483947705
Q24117,gi:24641831,0,0.6178739179037455
P48593,gi:24641921,0,0.4988391316117467
gi:24583208,gi:24654586,0,0.4689893713243094
gi:24642074,gi:28571623,0,0.4602766532242645
O46036,gi:21357903,0,0.5145020043690849
P14734,P29742,0,0.477466847895704
Q24423,gi:20130345,0,0.4848490239211516
gi:17647383,gi:28573934,0,0.48405891491580827
gi:24639715,gi:24654383,0,0.6095704013715992
gi:24583312,gi:24642517,0,0.5813051649396476
Q9W5R8,gi:18858125,0,0.4988659072003792
P40657,gi:21356111,0,0.46163228194026457
gi:21358333,gi:24644940,0,0.4602766532242645
gi:18543263,gi:24638766,0,0.490020023569051
gi:24583222,gi:24659272,0,0.48405891491580827
gi:17137692,gi:24642484,0,0.5009939491522167
Q9VRL3,gi:24646718,0,0.46330512285295766
gi:17647503,gi:24654854,0,0.5120305553918448
gi:18858175,gi:24647779,0,0.49300174871623864
P48149,gi:24640689,0,0.4822512998324798
gi:24650346,gi:28571125,0,0.4882748516952044
gi:24642799,gi:24762837,0,0.4838044786345222
gi:17648095,gi:21357761,0,0.6616020125309408
P02835,gi:24639187,0,0.5072769982767965
P07666,gi:24650604,0,0.5049951753483469
gi:17137572,gi:24653810,0,0.521386550381855
P14130,gi:28573133,0,0.46917966552016815
Q9NJH0,gi:28571637,0,0.49008367319507723
Q8INW0,gi:24663055,0,0.5727564837722313
gi:17933630,gi:19921998,0,0.45596063616678584
gi:24640501,gi:24645653,0,0.4792095652068921
P13097,gi:24645728,0,0.4974115306033014
gi:24648905,gi:24655480,0,0.47170766536747516
gi:17136212,gi:24643702,0,0.5647540038238423
gi:24581787,gi:24657547,0,0.4631151325600446
gi:21355801,gi:28573207,0,0.48963813268024886
gi:21687080,gi:24648397,0,0.4602766532242645
gi:24663011,gi:28573549,0,0.48174256162155793
P42287,gi:24640119,0,0.484403721506901
gi:24641794,gi:28574077,0,0.4574407482118177
gi:18859953,gi:21687206,0,0.4760423124822439
O16797,gi:24644214,0,0.5336243069166432
gi:17137572,gi:20129563,0,0.521005187969588
gi:17530825,gi:24658567,0,0.523473485154452
P49905,gi:24654595,0,0.5175451349430196
gi:21356797,gi:24662753,0,0.49496525828501475
Q06559,gi:24667063,0,0.556492638100729
gi:24583268,gi:24649214,0,0.48703900836629754
gi:24585040,gi:24668309,0,0.4943654774165341
gi:19921700,gi:24656362,0,0.47047520217665556
gi:24646607,gi:24665095,0,0.4720885075012803
P08181,gi:19920866,0,0.4897017803338638
gi:19922106,gi:24640704,0,0.47908243707436343
gi:24583618,gi:24665884,0,0.45596063616678584
P15372,Q24133,0,0.5084496303601072
Q8INW0,gi:24646039,0,0.5727564837722313
gi:24640100,gi:24648678,0,0.45892161196914727
P23757,gi:21358415,0,0.511022417834991
P49630,gi:24655170,0,0.49858443397749114
gi:17137642,gi:24586562,0,0.4864663372140996
gi:24640527,gi:24663039,0,0.47946382953381966
gi:24639681,gi:24640177,0,0.46614614821017714
Q24167,gi:24584926,0,0.46163228194026457
P16371,gi:30923696,0,0.48852941398119143
gi:24653247,gi:28574443,0,0.4852943503936016
Q8IGR0,gi:24645053,0,0.495883404514757
gi:24582516,gi:24651524,0,0.468862513533619
gi:24646908,gi:28571987,0,0.4648520674849171
P39572,gi:24582096,0,0.4865299656149624
P27091,gi:17137074,0,0.48989272528980116
gi:24639812,gi:24648514,0,0.47313094250027266
gi:24665469,gi:28573347,0,0.4884021320862288
gi:24650747,gi:24662830,0,0.48465817704227354
Q9XTM1,gi:24644979,0,0.5049315067902732
gi:21358247,gi:24652827,0,0.5005851254690344
P39572,Q9W5R8,0,0.4999483774101729
gi:24648461,gi:24667117,0,0.5552450391154969
gi:24581542,gi:24642882,0,0.4775939403734235
gi:19922274,gi:28573773,0,0.4841225252826156
gi:17136294,gi:24639299,0,0.4787646286315399
P47938,gi:18858137,0,0.4941108119146108
Q9XZ63,gi:28572965,0,0.464788707869585
gi:20130049,gi:24642367,0,0.4847854078011314
gi:17137572,gi:17647911,0,0.5205602342409711
gi:17864566,gi:24660815,0,0.5064226103122795
P08181,gi:21355617,0,0.4822512998324798
P41093,gi:19922556,0,0.47661410141715826
gi:19920766,gi:24584043,0,0.5109587737684081
gi:18857983,gi:19920776,0,0.5525223683104814
gi:19921114,gi:28573878,0,0.46750409007917304
gi:24582699,gi:28574009,0,0.49877545714153926
gi:21357939,gi:24649007,0,0.48542159084866054
gi:24642233,gi:24650084,0,0.49023773890417965
P12613,gi:17737533,0,0.513812258105013
gi:21357023,gi:23397621,0,0.4974383056227531
gi:20130007,gi:21358039,0,0.502930937598374
gi:17136608,gi:24641831,0,0.6200364605176231
P51123,gi:24648401,0,0.4775303937708891
gi:19922640,gi:24649524,0,0.48554883319356523
gi:24585156,gi:24647516,0,0.513748631640055
gi:20129131,gi:21357917,0,0.4675674964777814
P22700,gi:17864460,0,0.47914600080300723
gi:21358361,gi:24647885,0,0.4854852117859113
gi:21357761,gi:24658332,0,0.661487956532339
P52295,gi:24653005,0,0.5004577759430034
P10383,gi:24656013,0,0.45892161196914727
gi:24647609,gi:24656820,0,0.5221759231049473
gi:19922992,gi:24662143,0,0.4853579703838712
gi:24639279,gi:24649556,0,0.4588583675868776
gi:21955276,gi:22026898,0,0.4884021320862288
gi:18859713,gi:21356873,0,0.4779116842246285
P17276,gi:24652999,0,0.5173543431102924
gi:21355783,gi:28571825,0,0.46917966552016815
Q24570,gi:24643312,0,0.4790188740230116
gi:24643303,gi:24663246,0,0.5186261904051414
P32100,Q9VSS7,0,0.4792095652068921
P45890,gi:20129087,0,0.48865669736360484
gi:19920706,gi:30923655,0,0.49956632852304605
Q9W0Y1,gi:24659451,0,0.5392144677146844
Q9XTM1,gi:21357109,0,0.5048678380722574
gi:17864280,gi:24762745,0,0.4602766532242645
gi:21357919,gi:24585635,0,0.4704117498464338
gi:24582592,gi:24585087,0,0.4958566306119291
Q07327,gi:24580815,0,0.49261977872413315
O16011,gi:24585156,0,0.5130118375253556
Q9VQQ9,gi:24661352,0,0.5109587737684081
gi:17986113,gi:28571421,0,0.48561245506956374
P32100,gi:24650084,0,0.49061964788337276
gi:17136294,gi:17137188,0,0.4816789719849492
gi:19920464,gi:21356429,0,0.46330512285295766
gi:24644626,gi:28573034,0,0.4631784614704943
Q9NK57,gi:17137344,0,0.48872033960745287
P28159,gi:24666894,0,0.4749357307467953
P09491,gi:21357547,0,0.48757483716418276
gi:21357953,gi:24584776,0,0.47196155649154103
Q24337,gi:17137168,0,0.5013123216111404
gi:24582219,gi:24643516,0,0.5175183921328094
Q9VSC1,gi:24650122,0,0.4587951245300378
gi:21357483,gi:24644093,0,0.4993116295187536
gi:24584736,gi:24642517,0,0.5812431725211313
gi:21357471,gi:24581203,0,0.4588583675868776
gi:24649998,gi:24659170,0,0.4574407482118177
Q06559,gi:19921122,0,0.5587544819390147
gi:19922906,gi:24652652,0,0.5003304263575791
gi:19922166,gi:24648294,0,0.5115583187843618
gi:24641827,gi:24659272,0,0.4841225252826156
gi:20129257,gi:24667063,0,0.5376053746995406
Q24253,gi:21358161,0,0.495601949868782
P50887,gi:24640040,0,0.4931290738845526
gi:24580815,gi:24662729,0,0.4989932562812546
P49258,gi:20130151,0,0.49166489241357986
gi:17737549,gi:24666096,0,0.4780387867848435
Q9V597,gi:24664652,0,0.48465817704227354
gi:24642418,gi:24642808,0,0.4795909656953984
gi:21358175,gi:24665958,0,0.47616937131540216
gi:21355851,gi:24650924,0,0.49671113175386816
gi:18859877,gi:21357861,0,0.46472534939069793
gi:24642561,gi:24644880,0,0.48342283999666447
gi:24648592,gi:24654660,0,0.48405891491580827
gi:24653760,gi:24661424,0,0.4720885075012803
gi:24583567,gi:24640973,0,0.48633908173039714
P35381,Q8INW0,0,0.5727564837722313
gi:17136826,gi:24664284,0,0.4897654283213686
gi:17530833,gi:24639988,0,0.49119253174324984
Q01071,gi:19920984,0,0.4880202954909169
gi:21357915,gi:24647905,0,0.486275454651676
gi:21357037,gi:24657877,0,0.4736388977612975
gi:24644057,gi:24646908,0,0.4852943503936016
P26308,gi:24666053,0,0.47512627886486236
gi:17647939,gi:24647685,0,0.47047520217665556
Q9VD25,gi:24662753,0,0.49515626413954095
P41092,gi:20130399,0,0.5026125732298566
Q01083,gi:24654086,0,0.4897654283213686
gi:20129901,gi:24648615,0,0.48180615184957315
Q24046,gi:24583408,0,0.46472534939069793
gi:19922900,gi:24581061,0,0.47965453476853637
gi:20129291,gi:24586595,0,0.5437207910787822
Q9W5R8,gi:24655245,0,0.4990569308717067
P15330,gi:24657699,0,0.5197706471047222
gi:24655228,gi:24658772,0,0.5045762656550936
P08570,gi:24650346,0,0.5185626036353135
gi:18859953,gi:24641156,0,0.48776574550021445
gi:17137574,gi:24651203,0,0.4707924781018802
gi:18859939,gi:24650346,0,0.48757483716418276
gi:19921554,gi:24648010,0,0.48472179217415284
gi:24583944,gi:28571481,0,0.46163228194026457
P18432,gi:18860099,0,0.47170766536747516
gi:21357211,gi:24654769,0,0.5479045359795478
gi:19922526,gi:24648682,0,0.47060210969803273
gi:17864256,gi:24653887,0,0.46330512285295766
gi:21357511,gi:28574949,0,0.4689893713243094
gi:24639548,gi:24641134,0,0.48554883319356523
gi:21358205,gi:21358587,0,0.4676309039239403
gi:24657590,gi:24668389,0,0.46627291624550604
gi:24643822,gi:24657747,0,0.48465817704227354
P49258,gi:24657684,0,0.5004845516488832
Q8T053,gi:21357683,0,0.4849126405321557
gi:24647137,gi:24650377,0,0.5256599106560405
gi:17137634,gi:28573740,0,0.47506276201797604
Q9VSJ8,gi:21358323,0,0.4955382800344423
P02824,gi:24639790,0,0.5209416251751642
gi:24646365,gi:24651265,0,0.4949015899906661
gi:19920406,gi:24645942,0,0.4810799547633045
gi:19921312,gi:24651625,0,0.603338285492335
gi:17137454,gi:28574675,0,0.4819969260615125
gi:24650747,gi:24665132,0,0.48465817704227354
gi:19922746,gi:20130121,0,0.47215198436093847
gi:17137558,gi:20129735,0,0.4646619920502801
gi:24665565,gi:24666394,0,0.4779752351482329
P50887,gi:24649183,0,0.5004845516488832
gi:24655187,gi:28573486,0,0.49398348030135913
gi:19920866,gi:19922620,0,0.5006119011603244
gi:21355785,gi:24654578,0,0.47512627886486236
gi:24651052,gi:24667917,0,0.4841225252826156
gi:21356895,gi:21357797,0,0.4674406847301457
gi:21357669,gi:24663861,0,0.4864663372140996
P13238,gi:17137528,0,0.46601938454702924
gi:24656431,gi:24665172,0,0.4897017803338638
gi:18858089,gi:24584372,0,0.47370239602737785
gi:21357355,gi:24640672,0,0.5169192543738098
gi:21357223,gi:24650984,0,0.4603399267953573
gi:20129967,gi:24580965,0,0.5047405001646573
Q24133,gi:24659572,0,0.5095317520956529
Q06559,Q95RI5,0,0.5596334350910708
gi:17648053,gi:20129277,0,0.49566561984576524
gi:24639690,gi:24659451,0,0.5392777502447681
gi:20129085,gi:24658577,0,0.46453528079294976
gi:24650202,gi:24662729,0,0.4989295817234569
gi:24648643,gi:24659451,0,0.5390878988641371
gi:24651589,gi:24663462,0,0.6145802068403045
gi:22026831,gi:24668585,0,0.48399530506553823
gi:24583929,gi:24647609,0,0.521413277063054
gi:17137344,gi:24582104,0,0.488147572824605
gi:19922620,gi:28574876,0,0.5017580412080337
gi:17137572,gi:24656545,0,0.5211958722639414
gi:24642756,gi:24647897,0,0.4767411740031681
gi:19922144,gi:24668202,0,0.49753887702063293
P08630,P10041,0,0.479400262449482
gi:17137002,gi:18860099,0,0.46917966552016815
P25867,gi:24640855,0,0.48925625388570987
gi:24647609,gi:28574555,0,0.5220488225144649
gi:24580765,gi:24656959,0,0.4704117498464338
Q9VXK0,gi:24650248,0,0.48982907664070174
P13008,gi:24652905,0,0.507977258337863
P23696,gi:21356363,0,0.5183451000940663
gi:21358145,gi:24666933,0,0.48095278867490776
gi:17647245,gi:24651703,0,0.5080409168325803
Q9TX74,gi:24654479,0,0.5015670188244831
gi:24649824,gi:24652680,0,0.46305180483947705
gi:19920354,gi:24649427,0,0.5032492995902857
gi:24649638,gi:24650084,0,0.49157446726083615
gi:17648123,gi:24651100,0,0.4810799547633045
gi:24650530,gi:28573893,0,0.4915108106461748
gi:24639649,gi:24658403,0,0.4748087027193688
P07181,gi:24640905,0,0.48393169573386274
gi:21358481,gi:24642287,0,0.4588583675868776
P46824,gi:28574529,0,0.49223781734796823
P48451,gi:28573729,0,0.4852943503936016
gi:24584645,gi:24660416,0,0.5166012379541761
gi:24646114,gi:28573207,0,0.4895108383829366
Q9VPH7,gi:24582205,0,0.48561245506956374
gi:19920604,gi:24638978,0,0.47629643323340604
gi:19920484,gi:21357369,0,0.47965453476853637
gi:19920954,gi:24666997,0,0.46305180483947705
gi:20428641,gi:24648690,0,0.48944719174336265
gi:17136920,gi:24648828,0,0.5037217761515489
gi:20130261,gi:28571487,0,0.49293808647147486
P20354,gi:24645300,0,0.4867208534288844
gi:17136412,gi:24582182,0,0.47196155649154103
Q9VXE0,gi:19922904,0,0.4602766532242645
gi:21357195,gi:24651671,0,0.5050588437444139
gi:21356033,gi:24638591,0,0.49138349824473965
gi:18858125,gi:24585013,0,0.4960476425875541
gi:24641280,gi:24647468,0,0.4833592354248887
gi:18543285,gi:21356221,0,0.5504799028020004
gi:21355911,gi:28573207,0,0.4895108383829366
gi:17530817,gi:24659451,0,0.5376953123893808
gi:18921097,gi:21357023,0,0.4945564784689445
gi:21687233,gi:28574903,0,0.47060210969803273
gi:19922440,gi:24654441,0,0.5162832080874948
gi:24654383,gi:24655840,0,0.5153022897693369
P05205,gi:24650084,0,0.4908106065068743
gi:24656694,gi:28571537,0,0.4602766532242645
gi:17137224,gi:19921752,0,0.4958566306119291
Q9VKH0,gi:24640566,0,0.45892161196914727
gi:24641209,gi:24668202,0,0.47965453476853637
Q9VN93,gi:28571421,0,0.4588583675868776
gi:24662048,gi:24664199,0,0.5096221694738409
gi:19920906,gi:24650435,0,0.47158072528577577
gi:24650373,gi:24666323,0,0.5123856168469404
gi:20130157,gi:24583803,0,0.49896648066305704
gi:24650609,gi:28558748,0,0.5020127369114764
gi:24644521,gi:24653690,0,0.4631784614704943
gi:24639301,gi:24648010,0,0.5204966667431411
P14130,gi:24643731,0,0.46879908614633903
gi:24656151,gi:28574275,0,0.4574407482118177
gi:18860545,gi:26080381,0,0.5083223165187973
Q23985,gi:24639124,0,0.5342581210043699
gi:17864452,gi:24762755,0,0.47047520217665556
gi:24580900,gi:24639782,0,0.5160287746850134
Q9XTM1,gi:21356861,0,0.5046768309792025
gi:24581467,gi:28571762,0,0.4787010689974092
P02516,gi:21358085,0,0.48250568280295253
gi:23397623,gi:24583067,0,0.5206505311883524
gi:21357871,gi:24648690,0,0.4716441948682319
gi:24645148,gi:24647233,0,0.4908106065068743
gi:24582212,gi:24653422,0,0.5154931331052306
gi:17738125,gi:19922274,0,0.48399530506553823
Q05201,gi:20129967,0,0.5046768309792025
P54399,gi:24638750,0,0.5018217152245918
gi:21687092,gi:24663481,0,0.5074679812408373
gi:24641148,gi:24645538,0,0.5031856273944222
P00034,gi:24663292,0,0.49030138962142483
gi:24648207,gi:24667422,0,0.48120712330293913
gi:24653245,gi:28573576,0,0.47499924597793874
gi:24649087,gi:24651671,0,0.5046131616420637
P05205,gi:24667703,0,0.47512627886486236
gi:17137706,gi:24585499,0,0.48852941398119143
O18405,gi:24642517,0,0.5813671547906931
gi:24585499,gi:28558744,0,0.5215403917652114
gi:19921778,gi:24647343,0,0.48180615184957315
O16011,gi:24655245,0,0.5139662645683896
gi:24640704,gi:24641578,0,0.4787646286315399
gi:24642543,gi:24647224,0,0.49157446726083615
gi:24641090,gi:28572977,0,0.46911623312295053
gi:24650714,gi:24668504,0,0.47072902102040937
gi:19920608,gi:24638845,0,0.5451371400199989
gi:17864630,gi:24648966,0,0.4822512998324798
gi:17136820,gi:19920776,0,0.5522074861952341
gi:19922516,gi:24585240,0,0.48893803111687917
gi:24640353,gi:24644059,0,0.532710124209341
P40320,gi:24646718,0,0.4779116842246285
gi:17530857,gi:19920978,0,0.5009939491522167
gi:17136826,gi:24582741,0,0.490020023569051
gi:17137188,gi:21357365,0,0.48180615184957315
gi:17737727,gi:24642214,0,0.4760423124822439
gi:19922444,gi:24656346,0,0.4720250315441346
gi:19922310,gi:24645216,0,0.48250568280295253
Q24404,gi:19922798,0,0.5139662645683896
gi:24647339,gi:24654872,0,0.4722154621210693
P40657,gi:28571396,0,0.5464265103007385
gi:24646607,gi:24663523,0,0.4765505662584537
P08182,gi:24640672,0,0.5158646929910535
gi:21357761,gi:24652641,0,0.661373881767302
P14734,gi:24581355,0,0.4782294459522191
gi:24639368,gi:28572036,0,0.49119253174324984
gi:24581873,gi:24640704,0,0.47952739728314225
P02267,gi:24640973,0,0.4869753765303388
gi:24642191,gi:24650530,0,0.4602766532242645
gi:18858217,gi:24662830,0,0.47914600080300723
gi:24645515,gi:30923537,0,0.48710264062237485
gi:21356081,gi:24654172,0,0.4631784614704943
gi:24581939,gi:24657496,0,0.47816589218888617
O61443,gi:18859793,0,0.464788707869585
Q9VV43,gi:24652218,0,0.4693065333002276
gi:21356987,gi:24650168,0,0.4841225252826156
gi:17137188,gi:24645902,0,0.48218770552214707
gi:21358161,gi:24647905,0,0.49477425390009555
gi:19921494,gi:24649214,0,0.48703900836629754
P31009,gi:24581467,0,0.4861482018307892
gi:24645585,gi:24661455,0,0.4660827658310667
gi:19921144,gi:24654263,0,0.46169558245287884
gi:21355603,gi:24651303,0,0.4957929602194035
Q9VSJ8,gi:24581061,0,0.4950925953615167
Q9XYN7,gi:20129705,0,0.4760423124822439
gi:17136748,gi:24583414,0,0.46175888420063865
gi:24654325,gi:24661625,0,0.4909379137491394
gi:24583515,gi:24647823,0,0.47648703185867913
P40688,gi:24643634,0,0.5104496086185888
P13217,Q01083,0,0.49008367319507723
gi:20129587,gi:28571791,0,0.4676309039239403
gi:24643209,gi:28574764,0,0.47661410141715826
gi:28573551,gi:28573879,0,0.5063589458821918
P07487,gi:24650658,0,0.5055312902759437
gi:24584798,gi:28571660,0,0.5145388723523313
P52295,gi:22026934,0,0.5003304263575791
gi:17647819,gi:24654479,0,0.5020127369114764
P07183,gi:24644064,0,0.5064226103122795
gi:24662634,gi:24762594,0,0.4820605186346085
gi:24641439,gi:24651397,0,0.4618854913935259
gi:24649312,gi:24662155,0,0.4689893713243094
O97125,gi:24639885,0,0.5477152580487518
gi:21357035,gi:24639243,0,0.4588583675868776
P29310,gi:17738007,0,0.512985079891801
gi:21355613,gi:21357761,0,0.6615449868780797
gi:19922518,gi:21358161,0,0.4960476425875541
gi:22026880,gi:24665176,0,0.48710264062237485
P21461,gi:24655003,0,0.5123856168469404
gi:24643702,gi:24654441,0,0.5632508489302464
gi:17864228,gi:21356995,0,0.4973478575195387
gi:21357897,gi:24641555,0,0.5356787593340934
gi:24586591,gi:24654578,0,0.47525331497100265
P00034,Q9VCE6,0,0.48621182801778695
gi:17647523,gi:24664395,0,0.507977258337863
gi:24641727,gi:24646017,0,0.48256927996758076
gi:22026831,gi:24640704,0,0.48316842495274526
gi:24585156,gi:24642404,0,0.5139395096898574
gi:19921140,gi:24638845,0,0.5441896390093108
gi:24584736,gi:24655623,0,0.470348298472572
gi:24641919,gi:24656245,0,0.46459863585035593
gi:22026831,gi:24666118,0,0.48418613616390344
gi:21358529,gi:24666240,0,0.5095317520956529
gi:24649236,gi:24650662,0,0.48418613616390344
gi:17137700,gi:24642884,0,0.5353619919488968
gi:19920464,gi:24646729,0,0.479400262449482
Q24570,gi:24581879,0,0.47158072528577577
gi:22024201,gi:24580914,0,0.47616937131540216
gi:24638591,gi:24651333,0,0.49157446726083615
gi:20128841,gi:24642233,0,0.48757483716418276
gi:21357113,gi:24667063,0,0.5366555196992345
gi:21357455,gi:24642247,0,0.47667763733274543
P49630,gi:24643270,0,0.4676309039239403
P54611,gi:24655623,0,0.47629643323340604
gi:24581574,gi:28574406,0,0.5178363683304233
gi:17648053,gi:24642588,0,0.49547461034481094
P54611,gi:24644642,0,0.4803169955764136
gi:24582210,gi:24645745,0,0.4574407482118177
gi:24585158,gi:24762594,0,0.48218770552214707
gi:17647911,gi:17981755,0,0.4767411740031681
Q9W3C1,gi:24651173,0,0.46769431241561893
P07666,gi:19922620,0,0.5030850574139101
gi:24639187,gi:24659341,0,0.507977258337863
gi:21357023,gi:21687194,0,0.4945564784689445
gi:28572036,gi:28574443,0,0.49036504065313447
Q9U405,gi:17647335,0,0.47215198436093847
O77430,gi:24651979,0,0.4811435387277439
gi:21356595,gi:21358161,0,0.4988659072003792
gi:17933606,gi:24643437,0,0.4765505662584537
gi:18859929,gi:24666790,0,0.4788281889532162
P20480,Q9GU68,0,0.4736388977612975
P12982,gi:24639044,0,0.48710264062237485
gi:24583067,gi:24657218,0,0.5078767096817222
P19109,gi:18859825,0,0.4979476933950219
P04657,gi:24582096,0,0.487166273296511
gi:19920546,gi:21356995,0,0.4973478575195387
gi:19920428,gi:24641567,0,0.48561245506956374
gi:24582589,gi:24657292,0,0.46627291624550604
P12982,gi:24654735,0,0.487166273296511
gi:20129113,gi:24656168,0,0.4885930554874974
O46036,gi:17137184,0,0.5167284461500689
gi:21357817,gi:28573995,0,0.5818629809480463
gi:18859713,gi:24657023,0,0.4787646286315399
gi:24584547,gi:24639272,0,0.5358688059648531
gi:17864238,gi:18543289,0,0.49845708542759076
P06603,gi:18543273,0,0.47778458452463574
gi:24640973,gi:24648828,0,0.5037217761515489
Q24564,gi:21357187,0,0.603338285492335
gi:21356031,gi:21358323,0,0.48659359445242034
gi:18859825,gi:24639917,0,0.49877545714153926
gi:21356073,gi:24643474,0,0.48852941398119143
gi:21355785,gi:24659451,0,0.5391511839204691
O16797,gi:24654934,0,0.533560919503054
gi:24643106,gi:24643817,0,0.47474518992717474
gi:19921448,gi:20128797,0,0.706555590935899
gi:19920576,gi:24655034,0,0.4803805720516263
gi:24648615,gi:24665973,0,0.48256927996758076
P13060,gi:24647864,0,0.513748631640055
Q9VJV9,gi:24656362,0,0.46601938454702924
gi:24645150,gi:24651185,0,0.5062952812458795
gi:19921482,gi:24655577,0,0.5033766436637795
gi:24649007,gi:28574875,0,0.48459456240755117
gi:18543215,gi:28573691,0,0.513748631640055
gi:17137568,gi:19922708,0,0.4602766532242645
gi:18858137,gi:21357903,0,0.5123487403184486
P82910,gi:19921250,0,0.5214768347618001
gi:19921536,gi:24654471,0,0.47072902102040937
gi:17648085,gi:24639790,0,0.46769431241561893
P08044,gi:24668820,0,0.4660827658310667
gi:21355913,gi:24582283,0,0.4882748516952044
gi:20130345,gi:24667132,0,0.48561245506956374
gi:20128963,gi:24660416,0,0.5168556521779839
gi:21357211,gi:30923564,0,0.548093800054284
gi:24650248,gi:24655840,0,0.4899563742666048
gi:17137168,gi:24651326,0,0.5020127369114764
gi:17137752,gi:24645769,0,0.49839341122667585
gi:24584046,gi:24643083,0,0.46330512285295766
gi:20130391,gi:24585079,0,0.48101637141167475
gi:21357161,gi:24646212,0,0.48989272528980116
gi:24583414,gi:24586176,0,0.45892161196914727
gi:18858225,gi:24644797,0,0.5450739833762379
gi:20129227,gi:24584547,0,0.5349184697333992
Q9VGI8,gi:18858161,0,0.5651922011218836
gi:24642233,gi:24663344,0,0.48795665740556615
O44424,gi:24647885,0,0.5008029252734664
gi:22024283,gi:24584534,0,0.5478414448728579
gi:20130425,gi:21356041,0,0.4920468400301482
gi:22026843,gi:24655170,0,0.49807504104506517
gi:21355075,gi:24661681,0,0.4603399267953573
gi:19921120,gi:20130157,0,0.46175888420063865
gi:24642633,gi:24644093,0,0.5004577759430034
gi:17136212,gi:24415388,0,0.4808256250541765
gi:24644250,gi:24657218,0,0.5004208768685546
P15330,gi:19922556,0,0.5198342220603687
gi:24650660,gi:24665928,0,0.4573775353990873
gi:24585156,gi:24642430,0,0.513812258105013
gi:21955284,gi:24643394,0,0.47908243707436343
gi:17998687,gi:24665193,0,0.48982907664070174
gi:19922294,gi:24648828,0,0.5047405001646573
gi:20129845,gi:28571883,0,0.4618854913935259
gi:24639806,gi:24655741,0,0.530310178193844
gi:17137074,gi:24581061,0,0.4891289637187816
gi:20130249,gi:24650124,0,0.4867844835637715
gi:17137168,gi:30923613,0,0.5008665999285138
gi:24651671,gi:24658772,0,0.5030850574139101
O97420,gi:24582339,0,0.4980113671877925
Q01069,gi:24583256,0,0.47370239602737785
P40320,gi:21357575,0,0.4780387867848435
gi:19921338,gi:19922726,0,0.4732579261423368
gi:20128841,gi:24582212,0,0.5144116294235631
gi:20129291,gi:21356111,0,0.5434680279502465
gi:21955276,gi:24650074,0,0.488147572824605
O46036,gi:24762790,0,0.5169828560214732
P08182,gi:17136968,0,0.5168187949174643
P16163,gi:24649429,0,0.47357540034788576
gi:24638750,gi:28573879,0,0.5045762656550936
gi:20129405,gi:21357669,0,0.48710264062237485
gi:17647899,gi:24644797,0,0.5452002952116286
gi:24583965,gi:24655606,0,0.5472104495679566
gi:21356265,gi:24661651,0,0.47965453476853637
gi:21355513,gi:24641209,0,0.47889174996038714
gi:24640672,gi:24665132,0,0.5159651650308186
gi:24583820,gi:24667063,0,0.5377953131703873
P54399,Q04787,0,0.4884021320862288
Q03334,Q9W553,0,0.4822512998324798
gi:21356973,gi:21357669,0,0.4866572237244142
P10083,Q9VD25,0,0.4777210357523458
gi:24586562,gi:24649007,0,0.48589370159289147
gi:24581719,gi:24585169,0,0.5931188856104898
Q06559,gi:24666850,0,0.5593195658750159
gi:21357547,gi:24660603,0,0.48852941398119143
gi:24582283,gi:24648010,0,0.48770210898886557
gi:17137792,gi:24644398,0,0.4587951245300378
gi:17137514,gi:20128797,0,0.7066083961891994
gi:19921250,gi:24641997,0,0.490020023569051
P37161,gi:24664199,0,0.48865669736360484
gi:17864286,gi:24645184,0,0.46336845532092935
gi:21357269,gi:24657747,0,0.479400262449482
gi:21357761,gi:24652408,0,0.661373881767302
gi:24655153,gi:28571823,0,0.5607893479438513
gi:24654595,gi:24659272,0,0.518753362132788
Q27350,gi:17933722,0,0.4891289637187816
gi:20129291,gi:24647385,0,0.5427728142929501
Q9GU68,gi:24659182,0,0.4733214192617716
Q24564,gi:24652930,0,0.6004698887916442
gi:21355909,gi:24661625,0,0.5020395122014557
gi:22026916,gi:24645457,0,0.4618854913935259
gi:20130365,gi:28571447,0,0.4826328776969024
gi:19922538,gi:24581572,0,0.5138758841223
gi:20130151,gi:24656694,0,0.4899563742666048
gi:24666053,gi:24762828,0,0.4749357307467953
P15330,gi:24585242,0,0.5180538880037189
gi:24653096,gi:24665297,0,0.48329563139227283
P17276,gi:24640233,0,0.518753362132788
gi:24650862,gi:24665626,0,0.4574407482118177
gi:17136920,gi:19921872,0,0.48710264062237485
gi:17137700,gi:24659100,0,0.47778458452463574
gi:24584167,gi:24644059,0,0.4924924572860738
gi:21358485,gi:24648198,0,0.495601949868782
P49905,gi:28573466,0,0.5413186503819104
gi:19921156,gi:21357417,0,0.5064862745340786
gi:24583803,gi:24657747,0,0.49807504104506517
P53997,gi:20130007,0,0.47060210969803273
gi:24581467,gi:24643282,0,0.4797181045005047
gi:24638708,gi:28573133,0,0.4662095316823327
P02516,gi:19921860,0,0.4826328776969024
gi:21356383,gi:24663657,0,0.48944719174336265
gi:21356799,gi:24655228,0,0.5062316164054066
gi:24656161,gi:30923696,0,0.46769431241561893
gi:21356595,gi:24665132,0,0.49956632852304605
gi:21357047,gi:22024201,0,0.47642349821988167
gi:19922106,gi:28573879,0,0.505913289212876
gi:24644369,gi:24668627,0,0.45596063616678584
gi:24640971,gi:24657684,0,0.5016943671344528
gi:24648607,gi:28574851,0,0.47525331497100265
Q27297,gi:24585432,0,0.48703900836629754
P16378,gi:24654660,0,0.47215198436093847
gi:21358025,gi:24585027,0,0.4673772804327299
P29742,gi:23397598,0,0.47357540034788576
gi:24662753,gi:24664284,0,0.4957292899633274
gi:18859997,gi:21356787,0,0.46472534939069793
gi:21357677,gi:24762517,0,0.4884657728467483
P31009,gi:24646928,0,0.49030138962142483
gi:17137352,gi:24639541,0,0.46169558245287884
gi:24582096,gi:24582926,0,0.4866572237244142
gi:24581542,gi:24662973,0,0.47765748770125876
gi:24651924,gi:28571833,0,0.472278940779633
gi:24666886,gi:28574284,0,0.5070860131888839
gi:18857949,gi:24643761,0,0.4974115306033014
gi:19920876,gi:24650577,0,0.47215198436093847
gi:17136864,gi:21357037,0,0.48044414916223255
P50887,gi:24642430,0,0.49293808647147486
gi:17136732,gi:24639299,0,0.5264486367513233
gi:24655474,gi:24762433,0,0.49598397179806913
Q02748,gi:24583894,0,0.4949015899906661
Q27324,gi:24585767,0,0.4632417915688056
Q9W1C9,gi:24581542,0,0.4775939403734235
gi:21357897,gi:24648615,0,0.4820605186346085
gi:17136920,gi:20129739,0,0.48684811412701606
P12982,gi:21356895,0,0.4866572237244142
gi:24583312,gi:24654327,0,0.4692430989132719
gi:17998687,gi:28573278,0,0.5289142463129562
gi:21355365,gi:24659272,0,0.48393169573386274
gi:17137642,gi:24666944,0,0.4720250315441346
P00528,gi:20130249,0,0.5136213773753634
gi:21355917,gi:24668824,0,0.4792095652068921
P02828,gi:18859635,0,0.5140935139640226
O96860,gi:24654245,0,0.5163468151242571
P23380,gi:21355681,0,0.46459863585035593
P12881,gi:24645413,0,0.4722154621210693
P17276,gi:17137488,0,0.5192620245820493
gi:19921312,gi:24641555,0,0.6001643305023375
gi:17738153,gi:19922072,0,0.4782294459522191
gi:18859977,gi:28573590,0,0.4882112120688212
Q06559,gi:21355815,0,0.5591940048959441
Q9VMW8,gi:24650084,0,0.4911288768111815
gi:21356061,gi:24642662,0,0.4775939403734235
P40427,gi:17647939,0,0.4924924572860738
gi:19920786,gi:21357761,0,0.6616020125309408
Q23985,gi:24657747,0,0.5338144626350895
Q9NGC3,gi:24643394,0,0.4716441948682319
gi:21355643,gi:24581719,0,0.5917659245481095
P13496,gi:24649158,0,0.5049951753483469
Q9V597,gi:28574764,0,0.4788281889532162
gi:21357151,gi:24666524,0,0.5043584828179632
gi:20129563,gi:24582606,0,0.4662095316823327
gi:24643702,gi:24666894,0,0.5655051368719257
gi:18857967,gi:24645975,0,0.4602766532242645
gi:24648207,gi:24658567,0,0.5233464146534985
gi:24583009,gi:24649519,0,0.4852943503936016
Q8T0S6,gi:24580817,0,0.5065767096614849
gi:19921482,gi:24649427,0,0.5033766436637795
Q01083,gi:24665932,0,0.49008367319507723
gi:19920354,gi:19921294,0,0.4779116842246285
P25843,gi:24667917,0,0.4837408708709706
gi:20129227,gi:21355909,0,0.5021668596127282
gi:24583279,gi:24585943,0,0.5059769550431905
P08879,gi:28571819,0,0.4732579261423368
Q06559,gi:28574764,0,0.5590684363444766
Q8T0S6,gi:24648826,0,0.5077226217927916
gi:17985985,gi:21356963,0,0.47376589514408446
gi:17136968,gi:19922596,0,0.4945564784689445
gi:17136294,gi:24638718,0,0.47927313028396695
gi:17737503,gi:24653614,0,0.4822512998324798
Q9TX74,gi:24639740,0,0.4732579261423368
gi:24643666,gi:24762808,0,0.4676309039239403
P04814,gi:24644677,0,0.4854852117859113
gi:24659829,gi:24668563,0,0.4765505662584537
Q94524,gi:28573679,0,0.5001394019042232
gi:24640973,gi:24651524,0,0.4867208534288844
Q27297,gi:24580809,0,0.4864663372140996
gi:21357711,gi:24585236,0,0.5121578305468968
P30052,gi:21357903,0,0.5136213773753634
P13008,gi:28573761,0,0.5078499405744411
P52485,gi:19922620,0,0.5011212982469618
Q9V597,gi:19922620,0,0.5010576237167417
gi:20129369,gi:24641148,0,0.5033766436637795
gi:18858007,gi:24583134,0,0.4837408708709706
gi:20130425,gi:24647572,0,0.4803805720516263
gi:19922106,gi:22024283,0,0.5475259663156348
P54357,gi:24582879,0,0.49261977872413315
gi:18858125,gi:24581719,0,0.5917659245481095
P07187,gi:24653350,0,0.5540232066289371
gi:24645621,gi:24650814,0,0.47946382953381966
gi:19920546,gi:24649795,0,0.46459863585035593
gi:24640527,gi:24648592,0,0.48316842495274526
Q06559,gi:21357605,0,0.5596962032218338
gi:17738007,gi:24662973,0,0.47914600080300723
gi:24662431,gi:24662830,0,0.5010576237167417
gi:24640233,gi:24641148,0,0.5023578801973543
gi:21356235,gi:24643702,0,0.5651922011218836
gi:17136368,gi:20129009,0,0.4722154621210693
P02824,gi:24641921,0,0.5196066530175231
gi:24649210,gi:24666850,0,0.47053865546120077
gi:24585242,gi:24647759,0,0.4998847025794178
P18459,gi:28573304,0,0.48399530506553823
P51123,gi:28574582,0,0.5427728142929501
gi:24655187,gi:24661359,0,0.4944559166757515
O97420,Q9Y0I1,0,0.4806348842858847
gi:21356041,gi:24645869,0,0.4930285192205198
gi:17647979,gi:28574443,0,0.5201788193393718
Q24133,gi:24652842,0,0.5087042547383087
gi:24648668,gi:28574886,0,0.4955382800344423
O16130,P10333,0,0.4676309039239403
gi:24646273,gi:24762433,0,0.4602766532242645
gi:21355717,gi:24645413,0,0.4745546564612013
gi:21355851,gi:24666790,0,0.49671113175386816
P48149,gi:24580900,0,0.48174256162155793
gi:20130345,gi:24649473,0,0.4849126405321557
gi:17137188,gi:17137558,0,0.48231489471778166
gi:24653690,gi:28574516,0,0.4689893713243094
Q04787,gi:18858095,0,0.4882112120688212
gi:17985985,gi:17986113,0,0.4849126405321557
gi:19921778,gi:24651690,0,0.4760423124822439
gi:24585132,gi:26080381,0,0.5081950015980202
gi:24582294,gi:24644504,0,0.5198977963736873
gi:28573684,gi:28574692,0,0.4692430989132719
gi:17137398,gi:24583134,0,0.48361365692638825
gi:24581310,gi:24643310,0,0.46175888420063865
P14199,gi:24667089,0,0.5135577495797479
gi:21357621,gi:24646436,0,0.4588583675868776
gi:24655778,gi:24663462,0,0.614097446450832
gi:24583741,gi:24655577,0,0.5035039872991959
gi:17137616,gi:24653084,0,0.550858028373828
P08182,gi:17738243,0,0.5175183921328094
gi:20129563,gi:24642254,0,0.46633630189766906
gi:24650873,gi:24651688,0,0.47512627886486236
gi:24585027,gi:24654944,0,0.4660827658310667
gi:17136826,gi:24655170,0,0.4976293254709811
gi:17647939,gi:24650786,0,0.4704117498464338
O18413,gi:24649162,0,0.4693065333002276
gi:24643447,gi:28558748,0,0.5358320965609222
gi:20128863,gi:24645058,0,0.5046399350791871
gi:21355279,gi:24645724,0,0.47047520217665556
gi:21357483,gi:24639601,0,0.48561245506956374
gi:24646928,gi:24668006,0,0.4908742599800555
gi:18921139,gi:19920746,0,0.488147572824605
O01666,Q02360,0,0.47648703185867913
gi:18859735,gi:24665958,0,0.4702213986020737
gi:24661332,gi:24664191,0,0.46750409007917304
gi:20129563,gi:24665784,0,0.470348298472572
P22700,P51123,0,0.47765748770125876
Q23985,gi:24640430,0,0.5319124723156637
gi:19920576,gi:24642267,0,0.4818697426669402
gi:24640672,gi:24640804,0,0.5167284461500689
P23696,gi:21358039,0,0.5164371684709658
P35415,gi:22023983,0,0.49144715430678837
Q9W5R8,gi:23397623,0,0.5210319163833664
gi:24641792,gi:28571891,0,0.5013123216111404
gi:18860099,gi:19921254,0,0.46873565976714726
Q04787,gi:24639299,0,0.48770210898886557
Q03334,gi:24666053,0,0.4818697426669402
gi:24584148,gi:24641689,0,0.5802248599724519
gi:24659451,gi:24663523,0,0.5383916805211864
gi:19923044,gi:24581686,0,0.4702213986020737
gi:18859847,gi:28573590,0,0.4885930554874974
gi:20129291,gi:21357871,0,0.5430888413194968
gi:17137752,gi:24655341,0,0.49845708542759076
gi:24584167,gi:24667521,0,0.4930654111879525
gi:21357761,gi:24642799,0,0.6605177238774943
gi:17737533,gi:24647137,0,0.5234366672502946
gi:17864318,gi:24645951,0,0.4779116842246285
Q24475,gi:17737881,0,0.4765505662584537
P13469,gi:24641555,0,0.5361855271735096
Q24210,Q9XYN7,0,0.4762329018898217
gi:24643310,gi:24648514,0,0.47053865546120077
gi:17136212,gi:24581314,0,0.5024852268748224
gi:19922186,gi:24581939,0,0.4787646286315399
gi:18859717,gi:24641555,0,0.5362488679206452
Q9VPS5,gi:19923028,0,0.5138758841223
P10987,gi:24661787,0,0.5080409168325803
P17917,gi:24648302,0,0.46775772195078613
gi:24640625,gi:24644888,0,0.48095278867490776
gi:19922086,gi:24652780,0,0.47376589514408446
gi:24586167,gi:24656486,0,0.5098131218135732
gi:18859713,gi:19920978,0,0.4802534197386471
gi:24650342,gi:24651238,0,0.4760423124822439
gi:21355507,gi:28574125,0,0.4648520674849171
gi:24655850,gi:24664627,0,0.48554883319356523
gi:24655153,gi:24762779,0,0.5607266133421073
gi:19920370,gi:24662495,0,0.4693065333002276
gi:24584372,gi:24643118,0,0.5370354940104516
Q24320,gi:24647901,0,0.46040320164476556
gi:18858169,gi:24655170,0,0.4989028061196077
Q9V3S0,gi:17136292,0,0.46163228194026457
gi:17137146,gi:19920786,0,0.4618854913935259
gi:24639548,gi:24651671,0,0.503785447395466
Q24337,gi:20130151,0,0.4893835454459258
Q24141,gi:24644026,0,0.5064226103122795
gi:18859939,gi:24582746,0,0.5054676231465471
gi:18858007,gi:24638609,0,0.4733214192617716
gi:24582926,gi:24665583,0,0.5653173816712395
gi:17647343,gi:24651028,0,0.48510349329049335
gi:24646737,gi:24762669,0,0.4880202954909169
gi:21356727,gi:24653988,0,0.48982907664070174
P31009,gi:18858055,0,0.48633908173039714
gi:24582170,gi:24647285,0,0.4707924781018802
gi:20130391,gi:24640233,0,0.48399530506553823
gi:21357721,gi:24663292,0,0.49125618696090756
gi:24581061,gi:24666004,0,0.47965453476853637
gi:24664062,gi:24666524,0,0.5049951753483469
Q9NGC3,gi:24655034,0,0.4805077269061795
gi:24643110,gi:28571815,0,0.4960476425875541
gi:21355513,gi:24644987,0,0.47499924597793874
gi:17137752,gi:19921992,0,0.49877545714153926
gi:18858125,gi:28574529,0,0.49451958376926763
gi:17738085,gi:24638872,0,0.4602766532242645
gi:21357483,gi:24665583,0,0.564566173966392
P02843,gi:19921422,0,0.48101637141167475
gi:24648294,gi:24665135,0,0.5120037951291891
gi:17137726,gi:24653988,0,0.46336845532092935
gi:24654383,gi:24657317,0,0.5153022897693369
gi:24640689,gi:24650589,0,0.46633630189766906
O46084,gi:21356397,0,0.4824420862050733
gi:17975583,gi:28574009,0,0.49903015524002936
gi:19921250,gi:21358101,0,0.4976293254709811
P18491,gi:28571791,0,0.46750409007917304
gi:24642134,gi:24652897,0,0.534067988298564
P20483,gi:28571445,0,0.4941744780087606
gi:24651935,gi:24762582,0,0.4746816779520526
gi:17137454,gi:24582283,0,0.4875112018549693
Q9V3S0,gi:24663462,0,0.6145802068403045
gi:24644797,gi:24655912,0,0.5451371400199989
gi:19921312,gi:24661136,0,0.6016913379621935
gi:17933532,gi:24585353,0,0.4940471460114556
gi:24665297,gi:28573799,0,0.48329563139227283
gi:19921554,gi:21356041,0,0.49185586503345
O44437,gi:24666096,0,0.4780387867848435
gi:24644797,gi:24648828,0,0.5431154180740377
P16163,gi:21358129,0,0.4732579261423368
gi:17137572,gi:17530825,0,0.5204966667431411
Q24404,gi:24649861,0,0.5154931331052306
gi:21356429,gi:24640635,0,0.47816589218888617
gi:17647891,gi:24650758,0,0.4673138771889561
gi:21687133,gi:24642922,0,0.46040320164476556
gi:17530817,gi:24662626,0,0.4928107626710516
gi:24652999,gi:24653350,0,0.5529531226477852
gi:17647523,gi:28573729,0,0.5067677001406488
Q24141,gi:24583962,0,0.5064862745340786
gi:20129669,gi:24580900,0,0.4781023391324111
gi:21356397,gi:24655741,0,0.5292315440635084
P07207,gi:19920876,0,0.4924287969312005
gi:24647779,gi:24661523,0,0.4930654111879525
gi:17933528,gi:24660182,0,0.47170766536747516
gi:24642191,gi:24642517,0,0.5816770654690823
gi:20129061,gi:24652652,0,0.4989295817234569
gi:21357653,gi:24656494,0,0.4943654774165341
gi:20129087,gi:21355717,0,0.47525331497100265
gi:17136732,gi:24661689,0,0.5268296012552575
P10379,gi:21686989,0,0.4646619920502801
gi:24649103,gi:24649183,0,0.5019490630783784
gi:24641921,gi:24651326,0,0.49903015524002936
P40320,gi:17738007,0,0.4787646286315399
P11455,gi:24641831,0,0.6183548900079159
P35128,gi:24638708,0,0.46633630189766906
gi:24643151,gi:24762779,0,0.49391981478638536
gi:24641831,gi:24653912,0,0.6202764508804272
gi:20129277,gi:24641790,0,0.5135577495797479
gi:24583474,gi:24658069,0,0.4779752351482329
gi:24581429,gi:24661359,0,0.4950289267426531
gi:19921312,gi:24653645,0,0.6033992388367889
gi:24641794,gi:24667876,0,0.46627291624550604
gi:24640683,gi:24641567,0,0.4853579703838712
gi:17137452,gi:24585926,0,0.47518979651655296
gi:24661830,gi:24666323,0,0.5121310706136016
gi:19922992,gi:24586472,0,0.4856760774118486
gi:24583012,gi:24642484,0,0.4806348842858847
gi:24581711,gi:24656346,0,0.4720885075012803
gi:21356727,gi:21357711,0,0.5125396464873198
gi:24581976,gi:24642021,0,0.49372881943284236
gi:18860011,gi:24646365,0,0.5048309424402851
Q9W5R5,gi:24655850,0,0.4852943503936016
P52029,gi:24649236,0,0.48405891491580827
gi:24650924,gi:28573310,0,0.4982023889448557
P53034,gi:19920746,0,0.4885930554874974
Q01644,gi:24638625,0,0.501721142551751
gi:17136782,gi:24639800,0,0.45892161196914727
gi:24639021,gi:28573604,0,0.4897017803338638
gi:21356575,gi:24644958,0,0.46336845532092935
gi:20129381,gi:24647265,0,0.46601938454702924
Q8INW0,gi:24655751,0,0.5726318259944557
P17704,gi:24663055,0,0.471898082345539
Q24404,gi:24656772,0,0.5154295191592402
gi:20130085,gi:24583279,0,0.5505429277938728
Q9W5N0,gi:19920406,0,0.4811435387277439
gi:17737302,gi:24663246,0,0.5193891839968964
P48149,gi:24650124,0,0.4860209508057039
P31009,gi:24582471,0,0.48703900836629754
P25007,gi:24584043,0,0.5104496086185888
gi:24641090,gi:28573173,0,0.4895744853625859
gi:20129819,gi:28571506,0,0.4648520674849171
gi:24584030,gi:24652940,0,0.4838680869228385
P22813,P30052,0,0.464788707869585
gi:19921856,gi:24641148,0,0.5031219550952342
Q9VTF9,gi:24646782,0,0.46750409007917304
gi:21356481,gi:28571762,0,0.479400262449482
gi:24639705,gi:24668290,0,0.46917966552016815
gi:17530833,gi:24642799,0,0.4837408708709706
gi:24650168,gi:24657172,0,0.48418613616390344
gi:18858231,gi:24649519,0,0.4849126405321557
gi:19922950,gi:24584043,0,0.510767839445185
gi:24650311,gi:24654891,0,0.48710264062237485
Q24133,gi:24643634,0,0.5087310223284406
gi:17864162,gi:24645384,0,0.503785447395466
P19538,gi:21355581,0,0.5979460094266708
gi:19920692,gi:28573544,0,0.48982907664070174
gi:19920706,gi:21355361,0,0.49956632852304605
gi:21357227,gi:24649499,0,0.47946382953381966
gi:24642547,gi:24646782,0,0.48218770552214707
gi:17136920,gi:21356595,0,0.49924795481833684
gi:17137352,gi:24641340,0,0.46175888420063865
gi:24653219,gi:24655759,0,0.472278940779633
P16371,gi:18543285,0,0.5497234770542112
gi:24646312,gi:24665958,0,0.47616937131540216
gi:24581574,gi:24668642,0,0.470348298472572
P29742,gi:19922300,0,0.47357540034788576
gi:24585156,gi:24640570,0,0.5134304926722737
gi:21357187,gi:28571615,0,0.47066556488511446
gi:24648127,gi:24651671,0,0.5049315067902732
gi:17136256,gi:24651185,0,0.5052129528763457
gi:24640570,gi:28574920,0,0.47914600080300723
gi:21357683,gi:24643447,0,0.5370354940104516
Q24106,gi:24641535,0,0.4587951245300378
gi:17137110,gi:21357669,0,0.4869753765303388
gi:21357291,gi:24660200,0,0.45596063616678584
gi:21355099,gi:24662288,0,0.47499924597793874
gi:18079297,gi:24646212,0,0.48989272528980116
gi:24586138,gi:24645011,0,0.4901473231426219
gi:17136212,gi:24663462,0,0.6137956071393458
gi:24642301,gi:28574764,0,0.49223781734796823
gi:19921432,gi:24586562,0,0.487166273296511
P41092,gi:28573684,0,0.47765748770125876
gi:18860521,gi:24581976,0,0.4765505662584537
gi:19921286,gi:24639301,0,0.5212594323255844
gi:24643666,gi:24652770,0,0.46879908614633903
P13607,gi:24656494,0,0.4943654774165341
gi:21356121,gi:24666694,0,0.48465817704227354
gi:24639740,gi:24651273,0,0.473511903789185
gi:19922274,gi:24643702,0,0.5646287859807858
gi:24585599,gi:24655053,0,0.47778458452463574
gi:24667569,gi:28572965,0,0.4689259419269536
O18640,gi:21355811,0,0.4941744780087606
Q24570,gi:28574472,0,0.4716441948682319
gi:19920344,gi:24649080,0,0.4788281889532162
gi:24649169,gi:24663011,0,0.47765748770125876
Q9NHP1,gi:24667330,0,0.4602766532242645
gi:24643118,gi:24648592,0,0.5365921864966032
gi:21356743,gi:24663228,0,0.5307809142905923
gi:20129297,gi:24585943,0,0.5062316164054066
gi:19921338,gi:24659451,0,0.5387714547212564
gi:24639548,gi:24644552,0,0.48561245506956374
gi:21358161,gi:24655577,0,0.501848490593568
gi:24648198,gi:24668874,0,0.4960476425875541
Q9VQQ9,gi:24642517,0,0.5795684134897696
gi:19920396,gi:24641148,0,0.5026762462812981
gi:19920604,gi:24654934,0,0.48523073087991
gi:24586048,gi:24657019,0,0.46775772195078613
gi:24648751,gi:24665205,0,0.46614614821017714
gi:24581314,gi:24643755,0,0.5017848166016052
Q9VTE2,gi:17737725,0,0.4574407482118177
gi:24584536,gi:24762726,0,0.4989028061196077
Q9VCZ8,gi:19922992,0,0.48516711184485445
P00034,gi:24648615,0,0.4860209508057039
gi:24641831,gi:24649389,0,0.6200364605176231
gi:19921122,gi:28574303,0,0.5008665999285138
gi:17137572,gi:17137740,0,0.5211958722639414
gi:24583894,gi:24659135,0,0.48418613616390344
P48987,gi:24641493,0,0.4736388977612975
Q9V7D2,gi:24640527,0,0.4793366960321806
Q9W0K4,gi:24667211,0,0.49138349824473965
P22058,gi:24650284,0,0.4803805720516263
P02516,gi:24654540,0,0.48237849017599793
gi:19921312,gi:24656966,0,0.6032163691790755
gi:24667658,gi:24668704,0,0.472278940779633
gi:24640635,gi:24647905,0,0.48621182801778695
P82910,gi:17986113,0,0.5216675036778301
gi:19920984,gi:28571885,0,0.4884021320862288
gi:24653674,gi:28573820,0,0.4646619920502801
gi:24583134,gi:24651247,0,0.48348644510554384
gi:24644797,gi:24660188,0,0.5445055085662991
gi:24643394,gi:24647143,0,0.4924924572860738
gi:24581719,gi:24646434,0,0.5932418123816656
gi:17647523,gi:24762491,0,0.5076589620252898
Q94514,gi:18859749,0,0.4692430989132719
P48609,gi:24657454,0,0.46175888420063865
P42287,gi:24644994,0,0.48561245506956374
gi:18859735,gi:24645300,0,0.4865299656149624
gi:19921312,gi:24584372,0,0.6027285758543234
gi:24584645,gi:24649169,0,0.4689259419269536
gi:24581314,gi:28571147,0,0.5029946101951451
gi:24582431,gi:24585024,0,0.4662095316823327
gi:24658459,gi:24664951,0,0.4603399267953573
Q04787,gi:24646009,0,0.4878293824081545
gi:19920776,gi:21357621,0,0.5525223683104814
gi:24585060,gi:24657504,0,0.4869753765303388
gi:24586270,gi:24660308,0,0.49157446726083615
Q960T2,gi:24662262,0,0.4722154621210693
gi:18859929,gi:24581467,0,0.4787010689974092
P41126,gi:24666394,0,0.4775939403734235
gi:18860521,gi:20130345,0,0.4854852117859113
P92208,gi:21358161,0,0.49477425390009555
gi:17136860,gi:24646337,0,0.4692430989132719
gi:24584547,gi:24641682,0,0.5363122074981969
gi:19922308,gi:24646959,0,0.4574407482118177
gi:24583533,gi:24641156,0,0.4884021320862288
Q9V8K2,gi:21358167,0,0.48418613616390344
gi:21356797,gi:24668309,0,0.49347416181839265
O16797,gi:21356741,0,0.5342581210043699
gi:24582443,gi:24583279,0,0.4689893713243094
Q9VI10,gi:24646782,0,0.4676309039239403
gi:24653270,gi:28573879,0,0.5062316164054066
gi:19920386,gi:24661359,0,0.4958566306119291
P05552,gi:24645058,0,0.5059769550431905
P14734,gi:24583965,0,0.5472104495679566
gi:17738007,gi:24642016,0,0.47946382953381966
gi:21356415,gi:24644677,0,0.4848490239211516
Q9VGI8,gi:24668309,0,0.49398348030135913
gi:20128999,gi:28571396,0,0.5463633837062547
P02843,gi:24642565,0,0.4805713052814144
Q04787,gi:24649524,0,0.48852941398119143
O96827,gi:21355973,0,0.46453528079294976
O77430,gi:24647572,0,0.4803805720516263
gi:24653856,gi:24762701,0,0.48237849017599793
P18432,gi:28573427,0,0.48795665740556615
gi:24653350,gi:24660815,0,0.5554072768309222
Q06559,gi:24650914,0,0.5595706650535592
O96860,gi:24656355,0,0.5168556521779839
gi:21356339,gi:21357683,0,0.47370239602737785
P82711,gi:28573729,0,0.48561245506956374
gi:17136826,gi:24666053,0,0.4893198994926876
Q8IN94,Q9XTL9,0,0.4646619920502801
Q9VEX9,gi:24582268,0,0.48120712330293913
P32392,gi:24659221,0,0.4631151325600446
P08175,P42287,0,0.4847854078011314
gi:24639496,gi:24653088,0,0.47506276201797604
O97420,gi:28571526,0,0.4811435387277439
gi:24639308,gi:24665469,0,0.4885930554874974
P25867,gi:24639496,0,0.47591525675030316
gi:24639812,gi:24663011,0,0.477466847895704
gi:17647343,gi:24649312,0,0.4689893713243094
gi:24642363,gi:24654965,0,0.48269647598886223
Q9V564,gi:21357697,0,0.4931290738845526
gi:20130417,gi:24668519,0,0.4689259419269536
gi:17933736,gi:28571865,0,0.4838680869228385
P14734,gi:28571762,0,0.4787646286315399
gi:19921910,gi:28573934,0,0.4587951245300378
gi:24642561,gi:24650294,0,0.48393169573386274
P15278,gi:24659028,0,0.4631151325600446
gi:24584776,gi:24645887,0,0.4730674519817267
O61345,gi:24640599,0,0.47060210969803273
gi:24638868,gi:24664023,0,0.4631784614704943
gi:18858205,gi:20129085,0,0.4882748516952044
gi:24645869,gi:28574385,0,0.4940471460114556
O18373,gi:17136804,0,0.4720885075012803
gi:19921472,gi:24582239,0,0.46175888420063865
gi:24585813,gi:24645642,0,0.48865669736360484
gi:24584804,gi:24646114,0,0.47066556488511446
Q9V597,gi:24663556,0,0.4787646286315399
Q06559,gi:24645011,0,0.5585032845730596
gi:24584039,gi:24664284,0,0.4838044786345222
gi:17137682,gi:28571660,0,0.5154931331052306
Q9VYD7,gi:24640853,0,0.46614614821017714
Q9Y1A3,gi:20128797,0,0.7064499637608874
P52295,P55828,0,0.49867488386011743
gi:20129433,gi:24651897,0,0.4928107626710516
gi:24655502,gi:24668820,0,0.4807620441743187
O16011,gi:17137168,0,0.5135208775331546
P29310,gi:17985985,0,0.5132396040513452
gi:24584007,gi:28558744,0,0.5227478399903834
gi:24639548,gi:28558744,0,0.5216675036778301
O18640,P00528,0,0.5123487403184486
Q9VYR1,gi:24660504,0,0.4588583675868776
P13607,gi:24655759,0,0.49391981478638536
P23792,gi:24650658,0,0.5053402883578407
P54357,gi:28574875,0,0.48069846391753707
gi:24652733,gi:24652897,0,0.5332439662205765
Q94516,gi:24651364,0,0.4733214192617716
Q02645,gi:24640949,0,0.46472534939069793
gi:21355163,gi:24638766,0,0.48881074450532014
gi:24582306,gi:24583291,0,0.5121947077669629
gi:18543299,gi:19922680,0,0.4811435387277439
O62619,gi:24665135,0,0.46750409007917304
Q8T053,gi:24584341,0,0.48561245506956374
P08570,gi:28573684,0,0.5193891839968964
P55035,gi:28574778,0,0.4602766532242645
gi:24645644,gi:28573830,0,0.464788707869585
P54733,gi:24648592,0,0.483232027900873
gi:20129745,gi:28574875,0,0.489065319162954
gi:24583929,gi:24666850,0,0.49100156781206356
P07183,Q9VQQ9,0,0.5088583325928543
P18824,gi:24586591,0,0.4707924781018802
P07183,gi:24654881,0,0.5065499385455252
gi:17933722,gi:18858007,0,0.47927313028396695
gi:24647137,gi:24649345,0,0.525024798184445
gi:24644560,gi:24652804,0,0.4618854913935259
P07666,gi:24649236,0,0.503849118516606
gi:24585499,gi:28574764,0,0.48776574550021445
gi:21357129,gi:24651234,0,0.4618221871815267
gi:24661455,gi:24661830,0,0.46459863585035593
gi:19921950,gi:21357685,0,0.46163228194026457
P51123,gi:24649158,0,0.5041038017320959
gi:21357817,gi:24651935,0,0.5813051649396476
gi:21358569,gi:24646737,0,0.4872566646870411
gi:17137566,gi:24655228,0,0.5064862745340786
gi:18858095,gi:21357711,0,0.5135577495797479
O16011,gi:24661625,0,0.5139662645683896
P00528,gi:17137620,0,0.5124123761111171
gi:24649138,gi:24657504,0,0.48710264062237485
gi:28571108,gi:28572036,0,0.49042869199724637
gi:24643066,gi:24643578,0,0.46775772195078613
gi:24650311,gi:28574860,0,0.4866572237244142
gi:21356367,gi:21955284,0,0.4792095652068921
gi:17933604,gi:24586240,0,0.46601938454702924
P08099,gi:24643715,0,0.48250568280295253
gi:17137346,gi:24654441,0,0.5166648423220916
gi:18859991,gi:28571100,0,0.46459863585035593
gi:17137644,gi:17647911,0,0.47629643323340604
gi:21357417,gi:24656486,0,0.5088583325928543
gi:24654595,gi:24655568,0,0.5191984439378191
gi:18859961,gi:24660935,0,0.4926834398031924
gi:24585245,gi:28571660,0,0.514920589764396
gi:19920826,gi:24649499,0,0.47895531165100264
P49906,gi:21355125,0,0.4867208534288844
gi:17137586,gi:24656262,0,0.473511903789185
gi:24638862,gi:24655228,0,0.5051492848809636
gi:24584039,gi:24668551,0,0.4841225252826156
gi:21358301,gi:24582224,0,0.4781023391324111
gi:24647369,gi:24661625,0,0.4911288768111815
gi:19921144,gi:28574675,0,0.4720250315441346
gi:21357113,gi:24662729,0,0.49943897898450546
gi:17864292,gi:24581484,0,0.479400262449482
P07181,gi:28571831,0,0.48361365692638825
gi:24644242,gi:24651619,0,0.5362488679206452
Q9VG82,gi:24649721,0,0.4945564784689445
gi:17137706,gi:24665657,0,0.4944928112721774
gi:24639153,gi:28573466,0,0.5437207910787822
gi:24647285,gi:24655245,0,0.49100156781206356
Q06559,gi:24649158,0,0.5578751604179369
gi:21358205,gi:21358247,0,0.500075727074641
gi:20130199,gi:24581662,0,0.4763599653441083
P17133,gi:24641831,0,0.6202764508804272
gi:20129181,gi:20129835,0,0.5093407956379119
gi:24653760,gi:24664458,0,0.4998847025794178
gi:24653618,gi:28572129,0,0.5049951753483469
gi:19922440,gi:24584645,0,0.471898082345539
gi:24581205,gi:24583345,0,0.4736388977612975
gi:17647979,gi:21355535,0,0.5210687500838926
gi:24652652,gi:28573252,0,0.5003941011566827
Q24570,gi:24639790,0,0.47177113678146687
Q24133,gi:19922492,0,0.5095317520956529
Q01642,gi:17933748,0,0.48465817704227354
Q9VCE6,gi:18858205,0,0.48770210898886557
P08175,gi:24668321,0,0.47591525675030316
gi:17737533,gi:24655840,0,0.513812258105013
gi:24639988,gi:24668076,0,0.49138349824473965
gi:24581719,gi:24663861,0,0.5927500353789826
gi:17648053,gi:17738089,0,0.4960476425875541
gi:17137692,gi:18859747,0,0.5020127369114764
gi:24642601,gi:24664434,0,0.4675674964777814
gi:24581901,gi:26080381,0,0.5081313437379893
gi:21357817,gi:24653708,0,0.5808091538578906
gi:21356927,gi:24642543,0,0.4906833004564704
Q9VHI4,gi:21356121,0,0.4854852117859113
gi:17933736,gi:19922896,0,0.4835500507494706
gi:24666886,gi:28574830,0,0.4781023391324111
O44424,gi:21356595,0,0.500166177631379
gi:21357455,gi:24643715,0,0.48180615184957315
gi:24641831,gi:24662973,0,0.6199164433152664
P51123,gi:22024124,0,0.4779116842246285
gi:24580513,gi:24665950,0,0.48944719174336265
gi:18858171,gi:18859635,0,0.5154295191592402
P48555,gi:19920746,0,0.4878293824081545
Q960T2,gi:24644714,0,0.4722154621210693
P31009,gi:24642547,0,0.4860209508057039
gi:24654086,gi:28574886,0,0.4957292899633274
gi:24645476,gi:24656769,0,0.47506276201797604
Q24167,Q24570,0,0.4720250315441346
gi:24640430,gi:24662155,0,0.5238546783588907
P14199,Q27297,0,0.4867208534288844
gi:24651339,gi:28574920,0,0.49807504104506517
gi:24648981,gi:24654636,0,0.4660827658310667
gi:24582212,gi:24646607,0,0.5153022897693369
gi:17136378,gi:21356041,0,0.49185586503345
gi:24642543,gi:24642586,0,0.4915108106461748
gi:18859931,gi:24580712,0,0.46750409007917304
P23792,gi:24642303,0,0.48393169573386274
gi:20130247,gi:21357147,0,0.47449114694956035
gi:17136378,gi:28572997,0,0.4849126405321557
gi:17738243,gi:28571396,0,0.5457320360907746
Q00748,gi:23397629,0,0.468862513533619
gi:19920464,gi:21356221,0,0.47047520217665556
gi:24649911,gi:28573701,0,0.46330512285295766
gi:24639885,gi:24645208,0,0.548093800054284
gi:17137642,gi:19920454,0,0.4722154621210693
gi:24582982,gi:24666524,0,0.5050588437444139
gi:24580965,gi:24653649,0,0.5047405001646573
gi:24643110,gi:28573590,0,0.49471058610800295
P23757,gi:24585516,0,0.5109587737684081
gi:24582598,gi:28573278,0,0.5296757211710378
gi:21355513,gi:24667917,0,0.4833592354248887
gi:24665661,gi:24667063,0,0.5361488211361984
gi:21358129,gi:24641921,0,0.49858443397749114
gi:19920436,gi:19921660,0,0.47927313028396695
gi:19921710,gi:24666323,0,0.5130754690241325
P55828,gi:28574383,0,0.49982102775240256
gi:19922186,gi:24666240,0,0.5085132868708042
gi:21355643,gi:21357669,0,0.49477425390009555
gi:21358145,gi:24583529,0,0.48101637141167475
gi:17136732,gi:24585147,0,0.5271470478311885
O77263,gi:24582746,0,0.5064862745340786
P52485,gi:24649942,0,0.4781023391324111
O62622,P48148,0,0.4676309039239403
P10041,gi:24646638,0,0.4797181045005047
gi:21355851,gi:22026970,0,0.4976025503500713
gi:21356449,gi:24660872,0,0.46917966552016815
gi:24581719,gi:24583531,0,0.5928729970948524
gi:19920622,gi:24653096,0,0.48361365692638825
gi:21355769,gi:21355917,0,0.47927313028396695
gi:24586353,gi:24653649,0,0.5048678380722574
Q9XYM0,gi:19921554,0,0.48523073087991
gi:24652756,gi:24655568,0,0.47370239602737785
Q02361,Q8INW0,0,0.5709480493160535
gi:20128911,gi:24646297,0,0.46175888420063865
gi:17137074,gi:21356031,0,0.48881074450532014
P09491,gi:28573644,0,0.48069846391753707
gi:17864154,gi:24583038,0,0.45892161196914727
gi:19922904,gi:24641935,0,0.4646619920502801
gi:17137760,gi:18859825,0,0.4974383056227531
gi:17647581,gi:24651935,0,0.48659359445242034
Q9VZS3,gi:24661811,0,0.46163228194026457
P29310,gi:21357023,0,0.5123487403184486
gi:21357109,gi:28573195,0,0.47506276201797604
gi:17737839,gi:24581901,0,0.4885930554874974
gi:21356727,gi:24642517,0,0.5804370382833918
gi:17136826,gi:24582757,0,0.4897654283213686
P23792,gi:24663664,0,0.4838680869228385
Q9V564,gi:19920622,0,0.49255611788440584
gi:24641507,gi:24644051,0,0.46336845532092935
gi:24582592,gi:26080322,0,0.4960476425875541
gi:21357711,gi:24646737,0,0.5126032810667333
gi:24651671,gi:24652107,0,0.5049315067902732
P13677,gi:24649519,0,0.48554883319356523
gi:21355167,gi:24582383,0,0.4838680869228385
O61351,gi:24641127,0,0.46336845532092935
gi:21357401,gi:24668206,0,0.4736388977612975
gi:20130281,gi:24661830,0,0.4689259419269536
gi:21355891,gi:24640855,0,0.4901473231426219
gi:24651006,gi:24663462,0,0.6145802068403045
gi:21357479,gi:24645951,0,0.4782294459522191
Q03334,gi:24654586,0,0.48237849017599793
gi:18858209,gi:21356265,0,0.479400262449482
gi:24642884,gi:24643731,0,0.5358054582426843
gi:17647335,gi:28573467,0,0.46472534939069793
gi:24640625,gi:24656026,0,0.48069846391753707
gi:17530817,gi:24652652,0,0.4989932562812546
gi:24654172,gi:24662973,0,0.4689893713243094
gi:21357999,gi:24640625,0,0.48088920655505735
gi:19921162,gi:24665583,0,0.565254792436834
gi:18860017,gi:24582006,0,0.5162832080874948
P32100,gi:24654383,0,0.5144752511225091
gi:24649007,gi:28574284,0,0.5067677001406488
P10333,gi:17530825,0,0.4780387867848435
gi:22026843,gi:28574395,0,0.4795909656953984
P19538,gi:21356521,0,0.5991088524832737
gi:24645425,gi:28574296,0,0.48393169573386274
gi:21356815,gi:24657218,0,0.4936651547190011
P45594,gi:24662700,0,0.47072902102040937
P08182,gi:24658577,0,0.5181543300829916
gi:24644242,gi:24646312,0,0.535425347716552
gi:17648095,gi:24582499,0,0.45596063616678584
P19538,gi:24649202,0,0.5989865002448987
P20153,gi:18858089,0,0.4603399267953573
gi:24640672,gi:24662155,0,0.5164104216313626
gi:24584547,gi:24645967,0,0.5358054582426843
gi:17647803,gi:24645515,0,0.487166273296511
gi:24645967,gi:24655613,0,0.46775772195078613
gi:24664199,gi:24665973,0,0.48852941398119143
Q8MSF5,gi:17137740,0,0.5033129716807598
gi:24586111,gi:24660188,0,0.47215198436093847
gi:24663250,gi:28574971,0,0.4631784614704943
gi:20129291,gi:28571849,0,0.5436576024025601
gi:24584727,gi:24639301,0,0.521450108372382
P11455,gi:24647500,0,0.5077862813098631
P31009,gi:24641156,0,0.4873202983645642
Q9W5R8,gi:19920436,0,0.49956632852304605
gi:24580513,gi:24585132,0,0.48881074450532014
gi:24581578,gi:24655245,0,0.4913198424620919
gi:18858089,gi:18859977,0,0.46627291624550604
O18404,gi:28574468,0,0.46750409007917304
gi:24647638,gi:24649952,0,0.4773397583355768
gi:20128797,gi:24648643,0,0.706502780126183
gi:21355851,gi:24642555,0,0.4974752037710212
gi:21357227,gi:24666053,0,0.47499924597793874
gi:21356221,gi:24662830,0,0.47908243707436343
gi:24640188,gi:24762418,0,0.47066556488511446
P14130,gi:24657454,0,0.46917966552016815
O02649,gi:24641921,0,0.49896648066305704
gi:21357645,gi:24666619,0,0.4678211325274112
Q94524,gi:24639594,0,0.5005214507144757
gi:24641790,gi:24762517,0,0.513812258105013
gi:21357023,gi:24660031,0,0.49462014584225605
O77459,gi:24651454,0,0.46775772195078613
gi:21357595,gi:24663325,0,0.47047520217665556
gi:20130199,gi:21355909,0,0.5026762462812981
gi:24641148,gi:24655153,0,0.5594087414087437
gi:24654843,gi:28573252,0,0.47357540034788576
gi:21356727,gi:24639885,0,0.5467055439569813
P15330,gi:24666619,0,0.5194527627634072
P17917,gi:21358081,0,0.47474518992717474
gi:21355913,gi:24639731,0,0.4674406847301457
gi:24583291,gi:24649025,0,0.48684811412701606
gi:24649158,gi:24654101,0,0.5048041691963638
Q9VVG4,gi:24647679,0,0.46040320164476556
gi:18858147,gi:24641507,0,0.4574407482118177
gi:20130405,gi:24648026,0,0.4574407482118177
gi:19920776,gi:21358175,0,0.5517035878171077
P15372,gi:20130281,0,0.4806348842858847
Q94920,gi:17137572,0,0.5211958722639414
Q94524,gi:24658772,0,0.500166177631379
gi:17136920,gi:24658721,0,0.4866572237244142
Q9VGX3,gi:28574950,0,0.4773397583355768
gi:24645515,gi:24662634,0,0.4865299656149624
gi:21357743,gi:24762383,0,0.47047520217665556
gi:24643459,gi:24662431,0,0.5020127369114764
Q9VPS5,gi:24651610,0,0.5133032340235377
gi:17137470,gi:24650208,0,0.49462014584225605
gi:21355349,gi:24641394,0,0.45892161196914727
gi:17136968,gi:17933624,0,0.4942381442918404
gi:24643666,gi:28573644,0,0.4673138771889561
gi:21357817,gi:21358221,0,0.5818010117033792
gi:19922620,gi:24667063,0,0.5358320965609222
gi:21355643,gi:24581274,0,0.49611131350522913
gi:24584736,gi:24646737,0,0.4880202954909169
P25007,gi:21355873,0,0.4689259419269536
P07207,gi:18859929,0,0.49211049888093694
gi:20129291,gi:28574237,0,0.5436576024025601
gi:24642555,gi:24655502,0,0.4810799547633045
gi:24649236,gi:24666753,0,0.48399530506553823
P02516,gi:24647498,0,0.48237849017599793
Q03334,gi:24658086,0,0.48193333407160494
gi:24643151,gi:24649564,0,0.49341049793870834
Q23985,gi:17137536,0,0.5342581210043699
P09775,Q9VAN0,0,0.46614614821017714
gi:24652114,gi:24654782,0,0.4767411740031681
Q27297,gi:24642214,0,0.486275454651676
P54350,gi:24642884,0,0.5358688059648531
gi:17137296,gi:24659421,0,0.4797181045005047
gi:21955284,gi:24583134,0,0.48316842495274526
gi:21357653,gi:24583474,0,0.4936651547190011
gi:24583067,gi:28571819,0,0.5087679101324049
gi:20129109,gi:21358569,0,0.4882748516952044
gi:17137700,gi:24652101,0,0.49515626413954095
gi:24649158,gi:24650346,0,0.5036581047869193
P49258,gi:21357037,0,0.49236513682184957
gi:20129967,gi:21356855,0,0.5049315067902732
gi:17136780,gi:24652999,0,0.5166648423220916
gi:24655502,gi:28573304,0,0.48101637141167475
P54359,gi:24654677,0,0.46905280172365305
Q02360,gi:24640268,0,0.4760423124822439
Q24207,gi:24640353,0,0.5330271225440407
P15330,gi:19920382,0,0.5197706471047222
gi:19920978,gi:24583967,0,0.4811435387277439
gi:18859825,gi:18860005,0,0.49896648066305704
P23696,gi:17137560,0,0.5182179206774976
P18502,gi:24650584,0,0.5507319930256522
gi:18860535,gi:24585948,0,0.4678211325274112
gi:24651610,gi:24667258,0,0.4790188740230116
gi:17137616,gi:24584039,0,0.5499126051828526
gi:24641452,gi:28571660,0,0.5154295191592402
Q24297,gi:24644274,0,0.46459863585035593
P81914,gi:24584043,0,0.5109587737684081
gi:21355799,gi:24582306,0,0.5120037951291891
gi:21357023,gi:28573427,0,0.4932195075901058
gi:24640683,gi:24660544,0,0.4632417915688056
Q9VIW3,gi:19920876,0,0.4720250315441346
gi:24640973,gi:28574582,0,0.5423935364348815
P48598,gi:24653139,0,0.47072902102040937
gi:19920406,gi:24643755,0,0.49652011601032586
P10734,gi:24664652,0,0.48523073087991
gi:24762745,gi:28571205,0,0.46175888420063865
P07187,gi:24646090,0,0.4913198424620919
Q01642,gi:17136698,0,0.48472179217415284
P11455,gi:24762594,0,0.5068950260328176
gi:24642134,gi:24655582,0,0.47357540034788576
gi:24646860,gi:28571185,0,0.49157446726083615
gi:17136268,gi:24585154,0,0.47196155649154103
Q9VD25,gi:24583482,0,0.4780387867848435
gi:24641209,gi:30923526,0,0.4793366960321806
gi:24645778,gi:24650088,0,0.4588583675868776
gi:20129369,gi:28573549,0,0.48250568280295253
Q8T0G4,gi:24583380,0,0.46627291624550604
gi:24656830,gi:24666901,0,0.4574407482118177
gi:24585618,gi:24762566,0,0.4811435387277439
P40139,gi:21356061,0,0.4782294459522191
gi:17933736,gi:20130247,0,0.4833592354248887
P54356,gi:24584547,0,0.5359321525295729
gi:17136854,gi:20129893,0,0.48399530506553823
P49905,gi:17647523,0,0.5102854304693025
gi:24582294,gi:28571396,0,0.5439634866007941
gi:21356581,gi:24662393,0,0.46040320164476556
gi:21355783,gi:24661455,0,0.46905280172365305
gi:24583803,gi:24652652,0,0.4987385582666441
Q9VG96,gi:24653306,0,0.4588583675868776
P41044,gi:24584043,0,0.511022417834991
gi:17137644,gi:21358103,0,0.4748087027193688
gi:21358129,gi:24661428,0,0.4676309039239403
gi:17647341,gi:24665160,0,0.4822512998324798
gi:24649859,gi:24666240,0,0.5093407956379119
gi:24585156,gi:24650769,0,0.5140031348056259
gi:18860545,gi:21357653,0,0.49341049793870834
gi:24584039,gi:24656161,0,0.4836772636342405
gi:24665661,gi:28574298,0,0.4944928112721774
gi:17137298,gi:21357653,0,0.49442914425401924
gi:17865642,gi:24652972,0,0.4707924781018802
gi:21355939,gi:24645585,0,0.465956004360092
gi:21356061,gi:24647490,0,0.4781023391324111
gi:24643755,gi:28574707,0,0.49626542994205225
gi:24640430,gi:28574472,0,0.523791148076177
P52304,Q8IGR0,0,0.4960107458118148
P10734,gi:24651212,0,0.48523073087991
gi:24650847,gi:28573597,0,0.4631784614704943
gi:17737367,gi:24649383,0,0.4603399267953573
gi:19920576,gi:24666323,0,0.5116855996444586
gi:24649214,gi:24654854,0,0.5007392505923755
Q8IN81,gi:21358247,0,0.5001394019042232
gi:17530857,gi:21356083,0,0.5017580412080337
gi:24640011,gi:24653708,0,0.4810799547633045
gi:24644250,gi:28574538,0,0.5019490630783784
P13607,gi:21357113,0,0.49347416181839265
gi:21357537,gi:24648700,0,0.46775772195078613
gi:24650420,gi:24665821,0,0.4955382800344423
P48555,gi:24639782,0,0.5161559924332274
gi:24648896,gi:24667546,0,0.47072902102040937
gi:24640704,gi:24646818,0,0.47965453476853637
gi:24646410,gi:24652897,0,0.534448243756396
gi:24582926,gi:24649360,0,0.46775772195078613
gi:19922798,gi:24655003,0,0.4915108106461748
gi:20130175,gi:24655121,0,0.5184354282939186
P48603,Q9W497,0,0.4990938298484594
gi:19922166,gi:28573873,0,0.4782294459522191
P54358,gi:17737871,0,0.46750409007917304
gi:21355335,gi:24762365,0,0.46775772195078613
gi:24650348,gi:24663462,0,0.6134936803310969
gi:24583332,gi:24638691,0,0.4942381442918404
gi:20129527,gi:28571445,0,0.4933468342727232
O44424,gi:17647979,0,0.5194794979085298
gi:17137696,gi:21356995,0,0.49581973406547025
gi:24581314,gi:24658772,0,0.5015937942866299
Q8INW0,gi:21356723,0,0.572818809197139
Q9XTL9,gi:21357211,0,0.5477783522285958
gi:21355939,gi:24642703,0,0.4689259419269536
gi:17647581,gi:24666737,0,0.4869753765303388
Q9VCE6,gi:23308611,0,0.49664745972992796
gi:17137692,gi:24650348,0,0.5006755758873064
gi:24639649,gi:24642628,0,0.47525331497100265
gi:19920358,gi:24656486,0,0.5107041939698241
gi:21357369,gi:24644675,0,0.48465817704227354
gi:21355673,gi:24652071,0,0.468862513533619
P20227,P39736,0,0.4704117498464338
gi:24582926,gi:24664199,0,0.488147572824605
P19538,gi:24663726,0,0.5989865002448987
gi:18859997,gi:24652999,0,0.5166012379541761
gi:21356855,gi:24657317,0,0.4602766532242645
O76924,gi:24663131,0,0.5003941011566827
O76902,gi:24648858,0,0.46627291624550604
gi:24658229,gi:30923613,0,0.4829776193885551
gi:17648069,gi:19921554,0,0.48561245506956374
gi:24584547,gi:28574443,0,0.5350451960322081
P13395,gi:17352479,0,0.5009939491522167
gi:24638896,gi:24662753,0,0.4958566306119291
gi:21357417,gi:24583279,0,0.5059769550431905
gi:20130085,gi:21358059,0,0.5509210436000702
gi:24656139,gi:30923500,0,0.45892161196914727
P17886,gi:17137528,0,0.5180271471318081
gi:24659194,gi:28574707,0,0.48684811412701606
gi:18859703,gi:24640353,0,0.5328369267267524
gi:17137200,gi:24585245,0,0.46917966552016815
gi:20130027,gi:24647265,0,0.4631784614704943
gi:20129297,gi:24666790,0,0.47642349821988167
gi:24649175,gi:24655606,0,0.4775939403734235
gi:24641790,gi:24648668,0,0.5134304926722737
gi:18858205,gi:24644207,0,0.4884021320862288
gi:24584916,gi:24648294,0,0.5120037951291891
gi:28571487,gi:28573951,0,0.4603399267953573
gi:24640353,gi:24651703,0,0.531124741448062
gi:17137596,gi:24660036,0,0.45596063616678584
P91929,Q9VQQ9,0,0.510767839445185
gi:24582094,gi:24662360,0,0.4960476425875541
P10333,P15330,0,0.5197706471047222
gi:24581976,gi:24648755,0,0.47591525675030316
P02824,gi:24661263,0,0.5208144975541624
gi:20128797,gi:24654383,0,0.7045448816924325
gi:28571891,gi:28571958,0,0.5019490630783784
Q24400,gi:19922560,0,0.49442914425401924
P06002,gi:19921140,0,0.4788281889532162
gi:24642543,gi:24664720,0,0.4916381241487095
gi:24641578,gi:24651979,0,0.47816589218888617
P02828,gi:24582294,0,0.5185626036353135
gi:24650420,gi:24658719,0,0.4960476425875541
gi:24646073,gi:24661681,0,0.48250568280295253
gi:24585353,gi:24644016,0,0.4943018107617864
gi:17864264,gi:24658772,0,0.5017580412080337
gi:24647864,gi:24654934,0,0.48542159084866054
gi:17137586,gi:24663462,0,0.614097446450832
P16568,gi:24647905,0,0.4869117451165584
Q9VFC8,gi:18543283,0,0.47357540034788576
gi:19923034,gi:24648397,0,0.46040320164476556
Q8MSF5,gi:22026843,0,0.5025489000936764
P15330,Q23985,0,0.5321027140034571
gi:19922186,gi:24663246,0,0.5189441151634289
P07181,Q8INW0,0,0.5719460437323437
gi:24651185,gi:24657699,0,0.5063589458821918
Q24564,gi:24640430,0,0.6006531862521988
gi:19920370,gi:24644214,0,0.48361365692638825
P00034,gi:24668563,0,0.486275454651676
gi:21357419,gi:24667059,0,0.4722154621210693
P10083,gi:24762582,0,0.47474518992717474
P19109,gi:24638591,0,0.4904923436516983
gi:24644089,gi:24650557,0,0.45596063616678584
P55035,gi:21357417,0,0.5063589458821918
gi:18858125,gi:24639794,0,0.495601949868782
gi:19920906,gi:24583929,0,0.4909379137491394
O44424,gi:24647609,0,0.5209683538746878
gi:24640435,gi:24640625,0,0.48069846391753707
gi:17647755,gi:24585215,0,0.49255611788440584
P45594,gi:21355851,0,0.4969658208957055
gi:19921856,gi:24638750,0,0.5016306930059141
gi:19921112,gi:24648048,0,0.4692430989132719
Q03017,gi:24648158,0,0.49611131350522913
P23757,gi:24642884,0,0.533967879907953
gi:17136728,gi:24650929,0,0.47518979651655296
Q24025,gi:24664458,0,0.5004577759430034
gi:17136268,gi:19922030,0,0.46601938454702924
Q24564,gi:17136926,0,0.6032773289391893
gi:21356061,gi:22026880,0,0.48621182801778695
gi:19921006,gi:24655502,0,0.4810799547633045
P02828,gi:24586297,0,0.4883384917016938
P08181,gi:22026831,0,0.4837408708709706
Q9VG96,gi:21358157,0,0.4588583675868776
gi:17738243,gi:21357355,0,0.47816589218888617
gi:24581327,gi:24653584,0,0.4662095316823327
P11420,gi:21355163,0,0.48640270925189155
gi:24645182,gi:28574920,0,0.479400262449482
gi:19921376,gi:28573564,0,0.4588583675868776
gi:24641790,gi:24661685,0,0.5134304926722737
gi:17137696,gi:24644521,0,0.4974115306033014
gi:24646190,gi:28571947,0,0.4733849132440859
P23023,P36872,0,0.5198342220603687
gi:19922186,gi:24659237,0,0.5589428602362215
gi:24654550,gi:24667063,0,0.5374787429846282
gi:17864622,gi:24640777,0,0.4807620441743187
gi:24583332,gi:24653649,0,0.5034034181625757
gi:24655228,gi:28571965,0,0.5062316164054066
Q8INW0,gi:17647723,0,0.5708232592656961
gi:18859691,gi:24583067,0,0.5092134898149582
P17276,gi:21356209,0,0.5198342220603687
gi:24585132,gi:24668321,0,0.48633908173039714
O17445,gi:24658155,0,0.49598397179806913
Q8IGR0,gi:26080381,0,0.5077493911127884
gi:24653614,gi:24668076,0,0.4660827658310667
Q9W1P7,gi:23308611,0,0.4974752037710212
gi:17647383,gi:24583567,0,0.4833592354248887
P08879,gi:17647979,0,0.5209416251751642
Q24133,gi:24647942,0,0.5089588746005982
P07909,gi:24645885,0,0.46627291624550604
P19538,gi:17530957,0,0.5987417587636595
gi:24641831,gi:24656574,0,0.6194962677168443
gi:21356117,gi:24657590,0,0.46614614821017714
gi:24654522,gi:24656644,0,0.4923014769600843
gi:24582697,gi:24643702,0,0.5658180204157709
gi:23397621,gi:24646638,0,0.4990938298484594
Q9W1Y1,gi:17137616,0,0.550858028373828
P16548,gi:24639017,0,0.4631784614704943
P08570,gi:24666619,0,0.5194527627634072
P52485,gi:24582962,0,0.4775939403734235
O44424,gi:24585236,0,0.5002298524539215
Q9VG82,gi:17137224,0,0.4944559166757515
Q9V3S0,gi:24655577,0,0.5033129716807598
gi:17137352,gi:24649214,0,0.4869117451165584
P42325,gi:17137380,0,0.47816589218888617
Q24400,gi:17137344,0,0.4932195075901058
gi:17737549,gi:24647702,0,0.4603399267953573
O77430,gi:21357309,0,0.48088920655505735
Q24564,gi:24643729,0,0.603094440044842
P54185,gi:24583965,0,0.548093800054284
P35421,P49258,0,0.49300174871623864
gi:24642367,gi:24647831,0,0.47667763733274543
P48987,gi:20130085,0,0.5509840571917747
gi:24640817,gi:24643516,0,0.5174547951824855
P41094,gi:24581719,0,0.5927500353789826
gi:19922516,gi:24649080,0,0.4891289637187816
Q9VIW3,gi:24581542,0,0.4779752351482329
gi:24652112,gi:28574300,0,0.46453528079294976
Q9U6L5,gi:24642852,0,0.4603399267953573
P13097,gi:22026959,0,0.4972841845217981
gi:24639695,gi:24656574,0,0.4795909656953984
gi:24581484,gi:24648828,0,0.5040401311227135
gi:24667117,gi:30923711,0,0.5557481621992074
gi:24656959,gi:28573662,0,0.4867844835637715
gi:24584056,gi:28574675,0,0.47170766536747516
P11455,gi:19921312,0,0.6013250353833942
gi:18860017,gi:24415388,0,0.471898082345539
Q24564,gi:24653061,0,0.6032163691790755
gi:24644735,gi:24646829,0,0.47499924597793874
P40427,gi:24653760,0,0.4924287969312005
gi:24584056,gi:24665996,0,0.4693065333002276
gi:21357163,gi:24653452,0,0.4602766532242645
gi:24582283,gi:24659892,0,0.48852941398119143
gi:24585051,gi:24638982,0,0.4632417915688056
gi:20129813,gi:21356695,0,0.4673772804327299
P06601,gi:24649820,0,0.4763599653441083
Q9V597,gi:28573873,0,0.4797181045005047
gi:18860545,gi:21357365,0,0.48329563139227283
Q9VPS5,gi:17137370,0,0.5139395096898574
gi:24653667,gi:28572963,0,0.4773397583355768
gi:24581686,gi:24646972,0,0.46879908614633903
gi:24653459,gi:28573684,0,0.47765748770125876
Q960E8,gi:21356019,0,0.4720885075012803
gi:24582319,gi:24652101,0,0.49547461034481094
gi:17137560,gi:24585242,0,0.5003304263575791
gi:24582094,gi:24638982,0,0.4957929602194035
gi:24641919,gi:24654872,0,0.471898082345539
O96860,gi:24655568,0,0.5162196005231328
P22769,gi:24646729,0,0.4797181045005047
gi:19921856,gi:28574296,0,0.4660827658310667
gi:17647755,gi:24647855,0,0.4930654111879525
gi:17137620,gi:28574406,0,0.5168823974300053
gi:24653649,gi:30923711,0,0.503785447395466
gi:22023997,gi:24583332,0,0.49442914425401924
gi:17137488,gi:19922268,0,0.47196155649154103
gi:18860055,gi:24646312,0,0.47616937131540216
P13468,gi:19921254,0,0.4689893713243094
gi:24643634,gi:24665132,0,0.5100040712897346
Q01644,gi:28574920,0,0.49807504104506517
gi:21357495,gi:24650914,0,0.4793366960321806
gi:19920776,gi:24580817,0,0.5511365752696956
gi:18858137,gi:24580815,0,0.4930285192205198
P53501,gi:17137752,0,0.498520759678551
P29561,gi:20129621,0,0.472278940779633
gi:17647281,gi:17737433,0,0.46627291624550604
O46106,gi:24580731,0,0.5270467692785744
gi:21357621,gi:24656168,0,0.4885930554874974
gi:24580731,gi:24654872,0,0.5281894188244561
gi:19920906,gi:24655778,0,0.4730674519817267
gi:24662729,gi:28574950,0,0.49969367811785265
gi:24584056,gi:24668103,0,0.4693065333002276
Q9VPS5,gi:21358145,0,0.5129214477945196
gi:17738031,gi:24643106,0,0.47518979651655296
gi:18859869,gi:24668704,0,0.4730674519817267
gi:24644675,gi:24646318,0,0.5201788193393718
gi:24638750,gi:24663228,0,0.5009939491522167
O44783,gi:22026934,0,0.53160546518228
gi:19920586,gi:24644735,0,0.47506276201797604
gi:17137452,gi:24655474,0,0.49528360216481293
gi:17137696,gi:21358455,0,0.4969021484574647
gi:17647523,gi:24661332,0,0.5077226217927916
gi:17136934,gi:24651937,0,0.47072902102040937
gi:24646718,gi:24762837,0,0.46453528079294976
gi:19922458,gi:24649755,0,0.48989272528980116
gi:24646955,gi:24651303,0,0.4960476425875541
Q9VLP3,gi:24642172,0,0.47506276201797604
P13395,gi:17137620,0,0.4920468400301482
P13097,gi:24652842,0,0.49677480388448103
gi:17737302,gi:24647385,0,0.47765748770125876
gi:24583279,gi:24668006,0,0.4731944338878232
P23792,gi:30923655,0,0.48316842495274526
gi:19920406,gi:24652101,0,0.4950289267426531
gi:24643110,gi:28573817,0,0.4959203011388392
gi:17136914,gi:24643110,0,0.4959203011388392
P32100,gi:28558744,0,0.5219217190688542
gi:24581314,gi:24646001,0,0.5025489000936764
gi:17647755,gi:24655606,0,0.4921741579875646
gi:24639687,gi:24662431,0,0.5007392505923755
gi:24585353,gi:24641251,0,0.49372881943284236
Q9VF89,gi:24643303,0,0.487166273296511
P10041,gi:21355537,0,0.4795909656953984
gi:24582219,gi:24663861,0,0.4775303937708891
gi:17137270,gi:24657707,0,0.45892161196914727
gi:18859649,gi:18859867,0,0.4603399267953573
P08879,gi:21356121,0,0.48516711184485445
gi:19922676,gi:24653096,0,0.4837408708709706
gi:28571447,gi:28571649,0,0.4826328776969024
P16371,gi:24640007,0,0.4882112120688212
Q9V3P0,gi:24648251,0,0.4618221871815267
gi:20129485,gi:24641449,0,0.4819969260615125
Q9VSS2,gi:24647369,0,0.48218770552214707
P92208,gi:24638633,0,0.48710264062237485
gi:19921030,gi:24581719,0,0.5923810805708387
gi:24643530,gi:28574875,0,0.48101637141167475
Q9W0Y1,gi:17137136,0,0.4574407482118177
gi:24638595,gi:24654595,0,0.5199613700426253
gi:24582168,gi:24646860,0,0.4916381241487095
gi:17137712,gi:24651688,0,0.47525331497100265
gi:24653385,gi:28571341,0,0.5299295156041822
gi:17136948,gi:24658567,0,0.5235370192663951
Q24404,gi:24664561,0,0.5153659047132565
gi:18858205,gi:24644560,0,0.4884021320862288
gi:17647873,gi:18858125,0,0.49566561984576524
gi:24646487,gi:24660416,0,0.5167284461500689
gi:24639354,gi:28574432,0,0.47629643323340604
P21663,gi:24584913,0,0.45892161196914727
gi:24650311,gi:24658714,0,0.4860209508057039
Q24239,gi:24642547,0,0.48250568280295253
gi:21355869,gi:24641156,0,0.5185626036353135
gi:24585813,gi:24649175,0,0.4880202954909169
gi:17647425,gi:18860017,0,0.4720885075012803
gi:17137296,gi:24641125,0,0.4793366960321806
gi:17137074,gi:24641831,0,0.6190759130440537
gi:21357417,gi:24648207,0,0.5054676231465471
gi:24582628,gi:24656431,0,0.4895108383829366
gi:21357023,gi:24646928,0,0.49309218178705144
gi:24643447,gi:24661136,0,0.5359587898740219
gi:17136762,gi:17137642,0,0.47215198436093847
gi:19921030,gi:24641781,0,0.4805713052814144
gi:24639208,gi:24658342,0,0.49896648066305704
gi:24581155,gi:24643118,0,0.5370354940104516
P25228,gi:24643312,0,0.4795909656953984
gi:18859807,gi:28574707,0,0.4865299656149624
gi:24644835,gi:24649499,0,0.47965453476853637
gi:24639782,gi:24657707,0,0.5169828560214732
gi:24665583,gi:24667856,0,0.5656302965676842
P48603,gi:24652101,0,0.4973746325034342
Q9VZH1,gi:20130175,0,0.49157446726083615
Q94516,gi:17647171,0,0.47370239602737785
P09089,gi:24647759,0,0.4745546564612013
P08970,gi:24649564,0,0.48393169573386274
P21461,gi:24648751,0,0.5123219808856926
gi:24582306,gi:24641251,0,0.5116219594027925
gi:20129433,gi:28574268,0,0.4930654111879525
gi:24648883,gi:24649169,0,0.46911623312295053
gi:24641578,gi:24645618,0,0.4782294459522191
gi:21355573,gi:24581467,0,0.479400262449482
gi:20129131,gi:24647430,0,0.47177113678146687
gi:24581719,gi:24641480,0,0.5929959471767877
gi:21687206,gi:24648231,0,0.4718346091081678
gi:20129291,gi:21355163,0,0.5423935364348815
gi:24583607,gi:28572036,0,0.49144715430678837
Q9VZH1,gi:24651703,0,0.507977258337863
Q9W0K4,gi:24660611,0,0.47053865546120077
gi:17864662,gi:24582205,0,0.4856760774118486
gi:24643578,gi:28573679,0,0.4673772804327299
O96860,Q9VGI8,0,0.5163468151242571
gi:17865634,gi:24659237,0,0.559382343520027
gi:24652882,gi:24665958,0,0.4702213986020737
gi:20129261,gi:24640435,0,0.4676309039239403
Q9VRL2,gi:17136256,0,0.487166273296511
gi:17137346,gi:28573879,0,0.5062316164054066
P05389,gi:24641831,0,0.6195563037789785
gi:17136830,gi:28573173,0,0.489065319162954
gi:24652762,gi:24666053,0,0.47591525675030316
gi:19921838,gi:24580674,0,0.4693065333002276
Q24564,gi:24644620,0,0.6033992388367889
gi:21357417,gi:24665297,0,0.5056586239945015
gi:24650168,gi:28574443,0,0.48446733463780745
Q9VD25,gi:24584043,0,0.5100677204691493
gi:18859679,gi:19921482,0,0.46614614821017714
gi:24653255,gi:24666694,0,0.47965453476853637
P21461,gi:28573427,0,0.5111128240790563
gi:21358131,gi:24655606,0,0.47778458452463574
gi:24642476,gi:24655778,0,0.47357540034788576
gi:17136698,gi:24641831,0,0.6195563037789785
gi:21355325,gi:24585240,0,0.48405891491580827
gi:19922030,gi:24638766,0,0.4897017803338638
gi:19920436,gi:24662650,0,0.4801898445403791
gi:20129835,gi:24647850,0,0.5094044480961133
gi:24585974,gi:24645515,0,0.4867844835637715
Q07327,Q24133,0,0.5090225288450883
P17886,gi:28573604,0,0.5170096008121186
Q8T0S6,gi:24643447,0,0.5355786960755926
P18502,Q8MSF5,0,0.5490929464629546
gi:24657671,gi:28573495,0,0.47060210969803273
gi:18860537,gi:24647468,0,0.4836772636342405
gi:24638718,gi:24663011,0,0.47778458452463574
P07207,Q8IN81,0,0.4926834398031924
Q9VPS5,gi:24640430,0,0.5219484432661782
P18502,Q27415,0,0.5509840571917747
gi:21358097,gi:24662729,0,0.5004577759430034
gi:24651185,gi:24659237,0,0.5578123377837242
P14318,gi:24640181,0,0.46459863585035593
gi:24646860,gi:24667258,0,0.49061964788337276
gi:24663292,gi:24666323,0,0.5109855366041378
gi:24650148,gi:24656490,0,0.46040320164476556
Q9VG82,gi:21357105,0,0.4940471460114556
gi:24640647,gi:24650311,0,0.4869117451165584
P15278,gi:24650248,0,0.48989272528980116
gi:24646375,gi:28573563,0,0.5466790017297182
gi:24581572,gi:24654595,0,0.5174815382310947
gi:18858137,gi:19922526,0,0.49398348030135913
gi:19921244,gi:24639964,0,0.464788707869585
gi:19921230,gi:24654854,0,0.5013123216111404
gi:17137696,gi:17647979,0,0.5196702296205743
P23792,gi:20129345,0,0.48399530506553823
gi:24653708,gi:24656644,0,0.4920468400301482
gi:24654749,gi:28571746,0,0.4603399267953573
gi:18543285,gi:20129971,0,0.5509210436000702
Q9V5Z7,gi:20128797,0,0.7066611958852482
gi:24649158,gi:28573347,0,0.5048041691963638
Q9VZD5,gi:28572004,0,0.46459863585035593
P22807,gi:28573264,0,0.4969658208957055
P20007,gi:24642517,0,0.5817390398764415
P06603,gi:24586373,0,0.4780387867848435
gi:17137026,gi:17865634,0,0.46905280172365305
gi:24641937,gi:24654872,0,0.4722154621210693
gi:17647757,gi:20129227,0,0.48770210898886557
gi:19921600,gi:24666240,0,0.5092134898149582
gi:24640353,gi:24647885,0,0.5320760485607171
P51123,gi:24655036,0,0.4775939403734235
gi:21357915,gi:30923711,0,0.4847854078011314
gi:24581572,gi:24582224,0,0.5130487115681839
P49258,gi:24663372,0,0.4928107626710516
gi:24664191,gi:28573551,0,0.4676309039239403
gi:17136826,gi:24640435,0,0.48963813268024886
gi:20129481,gi:24649741,0,0.4692430989132719
P13238,gi:24650311,0,0.48684811412701606
P48603,gi:24583414,0,0.49896648066305704
gi:24581061,gi:24658772,0,0.5010576237167417
gi:17136258,gi:24639594,0,0.5005214507144757
gi:19920406,gi:24639687,0,0.48608457609274186
gi:20128841,gi:24662650,0,0.4801262699836621
gi:24585943,gi:24666524,0,0.5044489263637029
gi:24651986,gi:24654325,0,0.4720250315441346
gi:21358039,gi:24581572,0,0.511966917228295
gi:24585245,gi:24664652,0,0.48510349329049335
P10083,gi:17986155,0,0.4762329018898217
P54733,gi:24651212,0,0.48472179217415284
Q94511,gi:24657689,0,0.4704117498464338
gi:24583691,gi:24654854,0,0.5017580412080337
gi:24657819,gi:24664652,0,0.48554883319356523
gi:19921646,gi:24649208,0,0.4588583675868776
gi:24583567,gi:24641831,0,0.6196763649330519
gi:28573125,gi:28574876,0,0.48237849017599793
gi:24644250,gi:24664979,0,0.5011212982469618
gi:24638627,gi:28573878,0,0.46775772195078613
Q9VVN2,gi:24651028,0,0.48523073087991
Q9VCE6,gi:28572154,0,0.4779752351482329
gi:21357953,gi:24585795,0,0.4957929602194035
gi:19922992,gi:24585840,0,0.48561245506956374
O77430,gi:21355677,0,0.4808256250541765
gi:24582006,gi:24639448,0,0.5162196005231328
P09491,Q9XZT0,0,0.48088920655505735
gi:19923048,gi:24667163,0,0.4618221871815267
gi:24653350,gi:24655153,0,0.5572104353476781
P36975,gi:24657153,0,0.4722154621210693
gi:19920798,gi:24652897,0,0.534448243756396
gi:20128847,gi:24665331,0,0.4631151325600446
gi:24646737,gi:24648294,0,0.5111128240790563
P07183,gi:24641957,0,0.5063589458821918
gi:19922294,gi:24647137,0,0.5255964031106496
gi:21358161,gi:24581484,0,0.4950925953615167
Q9VXY0,gi:24649952,0,0.4767411740031681
gi:24647823,gi:28573207,0,0.48925625388570987
P28750,gi:28574920,0,0.4795909656953984
gi:17647677,gi:24641734,0,0.4631151325600446
gi:24582746,gi:24646073,0,0.5054039558398247
gi:17530793,gi:21955276,0,0.4884657728467483
gi:19922144,gi:21357037,0,0.4968384761197015
gi:17647383,gi:28573563,0,0.5454794557462226
gi:21357915,gi:24638976,0,0.4763599653441083
gi:18921097,gi:24651326,0,0.4573775353990873
gi:20130399,gi:24584496,0,0.5035039872991959
gi:24582962,gi:24655153,0,0.5607893479438513
P02517,gi:24639292,0,0.48399530506553823
gi:19921238,gi:24582294,0,0.519325604602426
gi:19920738,gi:24639218,0,0.46040320164476556
gi:24580716,gi:24585242,0,0.49982102775240256
Q9W0Y1,gi:19922172,0,0.46627291624550604
P23696,gi:24655034,0,0.5173911976666902
gi:24639187,gi:24641831,0,0.6183548900079159
gi:24762594,gi:28558744,0,0.5217946127845103
Q8T0S6,gi:24585618,0,0.5069586886445283
gi:21356595,gi:24650342,0,0.49969367811785265
Q9VVN2,gi:21357903,0,0.5135577495797479
gi:21356799,gi:24650914,0,0.46453528079294976
gi:21355525,gi:24647648,0,0.4602766532242645
P55828,gi:24643702,0,0.5639399408772994
P25007,gi:28574920,0,0.47914600080300723
gi:17647427,gi:24583965,0,0.5480307135722507
gi:21356595,gi:24641014,0,0.49924795481833684
gi:24582104,gi:28571883,0,0.4675674964777814
gi:18857975,gi:24662729,0,0.500203076729284
gi:24651454,gi:28571958,0,0.46769431241561893
gi:24653608,gi:24665469,0,0.48865669736360484
Q01644,gi:24641125,0,0.4987117827110505
P17210,gi:24581901,0,0.48776574550021445
P18459,gi:20130261,0,0.49191952310434156
gi:24643817,gi:24658577,0,0.46750409007917304
Q9V8I2,gi:21356053,0,0.4573775353990873
gi:23397433,gi:24648836,0,0.4574407482118177
P12982,gi:22024283,0,0.5468317794098903
gi:24582699,gi:24647609,0,0.5226207524508292
gi:20129835,gi:24584774,0,0.5089588746005982
gi:21355677,gi:24654144,0,0.4674406847301457
P92208,gi:28571234,0,0.48710264062237485
gi:18859961,gi:28573549,0,0.49198318143726205
gi:17647979,gi:19922698,0,0.521450108372382
Q23983,gi:24646073,0,0.48237849017599793
gi:24642523,gi:24647369,0,0.4673138771889561
P02835,gi:28571506,0,0.4733849132440859
gi:19922560,gi:24640938,0,0.4603399267953573
Q24400,gi:24653350,0,0.5538973401861493
gi:24582096,gi:24647942,0,0.48659359445242034
gi:17137710,gi:24645869,0,0.49379248435006295
gi:24640713,gi:24641480,0,0.4733214192617716
gi:20128865,gi:24650814,0,0.4795909656953984
gi:24586167,gi:28571678,0,0.5202423901352362
gi:24583279,gi:24643437,0,0.47616937131540216
gi:24643822,gi:24647494,0,0.4856760774118486
O44783,gi:17137700,0,0.5309077793266249
gi:20130169,gi:21355733,0,0.46750409007917304
gi:24583069,gi:24642256,0,0.45892161196914727
gi:19922636,gi:22024255,0,0.4648520674849171
P11147,gi:24639715,0,0.6101158171040177
P07666,gi:24644349,0,0.5046768309792025
O46036,gi:19922746,0,0.5162832080874948
gi:20130425,gi:24643516,0,0.5173911976666902
gi:24583208,gi:24641209,0,0.47914600080300723
Q9VGX3,gi:21357875,0,0.4906833004564704
gi:17136860,gi:24652071,0,0.468862513533619
gi:19922442,gi:24648905,0,0.472278940779633
P07666,Q24564,0,0.6014471488678964
P17276,gi:24640959,0,0.5188169470864992
gi:17737425,gi:24648592,0,0.5217310585829374
P18459,gi:24653448,0,0.48393169573386274
gi:24652930,gi:24655824,0,0.5286971689842423
gi:20130085,gi:24585087,0,0.550858028373828
gi:21357471,gi:28574799,0,0.4587951245300378
gi:24581481,gi:28573799,0,0.48405891491580827
Q94523,gi:24663344,0,0.47196155649154103
P20007,gi:24666850,0,0.47066556488511446
gi:24639878,gi:24648690,0,0.4722154621210693
Q9W4E2,gi:24652789,0,0.4587951245300378
gi:24647609,gi:24659237,0,0.5571211671296543
gi:24648329,gi:24653856,0,0.48237849017599793
gi:21355379,gi:24642363,0,0.4824420862050733
gi:19920594,gi:28573173,0,0.4897017803338638
Q9VCZ8,gi:28571412,0,0.47177113678146687
gi:18921161,gi:19921120,0,0.46169558245287884
gi:24581686,gi:28574303,0,0.5015033445922249
gi:24647100,gi:28574443,0,0.4850398752188845
O16867,gi:18859875,0,0.46336845532092935
gi:17530833,gi:24648281,0,0.46601938454702924
O18404,gi:24663228,0,0.48069846391753707
gi:17137710,gi:24649423,0,0.47518979651655296
gi:24638862,gi:24650248,0,0.48874710174263747
gi:24580551,gi:28571432,0,0.46040320164476556
gi:20129603,gi:24654479,0,0.5019490630783784
gi:21358361,gi:24663802,0,0.49144715430678837
gi:24582516,gi:28572987,0,0.46879908614633903
gi:19922868,gi:24659451,0,0.5391511839204691
gi:21357653,gi:24650348,0,0.4932195075901058
O77051,Q94516,0,0.49236513682184957
gi:24646017,gi:24646365,0,0.49496525828501475
O77260,gi:20128797,0,0.7059214947354017
Q01071,gi:24647343,0,0.4820605186346085
gi:24651021,gi:24651379,0,0.45892161196914727
gi:24664652,gi:28574860,0,0.48516711184485445
gi:24650342,gi:24762726,0,0.4982023889448557
gi:17647723,gi:19921336,0,0.5109587737684081
gi:21356797,gi:24641420,0,0.48269647598886223
gi:24641660,gi:24665973,0,0.4588583675868776
gi:20128797,gi:24645653,0,0.7058157343472403
gi:21357761,gi:24639023,0,0.661487956532339
Q9VG55,gi:24582962,0,0.4707924781018802
gi:28573878,gi:28574516,0,0.46879908614633903
P52485,gi:24639653,0,0.4779752351482329
gi:24647779,gi:24657160,0,0.4928744244557245
gi:20130393,gi:24638862,0,0.4885930554874974
gi:20130175,gi:24644250,0,0.5005482264134948
gi:21355603,gi:24652652,0,0.5002667515477576
O76899,gi:24762618,0,0.4574407482118177
gi:24655577,gi:24658714,0,0.50242155357536
gi:24581572,gi:24639446,0,0.5139395096898574
gi:24648919,gi:24762779,0,0.4722154621210693
gi:20129835,gi:24641493,0,0.5087679101324049
P25171,Q01642,0,0.48523073087991
gi:28573157,gi:28574316,0,0.47499924597793874
gi:24582094,gi:24583474,0,0.49515626413954095
gi:24652344,gi:24659598,0,0.4811435387277439
Q24133,gi:19921618,0,0.5095317520956529
gi:24643106,gi:24655182,0,0.47518979651655296
P08175,gi:17136646,0,0.4762329018898217
gi:18859833,gi:24645581,0,0.47449114694956035
gi:17137108,gi:24645216,0,0.4602766532242645
P54611,gi:19922432,0,0.4767411740031681
gi:21357849,gi:24649486,0,0.45892161196914727
Q9V5C6,gi:24582156,0,0.4574407482118177
P46824,gi:18859671,0,0.4763599653441083
gi:24646478,gi:24647597,0,0.4631151325600446
gi:20129297,gi:24581155,0,0.4734484080872377
gi:20129049,gi:24664199,0,0.4885930554874974
gi:17136948,gi:20130017,0,0.4773397583355768
Q9VEX9,gi:24648981,0,0.4807620441743187
gi:24584039,gi:24666045,0,0.4841225252826156
Q8INW0,gi:24652268,0,0.572382482780088
P16371,P22807,0,0.4880202954909169
gi:24661263,gi:24667063,0,0.5371621425782399
gi:18859895,gi:24663462,0,0.6145198740989863
gi:21357683,gi:24649183,0,0.5013123216111404
gi:24582592,gi:24652733,0,0.49451958376926763
gi:24642808,gi:24648776,0,0.47908243707436343
gi:19922992,gi:24582813,0,0.4854852117859113
P16371,gi:23397595,0,0.48776574550021445
gi:21357761,gi:24645031,0,0.661487956532339
gi:20129095,gi:28574300,0,0.465956004360092
P10981,gi:18859679,0,0.470348298472572
gi:24663344,gi:24668309,0,0.49391981478638536
gi:24580815,gi:24583839,0,0.4931290738845526
P07666,gi:21357919,0,0.5046768309792025
gi:20428641,gi:24581499,0,0.4897654283213686
Q24572,gi:24660188,0,0.472278940779633
gi:24643497,gi:24655121,0,0.5191348626717888
gi:19921696,gi:21358599,0,0.46614614821017714
gi:24638845,gi:24641692,0,0.5451371400199989
gi:24641935,gi:24649025,0,0.4867844835637715
gi:24585943,gi:24658370,0,0.5053402883578407
O77430,gi:24581976,0,0.4803169955764136
gi:24583901,gi:28572059,0,0.4602133809335008
O16797,P29742,0,0.534067988298564
gi:20130417,gi:24586562,0,0.48659359445242034
P14130,gi:24661359,0,0.4955382800344423
P40796,gi:24640785,0,0.4718346091081678
P49258,Q06559,0,0.5583776746525141
gi:21358491,gi:24639731,0,0.4678211325274112
gi:17136608,gi:24653385,0,0.5299295156041822
gi:19920370,gi:24658229,0,0.48361365692638825
gi:17137444,gi:20130049,0,0.4852943503936016
gi:21355807,gi:24655968,0,0.4631784614704943
gi:21356367,gi:24586193,0,0.46879908614633903
P18502,Q9W1C9,0,0.5504799028020004
gi:24642547,gi:24652652,0,0.49943897898450546
gi:24644797,gi:24664458,0,0.5433050159047046
Q9VSS2,gi:24663027,0,0.4979476933950219
P13096,gi:24638927,0,0.4704117498464338
gi:24663462,gi:24664026,0,0.6147611839296344
P82910,gi:24641209,0,0.5219217190688542
gi:24643151,gi:24660416,0,0.5153290403759047
gi:21355719,gi:28574529,0,0.4920468400301482
gi:24642363,gi:24655577,0,0.50242155357536
gi:17998687,gi:20129735,0,0.4899563742666048
P23380,gi:17137642,0,0.471898082345539
Q8IGR0,gi:28574443,0,0.4963291012825919
gi:24641156,gi:24663462,0,0.6134936803310969
P48598,gi:17738243,0,0.4775939403734235
Q9VG82,gi:24654934,0,0.4933468342727232
O18413,gi:24648433,0,0.46911623312295053
gi:24642235,gi:28573466,0,0.5431520425710905
Q01820,gi:24648253,0,0.4602133809335008
gi:21357951,gi:28573879,0,0.506040620679665
gi:24642691,gi:24651179,0,0.46589262527228226
gi:19921638,gi:24580817,0,0.4895108383829366
gi:17136732,gi:24667117,0,0.5539867379964029
gi:24650747,gi:24653667,0,0.4847854078011314
gi:18858007,gi:24583294,0,0.4807620441743187
gi:24585242,gi:24667917,0,0.49937530424149823
gi:21358039,gi:24646664,0,0.5033766436637795
gi:20428641,gi:24666394,0,0.489192608627054
gi:17137760,gi:24584376,0,0.4945564784689445
gi:19920692,gi:24662591,0,0.49008367319507723
gi:24666323,gi:24668302,0,0.5123219808856926
P54358,gi:21356481,0,0.46750409007917304
gi:24640510,gi:24648006,0,0.487166273296511
gi:18857985,gi:24655888,0,0.487166273296511
gi:24658086,gi:24665297,0,0.47597878422759815
Q04787,gi:24762837,0,0.4882748516952044
gi:19922260,gi:24656346,0,0.47158072528577577
gi:21356041,gi:24667063,0,0.536212162560174
Q24207,gi:17647523,0,0.5077226217927916
gi:17647155,gi:24657782,0,0.5103223139019596
gi:17137760,gi:20129527,0,0.4933468342727232
gi:18859949,gi:24646212,0,0.49008367319507723
gi:17136294,gi:24641148,0,0.5025489000936764
gi:24640435,gi:24644349,0,0.4674406847301457
gi:19921306,gi:24664458,0,0.49943897898450546
Q9VQ62,gi:22024283,0,0.548093800054284
gi:24653096,gi:24657185,0,0.48405891491580827
Q9VZS3,gi:19922652,0,0.4618221871815267
gi:17137424,gi:24659254,0,0.46633630189766906
gi:24643516,gi:24655741,0,0.527708303912991
O16011,P54350,0,0.5150478250554529
gi:24582172,gi:24667611,0,0.47667763733274543
Q9VG82,Q9W2D9,0,0.4943654774165341
gi:24641790,gi:24645606,0,0.5140031348056259
gi:21355781,gi:24643634,0,0.5108951293465386
gi:24663011,gi:24664434,0,0.4779752351482329
gi:18859929,gi:24659451,0,0.5382650791962447
P21461,gi:24643168,0,0.5122583445250133
gi:17647853,gi:24642233,0,0.4884021320862288
O76908,P30052,0,0.4808256250541765
gi:18859877,gi:19922000,0,0.46459863585035593
gi:17647125,gi:21355361,0,0.4797181045005047
gi:21357903,gi:24651111,0,0.5136213773753634
gi:17136732,gi:19920448,0,0.5271470478311885
P23938,Q9VQQ9,0,0.5109587737684081
gi:21355869,gi:24643413,0,0.5198977963736873
gi:21355597,gi:24640042,0,0.46775772195078613
gi:24582224,gi:24652463,0,0.4778481340160796
gi:17137352,gi:28573549,0,0.4824420862050733
gi:17647755,gi:24644791,0,0.4928744244557245
Q06559,gi:19922666,0,0.5598217337553186
gi:24581314,gi:24639885,0,0.5461374103142598
gi:24582643,gi:24666619,0,0.4836772636342405
gi:17864162,gi:24584997,0,0.5050588437444139
P55828,gi:24653536,0,0.5005851254690344
gi:21358247,gi:24638750,0,0.500166177631379
Q26263,gi:24650311,0,0.4869117451165584
gi:19921962,gi:28571481,0,0.46175888420063865
gi:24584043,gi:24639782,0,0.5146292459609116
gi:24640747,gi:24652842,0,0.47499924597793874
gi:21356449,gi:24663802,0,0.4915108106461748
P39572,gi:24643915,0,0.47072902102040937
gi:21356133,gi:26080373,0,0.46330512285295766
gi:17137650,gi:21355521,0,0.47474518992717474
gi:20129307,gi:24649519,0,0.4856760774118486
gi:21356995,gi:21358471,0,0.4974752037710212
P23757,gi:24639279,0,0.5108951293465386
Q24404,gi:22024201,0,0.5146024931109712
gi:19922620,gi:24641555,0,0.5343481458318968
gi:21358507,gi:24644797,0,0.5449476657403164
P40320,gi:24640264,0,0.4779116842246285
Q24139,gi:20128999,0,0.46336845532092935
gi:18858101,gi:20130399,0,0.5032492995902857
Q9Y0I1,gi:28573954,0,0.4689893713243094
P42003,gi:28574582,0,0.5428992292492659
gi:20130281,gi:24582628,0,0.4702213986020737
gi:17530817,gi:24581873,0,0.49293808647147486
gi:20130085,gi:24660923,0,0.5498495640734863
gi:19921872,gi:24586270,0,0.49157446726083615
Q8IN81,gi:24655778,0,0.4733214192617716
gi:17136532,gi:24665160,0,0.4826328776969024
gi:24585499,gi:24640353,0,0.5319492209324026
gi:24585358,gi:24646595,0,0.4693065333002276
Q27297,gi:24661359,0,0.49477425390009555
gi:24645384,gi:24654644,0,0.4854852117859113
gi:17737549,gi:24650658,0,0.5063589458821918
gi:24582226,gi:24652756,0,0.4574407482118177
P54356,gi:17738007,0,0.4793366960321806
gi:17647343,gi:24655555,0,0.4689259419269536
gi:21357711,gi:24657218,0,0.5123487403184486
Q94524,Q9VFP1,0,0.5005214507144757
gi:18859997,gi:24643447,0,0.5374154253129242
gi:24580674,gi:24651111,0,0.4689259419269536
gi:17137648,gi:21357817,0,0.5812431725211313
O18640,gi:21357761,0,0.6601178236822564
P23757,gi:21358077,0,0.5103223139019596
gi:24586048,gi:24651910,0,0.4574407482118177
gi:24641561,gi:24656186,0,0.4797181045005047
gi:24638987,gi:24640362,0,0.46627291624550604
Q9W0K7,gi:21356175,0,0.4618221871815267
gi:24582383,gi:24645417,0,0.48405891491580827
gi:17737551,gi:17864622,0,0.468862513533619
gi:24646011,gi:24663027,0,0.498520759678551
gi:24640005,gi:24666434,0,0.4853579703838712
gi:22026831,gi:24646212,0,0.48893803111687917
gi:17136568,gi:21358569,0,0.48789301971062515
gi:24638845,gi:24645236,0,0.5446318463781344
gi:21357847,gi:24640510,0,0.487166273296511
gi:17864460,gi:24653385,0,0.529358456563621
gi:24641129,gi:24657684,0,0.5017580412080337
P41092,gi:28573418,0,0.4782294459522191
Q9XYN7,gi:24762594,0,0.48180615184957315
gi:21358323,gi:28573213,0,0.46905280172365305
P05389,gi:24658511,0,0.47816589218888617
gi:18859939,gi:21358129,0,0.48069846391753707
P07207,gi:24638609,0,0.49236513682184957
gi:24642229,gi:24644349,0,0.464788707869585
gi:24583134,gi:24643634,0,0.5098131218135732
gi:20129433,gi:24641616,0,0.49255611788440584
O61231,gi:24658370,0,0.48348644510554384
gi:24581165,gi:24649535,0,0.4588583675868776
P21461,gi:24658602,0,0.5124492524066964
Q23985,gi:17647723,0,0.5324831693255525
gi:24645745,gi:24668206,0,0.47370239602737785
gi:20130049,gi:21356309,0,0.48561245506956374
gi:24585156,gi:24641831,0,0.6181144328946374
gi:17137572,gi:19920774,0,0.5209416251751642
gi:24651671,gi:24651935,0,0.5044858225209932
P19109,gi:17137752,0,0.4979476933950219
gi:24649427,gi:28571820,0,0.5034403155372799
gi:18859843,gi:24657782,0,0.5109587737684081
gi:24668006,gi:28571891,0,0.5013123216111404
gi:21357417,gi:24661084,0,0.5062316164054066
P42287,gi:19921140,0,0.48465817704227354
gi:24645869,gi:24647609,0,0.5212861595877588
gi:24648294,gi:24652930,0,0.5264753374835784
gi:24642547,gi:24654595,0,0.5188169470864992
gi:24667917,gi:28573291,0,0.48361365692638825
gi:17738125,gi:24583947,0,0.4602766532242645
P08182,gi:24643437,0,0.5175819885156062
gi:21357759,gi:24665016,0,0.4648520674849171
gi:18860545,gi:21355491,0,0.48405891491580827
P41093,gi:24647137,0,0.525024798184445
gi:24653856,gi:24661830,0,0.48231489471778166
gi:17136864,gi:20130049,0,0.48459456240755117
Q94514,gi:17998687,0,0.4895744853625859
gi:21355683,gi:21356041,0,0.4928107626710516
gi:24583531,gi:24585616,0,0.46911623312295053
gi:21357875,gi:24647120,0,0.49157446726083615
gi:17647527,gi:28572129,0,0.5049315067902732
O76924,gi:24648463,0,0.5002667515477576
Q9VEX9,gi:28573173,0,0.489065319162954
gi:18859807,gi:20129123,0,0.4704117498464338
gi:24581429,gi:24652680,0,0.48088920655505735
P20354,gi:28573662,0,0.4867208534288844
gi:24648592,gi:24655577,0,0.5023578801973543
gi:24585154,gi:24658110,0,0.47196155649154103
Q9V8K2,gi:24657785,0,0.48418613616390344
O46106,gi:24655182,0,0.49903015524002936
gi:17137380,gi:24652770,0,0.4692430989132719
gi:17137264,gi:21355325,0,0.4587951245300378
gi:19922726,gi:28572965,0,0.4733849132440859
Q01083,gi:24667764,0,0.490020023569051
P53501,gi:21358181,0,0.46917966552016815
gi:19922686,gi:24649175,0,0.4704117498464338
gi:24581719,gi:24584835,0,0.5901651772903784
gi:20129067,gi:24651149,0,0.46775772195078613
gi:19921270,gi:24638625,0,0.5032492995902857
gi:17137760,gi:21355383,0,0.5034034181625757
gi:21355383,gi:21355815,0,0.5042948127533752
gi:17136568,gi:24585353,0,0.4938561494685987
gi:17647723,gi:17933742,0,0.5108951293465386
gi:20129227,gi:24662753,0,0.49471058610800295
gi:24650035,gi:24650168,0,0.48348644510554384
P17276,gi:18859833,0,0.5191348626717888
gi:21355383,gi:24659367,0,0.5044221527411907
gi:19920424,gi:28575000,0,0.4693065333002276
gi:24642547,gi:24655623,0,0.4822512998324798
gi:20129527,gi:24646611,0,0.48497625763208596
gi:21358297,gi:28572057,0,0.495601949868782
Q9VUJ0,gi:21356121,0,0.4854852117859113
Q23983,gi:24651303,0,0.4957929602194035
gi:19921326,gi:24585305,0,0.47518979651655296
gi:21356741,gi:24649183,0,0.5015033445922249
gi:18079297,gi:24640023,0,0.4618221871815267
gi:19922144,gi:24658721,0,0.4970931660653601
gi:28571108,gi:28573563,0,0.5454794557462226
gi:24646928,gi:24649695,0,0.4906833004564704
gi:17933686,gi:24668321,0,0.47518979651655296
gi:17136860,gi:19922220,0,0.46879908614633903
gi:17933694,gi:21355085,0,0.4574407482118177
Q27350,gi:24665160,0,0.48900167496163266
gi:24650435,gi:24653385,0,0.5296757211710378
P13008,gi:24586111,0,0.5079135995844621
gi:24639687,gi:24667059,0,0.4864663372140996
gi:21358077,gi:24584043,0,0.5103223139019596
gi:17136934,gi:21357483,0,0.4850398752188845
gi:24646312,gi:24649389,0,0.47629643323340604
O18413,Q24025,0,0.46917966552016815
gi:28573213,gi:28573512,0,0.47053865546120077
gi:24762582,gi:28573418,0,0.47525331497100265
gi:24656980,gi:24663292,0,0.49144715430678837
gi:24647083,gi:24651986,0,0.4660827658310667
Q24143,gi:24638591,0,0.49144715430678837
gi:24642084,gi:24647468,0,0.4841225252826156
gi:24650168,gi:24658403,0,0.4837408708709706
gi:24645175,gi:24659953,0,0.4722154621210693
gi:17864622,gi:24646009,0,0.4748087027193688
gi:21355219,gi:23308611,0,0.49677480388448103
P06603,gi:24641029,0,0.4780387867848435
gi:19920668,gi:24654595,0,0.5198977963736873
gi:24585635,gi:24648198,0,0.49547461034481094
gi:24582643,gi:24658772,0,0.5008665999285138
gi:20129325,gi:20130085,0,0.5510470691469611
gi:21356265,gi:24652770,0,0.47914600080300723
gi:24638702,gi:24650311,0,0.48608457609274186
gi:21358025,gi:24581205,0,0.4732579261423368
gi:24643180,gi:24667117,0,0.5569426196297872
gi:24581061,gi:24648674,0,0.4795909656953984
P00034,gi:21357677,0,0.4873202983645642
gi:17998687,gi:24643634,0,0.5095585180672046
gi:24581061,gi:24639220,0,0.4795909656953984
gi:24642670,gi:24656938,0,0.48256927996758076
gi:17737635,gi:24654916,0,0.46040320164476556
gi:24581314,gi:24585681,0,0.5024852268748224
gi:17136934,gi:24645653,0,0.47908243707436343
gi:17137692,gi:24583061,0,0.5011849727408119
P20483,gi:18859665,0,0.4748087027193688
gi:24585112,gi:28574635,0,0.4781023391324111
P06607,gi:24666794,0,0.4648520674849171
gi:17137026,gi:21357761,0,0.661373881767302
gi:24644398,gi:24660710,0,0.46769431241561893
gi:24641790,gi:24657590,0,0.5135577495797479
gi:19921814,gi:24580827,0,0.4602133809335008
gi:23397609,gi:24639299,0,0.4782294459522191
gi:20130329,gi:24581719,0,0.5933647274760283
Q9V8K2,Q9W2D9,0,0.48393169573386274
Q9VC27,gi:23397623,0,0.5228113826567065
Q94524,gi:21355117,0,0.5005851254690344
gi:20130399,gi:24652825,0,0.5033129716807598
gi:17137220,gi:20130151,0,0.489065319162954
gi:21357495,gi:24660182,0,0.4790188740230116
gi:24642125,gi:24652930,0,0.5284433012611304
gi:19920746,gi:24651313,0,0.48852941398119143
gi:17136212,gi:24651173,0,0.48069846391753707
gi:18543271,gi:19922278,0,0.45892161196914727
gi:24645951,gi:24665205,0,0.47778458452463574
gi:21355917,gi:28573878,0,0.4792095652068921
gi:24644819,gi:28573278,0,0.5295488181913174
P15330,gi:24648896,0,0.519325604602426
gi:21357211,gi:24653350,0,0.5516305776248732
gi:28572997,gi:28574695,0,0.473511903789185
Q9W5R5,gi:24654465,0,0.4648520674849171
gi:24584835,gi:24649648,0,0.534638356499927
gi:19921376,gi:20128985,0,0.48710264062237485
P19538,gi:17137196,0,0.5986193695488246
P06603,gi:24668309,0,0.4936651547190011
gi:24655121,gi:24662475,0,0.5199613700426253
gi:24639917,gi:24642867,0,0.46601938454702924
gi:21687092,gi:24640211,0,0.5077862813098631
gi:21357761,gi:24640683,0,0.6613168373505489
P07207,gi:24652650,0,0.4930654111879525
gi:21356481,gi:21357903,0,0.5136850047294855
gi:20304109,gi:24657320,0,0.45892161196914727
gi:17647759,gi:24639187,0,0.5077862813098631
gi:18921137,gi:24649564,0,0.48310482254994586
gi:17647581,gi:24646017,0,0.4860209508057039
gi:21355909,gi:24666053,0,0.5027399192459358
gi:20129961,gi:24660603,0,0.46472534939069793
gi:24585327,gi:28574939,0,0.47060210969803273
gi:17864460,gi:24643702,0,0.5648166096486475
Q9VUJ0,gi:24665229,0,0.49293808647147486
gi:19921114,gi:24657684,0,0.5017580412080337
gi:21355719,gi:24583929,0,0.4905559956144278
gi:19920370,gi:24585205,0,0.46873565976714726
gi:20130331,gi:24646908,0,0.4644719268800854
gi:20130399,gi:30923725,0,0.5034403155372799
gi:18859961,gi:24664979,0,0.4921741579875646
gi:24652641,gi:24654908,0,0.4618854913935259
Q24253,gi:18859947,0,0.4676309039239403
gi:19922466,gi:19922814,0,0.4574407482118177
P56079,gi:24581542,0,0.47816589218888617
Q8IGR0,gi:21358631,0,0.497029493432359
gi:19920436,gi:24585158,0,0.4792095652068921
gi:21358631,gi:28571341,0,0.468862513533619
gi:24664105,gi:24666323,0,0.5118765180882597
gi:24660746,gi:28573729,0,0.4853579703838712
gi:24582219,gi:24645148,0,0.4906833004564704
P42287,gi:24585582,0,0.48554883319356523
gi:24650577,gi:24655662,0,0.4602766532242645
gi:22024182,gi:24661759,0,0.46917966552016815
gi:17738007,gi:24650009,0,0.479400262449482
P17205,gi:24646581,0,0.48852941398119143
Q9VLP3,gi:24654172,0,0.4749357307467953
gi:17737533,gi:24582104,0,0.5134941213446982
gi:24662048,gi:28572987,0,0.5105132554697431
gi:19922816,gi:24645869,0,0.49442914425401924
gi:24639705,gi:24649564,0,0.48361365692638825
gi:19921312,gi:24652208,0,0.6033992388367889
Q9VG82,gi:24642363,0,0.49347416181839265
gi:17137452,gi:18921161,0,0.47506276201797604
P02824,gi:21357781,0,0.5207509327316864
gi:17136216,gi:24644274,0,0.471898082345539
O62621,gi:24652762,0,0.4767411740031681
gi:20129579,gi:24663292,0,0.49036504065313447
P07185,gi:24641410,0,0.47370239602737785
gi:17737727,gi:19920464,0,0.47196155649154103
gi:20130017,gi:24640949,0,0.4778481340160796
P52304,gi:18859877,0,0.49274710111951964
gi:20130399,gi:21358247,0,0.5016574684460708
P00034,gi:24667089,0,0.5126669152376081
gi:24642611,gi:24664817,0,0.46169558245287884
gi:24585795,gi:24642547,0,0.49496525828501475
Q9VNH6,gi:19921554,0,0.48542159084866054
gi:24585242,gi:24641946,0,0.500075727074641
gi:18921187,gi:24649646,0,0.4692430989132719
Q01071,gi:24646114,0,0.47015795010950984
gi:17737533,gi:24654595,0,0.5174815382310947
gi:24650747,gi:24663118,0,0.48523073087991
gi:19922172,gi:28574635,0,0.47778458452463574
gi:24657671,gi:28574582,0,0.5430888413194968
gi:24658567,gi:28573563,0,0.5437739325841406
gi:17136698,gi:24586167,0,0.483232027900873
gi:24582598,gi:28573817,0,0.4720885075012803
gi:17137168,gi:24652436,0,0.5018217152245918
gi:24639812,gi:24667063,0,0.5370354940104516
gi:24639917,gi:24667117,0,0.5566912091475296
P39736,gi:24641689,0,0.5797905489030194
Q24400,gi:24656980,0,0.49442914425401924
gi:21357211,gi:24638894,0,0.5473366608339516
gi:19920978,gi:24663344,0,0.4805077269061795
P17205,gi:24585236,0,0.4976929989102636
gi:24584236,gi:24650284,0,0.47518979651655296
gi:17136780,gi:24581155,0,0.4734484080872377
O18413,gi:21355869,0,0.5193891839968964
gi:24651028,gi:24653550,0,0.4856760774118486
gi:21356927,gi:24668704,0,0.4775303937708891
gi:24582643,gi:24655951,0,0.4841225252826156
gi:20130247,gi:24667200,0,0.47518979651655296
Q03017,gi:24653562,0,0.4955382800344423
gi:17136212,gi:21358165,0,0.4811435387277439
gi:23397619,gi:24646365,0,0.4959203011388392
gi:24582094,gi:24650192,0,0.49566561984576524
gi:24582048,gi:24639017,0,0.46330512285295766
gi:17864254,gi:28574472,0,0.47053865546120077
gi:21358319,gi:24762726,0,0.4990938298484594
P91685,gi:17738257,0,0.4574407482118177
gi:19922556,gi:24652842,0,0.47512627886486236
gi:18858161,gi:24663188,0,0.5655677177648917
gi:17137692,gi:24647508,0,0.5014396703112048
Q95028,gi:24582879,0,0.4928107626710516
gi:17137344,gi:18859693,0,0.48852941398119143
gi:19921606,gi:20129907,0,0.4660827658310667
gi:21356815,gi:24655121,0,0.5190076982825403
gi:18079297,gi:20130425,0,0.48095278867490776
P32392,Q9V3D2,0,0.46330512285295766
gi:17136968,gi:24651395,0,0.49391981478638536
gi:24639705,gi:24655568,0,0.4731944338878232
gi:24583803,gi:24644422,0,0.4974383056227531
P18459,gi:21355413,0,0.48418613616390344
Q9VMN5,gi:19921554,0,0.4856760774118486
gi:20128797,gi:24580710,0,0.7066611958852482
Q24338,gi:19922310,0,0.48256927996758076
gi:21356083,gi:24665950,0,0.47196155649154103
gi:24646722,gi:28573264,0,0.4976025503500713
gi:24653791,gi:24664434,0,0.48393169573386274
gi:24638845,gi:28571819,0,0.5444423375111747
gi:19921246,gi:21356743,0,0.531732303961603
gi:24583984,gi:24646316,0,0.46169558245287884
gi:24583061,gi:28571108,0,0.48329563139227283
gi:21355205,gi:30923558,0,0.46336845532092935
Q9XTM1,gi:28571587,0,0.5046768309792025
P15330,gi:30923629,0,0.5199613700426253
gi:21357311,gi:24654606,0,0.47072902102040937
P02575,gi:28573850,0,0.46627291624550604
P14734,gi:24664199,0,0.48770210898886557
gi:24649250,gi:24662518,0,0.47591525675030316
O16130,gi:24654832,0,0.4676309039239403
gi:24654017,gi:24656982,0,0.48703900836629754
gi:24584916,gi:24655187,0,0.4941108119146108
gi:24659404,gi:24762383,0,0.4707924781018802
gi:18859869,gi:24580965,0,0.4734484080872377
P02839,gi:24643118,0,0.5374154253129242
gi:24651972,gi:24665469,0,0.4885930554874974
gi:20129745,gi:24639782,0,0.5155198830817979
gi:17136506,gi:24665761,0,0.4820605186346085
gi:24650311,gi:24654854,0,0.5007392505923755
gi:24643303,gi:24664434,0,0.4869117451165584
gi:17738243,gi:24641363,0,0.4778481340160796
Q9VMA2,gi:24648946,0,0.46459863585035593
gi:20128797,gi:28572043,0,0.7058157343472403
P10041,gi:28574443,0,0.48465817704227354
gi:24642016,gi:24655153,0,0.5611657146914497
gi:24581719,gi:24762582,0,0.5926270620434826
gi:24584167,gi:24639822,0,0.49261977872413315
P05389,gi:24646827,0,0.48174256162155793
O46341,P23757,0,0.5105132554697431
Q94511,gi:20128797,0,0.7063443143669053
Q9XZT0,gi:24640119,0,0.4853579703838712
gi:24656275,gi:24658714,0,0.4826328776969024
gi:24653614,gi:24658772,0,0.5016306930059141
Q9VXX8,gi:24655662,0,0.4765505662584537
gi:21357113,gi:24655850,0,0.48453094827204335
P10987,gi:24654843,0,0.5072769982767965
gi:24585327,gi:24649007,0,0.4854852117859113
Q8T053,gi:17137168,0,0.5008029252734664
gi:18543205,gi:18859947,0,0.4602766532242645
Q94524,gi:21355807,0,0.5002667515477576
gi:21355075,gi:21356595,0,0.5005214507144757
Q01083,gi:24651641,0,0.4899563742666048
gi:24580579,gi:24639301,0,0.5210687500838926
gi:17136728,gi:24664257,0,0.4745546564612013
gi:18859929,gi:24582746,0,0.5055312902759437
gi:24581719,gi:28571396,0,0.5896722533937725
gi:24583061,gi:24645384,0,0.4847854078011314
gi:18859891,gi:24640704,0,0.4788281889532162
gi:21357781,gi:24583294,0,0.4805077269061795
gi:17530793,gi:24666972,0,0.46040320164476556
Q9V9Z9,gi:21356595,0,0.5005851254690344
gi:19921466,gi:24582006,0,0.5167920494360516
gi:18921137,gi:24648294,0,0.5114310364254497
gi:17864476,gi:24665657,0,0.49442914425401924
gi:17137700,gi:24582308,0,0.47816589218888617
Q01644,gi:24652733,0,0.4975019788251607
P54356,gi:28574443,0,0.4852943503936016
gi:20129423,gi:21357951,0,0.4675674964777814
gi:17137752,gi:21356033,0,0.4988391316117467
gi:24583358,gi:24652930,0,0.5288240972874425
gi:24581759,gi:24661826,0,0.46589262527228226
gi:19920706,gi:20130281,0,0.5000120522426024
Q9V411,gi:18543225,0,0.4660827658310667
gi:17137616,gi:24644677,0,0.5498495640734863
gi:24586562,gi:24655153,0,0.5600991609090552
gi:19923036,gi:24655741,0,0.5303736185423251
gi:19920382,gi:28573604,0,0.4899563742666048
gi:24653459,gi:28573486,0,0.4775939403734235
gi:24582036,gi:24649689,0,0.4574407482118177
gi:24639740,gi:24647500,0,0.473511903789185
gi:21356073,gi:24586195,0,0.48865669736360484
gi:18859671,gi:20129903,0,0.4674406847301457
gi:24585091,gi:24644274,0,0.4646619920502801
gi:17136506,gi:24667211,0,0.4904923436516983
P41092,gi:24661359,0,0.49515626413954095
gi:22024283,gi:24584039,0,0.5469580088399852
P54353,gi:21358131,0,0.4718346091081678
P12982,gi:24654325,0,0.4864663372140996
O97125,gi:24586167,0,0.4837408708709706
gi:17137648,gi:24647148,0,0.47072902102040937
gi:20130199,gi:24638862,0,0.48776574550021445
gi:19920776,gi:24650168,0,0.5513885973451861
gi:18859837,gi:24653247,0,0.46472534939069793
gi:24638609,gi:24647897,0,0.47597878422759815
gi:24662048,gi:24663556,0,0.5100677204691493
gi:21357829,gi:24650284,0,0.47525331497100265
gi:24649214,gi:24662785,0,0.4867208534288844
gi:19922526,gi:20129231,0,0.47028484805710646
P35415,gi:17137642,0,0.4909379137491394
P09491,gi:24639124,0,0.4806348842858847
gi:24654992,gi:24661700,0,0.4574407482118177
gi:21358323,gi:24654479,0,0.5015033445922249
Q01083,gi:24581542,0,0.489192608627054
gi:18859843,gi:21357001,0,0.4588583675868776
P10379,gi:21357761,0,0.6612597882460022
gi:21357761,gi:24762383,0,0.6610315449753421
gi:24659182,gi:24667163,0,0.4660827658310667
Q02361,gi:24640501,0,0.5075316417472492
gi:24645538,gi:24655245,0,0.49125618696090756
P82147,gi:24582306,0,0.511812878989253
P04197,P07187,0,0.4913198424620919
Q9VV43,gi:24661625,0,0.4910652221667652
gi:17738243,gi:24586550,0,0.4778481340160796
gi:28571743,gi:28574432,0,0.47667763733274543
Q9VSC1,gi:21358555,0,0.46769431241561893
Q94524,gi:28571451,0,0.5005851254690344
O61348,gi:24581089,0,0.4704117498464338
Q9V574,gi:24644797,0,0.5451371400199989
gi:24584547,gi:24667089,0,0.5338411158048062
gi:21356855,gi:24653514,0,0.4632417915688056
gi:22024283,gi:24667059,0,0.5474628660133705
P22464,gi:24664720,0,0.46336845532092935
gi:24642561,gi:24655886,0,0.48418613616390344
P50882,gi:24667207,0,0.46750409007917304
P09491,gi:18858137,0,0.49353782590971224
Q9V3S0,gi:24656026,0,0.4675674964777814
gi:24581155,gi:24584167,0,0.49236513682184957
gi:24657782,gi:24659100,0,0.5105769019800416
gi:24646829,gi:24654828,0,0.4675674964777814
gi:24641640,gi:24647060,0,0.46330512285295766
gi:21355869,gi:21358081,0,0.5191348626717888
gi:24585795,gi:28571819,0,0.49534727140793156
gi:21357711,gi:28574406,0,0.5159919134156307
gi:24584043,gi:24649564,0,0.5098131218135732
gi:19921002,gi:21358323,0,0.48659359445242034
gi:21355653,gi:21355937,0,0.4588583675868776
gi:21356581,gi:24666323,0,0.5123219808856926
gi:18859825,gi:21356815,0,0.4981387149647746
gi:24639822,gi:24666694,0,0.4792095652068921
gi:24639609,gi:24649646,0,0.46911623312295053
Q9XZH6,gi:28573207,0,0.48989272528980116
gi:24582854,gi:24649078,0,0.46336845532092935
gi:20129385,gi:28571108,0,0.48393169573386274
gi:24646516,gi:24665657,0,0.4944928112721774
gi:24585795,gi:24655948,0,0.49598397179806913
Q9W3R7,gi:24657216,0,0.47648703185867913
gi:24646073,gi:28573576,0,0.4818697426669402
gi:24643106,gi:24653385,0,0.5295488181913174
P08181,Q24564,0,0.6030334706741721
P53997,gi:17647979,0,0.5212594323255844
gi:17137296,gi:19922464,0,0.479400262449482
gi:24586562,gi:28574707,0,0.48583007767123465
gi:24583134,gi:24667089,0,0.5127941823455014
gi:24582065,gi:24659953,0,0.4722154621210693
P17886,gi:19922144,0,0.5166915882596931
gi:24653350,gi:24663462,0,0.6107724359248888
O96827,P15330,0,0.519643495274655
gi:18859735,gi:24581626,0,0.47047520217665556
Q9U6L5,gi:19921270,0,0.46330512285295766
Q9W123,gi:24642517,0,0.5816770654690823
gi:19921232,gi:24639496,0,0.47512627886486236
gi:24585156,gi:28574726,0,0.5130118375253556
gi:24650245,gi:24661864,0,0.4588583675868776
gi:19922564,gi:24582592,0,0.49611131350522913
gi:21358161,gi:28571356,0,0.49541094080195247
gi:17136698,gi:17647343,0,0.47765748770125876
O97125,gi:24651690,0,0.4718346091081678
O16797,Q9W2N0,0,0.5343848706150739
gi:24642808,gi:24650747,0,0.48465817704227354
gi:19922526,gi:24641578,0,0.4775939403734235
gi:24639548,gi:24653306,0,0.48561245506956374
gi:18543285,gi:24652930,0,0.548020683595896
gi:21356337,gi:24639715,0,0.6091459996056127
P05205,gi:24649448,0,0.47512627886486236
P02517,gi:20129789,0,0.48399530506553823
gi:17137184,gi:20130049,0,0.48542159084866054
P92208,Q07152,0,0.48710264062237485
P14130,gi:18858055,0,0.4746816779520526
gi:19920584,gi:28558744,0,0.5226842965877415
Q9VQQ9,gi:24645581,0,0.5102586660406082
gi:18543283,gi:24661263,0,0.47060210969803273
gi:24643106,gi:24655121,0,0.5191348626717888
gi:17530817,gi:24659367,0,0.4924924572860738
gi:17137578,gi:24668563,0,0.47661410141715826
gi:17647581,gi:24654383,0,0.51415713797771
gi:17137524,gi:24582096,0,0.4869117451165584
gi:18859825,gi:24581168,0,0.498520759678551
Q8INW0,gi:28574660,0,0.5726318259944557
gi:24655121,gi:28573830,0,0.5195799184043394
gi:19922268,gi:21355383,0,0.5047405001646573
P07207,gi:24585079,0,0.4920468400301482
gi:19922670,gi:24643455,0,0.47072902102040937
gi:24642267,gi:24644057,0,0.48453094827204335
gi:17137398,gi:19922992,0,0.48510349329049335
gi:17647911,gi:24640672,0,0.5160923838198354
gi:21356061,gi:21357051,0,0.47816589218888617
P19889,gi:26080381,0,0.5092134898149582
Q94523,gi:24650606,0,0.46330512285295766
gi:19920876,gi:24644422,0,0.49391981478638536
gi:19921294,gi:24651111,0,0.4778481340160796
gi:19921802,gi:24581879,0,0.4718346091081678
gi:21357417,gi:24663332,0,0.5062316164054066
P42325,gi:17647891,0,0.4777210357523458
P20227,gi:24580927,0,0.46472534939069793
gi:21357145,gi:24643394,0,0.47066556488511446
P02828,gi:24644634,0,0.4884021320862288
gi:22026843,gi:24658342,0,0.49807504104506517
gi:17137488,gi:18859877,0,0.471898082345539
gi:24643386,gi:24656859,0,0.4588583675868776
gi:21357495,gi:21357653,0,0.493601490210603
O46309,gi:24658292,0,0.4587951245300378
gi:21356595,gi:28573467,0,0.500203076729284
gi:24639649,gi:28574249,0,0.4803805720516263
gi:24642814,gi:24653595,0,0.4675674964777814
P41073,gi:24641578,0,0.4780387867848435
gi:20130151,gi:28572043,0,0.4891289637187816
gi:24586297,gi:24641798,0,0.46453528079294976
gi:17647503,gi:24648294,0,0.5115850801724842
gi:21357037,gi:24641919,0,0.4733849132440859
gi:21357951,gi:24663802,0,0.4911288768111815
Q24133,gi:19921694,0,0.5090861827970201
gi:18859953,gi:24645011,0,0.48925625388570987
O16011,gi:28574529,0,0.5139026391905619
gi:17137398,gi:24638862,0,0.48808393396461675
Q24133,gi:24649579,0,0.5092134898149582
Q8IGR0,gi:21357417,0,0.5047672734738475
gi:24645653,gi:28571515,0,0.4790188740230116
gi:24655228,gi:24655474,0,0.5048309424402851
P21461,P53501,0,0.5119401568022587
gi:24585353,gi:24654082,0,0.4941108119146108
P54733,gi:17137620,0,0.4921741579875646
gi:24644797,gi:28572036,0,0.5436841738712628
Q9VG82,Q9VYR1,0,0.4944928112721774
gi:24661997,gi:24668338,0,0.4603399267953573
gi:17136826,gi:24640119,0,0.4888743876307544
gi:24643050,gi:24644059,0,0.47066556488511446
gi:24649818,gi:24649976,0,0.47525331497100265
gi:24660002,gi:24663548,0,0.4782294459522191
gi:17647155,gi:19922294,0,0.47196155649154103
gi:18543265,gi:18857963,0,0.4972841845217981
gi:18543199,gi:24659170,0,0.4573775353990873
gi:24650248,gi:24659128,0,0.4901473231426219
O97067,gi:24653096,0,0.48316842495274526
gi:24644250,gi:24648592,0,0.5008665999285138
Q8SWT6,gi:24585488,0,0.4603399267953573
P08970,gi:19921466,0,0.46169558245287884
P45594,gi:24665583,0,0.5651922011218836
O16797,P35415,0,0.5333073590322477
gi:24646827,gi:24653497,0,0.48256927996758076
gi:21356995,gi:24649735,0,0.49753887702063293
gi:24586371,gi:24651939,0,0.4673772804327299
gi:21355205,gi:24647143,0,0.4928107626710516
gi:24650435,gi:24667117,0,0.5563140390076702
gi:21358339,gi:24581686,0,0.4693065333002276
gi:24649158,gi:24658721,0,0.5045494921553056
P19109,gi:24658081,0,0.4826328776969024
gi:24648484,gi:24651926,0,0.4958566306119291
gi:19923044,gi:24640959,0,0.4820605186346085
gi:24584926,gi:24638718,0,0.4660827658310667
gi:24583827,gi:24659953,0,0.4805077269061795
gi:24643375,gi:28573563,0,0.5461108624392039
gi:21356595,gi:28574529,0,0.4989932562812546
gi:24654782,gi:24667917,0,0.48329563139227283
P07181,gi:24650358,0,0.4841225252826156
gi:24658883,gi:28571341,0,0.46589262527228226
gi:17137386,gi:21356019,0,0.4718346091081678
P17704,gi:24657747,0,0.4790188740230116
Q9W2U9,gi:24642517,0,0.5816150884831505
gi:17136268,gi:24643822,0,0.4853579703838712
gi:20129227,gi:24645058,0,0.5051492848809636
gi:19920472,gi:24580972,0,0.46459863585035593
gi:17136864,gi:24662518,0,0.4803805720516263
Q05201,gi:24585215,0,0.4689259419269536
gi:24640570,gi:24650311,0,0.48659359445242034
P23696,gi:24658714,0,0.5173275995874786
gi:24638845,gi:24655044,0,0.5452002952116286
gi:24654441,gi:24663246,0,0.5173543431102924
gi:19922480,gi:24653966,0,0.4602766532242645
gi:24639021,gi:24665154,0,0.47629643323340604
Q94920,gi:26080381,0,0.5092771428768395
gi:24639782,gi:24639926,0,0.5168556521779839
gi:21357113,gi:24646436,0,0.48256927996758076
gi:24653432,gi:24657747,0,0.47965453476853637
gi:21356967,gi:24585813,0,0.48865669736360484
gi:24583134,gi:24640435,0,0.4836772636342405
gi:19921570,gi:28573440,0,0.4603399267953573
gi:17137344,gi:24658721,0,0.488147572824605
gi:20130261,gi:28573662,0,0.4917922072266504
P22807,gi:24581719,0,0.5928115176902655
gi:18543197,gi:28573761,0,0.4602133809335008
gi:20130027,gi:24666524,0,0.5048678380722574
gi:17136948,gi:19922640,0,0.4847854078011314
gi:24640817,gi:24655577,0,0.5025489000936764
Q9VCH4,gi:24651111,0,0.46472534939069793
gi:24648308,gi:28571176,0,0.46627291624550604
gi:21356265,gi:24651671,0,0.5040401311227135
P29310,gi:19920706,0,0.512094193165399
gi:24654908,gi:24654934,0,0.4856760774118486
gi:17137586,gi:24585033,0,0.47597878422759815
gi:21357265,gi:24663462,0,0.614640536060284
gi:21357009,gi:21357677,0,0.4884021320862288
P18502,gi:24650342,0,0.5502277866476272
gi:24641209,gi:24656849,0,0.47965453476853637
gi:24639571,gi:24653988,0,0.46336845532092935
gi:24663523,gi:24666096,0,0.4773397583355768
gi:18543289,gi:19921312,0,0.6016913379621935
gi:24640426,gi:24642765,0,0.4618854913935259
P48598,gi:24641302,0,0.47028484805710646
gi:21357109,gi:28573133,0,0.4602766532242645
gi:24643761,gi:24651265,0,0.49639277274219396
gi:19921030,gi:28571791,0,0.48069846391753707
gi:17737871,gi:24638845,0,0.5448845047521534
P54733,gi:24662650,0,0.4802534197386471
P46824,gi:21358101,0,0.4982023889448557
gi:19920746,gi:19922950,0,0.4884021320862288
gi:17864676,gi:17986155,0,0.47661410141715826
gi:24584043,gi:24649427,0,0.5089856417083176
gi:24585353,gi:24640430,0,0.5227745602329916
gi:24642301,gi:24651212,0,0.49185586503345
Q9VPS5,gi:17864256,0,0.5136850047294855
gi:21357113,gi:24640959,0,0.481551794494168
P35220,gi:18858161,0,0.5656928732783779
gi:24662973,gi:28574472,0,0.4702213986020737
O44783,gi:28573278,0,0.528687078946734
Q01069,gi:24646860,0,0.4908742599800555
gi:17738249,gi:20130399,0,0.5035039872991959
gi:24580731,gi:30923518,0,0.5287606336007372
gi:21356995,gi:24653459,0,0.49664745972992796
Q9W5Q2,gi:24640672,0,0.5167920494360516
gi:19921122,gi:24642547,0,0.48304122069453037
P53501,gi:24663055,0,0.4689259419269536
gi:19922516,gi:21356221,0,0.4895108383829366
gi:21356157,gi:24583291,0,0.4631784614704943
gi:17352479,gi:24640248,0,0.5020127369114764
gi:19921638,gi:24654542,0,0.4707924781018802
gi:24643755,gi:24660188,0,0.4969021484574647
gi:24643118,gi:24664660,0,0.5376053746995406
gi:17647739,gi:24584828,0,0.49008367319507723
gi:19921250,gi:21357151,0,0.48944719174336265
gi:19921720,gi:24581901,0,0.4884021320862288
P82147,gi:24641831,0,0.6197964114494463
gi:24638750,gi:24652999,0,0.5150109592919825
gi:24586033,gi:24655850,0,0.4856760774118486
gi:17647653,gi:21355869,0,0.519643495274655
gi:17737425,gi:24663861,0,0.5222394723243923
P16378,gi:28574385,0,0.47170766536747516
gi:21357817,gi:22024283,0,0.5780160748058393
P04814,gi:24656490,0,0.46040320164476556
gi:19922992,gi:24585303,0,0.4856760774118486
gi:17647581,gi:24586167,0,0.485957325971734
gi:19922172,gi:24653856,0,0.4822512998324798
gi:17137188,gi:17737425,0,0.5217946127845103
gi:19922276,gi:24652386,0,0.46775772195078613
gi:17864452,gi:24656168,0,0.4880202954909169
Q9VQQ9,gi:24665469,0,0.5096221694738409
Q24253,gi:19920906,0,0.47177113678146687
P02824,gi:28571506,0,0.5210687500838926
gi:24580911,gi:28574675,0,0.4722154621210693
P19889,Q9VPS5,0,0.5136850047294855
gi:24582032,gi:28574303,0,0.5020127369114764
P08570,gi:22024114,0,0.5186261904051414
gi:19922020,gi:24644642,0,0.4811435387277439
Q8T0S6,gi:24655047,0,0.5080409168325803
P48607,gi:21356815,0,0.47816589218888617
gi:21358515,gi:24582738,0,0.4574407482118177
gi:24650311,gi:24650346,0,0.4873202983645642
gi:21357543,gi:24585813,0,0.48852941398119143
gi:21355815,gi:24663462,0,0.614097446450832
gi:20128797,gi:24655121,0,0.7043858011360691
gi:24641788,gi:28573466,0,0.543278440904527
gi:24648896,gi:28574249,0,0.4805713052814144
gi:24643793,gi:24658940,0,0.46633630189766906
Q27350,gi:19921294,0,0.489192608627054
gi:19921140,gi:24582960,0,0.4795909656953984
gi:18859807,gi:24649164,0,0.4716441948682319
gi:24583929,gi:24639187,0,0.5065130457391096
gi:19921830,gi:24655741,0,0.5298660684417735
gi:17998687,gi:21358297,0,0.48963813268024886
Q24260,gi:24666096,0,0.4773397583355768
P54358,gi:24663027,0,0.49858443397749114
gi:24645653,gi:28571823,0,0.47908243707436343
gi:21356001,gi:28571341,0,0.4660827658310667
gi:24584859,gi:24656486,0,0.511022417834991
O96827,gi:18859685,0,0.4632417915688056
gi:18859889,gi:21355383,0,0.5046131616420637
gi:24648198,gi:24657218,0,0.4944559166757515
gi:19921586,gi:24642882,0,0.4707924781018802
P13097,gi:24652897,0,0.5330537813524967
gi:24584017,gi:24657747,0,0.47927313028396695
gi:19920696,gi:24655187,0,0.5138390133621386
gi:24641261,gi:24661136,0,0.49896648066305704
P13238,gi:24653614,0,0.46601938454702924
gi:17137300,gi:24642367,0,0.47616937131540216
Q9U6L5,gi:24648461,0,0.49753887702063293
gi:24657747,gi:24660923,0,0.48465817704227354
Q9XYQ2,gi:21357017,0,0.46589262527228226
gi:19921600,gi:24658577,0,0.46305180483947705
gi:17137616,gi:21355125,0,0.5497865213632779
gi:24585795,gi:24667063,0,0.5360854785458329
P08570,gi:24666894,0,0.519643495274655
gi:20129291,gi:24649395,0,0.5437207910787822
gi:24586237,gi:24653791,0,0.48418613616390344
gi:24584167,gi:24652112,0,0.4928107626710516
gi:24581826,gi:24650714,0,0.47072902102040937
Q07327,gi:24651625,0,0.46769431241561893
gi:19921090,gi:28574757,0,0.4648520674849171
gi:24582846,gi:24762775,0,0.46911623312295053
gi:17933736,gi:24648207,0,0.48310482254994586
Q8INW0,gi:17136286,0,0.572382482780088
P08879,P10083,0,0.4673138771889561
Q9V407,gi:24586562,0,0.4869753765303388
P49905,gi:21355717,0,0.5116855996444586
P17886,gi:19922676,0,0.5180271471318081
gi:17136732,gi:24583294,0,0.5263216417176895
gi:17136968,gi:24585635,0,0.49398348030135913
gi:20130331,gi:24651028,0,0.4852943503936016
gi:24642794,gi:24642884,0,0.5362488679206452
gi:21355865,gi:21355869,0,0.5195799184043394
gi:17864630,gi:24645011,0,0.48900167496163266
gi:21358569,gi:24583549,0,0.4885930554874974
gi:24648514,gi:24662048,0,0.5103859614286405
gi:20128797,gi:20130007,0,0.706132948948838
gi:24640233,gi:24655187,0,0.49341049793870834
gi:24652101,gi:24663336,0,0.49471058610800295
Q9V8K2,gi:18543205,0,0.48405891491580827
gi:17986155,gi:24648484,0,0.4952199330746611
P20241,gi:24580513,0,0.49008367319507723
gi:18859713,gi:21357369,0,0.4787646286315399
gi:20130377,gi:23397621,0,0.49896648066305704
gi:24646039,gi:28572997,0,0.4733849132440859
gi:20128885,gi:24663228,0,0.4811435387277439
gi:24580597,gi:24651203,0,0.47053865546120077
gi:24641593,gi:24642261,0,0.4722154621210693
gi:24646972,gi:24651939,0,0.4673138771889561
gi:24648294,gi:24649214,0,0.5111764672771321
gi:17864622,gi:19921672,0,0.4748087027193688
gi:21357653,gi:24585242,0,0.4989295817234569
gi:24640534,gi:24659272,0,0.4838680869228385
Q9VGX3,gi:24652682,0,0.4782294459522191
gi:21357127,gi:24664199,0,0.48852941398119143
gi:24649059,gi:24762594,0,0.48250568280295253
gi:20129451,gi:24582643,0,0.4838680869228385
gi:21357313,gi:24585029,0,0.46614614821017714
gi:17136506,gi:24639248,0,0.4826328776969024
gi:24652131,gi:30923613,0,0.48418613616390344
Q9VUJ0,gi:28573850,0,0.46614614821017714
Q960T2,gi:24581467,0,0.4790188740230116
Q01842,gi:20130175,0,0.49138349824473965
gi:20128797,gi:21355865,0,0.7063443143669053
P17886,gi:20130399,0,0.5164371684709658
gi:19920386,gi:24583061,0,0.47648703185867913
gi:24639837,gi:24661140,0,0.46459863585035593
gi:19921294,gi:24644739,0,0.4780387867848435
gi:21357761,gi:28572963,0,0.6607461355645476
Q23985,gi:24645538,0,0.534448243756396
gi:17647581,gi:24648173,0,0.48703900836629754
gi:24585240,gi:24660416,0,0.5157743329725651
gi:24580674,gi:24640119,0,0.48510349329049335
gi:24642517,gi:24647942,0,0.5813051649396476
gi:21357867,gi:24640591,0,0.4603399267953573
O77263,gi:24650054,0,0.4573775353990873
gi:17647503,gi:24644513,0,0.5138758841223
gi:21356743,gi:24657182,0,0.5317957218146014
gi:19922206,gi:21357833,0,0.47072902102040937
gi:24640817,gi:24649158,0,0.5040401311227135
gi:20128841,gi:24642662,0,0.4805713052814144
gi:17737425,gi:21357669,0,0.5216039480712381
gi:24584835,gi:24666894,0,0.534511615785663
gi:19920688,gi:24656486,0,0.5092402564263873
P20432,gi:24647369,0,0.4673772804327299
gi:19922686,gi:21357853,0,0.46459863585035593
P04197,Q24266,0,0.46336845532092935
gi:24650124,gi:24665469,0,0.4873202983645642
gi:24645446,gi:24647143,0,0.4928744244557245
P42287,gi:19920682,0,0.48523073087991
gi:17136854,gi:24580949,0,0.4838680869228385
P48603,gi:24644797,0,0.5433682123960665
gi:24659901,gi:24664029,0,0.46175888420063865
gi:21356069,gi:24664675,0,0.46472534939069793
gi:17137572,gi:24659997,0,0.521450108372382
O44424,gi:24585132,0,0.5007392505923755
O18404,gi:28574516,0,0.46879908614633903
gi:21356815,gi:24657023,0,0.4787646286315399
gi:24651799,gi:24652624,0,0.4588583675868776
P35676,gi:24652652,0,0.5002667515477576
gi:24584219,gi:24640798,0,0.4573775353990873
gi:21357483,gi:24581572,0,0.5127305489978842
gi:24647137,gi:24666694,0,0.5248977659086894
gi:21357145,gi:24655170,0,0.49896648066305704
gi:17136820,gi:24652733,0,0.49274710111951964
gi:24651111,gi:24664191,0,0.4674406847301457
gi:24639936,gi:24642214,0,0.4765505662584537
gi:24583607,gi:24654595,0,0.5197706471047222
Q9VG96,gi:24663027,0,0.49896648066305704
gi:17136732,gi:24583803,0,0.5255596005703309
gi:24582065,gi:28571623,0,0.4588583675868776
gi:24668642,gi:28574406,0,0.5180271471318081
gi:24653385,gi:24663802,0,0.5288507839505276
gi:17137168,gi:18858069,0,0.5017580412080337
gi:19921672,gi:24666303,0,0.4748722163265905
Q8INW0,gi:21355625,0,0.5731304016061638
gi:24584167,gi:24649164,0,0.4924287969312005
gi:24638872,gi:24656759,0,0.4602133809335008
gi:21356475,gi:24641014,0,0.48703900836629754
gi:17137616,gi:24639917,0,0.5507950115150284
gi:21356031,gi:24415388,0,0.4867844835637715
Q9W5R8,gi:19921856,0,0.5001394019042232
gi:23397623,gi:24665958,0,0.5223665686014444
gi:19921976,gi:24642543,0,0.49144715430678837
gi:17864318,gi:24584547,0,0.5359954979348214
P19538,gi:24650168,0,0.5980072392936217
gi:24762781,gi:28573893,0,0.4916381241487095
Q24246,gi:21358109,0,0.4603399267953573
gi:21355521,gi:24639124,0,0.4746816779520526
gi:19920984,gi:24638845,0,0.5438105486325319
gi:21356995,gi:24645830,0,0.49753887702063293
gi:24640798,gi:24640826,0,0.4574407482118177
P54357,Q24253,0,0.4673138771889561
gi:21355535,gi:28574468,0,0.46453528079294976
O97420,gi:21355553,0,0.4811435387277439
gi:17933570,gi:24638644,0,0.4618854913935259
gi:24583332,gi:24642517,0,0.5802509461605485
gi:24656966,gi:24664004,0,0.4675674964777814
gi:21357455,gi:24654383,0,0.5146024931109712
Q961V5,gi:24648905,0,0.4720885075012803
Q8ST83,gi:19921710,0,0.5154295191592402
gi:24581873,gi:24640817,0,0.47952739728314225
gi:24640170,gi:24647850,0,0.4587951245300378
Q9VGX3,gi:17137452,0,0.47740330274991705
gi:17647523,gi:21355331,0,0.5076589620252898
gi:24582094,gi:24648484,0,0.49439224976204055
Q9V3S0,gi:19922640,0,0.48542159084866054
gi:17137760,gi:24584547,0,0.534665003626939
gi:24644086,gi:24663511,0,0.4574407482118177
gi:19922516,gi:24643761,0,0.4961380876264194
gi:24580986,gi:24585236,0,0.4990938298484594
gi:24583929,gi:24640527,0,0.49061964788337276
gi:21356265,gi:24582096,0,0.4861482018307892
gi:23397598,gi:24652652,0,0.5003941011566827
O76908,gi:24650924,0,0.4803169955764136
P13607,gi:21358569,0,0.4932195075901058
gi:24643915,gi:24654441,0,0.5169192543738098
gi:24639812,gi:24647508,0,0.47313094250027266
P48149,gi:24640430,0,0.5232828782685824
Q8T0S6,gi:24645216,0,0.5078499405744411
gi:24654828,gi:24762424,0,0.46775772195078613
gi:21357369,gi:24653350,0,0.5545266029692001
gi:18858161,gi:19921250,0,0.5643783255748999
Q9VSS2,gi:20130269,0,0.48250568280295253
gi:17137298,gi:28571445,0,0.49442914425401924
Q24297,gi:21355869,0,0.5197070715088002
gi:20129999,gi:24585384,0,0.46472534939069793
gi:21357265,gi:24648828,0,0.5048678380722574
P08928,P36241,0,0.4763599653441083
gi:24638625,gi:24644714,0,0.5035039872991959
gi:24638982,gi:24647137,0,0.5255964031106496
gi:24649389,gi:28574635,0,0.47778458452463574
gi:19920922,gi:24645951,0,0.4775303937708891
gi:20128999,gi:24666894,0,0.46305180483947705
gi:24639272,gi:28571526,0,0.46627291624550604
gi:17737425,gi:24582672,0,0.5226842965877415
gi:24647727,gi:28574939,0,0.4704117498464338
gi:19921710,gi:24650660,0,0.5154295191592402
gi:19922166,gi:28573999,0,0.4782294459522191
gi:24586133,gi:24639837,0,0.46169558245287884
P82910,gi:21357275,0,0.5219852711475259
gi:24586562,gi:24645902,0,0.4866572237244142
gi:21357113,gi:24643729,0,0.48231489471778166
Q8INW0,gi:24646410,0,0.5727564837722313
gi:21356995,gi:28572057,0,0.495883404514757
gi:24643879,gi:24647885,0,0.4856760774118486
gi:20129347,gi:24663344,0,0.47196155649154103
gi:19921950,gi:20130425,0,0.48095278867490776
gi:24656574,gi:28571955,0,0.47889174996038714
gi:24581572,gi:24582188,0,0.5139395096898574
gi:21357711,gi:28574675,0,0.5133032340235377
gi:24639657,gi:28574009,0,0.49858443397749114
gi:20129433,gi:24645745,0,0.4930654111879525
gi:24584804,gi:28573604,0,0.490020023569051
gi:21357837,gi:24646827,0,0.4824420862050733
gi:17136948,gi:24655170,0,0.4982023889448557
P22700,gi:22026877,0,0.4693065333002276
gi:24647113,gi:24650609,0,0.4574407482118177
O01346,O46099,0,0.4618854913935259
gi:24648776,gi:24654595,0,0.519325604602426
gi:24647143,gi:24664652,0,0.49185586503345
gi:20129835,gi:24639187,0,0.507303768313966
P17205,Q05856,0,0.5006755758873064
gi:21356727,gi:24648776,0,0.4895108383829366
P07183,gi:19922300,0,0.5063589458821918
gi:19922106,gi:24580817,0,0.4895108383829366
gi:24652733,gi:24653084,0,0.4928744244557245
P48149,gi:24646318,0,0.520305960275597
gi:19921122,gi:24649236,0,0.4829776193885551
gi:17998687,gi:24649164,0,0.48944719174336265
gi:18543285,gi:24583894,0,0.5499126051828526
Q960T2,gi:21358103,0,0.4745546564612013
gi:24583965,gi:24653385,0,0.5450007839295337
P13097,gi:24648401,0,0.4969021484574647
gi:24584835,gi:28574692,0,0.5347650927416581
Q24475,gi:24647897,0,0.4758517300524052
P07187,gi:21356337,0,0.5243896047461437
gi:24583474,gi:24642021,0,0.4936651547190011
P08182,gi:28573310,0,0.516627984118575
gi:21356797,gi:21358247,0,0.49943897898450546
gi:24639687,gi:24646312,0,0.486275454651676
gi:21356031,gi:24654383,0,0.51415713797771
gi:24581662,gi:24648069,0,0.464788707869585
gi:24645921,gi:24650658,0,0.5059769550431905
gi:24581407,gi:24641493,0,0.47376589514408446
gi:24642884,gi:24656168,0,0.5349184697333992
gi:17137168,gi:24639727,0,0.5020764106792905
gi:24641434,gi:24647123,0,0.4618854913935259
gi:19922620,gi:24643937,0,0.5017580412080337
Q9U3Y5,gi:24662155,0,0.4693065333002276
gi:21355507,gi:28573926,0,0.46459863585035593
P39736,gi:24641561,0,0.47908243707436343
gi:24649473,gi:24654854,0,0.5013123216111404
gi:21357653,gi:24662356,0,0.49398348030135913
gi:24644293,gi:24663352,0,0.48399530506553823
gi:17137648,gi:21357753,0,0.4707924781018802
Q23985,gi:24665132,0,0.5338144626350895
gi:24653856,gi:24668824,0,0.48218770552214707
O18373,gi:18858117,0,0.46040320164476556
gi:21355757,gi:24651265,0,0.48418613616390344
gi:24640430,gi:24649312,0,0.5241087917494189
gi:24582306,gi:24648917,0,0.511812878989253
gi:17137220,gi:19921114,0,0.48088920655505735
gi:21357817,gi:24645177,0,0.5810571798792726
gi:24642728,gi:24644250,0,0.5020127369114764
Q24255,gi:24649689,0,0.4603399267953573
gi:19921238,gi:28574726,0,0.5148569713925416
gi:24651265,gi:28571865,0,0.4838680869228385
gi:17137696,gi:24664967,0,0.4973478575195387
gi:24642922,gi:24643250,0,0.4603399267953573
P36241,gi:24667322,0,0.47667763733274543
gi:20129879,gi:28574582,0,0.5435312208362895
O97420,P38979,0,0.4807620441743187
gi:20128797,gi:21357817,0,0.7021534659568054
P48605,Q9V447,0,0.4662095316823327
gi:24585282,gi:24585335,0,0.4631151325600446
gi:24582319,gi:24583419,0,0.47053865546120077
P11147,Q960T2,0,0.5013759959834883
gi:19920906,gi:24663043,0,0.4760423124822439
gi:18859991,gi:28571412,0,0.471898082345539
gi:24649473,gi:24658342,0,0.4983297370778716
gi:24646524,gi:28571356,0,0.47215198436093847
gi:21358247,gi:24652101,0,0.4988659072003792
gi:21955276,gi:24585618,0,0.48757483716418276
gi:21356743,gi:22026880,0,0.5305271722993367
Q24564,gi:21357047,0,0.6031554062137182
gi:24640672,gi:24643497,0,0.5161559924332274
Q9W2B1,gi:24657782,0,0.511022417834991
gi:19920676,gi:24658086,0,0.4733214192617716
gi:24649768,gi:24657052,0,0.47215198436093847
gi:20129347,gi:24646782,0,0.46750409007917304
gi:17648021,gi:21357761,0,0.6616020125309408
gi:21357653,gi:24582611,0,0.4944928112721774
P17276,gi:24665008,0,0.5198977963736873
gi:21687092,gi:24650937,0,0.5079135995844621
gi:24642662,gi:24648461,0,0.4969658208957055
P40427,gi:24648592,0,0.49191952310434156
gi:18543293,gi:28574286,0,0.4603399267953573
gi:17136968,gi:17864264,0,0.4943018107617864
Q9VVN2,gi:24645476,0,0.4748087027193688
gi:17864576,gi:28573125,0,0.4822512998324798
gi:17647581,gi:24580672,0,0.4869753765303388
gi:18859635,gi:21357023,0,0.5138390133621386
gi:17137146,gi:17647343,0,0.46905280172365305
Q23983,gi:24581901,0,0.4883384917016938
gi:24653057,gi:24665661,0,0.4942381442918404
gi:20130007,gi:24649236,0,0.4835500507494706
Q9VD25,gi:18543215,0,0.5130487115681839
gi:20130247,gi:28574249,0,0.4803805720516263
Q9V5C6,gi:24584219,0,0.4573775353990873
P50887,gi:24653459,0,0.4921741579875646
P13060,gi:24647897,0,0.5131123428216087
gi:18543291,gi:28574876,0,0.46336845532092935
gi:24652834,gi:28574009,0,0.4988391316117467
gi:24649820,gi:28572036,0,0.49074695333165835
gi:24648294,gi:24658940,0,0.5120674330669902
gi:19920746,gi:24650009,0,0.4883384917016938
gi:19920874,gi:21356743,0,0.5318591386404485
gi:21357113,gi:24643110,0,0.49496525828501475
gi:24649214,gi:28571678,0,0.5201152478900559
gi:24646212,gi:24655187,0,0.49315584457760125
gi:24639383,gi:24665193,0,0.46336845532092935
gi:21356965,gi:24663556,0,0.4775939403734235
O16797,gi:18858205,0,0.5334341414268838
gi:19922546,gi:24585313,0,0.4689893713243094
gi:17136588,gi:24665583,0,0.5656302965676842
gi:19922992,gi:24667285,0,0.48523073087991
gi:21357677,gi:24643474,0,0.48852941398119143
gi:21357017,gi:24663861,0,0.4718346091081678
gi:24643761,gi:24657743,0,0.4973478575195387
gi:24583134,gi:24642601,0,0.4836772636342405
Q9U1M2,gi:24644145,0,0.46775772195078613
gi:24651203,gi:24661166,0,0.4704117498464338
gi:24639657,gi:24648198,0,0.495601949868782
gi:18857967,gi:24639299,0,0.4781023391324111
gi:17648123,gi:24663657,0,0.489065319162954
gi:17137270,gi:17137616,0,0.5509840571917747
gi:24655786,gi:24668321,0,0.47518979651655296
gi:24645883,gi:24666997,0,0.46750409007917304
P02516,gi:24654843,0,0.48193333407160494
gi:18858137,gi:24642484,0,0.49353782590971224
gi:24581719,gi:24664458,0,0.5915813215728786
gi:24581879,gi:24663802,0,0.4909379137491394
gi:19922196,gi:24640599,0,0.47028484805710646
P23938,gi:28574385,0,0.4692430989132719
gi:17864566,gi:24663523,0,0.5056586239945015
P18491,gi:24640353,0,0.5330271225440407
Q9V676,gi:21355799,0,0.4673138771889561
Q02361,gi:20130261,0,0.5064493816055139
gi:21687092,gi:24659451,0,0.5370621227291205
Q9VGX3,gi:24650342,0,0.4773397583355768
P40320,gi:24584913,0,0.4781023391324111
gi:19920696,gi:21355869,0,0.5174179409528338
gi:21357761,gi:24582182,0,0.6609744724509293
P15372,gi:28574939,0,0.4805713052814144
gi:24656938,gi:24663664,0,0.48237849017599793
gi:17738243,gi:28573276,0,0.4780387867848435
gi:18859825,gi:24645182,0,0.49877545714153926
gi:24653084,gi:24657367,0,0.4618221871815267
Q04787,gi:28574555,0,0.48776574550021445
Q9VJV9,gi:28574406,0,0.5180271471318081
P35415,gi:24648433,0,0.49144715430678837
P31009,gi:21356995,0,0.49626542994205225
Q8INW0,gi:24641689,0,0.5755029705520867
gi:24639782,gi:24660923,0,0.5157107212614479
gi:24644349,gi:24659451,0,0.5388980361425912
gi:24646318,gi:24658772,0,0.5194794979085298
gi:24658772,gi:28571445,0,0.5004208768685546
P02518,gi:24654471,0,0.47313094250027266
P13008,gi:24644242,0,0.5340946396243285
gi:21357439,gi:24658940,0,0.46601938454702924
gi:17137696,gi:20130425,0,0.49652011601032586
gi:24583474,gi:24661662,0,0.4779116842246285
Q24564,gi:24762367,0,0.6031554062137182
P41093,gi:24582846,0,0.4765505662584537
gi:24641168,gi:24652842,0,0.47525331497100265
Q9VRM7,gi:19920728,0,0.4588583675868776
P19538,gi:19922516,0,0.5977623015025331
gi:21355785,gi:24663348,0,0.4588583675868776
gi:24643447,gi:24645883,0,0.5372887863511167
gi:17137454,gi:24649221,0,0.48250568280295253
O18388,gi:21357211,0,0.5479045359795478
P00034,gi:28573291,0,0.48659359445242034
Q9U405,gi:20129347,0,0.47196155649154103
O18640,gi:17647891,0,0.4941108119146108
gi:24585715,gi:24655228,0,0.5061679513628371
Q27350,gi:24639885,0,0.5467055439569813
gi:17864210,gi:24644739,0,0.4602133809335008
gi:17998687,gi:24656808,0,0.4895744853625859
gi:24643755,gi:24667117,0,0.5552450391154969
P07666,gi:24585730,0,0.5046131616420637
gi:24641085,gi:24650634,0,0.46627291624550604
gi:24651179,gi:24762491,0,0.465956004360092
gi:24646485,gi:28574364,0,0.46175888420063865
Q94981,gi:24646737,0,0.4885930554874974
P10041,Q8MSF5,0,0.5025489000936764
P82910,gi:24642301,0,0.5213497186710235
gi:21357841,gi:28573717,0,0.46627291624550604
gi:24642664,gi:24647430,0,0.472278940779633
gi:17137452,gi:24641921,0,0.4982660629832431
gi:17647723,gi:28573576,0,0.5101950178466481
gi:19921340,gi:24660826,0,0.4587951245300378
gi:17137692,gi:24641673,0,0.5016943671344528
P07666,P11147,0,0.5030850574139101
gi:18859791,gi:24657019,0,0.4678211325274112
gi:24586270,gi:24644677,0,0.49036504065313447
gi:24647685,gi:24666762,0,0.46336845532092935
gi:19920866,gi:24642214,0,0.48925625388570987
P13395,gi:24661759,0,0.4806348842858847
gi:21355279,gi:24656431,0,0.48982907664070174
gi:24643118,gi:24650311,0,0.5364655165517344
P48598,gi:21355909,0,0.502930937598374
gi:21358059,gi:24656938,0,0.48250568280295253
P15330,gi:17136258,0,0.5180538880037189
gi:21356019,gi:21356121,0,0.48497625763208596
gi:18543285,gi:24762363,0,0.5509840571917747
O96860,gi:20129011,0,0.5168556521779839
gi:17137712,gi:24663304,0,0.4648520674849171
gi:24580564,gi:24642021,0,0.49462014584225605
gi:24645148,gi:28573512,0,0.49100156781206356
gi:21356815,gi:23397524,0,0.48472179217415284
Q9V5Z7,gi:24665132,0,0.4797181045005047
gi:17136568,gi:24650348,0,0.48789301971062515
gi:18921139,gi:21355719,0,0.48069846391753707
gi:24640867,gi:24643447,0,0.5377320015629996
O44424,P35600,0,0.5020764106792905
gi:21357163,gi:24655751,0,0.46769431241561893
Q9VYD7,gi:28571447,0,0.4822512998324798
gi:21357275,gi:24584527,0,0.47816589218888617
gi:24650208,gi:24666886,0,0.4936651547190011
gi:24661826,gi:24665078,0,0.46633630189766906
gi:24642561,gi:24653350,0,0.554337842394353
gi:24650265,gi:24657019,0,0.46879908614633903
gi:24647597,gi:24655393,0,0.46336845532092935
gi:19921082,gi:28571216,0,0.4603399267953573
Q9W2B1,gi:24640119,0,0.4856760774118486
gi:24582032,gi:24663336,0,0.4885930554874974
Q8SWT6,gi:17136854,0,0.4841225252826156
gi:21356581,gi:24656644,0,0.49293808647147486
gi:18543299,gi:18859711,0,0.4810799547633045
gi:24646724,gi:28571341,0,0.46627291624550604
gi:21356475,gi:24580817,0,0.490020023569051
gi:24581719,gi:24649214,0,0.5921350527914699
P20432,gi:24655741,0,0.5299295156041822
gi:24639711,gi:28574875,0,0.48095278867490776
gi:19920546,gi:24659829,0,0.46169558245287884
gi:17137386,gi:19922138,0,0.46601938454702924
gi:21357105,gi:24661428,0,0.46911623312295053
gi:21355163,gi:28574529,0,0.4917922072266504
gi:19923048,gi:28573563,0,0.5466158811188052
gi:24582879,gi:24648257,0,0.4931290738845526
Q24117,gi:20129603,0,0.5198342220603687
gi:24642799,gi:24645509,0,0.4841225252826156
gi:19922624,gi:24642400,0,0.4588583675868776
Q9VU02,gi:24665821,0,0.4692430989132719
P02834,gi:24640719,0,0.46627291624550604
gi:24639187,gi:24649564,0,0.5068313631975031
gi:20130345,gi:28574383,0,0.4849126405321557
gi:24639715,gi:24656026,0,0.611508403794057
O18404,gi:24639124,0,0.46879908614633903
gi:24585245,gi:24658772,0,0.5015033445922249
gi:24644242,gi:24655034,0,0.5352352769918306
gi:19920866,gi:19921932,0,0.490020023569051
P48149,Q24404,0,0.5143480072575517
gi:17647945,gi:28573310,0,0.49903015524002936
gi:24583332,gi:24647789,0,0.4943654774165341
gi:24655474,gi:28571660,0,0.5137753870851787
gi:20129291,gi:24415388,0,0.543341637982362
gi:24644398,gi:28574153,0,0.4602766532242645
gi:21357643,gi:24667917,0,0.4841225252826156
gi:19921648,gi:28573597,0,0.4689893713243094
gi:18857983,gi:24641980,0,0.4588583675868776
gi:24644626,gi:24649025,0,0.48684811412701606
gi:24668103,gi:28573729,0,0.4856760774118486
gi:21356987,gi:21357455,0,0.47667763733274543
gi:18860011,gi:24650929,0,0.5064862745340786
gi:24649646,gi:24658435,0,0.4692430989132719
P00528,gi:24586240,0,0.5136850047294855
gi:21356453,gi:24651641,0,0.4602133809335008
gi:21355815,gi:24583061,0,0.47597878422759815
gi:24644791,gi:24665331,0,0.4631151325600446
Q9VDS6,gi:18543301,0,0.46472534939069793
gi:24582439,gi:24585767,0,0.46330512285295766
gi:21687092,gi:24649834,0,0.5075953020094212
gi:24650074,gi:28571947,0,0.4732579261423368
O96860,gi:21357211,0,0.545569156486675
gi:24646369,gi:24666323,0,0.511749239507299
Q9VES1,gi:24582306,0,0.5123856168469404
Q9VMW8,gi:19922166,0,0.4777210357523458
gi:19921028,gi:24667117,0,0.5569426196297872
gi:19922620,gi:24649236,0,0.5008665999285138
P13008,gi:24643312,0,0.5070223510305717
gi:24583294,gi:24667059,0,0.4805077269061795
P49847,gi:19922798,0,0.4915108106461748
gi:24645177,gi:28572036,0,0.4908106065068743
gi:17136948,gi:24586562,0,0.486275454651676
gi:19920406,gi:24654209,0,0.4811435387277439
Q24180,gi:28573598,0,0.46336845532092935
P91928,gi:18921139,0,0.46775772195078613
P00528,Q9W123,0,0.513812258105013
gi:24583264,gi:24647263,0,0.4692430989132719
Q24093,gi:24647823,0,0.47667763733274543
O01382,gi:24580712,0,0.46769431241561893
gi:21355443,gi:21357495,0,0.47965453476853637
gi:24585154,gi:28558748,0,0.5013759959834883
P00528,gi:24663481,0,0.5134304926722737
gi:17737533,gi:28574706,0,0.5138758841223
P45594,gi:24585013,0,0.47072902102040937
gi:24655577,gi:28573466,0,0.5416980663629439
O18405,gi:24648826,0,0.46750409007917304
gi:21687233,gi:24645421,0,0.4602766532242645
gi:24654325,gi:30923711,0,0.48497625763208596
gi:19921122,gi:24644119,0,0.48348644510554384
gi:24641068,gi:24662914,0,0.4618221871815267
O77260,P27091,0,0.47648703185867913
P28159,gi:24668563,0,0.47591525675030316
gi:17136646,gi:21356995,0,0.4970931660653601
Q9VSS2,gi:24642543,0,0.4904923436516983
P07181,gi:24649158,0,0.503849118516606
gi:19922144,gi:24643476,0,0.49753887702063293
gi:24582746,gi:24662431,0,0.5045762656550936
gi:20129423,gi:21357113,0,0.4824420862050733
gi:21356361,gi:24644214,0,0.48399530506553823
gi:24646827,gi:24654325,0,0.4819969260615125
gi:24584030,gi:30923530,0,0.4841225252826156
gi:24642214,gi:24663889,0,0.47642349821988167
P13008,P42325,0,0.5070860131888839
gi:24646001,gi:24663523,0,0.4788281889532162
gi:24581686,gi:24648101,0,0.46911623312295053
gi:24640042,gi:24649994,0,0.4588583675868776
gi:17137220,gi:24648858,0,0.4807620441743187
P19538,Q03017,0,0.5975173149149948
gi:22026880,gi:24640853,0,0.4869753765303388
gi:18859765,gi:24657782,0,0.511022417834991
P17276,gi:24657185,0,0.5198342220603687
P42207,gi:24645921,0,0.46905280172365305
gi:19921028,gi:24650420,0,0.4960476425875541
P29310,gi:24646899,0,0.5134941213446982
Q9VQQ9,gi:21357163,0,0.5108951293465386
gi:24639414,gi:24642263,0,0.4734484080872377
gi:28571108,gi:30923711,0,0.48446733463780745
P49905,gi:24646498,0,0.5120037951291891
O76908,gi:24583474,0,0.4802534197386471
P08099,gi:21355917,0,0.47952739728314225
gi:21357417,gi:24659451,0,0.5371254471083903
gi:21357483,gi:24646039,0,0.4852943503936016
gi:17864566,gi:28571678,0,0.5192887605186057
gi:17864630,gi:24648643,0,0.48250568280295253
Q24251,gi:24640007,0,0.470348298472572
Q8T053,gi:24583947,0,0.48554883319356523
gi:24651671,gi:28573830,0,0.5046768309792025
P54350,gi:24651303,0,0.49566561984576524
P00528,gi:17864460,0,0.512985079891801
Q9VGI8,gi:24639222,0,0.47066556488511446
gi:17136920,gi:28574860,0,0.4866572237244142
P18502,gi:21355123,0,0.5509840571917747
gi:24640119,gi:24654078,0,0.48561245506956374
gi:24639299,gi:24657732,0,0.4779752351482329
gi:21358101,gi:24652930,0,0.5270467692785744
gi:17530825,gi:24664652,0,0.48472179217415284
P50887,Q9VRL2,0,0.4931290738845526
gi:19921306,gi:24581838,0,0.4822512998324798
gi:18859671,gi:24582006,0,0.5166012379541761
gi:24584046,gi:28558744,0,0.5228749245846623
gi:19921112,gi:28571762,0,0.47914600080300723
gi:24655341,gi:24663481,0,0.4702213986020737
gi:24585353,gi:24663011,0,0.4936651547190011
gi:18859833,gi:24641129,0,0.4749357307467953
Q9V597,gi:19921710,0,0.5144752511225091
gi:17137008,gi:24652652,0,0.5005851254690344
gi:24762726,gi:28571515,0,0.49839341122667585
gi:24649755,gi:24664199,0,0.48874710174263747
gi:19921482,gi:24650747,0,0.4854852117859113
gi:24643831,gi:24656267,0,0.4718346091081678
gi:24658492,gi:24664199,0,0.4884657728467483
gi:21356061,gi:24582219,0,0.4772762146547315
Q9VSS2,gi:17137764,0,0.48218770552214707
gi:24581320,gi:24584798,0,0.4782294459522191
gi:24639301,gi:24649025,0,0.5201152478900559
gi:19922620,gi:24639124,0,0.5015033445922249
gi:24648289,gi:28574472,0,0.47060210969803273
gi:24644250,gi:24651265,0,0.5008665999285138
gi:21355441,gi:24580815,0,0.4928744244557245
P08985,gi:24639988,0,0.4913198424620919
gi:17647723,gi:24649200,0,0.5108314845714437
P82295,gi:24651238,0,0.4722154621210693
P39572,gi:24642021,0,0.49398348030135913
gi:24662048,gi:24665132,0,0.5100040712897346
gi:24640005,gi:24658940,0,0.46601938454702924
gi:24584782,gi:24639208,0,0.4588583675868776
gi:20128863,gi:28574707,0,0.49924795481833684
P29413,gi:24639869,0,0.4678211325274112
Q24564,gi:28571965,0,0.6031554062137182
Q24400,gi:21357371,0,0.49442914425401924
gi:21355643,gi:24646593,0,0.495601949868782
P48554,gi:24645053,0,0.4957292899633274
gi:21356695,gi:24667722,0,0.46769431241561893
P07181,gi:24649262,0,0.4835500507494706
P20227,gi:24644797,0,0.5448213423198544
gi:17136934,gi:18859929,0,0.47908243707436343
gi:24651313,gi:24652344,0,0.4810799547633045
gi:24663462,gi:28573310,0,0.6130708361989498
gi:24649345,gi:24658721,0,0.4762329018898217
gi:21358161,gi:21687092,0,0.5063220527129166
gi:20129961,gi:24652999,0,0.5166012379541761
gi:21355715,gi:24654769,0,0.4660827658310667
P49906,gi:20129793,0,0.46633630189766906
P11147,gi:20130425,0,0.5009939491522167
gi:24660176,gi:28571762,0,0.4793366960321806
P39572,P51123,0,0.4775939403734235
gi:24649214,gi:28573467,0,0.4867844835637715
gi:20130281,gi:24581168,0,0.46873565976714726
gi:24654441,gi:24657590,0,0.5165376330483786
gi:24580815,gi:24646593,0,0.49261977872413315
gi:24649175,gi:24652733,0,0.4924924572860738
gi:24580765,gi:24653912,0,0.47060210969803273
P18459,gi:17864228,0,0.48393169573386274
gi:19922196,gi:21355553,0,0.46775772195078613
gi:19921002,gi:24586270,0,0.49030138962142483
gi:21357145,gi:28573644,0,0.46769431241561893
gi:24638774,gi:28573799,0,0.4837408708709706
gi:19920586,gi:21356913,0,0.46040320164476556
gi:21355937,gi:24652652,0,0.5005214507144757
P46461,Q24564,0,0.603338285492335
gi:20130261,gi:24642794,0,0.4930654111879525
gi:24645216,gi:24646207,0,0.46040320164476556
gi:17737881,gi:18860537,0,0.4676309039239403
gi:24584906,gi:24649202,0,0.46040320164476556
P35676,gi:28573368,0,0.4631151325600446
gi:24653933,gi:24666323,0,0.5122583445250133
P50882,Q9W1K5,0,0.4673138771889561
Q9W5R8,gi:21355125,0,0.49924795481833684
gi:20129835,gi:21357113,0,0.5083859735754171
Q9VSJ8,gi:24586383,0,0.49611131350522913
P48451,gi:19922144,0,0.4972205116121447
P51023,gi:24651703,0,0.507977258337863
gi:24645002,gi:28573879,0,0.5065499385455252
O44783,gi:24651671,0,0.5297658521440377
gi:24640817,gi:24646434,0,0.47952739728314225
gi:24582532,gi:24651564,0,0.4574407482118177
gi:24654341,gi:24762726,0,0.4990938298484594
gi:24585245,gi:24639885,0,0.5475890650902805
P15372,gi:20129563,0,0.4807620441743187
gi:17136820,gi:20129067,0,0.4674406847301457
O46341,gi:19922794,0,0.4675674964777814
gi:18859859,gi:24658772,0,0.5017580412080337
P50887,gi:24585618,0,0.4920468400301482
gi:22024201,gi:24580731,0,0.5279989974196726
P23792,gi:24640342,0,0.48405891491580827
gi:18859635,gi:24665958,0,0.514920589764396
gi:24646420,gi:24646860,0,0.4913198424620919
gi:24582757,gi:24663246,0,0.5195799184043394
P54733,Q01071,0,0.4775939403734235
P13468,gi:24656959,0,0.46453528079294976
P06607,gi:24645053,0,0.4957292899633274
gi:24585552,gi:24656644,0,0.4930654111879525
P17276,Q9V3P0,0,0.5197070715088002
P12982,gi:18859973,0,0.48881074450532014
gi:20129859,gi:24646827,0,0.48304122069453037
P81909,gi:28574581,0,0.4588583675868776
gi:24639715,gi:24652930,0,0.6090247115889789
gi:24582516,gi:24651688,0,0.4746816779520526
P07487,gi:24645011,0,0.4891289637187816
Q05856,gi:24586487,0,0.5019490630783784
gi:19922100,gi:24655502,0,0.4950289267426531
gi:17647931,gi:28572090,0,0.4618221871815267
gi:24643702,gi:24655577,0,0.5638146697172965
P45890,Q9V676,0,0.488147572824605
gi:20129165,gi:21357721,0,0.4704117498464338
gi:17737425,gi:24648389,0,0.5228749245846623
gi:17738243,gi:24644642,0,0.4802534197386471
Q9XYQ2,gi:24648207,0,0.4807620441743187
P08646,gi:24652403,0,0.4662095316823327
gi:21356733,gi:24583557,0,0.47215198436093847
gi:17737503,gi:28574706,0,0.48256927996758076
Q23985,gi:18543285,0,0.5477683212732696
gi:24645216,gi:24648401,0,0.4720885075012803
gi:24581205,gi:24639368,0,0.4733214192617716
gi:24580927,gi:24643578,0,0.46769431241561893
gi:24663055,gi:28572963,0,0.4778481340160796
gi:17137616,gi:19921122,0,0.5499126051828526
gi:21357483,gi:24582672,0,0.48542159084866054
gi:21357817,gi:24644735,0,0.5810571798792726
P07181,P42519,0,0.48399530506553823
Q9VEX0,Q9VI10,0,0.4602133809335008
gi:24584683,gi:24651028,0,0.48561245506956374
Q9V597,gi:24641831,0,0.6194962677168443
gi:17530857,gi:28571481,0,0.5018217152245918
gi:24641209,gi:24662830,0,0.4787010689974092
P13468,gi:28574300,0,0.46453528079294976
gi:17864098,gi:19922382,0,0.46633630189766906
gi:24645175,gi:24647326,0,0.4574407482118177
Q01642,gi:24642233,0,0.4873839324530999
P20483,gi:24648251,0,0.46627291624550604
gi:21357739,gi:24667016,0,0.4574407482118177
gi:24583894,gi:24639869,0,0.48418613616390344
gi:24651703,gi:28574527,0,0.5074679812408373
gi:24585156,gi:24649433,0,0.5139395096898574
gi:21355909,gi:24580680,0,0.5034403155372799
P28159,gi:24658459,0,0.47506276201797604
gi:17136948,gi:24647702,0,0.47667763733274543
gi:21357903,gi:30923696,0,0.5138758841223
P29413,gi:18859977,0,0.4673772804327299
Q9VHY5,gi:24585242,0,0.5004577759430034
gi:18857963,gi:28571823,0,0.4969658208957055
gi:20130345,gi:24641029,0,0.4854852117859113
gi:18859825,gi:24584167,0,0.4975019788251607
P16241,Q9VQQ9,0,0.5108951293465386
gi:21687092,gi:24654441,0,0.5147564856563139
P02267,gi:24647786,0,0.4720885075012803
Q03334,gi:24656362,0,0.48237849017599793
P07487,P25007,0,0.47914600080300723
gi:19920688,gi:19922144,0,0.49581973406547025
gi:24648826,gi:24654854,0,0.5017580412080337
gi:19922746,gi:24648207,0,0.4805077269061795
Q9XYN7,gi:24642588,0,0.47610584151219404
gi:24582006,gi:24662729,0,0.5150745764899077
P12982,gi:24641788,0,0.4867208534288844
P40320,gi:20129115,0,0.4781023391324111
gi:20130247,gi:24660182,0,0.4745546564612013
P07207,gi:24655850,0,0.49185586503345
P32100,gi:21358567,0,0.4795909656953984
gi:17648013,gi:19921294,0,0.4782294459522191
gi:21356595,gi:24646829,0,0.5003304263575791
O61443,gi:24582592,0,0.4957292899633274
gi:17137616,gi:17530843,0,0.550858028373828
gi:24581484,gi:24651599,0,0.47895531165100264
gi:24667063,gi:28573590,0,0.5364021798135395
gi:24585236,gi:24644214,0,0.4978840196688184
gi:28572985,gi:28573879,0,0.5064862745340786
gi:21356661,gi:24650747,0,0.4856760774118486
gi:24662753,gi:28571147,0,0.4955382800344423
gi:24581542,gi:28573729,0,0.48472179217415284
P23023,gi:24649381,0,0.5199613700426253
gi:18858521,gi:24657202,0,0.45596063616678584
gi:24585813,gi:24644242,0,0.5349184697333992
gi:20129643,gi:20129677,0,0.45596063616678584
gi:24642633,gi:24661359,0,0.49598397179806913
P29746,gi:28573486,0,0.47053865546120077
gi:21356927,gi:24583803,0,0.4981387149647746
Q06559,gi:24645728,0,0.5597589694438994
gi:21686985,gi:24666434,0,0.4856760774118486
P52304,gi:24656379,0,0.4931290738845526
gi:24643516,gi:24654086,0,0.5180907389004102
gi:19922516,gi:24662729,0,0.49912060549274795
Q02748,gi:24640578,0,0.4957292899633274
Q01083,gi:28571447,0,0.48900167496163266
gi:24643375,gi:24644880,0,0.4731944338878232
Q9VA73,gi:17864476,0,0.4603399267953573
gi:18859825,gi:24647779,0,0.4975019788251607
gi:18543285,gi:24657671,0,0.5504799028020004
gi:24580874,gi:24652344,0,0.4810799547633045
P45889,Q9XYM0,0,0.465956004360092
gi:21356397,gi:21357455,0,0.48180615184957315
gi:24650747,gi:28572018,0,0.48523073087991
Q9W4J5,gi:20129745,0,0.4901473231426219
gi:24643151,gi:24649648,0,0.49442914425401924
gi:20128863,gi:24643497,0,0.4997573529311924
gi:24640672,gi:24645902,0,0.5164740276067554
P29742,gi:21355851,0,0.4968384761197015
gi:18859961,gi:28573879,0,0.504958279901052
Q9VGX3,gi:17137188,0,0.48174256162155793
gi:19921136,gi:24642884,0,0.5361221852588122
gi:17137648,gi:24649007,0,0.4850398752188845
Q24133,gi:17864254,0,0.5092771428768395
gi:24583543,gi:24657218,0,0.49462014584225605
P49258,gi:28574529,0,0.4915375786816348
gi:24582205,gi:24642276,0,0.48516711184485445
gi:24641790,gi:24652088,0,0.5140031348056259
Q01068,gi:24649648,0,0.47506276201797604
gi:20129563,gi:28573732,0,0.46627291624550604
O44783,Q23985,0,0.531595382245257
