protein_a,protein_b,y_true,y_probability,y_pred,split,model,representation,seed
P09435,P53049,1,0.4788100393097325,0,one_unseen,mlp,aac_ctd,42
P16140,Q12199,1,0.4231092399086465,0,one_unseen,mlp,aac_ctd,42
P22203,P43603,1,0.38070856771883166,0,one_unseen,mlp,aac_ctd,42
Q08558,Q99189,1,0.49675430545723515,0,one_unseen,mlp,aac_ctd,42
P08431,Q06142,1,0.44072044257483395,0,one_unseen,mlp,aac_ctd,42
P32573,P40956,1,0.18308937939847775,0,one_unseen,mlp,aac_ctd,42
P01149,P33303,1,0.13450270281622576,0,one_unseen,mlp,aac_ctd,42
P07270,P38801,1,0.8980215880128884,1,one_unseen,mlp,aac_ctd,42
P00359,P32864,1,0.5215952859868134,1,one_unseen,mlp,aac_ctd,42
P18963,P20438,1,0.7847683538802495,1,one_unseen,mlp,aac_ctd,42
P38805,P40335,1,0.4877943508577347,0,one_unseen,mlp,aac_ctd,42
P22204,P50086,1,0.799835331847355,1,one_unseen,mlp,aac_ctd,42
P32605,P38798,1,0.43710435570863876,0,one_unseen,mlp,aac_ctd,42
P25515,P39966,1,0.18169208622588648,0,one_unseen,mlp,aac_ctd,42
P35182,Q03785,1,0.8375907110676047,1,one_unseen,mlp,aac_ctd,42
P47104,Q07915,1,0.18106788578769997,0,one_unseen,mlp,aac_ctd,42
P18494,Q12477,1,0.44226991322013814,0,one_unseen,mlp,aac_ctd,42
P29340,P43563,1,0.017470507438009802,0,one_unseen,mlp,aac_ctd,42
P38874,P50277,1,0.7257870201552153,1,one_unseen,mlp,aac_ctd,42
P40007,Q08217,1,0.6606194023492679,1,one_unseen,mlp,aac_ctd,42
P20435,Q04978,1,0.7105173648749292,1,one_unseen,mlp,aac_ctd,42
P22007,Q12285,1,0.7749395468567655,1,one_unseen,mlp,aac_ctd,42
P22517,P38315,1,0.43190832891020925,0,one_unseen,mlp,aac_ctd,42
P21243,Q08119,1,0.6061659237037186,1,one_unseen,mlp,aac_ctd,42
P25303,P53267,1,0.8394636998107287,1,one_unseen,mlp,aac_ctd,42
P22203,P53163,1,0.4897236917173789,0,one_unseen,mlp,aac_ctd,42
P32898,P53863,1,0.36551223934374305,0,one_unseen,mlp,aac_ctd,42
P02293,Q03010,1,0.37775854694193883,0,one_unseen,mlp,aac_ctd,42
P25580,P38272,1,0.5766060839148557,1,one_unseen,mlp,aac_ctd,42
P25342,Q00246,1,0.18410590351710107,0,one_unseen,mlp,aac_ctd,42
P33299,Q12264,1,0.0051596063342134015,0,one_unseen,mlp,aac_ctd,42
P04912,P53211,1,0.09423708036816666,0,one_unseen,mlp,aac_ctd,42
P06784,P29340,1,0.37830753507170023,0,one_unseen,mlp,aac_ctd,42
P11484,P53600,1,0.5267357980986384,1,one_unseen,mlp,aac_ctd,42
P46970,P53159,1,0.46050267465936734,0,one_unseen,mlp,aac_ctd,42
P16140,P53283,1,0.1775368361553967,0,one_unseen,mlp,aac_ctd,42
P00937,Q04031,1,0.824246576219346,1,one_unseen,mlp,aac_ctd,42
P32912,Q00916,1,0.22706596435735119,0,one_unseen,mlp,aac_ctd,42
P32589,P49687,1,0.9043811133054381,1,one_unseen,mlp,aac_ctd,42
Q04562,Q08886,1,0.7376212406651145,1,one_unseen,mlp,aac_ctd,42
P00175,P32642,1,0.348502407308553,0,one_unseen,mlp,aac_ctd,42
P11484,P25369,1,0.2550239727166528,0,one_unseen,mlp,aac_ctd,42
P40160,P40479,1,0.4147971952293765,0,one_unseen,mlp,aac_ctd,42
P25655,P36131,1,0.2351440338082389,0,one_unseen,mlp,aac_ctd,42
P36084,Q08685,1,0.4573144036922092,0,one_unseen,mlp,aac_ctd,42
P36094,Q12084,1,0.552584396770045,1,one_unseen,mlp,aac_ctd,42
P32458,Q00245,1,0.2807733380489894,0,one_unseen,mlp,aac_ctd,42
P32855,P47093,1,0.6624298743326344,1,one_unseen,mlp,aac_ctd,42
P06839,P40007,1,0.6458366534736721,1,one_unseen,mlp,aac_ctd,42
P53250,Q08949,1,0.32127706051189553,0,one_unseen,mlp,aac_ctd,42
P41834,Q12390,1,0.4334915754329796,0,one_unseen,mlp,aac_ctd,42
P00931,P39563,1,0.5417643300367384,1,one_unseen,mlp,aac_ctd,42
P05318,P38697,1,0.4730019531890339,0,one_unseen,mlp,aac_ctd,42
P21192,P52593,1,0.8169551596468886,1,one_unseen,mlp,aac_ctd,42
Q05471,Q06436,1,0.7202246998783689,1,one_unseen,mlp,aac_ctd,42
P38789,Q06169,1,0.2643164707265473,0,one_unseen,mlp,aac_ctd,42
P38041,P53685,1,0.8311500727596473,1,one_unseen,mlp,aac_ctd,42
P33199,P53552,1,0.8716590092766694,1,one_unseen,mlp,aac_ctd,42
P27895,P32573,1,0.8505276735622385,1,one_unseen,mlp,aac_ctd,42
P24279,P32899,1,0.46247123272149243,0,one_unseen,mlp,aac_ctd,42
P32790,Q05933,1,0.45583486257266426,0,one_unseen,mlp,aac_ctd,42
P32628,P40480,1,0.34360228038828716,0,one_unseen,mlp,aac_ctd,42
P12688,P39563,1,0.2831855577214811,0,one_unseen,mlp,aac_ctd,42
P27895,P53011,1,0.5527587650263501,1,one_unseen,mlp,aac_ctd,42
P53930,Q06406,1,0.647979012278674,1,one_unseen,mlp,aac_ctd,42
P80667,Q03973,1,0.25983020291820397,0,one_unseen,mlp,aac_ctd,42
P50086,Q08966,1,0.7557964384332175,1,one_unseen,mlp,aac_ctd,42
P35718,P38960,1,0.19968081568625756,0,one_unseen,mlp,aac_ctd,42
P24004,Q04675,1,0.3655413420375109,0,one_unseen,mlp,aac_ctd,42
P12868,P16140,1,0.5192401523511426,1,one_unseen,mlp,aac_ctd,42
O14455,Q03220,1,0.06092366399709619,0,one_unseen,mlp,aac_ctd,42
P31383,P32835,1,0.556586545293739,1,one_unseen,mlp,aac_ctd,42
P38786,Q03758,1,0.5930862052519305,1,one_unseen,mlp,aac_ctd,42
P18494,P32905,1,0.5300121730627136,1,one_unseen,mlp,aac_ctd,42
P00931,P38153,1,0.7473139609491016,1,one_unseen,mlp,aac_ctd,42
P36094,P38276,1,0.7513140818112797,1,one_unseen,mlp,aac_ctd,42
P32471,P38859,1,0.5899525769790827,1,one_unseen,mlp,aac_ctd,42
P15442,P39718,1,0.4803192948485916,0,one_unseen,mlp,aac_ctd,42
P38182,P39563,1,0.07535684313101094,0,one_unseen,mlp,aac_ctd,42
P25655,P32849,1,0.5188760117885249,1,one_unseen,mlp,aac_ctd,42
P33331,Q12329,1,0.19900420925093246,0,one_unseen,mlp,aac_ctd,42
P24004,P24870,1,0.7725493223532178,1,one_unseen,mlp,aac_ctd,42
P36029,Q06648,1,0.3599909061899063,0,one_unseen,mlp,aac_ctd,42
P11154,P23394,1,0.8093416688962336,1,one_unseen,mlp,aac_ctd,42
P03965,Q12176,1,0.5528228152347645,1,one_unseen,mlp,aac_ctd,42
P25515,P38757,1,0.1620782916714917,0,one_unseen,mlp,aac_ctd,42
P11938,Q04749,1,0.4235604666639493,0,one_unseen,mlp,aac_ctd,42
P17119,P32786,1,0.4503201901068834,0,one_unseen,mlp,aac_ctd,42
P39935,Q12017,1,0.48288850696584046,0,one_unseen,mlp,aac_ctd,42
Q03063,Q12327,1,0.6223972277628205,1,one_unseen,mlp,aac_ctd,42
P11484,P33895,1,0.9341552941266417,1,one_unseen,mlp,aac_ctd,42
P42884,P43568,1,0.3793656594572619,0,one_unseen,mlp,aac_ctd,42
P53865,Q12277,1,0.6864907340020672,1,one_unseen,mlp,aac_ctd,42
P53094,Q05024,1,0.374914010097683,0,one_unseen,mlp,aac_ctd,42
P29509,Q12452,1,0.3706295832981066,0,one_unseen,mlp,aac_ctd,42
P25584,P32468,1,0.19841250449975092,0,one_unseen,mlp,aac_ctd,42
P17536,P27351,1,0.933426241647499,1,one_unseen,mlp,aac_ctd,42
P38879,P40003,1,0.7303475346762739,1,one_unseen,mlp,aac_ctd,42
Q04493,Q05933,1,0.6801530577237239,1,one_unseen,mlp,aac_ctd,42
P32578,P40362,1,0.6331510618268016,1,one_unseen,mlp,aac_ctd,42
P36022,Q12365,1,0.4389695664370379,0,one_unseen,mlp,aac_ctd,42
P04456,Q12265,1,0.636996043498972,1,one_unseen,mlp,aac_ctd,42
P39967,P53081,1,0.6908246347685044,1,one_unseen,mlp,aac_ctd,42
P40066,P53197,1,0.49867725982306643,0,one_unseen,mlp,aac_ctd,42
P12612,P53221,1,0.84034652832401,1,one_unseen,mlp,aac_ctd,42
P25333,P53968,1,0.762205702087483,1,one_unseen,mlp,aac_ctd,42
P07248,P38429,1,0.694908165885486,1,one_unseen,mlp,aac_ctd,42
P20486,P32898,1,0.16652733329699115,0,one_unseen,mlp,aac_ctd,42
P38874,P45819,1,0.574207047672874,1,one_unseen,mlp,aac_ctd,42
P26263,P47045,1,0.5352536667456069,1,one_unseen,mlp,aac_ctd,42
P14242,P38191,1,0.3195377232882757,0,one_unseen,mlp,aac_ctd,42
P27614,P39077,1,0.6938863642717155,1,one_unseen,mlp,aac_ctd,42
P39008,P53267,1,0.6550271974956028,1,one_unseen,mlp,aac_ctd,42
P02400,Q07657,1,0.057837399235228584,0,one_unseen,mlp,aac_ctd,42
P38699,Q12309,1,0.330159022839021,0,one_unseen,mlp,aac_ctd,42
P16892,P38959,1,0.8320901105109918,1,one_unseen,mlp,aac_ctd,42
P38620,P53855,1,0.6367002991501755,1,one_unseen,mlp,aac_ctd,42
P12754,Q12452,1,0.5176101196740409,1,one_unseen,mlp,aac_ctd,42
P38329,P80667,1,0.7261112723007983,1,one_unseen,mlp,aac_ctd,42
P53604,Q12315,1,0.7854993596024752,1,one_unseen,mlp,aac_ctd,42
P38801,P53904,1,0.8752731733428304,1,one_unseen,mlp,aac_ctd,42
P07834,P32523,1,0.554867622818389,1,one_unseen,mlp,aac_ctd,42
P20484,P38428,1,0.07400110243870522,0,one_unseen,mlp,aac_ctd,42
P14907,P39715,1,0.5773575012932993,1,one_unseen,mlp,aac_ctd,42
Q03048,Q04739,1,0.29929968175947924,0,one_unseen,mlp,aac_ctd,42
P25303,P38856,1,0.8850812183648586,1,one_unseen,mlp,aac_ctd,42
P25584,P38313,1,0.06199908326752358,0,one_unseen,mlp,aac_ctd,42
P16892,P32911,1,0.7857228860934581,1,one_unseen,mlp,aac_ctd,42
O13553,P02994,1,0.658956294908078,1,one_unseen,mlp,aac_ctd,42
P17119,P21182,1,0.829389920873376,1,one_unseen,mlp,aac_ctd,42
P38805,Q99299,1,0.11460890412709854,0,one_unseen,mlp,aac_ctd,42
P36068,Q08491,1,0.9262147886099564,1,one_unseen,mlp,aac_ctd,42
P18494,P46962,1,0.4251503395213137,0,one_unseen,mlp,aac_ctd,42
P24867,Q12265,1,0.5676564533507693,1,one_unseen,mlp,aac_ctd,42
P53043,Q08285,1,0.5443514807423113,1,one_unseen,mlp,aac_ctd,42
P47124,P53086,1,0.28383977308506714,0,one_unseen,mlp,aac_ctd,42
P32590,Q08285,1,0.655626086253132,1,one_unseen,mlp,aac_ctd,42
P07283,P38182,1,0.34293307938260903,0,one_unseen,mlp,aac_ctd,42
P33332,P40395,1,0.7750846235278952,1,one_unseen,mlp,aac_ctd,42
P32794,P38333,1,0.6389990890871203,1,one_unseen,mlp,aac_ctd,42
P16658,Q00578,1,0.6327373232537973,1,one_unseen,mlp,aac_ctd,42
P38063,P53048,1,0.453709276639584,0,one_unseen,mlp,aac_ctd,42
P33892,P47124,1,0.4276898026079078,0,one_unseen,mlp,aac_ctd,42
P33401,P38427,1,0.8115343406331063,1,one_unseen,mlp,aac_ctd,42
P53067,Q12055,1,0.7099859772113726,1,one_unseen,mlp,aac_ctd,42
P38152,P53299,1,0.518326409278148,1,one_unseen,mlp,aac_ctd,42
P28817,Q03956,1,0.3540197271117107,0,one_unseen,mlp,aac_ctd,42
P02829,Q07376,1,0.6051848925323715,1,one_unseen,mlp,aac_ctd,42
P33760,Q12418,1,0.27322831555500066,0,one_unseen,mlp,aac_ctd,42
P38254,P53221,1,0.6111006640412325,1,one_unseen,mlp,aac_ctd,42
P39935,P47079,1,0.8834857113102469,1,one_unseen,mlp,aac_ctd,42
P38011,Q06696,1,0.529643116360731,1,one_unseen,mlp,aac_ctd,42
P11745,P32628,1,0.6233318134436687,1,one_unseen,mlp,aac_ctd,42
P15108,P48562,1,0.41759227729894643,0,one_unseen,mlp,aac_ctd,42
P21192,P34077,1,0.9190647179645006,1,one_unseen,mlp,aac_ctd,42
Q06651,Q12347,1,0.35458874807849766,0,one_unseen,mlp,aac_ctd,42
P39962,P41814,1,0.7554280230715567,1,one_unseen,mlp,aac_ctd,42
P25659,Q03899,1,0.835993181930129,1,one_unseen,mlp,aac_ctd,42
P53267,P53283,1,0.43112872894490784,0,one_unseen,mlp,aac_ctd,42
P43605,Q12495,1,0.38025652920336045,0,one_unseen,mlp,aac_ctd,42
P40460,P53115,1,0.8159188653377354,1,one_unseen,mlp,aac_ctd,42
P32468,P39717,1,0.4975760838421251,0,one_unseen,mlp,aac_ctd,42
P22007,P32504,1,0.37324833072422575,0,one_unseen,mlp,aac_ctd,42
P38856,P53322,1,0.20820373402439404,0,one_unseen,mlp,aac_ctd,42
P29295,Q08119,1,0.42484110285919724,0,one_unseen,mlp,aac_ctd,42
P13186,P14904,1,0.8569180972638383,1,one_unseen,mlp,aac_ctd,42
P40518,P47079,1,0.6087253927286707,1,one_unseen,mlp,aac_ctd,42
P53959,Q7LIF1,1,0.4508922303560748,0,one_unseen,mlp,aac_ctd,42
P24871,P40473,1,0.8076547789162019,1,one_unseen,mlp,aac_ctd,42
P19262,P53145,1,0.4271817320825053,0,one_unseen,mlp,aac_ctd,42
P30619,P38182,1,0.5517672378405037,1,one_unseen,mlp,aac_ctd,42
P05986,P53124,1,0.8206403252995093,1,one_unseen,mlp,aac_ctd,42
P39984,P89102,1,0.8647768294679298,1,one_unseen,mlp,aac_ctd,42
P38850,P40007,1,0.5330358561429502,1,one_unseen,mlp,aac_ctd,42
P13365,P47104,1,0.5926679165704054,1,one_unseen,mlp,aac_ctd,42
P04076,P39935,1,0.7999198601682835,1,one_unseen,mlp,aac_ctd,42
P43619,Q06164,1,0.8557800409784274,1,one_unseen,mlp,aac_ctd,42
P32478,P38788,1,0.016621002949538794,0,one_unseen,mlp,aac_ctd,42
Q00955,Q12427,1,0.8566945778038988,1,one_unseen,mlp,aac_ctd,42
P25296,Q12154,1,0.5564606434691439,1,one_unseen,mlp,aac_ctd,42
P18494,P31109,1,0.6901657412672955,1,one_unseen,mlp,aac_ctd,42
P25333,P53540,1,0.8618167274647591,1,one_unseen,mlp,aac_ctd,42
P34241,Q08923,1,0.21914686901094974,0,one_unseen,mlp,aac_ctd,42
P53323,Q06604,1,0.544049827435523,1,one_unseen,mlp,aac_ctd,42
P40103,P53865,1,0.4011924029029855,0,one_unseen,mlp,aac_ctd,42
P38703,Q12402,1,0.6995694800363557,1,one_unseen,mlp,aac_ctd,42
P32855,P38991,1,0.7576826175618294,1,one_unseen,mlp,aac_ctd,42
P47120,Q03956,1,0.9111670222815825,1,one_unseen,mlp,aac_ctd,42
P33334,P43563,1,0.38060938272469175,0,one_unseen,mlp,aac_ctd,42
P24783,P39563,1,0.22077893762814838,0,one_unseen,mlp,aac_ctd,42
P38627,P53912,1,0.7170294062765629,1,one_unseen,mlp,aac_ctd,42
P19880,Q04053,1,0.712004816157229,1,one_unseen,mlp,aac_ctd,42
P32642,P53886,1,0.43920291459456434,0,one_unseen,mlp,aac_ctd,42
P25333,P40339,1,0.8517908349109143,1,one_unseen,mlp,aac_ctd,42
P06843,Q04359,1,0.841710826751829,1,one_unseen,mlp,aac_ctd,42
P19145,Q06479,1,0.3451900407712731,0,one_unseen,mlp,aac_ctd,42
Q08562,Q08923,1,0.5450223455967137,1,one_unseen,mlp,aac_ctd,42
P32327,P32793,1,0.7051295652800872,1,one_unseen,mlp,aac_ctd,42
P17555,P40512,1,0.7269518294090124,1,one_unseen,mlp,aac_ctd,42
P53389,Q08902,1,0.2525138400448025,0,one_unseen,mlp,aac_ctd,42
P06844,P40395,1,0.757385775219203,1,one_unseen,mlp,aac_ctd,42
P06244,P25344,1,0.755498463240066,1,one_unseen,mlp,aac_ctd,42
P02557,P34758,1,0.7324589413784865,1,one_unseen,mlp,aac_ctd,42
P34758,P53112,1,0.8152896385231688,1,one_unseen,mlp,aac_ctd,42
P05030,P53043,1,0.41836838188322245,0,one_unseen,mlp,aac_ctd,42
P36005,P60010,1,0.4453365480619616,0,one_unseen,mlp,aac_ctd,42
P53196,P53552,1,0.7997877807381318,1,one_unseen,mlp,aac_ctd,42
P27801,P53136,1,0.7111870302047328,1,one_unseen,mlp,aac_ctd,42
P33892,P39968,1,0.7075583226733608,1,one_unseen,mlp,aac_ctd,42
P32327,Q04493,1,0.5692582076823235,1,one_unseen,mlp,aac_ctd,42
P25359,Q08004,1,0.15443576444615364,0,one_unseen,mlp,aac_ctd,42
P53933,Q12168,1,0.32274582351118214,0,one_unseen,mlp,aac_ctd,42
P21190,P38902,1,0.36200111816257824,0,one_unseen,mlp,aac_ctd,42
P40960,P53082,1,0.6095817124399155,1,one_unseen,mlp,aac_ctd,42
P27637,P31377,1,0.9451872105067975,1,one_unseen,mlp,aac_ctd,42
P17255,P36029,1,0.5013655497661554,1,one_unseen,mlp,aac_ctd,42
P05986,P38708,1,0.7450616337947311,1,one_unseen,mlp,aac_ctd,42
Q06604,Q6Q547,1,0.5065506358642979,1,one_unseen,mlp,aac_ctd,42
P31688,Q05933,1,0.6762931497964628,1,one_unseen,mlp,aac_ctd,42
P24279,Q04217,1,0.7094224418724666,1,one_unseen,mlp,aac_ctd,42
P14681,P31382,1,0.4772905766218659,0,one_unseen,mlp,aac_ctd,42
P35207,P48566,1,0.5838683836256384,1,one_unseen,mlp,aac_ctd,42
P40024,P47045,1,0.5570012306558002,1,one_unseen,mlp,aac_ctd,42
P35691,P40064,1,0.6749604310517836,1,one_unseen,mlp,aac_ctd,42
P13711,P23642,1,0.6998188501222916,1,one_unseen,mlp,aac_ctd,42
P00560,P39014,1,0.8762376847239189,1,one_unseen,mlp,aac_ctd,42
P53036,Q08558,1,0.4726438091517214,0,one_unseen,mlp,aac_ctd,42
P35207,P38705,1,0.638347094793943,1,one_unseen,mlp,aac_ctd,42
P32481,P53141,1,0.8089344817833022,1,one_unseen,mlp,aac_ctd,42
P30657,P42846,1,0.47633005435941334,0,one_unseen,mlp,aac_ctd,42
P40413,Q04264,1,0.5638510403119232,1,one_unseen,mlp,aac_ctd,42
P28707,Q03308,1,0.8400016120328351,1,one_unseen,mlp,aac_ctd,42
P06242,Q07471,1,0.7940275438766021,1,one_unseen,mlp,aac_ctd,42
Q03323,Q7LIF1,1,0.5636150028206792,1,one_unseen,mlp,aac_ctd,42
P35203,Q07993,1,0.7841406587735046,1,one_unseen,mlp,aac_ctd,42
P38203,Q03081,1,0.5497040605712906,1,one_unseen,mlp,aac_ctd,42
P13712,Q12168,1,0.28605479611085893,0,one_unseen,mlp,aac_ctd,42
P14747,P32505,1,0.8221068797262345,1,one_unseen,mlp,aac_ctd,42
P32774,Q12265,1,0.786839750386778,1,one_unseen,mlp,aac_ctd,42
P40473,P48412,1,0.9192104403281739,1,one_unseen,mlp,aac_ctd,42
P40468,Q00362,1,0.5778481966492152,1,one_unseen,mlp,aac_ctd,42
P38063,P53250,1,0.6252356197493067,1,one_unseen,mlp,aac_ctd,42
P40453,P47134,1,0.6587269495456417,1,one_unseen,mlp,aac_ctd,42
P38789,P53924,1,0.7077383078720092,1,one_unseen,mlp,aac_ctd,42
P32491,Q01560,1,0.5757898054498147,1,one_unseen,mlp,aac_ctd,42
Q00245,Q04921,1,0.5592602316280954,1,one_unseen,mlp,aac_ctd,42
P32327,P53011,1,0.8455347752099843,1,one_unseen,mlp,aac_ctd,42
P53965,Q05778,1,0.5551654008338435,1,one_unseen,mlp,aac_ctd,42
P06101,P36172,1,0.15759647028579893,0,one_unseen,mlp,aac_ctd,42
P07283,P25694,1,0.2831136665278357,0,one_unseen,mlp,aac_ctd,42
P17119,Q99385,1,0.23614979728356156,0,one_unseen,mlp,aac_ctd,42
P38077,Q02804,1,0.3110963276363523,0,one_unseen,mlp,aac_ctd,42
P38716,Q12306,1,0.5468826440253435,1,one_unseen,mlp,aac_ctd,42
P09064,P38080,1,0.6404618686661514,1,one_unseen,mlp,aac_ctd,42
Q00684,Q04359,1,0.21441278059289406,0,one_unseen,mlp,aac_ctd,42
P32578,P40095,1,0.764558962143603,1,one_unseen,mlp,aac_ctd,42
P38042,P40413,1,0.574814613927111,1,one_unseen,mlp,aac_ctd,42
P38801,Q04868,1,0.6797812662581647,1,one_unseen,mlp,aac_ctd,42
P32502,Q04233,1,0.78404722616116,1,one_unseen,mlp,aac_ctd,42
P38874,Q06551,1,0.19483689172453367,0,one_unseen,mlp,aac_ctd,42
P38344,P40477,1,0.5908812130218476,1,one_unseen,mlp,aac_ctd,42
P38228,P40024,1,0.5191182673841983,1,one_unseen,mlp,aac_ctd,42
P53136,Q08979,1,0.3513680118965481,0,one_unseen,mlp,aac_ctd,42
P38310,P40089,1,0.778657531940139,1,one_unseen,mlp,aac_ctd,42
P08679,P40303,1,0.2735643274690905,0,one_unseen,mlp,aac_ctd,42
P30619,P36224,1,0.797122938943876,1,one_unseen,mlp,aac_ctd,42
P14724,Q06406,1,0.5843341672271003,1,one_unseen,mlp,aac_ctd,42
P46948,Q12390,1,0.7158681070210722,1,one_unseen,mlp,aac_ctd,42
Q04338,Q08956,1,0.7084181489392142,1,one_unseen,mlp,aac_ctd,42
P38193,Q05670,1,0.634502346533359,1,one_unseen,mlp,aac_ctd,42
P40095,P40327,1,0.8216247329452095,1,one_unseen,mlp,aac_ctd,42
P36017,P39742,1,0.655943307898157,1,one_unseen,mlp,aac_ctd,42
P35207,P46985,1,0.5942784245698974,1,one_unseen,mlp,aac_ctd,42
P06787,P34758,1,0.6234357470529727,1,one_unseen,mlp,aac_ctd,42
P40960,P47089,1,0.938024134193437,1,one_unseen,mlp,aac_ctd,42
P53152,P53622,1,0.4267466898361343,0,one_unseen,mlp,aac_ctd,42
P14904,Q12168,1,0.8213858401251121,1,one_unseen,mlp,aac_ctd,42
P39107,Q05610,1,0.6756874446396327,1,one_unseen,mlp,aac_ctd,42
Q08235,Q12250,1,0.6598093196414387,1,one_unseen,mlp,aac_ctd,42
P05694,P08566,1,0.5656829817853013,1,one_unseen,mlp,aac_ctd,42
Q06137,Q12163,1,0.47611269234286097,0,one_unseen,mlp,aac_ctd,42
P08431,P53974,1,0.7482656655150516,1,one_unseen,mlp,aac_ctd,42
P32855,P50113,1,0.3571721245114227,0,one_unseen,mlp,aac_ctd,42
P38283,P53136,1,0.7827323090553794,1,one_unseen,mlp,aac_ctd,42
P40561,Q00816,1,0.4821052506430651,0,one_unseen,mlp,aac_ctd,42
P00359,P29340,1,0.7435903875091777,1,one_unseen,mlp,aac_ctd,42
P05318,Q08962,1,0.5490371872968705,1,one_unseen,mlp,aac_ctd,42
P33331,Q12522,1,0.06333382275874186,0,one_unseen,mlp,aac_ctd,42
Q04002,Q08963,1,0.4921640765623839,0,one_unseen,mlp,aac_ctd,42
P20133,P32528,1,0.3010464544050589,0,one_unseen,mlp,aac_ctd,42
P27636,P53152,1,0.2634113333285133,0,one_unseen,mlp,aac_ctd,42
P33301,Q04636,1,0.5996532435604454,1,one_unseen,mlp,aac_ctd,42
P28320,P46674,1,0.6445881406579648,1,one_unseen,mlp,aac_ctd,42
P25333,P38705,1,0.86392093981583,1,one_unseen,mlp,aac_ctd,42
P03965,P53322,1,0.31104156497693775,0,one_unseen,mlp,aac_ctd,42
P25454,Q12390,1,0.7720118717594932,1,one_unseen,mlp,aac_ctd,42
P32854,P40963,1,0.049916372061976556,0,one_unseen,mlp,aac_ctd,42
P25333,P37012,1,0.9237282370453327,1,one_unseen,mlp,aac_ctd,42
P19735,P52286,1,0.6827041900558011,1,one_unseen,mlp,aac_ctd,42
P00899,P05318,1,0.42086226108668,0,one_unseen,mlp,aac_ctd,42
P32602,Q05636,1,0.6276540085056453,1,one_unseen,mlp,aac_ctd,42
P20424,Q08601,1,0.6894976236361391,1,one_unseen,mlp,aac_ctd,42
P31539,Q04031,1,0.47410758478558007,0,one_unseen,mlp,aac_ctd,42
Q01560,Q06624,1,0.5775892444012245,1,one_unseen,mlp,aac_ctd,42
P19145,P25333,1,0.6557642605225268,1,one_unseen,mlp,aac_ctd,42
Q08285,Q12017,1,0.07856477841007621,0,one_unseen,mlp,aac_ctd,42
Q01590,Q12098,1,0.5047041104764532,1,one_unseen,mlp,aac_ctd,42
P53965,Q08558,1,0.23346359272393205,0,one_unseen,mlp,aac_ctd,42
P10363,Q02199,1,0.8404466993962828,1,one_unseen,mlp,aac_ctd,42
P08524,P53221,1,0.885292830554475,1,one_unseen,mlp,aac_ctd,42
P09435,P23394,1,0.5371475022846045,1,one_unseen,mlp,aac_ctd,42
P32842,Q12754,1,0.6143958288371745,1,one_unseen,mlp,aac_ctd,42
P38967,P40528,1,0.33074785716330596,0,one_unseen,mlp,aac_ctd,42
P40573,P53152,1,0.4538151970933797,0,one_unseen,mlp,aac_ctd,42
P40469,Q03010,1,0.7437756412104375,1,one_unseen,mlp,aac_ctd,42
P36010,P38590,1,0.569304997552205,1,one_unseen,mlp,aac_ctd,42
Q07887,Q12063,1,0.5311396925638548,1,one_unseen,mlp,aac_ctd,42
P25655,Q00723,1,0.28517281085290935,0,one_unseen,mlp,aac_ctd,42
P10592,Q03330,1,0.5236417267323856,1,one_unseen,mlp,aac_ctd,42
P52286,Q08966,1,0.6942605343785205,1,one_unseen,mlp,aac_ctd,42
Q04217,Q06580,1,0.3633269758814225,0,one_unseen,mlp,aac_ctd,42
P40518,Q03818,1,0.4153146556219838,0,one_unseen,mlp,aac_ctd,42
P13185,P18480,1,0.4781589029034561,0,one_unseen,mlp,aac_ctd,42
P49687,P89102,1,0.8460863225894731,1,one_unseen,mlp,aac_ctd,42
P23394,P53755,1,0.42752135405054265,0,one_unseen,mlp,aac_ctd,42
P40960,Q12241,1,0.4825966101144622,0,one_unseen,mlp,aac_ctd,42
P81450,Q12035,1,0.0004719011593744471,0,one_unseen,mlp,aac_ctd,42
P27705,P53168,1,0.4452669007676376,0,one_unseen,mlp,aac_ctd,42
P50277,Q06137,1,0.7601925438938268,1,one_unseen,mlp,aac_ctd,42
P38757,P40512,1,0.7069125960688436,1,one_unseen,mlp,aac_ctd,42
P34087,P53924,1,0.611712681512963,1,one_unseen,mlp,aac_ctd,42
P14680,Q12434,1,0.7825883450607288,1,one_unseen,mlp,aac_ctd,42
P52593,P53145,1,0.5092826711089096,1,one_unseen,mlp,aac_ctd,42
P52910,Q12241,1,0.8880985471914019,1,one_unseen,mlp,aac_ctd,42
P47150,Q02804,1,0.1506134211574928,0,one_unseen,mlp,aac_ctd,42
P46678,P53115,1,0.6119781446297504,1,one_unseen,mlp,aac_ctd,42
P39904,P43563,1,0.15240072847163103,0,one_unseen,mlp,aac_ctd,42
P17536,P20459,1,0.9687670042822195,1,one_unseen,mlp,aac_ctd,42
P35184,Q00578,1,0.4990877704058669,0,one_unseen,mlp,aac_ctd,42
P38931,P53125,1,0.5550432222807005,1,one_unseen,mlp,aac_ctd,42
P53904,Q08285,1,0.5173604241188867,1,one_unseen,mlp,aac_ctd,42
P33203,P46970,1,0.17400411872827984,0,one_unseen,mlp,aac_ctd,42
Q06479,Q99385,1,0.5825201716732855,1,one_unseen,mlp,aac_ctd,42
Q00916,Q12280,1,0.520647978958509,1,one_unseen,mlp,aac_ctd,42
P38634,P53965,1,0.11764248831564386,0,one_unseen,mlp,aac_ctd,42
P31109,P40479,1,0.7176661983641984,1,one_unseen,mlp,aac_ctd,42
P25591,P40512,1,0.4576802782091967,0,one_unseen,mlp,aac_ctd,42
Q02775,Q06631,1,0.6822202636643642,1,one_unseen,mlp,aac_ctd,42
P38805,P40096,1,0.16308022841776196,0,one_unseen,mlp,aac_ctd,42
P13185,Q12044,1,0.45760880586615166,0,one_unseen,mlp,aac_ctd,42
P20438,P32468,1,0.4744467219159865,0,one_unseen,mlp,aac_ctd,42
P32639,P36019,1,0.7662449010508425,1,one_unseen,mlp,aac_ctd,42
P06777,P32805,1,0.9371679936429917,1,one_unseen,mlp,aac_ctd,42
P52593,Q07418,1,0.6223585806562707,1,one_unseen,mlp,aac_ctd,42
P41920,Q12389,1,0.9502324519552,1,one_unseen,mlp,aac_ctd,42
P28007,P39940,1,0.1423157779563231,0,one_unseen,mlp,aac_ctd,42
P36053,P40014,1,0.7191116668726041,1,one_unseen,mlp,aac_ctd,42
P28707,P30665,1,0.929299139369016,1,one_unseen,mlp,aac_ctd,42
Q03280,Q12406,1,0.3417807571253109,0,one_unseen,mlp,aac_ctd,42
P47134,Q12518,1,0.800984976001211,1,one_unseen,mlp,aac_ctd,42
P07274,Q06406,1,0.08291230796315935,0,one_unseen,mlp,aac_ctd,42
Q00578,Q07732,1,0.5708513088435154,1,one_unseen,mlp,aac_ctd,42
P22213,P35194,1,0.6388812655655932,1,one_unseen,mlp,aac_ctd,42
P28707,Q02100,1,0.3671335226015859,0,one_unseen,mlp,aac_ctd,42
P32607,P48239,1,0.3278890989079486,0,one_unseen,mlp,aac_ctd,42
P20459,P35178,1,0.5419516686023086,1,one_unseen,mlp,aac_ctd,42
P53267,Q04195,1,0.4873058418431376,0,one_unseen,mlp,aac_ctd,42
P12612,P53141,1,0.7992595533537845,1,one_unseen,mlp,aac_ctd,42
P25655,Q06409,1,0.7423300140626661,1,one_unseen,mlp,aac_ctd,42
P40512,P53847,1,0.8294326438947531,1,one_unseen,mlp,aac_ctd,42
P07283,Q08144,1,0.48338754575353815,0,one_unseen,mlp,aac_ctd,42
P41807,Q99189,1,0.6682109189338958,1,one_unseen,mlp,aac_ctd,42
P31539,P34234,1,0.479852917619665,0,one_unseen,mlp,aac_ctd,42
P41895,P46974,1,0.5385322213218279,1,one_unseen,mlp,aac_ctd,42
P32610,P39927,1,0.6898998481006365,1,one_unseen,mlp,aac_ctd,42
P36421,P38620,1,0.7574300109644483,1,one_unseen,mlp,aac_ctd,42
P02294,P10566,1,0.25092550244744855,0,one_unseen,mlp,aac_ctd,42
P38193,Q12248,1,0.8422768800550555,1,one_unseen,mlp,aac_ctd,42
P38111,P53171,1,0.25869522223388897,0,one_unseen,mlp,aac_ctd,42
P14680,P35691,1,0.725548809740786,1,one_unseen,mlp,aac_ctd,42
P06244,Q08963,1,0.7283192967269964,1,one_unseen,mlp,aac_ctd,42
P32528,Q00723,1,0.34602713275114994,0,one_unseen,mlp,aac_ctd,42
P39551,P40357,1,0.07409209239778126,0,one_unseen,mlp,aac_ctd,42
P38427,P52553,1,0.948265674920306,1,one_unseen,mlp,aac_ctd,42
P48525,Q12118,1,0.9185880325893886,1,one_unseen,mlp,aac_ctd,42
P10592,P38287,1,0.47892461597702346,0,one_unseen,mlp,aac_ctd,42
P09064,P43637,1,0.3577388561228129,0,one_unseen,mlp,aac_ctd,42
P25303,P25342,1,0.4956525406610248,0,one_unseen,mlp,aac_ctd,42
P40485,Q12055,1,0.6531289832006868,1,one_unseen,mlp,aac_ctd,42
P38080,Q00816,1,0.7675632964010524,1,one_unseen,mlp,aac_ctd,42
Q05785,Q12186,1,0.5429936376927548,1,one_unseen,mlp,aac_ctd,42
P39940,P40515,1,0.12521243149233202,0,one_unseen,mlp,aac_ctd,42
P53604,Q12248,1,0.7151045469379981,1,one_unseen,mlp,aac_ctd,42
P53267,Q08873,1,0.7180584444572118,1,one_unseen,mlp,aac_ctd,42
P53032,Q12107,1,0.267144466770471,0,one_unseen,mlp,aac_ctd,42
Q04225,Q06675,1,0.22627031294597735,0,one_unseen,mlp,aac_ctd,42
P12688,P25341,1,0.7098937297877935,1,one_unseen,mlp,aac_ctd,42
P17555,Q05933,1,0.547615607151304,1,one_unseen,mlp,aac_ctd,42
P24004,P38768,1,0.29163748460677563,0,one_unseen,mlp,aac_ctd,42
P25584,Q02892,1,0.24836249808576516,0,one_unseen,mlp,aac_ctd,42
P24004,P32492,1,0.7531623203895348,1,one_unseen,mlp,aac_ctd,42
P38203,P38886,1,0.6816333501051481,1,one_unseen,mlp,aac_ctd,42
P39707,Q12469,1,0.632487535735911,1,one_unseen,mlp,aac_ctd,42
P00817,P41810,1,0.9261706188121931,1,one_unseen,mlp,aac_ctd,42
P06242,P24583,1,0.6024130788766989,1,one_unseen,mlp,aac_ctd,42
P40413,P47005,1,0.655959532865933,1,one_unseen,mlp,aac_ctd,42
P38757,Q05024,1,0.6395159685568813,1,one_unseen,mlp,aac_ctd,42
P47104,P53933,1,0.4709089343194801,0,one_unseen,mlp,aac_ctd,42
P46672,Q12365,1,0.8571601359300711,1,one_unseen,mlp,aac_ctd,42
P40988,P41808,1,0.5153874218344121,1,one_unseen,mlp,aac_ctd,42
P38987,P40515,1,0.6103062477282658,1,one_unseen,mlp,aac_ctd,42
P38862,P53924,1,0.7869659165659249,1,one_unseen,mlp,aac_ctd,42
P38805,Q12411,1,0.7561520012085523,1,one_unseen,mlp,aac_ctd,42
P16140,P32854,1,0.3819781417068472,0,one_unseen,mlp,aac_ctd,42
P23255,P35718,1,0.2657198699046192,0,one_unseen,mlp,aac_ctd,42
P32562,P53049,1,0.4410944084734259,0,one_unseen,mlp,aac_ctd,42
P32800,P42945,1,0.5083362251479526,1,one_unseen,mlp,aac_ctd,42
P30657,P39079,1,0.7300154897192277,1,one_unseen,mlp,aac_ctd,42
P32528,Q04693,1,0.5606126949010611,1,one_unseen,mlp,aac_ctd,42
P33311,Q03012,1,0.5177633384184821,1,one_unseen,mlp,aac_ctd,42
P05453,P32497,1,0.8395433128613348,1,one_unseen,mlp,aac_ctd,42
P02400,P38194,1,0.41275946335538233,0,one_unseen,mlp,aac_ctd,42
P37012,Q12452,1,0.6016149645699542,1,one_unseen,mlp,aac_ctd,42
P48232,P48415,1,0.5252022224249366,1,one_unseen,mlp,aac_ctd,42
P32790,Q05785,1,0.5165245157341009,1,one_unseen,mlp,aac_ctd,42
P38805,Q12165,1,0.29096187749153507,0,one_unseen,mlp,aac_ctd,42
P00330,P06102,1,0.7615864371947119,1,one_unseen,mlp,aac_ctd,42
P16892,Q00381,1,0.3241411157911403,0,one_unseen,mlp,aac_ctd,42
P24004,P38886,1,0.9271561583999588,1,one_unseen,mlp,aac_ctd,42
P39996,P54837,1,0.033198560636628065,0,one_unseen,mlp,aac_ctd,42
P18852,P38203,1,0.8285777181219528,1,one_unseen,mlp,aac_ctd,42
P25357,Q06604,1,0.6749047374983065,1,one_unseen,mlp,aac_ctd,42
P32628,Q05947,1,0.13304335498646705,0,one_unseen,mlp,aac_ctd,42
Q04978,Q06177,1,0.3765530060738329,0,one_unseen,mlp,aac_ctd,42
P39962,Q12208,1,0.517882181632462,1,one_unseen,mlp,aac_ctd,42
P32527,P38840,1,0.8517051960112418,1,one_unseen,mlp,aac_ctd,42
P40066,Q12176,1,0.14981004642691223,0,one_unseen,mlp,aac_ctd,42
P00931,Q06160,1,0.7361240330393045,1,one_unseen,mlp,aac_ctd,42
P22147,P25333,1,0.8759429102659354,1,one_unseen,mlp,aac_ctd,42
P38716,Q03558,1,0.7853412791562736,1,one_unseen,mlp,aac_ctd,42
P25333,Q12347,1,0.9324667874483163,1,one_unseen,mlp,aac_ctd,42
P32366,Q03790,1,0.282042295939385,0,one_unseen,mlp,aac_ctd,42
P38742,Q03018,1,0.7442392176086723,1,one_unseen,mlp,aac_ctd,42
P38217,P40541,1,0.7592612745766983,1,one_unseen,mlp,aac_ctd,42
P33891,P39935,1,0.8381239880507979,1,one_unseen,mlp,aac_ctd,42
P36094,Q12236,1,0.6421062193490574,1,one_unseen,mlp,aac_ctd,42
P53081,Q05881,1,0.43368115714255384,0,one_unseen,mlp,aac_ctd,42
P43583,Q04359,1,0.4969856450674834,0,one_unseen,mlp,aac_ctd,42
P11154,P43565,1,0.9200995036372716,1,one_unseen,mlp,aac_ctd,42
P40303,Q07084,1,0.2909404808664636,0,one_unseen,mlp,aac_ctd,42
P14742,P40563,1,0.7738692386006759,1,one_unseen,mlp,aac_ctd,42
P23059,Q99385,1,0.46466004913777237,0,one_unseen,mlp,aac_ctd,42
P11709,P36145,1,0.5254506178313845,1,one_unseen,mlp,aac_ctd,42
P33419,P40335,1,0.6403686478137588,1,one_unseen,mlp,aac_ctd,42
P33760,Q03088,1,0.5955440381014331,1,one_unseen,mlp,aac_ctd,42
P25293,P33334,1,0.45688399001310404,0,one_unseen,mlp,aac_ctd,42
P07260,P38805,1,0.5052920938855078,1,one_unseen,mlp,aac_ctd,42
P05085,P40413,1,0.6274034043931006,1,one_unseen,mlp,aac_ctd,42
P38801,P40096,1,0.7539764293341207,1,one_unseen,mlp,aac_ctd,42
Q04087,Q06624,1,0.6068972211969297,1,one_unseen,mlp,aac_ctd,42
P03965,P22137,1,0.7360447320776523,1,one_unseen,mlp,aac_ctd,42
Q03661,Q12194,1,0.2574696511059813,0,one_unseen,mlp,aac_ctd,42
P33401,P39014,1,0.5687829626470252,1,one_unseen,mlp,aac_ctd,42
P36005,Q03012,1,0.5543506202528703,1,one_unseen,mlp,aac_ctd,42
P42884,Q08911,1,0.8376171107156616,1,one_unseen,mlp,aac_ctd,42
P17891,P47104,1,0.6145261041214624,1,one_unseen,mlp,aac_ctd,42
P22517,P36003,1,0.7343144119471297,1,one_unseen,mlp,aac_ctd,42
P25586,P32364,1,0.6037087089568912,1,one_unseen,mlp,aac_ctd,42
P21965,P38998,1,0.7071276085326881,1,one_unseen,mlp,aac_ctd,42
P46962,Q04792,1,0.8833518009375995,1,one_unseen,mlp,aac_ctd,42
P40340,P53290,1,0.6255159619149852,1,one_unseen,mlp,aac_ctd,42
P17119,P40856,1,0.602074266876056,1,one_unseen,mlp,aac_ctd,42
P33297,P49435,1,0.6737431451419957,1,one_unseen,mlp,aac_ctd,42
P29469,P47134,1,0.7470324476573938,1,one_unseen,mlp,aac_ctd,42
P14164,Q04338,1,0.7406330394713383,1,one_unseen,mlp,aac_ctd,42
P25694,Q12754,1,0.7045221443203415,1,one_unseen,mlp,aac_ctd,42
P12945,P53278,1,0.3233614859422949,0,one_unseen,mlp,aac_ctd,42
P53032,Q07896,1,0.21749511235609473,0,one_unseen,mlp,aac_ctd,42
P32328,P36029,1,0.2676145900606081,0,one_unseen,mlp,aac_ctd,42
P10081,P43565,1,0.8181762410754526,1,one_unseen,mlp,aac_ctd,42
P29295,Q12390,1,0.11814881652786613,0,one_unseen,mlp,aac_ctd,42
P35203,Q08963,1,0.3112571400768633,0,one_unseen,mlp,aac_ctd,42
P40965,P42945,1,0.5960229445547147,1,one_unseen,mlp,aac_ctd,42
P33333,P40473,1,0.6000716480871111,1,one_unseen,mlp,aac_ctd,42
P06242,P38822,1,0.8028233472489158,1,one_unseen,mlp,aac_ctd,42
P46957,Q08236,1,0.9260461910201655,1,one_unseen,mlp,aac_ctd,42
P28791,Q02205,1,0.9801810873607392,1,one_unseen,mlp,aac_ctd,42
P27515,P38879,1,0.7073128791940485,1,one_unseen,mlp,aac_ctd,42
P35198,P40495,1,0.6282862124380909,1,one_unseen,mlp,aac_ctd,42
P38310,P53258,1,0.3130949913073364,0,one_unseen,mlp,aac_ctd,42
P32263,P39935,1,0.7547652294109053,1,one_unseen,mlp,aac_ctd,42
P19812,P36017,1,0.5535549473788158,1,one_unseen,mlp,aac_ctd,42
P38310,P46963,1,0.09151660234384638,0,one_unseen,mlp,aac_ctd,42
P40563,Q05947,1,0.3878195006356615,0,one_unseen,mlp,aac_ctd,42
P14306,Q05610,1,0.48496640623389226,0,one_unseen,mlp,aac_ctd,42
P27705,P53196,1,0.6769189582861447,1,one_unseen,mlp,aac_ctd,42
P40462,Q08931,1,0.8666682277049369,1,one_unseen,mlp,aac_ctd,42
P37370,P39014,1,0.8000528049256685,1,one_unseen,mlp,aac_ctd,42
P13185,P38989,1,0.637591540806936,1,one_unseen,mlp,aac_ctd,42
P40495,Q04272,1,0.4058789839642794,0,one_unseen,mlp,aac_ctd,42
P53538,Q12161,1,0.25570983572089934,0,one_unseen,mlp,aac_ctd,42
P33750,Q08601,1,0.6139420389980552,1,one_unseen,mlp,aac_ctd,42
Q04121,Q12129,1,0.2372968239695714,0,one_unseen,mlp,aac_ctd,42
P35193,Q04368,1,0.7174649533691252,1,one_unseen,mlp,aac_ctd,42
P47042,P53142,1,0.07444560942599118,0,one_unseen,mlp,aac_ctd,42
Q04307,Q12050,1,0.024690222037359513,0,one_unseen,mlp,aac_ctd,42
P39936,Q08729,1,0.7791340315990138,1,one_unseen,mlp,aac_ctd,42
P40010,P40362,1,0.7614049771703683,1,one_unseen,mlp,aac_ctd,42
P28007,Q12009,1,0.4021453572909213,0,one_unseen,mlp,aac_ctd,42
P26793,P53604,1,0.4881009550319414,0,one_unseen,mlp,aac_ctd,42
P32787,P39954,1,0.5746159478405379,1,one_unseen,mlp,aac_ctd,42
P32074,P36010,1,0.7091510582387126,1,one_unseen,mlp,aac_ctd,42
P25299,P53236,1,0.2289898519439901,0,one_unseen,mlp,aac_ctd,42
P40092,Q06628,1,0.00751554857966875,0,one_unseen,mlp,aac_ctd,42
P05626,P57744,1,0.027594625364201774,0,one_unseen,mlp,aac_ctd,42
P28707,P38768,1,0.6763319219419794,1,one_unseen,mlp,aac_ctd,42
P02400,P40693,1,0.25101423847102555,0,one_unseen,mlp,aac_ctd,42
P17505,P53142,1,0.2065326216085199,0,one_unseen,mlp,aac_ctd,42
P35194,Q05775,1,0.3361272411618704,0,one_unseen,mlp,aac_ctd,42
P22141,Q08236,1,0.7862257032389245,1,one_unseen,mlp,aac_ctd,42
P17555,P47068,1,0.8041467605384531,1,one_unseen,mlp,aac_ctd,42
P17536,P36015,1,0.6112273634979649,1,one_unseen,mlp,aac_ctd,42
P31382,P38861,1,0.20859761653450856,0,one_unseen,mlp,aac_ctd,42
P53248,Q04978,1,0.3238459418129454,0,one_unseen,mlp,aac_ctd,42
P33892,Q12163,1,0.5596137979013097,1,one_unseen,mlp,aac_ctd,42
P35723,P38727,1,0.29513381702789687,0,one_unseen,mlp,aac_ctd,42
P53924,Q12250,1,0.8421205621255037,1,one_unseen,mlp,aac_ctd,42
P38705,Q12168,1,0.4912737437162764,0,one_unseen,mlp,aac_ctd,42
P53959,P53973,1,0.8225822923877473,1,one_unseen,mlp,aac_ctd,42
P28743,P38193,1,0.4147059414597559,0,one_unseen,mlp,aac_ctd,42
P15108,Q99210,1,0.5550526759381036,1,one_unseen,mlp,aac_ctd,42
P38262,Q12026,1,0.20395566913398555,0,one_unseen,mlp,aac_ctd,42
P32800,P40563,1,0.6186451819901098,1,one_unseen,mlp,aac_ctd,42
P28817,P48415,1,0.42446171364353374,0,one_unseen,mlp,aac_ctd,42
P00330,P11484,1,0.49283867146064714,0,one_unseen,mlp,aac_ctd,42
P11938,Q04675,1,0.5927655084157243,1,one_unseen,mlp,aac_ctd,42
P10869,P36005,1,0.6346238340248075,1,one_unseen,mlp,aac_ctd,42
P19658,P49435,1,0.6864278288412682,1,one_unseen,mlp,aac_ctd,42
P25341,P33328,1,0.40166770467015245,0,one_unseen,mlp,aac_ctd,42
P35178,P53082,1,0.599242492235538,1,one_unseen,mlp,aac_ctd,42
P25515,P33297,1,0.09584340193982305,0,one_unseen,mlp,aac_ctd,42
P40103,P53254,1,0.09470129389263614,0,one_unseen,mlp,aac_ctd,42
P07149,P39083,1,0.6691288404182761,1,one_unseen,mlp,aac_ctd,42
P43574,Q06251,1,0.6690154443256852,1,one_unseen,mlp,aac_ctd,42
P54790,Q01159,1,0.585684070213267,1,one_unseen,mlp,aac_ctd,42
P32264,Q00362,1,0.7745782333490726,1,one_unseen,mlp,aac_ctd,42
P06244,P48415,1,0.8485171599226322,1,one_unseen,mlp,aac_ctd,42
P32464,Q06604,1,0.5328120373412844,1,one_unseen,mlp,aac_ctd,42
P37296,Q00245,1,0.5924841593855066,1,one_unseen,mlp,aac_ctd,42
P40496,P48568,1,0.0958743470841355,0,one_unseen,mlp,aac_ctd,42
P25644,P40495,1,0.7580082320193433,1,one_unseen,mlp,aac_ctd,42
P33338,P36018,1,0.3138707279862528,0,one_unseen,mlp,aac_ctd,42
P38826,Q02732,1,0.7755228368916395,1,one_unseen,mlp,aac_ctd,42
P13185,Q07915,1,0.2630504522324762,0,one_unseen,mlp,aac_ctd,42
P30822,Q03048,1,0.5168389141447031,1,one_unseen,mlp,aac_ctd,42
P24482,Q12151,1,0.8119779544261079,1,one_unseen,mlp,aac_ctd,42
P35197,Q04031,1,0.5133807820363568,1,one_unseen,mlp,aac_ctd,42
P40494,P40495,1,0.7732710381841067,1,one_unseen,mlp,aac_ctd,42
P25586,Q12469,1,0.5654607380984674,1,one_unseen,mlp,aac_ctd,42
P39682,P53130,1,0.27758276500203427,0,one_unseen,mlp,aac_ctd,42
P22133,P39935,1,0.5792966781758244,1,one_unseen,mlp,aac_ctd,42
P39704,Q12361,1,0.0841775517794462,0,one_unseen,mlp,aac_ctd,42
P53691,Q08236,1,0.8235073923812983,1,one_unseen,mlp,aac_ctd,42
P38774,P41805,1,0.5971490536897848,1,one_unseen,mlp,aac_ctd,42
P32471,Q05568,1,0.8186356337042685,1,one_unseen,mlp,aac_ctd,42
P14741,Q06819,1,0.4789285367372012,0,one_unseen,mlp,aac_ctd,42
P02829,P38329,1,0.31027067424406446,0,one_unseen,mlp,aac_ctd,42
P25344,P37012,1,0.636441885381567,1,one_unseen,mlp,aac_ctd,42
P12611,P33411,1,0.6998031359183887,1,one_unseen,mlp,aac_ctd,42
P25293,P40061,1,0.49072925012463836,0,one_unseen,mlp,aac_ctd,42
P07272,Q08685,1,0.3856749543167502,0,one_unseen,mlp,aac_ctd,42
P38811,Q12026,1,0.4068521330847027,0,one_unseen,mlp,aac_ctd,42
P32863,P53236,1,0.49959642531230347,0,one_unseen,mlp,aac_ctd,42
P38932,P54199,1,0.7835839253252972,1,one_unseen,mlp,aac_ctd,42
P38998,Q12347,1,0.638006014830123,1,one_unseen,mlp,aac_ctd,42
P25656,P53337,1,0.15969891969989566,0,one_unseen,mlp,aac_ctd,42
P13186,P53010,1,0.6493752473741616,1,one_unseen,mlp,aac_ctd,42
P20435,P32471,1,0.7422859588336372,1,one_unseen,mlp,aac_ctd,42
P13185,P13517,1,0.7864696985090901,1,one_unseen,mlp,aac_ctd,42
P39927,Q12330,1,0.05987886236632241,0,one_unseen,mlp,aac_ctd,42
P22204,Q00362,1,0.6184020643590523,1,one_unseen,mlp,aac_ctd,42
P39962,Q07471,1,0.5739406375406548,1,one_unseen,mlp,aac_ctd,42
Q03957,Q12513,1,0.6829847059519787,1,one_unseen,mlp,aac_ctd,42
P34758,Q02948,1,0.8259440980897873,1,one_unseen,mlp,aac_ctd,42
P26449,P39520,1,0.4162662393330842,0,one_unseen,mlp,aac_ctd,42
P05318,Q07915,1,0.3567923078754279,0,one_unseen,mlp,aac_ctd,42
P38788,P40956,1,0.08855585168290817,0,one_unseen,mlp,aac_ctd,42
P49960,Q08729,1,0.3261714335497653,0,one_unseen,mlp,aac_ctd,42
P43565,P48559,1,0.7688101140911262,1,one_unseen,mlp,aac_ctd,42
P04807,P53685,1,0.3241445785941217,0,one_unseen,mlp,aac_ctd,42
P36118,P38801,1,0.6358014877932581,1,one_unseen,mlp,aac_ctd,42
Q07887,Q99394,1,0.24142441038095425,0,one_unseen,mlp,aac_ctd,42
P23642,P32591,1,0.49676766284686064,0,one_unseen,mlp,aac_ctd,42
Q02939,Q03940,1,0.6060142169221459,1,one_unseen,mlp,aac_ctd,42
P26754,P39520,1,0.6628532910354662,1,one_unseen,mlp,aac_ctd,42
P34077,Q12277,1,0.7009497114899464,1,one_unseen,mlp,aac_ctd,42
P17214,P36144,1,0.38387625527074065,0,one_unseen,mlp,aac_ctd,42
P19454,Q08119,1,0.5737592280779522,1,one_unseen,mlp,aac_ctd,42
P34253,Q12420,1,0.620520639069021,1,one_unseen,mlp,aac_ctd,42
P00358,P25584,1,0.1668376509747232,0,one_unseen,mlp,aac_ctd,42
Q06640,Q12754,1,0.526617532230969,1,one_unseen,mlp,aac_ctd,42
P14737,Q06665,1,0.53440031906269,1,one_unseen,mlp,aac_ctd,42
P38744,Q12082,1,0.0032060336553471304,0,one_unseen,mlp,aac_ctd,42
P23594,P53221,1,0.9333743627484331,1,one_unseen,mlp,aac_ctd,42
P18963,P34221,1,0.7068869570708497,1,one_unseen,mlp,aac_ctd,42
P40992,P41817,1,0.4224375697705288,0,one_unseen,mlp,aac_ctd,42
P07991,P20433,1,0.6921825423993554,1,one_unseen,mlp,aac_ctd,42
P18961,P43574,1,0.793473199396843,1,one_unseen,mlp,aac_ctd,42
P08638,P32828,1,0.47057854687033734,0,one_unseen,mlp,aac_ctd,42
P06784,Q06543,1,0.8333786978533215,1,one_unseen,mlp,aac_ctd,42
P36005,Q12021,1,0.6773349780478308,1,one_unseen,mlp,aac_ctd,42
P25453,P38877,1,0.1592525255508852,0,one_unseen,mlp,aac_ctd,42
P38620,Q12447,1,0.5233738851712337,1,one_unseen,mlp,aac_ctd,42
P39705,Q06164,1,0.5876533766735818,1,one_unseen,mlp,aac_ctd,42
P32832,P38262,1,0.7315590897288504,1,one_unseen,mlp,aac_ctd,42
P06103,P22007,1,0.32129788334180187,0,one_unseen,mlp,aac_ctd,42
P13517,Q08920,1,0.266414649288176,0,one_unseen,mlp,aac_ctd,42
P21242,P39944,1,0.5270146944551487,1,one_unseen,mlp,aac_ctd,42
P12945,P36018,1,0.16916035342616553,0,one_unseen,mlp,aac_ctd,42
P41808,Q06217,1,0.951372625381587,1,one_unseen,mlp,aac_ctd,42
P52891,Q03774,1,0.6794857111191316,1,one_unseen,mlp,aac_ctd,42
P41800,P43563,1,0.5812340420665776,1,one_unseen,mlp,aac_ctd,42
P22202,P37296,1,0.2254190794043052,0,one_unseen,mlp,aac_ctd,42
P00431,P38957,1,0.1716836056640258,0,one_unseen,mlp,aac_ctd,42
P35729,Q12277,1,0.4994246778467559,0,one_unseen,mlp,aac_ctd,42
P25559,Q06449,1,0.6390572152526988,1,one_unseen,mlp,aac_ctd,42
P39682,Q06648,1,0.8518846512730307,1,one_unseen,mlp,aac_ctd,42
P53032,Q12318,1,0.39214232321439874,0,one_unseen,mlp,aac_ctd,42
P00359,P13045,1,0.4520199471608641,0,one_unseen,mlp,aac_ctd,42
P06101,Q06410,1,0.7103424960543205,1,one_unseen,mlp,aac_ctd,42
Q08245,Q12267,1,0.8932622859618033,1,one_unseen,mlp,aac_ctd,42
P33203,P53552,1,0.4409224629998495,0,one_unseen,mlp,aac_ctd,42
P47053,P53551,1,0.9135795148943306,1,one_unseen,mlp,aac_ctd,42
P53169,P53267,1,0.633439688522526,1,one_unseen,mlp,aac_ctd,42
P22219,P33419,1,0.6153291504358357,1,one_unseen,mlp,aac_ctd,42
P33411,Q08746,1,0.8504023674746819,1,one_unseen,mlp,aac_ctd,42
P32855,P49573,1,0.680359727895195,1,one_unseen,mlp,aac_ctd,42
P38282,Q00578,1,0.7037626116677023,1,one_unseen,mlp,aac_ctd,42
P53150,Q12483,1,0.4449146968612238,0,one_unseen,mlp,aac_ctd,42
P27705,P53261,1,0.5407651059254763,1,one_unseen,mlp,aac_ctd,42
P46963,Q04031,1,0.8367735054713956,1,one_unseen,mlp,aac_ctd,42
P38801,P39744,1,0.8260684725005567,1,one_unseen,mlp,aac_ctd,42
P53685,Q03338,1,0.6544322247703019,1,one_unseen,mlp,aac_ctd,42
P13185,P38823,1,0.7991733216534563,1,one_unseen,mlp,aac_ctd,42
Q04373,Q12277,1,0.8310456733856024,1,one_unseen,mlp,aac_ctd,42
P38232,Q03956,1,0.7185282827781783,1,one_unseen,mlp,aac_ctd,42
Q06624,Q12420,1,0.7650995662185828,1,one_unseen,mlp,aac_ctd,42
P33331,P35688,1,0.2820140558456373,0,one_unseen,mlp,aac_ctd,42
P32797,P38957,1,0.5132645940332826,1,one_unseen,mlp,aac_ctd,42
P07270,Q07887,1,0.21539699150244956,0,one_unseen,mlp,aac_ctd,42
P38856,P42935,1,0.7218228211353254,1,one_unseen,mlp,aac_ctd,42
P32561,P52286,1,0.7593025114728668,1,one_unseen,mlp,aac_ctd,42
P53731,Q12129,1,0.27845647670596396,0,one_unseen,mlp,aac_ctd,42
P20424,P41805,1,0.7743107060778179,1,one_unseen,mlp,aac_ctd,42
P25371,P25580,1,0.3623651744123519,0,one_unseen,mlp,aac_ctd,42
P24482,Q06604,1,0.5173122675687747,1,one_unseen,mlp,aac_ctd,42
P40095,P48361,1,0.6577289852233124,1,one_unseen,mlp,aac_ctd,42
P38735,Q04370,1,0.4857076587772725,0,one_unseen,mlp,aac_ctd,42
P32527,P32588,1,0.2840530423350543,0,one_unseen,mlp,aac_ctd,42
P02293,Q12427,1,0.6364339157065998,1,one_unseen,mlp,aac_ctd,42
P38856,P53323,1,0.7249738602630058,1,one_unseen,mlp,aac_ctd,42
P15790,P33418,1,0.319082245915245,0,one_unseen,mlp,aac_ctd,42
P32478,P50095,1,0.042193183603907794,0,one_unseen,mlp,aac_ctd,42
P21965,Q06164,1,0.8366107980522806,1,one_unseen,mlp,aac_ctd,42
P53010,Q03758,1,0.3091834926054174,0,one_unseen,mlp,aac_ctd,42
P36047,Q12390,1,0.7548847533927379,1,one_unseen,mlp,aac_ctd,42
Q02100,Q08235,1,0.6013477760092707,1,one_unseen,mlp,aac_ctd,42
P53086,P53859,1,0.5586535663399688,1,one_unseen,mlp,aac_ctd,42
P40016,Q12264,1,0.00640195713146332,0,one_unseen,mlp,aac_ctd,42
P22219,P38310,1,0.3783099570793219,0,one_unseen,mlp,aac_ctd,42
P33311,P40529,1,0.46262261476789107,0,one_unseen,mlp,aac_ctd,42
P38867,P40356,1,0.5329710938719563,1,one_unseen,mlp,aac_ctd,42
P32496,Q12277,1,0.7331804593162096,1,one_unseen,mlp,aac_ctd,42
P36068,Q08931,1,0.7546934584732711,1,one_unseen,mlp,aac_ctd,42
P09232,P52286,1,0.9115809380453065,1,one_unseen,mlp,aac_ctd,42
P02829,P40892,1,0.21849263987806275,0,one_unseen,mlp,aac_ctd,42
P25341,Q12018,1,0.855674966480082,1,one_unseen,mlp,aac_ctd,42
P20433,P48361,1,0.8647770213745944,1,one_unseen,mlp,aac_ctd,42
P13185,P28817,1,0.42782906185492037,0,one_unseen,mlp,aac_ctd,42
P38153,P40314,1,0.5671282470773911,1,one_unseen,mlp,aac_ctd,42
Q00684,Q05778,1,0.43429102867920466,0,one_unseen,mlp,aac_ctd,42
P40096,Q04359,1,0.4606408319479961,0,one_unseen,mlp,aac_ctd,42
P38690,Q03010,1,0.5613626995786861,1,one_unseen,mlp,aac_ctd,42
P53248,Q00916,1,0.5164437713700153,1,one_unseen,mlp,aac_ctd,42
P23624,Q06169,1,0.30369721064785254,0,one_unseen,mlp,aac_ctd,42
P38634,P41277,1,0.10679112628448252,0,one_unseen,mlp,aac_ctd,42
P20433,P38129,1,0.8913685900997272,1,one_unseen,mlp,aac_ctd,42
P38310,P53196,1,0.3702288270889828,0,one_unseen,mlp,aac_ctd,42
P39707,Q04792,1,0.8140533052601948,1,one_unseen,mlp,aac_ctd,42
P30657,P38113,1,0.634285768879287,1,one_unseen,mlp,aac_ctd,42
P53104,Q05775,1,0.6139565545043973,1,one_unseen,mlp,aac_ctd,42
P18851,P49435,1,0.5587263877835749,1,one_unseen,mlp,aac_ctd,42
P05986,P38631,1,0.797183584837706,1,one_unseen,mlp,aac_ctd,42
P40477,P40565,1,0.09313736794820916,0,one_unseen,mlp,aac_ctd,42
P07251,Q03010,1,0.32411041391154,0,one_unseen,mlp,aac_ctd,42
P21339,Q12372,1,0.40510293356371924,0,one_unseen,mlp,aac_ctd,42
P38152,P39987,1,0.412793826536181,0,one_unseen,mlp,aac_ctd,42
P20459,Q12390,1,0.7340241446032576,1,one_unseen,mlp,aac_ctd,42
P32898,P38793,1,0.6146155720774599,1,one_unseen,mlp,aac_ctd,42
P32898,Q07930,1,0.5582965661993398,1,one_unseen,mlp,aac_ctd,42
P32505,Q08229,1,0.758242904427989,1,one_unseen,mlp,aac_ctd,42
P18962,P38861,1,0.6706724689303549,1,one_unseen,mlp,aac_ctd,42
P38990,P53280,1,0.7506587487078363,1,one_unseen,mlp,aac_ctd,42
P38793,P39960,1,0.7926537945374201,1,one_unseen,mlp,aac_ctd,42
Q03048,Q04067,1,0.29386722252195757,0,one_unseen,mlp,aac_ctd,42
Q04934,Q06819,1,0.43932305153945045,0,one_unseen,mlp,aac_ctd,42
P07283,Q05568,1,0.3097483339983037,0,one_unseen,mlp,aac_ctd,42
P39935,Q12363,1,0.6885938595650403,1,one_unseen,mlp,aac_ctd,42
P13856,P47045,1,0.43234256061757204,0,one_unseen,mlp,aac_ctd,42
P10964,P41818,1,0.28409458255202447,0,one_unseen,mlp,aac_ctd,42
P14832,Q08886,1,0.5515019954269398,1,one_unseen,mlp,aac_ctd,42
P17121,P40554,1,0.7315564638930456,1,one_unseen,mlp,aac_ctd,42
P38429,Q06168,1,0.6669879253975235,1,one_unseen,mlp,aac_ctd,42
P38889,Q03956,1,0.5162525455523664,1,one_unseen,mlp,aac_ctd,42
P33331,P38889,1,0.2022011822439705,0,one_unseen,mlp,aac_ctd,42
P38871,P41920,1,0.8808330465038058,1,one_unseen,mlp,aac_ctd,42
P25646,Q12513,1,0.77441288999724,1,one_unseen,mlp,aac_ctd,42
P38871,Q04792,1,0.7620179087168814,1,one_unseen,mlp,aac_ctd,42
Q08920,Q12276,1,0.5252830726213131,1,one_unseen,mlp,aac_ctd,42
P21306,P32607,1,0.026616618770131203,0,one_unseen,mlp,aac_ctd,42
P14680,P19145,1,0.48393657862763284,0,one_unseen,mlp,aac_ctd,42
P16522,P41817,1,0.5700327072081837,1,one_unseen,mlp,aac_ctd,42
P42073,Q99299,1,0.6379618957684439,1,one_unseen,mlp,aac_ctd,42
P02994,P13663,1,0.7793914297497451,1,one_unseen,mlp,aac_ctd,42
P54885,Q08886,1,0.8943067409820046,1,one_unseen,mlp,aac_ctd,42
P40061,Q05778,1,0.6854075075394347,1,one_unseen,mlp,aac_ctd,42
P40518,P50108,1,0.4044470822256736,0,one_unseen,mlp,aac_ctd,42
P36130,P38254,1,0.5624499318702781,1,one_unseen,mlp,aac_ctd,42
P39547,P43555,1,0.23113597308247533,0,one_unseen,mlp,aac_ctd,42
P32366,Q04373,1,0.49382179340181864,0,one_unseen,mlp,aac_ctd,42
O74700,P38111,1,0.27743566357100446,0,one_unseen,mlp,aac_ctd,42
P32468,P43616,1,0.5554106959072725,1,one_unseen,mlp,aac_ctd,42
P32607,P32854,1,0.06057759136608793,0,one_unseen,mlp,aac_ctd,42
P30902,P34240,1,0.5998778929994196,1,one_unseen,mlp,aac_ctd,42
P11075,P36017,1,0.8324476153012704,1,one_unseen,mlp,aac_ctd,42
P13663,P32364,1,0.5914583435018529,1,one_unseen,mlp,aac_ctd,42
P38011,Q12477,1,0.5595925580992004,1,one_unseen,mlp,aac_ctd,42
P29703,P38863,1,0.6868559438547261,1,one_unseen,mlp,aac_ctd,42
P40462,P43535,1,0.5185393699830859,1,one_unseen,mlp,aac_ctd,42
P48582,Q08920,1,0.3353277490491968,0,one_unseen,mlp,aac_ctd,42
P38627,P39968,1,0.7405144632883437,1,one_unseen,mlp,aac_ctd,42
P53125,Q04437,1,0.36429086778482705,0,one_unseen,mlp,aac_ctd,42
P53685,Q06696,1,0.30581286279021275,0,one_unseen,mlp,aac_ctd,42
P53010,Q04359,1,0.41050294145326477,0,one_unseen,mlp,aac_ctd,42
P33419,P38871,1,0.8671211633090574,1,one_unseen,mlp,aac_ctd,42
Q05022,Q06142,1,0.4042996912446807,0,one_unseen,mlp,aac_ctd,42
P32642,P38624,1,0.1788471290615353,0,one_unseen,mlp,aac_ctd,42
P38339,Q00816,1,0.8024242629767495,1,one_unseen,mlp,aac_ctd,42
P30619,P42846,1,0.7284072513796209,1,one_unseen,mlp,aac_ctd,42
P51601,Q05471,1,0.7598794058639531,1,one_unseen,mlp,aac_ctd,42
P07262,Q03899,1,0.7053890098439727,1,one_unseen,mlp,aac_ctd,42
P33339,P38319,1,0.48086560498798886,0,one_unseen,mlp,aac_ctd,42
P40479,P41814,1,0.5993092004016596,1,one_unseen,mlp,aac_ctd,42
P53952,Q12343,1,0.5449131648358748,1,one_unseen,mlp,aac_ctd,42
P32457,P53974,1,0.6269990001285142,1,one_unseen,mlp,aac_ctd,42
P15108,Q12142,1,0.5716737256291381,1,one_unseen,mlp,aac_ctd,42
P32628,P36049,1,0.6527149996776871,1,one_unseen,mlp,aac_ctd,42
P02400,P04387,1,0.06510831496230812,0,one_unseen,mlp,aac_ctd,42
P38310,P38823,1,0.5541418906421073,1,one_unseen,mlp,aac_ctd,42
P35169,P38153,1,0.6658040958271153,1,one_unseen,mlp,aac_ctd,42
P38785,P53754,1,0.8223081134542969,1,one_unseen,mlp,aac_ctd,42
P53068,P53267,1,0.5913945660281987,1,one_unseen,mlp,aac_ctd,42
P25293,P37296,1,0.44622779304317817,0,one_unseen,mlp,aac_ctd,42
P32628,P42839,1,0.07013937257615878,0,one_unseen,mlp,aac_ctd,42
P10961,P89105,1,0.49246589493293913,0,one_unseen,mlp,aac_ctd,42
P36103,Q05785,1,0.805581852497068,1,one_unseen,mlp,aac_ctd,42
P38276,Q00816,1,0.7641458456538501,1,one_unseen,mlp,aac_ctd,42
P20438,Q06078,1,0.38080586153428225,0,one_unseen,mlp,aac_ctd,42
P27472,P38615,1,0.6407522814512187,1,one_unseen,mlp,aac_ctd,42
P39107,Q00578,1,0.5065035493839364,1,one_unseen,mlp,aac_ctd,42
P24279,Q06679,1,0.7099805605945593,1,one_unseen,mlp,aac_ctd,42
P17119,Q08746,1,0.9380153870223771,1,one_unseen,mlp,aac_ctd,42
O14455,P35056,1,0.1514646674185359,0,one_unseen,mlp,aac_ctd,42
Q12260,Q12265,1,0.679589834788681,1,one_unseen,mlp,aac_ctd,42
P25584,P32571,1,0.18444068878092482,0,one_unseen,mlp,aac_ctd,42
P31383,P38850,1,0.6242395714411897,1,one_unseen,mlp,aac_ctd,42
P17536,P38956,1,0.41364721871824117,0,one_unseen,mlp,aac_ctd,42
P40477,P47083,1,0.4749420336976181,0,one_unseen,mlp,aac_ctd,42
P09064,P41921,1,0.8403428827976464,1,one_unseen,mlp,aac_ctd,42
P40303,Q03532,1,0.2782442185497301,0,one_unseen,mlp,aac_ctd,42
P26793,P40095,1,0.7898574337866435,1,one_unseen,mlp,aac_ctd,42
P32354,Q07458,1,0.6557497180848659,1,one_unseen,mlp,aac_ctd,42
P30619,Q12473,1,0.32727048319802526,0,one_unseen,mlp,aac_ctd,42
P06242,Q03862,1,0.7980892115072391,1,one_unseen,mlp,aac_ctd,42
P09798,P39563,1,0.24046015068988302,0,one_unseen,mlp,aac_ctd,42
P05986,P53100,1,0.8450136755193105,1,one_unseen,mlp,aac_ctd,42
P40564,Q03899,1,0.19436451226178647,0,one_unseen,mlp,aac_ctd,42
P27705,P38873,1,0.6452254572787327,1,one_unseen,mlp,aac_ctd,42
P38193,P52919,1,0.4405306977830674,0,one_unseen,mlp,aac_ctd,42
P00359,Q04693,1,0.5596577844854018,1,one_unseen,mlp,aac_ctd,42
P47068,Q12449,1,0.7950683654827418,1,one_unseen,mlp,aac_ctd,42
P40473,P53599,1,0.7160330970901388,1,one_unseen,mlp,aac_ctd,42
P34164,P53924,1,0.7155415751283608,1,one_unseen,mlp,aac_ctd,42
P10592,P35688,1,0.5616015785319642,1,one_unseen,mlp,aac_ctd,42
O13539,P32502,1,0.46427378116320495,0,one_unseen,mlp,aac_ctd,42
P28791,P32264,1,0.9086138915841326,1,one_unseen,mlp,aac_ctd,42
P38960,Q12415,1,0.43759558119269165,0,one_unseen,mlp,aac_ctd,42
P40395,Q03898,1,0.42690991128610606,0,one_unseen,mlp,aac_ctd,42
P38862,P43638,1,0.687311915047291,1,one_unseen,mlp,aac_ctd,42
P34234,P47064,1,0.1648693144196661,0,one_unseen,mlp,aac_ctd,42
P33760,P47054,1,0.2943216733130348,0,one_unseen,mlp,aac_ctd,42
P38871,P47134,1,0.8600225674884737,1,one_unseen,mlp,aac_ctd,42
P36165,Q12176,1,0.4873931763066556,0,one_unseen,mlp,aac_ctd,42
P38853,P39715,1,0.3643341016342494,0,one_unseen,mlp,aac_ctd,42
P46655,Q08963,1,0.6594212359698062,1,one_unseen,mlp,aac_ctd,42
P32505,P36080,1,0.9026263948914145,1,one_unseen,mlp,aac_ctd,42
P38313,Q00816,1,0.8646398748925891,1,one_unseen,mlp,aac_ctd,42
P33313,P53049,1,0.5807376012666655,1,one_unseen,mlp,aac_ctd,42
P11709,P40483,1,0.47220871072061954,0,one_unseen,mlp,aac_ctd,42
P16140,Q04305,1,0.5687273562513897,1,one_unseen,mlp,aac_ctd,42
P05986,P38768,1,0.36831348393000596,0,one_unseen,mlp,aac_ctd,42
P12612,P89102,1,0.7473554745857233,1,one_unseen,mlp,aac_ctd,42
P26754,Q12495,1,0.32549121393453656,0,one_unseen,mlp,aac_ctd,42
P38334,Q04338,1,0.658693363998657,1,one_unseen,mlp,aac_ctd,42
P39904,P40574,1,0.658756372412637,1,one_unseen,mlp,aac_ctd,42
P09798,P13185,1,0.7367048381575426,1,one_unseen,mlp,aac_ctd,42
P28007,Q04048,1,0.06011232834217904,0,one_unseen,mlp,aac_ctd,42
P25342,P34160,1,0.3591097483361914,0,one_unseen,mlp,aac_ctd,42
P11484,Q06704,1,0.6718835332211628,1,one_unseen,mlp,aac_ctd,42
P15108,P35197,1,0.53444405009997,1,one_unseen,mlp,aac_ctd,42
P27895,P53978,1,0.735219024546697,1,one_unseen,mlp,aac_ctd,42
P34909,P39936,1,0.7118323806094811,1,one_unseen,mlp,aac_ctd,42
P39076,Q04087,1,0.508184842319809,1,one_unseen,mlp,aac_ctd,42
P15108,P26263,1,0.4041377310117645,0,one_unseen,mlp,aac_ctd,42
P17119,Q06408,1,0.6792348061566849,1,one_unseen,mlp,aac_ctd,42
P53125,Q08204,1,0.40291530819847066,0,one_unseen,mlp,aac_ctd,42
P36005,P53955,1,0.8116900903872833,1,one_unseen,mlp,aac_ctd,42
P16892,Q06704,1,0.8684435002843419,1,one_unseen,mlp,aac_ctd,42
P00812,Q12134,1,0.7640224138695897,1,one_unseen,mlp,aac_ctd,42
P36019,P53184,1,0.856400813785411,1,one_unseen,mlp,aac_ctd,42
P05318,P15436,1,0.4613290401527662,0,one_unseen,mlp,aac_ctd,42
P22216,Q12754,1,0.575634763439082,1,one_unseen,mlp,aac_ctd,42
P32773,Q06142,1,0.5458129189753652,1,one_unseen,mlp,aac_ctd,42
P53743,Q05900,1,0.8490761324503103,1,one_unseen,mlp,aac_ctd,42
P38219,P43574,1,0.7140130233082828,1,one_unseen,mlp,aac_ctd,42
P20449,P25655,1,0.6601241906997382,1,one_unseen,mlp,aac_ctd,42
P38427,Q12280,1,0.6534841556158845,1,one_unseen,mlp,aac_ctd,42
P38310,Q04493,1,0.4313038627908399,0,one_unseen,mlp,aac_ctd,42
P20434,P42841,1,0.7115881133436562,1,one_unseen,mlp,aac_ctd,42
P38871,Q03018,1,0.4909320937925187,0,one_unseen,mlp,aac_ctd,42
P50113,Q04031,1,0.8802209282302098,1,one_unseen,mlp,aac_ctd,42
P40563,P41800,1,0.2953055284942626,0,one_unseen,mlp,aac_ctd,42
P53604,Q07376,1,0.5597373600945064,1,one_unseen,mlp,aac_ctd,42
P39743,P40574,1,0.6151383725176125,1,one_unseen,mlp,aac_ctd,42
P24279,Q06549,1,0.7334618288398367,1,one_unseen,mlp,aac_ctd,42
P38863,P47176,1,0.259623494497771,0,one_unseen,mlp,aac_ctd,42
P21672,P43574,1,0.7176327335799266,1,one_unseen,mlp,aac_ctd,42
P36018,P53250,1,0.422195353963467,0,one_unseen,mlp,aac_ctd,42
P38737,P41940,1,0.71278843099541,1,one_unseen,mlp,aac_ctd,42
P32563,P36029,1,0.7321341047106987,1,one_unseen,mlp,aac_ctd,42
P33311,Q12518,1,0.4817423853819474,0,one_unseen,mlp,aac_ctd,42
P40988,P42073,1,0.5914848196321623,1,one_unseen,mlp,aac_ctd,42
P40014,P53877,1,0.5538905922091628,1,one_unseen,mlp,aac_ctd,42
P38217,Q08119,1,0.5036673960888378,1,one_unseen,mlp,aac_ctd,42
P10961,P32597,1,0.4058062335431128,0,one_unseen,mlp,aac_ctd,42
P10592,P33298,1,0.610487386031188,1,one_unseen,mlp,aac_ctd,42
P41813,P43565,1,0.6764119704042759,1,one_unseen,mlp,aac_ctd,42
P25453,P53437,1,0.3478436360583009,0,one_unseen,mlp,aac_ctd,42
P36019,P39990,1,0.08258808151957492,0,one_unseen,mlp,aac_ctd,42
P34234,Q08732,1,0.7101087227342275,1,one_unseen,mlp,aac_ctd,42
P39875,Q03406,1,0.673265767873929,1,one_unseen,mlp,aac_ctd,42
Q02884,Q03899,1,0.47571425314131827,0,one_unseen,mlp,aac_ctd,42
P24279,Q03220,1,0.797683745529976,1,one_unseen,mlp,aac_ctd,42
P38631,Q12100,1,0.7356625350274582,1,one_unseen,mlp,aac_ctd,42
P32485,Q12134,1,0.6782613121138853,1,one_unseen,mlp,aac_ctd,42
P07273,Q12149,1,0.7942967989118217,1,one_unseen,mlp,aac_ctd,42
P36094,P38705,1,0.6831589474238395,1,one_unseen,mlp,aac_ctd,42
P32849,P47134,1,0.6431121420816889,1,one_unseen,mlp,aac_ctd,42
P11745,P22202,1,0.5496157757444919,1,one_unseen,mlp,aac_ctd,42
P22336,P43616,1,0.4517676690072852,0,one_unseen,mlp,aac_ctd,42
Q04005,Q12469,1,0.6976599783185755,1,one_unseen,mlp,aac_ctd,42
P38737,P40018,1,0.400452854471793,0,one_unseen,mlp,aac_ctd,42
P19414,Q03899,1,0.6283395260720148,1,one_unseen,mlp,aac_ctd,42
P06839,Q12129,1,0.5122869604534571,1,one_unseen,mlp,aac_ctd,42
P00817,P12868,1,0.8922310473547663,1,one_unseen,mlp,aac_ctd,42
P32349,P53552,1,0.5705138696712173,1,one_unseen,mlp,aac_ctd,42
P40554,P53036,1,0.8800580210530513,1,one_unseen,mlp,aac_ctd,42
P53600,Q05024,1,0.5615170493090202,1,one_unseen,mlp,aac_ctd,42
P33420,P38011,1,0.6347483169014471,1,one_unseen,mlp,aac_ctd,42
P23059,P40468,1,0.4850350581713385,0,one_unseen,mlp,aac_ctd,42
P32588,P40960,1,0.37611601446162124,0,one_unseen,mlp,aac_ctd,42
Q04087,Q08949,1,0.46138758962073456,0,one_unseen,mlp,aac_ctd,42
P34253,P38863,1,0.5246348256933883,1,one_unseen,mlp,aac_ctd,42
Q04511,Q12264,1,0.013638948220638812,0,one_unseen,mlp,aac_ctd,42
P32610,Q05580,1,0.6646167487758923,1,one_unseen,mlp,aac_ctd,42
P18410,P53604,1,0.331641264347741,0,one_unseen,mlp,aac_ctd,42
P23642,P52593,1,0.774654733468231,1,one_unseen,mlp,aac_ctd,42
P15790,P50094,1,0.44913255890722037,0,one_unseen,mlp,aac_ctd,42
P38793,Q12277,1,0.5229157037214874,1,one_unseen,mlp,aac_ctd,42
P43616,P53886,1,0.589236821061956,1,one_unseen,mlp,aac_ctd,42
P53622,Q06142,1,0.4006660960578881,0,one_unseen,mlp,aac_ctd,42
P02829,P15646,1,0.17000833974650656,0,one_unseen,mlp,aac_ctd,42
P00830,Q12038,1,0.5598181887101414,1,one_unseen,mlp,aac_ctd,42
P33419,Q99181,1,0.4738772118099661,0,one_unseen,mlp,aac_ctd,42
P32864,P53048,1,0.40599986952412437,0,one_unseen,mlp,aac_ctd,42
P25615,P25655,1,0.4929219456850726,0,one_unseen,mlp,aac_ctd,42
P20424,Q07418,1,0.8691361896890566,1,one_unseen,mlp,aac_ctd,42
P38165,Q05785,1,0.7118524917819736,1,one_unseen,mlp,aac_ctd,42
Q00772,Q08902,1,0.014042089481107889,0,one_unseen,mlp,aac_ctd,42
P20459,P53081,1,0.814864008058332,1,one_unseen,mlp,aac_ctd,42
P38879,P53261,1,0.3178204330594989,0,one_unseen,mlp,aac_ctd,42
P00359,P52553,1,0.977611127730836,1,one_unseen,mlp,aac_ctd,42
P07251,P17119,1,0.2013418620910117,0,one_unseen,mlp,aac_ctd,42
P23644,Q00916,1,0.3933919375052334,0,one_unseen,mlp,aac_ctd,42
P32502,P53867,1,0.7785296442773836,1,one_unseen,mlp,aac_ctd,42
P14736,Q06160,1,0.6197175519300189,1,one_unseen,mlp,aac_ctd,42
P25451,P47068,1,0.5981090244468379,1,one_unseen,mlp,aac_ctd,42
P39563,Q08208,1,0.633297594201245,1,one_unseen,mlp,aac_ctd,42
P32527,Q08217,1,0.8225868009172652,1,one_unseen,mlp,aac_ctd,42
P38013,P47079,1,0.5517010622688204,1,one_unseen,mlp,aac_ctd,42
O14455,P36048,1,0.15258281281130184,0,one_unseen,mlp,aac_ctd,42
P10363,P23287,1,0.6611816156569688,1,one_unseen,mlp,aac_ctd,42
P40413,P40529,1,0.6835612121077178,1,one_unseen,mlp,aac_ctd,42
P20433,P46985,1,0.5366103195408848,1,one_unseen,mlp,aac_ctd,42
Q02100,Q08963,1,0.45061901283516986,0,one_unseen,mlp,aac_ctd,42
P36017,Q04004,1,0.8063611418040164,1,one_unseen,mlp,aac_ctd,42
P53894,Q08931,1,0.7993544624418207,1,one_unseen,mlp,aac_ctd,42
P26793,P38998,1,0.6258929908355603,1,one_unseen,mlp,aac_ctd,42
P25342,P47113,1,0.48500493900506375,0,one_unseen,mlp,aac_ctd,42
P39515,P53824,1,0.3314373210659037,0,one_unseen,mlp,aac_ctd,42
P40339,Q12505,1,0.47584353928134365,0,one_unseen,mlp,aac_ctd,42
P00445,P47134,1,0.4893531752397214,0,one_unseen,mlp,aac_ctd,42
P17536,P22141,1,0.8928625163498058,1,one_unseen,mlp,aac_ctd,42
P00724,P24004,1,0.17583129428183114,0,one_unseen,mlp,aac_ctd,42
P02829,P32481,1,0.7473083973944451,1,one_unseen,mlp,aac_ctd,42
P00830,P29366,1,0.5896586360314066,1,one_unseen,mlp,aac_ctd,42
P28707,Q12368,1,0.8238704098753685,1,one_unseen,mlp,aac_ctd,42
P38634,Q08446,1,0.3543438649166749,0,one_unseen,mlp,aac_ctd,42
P41277,P53250,1,0.20463166837505622,0,one_unseen,mlp,aac_ctd,42
P11978,Q08685,1,0.5433496293327594,1,one_unseen,mlp,aac_ctd,42
P05318,Q07528,1,0.1575800525292894,0,one_unseen,mlp,aac_ctd,42
P40187,P53115,1,0.7567435187435383,1,one_unseen,mlp,aac_ctd,42
P38723,Q12450,1,0.006102175819624895,0,one_unseen,mlp,aac_ctd,42
Q00362,Q12142,1,0.8040253894578299,1,one_unseen,mlp,aac_ctd,42
P00830,P35198,1,0.6326510403129452,1,one_unseen,mlp,aac_ctd,42
P36973,Q12527,1,0.48415148169877326,0,one_unseen,mlp,aac_ctd,42
P00817,P32786,1,0.8497601047337017,1,one_unseen,mlp,aac_ctd,42
P46680,Q03758,1,0.3962909292367641,0,one_unseen,mlp,aac_ctd,42
P20437,P40541,1,0.6125609372880577,1,one_unseen,mlp,aac_ctd,42
P18888,P52910,1,0.8543469779879254,1,one_unseen,mlp,aac_ctd,42
P15705,P40956,1,0.6465424678816031,1,one_unseen,mlp,aac_ctd,42
P04076,P40956,1,0.0481091157057725,0,one_unseen,mlp,aac_ctd,42
P38310,P48836,1,0.5225004958112687,1,one_unseen,mlp,aac_ctd,42
P00560,Q05775,1,0.8972515630686481,1,one_unseen,mlp,aac_ctd,42
P25655,Q12033,1,0.5324623309558021,1,one_unseen,mlp,aac_ctd,42
P40202,Q05610,1,0.7882375438444434,1,one_unseen,mlp,aac_ctd,42
P07991,P38990,1,0.7790476719350863,1,one_unseen,mlp,aac_ctd,42
P36118,P53604,1,0.4522203236741949,0,one_unseen,mlp,aac_ctd,42
P22213,Q04921,1,0.5866910835483656,1,one_unseen,mlp,aac_ctd,42
P25582,P40092,1,0.053002470651644804,0,one_unseen,mlp,aac_ctd,42
Q00684,Q05785,1,0.523930001350733,1,one_unseen,mlp,aac_ctd,42
P33399,P40303,1,0.12943776696275605,0,one_unseen,mlp,aac_ctd,42
P36027,P38130,1,0.17599536410507108,0,one_unseen,mlp,aac_ctd,42
P15442,Q02260,1,0.478696074144272,0,one_unseen,mlp,aac_ctd,42
P05318,P53163,1,0.266045575391348,0,one_unseen,mlp,aac_ctd,42
P36048,P53048,1,0.30881631169354157,0,one_unseen,mlp,aac_ctd,42
P25694,P53032,1,0.34821022743390023,0,one_unseen,mlp,aac_ctd,42
P47135,Q12055,1,0.8203817799977999,1,one_unseen,mlp,aac_ctd,42
P02829,Q06103,1,0.6484382830409735,1,one_unseen,mlp,aac_ctd,42
P38634,P53036,1,0.21678522819055643,0,one_unseen,mlp,aac_ctd,42
P17536,Q12285,1,0.6150029352806277,1,one_unseen,mlp,aac_ctd,42
P28707,P32917,1,0.8067916012921034,1,one_unseen,mlp,aac_ctd,42
P53171,P53299,1,0.1981662006721267,0,one_unseen,mlp,aac_ctd,42
P36029,P39107,1,0.5542580298372632,1,one_unseen,mlp,aac_ctd,42
P40186,P50086,1,0.5790060686302726,1,one_unseen,mlp,aac_ctd,42
P20433,P49955,1,0.5727542097921515,1,one_unseen,mlp,aac_ctd,42
P38856,P47122,1,0.7297560920695664,1,one_unseen,mlp,aac_ctd,42
P39013,P42073,1,0.9041066132657736,1,one_unseen,mlp,aac_ctd,42
Q00955,Q03010,1,0.6481531652011542,1,one_unseen,mlp,aac_ctd,42
P32345,P32794,1,0.7014007414319147,1,one_unseen,mlp,aac_ctd,42
P19657,P38996,1,0.6522409763133421,1,one_unseen,mlp,aac_ctd,42
P28795,P53290,1,0.7622319231998953,1,one_unseen,mlp,aac_ctd,42
P22517,Q12477,1,0.3072957859225203,0,one_unseen,mlp,aac_ctd,42
Q00816,Q05874,1,0.9063954206952846,1,one_unseen,mlp,aac_ctd,42
P05318,Q08581,1,0.3978182419791147,0,one_unseen,mlp,aac_ctd,42
P02400,Q06679,1,0.12414074032689931,0,one_unseen,mlp,aac_ctd,42
P40395,P53847,1,0.8006350987893163,1,one_unseen,mlp,aac_ctd,42
P40055,P53145,1,0.6230724309786707,1,one_unseen,mlp,aac_ctd,42
P19097,P53290,1,0.8324642852480779,1,one_unseen,mlp,aac_ctd,42
P22007,P38903,1,0.9313559606630566,1,one_unseen,mlp,aac_ctd,42
P30619,P40055,1,0.45495292897447814,0,one_unseen,mlp,aac_ctd,42
P39108,P52910,1,0.5941194652792937,1,one_unseen,mlp,aac_ctd,42
P33201,P36068,1,0.47621521004503015,0,one_unseen,mlp,aac_ctd,42
P27895,P32873,1,0.7532241498182796,1,one_unseen,mlp,aac_ctd,42
P32571,P43616,1,0.38222603866298394,0,one_unseen,mlp,aac_ctd,42
P25515,Q04439,1,0.43105009967332963,0,one_unseen,mlp,aac_ctd,42
P39682,P40316,1,0.13971540563838433,0,one_unseen,mlp,aac_ctd,42
P00359,Q06412,1,0.8639424674555086,1,one_unseen,mlp,aac_ctd,42
P39717,Q03071,1,0.6474140572181957,1,one_unseen,mlp,aac_ctd,42
P43619,P43638,1,0.8967158736830735,1,one_unseen,mlp,aac_ctd,42
P02400,P38837,1,0.18202464252248043,0,one_unseen,mlp,aac_ctd,42
P21576,P53743,1,0.6428258268662232,1,one_unseen,mlp,aac_ctd,42
P40013,Q03533,1,0.712817139831213,1,one_unseen,mlp,aac_ctd,42
P10869,P52286,1,0.7293501609227537,1,one_unseen,mlp,aac_ctd,42
P26793,P41808,1,0.5281531216270673,1,one_unseen,mlp,aac_ctd,42
Q02554,Q04087,1,0.6572525412329593,1,one_unseen,mlp,aac_ctd,42
P22213,P38748,1,0.550845131077586,1,one_unseen,mlp,aac_ctd,42
P14126,Q06406,1,0.8395320121749116,1,one_unseen,mlp,aac_ctd,42
P16658,P40462,1,0.6644752250461058,1,one_unseen,mlp,aac_ctd,42
P22213,P32491,1,0.6978105720346754,1,one_unseen,mlp,aac_ctd,42
P27636,P40960,1,0.5767387804709951,1,one_unseen,mlp,aac_ctd,42
P18961,P33311,1,0.8419977511467622,1,one_unseen,mlp,aac_ctd,42
P53974,Q04651,1,0.7121437316285391,1,one_unseen,mlp,aac_ctd,42
P32599,Q07418,1,0.8124310499551599,1,one_unseen,mlp,aac_ctd,42
P38850,P39563,1,0.1824063064796092,0,one_unseen,mlp,aac_ctd,42
P38208,P40960,1,0.5995569861135959,1,one_unseen,mlp,aac_ctd,42
P08566,P34164,1,0.6462039073958001,1,one_unseen,mlp,aac_ctd,42
P32325,Q00578,1,0.45334153562691304,0,one_unseen,mlp,aac_ctd,42
P47117,Q12513,1,0.6063301108655285,1,one_unseen,mlp,aac_ctd,42
P25605,P50086,1,0.5655237614126765,1,one_unseen,mlp,aac_ctd,42
P11709,Q12341,1,0.19259983394948849,0,one_unseen,mlp,aac_ctd,42
P30283,P39101,1,0.8941858578162359,1,one_unseen,mlp,aac_ctd,42
P20438,P39743,1,0.5763899413484709,1,one_unseen,mlp,aac_ctd,42
P06844,Q05775,1,0.925238320916751,1,one_unseen,mlp,aac_ctd,42
P38555,P39927,1,0.8084163936440789,1,one_unseen,mlp,aac_ctd,42
Q07887,Q12045,1,0.5522072278450544,1,one_unseen,mlp,aac_ctd,42
P20459,P53894,1,0.9655281416880576,1,one_unseen,mlp,aac_ctd,42
P41808,Q12045,1,0.8530198024058603,1,one_unseen,mlp,aac_ctd,42
P32599,P40095,1,0.7997700520137727,1,one_unseen,mlp,aac_ctd,42
P07834,P32864,1,0.6336259338081375,1,one_unseen,mlp,aac_ctd,42
P23255,P36120,1,0.3591982901321922,0,one_unseen,mlp,aac_ctd,42
Q06137,Q12255,1,0.23797861341277077,0,one_unseen,mlp,aac_ctd,42
P25655,Q03981,1,0.8899434587347765,1,one_unseen,mlp,aac_ctd,42
P25333,P31688,1,0.9211582152741522,1,one_unseen,mlp,aac_ctd,42
P50104,P50105,1,0.7667798321899183,1,one_unseen,mlp,aac_ctd,42
P28007,P39531,1,0.15606324006540997,0,one_unseen,mlp,aac_ctd,42
P30656,P40518,1,0.3815839216757756,0,one_unseen,mlp,aac_ctd,42
P25296,P36037,1,0.628905140077558,1,one_unseen,mlp,aac_ctd,42
P22517,P39718,1,0.5435168311638755,1,one_unseen,mlp,aac_ctd,42
P00431,P33303,1,0.5562900723598556,1,one_unseen,mlp,aac_ctd,42
P40092,Q02875,1,0.00926460052135527,0,one_unseen,mlp,aac_ctd,42
P09938,P53924,1,0.8039486984558323,1,one_unseen,mlp,aac_ctd,42
Q00816,Q06411,1,0.8320185360653644,1,one_unseen,mlp,aac_ctd,42
P16140,P23644,1,0.5074352529816679,1,one_unseen,mlp,aac_ctd,42
P53039,Q12300,1,0.12116300714065084,0,one_unseen,mlp,aac_ctd,42
P00830,P32263,1,0.7388723378002077,1,one_unseen,mlp,aac_ctd,42
P35190,P53277,1,0.722550966941679,1,one_unseen,mlp,aac_ctd,42
P21192,Q06451,1,0.3967809401530879,0,one_unseen,mlp,aac_ctd,42
P32366,P53941,1,0.26434122389590187,0,one_unseen,mlp,aac_ctd,42
Q03308,Q08119,1,0.3342548109391283,0,one_unseen,mlp,aac_ctd,42
P08524,P32505,1,0.7736538545441902,1,one_unseen,mlp,aac_ctd,42
P38266,P43638,1,0.8840341294072108,1,one_unseen,mlp,aac_ctd,42
P48525,P53540,1,0.5552277584249729,1,one_unseen,mlp,aac_ctd,42
P32570,P43132,1,0.0947308029642088,0,one_unseen,mlp,aac_ctd,42
P30665,P38863,1,0.602926026552079,1,one_unseen,mlp,aac_ctd,42
P10363,Q08732,1,0.4911904271216638,0,one_unseen,mlp,aac_ctd,42
P24279,Q04439,1,0.6059988321290991,1,one_unseen,mlp,aac_ctd,42
P32325,P40479,1,0.4312784040420732,0,one_unseen,mlp,aac_ctd,42
P38768,P40092,1,0.00924654036186804,0,one_unseen,mlp,aac_ctd,42
P40395,Q06549,1,0.290687411171489,0,one_unseen,mlp,aac_ctd,42
P33760,Q06263,1,0.5126281672719799,1,one_unseen,mlp,aac_ctd,42
Q03337,Q06160,1,0.5785887501553527,1,one_unseen,mlp,aac_ctd,42
P09624,P28007,1,0.14319831197572203,0,one_unseen,mlp,aac_ctd,42
P00044,Q04359,1,0.6308788633181597,1,one_unseen,mlp,aac_ctd,42
P39925,P40095,1,0.7729231004386589,1,one_unseen,mlp,aac_ctd,42
P40564,Q06160,1,0.6658876864696646,1,one_unseen,mlp,aac_ctd,42
Q02732,Q08465,1,0.9092782051088546,1,one_unseen,mlp,aac_ctd,42
P23301,P31382,1,0.5884596050642787,1,one_unseen,mlp,aac_ctd,42
P14907,P39682,1,0.31971402630292534,0,one_unseen,mlp,aac_ctd,42
P22147,P43569,1,0.8230083111285471,1,one_unseen,mlp,aac_ctd,42
P39743,Q12513,1,0.8266274980993887,1,one_unseen,mlp,aac_ctd,42
P39682,P40483,1,0.5238138242280667,1,one_unseen,mlp,aac_ctd,42
P36012,P52891,1,0.7529780196790425,1,one_unseen,mlp,aac_ctd,42
P14680,Q07688,1,0.36762290891065735,0,one_unseen,mlp,aac_ctd,42
P33419,P46675,1,0.8062764989900171,1,one_unseen,mlp,aac_ctd,42
P38716,P53281,1,0.6927352802208251,1,one_unseen,mlp,aac_ctd,42
P32854,P43574,1,0.6293370464315768,1,one_unseen,mlp,aac_ctd,42
O13563,P53049,1,0.4051488747041933,0,one_unseen,mlp,aac_ctd,42
P32794,P38287,1,0.5731744415099215,1,one_unseen,mlp,aac_ctd,42
P20438,P48239,1,0.6235325931759766,1,one_unseen,mlp,aac_ctd,42
P32607,Q12433,1,0.6824466467330033,1,one_unseen,mlp,aac_ctd,42
P27637,Q12411,1,0.7426441989967625,1,one_unseen,mlp,aac_ctd,42
P31374,P47068,1,0.840820372558135,1,one_unseen,mlp,aac_ctd,42
P22203,P22543,1,0.5617753241280827,1,one_unseen,mlp,aac_ctd,42
P41805,Q12020,1,0.46187739823642954,0,one_unseen,mlp,aac_ctd,42
P38319,Q12060,1,0.6319335089692998,1,one_unseen,mlp,aac_ctd,42
P36068,P40339,1,0.44471497442587216,0,one_unseen,mlp,aac_ctd,42
P32832,P53959,1,0.5352641241699749,1,one_unseen,mlp,aac_ctd,42
Q04305,Q05900,1,0.47716187546559424,0,one_unseen,mlp,aac_ctd,42
P32495,Q08558,1,0.8153564433717225,1,one_unseen,mlp,aac_ctd,42
P06244,P36085,1,0.6848035994433191,1,one_unseen,mlp,aac_ctd,42
P32588,Q12469,1,0.24673787145031903,0,one_unseen,mlp,aac_ctd,42
P25584,P33891,1,0.19423628550407962,0,one_unseen,mlp,aac_ctd,42
P50946,P53152,1,0.4009630286276958,0,one_unseen,mlp,aac_ctd,42
P32502,P47019,1,0.6792871130961078,1,one_unseen,mlp,aac_ctd,42
P30902,Q03900,1,0.4792161061698994,0,one_unseen,mlp,aac_ctd,42
P38310,Q03162,1,0.2851570615913367,0,one_unseen,mlp,aac_ctd,42
P07834,Q08732,1,0.6622525213190992,1,one_unseen,mlp,aac_ctd,42
P32598,Q07887,1,0.3397249928044269,0,one_unseen,mlp,aac_ctd,42
P25342,P32773,1,0.29109672171914125,0,one_unseen,mlp,aac_ctd,42
P40462,P40483,1,0.531849750149085,1,one_unseen,mlp,aac_ctd,42
P53924,Q02866,1,0.8426760670615718,1,one_unseen,mlp,aac_ctd,42
P38810,Q12277,1,0.26653626586247514,0,one_unseen,mlp,aac_ctd,42
P54885,Q03956,1,0.7559220466965181,1,one_unseen,mlp,aac_ctd,42
P38352,P53754,1,0.47771401140371483,0,one_unseen,mlp,aac_ctd,42
P53145,Q03654,1,0.6736909803470542,1,one_unseen,mlp,aac_ctd,42
P12753,Q05785,1,0.907615406867423,1,one_unseen,mlp,aac_ctd,42
P07149,P07258,1,0.6027068808074407,1,one_unseen,mlp,aac_ctd,42
Q05933,Q06549,1,0.28844154856440557,0,one_unseen,mlp,aac_ctd,42
P32364,P38276,1,0.7685287037167073,1,one_unseen,mlp,aac_ctd,42
Q03785,Q08732,1,0.6724665851300675,1,one_unseen,mlp,aac_ctd,42
P32642,Q99299,1,0.27222525254497065,0,one_unseen,mlp,aac_ctd,42
P11433,P80667,1,0.4196624717411094,0,one_unseen,mlp,aac_ctd,42
P39107,Q02804,1,0.30446081742003434,0,one_unseen,mlp,aac_ctd,42
P10592,P25491,1,0.4247594326156885,0,one_unseen,mlp,aac_ctd,42
P16892,P53043,1,0.6649792033182286,1,one_unseen,mlp,aac_ctd,42
P06243,P47104,1,0.6654592008153222,1,one_unseen,mlp,aac_ctd,42
P38713,P50086,1,0.7541768832478078,1,one_unseen,mlp,aac_ctd,42
P40515,Q12163,1,0.5148190746136092,1,one_unseen,mlp,aac_ctd,42
P23394,P46655,1,0.8524162531427515,1,one_unseen,mlp,aac_ctd,42
P36068,Q12477,1,0.7283901007031234,1,one_unseen,mlp,aac_ctd,42
P25515,P47150,1,0.20965998724138718,0,one_unseen,mlp,aac_ctd,42
P43321,P43574,1,0.849594215846771,1,one_unseen,mlp,aac_ctd,42
P38766,P43563,1,0.368075649936576,0,one_unseen,mlp,aac_ctd,42
P40565,Q12168,1,0.25602078268752965,0,one_unseen,mlp,aac_ctd,42
P24004,P39703,1,0.23480582667625002,0,one_unseen,mlp,aac_ctd,42
P32571,Q12427,1,0.7845870345933267,1,one_unseen,mlp,aac_ctd,42
P32908,Q08387,1,0.6498287696667873,1,one_unseen,mlp,aac_ctd,42
P22517,Q12347,1,0.5617918849600297,1,one_unseen,mlp,aac_ctd,42
P00958,P02829,1,0.479922820421066,0,one_unseen,mlp,aac_ctd,42
P53093,P53344,1,0.028384837242726915,0,one_unseen,mlp,aac_ctd,42
P35172,P40013,1,0.6566100328110491,1,one_unseen,mlp,aac_ctd,42
P38298,P39996,1,0.5311995473038561,1,one_unseen,mlp,aac_ctd,42
P38720,P52910,1,0.6681985821790535,1,one_unseen,mlp,aac_ctd,42
P40103,P54885,1,0.46204368452304556,0,one_unseen,mlp,aac_ctd,42
P32074,P38990,1,0.7489747833713043,1,one_unseen,mlp,aac_ctd,42
P21182,P49435,1,0.4292083868600436,0,one_unseen,mlp,aac_ctd,42
P32324,P36029,1,0.438159321516088,0,one_unseen,mlp,aac_ctd,42
P52286,Q04067,1,0.8456638617164337,1,one_unseen,mlp,aac_ctd,42
P53152,Q08144,1,0.39214474269706695,0,one_unseen,mlp,aac_ctd,42
P53290,Q04062,1,0.5048663132946508,1,one_unseen,mlp,aac_ctd,42
P41920,P48240,1,0.9515436557505017,1,one_unseen,mlp,aac_ctd,42
P40963,Q08217,1,0.614394938101248,1,one_unseen,mlp,aac_ctd,42
P38232,Q06449,1,0.20464196636104234,0,one_unseen,mlp,aac_ctd,42
P21192,P32495,1,0.8958619456906978,1,one_unseen,mlp,aac_ctd,42
Q02884,Q06160,1,0.7785716770658759,1,one_unseen,mlp,aac_ctd,42
P38316,P40064,1,0.5918519536954827,1,one_unseen,mlp,aac_ctd,42
P41800,P50086,1,0.7763484813796132,1,one_unseen,mlp,aac_ctd,42
P23394,Q12044,1,0.6351117271514396,1,one_unseen,mlp,aac_ctd,42
P18962,P38862,1,0.8622510147212783,1,one_unseen,mlp,aac_ctd,42
P38319,Q06677,1,0.5597377347744028,1,one_unseen,mlp,aac_ctd,42
P52910,Q04062,1,0.48811468309631684,0,one_unseen,mlp,aac_ctd,42
P32657,Q12030,1,0.7182227711313275,1,one_unseen,mlp,aac_ctd,42
Q12100,Q12236,1,0.9371522601437435,1,one_unseen,mlp,aac_ctd,42
P38990,Q06216,1,0.5670057775728594,1,one_unseen,mlp,aac_ctd,42
P13185,P46985,1,0.46651133438455145,0,one_unseen,mlp,aac_ctd,42
P18410,P39715,1,0.6931219436478174,1,one_unseen,mlp,aac_ctd,42
P38863,Q08746,1,0.7290531519217207,1,one_unseen,mlp,aac_ctd,42
P07261,P50104,1,0.4888893084533698,0,one_unseen,mlp,aac_ctd,42
P00560,P53754,1,0.9092143631377415,1,one_unseen,mlp,aac_ctd,42
P33331,P50278,1,0.2491394730816636,0,one_unseen,mlp,aac_ctd,42
P22224,P39929,1,0.9085225514441555,1,one_unseen,mlp,aac_ctd,42
P53754,Q04217,1,0.7716790636598319,1,one_unseen,mlp,aac_ctd,42
P32527,P36139,1,0.5721787899846221,1,one_unseen,mlp,aac_ctd,42
P38011,P40036,1,0.6326928989326762,1,one_unseen,mlp,aac_ctd,42
P25655,P36012,1,0.5605466329545968,1,one_unseen,mlp,aac_ctd,42
P38291,P53731,1,0.010769774993383975,0,one_unseen,mlp,aac_ctd,42
Q01684,Q08278,1,0.2929438875979724,0,one_unseen,mlp,aac_ctd,42
P15646,P40103,1,0.10803187017456216,0,one_unseen,mlp,aac_ctd,42
P36010,Q06177,1,0.05108797882854866,0,one_unseen,mlp,aac_ctd,42
P41807,P53185,1,0.7108812877822424,1,one_unseen,mlp,aac_ctd,42
P25719,Q08963,1,0.14989822926799687,0,one_unseen,mlp,aac_ctd,42
P28004,Q08773,1,0.687587686157359,1,one_unseen,mlp,aac_ctd,42
P25344,P50111,1,0.7188908171664966,1,one_unseen,mlp,aac_ctd,42
P43616,P46655,1,0.5706447496498865,1,one_unseen,mlp,aac_ctd,42
P33760,P38329,1,0.531753333938145,1,one_unseen,mlp,aac_ctd,42
P09624,Q00916,1,0.6550937064790668,1,one_unseen,mlp,aac_ctd,42
P36131,Q04087,1,0.4296230078427181,0,one_unseen,mlp,aac_ctd,42
P37012,P53604,1,0.4166689786234628,0,one_unseen,mlp,aac_ctd,42
P10363,P25615,1,0.7867564451543289,1,one_unseen,mlp,aac_ctd,42
P33891,P38634,1,0.17406239583503255,0,one_unseen,mlp,aac_ctd,42
P38823,P40963,1,0.6164837710777353,1,one_unseen,mlp,aac_ctd,42
P28743,Q05933,1,0.5444923185197122,1,one_unseen,mlp,aac_ctd,42
P04456,Q12754,1,0.6385938350428971,1,one_unseen,mlp,aac_ctd,42
P39742,Q03899,1,0.43576019737426663,0,one_unseen,mlp,aac_ctd,42
P38193,Q01389,1,0.4375388654871649,0,one_unseen,mlp,aac_ctd,42
P39935,Q12280,1,0.5262835947244064,1,one_unseen,mlp,aac_ctd,42
P33311,P39079,1,0.6958465925007333,1,one_unseen,mlp,aac_ctd,42
P11709,P53159,1,0.3662712147457168,0,one_unseen,mlp,aac_ctd,42
P07213,P38957,1,0.6555398012885425,1,one_unseen,mlp,aac_ctd,42
P38623,P38716,1,0.4568392073722763,0,one_unseen,mlp,aac_ctd,42
P40061,P47011,1,0.6737785351877265,1,one_unseen,mlp,aac_ctd,42
P43321,Q12390,1,0.3449724557702272,0,one_unseen,mlp,aac_ctd,42
P25567,P39935,1,0.7639612106574126,1,one_unseen,mlp,aac_ctd,42
P25343,P25584,1,0.116906140685801,0,one_unseen,mlp,aac_ctd,42
P23293,P23642,1,0.7585662975306752,1,one_unseen,mlp,aac_ctd,42
P02994,P38726,1,0.043705954018336504,0,one_unseen,mlp,aac_ctd,42
P15442,P46963,1,0.37048504121704934,0,one_unseen,mlp,aac_ctd,42
P38203,P48566,1,0.30532919365975947,0,one_unseen,mlp,aac_ctd,42
P32336,P53221,1,0.7054651196417616,1,one_unseen,mlp,aac_ctd,42
P40468,Q12420,1,0.45565230627066255,0,one_unseen,mlp,aac_ctd,42
P00331,P39944,1,0.7549042944388977,1,one_unseen,mlp,aac_ctd,42
P18410,P53152,1,0.1706987453793905,0,one_unseen,mlp,aac_ctd,42
P26570,P38932,1,0.961907736465612,1,one_unseen,mlp,aac_ctd,42
P38637,P39936,1,0.536560050237952,1,one_unseen,mlp,aac_ctd,42
P20459,P33892,1,0.8804543632597642,1,one_unseen,mlp,aac_ctd,42
P40956,Q04272,1,0.925776139234645,1,one_unseen,mlp,aac_ctd,42
P11938,P46985,1,0.46723207094451064,0,one_unseen,mlp,aac_ctd,42
Q06549,Q07887,1,0.17547445297810702,0,one_unseen,mlp,aac_ctd,42
Q12055,Q12344,1,0.7820049458289124,1,one_unseen,mlp,aac_ctd,42
P00359,P41814,1,0.6830752668583927,1,one_unseen,mlp,aac_ctd,42
P23724,Q12265,1,0.5777572110669508,1,one_unseen,mlp,aac_ctd,42
P17536,P47083,1,0.9158205622318013,1,one_unseen,mlp,aac_ctd,42
P40003,P40477,1,0.5028903636827439,1,one_unseen,mlp,aac_ctd,42
P19145,P25655,1,0.3825403648264122,0,one_unseen,mlp,aac_ctd,42
P10566,P28239,1,0.15224700487638518,0,one_unseen,mlp,aac_ctd,42
P15790,P36124,1,0.4495078027070444,0,one_unseen,mlp,aac_ctd,42
P38990,Q02199,1,0.9147234898145591,1,one_unseen,mlp,aac_ctd,42
P38889,Q06160,1,0.5352092799884616,1,one_unseen,mlp,aac_ctd,42
P31382,P34253,1,0.5297632945414177,1,one_unseen,mlp,aac_ctd,42
P18962,P32801,1,0.7719454413223257,1,one_unseen,mlp,aac_ctd,42
P39927,Q07442,1,0.3862182619240126,0,one_unseen,mlp,aac_ctd,42
P36118,Q12151,1,0.5840742397652767,1,one_unseen,mlp,aac_ctd,42
P53131,Q04673,1,0.7120354293037379,1,one_unseen,mlp,aac_ctd,42
P33891,P38737,1,0.6353904382178795,1,one_unseen,mlp,aac_ctd,42
P06100,P28791,1,0.5558914570141896,1,one_unseen,mlp,aac_ctd,42
P32854,Q05900,1,0.5185032354824757,1,one_unseen,mlp,aac_ctd,42
P30902,P38200,1,0.80394742522266,1,one_unseen,mlp,aac_ctd,42
P18851,P53290,1,0.7374611872941725,1,one_unseen,mlp,aac_ctd,42
P40413,Q02197,1,0.37072613258992937,0,one_unseen,mlp,aac_ctd,42
P15790,P46672,1,0.7437627714555941,1,one_unseen,mlp,aac_ctd,42
P40151,Q03323,1,0.9073141786343358,1,one_unseen,mlp,aac_ctd,42
P39958,P53129,1,0.5509215194901864,1,one_unseen,mlp,aac_ctd,42
P15108,Q03792,1,0.4991602432815339,0,one_unseen,mlp,aac_ctd,42
P38716,P39998,1,0.7827104081173928,1,one_unseen,mlp,aac_ctd,42
Q00916,Q07786,1,0.7627072091330196,1,one_unseen,mlp,aac_ctd,42
P39960,Q12276,1,0.6487571226424794,1,one_unseen,mlp,aac_ctd,42
O14455,P41911,1,0.1158691354483233,0,one_unseen,mlp,aac_ctd,42
P25343,P47104,1,0.7305005532107816,1,one_unseen,mlp,aac_ctd,42
P49435,Q07623,1,0.9465072752817681,1,one_unseen,mlp,aac_ctd,42
P38853,Q12427,1,0.6932917618446826,1,one_unseen,mlp,aac_ctd,42
P43638,Q03981,1,0.7469561106526607,1,one_unseen,mlp,aac_ctd,42
P48234,Q06554,1,0.3749044847821841,0,one_unseen,mlp,aac_ctd,42
P38889,Q12267,1,0.5354968624150593,1,one_unseen,mlp,aac_ctd,42
Q05775,Q99189,1,0.5686391938998151,1,one_unseen,mlp,aac_ctd,42
P22213,P32582,1,0.7244411192603821,1,one_unseen,mlp,aac_ctd,42
P32074,P40395,1,0.6116352491551986,1,one_unseen,mlp,aac_ctd,42
Q12098,Q12417,1,0.8558957838505078,1,one_unseen,mlp,aac_ctd,42
P18962,P38922,1,0.9001535737857098,1,one_unseen,mlp,aac_ctd,42
P38156,Q12402,1,0.6469509389637246,1,one_unseen,mlp,aac_ctd,42
P36010,P38219,1,0.7726323334242984,1,one_unseen,mlp,aac_ctd,42
P48239,P53086,1,0.7138476509091493,1,one_unseen,mlp,aac_ctd,42
P50105,Q08387,1,0.6732981896321663,1,one_unseen,mlp,aac_ctd,42
P53974,Q12078,1,0.5806320324438792,1,one_unseen,mlp,aac_ctd,42
P07834,P52919,1,0.6731793603234143,1,one_unseen,mlp,aac_ctd,42
P36130,P41834,1,0.8917228710472271,1,one_unseen,mlp,aac_ctd,42
Q07418,Q08245,1,0.8425061433712974,1,one_unseen,mlp,aac_ctd,42
P14747,Q06479,1,0.476065426148748,0,one_unseen,mlp,aac_ctd,42
P39077,P47079,1,0.8233868231465642,1,one_unseen,mlp,aac_ctd,42
P38132,Q08963,1,0.5331313716492725,1,one_unseen,mlp,aac_ctd,42
P35497,P36019,1,0.8453320855654148,1,one_unseen,mlp,aac_ctd,42
P06242,Q12446,1,0.9083656916922535,1,one_unseen,mlp,aac_ctd,42
P36120,Q12157,1,0.6634757000650378,1,one_unseen,mlp,aac_ctd,42
Q08746,Q99176,1,0.5913753509247129,1,one_unseen,mlp,aac_ctd,42
P25441,P32558,1,0.6190760875138812,1,one_unseen,mlp,aac_ctd,42
P36085,P39940,1,0.6495077437955294,1,one_unseen,mlp,aac_ctd,42
P15891,P39998,1,0.805894972806734,1,one_unseen,mlp,aac_ctd,42
P23255,P38867,1,0.6672528266811024,1,one_unseen,mlp,aac_ctd,42
P32602,Q03338,1,0.3858153170759711,0,one_unseen,mlp,aac_ctd,42
P32505,Q08949,1,0.7711675611264264,1,one_unseen,mlp,aac_ctd,42
P53145,Q04264,1,0.5787309454417169,1,one_unseen,mlp,aac_ctd,42
P17536,P32911,1,0.2258535453985216,0,one_unseen,mlp,aac_ctd,42
P07347,P24870,1,0.5102595498759591,1,one_unseen,mlp,aac_ctd,42
P39979,Q12168,1,0.5881577297598393,1,one_unseen,mlp,aac_ctd,42
P13185,P32337,1,0.7878740227336526,1,one_unseen,mlp,aac_ctd,42
P32356,Q12277,1,0.7911325650967503,1,one_unseen,mlp,aac_ctd,42
Q05471,Q12315,1,0.7016553829691647,1,one_unseen,mlp,aac_ctd,42
P43569,Q12449,1,0.8489521073716144,1,one_unseen,mlp,aac_ctd,42
P32327,Q04377,1,0.8924060013566123,1,one_unseen,mlp,aac_ctd,42
P43638,Q07844,1,0.689746359805114,1,one_unseen,mlp,aac_ctd,42
P53129,Q02199,1,0.7299613961853011,1,one_unseen,mlp,aac_ctd,42
P28495,P39946,1,0.5626166217965829,1,one_unseen,mlp,aac_ctd,42
P10869,P22202,1,0.6210056249168912,1,one_unseen,mlp,aac_ctd,42
Q08285,Q12220,1,0.14665182624625808,0,one_unseen,mlp,aac_ctd,42
P13434,P25453,1,0.433565987329548,0,one_unseen,mlp,aac_ctd,42
P16892,P17629,1,0.45038850785896145,0,one_unseen,mlp,aac_ctd,42
P38998,P40091,1,0.7082164188726898,1,one_unseen,mlp,aac_ctd,42
P41807,Q08951,1,0.6935612637637967,1,one_unseen,mlp,aac_ctd,42
P23644,P38011,1,0.6749374398997005,1,one_unseen,mlp,aac_ctd,42
P47104,Q03654,1,0.663413631578117,1,one_unseen,mlp,aac_ctd,42
P32835,P39944,1,0.5975324005832682,1,one_unseen,mlp,aac_ctd,42
P17536,P53281,1,0.9697675513922335,1,one_unseen,mlp,aac_ctd,42
P23287,P36130,1,0.6873787515474898,1,one_unseen,mlp,aac_ctd,42
P80667,Q08229,1,0.26056837385274917,0,one_unseen,mlp,aac_ctd,42
P30657,Q05958,1,0.7136778552853079,1,one_unseen,mlp,aac_ctd,42
P10592,Q02354,1,0.47437008225250066,0,one_unseen,mlp,aac_ctd,42
P32563,P39960,1,0.7231616335645505,1,one_unseen,mlp,aac_ctd,42
P38286,Q05787,1,0.2378262176449703,0,one_unseen,mlp,aac_ctd,42
Q07623,Q12098,1,0.9210437033562621,1,one_unseen,mlp,aac_ctd,42
P35688,Q06604,1,0.5731906951509091,1,one_unseen,mlp,aac_ctd,42
Q01939,Q03048,1,0.4614467605555658,0,one_unseen,mlp,aac_ctd,42
P40963,Q07915,1,0.3010120953177771,0,one_unseen,mlp,aac_ctd,42
P33750,P53150,1,0.34981586460377684,0,one_unseen,mlp,aac_ctd,42
P35207,P52919,1,0.7475380887736149,1,one_unseen,mlp,aac_ctd,42
P15108,Q12330,1,0.4490058186360244,0,one_unseen,mlp,aac_ctd,42
P06242,P38208,1,0.954932687169654,1,one_unseen,mlp,aac_ctd,42
P53604,Q04175,1,0.2861137039485604,0,one_unseen,mlp,aac_ctd,42
P35207,P47113,1,0.723576150080987,1,one_unseen,mlp,aac_ctd,42
P21192,P38904,1,0.8854886523005112,1,one_unseen,mlp,aac_ctd,42
P10622,P34758,1,0.37719793256642326,0,one_unseen,mlp,aac_ctd,42
P06100,Q12420,1,0.3641859829233491,0,one_unseen,mlp,aac_ctd,42
P07560,Q12427,1,0.38461105443051724,0,one_unseen,mlp,aac_ctd,42
P32855,P38149,1,0.5268722831384595,1,one_unseen,mlp,aac_ctd,42
P20438,Q02931,1,0.6008100593689742,1,one_unseen,mlp,aac_ctd,42
P15442,P39083,1,0.6033050375701627,1,one_unseen,mlp,aac_ctd,42
P24783,P80667,1,0.8348370945428452,1,one_unseen,mlp,aac_ctd,42
P32074,P53136,1,0.6068991422555181,1,one_unseen,mlp,aac_ctd,42
P36012,Q12055,1,0.42623013913744096,0,one_unseen,mlp,aac_ctd,42
P22007,P33297,1,0.5675619343912598,1,one_unseen,mlp,aac_ctd,42
Q05166,Q06651,1,0.7100288852801729,1,one_unseen,mlp,aac_ctd,42
P33760,Q12377,1,0.41642391117055927,0,one_unseen,mlp,aac_ctd,42
P09064,Q02256,1,0.6162716692436555,1,one_unseen,mlp,aac_ctd,42
P38786,P38990,1,0.5074677053175977,1,one_unseen,mlp,aac_ctd,42
P35197,P47045,1,0.43103632120503016,0,one_unseen,mlp,aac_ctd,42
P32915,Q03691,1,0.15729011976108218,0,one_unseen,mlp,aac_ctd,42
P06839,P52286,1,0.5283667718673968,1,one_unseen,mlp,aac_ctd,42
P23059,P53965,1,0.4556857679099095,0,one_unseen,mlp,aac_ctd,42
P25649,P40362,1,0.5182725672249772,1,one_unseen,mlp,aac_ctd,42
P53271,Q04368,1,0.7993384944463051,1,one_unseen,mlp,aac_ctd,42
P11710,P32319,1,0.10178620604872571,0,one_unseen,mlp,aac_ctd,42
P06100,P23059,1,0.08107547504589474,0,one_unseen,mlp,aac_ctd,42
P36017,P40069,1,0.7907956013492329,1,one_unseen,mlp,aac_ctd,42
P05986,Q06177,1,0.3005538824097762,0,one_unseen,mlp,aac_ctd,42
P38723,Q08193,1,0.37641398093546885,0,one_unseen,mlp,aac_ctd,42
Q03619,Q04978,1,0.8014563353364655,1,one_unseen,mlp,aac_ctd,42
P38013,Q04377,1,0.2307947898813652,0,one_unseen,mlp,aac_ctd,42
P22213,Q06708,1,0.6026367581381135,1,one_unseen,mlp,aac_ctd,42
P34217,P39935,1,0.7517808635723422,1,one_unseen,mlp,aac_ctd,42
P23394,P43568,1,0.39427559489224606,0,one_unseen,mlp,aac_ctd,42
P39946,Q00578,1,0.6161107355044382,1,one_unseen,mlp,aac_ctd,42
P36130,Q06340,1,0.6884857888618748,1,one_unseen,mlp,aac_ctd,42
P39563,Q08729,1,0.2996677435078867,0,one_unseen,mlp,aac_ctd,42
P07347,P14747,1,0.46211616656709886,0,one_unseen,mlp,aac_ctd,42
P28007,P40339,1,0.19765625615591934,0,one_unseen,mlp,aac_ctd,42
P00830,P38623,1,0.6836915096883646,1,one_unseen,mlp,aac_ctd,42
P34253,P40095,1,0.7539664521338267,1,one_unseen,mlp,aac_ctd,42
P15790,P50275,1,0.4315124441317095,0,one_unseen,mlp,aac_ctd,42
P04147,P33338,1,0.5762552343701162,1,one_unseen,mlp,aac_ctd,42
P40018,Q00245,1,0.6456232094959278,1,one_unseen,mlp,aac_ctd,42
P32524,Q06479,1,0.6141620285108641,1,one_unseen,mlp,aac_ctd,42
P32328,Q12452,1,0.5098611113655381,1,one_unseen,mlp,aac_ctd,42
P25575,P27895,1,0.15021437174495378,0,one_unseen,mlp,aac_ctd,42
P24868,P27472,1,0.8006729193949161,1,one_unseen,mlp,aac_ctd,42
Q02629,Q05024,1,0.280935098462756,0,one_unseen,mlp,aac_ctd,42
P32502,P38555,1,0.8790460543126791,1,one_unseen,mlp,aac_ctd,42
P36029,P39742,1,0.5367355874530737,1,one_unseen,mlp,aac_ctd,42
P25604,Q04894,1,0.5443239454625914,1,one_unseen,mlp,aac_ctd,42
P38996,Q12241,1,0.934065438378188,1,one_unseen,mlp,aac_ctd,42
P38792,Q00916,1,0.6106814527628336,1,one_unseen,mlp,aac_ctd,42
P40563,P47122,1,0.7618005563906876,1,one_unseen,mlp,aac_ctd,42
P02400,Q02196,1,0.119797306165481,0,one_unseen,mlp,aac_ctd,42
Q00416,Q06169,1,0.3517826348348641,0,one_unseen,mlp,aac_ctd,42
Q07963,Q08119,1,0.4410983609253845,0,one_unseen,mlp,aac_ctd,42
P39960,Q08732,1,0.8345748016794533,1,one_unseen,mlp,aac_ctd,42
P32914,P50874,1,0.21039344677367386,0,one_unseen,mlp,aac_ctd,42
P52488,P53211,1,0.608897406165807,1,one_unseen,mlp,aac_ctd,42
P39960,P53540,1,0.7579357683424142,1,one_unseen,mlp,aac_ctd,42
P40186,Q08601,1,0.7113179076022769,1,one_unseen,mlp,aac_ctd,42
P40512,Q08444,1,0.5031944363169956,1,one_unseen,mlp,aac_ctd,42
P30619,Q03503,1,0.6358697827290235,1,one_unseen,mlp,aac_ctd,42
P09734,P21192,1,0.9234144084553905,1,one_unseen,mlp,aac_ctd,42
Q12390,Q99385,1,0.5068139951040233,1,one_unseen,mlp,aac_ctd,42
P41800,P53032,1,0.3013264384488864,0,one_unseen,mlp,aac_ctd,42
P27692,P40456,1,0.17155337692565428,0,one_unseen,mlp,aac_ctd,42
P07262,P27472,1,0.7554260388911685,1,one_unseen,mlp,aac_ctd,42
P06242,P53600,1,0.8430547610426938,1,one_unseen,mlp,aac_ctd,42
P36130,Q04660,1,0.7056581453828301,1,one_unseen,mlp,aac_ctd,42
P10659,Q04031,1,0.9304616161324838,1,one_unseen,mlp,aac_ctd,42
P38748,Q12427,1,0.6307180008041039,1,one_unseen,mlp,aac_ctd,42
P32528,P38555,1,0.9230017409968907,1,one_unseen,mlp,aac_ctd,42
P51996,Q04338,1,0.3074847418276895,0,one_unseen,mlp,aac_ctd,42
P06787,P07347,1,0.17830528700974305,0,one_unseen,mlp,aac_ctd,42
P25369,P48415,1,0.6606866175032782,1,one_unseen,mlp,aac_ctd,42
P07251,P40066,1,0.2252308356992401,0,one_unseen,mlp,aac_ctd,42
P16467,P38874,1,0.6239100494465379,1,one_unseen,mlp,aac_ctd,42
P22203,P38276,1,0.392084868419944,0,one_unseen,mlp,aac_ctd,42
P25558,P40574,1,0.6102797999460502,1,one_unseen,mlp,aac_ctd,42
P38879,P41816,1,0.7228421252015428,1,one_unseen,mlp,aac_ctd,42
P22204,P40963,1,0.4861546381491428,0,one_unseen,mlp,aac_ctd,42
P25604,Q03782,1,0.3273246971771956,0,one_unseen,mlp,aac_ctd,42
P36130,P40055,1,0.8587214437718045,1,one_unseen,mlp,aac_ctd,42
P38291,Q04053,1,0.17091884008232935,0,one_unseen,mlp,aac_ctd,42
P20437,P39960,1,0.7052014136722359,1,one_unseen,mlp,aac_ctd,42
P25341,P38785,1,0.7629251910726067,1,one_unseen,mlp,aac_ctd,42
P32364,P53011,1,0.5045358991585998,1,one_unseen,mlp,aac_ctd,42
P22213,P38636,1,0.6280558398497597,1,one_unseen,mlp,aac_ctd,42
P32561,Q00618,1,0.14714863048982843,0,one_unseen,mlp,aac_ctd,42
P43535,Q12264,1,0.0063213985425146415,0,one_unseen,mlp,aac_ctd,42
P40395,P54860,1,0.6767763839119276,1,one_unseen,mlp,aac_ctd,42
Q03503,Q12264,1,0.020007957323391647,0,one_unseen,mlp,aac_ctd,42
P30619,P32796,1,0.6754427503969599,1,one_unseen,mlp,aac_ctd,42
P22213,P42843,1,0.5129285225459099,1,one_unseen,mlp,aac_ctd,42
P00830,P17629,1,0.432394077161619,0,one_unseen,mlp,aac_ctd,42
P38998,Q12306,1,0.49485709676064826,0,one_unseen,mlp,aac_ctd,42
P37370,P38634,1,0.6034782526449703,1,one_unseen,mlp,aac_ctd,42
P43639,Q04199,1,0.8235103677528391,1,one_unseen,mlp,aac_ctd,42
P32602,P40494,1,0.5489375819261217,1,one_unseen,mlp,aac_ctd,42
P49166,Q06651,1,0.9819673007260243,1,one_unseen,mlp,aac_ctd,42
O13530,Q03860,1,0.0029287142826010712,0,one_unseen,mlp,aac_ctd,42
P89102,Q12021,1,0.8015442601745477,1,one_unseen,mlp,aac_ctd,42
P05986,P31385,1,0.6166305536921753,1,one_unseen,mlp,aac_ctd,42
O74700,P48568,1,0.37495231587502903,0,one_unseen,mlp,aac_ctd,42
P36005,Q12241,1,0.6672972590285462,1,one_unseen,mlp,aac_ctd,42
P40479,Q12433,1,0.48168414715723495,0,one_unseen,mlp,aac_ctd,42
P32642,P47054,1,0.3133935206121874,0,one_unseen,mlp,aac_ctd,42
P38716,Q03774,1,0.5208763643731809,1,one_unseen,mlp,aac_ctd,42
P06242,P25343,1,0.868090188295238,1,one_unseen,mlp,aac_ctd,42
P16892,P40091,1,0.8435408715111582,1,one_unseen,mlp,aac_ctd,42
P06784,P31412,1,0.498277593940677,0,one_unseen,mlp,aac_ctd,42
P35197,P39682,1,0.7258369766701982,1,one_unseen,mlp,aac_ctd,42
P36005,Q12034,1,0.6632119121189509,1,one_unseen,mlp,aac_ctd,42
P38814,P40515,1,0.42855203735321074,0,one_unseen,mlp,aac_ctd,42
P07262,P11709,1,0.638700791748493,1,one_unseen,mlp,aac_ctd,42
P38823,Q12100,1,0.8480350400722558,1,one_unseen,mlp,aac_ctd,42
P15442,P53159,1,0.5183085362706125,1,one_unseen,mlp,aac_ctd,42
P28791,P43587,1,0.9519431819894151,1,one_unseen,mlp,aac_ctd,42
Q01939,Q12098,1,0.7824261144079614,1,one_unseen,mlp,aac_ctd,42
P07283,P21306,1,0.10228855501799798,0,one_unseen,mlp,aac_ctd,42
P47017,Q03758,1,0.6851687340029506,1,one_unseen,mlp,aac_ctd,42
P48363,P53150,1,0.585925344758005,1,one_unseen,mlp,aac_ctd,42
P46970,P47122,1,0.6566094633267954,1,one_unseen,mlp,aac_ctd,42
P22137,P40541,1,0.7986204156102221,1,one_unseen,mlp,aac_ctd,42
P40164,Q12129,1,0.6191522227797651,1,one_unseen,mlp,aac_ctd,42
P02400,P38229,1,0.05453234968954611,0,one_unseen,mlp,aac_ctd,42
Q05580,Q07084,1,0.621146057547812,1,one_unseen,mlp,aac_ctd,42
P47045,Q03532,1,0.3334666491240797,0,one_unseen,mlp,aac_ctd,42
P06782,P30902,1,0.5963813402770225,1,one_unseen,mlp,aac_ctd,42
P32588,P35190,1,0.09099501746926365,0,one_unseen,mlp,aac_ctd,42
P16892,P48606,1,0.7613951358660317,1,one_unseen,mlp,aac_ctd,42
P33338,P41800,1,0.32661262276336817,0,one_unseen,mlp,aac_ctd,42
P36165,P38764,1,0.880664808660515,1,one_unseen,mlp,aac_ctd,42
P38990,Q12165,1,0.4539923085415644,0,one_unseen,mlp,aac_ctd,42
P36162,P38801,1,0.8981830127212259,1,one_unseen,mlp,aac_ctd,42
P32380,P47045,1,0.3587170876179768,0,one_unseen,mlp,aac_ctd,42
P52286,P53622,1,0.7123142707825284,1,one_unseen,mlp,aac_ctd,42
P31383,Q02100,1,0.4717805395952565,0,one_unseen,mlp,aac_ctd,42
P32366,Q05874,1,0.33718564849584837,0,one_unseen,mlp,aac_ctd,42
P06844,P38801,1,0.7692908326184472,1,one_unseen,mlp,aac_ctd,42
P23201,P33311,1,0.4590936322178526,0,one_unseen,mlp,aac_ctd,42
P18851,P32364,1,0.49889746383752354,0,one_unseen,mlp,aac_ctd,42
P25344,P48606,1,0.8969481643459295,1,one_unseen,mlp,aac_ctd,42
P14907,Q00245,1,0.804721926628847,1,one_unseen,mlp,aac_ctd,42
P25584,Q03619,1,0.12604863106547945,0,one_unseen,mlp,aac_ctd,42
P40350,P42884,1,0.6158973390384763,1,one_unseen,mlp,aac_ctd,42
P30902,P38922,1,0.9320936735528161,1,one_unseen,mlp,aac_ctd,42
P32490,Q12168,1,0.6304639327854646,1,one_unseen,mlp,aac_ctd,42
P30619,P47912,1,0.6951908912812989,1,one_unseen,mlp,aac_ctd,42
P12904,P22213,1,0.6412196969534529,1,one_unseen,mlp,aac_ctd,42
P38735,Q12199,1,0.1558652049858746,0,one_unseen,mlp,aac_ctd,42
P32350,Q12420,1,0.5529936355081345,1,one_unseen,mlp,aac_ctd,42
P53549,Q12365,1,0.5525657963146309,1,one_unseen,mlp,aac_ctd,42
P15790,P53258,1,0.43813135028569417,0,one_unseen,mlp,aac_ctd,42
P32835,P38801,1,0.8547188495088692,1,one_unseen,mlp,aac_ctd,42
P50946,Q12134,1,0.6577689954704168,1,one_unseen,mlp,aac_ctd,42
P25389,P38287,1,0.5609886898577322,1,one_unseen,mlp,aac_ctd,42
P19657,P39014,1,0.3425036778491357,0,one_unseen,mlp,aac_ctd,42
P20081,P27472,1,0.6021503504109412,1,one_unseen,mlp,aac_ctd,42
P38310,Q02884,1,0.43608706686025783,0,one_unseen,mlp,aac_ctd,42
P06101,P53112,1,0.6635626839424547,1,one_unseen,mlp,aac_ctd,42
P36085,P46985,1,0.3502222484213627,0,one_unseen,mlp,aac_ctd,42
Q04930,Q12513,1,0.8901994491727838,1,one_unseen,mlp,aac_ctd,42
P32610,P38193,1,0.7271483087847566,1,one_unseen,mlp,aac_ctd,42
P39927,P42843,1,0.39488578889159703,0,one_unseen,mlp,aac_ctd,42
P38759,P40362,1,0.4731711760918731,0,one_unseen,mlp,aac_ctd,42
P40456,P53259,1,0.5235403186203954,1,one_unseen,mlp,aac_ctd,42
P47019,Q06169,1,0.49417417423971355,0,one_unseen,mlp,aac_ctd,42
P28007,Q12517,1,0.09747461194283094,0,one_unseen,mlp,aac_ctd,42
P36048,Q02804,1,0.36208897276798463,0,one_unseen,mlp,aac_ctd,42
P41808,Q03782,1,0.5571882784762382,1,one_unseen,mlp,aac_ctd,42
Q00723,Q05610,1,0.17613656615763312,0,one_unseen,mlp,aac_ctd,42
P40479,Q03558,1,0.4553443817504111,0,one_unseen,mlp,aac_ctd,42
P10591,Q12098,1,0.7241940850196925,1,one_unseen,mlp,aac_ctd,42
P03965,P50091,1,0.7618998601123993,1,one_unseen,mlp,aac_ctd,42
P53197,Q03956,1,0.6444409005208537,1,one_unseen,mlp,aac_ctd,42
Q08235,Q12009,1,0.6540124140580901,1,one_unseen,mlp,aac_ctd,42
P25646,Q03899,1,0.43785604315876764,0,one_unseen,mlp,aac_ctd,42
P32366,Q05871,1,0.16162680639777433,0,one_unseen,mlp,aac_ctd,42
P33411,P43583,1,0.49694956089597486,0,one_unseen,mlp,aac_ctd,42
P33411,Q07824,1,0.21803536460520892,0,one_unseen,mlp,aac_ctd,42
P28007,P32525,1,0.3155403508763331,0,one_unseen,mlp,aac_ctd,42
P09232,P24004,1,0.8713005117931663,1,one_unseen,mlp,aac_ctd,42
P02829,P38871,1,0.5174556050021235,1,one_unseen,mlp,aac_ctd,42
P12962,P39014,1,0.7536912033343288,1,one_unseen,mlp,aac_ctd,42
P23968,P32909,1,0.07331642194269856,0,one_unseen,mlp,aac_ctd,42
Q02197,Q12469,1,0.3502865042080273,0,one_unseen,mlp,aac_ctd,42
P22224,Q06177,1,0.20655183672136831,0,one_unseen,mlp,aac_ctd,42
P32898,P38748,1,0.5723361283639798,1,one_unseen,mlp,aac_ctd,42
P23585,P38717,1,0.12989610984471114,0,one_unseen,mlp,aac_ctd,42
P18962,P48837,1,0.20207004526773542,0,one_unseen,mlp,aac_ctd,42
P40512,Q12199,1,0.7856569850112022,1,one_unseen,mlp,aac_ctd,42
P40517,Q00916,1,0.6531325494626307,1,one_unseen,mlp,aac_ctd,42
P08458,P32527,1,0.8100760505612369,1,one_unseen,mlp,aac_ctd,42
P33411,Q12517,1,0.4703614487310236,0,one_unseen,mlp,aac_ctd,42
P42945,P53941,1,0.3346937165956104,0,one_unseen,mlp,aac_ctd,42
Q02773,Q04978,1,0.6362391231434043,1,one_unseen,mlp,aac_ctd,42
P32589,Q08965,1,0.6456529662435385,1,one_unseen,mlp,aac_ctd,42
Q06224,Q08553,1,0.5459448520621349,1,one_unseen,mlp,aac_ctd,42
P38283,P89102,1,0.8400721784796961,1,one_unseen,mlp,aac_ctd,42
P28004,P38112,1,0.7935642227430153,1,one_unseen,mlp,aac_ctd,42
Q06651,Q07376,1,0.0790155207392738,0,one_unseen,mlp,aac_ctd,42
P09435,P39715,1,0.2147948550487061,0,one_unseen,mlp,aac_ctd,42
P38623,P53974,1,0.7856333831021164,1,one_unseen,mlp,aac_ctd,42
P22515,P42073,1,0.7610327027130193,1,one_unseen,mlp,aac_ctd,42
P07149,P24583,1,0.7085957187532518,1,one_unseen,mlp,aac_ctd,42
P41318,P43565,1,0.8070876205157891,1,one_unseen,mlp,aac_ctd,42
P38153,P39990,1,0.2992271112350146,0,one_unseen,mlp,aac_ctd,42
P17119,Q12009,1,0.7772052930698544,1,one_unseen,mlp,aac_ctd,42
P25584,P38208,1,0.5378434662408522,1,one_unseen,mlp,aac_ctd,42
P28707,P43637,1,0.9056823219410711,1,one_unseen,mlp,aac_ctd,42
P36068,P40096,1,0.6476673480208693,1,one_unseen,mlp,aac_ctd,42
P39077,P46947,1,0.7154024441324542,1,one_unseen,mlp,aac_ctd,42
P20484,P53269,1,0.2055111278716595,0,one_unseen,mlp,aac_ctd,42
P38352,P53081,1,0.7636928914465164,1,one_unseen,mlp,aac_ctd,42
P06779,P39944,1,0.5603182166111557,1,one_unseen,mlp,aac_ctd,42
Q04921,Q05610,1,0.7516819504187766,1,one_unseen,mlp,aac_ctd,42
Q06407,Q08963,1,0.8671624461857467,1,one_unseen,mlp,aac_ctd,42
P15442,P53731,1,0.24106710778717483,0,one_unseen,mlp,aac_ctd,42
P38228,P39730,1,0.7923849664598408,1,one_unseen,mlp,aac_ctd,42
P25296,P39904,1,0.4076245704179678,0,one_unseen,mlp,aac_ctd,42
P17119,P39730,1,0.8169410888301039,1,one_unseen,mlp,aac_ctd,42
P40461,Q12055,1,0.15842373677254884,0,one_unseen,mlp,aac_ctd,42
P32571,Q00578,1,0.5680925501054339,1,one_unseen,mlp,aac_ctd,42
P38861,P39936,1,0.6565944181950495,1,one_unseen,mlp,aac_ctd,42
P34758,Q99186,1,0.5557920038630345,1,one_unseen,mlp,aac_ctd,42
P28791,P32905,1,0.762024168978478,1,one_unseen,mlp,aac_ctd,42
P32774,P48525,1,0.7101097652356656,1,one_unseen,mlp,aac_ctd,42
Q06164,Q07930,1,0.7581712138367656,1,one_unseen,mlp,aac_ctd,42
P07866,P38013,1,0.3021190209160696,0,one_unseen,mlp,aac_ctd,42
P21538,Q04636,1,0.664321851207984,1,one_unseen,mlp,aac_ctd,42
P32628,P53955,1,0.4876524757029227,0,one_unseen,mlp,aac_ctd,42
P32873,Q08601,1,0.6731836541192432,1,one_unseen,mlp,aac_ctd,42
P33332,P53150,1,0.43893244181495045,0,one_unseen,mlp,aac_ctd,42
P40462,Q07844,1,0.26069518007732945,0,one_unseen,mlp,aac_ctd,42
P53032,P53955,1,0.5068529644871408,1,one_unseen,mlp,aac_ctd,42
P38990,Q03898,1,0.5201334211140815,1,one_unseen,mlp,aac_ctd,42
P36520,P38860,1,0.7559079720120597,1,one_unseen,mlp,aac_ctd,42
P35207,P40453,1,0.6530942312767951,1,one_unseen,mlp,aac_ctd,42
P32366,P36131,1,0.1984861752846527,0,one_unseen,mlp,aac_ctd,42
P36029,P36062,1,0.9603524646320518,1,one_unseen,mlp,aac_ctd,42
P48361,Q12469,1,0.6408138852156592,1,one_unseen,mlp,aac_ctd,42
P35177,Q12157,1,0.6573513727267881,1,one_unseen,mlp,aac_ctd,42
Q02948,Q06137,1,0.5566317043222717,1,one_unseen,mlp,aac_ctd,42
P15891,P32835,1,0.43980100246982917,0,one_unseen,mlp,aac_ctd,42
P06103,P40413,1,0.47827485085038174,0,one_unseen,mlp,aac_ctd,42
P19145,Q04978,1,0.029405004030536926,0,one_unseen,mlp,aac_ctd,42
P00175,P39077,1,0.675588721139467,1,one_unseen,mlp,aac_ctd,42
P25558,P27472,1,0.690297815598423,1,one_unseen,mlp,aac_ctd,42
P35688,Q06479,1,0.3424936386052245,0,one_unseen,mlp,aac_ctd,42
P07991,Q03758,1,0.6614871287217547,1,one_unseen,mlp,aac_ctd,42
P33895,Q06604,1,0.8911640815329734,1,one_unseen,mlp,aac_ctd,42
P11484,P25569,1,0.6777053413772518,1,one_unseen,mlp,aac_ctd,42
P14306,P38291,1,0.05159892609598046,0,one_unseen,mlp,aac_ctd,42
P27472,P32492,1,0.8038847039620788,1,one_unseen,mlp,aac_ctd,42
P47045,P53196,1,0.6835873243151024,1,one_unseen,mlp,aac_ctd,42
P15891,P38555,1,0.7577132690625733,1,one_unseen,mlp,aac_ctd,42
P47011,Q12514,1,0.23818476543825595,0,one_unseen,mlp,aac_ctd,42
P00549,P14737,1,0.8490286581699568,1,one_unseen,mlp,aac_ctd,42
P53859,Q03785,1,0.3488262554454296,0,one_unseen,mlp,aac_ctd,42
P41834,P52286,1,0.9294447797950894,1,one_unseen,mlp,aac_ctd,42
Q01560,Q12310,1,0.5668650777356055,1,one_unseen,mlp,aac_ctd,42
P40303,P40555,1,0.3650877987454987,0,one_unseen,mlp,aac_ctd,42
P33760,Q12165,1,0.3598797309047345,0,one_unseen,mlp,aac_ctd,42
P40018,Q04792,1,0.6229695853813014,1,one_unseen,mlp,aac_ctd,42
Q00816,Q06673,1,0.6791802670647549,1,one_unseen,mlp,aac_ctd,42
P47089,Q04978,1,0.2951676336804475,0,one_unseen,mlp,aac_ctd,42
P48566,Q03956,1,0.5914956385445953,1,one_unseen,mlp,aac_ctd,42
O14455,P53112,1,0.21412370668078226,0,one_unseen,mlp,aac_ctd,42
P00830,P32562,1,0.5347877729199346,1,one_unseen,mlp,aac_ctd,42
P19073,Q00618,1,0.010456633828199384,0,one_unseen,mlp,aac_ctd,42
P02829,P50108,1,0.4659494118803283,0,one_unseen,mlp,aac_ctd,42
P07149,P53939,1,0.6622831184936636,1,one_unseen,mlp,aac_ctd,42
P32528,P33891,1,0.7873883580139464,1,one_unseen,mlp,aac_ctd,42
P38270,Q05778,1,0.7927658695027602,1,one_unseen,mlp,aac_ctd,42
P32863,P53211,1,0.641358747165802,1,one_unseen,mlp,aac_ctd,42
P42846,Q05775,1,0.7259117013912972,1,one_unseen,mlp,aac_ctd,42
P35056,Q06169,1,0.6097811272069942,1,one_unseen,mlp,aac_ctd,42
P10961,P47074,1,0.18211664424652727,0,one_unseen,mlp,aac_ctd,42
P39563,P41816,1,0.29541612348100404,0,one_unseen,mlp,aac_ctd,42
P39077,Q04930,1,0.5653240431950937,1,one_unseen,mlp,aac_ctd,42
P21192,P23638,1,0.7042888358617354,1,one_unseen,mlp,aac_ctd,42
P38431,P52286,1,0.7837349572926873,1,one_unseen,mlp,aac_ctd,42
P22224,P41813,1,0.8920647219212045,1,one_unseen,mlp,aac_ctd,42
P38863,Q08649,1,0.7048300141883879,1,one_unseen,mlp,aac_ctd,42
Q04675,Q06819,1,0.2706395835618904,0,one_unseen,mlp,aac_ctd,42
P20438,P37370,1,0.7142937078718424,1,one_unseen,mlp,aac_ctd,42
P38624,Q03018,1,0.3867289327794454,0,one_unseen,mlp,aac_ctd,42
P46948,Q00362,1,0.7216121042426906,1,one_unseen,mlp,aac_ctd,42
Q03862,Q08920,1,0.19433805373234794,0,one_unseen,mlp,aac_ctd,42
P38249,Q08119,1,0.5735098344199773,1,one_unseen,mlp,aac_ctd,42
Q04511,Q12754,1,0.5737975437277875,1,one_unseen,mlp,aac_ctd,42
P39563,Q12020,1,0.215824680908281,0,one_unseen,mlp,aac_ctd,42
P40204,P43565,1,0.8804112766878781,1,one_unseen,mlp,aac_ctd,42
P53124,Q12168,1,0.3455054445657288,0,one_unseen,mlp,aac_ctd,42
P39001,Q08923,1,0.20341453138767945,0,one_unseen,mlp,aac_ctd,42
P17119,P53271,1,0.5131329386525187,1,one_unseen,mlp,aac_ctd,42
P36005,P38219,1,0.5700194062925776,1,one_unseen,mlp,aac_ctd,42
P50086,P53277,1,0.887410311364111,1,one_unseen,mlp,aac_ctd,42
Q02630,Q12055,1,0.32936638229299076,0,one_unseen,mlp,aac_ctd,42
P39990,Q00618,1,0.024979095369013063,0,one_unseen,mlp,aac_ctd,42
P43569,Q12418,1,0.8693234488838729,1,one_unseen,mlp,aac_ctd,42
P32589,P41834,1,0.8905417170143972,1,one_unseen,mlp,aac_ctd,42
P36019,P53930,1,0.032192282724951574,0,one_unseen,mlp,aac_ctd,42
P41805,Q12460,1,0.6677353742617301,1,one_unseen,mlp,aac_ctd,42
P25344,Q08215,1,0.7956037420634289,1,one_unseen,mlp,aac_ctd,42
P32849,P35190,1,0.47044446421034225,0,one_unseen,mlp,aac_ctd,42
P20433,Q03897,1,0.7797531593657959,1,one_unseen,mlp,aac_ctd,42
P43616,P53168,1,0.5189997610112431,1,one_unseen,mlp,aac_ctd,42
P35169,P38291,1,0.031787449681409244,0,one_unseen,mlp,aac_ctd,42
P32588,Q12129,1,0.5305422113565291,1,one_unseen,mlp,aac_ctd,42
P40069,P42884,1,0.7946628563585162,1,one_unseen,mlp,aac_ctd,42
P40477,P41911,1,0.6079988205706004,1,one_unseen,mlp,aac_ctd,42
P23642,Q08438,1,0.7027997610590159,1,one_unseen,mlp,aac_ctd,42
P38089,P41807,1,0.8599638810115877,1,one_unseen,mlp,aac_ctd,42
P10363,P40561,1,0.5483621136904863,1,one_unseen,mlp,aac_ctd,42
P38998,P53930,1,0.3320553163546056,0,one_unseen,mlp,aac_ctd,42
P39720,P41895,1,0.23692629407886223,0,one_unseen,mlp,aac_ctd,42
P33895,P38932,1,0.9220437781676863,1,one_unseen,mlp,aac_ctd,42
P30283,Q01684,1,0.8562997205351613,1,one_unseen,mlp,aac_ctd,42
P10659,P21192,1,0.901669392894933,1,one_unseen,mlp,aac_ctd,42
P14747,P53129,1,0.5812994576196825,1,one_unseen,mlp,aac_ctd,42
P21576,P53203,1,0.4858525495264772,0,one_unseen,mlp,aac_ctd,42
P32564,P43682,1,0.0035753466261709567,0,one_unseen,mlp,aac_ctd,42
P32805,Q08975,1,0.7501564624719497,1,one_unseen,mlp,aac_ctd,42
P41813,P47104,1,0.8088355202914136,1,one_unseen,mlp,aac_ctd,42
P47027,Q03940,1,0.8216626011204725,1,one_unseen,mlp,aac_ctd,42
P40512,P53168,1,0.5162586430787981,1,one_unseen,mlp,aac_ctd,42
P28708,Q06479,1,0.5932080287349806,1,one_unseen,mlp,aac_ctd,42
P02400,Q08921,1,0.07949175965570097,0,one_unseen,mlp,aac_ctd,42
P36068,P53277,1,0.9258536535011415,1,one_unseen,mlp,aac_ctd,42
P43588,Q05785,1,0.5530839849426403,1,one_unseen,mlp,aac_ctd,42
P32628,P46995,1,0.5288041379618336,1,one_unseen,mlp,aac_ctd,42
Q00816,Q06251,1,0.8064344986072187,1,one_unseen,mlp,aac_ctd,42
P33298,P40064,1,0.49520116660300156,0,one_unseen,mlp,aac_ctd,42
P38288,P38723,1,0.1256356216101105,0,one_unseen,mlp,aac_ctd,42
P06775,Q08902,1,0.07236035500281006,0,one_unseen,mlp,aac_ctd,42
Q01159,Q02775,1,0.5494657294361989,1,one_unseen,mlp,aac_ctd,42
P15807,Q99176,1,0.1916214305296753,0,one_unseen,mlp,aac_ctd,42
P23642,P53930,1,0.3127699898456986,0,one_unseen,mlp,aac_ctd,42
P47821,P80428,1,0.5124611114307754,1,one_unseen,mlp,aac_ctd,42
P50942,Q03018,1,0.6932430327916255,1,one_unseen,mlp,aac_ctd,42
P39718,Q08236,1,0.4217959759512347,0,one_unseen,mlp,aac_ctd,42
P38291,P50113,1,0.0852197310447856,0,one_unseen,mlp,aac_ctd,42
Q00578,Q08215,1,0.6452041298851231,1,one_unseen,mlp,aac_ctd,42
P38768,Q12513,1,0.6242126659330919,1,one_unseen,mlp,aac_ctd,42
P07251,Q04359,1,0.4161661519600837,0,one_unseen,mlp,aac_ctd,42
P25615,P47045,1,0.4851312704853344,0,one_unseen,mlp,aac_ctd,42
P52891,P60010,1,0.5226608497208154,1,one_unseen,mlp,aac_ctd,42
P22202,P53091,1,0.7167451338940733,1,one_unseen,mlp,aac_ctd,42
P28707,Q06679,1,0.706425038238219,1,one_unseen,mlp,aac_ctd,42
P25303,P38634,1,0.36167803120623726,0,one_unseen,mlp,aac_ctd,42
P06101,P53847,1,0.8074388624406466,1,one_unseen,mlp,aac_ctd,42
P49955,Q08558,1,0.5353785014621649,1,one_unseen,mlp,aac_ctd,42
P28834,Q06169,1,0.6721582128795284,1,one_unseen,mlp,aac_ctd,42
P11746,P38013,1,0.3781563770725615,0,one_unseen,mlp,aac_ctd,42
P32605,P32895,1,0.643754658287979,1,one_unseen,mlp,aac_ctd,42
P53040,P53267,1,0.685646085760612,1,one_unseen,mlp,aac_ctd,42
P38962,Q06001,1,0.26107830901948015,0,one_unseen,mlp,aac_ctd,42
P38735,P40327,1,0.32180196695766927,0,one_unseen,mlp,aac_ctd,42
P11154,Q08601,1,0.8187877558948811,1,one_unseen,mlp,aac_ctd,42
P43565,P52490,1,0.6402404035212392,1,one_unseen,mlp,aac_ctd,42
P20438,P39517,1,0.339059928480025,0,one_unseen,mlp,aac_ctd,42
P07272,P07273,1,0.4662825353191278,0,one_unseen,mlp,aac_ctd,42
P22202,Q08162,1,0.7379571288202916,1,one_unseen,mlp,aac_ctd,42
P38793,Q06160,1,0.6593648846297896,1,one_unseen,mlp,aac_ctd,42
P32450,Q04368,1,0.9313257291871855,1,one_unseen,mlp,aac_ctd,42
P32589,P33203,1,0.6031057690832923,1,one_unseen,mlp,aac_ctd,42
P00931,P38737,1,0.8414270899310948,1,one_unseen,mlp,aac_ctd,42
P12945,Q12460,1,0.901386878466684,1,one_unseen,mlp,aac_ctd,42
P43638,Q06706,1,0.7376859685764585,1,one_unseen,mlp,aac_ctd,42
P32327,P32380,1,0.6904770372573038,1,one_unseen,mlp,aac_ctd,42
P03965,P41834,1,0.82298923034776,1,one_unseen,mlp,aac_ctd,42
P21242,P32366,1,0.5483194292491601,1,one_unseen,mlp,aac_ctd,42
P00359,P32601,1,0.2461590582652652,0,one_unseen,mlp,aac_ctd,42
P25582,P31382,1,0.3028219853373858,0,one_unseen,mlp,aac_ctd,42
P25569,P32602,1,0.706674424817621,1,one_unseen,mlp,aac_ctd,42
Q04062,Q06142,1,0.5240907831163155,1,one_unseen,mlp,aac_ctd,42
P36047,Q05580,1,0.9792228416298816,1,one_unseen,mlp,aac_ctd,42
P06102,P23542,1,0.46386407968526877,0,one_unseen,mlp,aac_ctd,42
P00331,Q06819,1,0.36376433278603026,0,one_unseen,mlp,aac_ctd,42
P32589,P36049,1,0.9031870686400774,1,one_unseen,mlp,aac_ctd,42
O14455,P32634,1,0.10919736408095118,0,one_unseen,mlp,aac_ctd,42
P32264,Q12100,1,0.9544562801191374,1,one_unseen,mlp,aac_ctd,42
P16140,Q99260,1,0.6450656145072597,1,one_unseen,mlp,aac_ctd,42
P39101,Q12406,1,0.7345895055613256,1,one_unseen,mlp,aac_ctd,42
P33411,P40314,1,0.34061387765842915,0,one_unseen,mlp,aac_ctd,42
P15891,P17121,1,0.21784453003249202,0,one_unseen,mlp,aac_ctd,42
P08431,Q07418,1,0.6875822021099824,1,one_unseen,mlp,aac_ctd,42
P08638,P34252,1,0.6371180283895495,1,one_unseen,mlp,aac_ctd,42
P32805,Q03125,1,0.6499899787262481,1,one_unseen,mlp,aac_ctd,42
P40957,P48234,1,0.6912732059417568,1,one_unseen,mlp,aac_ctd,42
P14680,Q06216,1,0.773875335124297,1,one_unseen,mlp,aac_ctd,42
P32855,Q08726,1,0.6885673079193969,1,one_unseen,mlp,aac_ctd,42
P33892,Q07844,1,0.574962028057554,1,one_unseen,mlp,aac_ctd,42
P19657,P35207,1,0.5333365392488294,1,one_unseen,mlp,aac_ctd,42
P07283,P29469,1,0.27180034041178003,0,one_unseen,mlp,aac_ctd,42
P53271,Q05580,1,0.9111628053752195,1,one_unseen,mlp,aac_ctd,42
P15891,Q07376,1,0.2480427453317332,0,one_unseen,mlp,aac_ctd,42
Q04792,Q08550,1,0.8185277020610131,1,one_unseen,mlp,aac_ctd,42
P25343,P53924,1,0.7870249942119308,1,one_unseen,mlp,aac_ctd,42
P13711,P32605,1,0.5562139651548544,1,one_unseen,mlp,aac_ctd,42
P06787,P39962,1,0.6415986551583377,1,one_unseen,mlp,aac_ctd,42
P27472,P38344,1,0.5749035514093326,1,one_unseen,mlp,aac_ctd,42
P39682,Q04493,1,0.5358937599513742,1,one_unseen,mlp,aac_ctd,42
P50094,Q12055,1,0.7139879825241583,1,one_unseen,mlp,aac_ctd,42
P38792,P40495,1,0.5946978035953641,1,one_unseen,mlp,aac_ctd,42
P14682,P53032,1,0.32418676193751966,0,one_unseen,mlp,aac_ctd,42
P33332,P53290,1,0.6419342300010314,1,one_unseen,mlp,aac_ctd,42
P38757,P40103,1,0.08104547381338788,0,one_unseen,mlp,aac_ctd,42
P21268,P39960,1,0.5813923017814303,1,one_unseen,mlp,aac_ctd,42
Q04792,Q12347,1,0.5285226151173128,1,one_unseen,mlp,aac_ctd,42
P40413,Q12517,1,0.7048286916400323,1,one_unseen,mlp,aac_ctd,42
P03965,Q12368,1,0.7878370236290183,1,one_unseen,mlp,aac_ctd,42
P19454,Q05778,1,0.6049713508735645,1,one_unseen,mlp,aac_ctd,42
P05318,Q12433,1,0.14587496529599367,0,one_unseen,mlp,aac_ctd,42
P29496,P53086,1,0.447251958314848,0,one_unseen,mlp,aac_ctd,42
P39717,P54786,1,0.7667653268436,1,one_unseen,mlp,aac_ctd,42
P11709,P42935,1,0.20661171680330725,0,one_unseen,mlp,aac_ctd,42
P25389,Q12276,1,0.7961961979682468,1,one_unseen,mlp,aac_ctd,42
Q05021,Q7LIF1,1,0.517660164892629,1,one_unseen,mlp,aac_ctd,42
P07258,P32478,1,0.05328288034812391,0,one_unseen,mlp,aac_ctd,42
P14681,Q06479,1,0.42664614074952956,0,one_unseen,mlp,aac_ctd,42
P38153,P47116,1,0.7114848235732175,1,one_unseen,mlp,aac_ctd,42
P15891,P53094,1,0.44930345377097375,0,one_unseen,mlp,aac_ctd,42
P32607,P53971,1,0.3861219445550058,0,one_unseen,mlp,aac_ctd,42
P25604,P53855,1,0.3933723330056324,0,one_unseen,mlp,aac_ctd,42
P31539,P53032,1,0.3338316301308071,0,one_unseen,mlp,aac_ctd,42
P25294,Q12055,1,0.4448359483067126,0,one_unseen,mlp,aac_ctd,42
P36029,P38959,1,0.2821974670981556,0,one_unseen,mlp,aac_ctd,42
P32505,P38334,1,0.745327932190617,1,one_unseen,mlp,aac_ctd,42
P16467,Q03956,1,0.4316621841883651,0,one_unseen,mlp,aac_ctd,42
P43592,P53221,1,0.6529039474447283,1,one_unseen,mlp,aac_ctd,42
P15873,Q06406,1,0.4265195506244156,0,one_unseen,mlp,aac_ctd,42
P38768,Q12365,1,0.4564998912363101,0,one_unseen,mlp,aac_ctd,42
P42839,P53894,1,0.8005523399832714,1,one_unseen,mlp,aac_ctd,42
P38427,Q03735,1,0.8210909646534575,1,one_unseen,mlp,aac_ctd,42
P38720,P42073,1,0.758878242858769,1,one_unseen,mlp,aac_ctd,42
P22203,Q00416,1,0.5886080546681641,1,one_unseen,mlp,aac_ctd,42
P36015,P42945,1,0.35546629174244465,0,one_unseen,mlp,aac_ctd,42
P38328,P39077,1,0.40324699526463925,0,one_unseen,mlp,aac_ctd,42
P36048,P41805,1,0.4090064162736454,0,one_unseen,mlp,aac_ctd,42
P10363,P17442,1,0.8882089136600105,1,one_unseen,mlp,aac_ctd,42
P23561,P23642,1,0.7035987272093166,1,one_unseen,mlp,aac_ctd,42
P27801,P38013,1,0.2995348325876468,0,one_unseen,mlp,aac_ctd,42
P24868,P38228,1,0.7769269677809186,1,one_unseen,mlp,aac_ctd,42
P39940,P40477,1,0.4700546456326187,0,one_unseen,mlp,aac_ctd,42
P12611,P40515,1,0.6154631145979191,1,one_unseen,mlp,aac_ctd,42
P16370,P22224,0,0.8969870494199966,1,one_unseen,mlp,aac_ctd,42
P15367,P36005,0,0.22504908341946323,0,one_unseen,mlp,aac_ctd,42
P32479,P53735,0,0.20037918637055482,0,one_unseen,mlp,aac_ctd,42
P23968,Q03761,0,0.014943046495272729,0,one_unseen,mlp,aac_ctd,42
P48510,Q12098,0,0.5279359438554895,1,one_unseen,mlp,aac_ctd,42
P22804,P38262,0,0.37829649859184905,0,one_unseen,mlp,aac_ctd,42
P09798,P53215,0,0.51021960218794,1,one_unseen,mlp,aac_ctd,42
P38699,Q04493,0,0.5225010718039432,1,one_unseen,mlp,aac_ctd,42
Q06005,Q06096,0,0.1650265605086372,0,one_unseen,mlp,aac_ctd,42
P38967,P47089,0,0.41021341959414026,0,one_unseen,mlp,aac_ctd,42
P06104,Q03063,0,0.8147502169806953,1,one_unseen,mlp,aac_ctd,42
P16140,Q12223,0,0.40638900943611533,0,one_unseen,mlp,aac_ctd,42
P39081,P40885,0,0.09442469093363043,0,one_unseen,mlp,aac_ctd,42
P40014,P53910,0,0.8055867009611095,1,one_unseen,mlp,aac_ctd,42
P47187,P52286,0,0.10195771459258723,0,one_unseen,mlp,aac_ctd,42
P38163,P40103,0,0.1377553262748903,0,one_unseen,mlp,aac_ctd,42
P39987,Q06628,0,0.4129192460434472,0,one_unseen,mlp,aac_ctd,42
P40473,Q12102,0,0.8273154754283082,1,one_unseen,mlp,aac_ctd,42
P40073,Q06412,0,0.15441534720999192,0,one_unseen,mlp,aac_ctd,42
P25294,P40341,0,0.39574489008072067,0,one_unseen,mlp,aac_ctd,42
P27801,P38191,0,0.5418398079920319,1,one_unseen,mlp,aac_ctd,42
P10863,P43563,0,0.0855996225811114,0,one_unseen,mlp,aac_ctd,42
P24384,P40462,0,0.4065065788306082,0,one_unseen,mlp,aac_ctd,42
P36165,P38776,0,0.32333577000917385,0,one_unseen,mlp,aac_ctd,42
P25376,P50875,0,0.10773124704706978,0,one_unseen,mlp,aac_ctd,42
P20438,Q12060,0,0.656789860172564,1,one_unseen,mlp,aac_ctd,42
P11938,P39112,0,0.327274790363353,0,one_unseen,mlp,aac_ctd,42
P06784,P14242,0,0.48420090490833684,0,one_unseen,mlp,aac_ctd,42
P36147,P53244,0,0.29071561156477294,0,one_unseen,mlp,aac_ctd,42
P21339,P33199,0,0.6771793846601791,1,one_unseen,mlp,aac_ctd,42
P25342,Q06344,0,0.8257580190545888,1,one_unseen,mlp,aac_ctd,42
P53064,Q12321,0,0.5686790771258582,1,one_unseen,mlp,aac_ctd,42
P36017,P38264,0,0.7742420085596147,1,one_unseen,mlp,aac_ctd,42
P38064,P39929,0,0.7113789401955461,1,one_unseen,mlp,aac_ctd,42
P25389,P47027,0,0.49220002833930654,0,one_unseen,mlp,aac_ctd,42
P38879,Q05931,0,0.6181870826748239,1,one_unseen,mlp,aac_ctd,42
P39944,Q03944,0,0.5041823249314059,1,one_unseen,mlp,aac_ctd,42
P32368,P53032,0,0.6500690768637605,1,one_unseen,mlp,aac_ctd,42
P21957,P32504,0,0.5957586300338698,1,one_unseen,mlp,aac_ctd,42
P40965,Q03940,0,0.8142329913431146,1,one_unseen,mlp,aac_ctd,42
P37838,P48568,0,0.6110877399573041,1,one_unseen,mlp,aac_ctd,42
P36168,P40512,0,0.8538942141896287,1,one_unseen,mlp,aac_ctd,42
P39540,P48234,0,0.023348544090745684,0,one_unseen,mlp,aac_ctd,42
P25584,Q04697,0,0.41939650224132413,0,one_unseen,mlp,aac_ctd,42
P52919,P53096,0,0.64111374996647,1,one_unseen,mlp,aac_ctd,42
P32855,P38112,0,0.3522727320368332,0,one_unseen,mlp,aac_ctd,42
P53032,Q02516,0,0.33261751923463345,0,one_unseen,mlp,aac_ctd,42
P00420,P38723,0,0.0120397916873099,0,one_unseen,mlp,aac_ctd,42
P07347,Q02608,0,0.33663447556017,0,one_unseen,mlp,aac_ctd,42
P39962,P41695,0,0.6138435852335383,1,one_unseen,mlp,aac_ctd,42
P38826,Q08980,0,0.25783429074652575,0,one_unseen,mlp,aac_ctd,42
P33306,P53344,0,0.2327652901998162,0,one_unseen,mlp,aac_ctd,42
P07261,P26570,0,0.857739198578764,1,one_unseen,mlp,aac_ctd,42
P40352,Q08492,0,0.7492913500739735,1,one_unseen,mlp,aac_ctd,42
P38801,Q02775,0,0.7427064349762899,1,one_unseen,mlp,aac_ctd,42
P23833,Q02908,0,0.28012258907878856,0,one_unseen,mlp,aac_ctd,42
P32628,P32641,0,0.35381146583652034,0,one_unseen,mlp,aac_ctd,42
P38637,P40456,0,0.5835273926474819,1,one_unseen,mlp,aac_ctd,42
P25385,P39551,0,0.18664755911719308,0,one_unseen,mlp,aac_ctd,42
P21691,Q12443,0,0.26457621173009704,0,one_unseen,mlp,aac_ctd,42
P38254,P38699,0,0.5595846554621986,1,one_unseen,mlp,aac_ctd,42
P03965,P38286,0,0.5085352414785488,1,one_unseen,mlp,aac_ctd,42
P29461,P36016,0,0.6074920004122448,1,one_unseen,mlp,aac_ctd,42
P40092,P47052,0,0.08684411715918756,0,one_unseen,mlp,aac_ctd,42
P39996,Q03308,0,0.715632989407532,1,one_unseen,mlp,aac_ctd,42
P07347,P38112,0,0.7038914886878054,1,one_unseen,mlp,aac_ctd,42
P14741,P53244,0,0.791719397941514,1,one_unseen,mlp,aac_ctd,42
P53115,P53130,0,0.32247471408378,0,one_unseen,mlp,aac_ctd,42
P22579,P33313,0,0.7600489041723244,1,one_unseen,mlp,aac_ctd,42
P27705,Q06168,0,0.5162947467266127,1,one_unseen,mlp,aac_ctd,42
P38716,P38992,0,0.5127456703677674,1,one_unseen,mlp,aac_ctd,42
P40014,Q06708,0,0.8854113322004303,1,one_unseen,mlp,aac_ctd,42
P53857,Q06525,0,0.520708765926552,1,one_unseen,mlp,aac_ctd,42
P07283,P16661,0,0.34345326714098723,0,one_unseen,mlp,aac_ctd,42
P09064,P47035,0,0.6299781786028417,1,one_unseen,mlp,aac_ctd,42
P10592,P19358,0,0.6693083851657281,1,one_unseen,mlp,aac_ctd,42
P25045,P32602,0,0.6915950477726119,1,one_unseen,mlp,aac_ctd,42
P25376,P36000,0,0.5097875647998481,1,one_unseen,mlp,aac_ctd,42
P39702,Q05785,0,0.6198751587594765,1,one_unseen,mlp,aac_ctd,42
P38826,P40693,0,0.7592318573497023,1,one_unseen,mlp,aac_ctd,42
P31382,Q99190,0,0.12816182018394395,0,one_unseen,mlp,aac_ctd,42
P40395,Q12102,0,0.5259645145087752,1,one_unseen,mlp,aac_ctd,42
P38291,P39702,0,0.03517796649942765,0,one_unseen,mlp,aac_ctd,42
P40555,P47038,0,0.03777318313628454,0,one_unseen,mlp,aac_ctd,42
P32805,Q04930,0,0.91858788367851,1,one_unseen,mlp,aac_ctd,42
P38203,P45976,0,0.9136604318789343,1,one_unseen,mlp,aac_ctd,42
P00420,P17536,0,0.04050847162182264,0,one_unseen,mlp,aac_ctd,42
P14737,P53209,0,0.21008149679134508,0,one_unseen,mlp,aac_ctd,42
P07250,P53855,0,0.7137864372864483,1,one_unseen,mlp,aac_ctd,42
P12611,P80428,0,0.6515021925806428,1,one_unseen,mlp,aac_ctd,42
P38811,Q06407,0,0.7118350477101446,1,one_unseen,mlp,aac_ctd,42
P23293,Q03750,0,0.7260936572396363,1,one_unseen,mlp,aac_ctd,42
P39704,P87108,0,0.0007054555059781333,0,one_unseen,mlp,aac_ctd,42
P42944,Q12035,0,0.9566848189002403,1,one_unseen,mlp,aac_ctd,42
P38272,Q07418,0,0.6322548859746683,1,one_unseen,mlp,aac_ctd,42
P53142,Q04964,0,0.2090086531422575,0,one_unseen,mlp,aac_ctd,42
P38130,Q08949,0,0.5129606279033954,1,one_unseen,mlp,aac_ctd,42
Q06169,Q08980,0,0.0322445961065243,0,one_unseen,mlp,aac_ctd,42
P31380,P33411,0,0.37964434965896143,0,one_unseen,mlp,aac_ctd,42
P32319,P46970,0,0.5644575918400985,1,one_unseen,mlp,aac_ctd,42
P06169,Q12157,0,0.14769441372473943,0,one_unseen,mlp,aac_ctd,42
P34218,P43639,0,0.6326866155713341,1,one_unseen,mlp,aac_ctd,42
P32582,P36057,0,0.4607960009227869,0,one_unseen,mlp,aac_ctd,42
P36027,Q03750,0,0.03838435089795427,0,one_unseen,mlp,aac_ctd,42
Q06169,Q06205,0,0.3511448657853044,0,one_unseen,mlp,aac_ctd,42
P28791,P33339,0,0.838543492400269,1,one_unseen,mlp,aac_ctd,42
P28000,Q03533,0,0.7040527705267176,1,one_unseen,mlp,aac_ctd,42
P04050,Q06169,0,0.5414359052340026,1,one_unseen,mlp,aac_ctd,42
P53894,Q03834,0,0.6991013938834492,1,one_unseen,mlp,aac_ctd,42
P30771,P38523,0,0.6171393560918096,1,one_unseen,mlp,aac_ctd,42
P12887,Q03785,0,0.5170177048345475,1,one_unseen,mlp,aac_ctd,42
O13297,Q06096,0,0.7169049113463357,1,one_unseen,mlp,aac_ctd,42
P20433,P34162,0,0.7232698186420268,1,one_unseen,mlp,aac_ctd,42
P38266,P53116,0,0.06778057330078413,0,one_unseen,mlp,aac_ctd,42
Q02948,Q12157,0,0.34897062991179106,0,one_unseen,mlp,aac_ctd,42
P23394,P32832,0,0.22768758891026905,0,one_unseen,mlp,aac_ctd,42
P33311,P43562,0,0.2126932071212557,0,one_unseen,mlp,aac_ctd,42
P53238,Q05787,0,0.66423695049339,1,one_unseen,mlp,aac_ctd,42
Q02795,Q05580,0,0.631660165392652,1,one_unseen,mlp,aac_ctd,42
P39730,Q01159,0,0.8650599741253253,1,one_unseen,mlp,aac_ctd,42
P32334,P38682,0,0.022713357499284274,0,one_unseen,mlp,aac_ctd,42
P25454,P28004,0,0.8864562059495171,1,one_unseen,mlp,aac_ctd,42
P33401,P53236,0,0.7332839627524873,1,one_unseen,mlp,aac_ctd,42
P39717,Q06554,0,0.6362432015927464,1,one_unseen,mlp,aac_ctd,42
P41920,P46954,0,0.9165736970076164,1,one_unseen,mlp,aac_ctd,42
P48566,Q07800,0,0.7042792391447709,1,one_unseen,mlp,aac_ctd,42
P39960,Q05027,0,0.46725553107408074,0,one_unseen,mlp,aac_ctd,42
P10961,P38792,0,0.6542068287796852,1,one_unseen,mlp,aac_ctd,42
P47038,Q03834,0,0.024306340435015276,0,one_unseen,mlp,aac_ctd,42
P29295,P32334,0,0.028756389433279433,0,one_unseen,mlp,aac_ctd,42
P32833,Q03497,0,0.5296572825263371,1,one_unseen,mlp,aac_ctd,42
P11914,P30619,0,0.4105349953942396,0,one_unseen,mlp,aac_ctd,42
P24813,P40356,0,0.8938508451020023,1,one_unseen,mlp,aac_ctd,42
P06784,Q12270,0,0.305034068921075,0,one_unseen,mlp,aac_ctd,42
P02557,Q03323,0,0.49693021204981686,0,one_unseen,mlp,aac_ctd,42
Q03330,Q06339,0,0.8166189497416113,1,one_unseen,mlp,aac_ctd,42
P11710,P53280,0,0.16755985209716082,0,one_unseen,mlp,aac_ctd,42
P20434,Q12222,0,0.13981558724240167,0,one_unseen,mlp,aac_ctd,42
P22135,Q06137,0,0.3891163264366462,0,one_unseen,mlp,aac_ctd,42
P11747,Q02804,0,0.1853748707656928,0,one_unseen,mlp,aac_ctd,42
P53115,Q07468,0,0.5723012480179192,1,one_unseen,mlp,aac_ctd,42
P27796,Q12402,0,0.7879750965572255,1,one_unseen,mlp,aac_ctd,42
P15108,P38968,0,0.5367274890798626,1,one_unseen,mlp,aac_ctd,42
P32605,P38703,0,0.2190161701215945,0,one_unseen,mlp,aac_ctd,42
P40187,Q04338,0,0.6193581478588495,1,one_unseen,mlp,aac_ctd,42
Q05016,Q05933,0,0.3512505348999104,0,one_unseen,mlp,aac_ctd,42
P05030,Q02795,0,0.5613116124000209,1,one_unseen,mlp,aac_ctd,42
P06784,P40357,0,0.3899688940724565,0,one_unseen,mlp,aac_ctd,42
P32389,Q05933,0,0.49356339375049013,0,one_unseen,mlp,aac_ctd,42
P09435,Q03323,0,0.5373118374015048,1,one_unseen,mlp,aac_ctd,42
P22209,P32380,0,0.7610398283695939,1,one_unseen,mlp,aac_ctd,42
P08678,P23059,0,0.556187262465431,1,one_unseen,mlp,aac_ctd,42
P07347,Q02795,0,0.0733349503749468,0,one_unseen,mlp,aac_ctd,42
P36100,Q06137,0,0.37352681446046815,0,one_unseen,mlp,aac_ctd,42
P26188,P32480,0,0.7076298822395447,1,one_unseen,mlp,aac_ctd,42
P26754,P53974,0,0.7239072818320632,1,one_unseen,mlp,aac_ctd,42
P32566,Q12464,0,0.6152855263810402,1,one_unseen,mlp,aac_ctd,42
P10961,P53124,0,0.7278035252589256,1,one_unseen,mlp,aac_ctd,42
P25441,Q12168,0,0.4582317115952403,0,one_unseen,mlp,aac_ctd,42
Q03758,Q08683,0,0.6314681451081144,1,one_unseen,mlp,aac_ctd,42
P18239,Q12469,0,0.478415331984084,0,one_unseen,mlp,aac_ctd,42
P39735,Q08965,0,0.4220522953549563,0,one_unseen,mlp,aac_ctd,42
P41810,P46961,0,0.09414715295902555,0,one_unseen,mlp,aac_ctd,42
P25342,P43596,0,0.29389769171158,0,one_unseen,mlp,aac_ctd,42
P26754,P40095,0,0.8755159989525902,1,one_unseen,mlp,aac_ctd,42
P40513,P53096,0,0.10883670441381633,0,one_unseen,mlp,aac_ctd,42
P19358,Q12443,0,0.4425636802722033,0,one_unseen,mlp,aac_ctd,42
P32264,P46669,0,0.5114198595402087,1,one_unseen,mlp,aac_ctd,42
Q01560,Q08749,0,0.1355338511339627,0,one_unseen,mlp,aac_ctd,42
P00128,P25359,0,0.27583293800118536,0,one_unseen,mlp,aac_ctd,42
P32559,P39960,0,0.6913723926391819,1,one_unseen,mlp,aac_ctd,42
P32829,P40509,0,0.6763513625299515,1,one_unseen,mlp,aac_ctd,42
P07261,Q07914,0,0.132180266025639,0,one_unseen,mlp,aac_ctd,42
P41921,P53952,0,0.7291619809251326,1,one_unseen,mlp,aac_ctd,42
P39734,P53604,0,0.23945671924270778,0,one_unseen,mlp,aac_ctd,42
P31111,Q03048,0,0.4595680934389232,0,one_unseen,mlp,aac_ctd,42
P32259,P36017,0,0.4767858654003124,0,one_unseen,mlp,aac_ctd,42
P07703,P23059,0,0.36166278528668383,0,one_unseen,mlp,aac_ctd,42
P47038,Q12102,0,0.01802639384135416,0,one_unseen,mlp,aac_ctd,42
P23585,Q03973,0,0.5108082067152946,1,one_unseen,mlp,aac_ctd,42
P32354,P38967,0,0.15790002495351269,0,one_unseen,mlp,aac_ctd,42
P53147,Q06580,0,0.14894491089539974,0,one_unseen,mlp,aac_ctd,42
P25441,P38805,0,0.15047103235543083,0,one_unseen,mlp,aac_ctd,42
P38064,P38959,0,0.792707019474215,1,one_unseen,mlp,aac_ctd,42
P53961,Q04978,0,0.00852678173267138,0,one_unseen,mlp,aac_ctd,42
P16862,P41818,0,0.5267161244302551,1,one_unseen,mlp,aac_ctd,42
P36017,Q02555,0,0.2954971887037946,0,one_unseen,mlp,aac_ctd,42
P32480,P53551,0,0.7989309409522745,1,one_unseen,mlp,aac_ctd,42
P40968,Q08119,0,0.6602588181465459,1,one_unseen,mlp,aac_ctd,42
P22139,P23968,0,0.16546264998823054,0,one_unseen,mlp,aac_ctd,42
P21192,P81450,0,0.0034339257889986537,0,one_unseen,mlp,aac_ctd,42
P38130,P53941,0,0.377190489398525,0,one_unseen,mlp,aac_ctd,42
P33203,Q12035,0,0.618149755538268,1,one_unseen,mlp,aac_ctd,42
P53108,Q12277,0,0.0881530351315347,0,one_unseen,mlp,aac_ctd,42
P00410,P15891,0,0.1868235128147561,0,one_unseen,mlp,aac_ctd,42
P38191,P40340,0,0.2582180501924485,0,one_unseen,mlp,aac_ctd,42
P15367,Q12390,0,0.25526093069107764,0,one_unseen,mlp,aac_ctd,42
P32833,P53011,0,0.6876422060257739,1,one_unseen,mlp,aac_ctd,42
P30606,Q12035,0,0.5690839363599121,1,one_unseen,mlp,aac_ctd,42
P18239,P38960,0,0.35077987982034553,0,one_unseen,mlp,aac_ctd,42
P02829,Q06630,0,0.053786463779679286,0,one_unseen,mlp,aac_ctd,42
P20050,Q06819,0,0.35272404123714274,0,one_unseen,mlp,aac_ctd,42
P19812,P39678,0,0.5551283578144643,1,one_unseen,mlp,aac_ctd,42
P07250,P39968,0,0.8139280745891269,1,one_unseen,mlp,aac_ctd,42
P40303,P40319,0,0.018166316322844694,0,one_unseen,mlp,aac_ctd,42
P17123,P38064,0,0.6628303699449513,1,one_unseen,mlp,aac_ctd,42
P32564,P39550,0,0.45718998256982746,0,one_unseen,mlp,aac_ctd,42
Q06169,Q12194,0,0.392510570958216,0,one_unseen,mlp,aac_ctd,42
P25376,Q12006,0,0.5549843688155652,1,one_unseen,mlp,aac_ctd,42
P38826,Q04305,0,0.689308112856482,1,one_unseen,mlp,aac_ctd,42
P22209,P53840,0,0.2850827722172328,0,one_unseen,mlp,aac_ctd,42
P38968,Q99278,0,0.834385112577075,1,one_unseen,mlp,aac_ctd,42
P21957,Q04048,0,0.5858677150447539,1,one_unseen,mlp,aac_ctd,42
P22213,P32319,0,0.48476862998265624,0,one_unseen,mlp,aac_ctd,42
P28495,P40957,0,0.9561648597885629,1,one_unseen,mlp,aac_ctd,42
P11154,P39685,0,0.8881098608402206,1,one_unseen,mlp,aac_ctd,42
P21304,Q99260,0,0.6771779454118115,1,one_unseen,mlp,aac_ctd,42
P25296,Q08096,0,0.45917673370869555,0,one_unseen,mlp,aac_ctd,42
P43638,P47171,0,0.6235915254081436,1,one_unseen,mlp,aac_ctd,42
P38811,P47089,0,0.8333460141938791,1,one_unseen,mlp,aac_ctd,42
P02400,P33122,0,0.10201341856464217,0,one_unseen,mlp,aac_ctd,42
P16547,P39735,0,0.44666454589717897,0,one_unseen,mlp,aac_ctd,42
P35182,P53851,0,0.6317576652419801,1,one_unseen,mlp,aac_ctd,42
P08456,Q99278,0,0.1378492864673022,0,one_unseen,mlp,aac_ctd,42
O14455,P39720,0,0.25255502396374446,0,one_unseen,mlp,aac_ctd,42
P11710,P38820,0,0.3215985404859105,0,one_unseen,mlp,aac_ctd,42
P27705,P39875,0,0.5558788610914465,1,one_unseen,mlp,aac_ctd,42
P32830,P53150,0,0.568104484799917,1,one_unseen,mlp,aac_ctd,42
P38310,Q06135,0,0.37098706504082357,0,one_unseen,mlp,aac_ctd,42
P23291,Q04439,0,0.34727159842489397,0,one_unseen,mlp,aac_ctd,42
P08638,P47116,0,0.7645422518639037,1,one_unseen,mlp,aac_ctd,42
P38304,P53883,0,0.6233543767795758,1,one_unseen,mlp,aac_ctd,42
P40352,P53949,0,0.9127151056827973,1,one_unseen,mlp,aac_ctd,42
P20449,Q03940,0,0.7713636826914501,1,one_unseen,mlp,aac_ctd,42
P21339,P50091,0,0.6334947429812415,1,one_unseen,mlp,aac_ctd,42
P33421,P40465,0,0.08811103639179393,0,one_unseen,mlp,aac_ctd,42
P14242,Q12365,0,0.5602984337485517,1,one_unseen,mlp,aac_ctd,42
P22579,P53298,0,0.5443442863144122,1,one_unseen,mlp,aac_ctd,42
P38753,P53824,0,0.8193460215875421,1,one_unseen,mlp,aac_ctd,42
P06774,P22209,0,0.6267556414873648,1,one_unseen,mlp,aac_ctd,42
P32505,Q02721,0,0.5428398355742681,1,one_unseen,mlp,aac_ctd,42
P25453,P28743,0,0.7639129146861896,1,one_unseen,mlp,aac_ctd,42
P11076,P54791,0,0.056887565758072856,0,one_unseen,mlp,aac_ctd,42
P53011,Q12321,0,0.4834767639240352,0,one_unseen,mlp,aac_ctd,42
P25502,P38627,0,0.6908015621285101,1,one_unseen,mlp,aac_ctd,42
P53096,Q03338,0,0.8722318913382416,1,one_unseen,mlp,aac_ctd,42
P32805,Q12028,0,0.8914972775038962,1,one_unseen,mlp,aac_ctd,42
P48582,Q05021,0,0.424545454047195,0,one_unseen,mlp,aac_ctd,42
P39996,P52919,0,0.5437082013734545,1,one_unseen,mlp,aac_ctd,42
P33411,Q08271,0,0.18483094084552457,0,one_unseen,mlp,aac_ctd,42
P10834,P53044,0,0.3346157885630482,0,one_unseen,mlp,aac_ctd,42
P38262,P38929,0,0.4843598206688676,0,one_unseen,mlp,aac_ctd,42
P07261,P32588,0,0.14167362233337966,0,one_unseen,mlp,aac_ctd,42
P38251,P53181,0,0.013054986575869338,0,one_unseen,mlp,aac_ctd,42
P38153,P45976,0,0.3939935258370966,0,one_unseen,mlp,aac_ctd,42
P10566,P16862,0,0.1497013458921972,0,one_unseen,mlp,aac_ctd,42
P46965,Q02804,0,0.025989485478631866,0,one_unseen,mlp,aac_ctd,42
P38111,P38691,0,0.9299009235695778,1,one_unseen,mlp,aac_ctd,42
P21339,Q99186,0,0.7260939974064987,1,one_unseen,mlp,aac_ctd,42
P40541,Q02784,0,0.12271532213000085,0,one_unseen,mlp,aac_ctd,42
P14747,P53236,0,0.6362264980309177,1,one_unseen,mlp,aac_ctd,42
Q04031,Q07921,0,0.6817421868591721,1,one_unseen,mlp,aac_ctd,42
Q12157,Q12499,0,0.5618664388502335,1,one_unseen,mlp,aac_ctd,42
P10961,P25303,0,0.6559287008492292,1,one_unseen,mlp,aac_ctd,42
P33421,P38774,0,0.38794184647161045,0,one_unseen,mlp,aac_ctd,42
P47104,Q12026,0,0.24313861442323223,0,one_unseen,mlp,aac_ctd,42
P06704,P28496,0,0.05048051395635241,0,one_unseen,mlp,aac_ctd,42
P12753,P46676,0,0.7136009346118133,1,one_unseen,mlp,aac_ctd,42
P38262,P53079,0,0.682469445577232,1,one_unseen,mlp,aac_ctd,42
P53685,P54854,0,0.26593821014668023,0,one_unseen,mlp,aac_ctd,42
P53236,Q04373,0,0.7815336942111443,1,one_unseen,mlp,aac_ctd,42
P34161,P35191,0,0.595515845354233,1,one_unseen,mlp,aac_ctd,42
P07149,P32828,0,0.3830443181590061,0,one_unseen,mlp,aac_ctd,42
P40066,P40475,0,0.17522542601019592,0,one_unseen,mlp,aac_ctd,42
P21651,Q03533,0,0.7305973933710851,1,one_unseen,mlp,aac_ctd,42
P40438,Q12243,0,0.0024112821274177307,0,one_unseen,mlp,aac_ctd,42
P23833,P40482,0,0.5092849288300801,1,one_unseen,mlp,aac_ctd,42
P08518,P15442,0,0.5899055773400133,1,one_unseen,mlp,aac_ctd,42
P39927,Q03125,0,0.5093631855679999,1,one_unseen,mlp,aac_ctd,42
P23642,Q08986,0,0.0776805541569755,0,one_unseen,mlp,aac_ctd,42
P08518,P39927,0,0.6879737859626897,1,one_unseen,mlp,aac_ctd,42
P32387,P32479,0,0.4378901601640197,0,one_unseen,mlp,aac_ctd,42
P22579,P46962,0,0.7670039553740303,1,one_unseen,mlp,aac_ctd,42
P47037,Q00684,0,0.6497130801529709,1,one_unseen,mlp,aac_ctd,42
P40554,P43572,0,0.902535985573853,1,one_unseen,mlp,aac_ctd,42
P05986,P40348,0,0.6938053953064856,1,one_unseen,mlp,aac_ctd,42
P32807,Q05471,0,0.397101664341638,0,one_unseen,mlp,aac_ctd,42
P39954,P53181,0,0.02777350403662056,0,one_unseen,mlp,aac_ctd,42
P38861,Q08923,0,0.3226167116554608,0,one_unseen,mlp,aac_ctd,42
P25515,P35179,0,0.031357761818506975,0,one_unseen,mlp,aac_ctd,42
P32523,P32908,0,0.2557788227437373,0,one_unseen,mlp,aac_ctd,42
P08431,Q12082,0,0.12277435485090527,0,one_unseen,mlp,aac_ctd,42
P21951,P53290,0,0.7975457271087257,1,one_unseen,mlp,aac_ctd,42
P46674,Q03579,0,0.046373418618192684,0,one_unseen,mlp,aac_ctd,42
P38085,Q07993,0,0.34550763438707705,0,one_unseen,mlp,aac_ctd,42
P10834,P33760,0,0.20192553809773725,0,one_unseen,mlp,aac_ctd,42
P38785,P38957,0,0.8134239740549956,1,one_unseen,mlp,aac_ctd,42
P30902,P32836,0,0.5917038574324244,1,one_unseen,mlp,aac_ctd,42
P31412,P53551,0,0.9491885210020885,1,one_unseen,mlp,aac_ctd,42
P53215,Q02884,0,0.42935455358419117,0,one_unseen,mlp,aac_ctd,42
P48415,Q12004,0,0.7177751214600391,1,one_unseen,mlp,aac_ctd,42
P28496,Q08966,0,0.12773302529804353,0,one_unseen,mlp,aac_ctd,42
P36068,P40992,0,0.6212025404136989,1,one_unseen,mlp,aac_ctd,42
P23301,P38967,0,0.1318300206419356,0,one_unseen,mlp,aac_ctd,42
P32381,P39520,0,0.45620010659388954,0,one_unseen,mlp,aac_ctd,42
Q00723,Q04958,0,0.4222322699547698,0,one_unseen,mlp,aac_ctd,42
P38856,Q01329,0,0.7461723749467313,1,one_unseen,mlp,aac_ctd,42
P40582,Q02804,0,0.1360293571587805,0,one_unseen,mlp,aac_ctd,42
P38302,Q12396,0,0.08461659099348094,0,one_unseen,mlp,aac_ctd,42
P28496,Q06648,0,0.19290704678615572,0,one_unseen,mlp,aac_ctd,42
P40529,P43555,0,0.2847319384778838,0,one_unseen,mlp,aac_ctd,42
P36057,Q00381,0,0.03127294315107955,0,one_unseen,mlp,aac_ctd,42
P36034,Q05024,0,0.0703666064416301,0,one_unseen,mlp,aac_ctd,42
P32800,P39685,0,0.6391508755096125,1,one_unseen,mlp,aac_ctd,42
P39744,P53116,0,0.29450983593434726,0,one_unseen,mlp,aac_ctd,42
P32805,Q04195,0,0.6604355770042339,1,one_unseen,mlp,aac_ctd,42
P39706,Q08886,0,0.47251985904987837,0,one_unseen,mlp,aac_ctd,42
P47011,P53633,0,0.0666714553144007,0,one_unseen,mlp,aac_ctd,42
P32468,P53044,0,0.8492472855741139,1,one_unseen,mlp,aac_ctd,42
P38962,Q06543,0,0.03777140154571494,0,one_unseen,mlp,aac_ctd,42
P34238,P38634,0,0.19088272525177769,0,one_unseen,mlp,aac_ctd,42
P32447,P32803,0,0.3967769439257828,0,one_unseen,mlp,aac_ctd,42
Q03750,Q06405,0,0.0034123482014563125,0,one_unseen,mlp,aac_ctd,42
P20434,P53286,0,0.4313367057807317,0,one_unseen,mlp,aac_ctd,42
P00830,P03069,0,0.5615487906633078,1,one_unseen,mlp,aac_ctd,42
P10592,P16451,0,0.6862025345294834,1,one_unseen,mlp,aac_ctd,42
P40960,Q04226,0,0.32291213094989396,0,one_unseen,mlp,aac_ctd,42
P25580,Q04272,0,0.6895660484097547,1,one_unseen,mlp,aac_ctd,42
P07250,P38911,0,0.3452779774490523,0,one_unseen,mlp,aac_ctd,42
O14455,Q08278,0,0.023531809547873,0,one_unseen,mlp,aac_ctd,42
P49334,Q05021,0,0.5777805006619335,1,one_unseen,mlp,aac_ctd,42
P36016,P53912,0,0.7279865837012334,1,one_unseen,mlp,aac_ctd,42
P33421,Q12306,0,0.031062546998789894,0,one_unseen,mlp,aac_ctd,42
Q05031,Q08204,0,0.3406885773820331,0,one_unseen,mlp,aac_ctd,42
P23291,P50104,0,0.5489618100403136,1,one_unseen,mlp,aac_ctd,42
P07261,Q12208,0,0.2671472843768211,0,one_unseen,mlp,aac_ctd,42
P28004,P53600,0,0.4228954435166611,0,one_unseen,mlp,aac_ctd,42
P38962,Q07478,0,0.20412491031445373,0,one_unseen,mlp,aac_ctd,42
P40187,Q12469,0,0.677888102206259,1,one_unseen,mlp,aac_ctd,42
P08638,P38987,0,0.38406037923435116,0,one_unseen,mlp,aac_ctd,42
P22140,P38996,0,0.14515225572655582,0,one_unseen,mlp,aac_ctd,42
P11747,P39715,0,0.31467968808203267,0,one_unseen,mlp,aac_ctd,42
P23585,Q05027,0,0.02679721954612434,0,one_unseen,mlp,aac_ctd,42
P50094,Q03406,0,0.7343559790872171,1,one_unseen,mlp,aac_ctd,42
P11710,P12868,0,0.15006636472895218,0,one_unseen,mlp,aac_ctd,42
P46680,Q06631,0,0.5054691722630695,1,one_unseen,mlp,aac_ctd,42
P33303,Q04226,0,0.3053313699182155,0,one_unseen,mlp,aac_ctd,42
P38042,P39685,0,0.6242283001348373,1,one_unseen,mlp,aac_ctd,42
P43563,Q03465,0,0.42713977625996286,0,one_unseen,mlp,aac_ctd,42
P38523,Q01649,0,0.6148655829748266,1,one_unseen,mlp,aac_ctd,42
P32558,Q06251,0,0.8008630075282279,1,one_unseen,mlp,aac_ctd,42
Q08229,Q08553,0,0.5160969198778638,1,one_unseen,mlp,aac_ctd,42
P07149,P36027,0,0.08771477521007369,0,one_unseen,mlp,aac_ctd,42
P32828,P32898,0,0.3386834037539903,0,one_unseen,mlp,aac_ctd,42
P28320,Q06406,0,0.8333256042739899,1,one_unseen,mlp,aac_ctd,42
P13185,P40475,0,0.48601236505952256,0,one_unseen,mlp,aac_ctd,42
P32527,P38695,0,0.11945805834087045,0,one_unseen,mlp,aac_ctd,42
P18494,P53061,0,0.6725536335325363,1,one_unseen,mlp,aac_ctd,42
O13297,P22209,0,0.6274927340616308,1,one_unseen,mlp,aac_ctd,42
P19097,Q99278,0,0.41427986130997263,0,one_unseen,mlp,aac_ctd,42
P53215,Q07381,0,0.12894395332625835,0,one_unseen,mlp,aac_ctd,42
P13434,P21192,0,0.3388954584761488,0,one_unseen,mlp,aac_ctd,42
P51534,Q08553,0,0.5366406027274414,1,one_unseen,mlp,aac_ctd,42
P37838,P89102,0,0.7935511667646235,1,one_unseen,mlp,aac_ctd,42
P53540,Q12082,0,0.3112812645382433,0,one_unseen,mlp,aac_ctd,42
P11484,Q07914,0,0.48704007295289775,0,one_unseen,mlp,aac_ctd,42
P40438,P53081,0,0.4242314365269565,0,one_unseen,mlp,aac_ctd,42
P36094,P38072,0,0.14296826589543227,0,one_unseen,mlp,aac_ctd,42
P23833,P39958,0,0.16330968684775973,0,one_unseen,mlp,aac_ctd,42
P46954,Q03899,0,0.548594174427738,1,one_unseen,mlp,aac_ctd,42
P22141,P32564,0,0.20285938811384358,0,one_unseen,mlp,aac_ctd,42
P39729,Q03406,0,0.8583323546357039,1,one_unseen,mlp,aac_ctd,42
P38111,Q01389,0,0.8048719495184641,1,one_unseen,mlp,aac_ctd,42
P38902,Q12241,0,0.19482341020132626,0,one_unseen,mlp,aac_ctd,42
P19880,P40151,0,0.6491913448911153,1,one_unseen,mlp,aac_ctd,42
P49435,Q00711,0,0.7448124991241089,1,one_unseen,mlp,aac_ctd,42
P40885,Q04305,0,0.10708722484181704,0,one_unseen,mlp,aac_ctd,42
P16661,P38523,0,0.49856309536058935,0,one_unseen,mlp,aac_ctd,42
P38523,Q03957,0,0.7072849484322994,1,one_unseen,mlp,aac_ctd,42
P07342,Q03697,0,0.1626571849960887,0,one_unseen,mlp,aac_ctd,42
P18239,Q03018,0,0.5537864399268776,1,one_unseen,mlp,aac_ctd,42
P40343,Q12100,0,0.7499955490249816,1,one_unseen,mlp,aac_ctd,42
P38826,P50101,0,0.81516878906164,1,one_unseen,mlp,aac_ctd,42
P53108,P53211,0,0.07342567213343806,0,one_unseen,mlp,aac_ctd,42
Q03323,Q03900,0,0.6304806794898994,1,one_unseen,mlp,aac_ctd,42
P32527,P53337,0,0.034765966657848195,0,one_unseen,mlp,aac_ctd,42
P40959,P53096,0,0.6921987963189705,1,one_unseen,mlp,aac_ctd,42
P32589,P35817,0,0.4982401819260864,0,one_unseen,mlp,aac_ctd,42
P32502,P38272,0,0.45590758525492175,0,one_unseen,mlp,aac_ctd,42
P32492,Q08923,0,0.44168451711207635,0,one_unseen,mlp,aac_ctd,42
Q03956,Q06205,0,0.4113358896934311,0,one_unseen,mlp,aac_ctd,42
P26188,Q00772,0,0.5149180971801784,1,one_unseen,mlp,aac_ctd,42
P39101,Q06163,0,0.5801879205218972,1,one_unseen,mlp,aac_ctd,42
O74700,Q99278,0,0.47058737013347757,0,one_unseen,mlp,aac_ctd,42
P34238,Q08886,0,0.04916640172966719,0,one_unseen,mlp,aac_ctd,42
P16521,P32787,0,0.6120022171918198,1,one_unseen,mlp,aac_ctd,42
P46671,Q06449,0,0.3574381770343864,0,one_unseen,mlp,aac_ctd,42
P17106,Q03940,0,0.4773729011951242,0,one_unseen,mlp,aac_ctd,42
P40495,P43604,0,0.5849201540607364,1,one_unseen,mlp,aac_ctd,42
P38805,Q06677,0,0.25685027714230135,0,one_unseen,mlp,aac_ctd,42
P53924,Q06224,0,0.8314911038218251,1,one_unseen,mlp,aac_ctd,42
P14906,Q06551,0,0.06009994710499186,0,one_unseen,mlp,aac_ctd,42
Q06091,Q12082,0,0.002724041913546291,0,one_unseen,mlp,aac_ctd,42
P14906,Q12009,0,0.6860052107131472,1,one_unseen,mlp,aac_ctd,42
P23585,P38792,0,0.051419745947016274,0,one_unseen,mlp,aac_ctd,42
P24004,P40187,0,0.700580049008023,1,one_unseen,mlp,aac_ctd,42
P06775,P53851,0,0.1951710710355955,0,one_unseen,mlp,aac_ctd,42
P53215,Q05670,0,0.35551496353098283,0,one_unseen,mlp,aac_ctd,42
P13186,P22035,0,0.8235215214576366,1,one_unseen,mlp,aac_ctd,42
P40457,P53959,0,0.5474498318366456,1,one_unseen,mlp,aac_ctd,42
P50874,Q12522,0,0.20888614037737782,0,one_unseen,mlp,aac_ctd,42
P24867,P38429,0,0.25201591778268945,0,one_unseen,mlp,aac_ctd,42
P87108,Q03263,0,0.004243720137723096,0,one_unseen,mlp,aac_ctd,42
P07347,P29055,0,0.4365951468012707,0,one_unseen,mlp,aac_ctd,42
P20434,Q06412,0,0.7004547207706926,1,one_unseen,mlp,aac_ctd,42
P18238,P30624,0,0.34203957496459136,0,one_unseen,mlp,aac_ctd,42
Q04935,Q05610,0,0.7087827344504593,1,one_unseen,mlp,aac_ctd,42
P39704,Q03337,0,0.07482028256941699,0,one_unseen,mlp,aac_ctd,42
P32829,Q03976,0,0.19679162981936646,0,one_unseen,mlp,aac_ctd,42
P14741,Q06339,0,0.7297666641655578,1,one_unseen,mlp,aac_ctd,42
P21190,P39960,0,0.6274667129685121,1,one_unseen,mlp,aac_ctd,42
P28791,P40455,0,0.8378254093378581,1,one_unseen,mlp,aac_ctd,42
Q07887,Q12361,0,0.2135187675624387,0,one_unseen,mlp,aac_ctd,42
P23202,P53959,0,0.8928924599119075,1,one_unseen,mlp,aac_ctd,42
P07250,P25303,0,0.5102655399531911,1,one_unseen,mlp,aac_ctd,42
P32618,P43563,0,0.5838754611648478,1,one_unseen,mlp,aac_ctd,42
P32794,P53740,0,0.5040854149596462,1,one_unseen,mlp,aac_ctd,42
P36057,P38786,0,0.5093853473790765,1,one_unseen,mlp,aac_ctd,42
Q03656,Q03750,0,0.428819778791329,0,one_unseen,mlp,aac_ctd,42
Q08817,Q12035,0,0.9455621183566149,1,one_unseen,mlp,aac_ctd,42
P32829,Q06679,0,0.8009105903557499,1,one_unseen,mlp,aac_ctd,42
P28320,P40541,0,0.6693757541237874,1,one_unseen,mlp,aac_ctd,42
P38620,P39952,0,0.7333251996501213,1,one_unseen,mlp,aac_ctd,42
P16387,Q03940,0,0.6693904352555369,1,one_unseen,mlp,aac_ctd,42
P32917,Q01684,0,0.7632597517184482,1,one_unseen,mlp,aac_ctd,42
P32788,P53299,0,0.049654755030736214,0,one_unseen,mlp,aac_ctd,42
P00817,P15367,0,0.35777599767514423,0,one_unseen,mlp,aac_ctd,42
P41805,Q05931,0,0.30559173469678824,0,one_unseen,mlp,aac_ctd,42
P21957,Q06177,0,0.6495428068675567,1,one_unseen,mlp,aac_ctd,42
P40092,Q12415,0,0.010915821629464657,0,one_unseen,mlp,aac_ctd,42
P53147,Q08235,0,0.6310282833250898,1,one_unseen,mlp,aac_ctd,42
P34161,P47185,0,0.3841313738070393,0,one_unseen,mlp,aac_ctd,42
P11978,P38523,0,0.3717813766953021,0,one_unseen,mlp,aac_ctd,42
P00358,P07390,0,0.5386932742872699,1,one_unseen,mlp,aac_ctd,42
P15367,P25344,0,0.27084744041114844,0,one_unseen,mlp,aac_ctd,42
P22276,P53851,0,0.5367753250620086,1,one_unseen,mlp,aac_ctd,42
P53930,Q04477,0,0.6162892060251502,1,one_unseen,mlp,aac_ctd,42
P23833,P89886,0,0.3227972073846668,0,one_unseen,mlp,aac_ctd,42
P19659,P35207,0,0.3452004760054538,0,one_unseen,mlp,aac_ctd,42
P14908,P33331,0,0.2615677985310156,0,one_unseen,mlp,aac_ctd,42
P36165,P41543,0,0.2904918632078993,0,one_unseen,mlp,aac_ctd,42
P18238,P53064,0,0.4624821142632839,0,one_unseen,mlp,aac_ctd,42
P04819,P53924,0,0.8121590431179697,1,one_unseen,mlp,aac_ctd,42
P04821,P20484,0,0.7763872096614699,1,one_unseen,mlp,aac_ctd,42
P38967,Q12329,0,0.09967932263655814,0,one_unseen,mlp,aac_ctd,42
P06701,P39704,0,0.015758977296614154,0,one_unseen,mlp,aac_ctd,42
Q05359,Q05778,0,0.20178884878181017,0,one_unseen,mlp,aac_ctd,42
P07270,Q06675,0,0.3778370331472198,0,one_unseen,mlp,aac_ctd,42
P32898,P38911,0,0.357553881079832,0,one_unseen,mlp,aac_ctd,42
P35203,Q12035,0,0.8016177599081064,1,one_unseen,mlp,aac_ctd,42
P15442,Q04437,0,0.5694755305251169,1,one_unseen,mlp,aac_ctd,42
P38272,P53250,0,0.22758396423747665,0,one_unseen,mlp,aac_ctd,42
P29509,P41817,0,0.8173669546243116,1,one_unseen,mlp,aac_ctd,42
P09064,P20676,0,0.31192262765620093,0,one_unseen,mlp,aac_ctd,42
P10566,Q12411,0,0.2627672038421614,0,one_unseen,mlp,aac_ctd,42
P14736,P38429,0,0.6359659491387988,1,one_unseen,mlp,aac_ctd,42
P38819,P53250,0,0.04319649048753662,0,one_unseen,mlp,aac_ctd,42
O74700,P17536,0,0.7203030328309702,1,one_unseen,mlp,aac_ctd,42
P38817,P47134,0,0.6019117530766921,1,one_unseen,mlp,aac_ctd,42
P02994,P33296,0,0.16976732828554453,0,one_unseen,mlp,aac_ctd,42
P32628,Q12336,0,0.05374681834807204,0,one_unseen,mlp,aac_ctd,42
P32583,Q03758,0,0.07205872363419337,0,one_unseen,mlp,aac_ctd,42
P47185,Q08492,0,0.08888460405932262,0,one_unseen,mlp,aac_ctd,42
P20484,P50091,0,0.7419578630292185,1,one_unseen,mlp,aac_ctd,42
P31377,P38860,0,0.8404397708726196,1,one_unseen,mlp,aac_ctd,42
P40360,Q00578,0,0.46654081131567166,0,one_unseen,mlp,aac_ctd,42
P33303,P37303,0,0.3176075104116328,0,one_unseen,mlp,aac_ctd,42
P38111,P53930,0,0.24045970552003165,0,one_unseen,mlp,aac_ctd,42
P40970,Q08465,0,0.6613999245675761,1,one_unseen,mlp,aac_ctd,42
P27515,Q04636,0,0.5986621340524725,1,one_unseen,mlp,aac_ctd,42
P36057,P38198,0,0.2765693441732593,0,one_unseen,mlp,aac_ctd,42
P32836,P38863,0,0.42733497960540495,0,one_unseen,mlp,aac_ctd,42
P38636,Q12243,0,0.0015086908267450381,0,one_unseen,mlp,aac_ctd,42
P53863,P54791,0,0.5972448917354235,1,one_unseen,mlp,aac_ctd,42
P32836,P40512,0,0.64329079347922,1,one_unseen,mlp,aac_ctd,42
P38082,Q08285,0,0.7119938993336038,1,one_unseen,mlp,aac_ctd,42
P38784,P43563,0,0.06500842586295945,0,one_unseen,mlp,aac_ctd,42
P38708,Q07800,0,0.6755967042267021,1,one_unseen,mlp,aac_ctd,42
P43638,Q02776,0,0.7328008795303348,1,one_unseen,mlp,aac_ctd,42
P38776,Q06580,0,0.03376566805790566,0,one_unseen,mlp,aac_ctd,42
P36125,P38860,0,0.14539205121365043,0,one_unseen,mlp,aac_ctd,42
P38156,P40092,0,0.0762229630956344,0,one_unseen,mlp,aac_ctd,42
P40465,Q04958,0,0.5152387542226853,1,one_unseen,mlp,aac_ctd,42
Q08923,Q12418,0,0.4571622506705983,0,one_unseen,mlp,aac_ctd,42
P32341,P53959,0,0.1623984586218792,0,one_unseen,mlp,aac_ctd,42
P40548,P80428,0,0.3927526943872897,0,one_unseen,mlp,aac_ctd,42
P47134,Q03103,0,0.6889078336972747,1,one_unseen,mlp,aac_ctd,42
P42941,Q04307,0,0.05433661481044715,0,one_unseen,mlp,aac_ctd,42
P38153,P53171,0,0.190769208752728,0,one_unseen,mlp,aac_ctd,42
P33200,Q02892,0,0.36193545122390897,0,one_unseen,mlp,aac_ctd,42
P39101,P53740,0,0.7167985168607948,1,one_unseen,mlp,aac_ctd,42
P54791,Q06102,0,0.6702634308053818,1,one_unseen,mlp,aac_ctd,42
P39987,P41811,0,0.5147489702783924,1,one_unseen,mlp,aac_ctd,42
P32521,P80428,0,0.8373362006922764,1,one_unseen,mlp,aac_ctd,42
P53551,Q12418,0,0.9300538769805694,1,one_unseen,mlp,aac_ctd,42
P36017,P37366,0,0.2423322628301498,0,one_unseen,mlp,aac_ctd,42
P01119,P22517,0,0.5801157510543483,1,one_unseen,mlp,aac_ctd,42
P24384,P40073,0,0.1579639793549488,0,one_unseen,mlp,aac_ctd,42
P40020,P53145,0,0.7082564946211927,1,one_unseen,mlp,aac_ctd,42
P53044,Q02908,0,0.2950696415881493,0,one_unseen,mlp,aac_ctd,42
P38077,Q04231,0,0.8456827218974743,1,one_unseen,mlp,aac_ctd,42
P32833,Q07963,0,0.7276137935018805,1,one_unseen,mlp,aac_ctd,42
P29468,Q08119,0,0.43766267334744197,0,one_unseen,mlp,aac_ctd,42
P53096,P53237,0,0.6731515491630155,1,one_unseen,mlp,aac_ctd,42
P39952,P53125,0,0.0975412859459333,0,one_unseen,mlp,aac_ctd,42
P32379,Q07800,0,0.48199159389292984,0,one_unseen,mlp,aac_ctd,42
P08638,P50278,0,0.8274218204154584,1,one_unseen,mlp,aac_ctd,42
P07273,P40482,0,0.6557017218451484,1,one_unseen,mlp,aac_ctd,42
P38801,P39112,0,0.7345569122483423,1,one_unseen,mlp,aac_ctd,42
P35207,P43609,0,0.861850050352966,1,one_unseen,mlp,aac_ctd,42
P38727,Q06412,0,0.4384332294246692,0,one_unseen,mlp,aac_ctd,42
P32855,P47152,0,0.27556678262502304,0,one_unseen,mlp,aac_ctd,42
P06775,P38998,0,0.35199292375219393,0,one_unseen,mlp,aac_ctd,42
P36129,Q12050,0,0.028369752103620072,0,one_unseen,mlp,aac_ctd,42
P11747,P38962,0,0.03562443635459541,0,one_unseen,mlp,aac_ctd,42
P39016,P53167,0,0.6435937847108781,1,one_unseen,mlp,aac_ctd,42
P29539,P36165,0,0.7590204699256262,1,one_unseen,mlp,aac_ctd,42
Q04368,Q06224,0,0.9006227767664592,1,one_unseen,mlp,aac_ctd,42
P47012,P53823,0,0.48200012580726204,0,one_unseen,mlp,aac_ctd,42
P32327,P41544,0,0.27036841004211504,0,one_unseen,mlp,aac_ctd,42
P38727,Q02199,0,0.8066766155884814,1,one_unseen,mlp,aac_ctd,42
P36008,Q03323,0,0.6352964935084046,1,one_unseen,mlp,aac_ctd,42
P43622,Q03785,0,0.12262769706950231,0,one_unseen,mlp,aac_ctd,42
P32502,P53337,0,0.08587355973836651,0,one_unseen,mlp,aac_ctd,42
P34161,Q12443,0,0.26160589498060965,0,one_unseen,mlp,aac_ctd,42
P38191,Q12363,0,0.3802067942780552,0,one_unseen,mlp,aac_ctd,42
P17106,Q12300,0,0.1285689867765497,0,one_unseen,mlp,aac_ctd,42
P19735,P40352,0,0.6611235924156569,1,one_unseen,mlp,aac_ctd,42
P23833,P40471,0,0.25685634623277054,0,one_unseen,mlp,aac_ctd,42
P07261,Q06200,0,0.41404646162266256,0,one_unseen,mlp,aac_ctd,42
P38819,Q06479,0,0.07918365378676699,0,one_unseen,mlp,aac_ctd,42
P15891,Q07350,0,0.6490773468782389,1,one_unseen,mlp,aac_ctd,42
P32499,P40554,0,0.7525002582646569,1,one_unseen,mlp,aac_ctd,42
P53181,Q06630,0,0.0053179921096045005,0,one_unseen,mlp,aac_ctd,42
P38429,P41912,0,0.5959741713684005,1,one_unseen,mlp,aac_ctd,42
P40991,Q01159,0,0.6150878003436819,1,one_unseen,mlp,aac_ctd,42
P38794,P53824,0,0.6907496962744832,1,one_unseen,mlp,aac_ctd,42
P47012,P53959,0,0.4868188555473439,0,one_unseen,mlp,aac_ctd,42
P26448,Q04958,0,0.3372574168913723,0,one_unseen,mlp,aac_ctd,42
P40360,P40395,0,0.36517689009866566,0,one_unseen,mlp,aac_ctd,42
Q08215,Q12402,0,0.5413699890335718,1,one_unseen,mlp,aac_ctd,42
P53552,Q01329,0,0.4818637844524771,0,one_unseen,mlp,aac_ctd,42
P38708,P40456,0,0.6294937555512179,1,one_unseen,mlp,aac_ctd,42
P38801,Q01080,0,0.7441322322922633,1,one_unseen,mlp,aac_ctd,42
P39723,Q03750,0,0.5524186222633201,1,one_unseen,mlp,aac_ctd,42
P38298,P39960,0,0.24444440876289417,0,one_unseen,mlp,aac_ctd,42
P38959,P39928,0,0.39567836137598433,0,one_unseen,mlp,aac_ctd,42
Q08465,Q12341,0,0.6558861716291465,1,one_unseen,mlp,aac_ctd,42
Q03323,Q03862,0,0.3882979274982743,0,one_unseen,mlp,aac_ctd,42
P35177,P40541,0,0.6897054620715786,1,one_unseen,mlp,aac_ctd,42
P39706,Q06651,0,0.039517874529054926,0,one_unseen,mlp,aac_ctd,42
P11972,P53081,0,0.8489075718894749,1,one_unseen,mlp,aac_ctd,42
P07250,P34162,0,0.30368978637594723,0,one_unseen,mlp,aac_ctd,42
Q05933,Q06677,0,0.6080007647608362,1,one_unseen,mlp,aac_ctd,42
P43572,P53754,0,0.68377836171627,1,one_unseen,mlp,aac_ctd,42
P28743,P40352,0,0.7281428328640768,1,one_unseen,mlp,aac_ctd,42
P04050,P41920,0,0.5059903281150507,1,one_unseen,mlp,aac_ctd,42
P13186,P32494,0,0.49439786437266586,0,one_unseen,mlp,aac_ctd,42
P09119,P39520,0,0.21030426205576985,0,one_unseen,mlp,aac_ctd,42
P33411,P38702,0,0.13062210335349148,0,one_unseen,mlp,aac_ctd,42
Q12264,Q12297,0,0.005936940752345205,0,one_unseen,mlp,aac_ctd,42
P32899,P39704,0,0.0406014017654017,0,one_unseen,mlp,aac_ctd,42
P08456,P41808,0,0.28679118089728556,0,one_unseen,mlp,aac_ctd,42
P35191,P39723,0,0.3674723323358741,0,one_unseen,mlp,aac_ctd,42
P07342,P47822,0,0.13862837658461155,0,one_unseen,mlp,aac_ctd,42
P32468,P53115,0,0.7576692542844513,1,one_unseen,mlp,aac_ctd,42
P13712,P38811,0,0.756548803845296,1,one_unseen,mlp,aac_ctd,42
P31378,P32829,0,0.6077366056461975,1,one_unseen,mlp,aac_ctd,42
P25604,P38920,0,0.3613812353669216,0,one_unseen,mlp,aac_ctd,42
P06700,P32334,0,0.023554207590041787,0,one_unseen,mlp,aac_ctd,42
P25344,P50090,0,0.43232595659225165,0,one_unseen,mlp,aac_ctd,42
P32328,P48568,0,0.4690191055818344,0,one_unseen,mlp,aac_ctd,42
P38310,Q00873,0,0.6038903215093436,1,one_unseen,mlp,aac_ctd,42
P10566,P53538,0,0.08483528538633008,0,one_unseen,mlp,aac_ctd,42
P25580,P42839,0,0.7146677036609496,1,one_unseen,mlp,aac_ctd,42
P43601,P47037,0,0.7054000121721274,1,one_unseen,mlp,aac_ctd,42
P32602,Q06598,0,0.07635521789087046,0,one_unseen,mlp,aac_ctd,42
P53299,Q03954,0,0.36669334293010364,0,one_unseen,mlp,aac_ctd,42
P32558,Q12450,0,0.02588567354344102,0,one_unseen,mlp,aac_ctd,42
P46961,P53323,0,0.051047427442689655,0,one_unseen,mlp,aac_ctd,42
P14737,P25358,0,0.0921463442626141,0,one_unseen,mlp,aac_ctd,42
P32558,P32854,0,0.5231983672079792,1,one_unseen,mlp,aac_ctd,42
P40064,P48510,0,0.4357627503625893,0,one_unseen,mlp,aac_ctd,42
P36016,Q01939,0,0.5804019730434329,1,one_unseen,mlp,aac_ctd,42
P17629,Q08553,0,0.38863338692389526,0,one_unseen,mlp,aac_ctd,42
P06704,P39101,0,0.8385818500746044,1,one_unseen,mlp,aac_ctd,42
P39534,P40395,0,0.3941776287204864,0,one_unseen,mlp,aac_ctd,42
P01149,P39717,0,0.2716814163774472,0,one_unseen,mlp,aac_ctd,42
P33419,P40357,0,0.5331535574575559,1,one_unseen,mlp,aac_ctd,42
P38262,Q12063,0,0.8327929233745808,1,one_unseen,mlp,aac_ctd,42
P38960,P41546,0,0.45612377050826375,0,one_unseen,mlp,aac_ctd,42
P21691,Q01560,0,0.3523335474125416,0,one_unseen,mlp,aac_ctd,42
P47061,P53250,0,0.3792431986894987,0,one_unseen,mlp,aac_ctd,42
P07347,P36121,0,0.355494755826414,0,one_unseen,mlp,aac_ctd,42
P38989,P53952,0,0.3899759501733671,0,one_unseen,mlp,aac_ctd,42
P15873,P38860,0,0.7537521563396787,1,one_unseen,mlp,aac_ctd,42
P20449,P38960,0,0.7558478787422975,1,one_unseen,mlp,aac_ctd,42
P28000,Q06651,0,0.21158613984728158,0,one_unseen,mlp,aac_ctd,42
P36131,Q01684,0,0.5699253022994969,1,one_unseen,mlp,aac_ctd,42
Q12327,Q12389,0,0.6042115565665267,1,one_unseen,mlp,aac_ctd,42
P13856,P40356,0,0.7023281312785377,1,one_unseen,mlp,aac_ctd,42
P25648,Q08902,0,0.015343277026715231,0,one_unseen,mlp,aac_ctd,42
P25656,Q02205,0,0.8141857979740822,1,one_unseen,mlp,aac_ctd,42
Q06339,Q08004,0,0.1425568684259536,0,one_unseen,mlp,aac_ctd,42
P52917,Q12129,0,0.4124656015447463,0,one_unseen,mlp,aac_ctd,42
P12887,Q06160,0,0.5606940274001989,1,one_unseen,mlp,aac_ctd,42
P07274,P38811,0,0.6333767509376702,1,one_unseen,mlp,aac_ctd,42
P46956,P48234,0,0.299489621523167,0,one_unseen,mlp,aac_ctd,42
P12294,Q12019,0,0.6442041730266147,1,one_unseen,mlp,aac_ctd,42
P36037,Q08902,0,0.018642247247662672,0,one_unseen,mlp,aac_ctd,42
P40020,P53236,0,0.5965734143584484,1,one_unseen,mlp,aac_ctd,42
P07257,Q03656,0,0.44520827403153607,0,one_unseen,mlp,aac_ctd,42
P53823,Q06640,0,0.44548928614686173,0,one_unseen,mlp,aac_ctd,42
P40095,Q99190,0,0.03691259040744264,0,one_unseen,mlp,aac_ctd,42
P00830,P21538,0,0.5941109503618148,1,one_unseen,mlp,aac_ctd,42
P39531,P53959,0,0.7319096199180497,1,one_unseen,mlp,aac_ctd,42
P32916,P36973,0,0.4899429990250068,0,one_unseen,mlp,aac_ctd,42
P33311,P43545,0,0.6340996737943072,1,one_unseen,mlp,aac_ctd,42
P14680,Q03976,0,0.6410458801304418,1,one_unseen,mlp,aac_ctd,42
P00420,P30619,0,0.0656806614690184,0,one_unseen,mlp,aac_ctd,42
P11914,Q12464,0,0.46113731392150625,0,one_unseen,mlp,aac_ctd,42
P53124,Q08685,0,0.47294915753635147,0,one_unseen,mlp,aac_ctd,42
P07261,P12383,0,0.4723718650290732,0,one_unseen,mlp,aac_ctd,42
P32558,Q06551,0,0.0954899369925794,0,one_unseen,mlp,aac_ctd,42
P28743,P32803,0,0.3061570221513438,0,one_unseen,mlp,aac_ctd,42
P53952,Q07986,0,0.2192227507349555,0,one_unseen,mlp,aac_ctd,42
P09734,P41817,0,0.7932490746116297,1,one_unseen,mlp,aac_ctd,42
P15367,P32855,0,0.38684909891499974,0,one_unseen,mlp,aac_ctd,42
P10961,Q12071,0,0.5565532206306448,1,one_unseen,mlp,aac_ctd,42
P25297,P38153,0,0.4014730444549052,0,one_unseen,mlp,aac_ctd,42
P40352,Q12018,0,0.7330013939741488,1,one_unseen,mlp,aac_ctd,42
P25441,P53086,0,0.42684000590161386,0,one_unseen,mlp,aac_ctd,42
P07264,P38111,0,0.7220115952453108,1,one_unseen,mlp,aac_ctd,42
P14906,P38344,0,0.620899699389032,1,one_unseen,mlp,aac_ctd,42
P25604,P35842,0,0.27300387188046,0,one_unseen,mlp,aac_ctd,42
P33411,Q01722,0,0.38658359716328944,0,one_unseen,mlp,aac_ctd,42
P32494,P38153,0,0.529602554424104,1,one_unseen,mlp,aac_ctd,42
P38627,P47115,0,0.28320017734142033,0,one_unseen,mlp,aac_ctd,42
P40960,P47171,0,0.7505828345110366,1,one_unseen,mlp,aac_ctd,42
P00175,Q03750,0,0.4008149277457821,0,one_unseen,mlp,aac_ctd,42
P21243,Q07800,0,0.8088120374505774,1,one_unseen,mlp,aac_ctd,42
P53924,Q06200,0,0.7531577597973009,1,one_unseen,mlp,aac_ctd,42
P38785,Q03323,0,0.6931934427551287,1,one_unseen,mlp,aac_ctd,42
P20434,Q12107,0,0.4123008858430937,0,one_unseen,mlp,aac_ctd,42
P32481,P53174,0,0.570365421116084,1,one_unseen,mlp,aac_ctd,42
P12887,P20438,0,0.6200966708170162,1,one_unseen,mlp,aac_ctd,42
P53145,P54784,0,0.5471779524979066,1,one_unseen,mlp,aac_ctd,42
P22224,P25441,0,0.6248187089952567,1,one_unseen,mlp,aac_ctd,42
P38867,Q08601,0,0.45612327143993253,0,one_unseen,mlp,aac_ctd,42
P53901,Q08465,0,0.8389248874893496,1,one_unseen,mlp,aac_ctd,42
P21691,Q06169,0,0.09025527719221597,0,one_unseen,mlp,aac_ctd,42
P32787,P47117,0,0.348506512701289,0,one_unseen,mlp,aac_ctd,42
P40456,P53271,0,0.5256731126683475,1,one_unseen,mlp,aac_ctd,42
Q12270,Q99176,0,0.06981582416018794,0,one_unseen,mlp,aac_ctd,42
P39717,P50875,0,0.3811946008166666,0,one_unseen,mlp,aac_ctd,42
P21304,P48566,0,0.7156697465196926,1,one_unseen,mlp,aac_ctd,42
P32805,P47052,0,0.9002049384171749,1,one_unseen,mlp,aac_ctd,42
P26798,P32528,0,0.39446456867600377,0,one_unseen,mlp,aac_ctd,42
P34218,Q06164,0,0.44773652902405797,0,one_unseen,mlp,aac_ctd,42
P10834,P33200,0,0.4281614779693003,0,one_unseen,mlp,aac_ctd,42
P38811,P42846,0,0.5951098787551887,1,one_unseen,mlp,aac_ctd,42
P25301,Q06651,0,0.38986658297199056,0,one_unseen,mlp,aac_ctd,42
Q03656,Q12321,0,0.6069887683571648,1,one_unseen,mlp,aac_ctd,42
P43602,P54791,0,0.23873834498929578,0,one_unseen,mlp,aac_ctd,42
P53250,Q06001,0,0.2988599097444382,0,one_unseen,mlp,aac_ctd,42
Q04067,Q12243,0,0.006188954233463857,0,one_unseen,mlp,aac_ctd,42
P38957,Q04693,0,0.6433239350824984,1,one_unseen,mlp,aac_ctd,42
P04786,P25453,0,0.3696323055094252,0,one_unseen,mlp,aac_ctd,42
P31377,P53244,0,0.6922850202840524,1,one_unseen,mlp,aac_ctd,42
P35207,Q03455,0,0.47986838783773544,0,one_unseen,mlp,aac_ctd,42
P00359,Q12174,0,0.25101480739524323,0,one_unseen,mlp,aac_ctd,42
P08456,P53032,0,0.13316333327387758,0,one_unseen,mlp,aac_ctd,42
P25371,Q03533,0,0.3402441155566377,0,one_unseen,mlp,aac_ctd,42
P38826,P40155,0,0.35099585555725205,0,one_unseen,mlp,aac_ctd,42
P39563,P53176,0,0.04879071765178135,0,one_unseen,mlp,aac_ctd,42
P25344,Q02939,0,0.4910282528488853,0,one_unseen,mlp,aac_ctd,42
P38627,P53877,0,0.5832910134747957,1,one_unseen,mlp,aac_ctd,42
Q03406,Q03455,0,0.593246140298398,1,one_unseen,mlp,aac_ctd,42
P27895,P36125,0,0.09014226256669745,0,one_unseen,mlp,aac_ctd,42
P05626,Q03898,0,0.4540022506966253,0,one_unseen,mlp,aac_ctd,42
P36120,P41815,0,0.17961559904754718,0,one_unseen,mlp,aac_ctd,42
P22203,P40475,0,0.42534553647054824,0,one_unseen,mlp,aac_ctd,42
P38699,Q02908,0,0.5520865203770238,1,one_unseen,mlp,aac_ctd,42
P32366,P33335,0,0.07421310184635943,0,one_unseen,mlp,aac_ctd,42
P20434,P53886,0,0.6792464905971326,1,one_unseen,mlp,aac_ctd,42
P00359,P06778,0,0.6977544910507685,1,one_unseen,mlp,aac_ctd,42
P32898,P36129,0,0.18835272083097696,0,one_unseen,mlp,aac_ctd,42
P32829,Q04272,0,0.7660406211800921,1,one_unseen,mlp,aac_ctd,42
P15790,P47053,0,0.26282028786693,0,one_unseen,mlp,aac_ctd,42
P15992,P40073,0,0.20881551309147955,0,one_unseen,mlp,aac_ctd,42
Q03661,Q03790,0,0.7637867818572543,1,one_unseen,mlp,aac_ctd,42
P38627,Q06168,0,0.6111289008657887,1,one_unseen,mlp,aac_ctd,42
P32787,P40892,0,0.17365224266018076,0,one_unseen,mlp,aac_ctd,42
P14680,P43622,0,0.04174241617582099,0,one_unseen,mlp,aac_ctd,42
P38272,Q12427,0,0.4969674356674159,0,one_unseen,mlp,aac_ctd,42
P12684,P39987,0,0.45272436917198083,0,one_unseen,mlp,aac_ctd,42
P10363,P46954,0,0.5749343489733788,1,one_unseen,mlp,aac_ctd,42
P15436,P40341,0,0.3346443769370567,0,one_unseen,mlp,aac_ctd,42
P11710,P49166,0,0.9052291285078792,1,one_unseen,mlp,aac_ctd,42
P38111,P53281,0,0.773605228130307,1,one_unseen,mlp,aac_ctd,42
P38860,P47129,0,0.811242808084343,1,one_unseen,mlp,aac_ctd,42
P32803,Q08214,0,0.015006316569373701,0,one_unseen,mlp,aac_ctd,42
P47025,Q06164,0,0.5946177521779913,1,one_unseen,mlp,aac_ctd,42
P40325,P40356,0,0.42700616351938236,0,one_unseen,mlp,aac_ctd,42
P17119,P43562,0,0.19839605157668816,0,one_unseen,mlp,aac_ctd,42
P27351,Q12321,0,0.8596230869894571,1,one_unseen,mlp,aac_ctd,42
P40204,Q08465,0,0.874106203358534,1,one_unseen,mlp,aac_ctd,42
P36036,P40963,0,0.11601605952855788,0,one_unseen,mlp,aac_ctd,42
P09959,Q04636,0,0.7205366710056914,1,one_unseen,mlp,aac_ctd,42
P40456,Q06410,0,0.6012201219184654,1,one_unseen,mlp,aac_ctd,42
P53883,Q12161,0,0.8998087797251845,1,one_unseen,mlp,aac_ctd,42
Q06245,Q12050,0,0.7458903043492539,1,one_unseen,mlp,aac_ctd,42
P40064,P47115,0,0.34531967915496725,0,one_unseen,mlp,aac_ctd,42
P07257,P53010,0,0.613431074896522,1,one_unseen,mlp,aac_ctd,42
P39517,P39735,0,0.36375090128173376,0,one_unseen,mlp,aac_ctd,42
P26798,P39987,0,0.2911721494050824,0,one_unseen,mlp,aac_ctd,42
P38998,P50104,0,0.7712566342929373,1,one_unseen,mlp,aac_ctd,42
Q01560,Q12066,0,0.574369464983077,1,one_unseen,mlp,aac_ctd,42
P25604,Q03976,0,0.25896239384758674,0,one_unseen,mlp,aac_ctd,42
P39996,P54885,0,0.8671556834682508,1,one_unseen,mlp,aac_ctd,42
P32327,Q12004,0,0.7244509902241079,1,one_unseen,mlp,aac_ctd,42
P47104,Q00711,0,0.6261535971225275,1,one_unseen,mlp,aac_ctd,42
P10961,P25390,0,0.6131795991161639,1,one_unseen,mlp,aac_ctd,42
P46669,Q06440,0,0.23206815461558894,0,one_unseen,mlp,aac_ctd,42
P40480,Q08465,0,0.7536093270972968,1,one_unseen,mlp,aac_ctd,42
P47037,Q12154,0,0.7838356400127349,1,one_unseen,mlp,aac_ctd,42
P33323,P53851,0,0.4033520112685379,0,one_unseen,mlp,aac_ctd,42
P21304,P38810,0,0.37865300106799155,0,one_unseen,mlp,aac_ctd,42
Q04673,Q12098,0,0.7448999382007334,1,one_unseen,mlp,aac_ctd,42
P03965,P33296,0,0.3473446834762435,0,one_unseen,mlp,aac_ctd,42
P38821,P53116,0,0.3174927208114179,0,one_unseen,mlp,aac_ctd,42
P38915,Q03018,0,0.5169046821238811,1,one_unseen,mlp,aac_ctd,42
P12294,P46957,0,0.7524605540213133,1,one_unseen,mlp,aac_ctd,42
P23639,P32570,0,0.03568246741742517,0,one_unseen,mlp,aac_ctd,42
P00420,P42945,0,0.14563535224230525,0,one_unseen,mlp,aac_ctd,42
P40495,P40513,0,0.03995207382766093,0,one_unseen,mlp,aac_ctd,42
P38262,P46680,0,0.4704063608028659,0,one_unseen,mlp,aac_ctd,42
P46964,Q03048,0,0.004125411200802893,0,one_unseen,mlp,aac_ctd,42
P53552,Q02206,0,0.6282137096572697,1,one_unseen,mlp,aac_ctd,42
P17214,P33301,0,0.1656560917845936,0,one_unseen,mlp,aac_ctd,42
P00899,P47185,0,0.27231793908769564,0,one_unseen,mlp,aac_ctd,42
P21705,Q00816,0,0.7169913257113403,1,one_unseen,mlp,aac_ctd,42
P15790,P38995,0,0.2127648559219498,0,one_unseen,mlp,aac_ctd,42
P25333,P35179,0,0.01568093700549346,0,one_unseen,mlp,aac_ctd,42
P32642,Q02732,0,0.5925528824464158,1,one_unseen,mlp,aac_ctd,42
P50091,P53116,0,0.03025716803987352,0,one_unseen,mlp,aac_ctd,42
P16151,P53974,0,0.6068310425740308,1,one_unseen,mlp,aac_ctd,42
P11747,Q08601,0,0.10693897001360635,0,one_unseen,mlp,aac_ctd,42
P52891,Q03697,0,0.2841315000476359,0,one_unseen,mlp,aac_ctd,42
P53952,Q08746,0,0.8747648273677684,1,one_unseen,mlp,aac_ctd,42
P28007,P40958,0,0.022225959002551705,0,one_unseen,mlp,aac_ctd,42
P47134,P53878,0,0.43128641222562614,0,one_unseen,mlp,aac_ctd,42
P21304,P32318,0,0.5221318659783077,1,one_unseen,mlp,aac_ctd,42
Q03758,Q06344,0,0.8149272834873289,1,one_unseen,mlp,aac_ctd,42
P04911,P40574,0,0.26848722146775017,0,one_unseen,mlp,aac_ctd,42
P39112,Q05933,0,0.6228126906076544,1,one_unseen,mlp,aac_ctd,42
P07272,P07347,0,0.3813225129512952,0,one_unseen,mlp,aac_ctd,42
P32478,P39702,0,0.013397532959424478,0,one_unseen,mlp,aac_ctd,42
P32915,P53847,0,0.08950853703208819,0,one_unseen,mlp,aac_ctd,42
P53344,Q12691,0,0.06847277690017085,0,one_unseen,mlp,aac_ctd,42
P40314,P53551,0,0.8516729597843458,1,one_unseen,mlp,aac_ctd,42
P26188,P40513,0,0.4809005246393401,0,one_unseen,mlp,aac_ctd,42
P30619,P38751,0,0.42555982265409065,0,one_unseen,mlp,aac_ctd,42
P50277,Q03263,0,0.23323988113629515,0,one_unseen,mlp,aac_ctd,42
P53952,P81450,0,0.010347613096600046,0,one_unseen,mlp,aac_ctd,42
P38692,P46676,0,0.6881381904808238,1,one_unseen,mlp,aac_ctd,42
P38753,P53215,0,0.6219388177084209,1,one_unseen,mlp,aac_ctd,42
P38856,Q08683,0,0.6789356662391935,1,one_unseen,mlp,aac_ctd,42
P06102,P46678,0,0.6050911697388692,1,one_unseen,mlp,aac_ctd,42
P39101,P53731,0,0.6661854563603588,1,one_unseen,mlp,aac_ctd,42
P21651,P80667,0,0.2681542633266077,0,one_unseen,mlp,aac_ctd,42
P46676,Q03954,0,0.4008214846878707,0,one_unseen,mlp,aac_ctd,42
P38810,P43555,0,0.24492938907440748,0,one_unseen,mlp,aac_ctd,42
P15442,P36168,0,0.7538601992801381,1,one_unseen,mlp,aac_ctd,42
P39101,P40507,0,0.40214057562038397,0,one_unseen,mlp,aac_ctd,42
P21192,P39720,0,0.6584643973803803,1,one_unseen,mlp,aac_ctd,42
P38144,Q05610,0,0.5764448473250418,1,one_unseen,mlp,aac_ctd,42
P38273,P80428,0,0.48842287490561437,0,one_unseen,mlp,aac_ctd,42
P28004,Q08911,0,0.8322695099548102,1,one_unseen,mlp,aac_ctd,42
P22135,P53152,0,0.36674808763622213,0,one_unseen,mlp,aac_ctd,42
P38957,Q06151,0,0.7429946626276407,1,one_unseen,mlp,aac_ctd,42
P40016,Q03263,0,0.07874270300076547,0,one_unseen,mlp,aac_ctd,42
P35497,Q06675,0,0.7875186474384761,1,one_unseen,mlp,aac_ctd,42
P28519,Q99176,0,0.18850178201844406,0,one_unseen,mlp,aac_ctd,42
P22224,P22804,0,0.6613607309092642,1,one_unseen,mlp,aac_ctd,42
P41818,P43612,0,0.30131099513768544,0,one_unseen,mlp,aac_ctd,42
Q03455,Q05021,0,0.24090476928136345,0,one_unseen,mlp,aac_ctd,42
P40561,Q08902,0,0.014233555586028205,0,one_unseen,mlp,aac_ctd,42
P35178,P42934,0,0.03117072089617091,0,one_unseen,mlp,aac_ctd,42
P38077,P42941,0,0.587012116281959,1,one_unseen,mlp,aac_ctd,42
Q06200,Q12098,0,0.33726139600532923,0,one_unseen,mlp,aac_ctd,42
Q12019,Q12055,0,0.8215350989446892,1,one_unseen,mlp,aac_ctd,42
P32471,P40348,0,0.450235427705417,0,one_unseen,mlp,aac_ctd,42
P06774,P41815,0,0.14425437832152965,0,one_unseen,mlp,aac_ctd,42
P40355,P40413,0,0.6196482799595167,1,one_unseen,mlp,aac_ctd,42
P38112,P53081,0,0.41553711513317515,0,one_unseen,mlp,aac_ctd,42
P14906,Q08550,0,0.5437016091529662,1,one_unseen,mlp,aac_ctd,42
P38811,P46655,0,0.6803493176501544,1,one_unseen,mlp,aac_ctd,42
P41815,Q02205,0,0.21218834672996575,0,one_unseen,mlp,aac_ctd,42
P38627,Q12083,0,0.7396356064026998,1,one_unseen,mlp,aac_ctd,42
P31412,Q12402,0,0.3292368258646879,0,one_unseen,mlp,aac_ctd,42
P40495,Q01722,0,0.5122285441363614,1,one_unseen,mlp,aac_ctd,42
P11709,Q01217,0,0.5288461130272784,1,one_unseen,mlp,aac_ctd,42
Q12035,Q12341,0,0.7759966861135531,1,one_unseen,mlp,aac_ctd,42
P32605,Q07914,0,0.27564586271186825,0,one_unseen,mlp,aac_ctd,42
P11710,P24719,0,0.08197953074827281,0,one_unseen,mlp,aac_ctd,42
P06774,P53048,0,0.39838479196302345,0,one_unseen,mlp,aac_ctd,42
P53858,Q04231,0,0.8767936105382599,1,one_unseen,mlp,aac_ctd,42
P17505,P39682,0,0.3447944029121168,0,one_unseen,mlp,aac_ctd,42
P22213,P24384,0,0.4819066150385618,0,one_unseen,mlp,aac_ctd,42
Q00816,Q08683,0,0.48598086396670637,0,one_unseen,mlp,aac_ctd,42
P38111,Q07921,0,0.16117503609444242,0,one_unseen,mlp,aac_ctd,42
P13711,P53174,0,0.37265786686353075,0,one_unseen,mlp,aac_ctd,42
P07149,Q12488,0,0.5633989508867675,1,one_unseen,mlp,aac_ctd,42
P12887,P22203,0,0.35407755014272213,0,one_unseen,mlp,aac_ctd,42
P14906,P32349,0,0.6664006115562936,1,one_unseen,mlp,aac_ctd,42
P38727,P87108,0,0.001020790009694432,0,one_unseen,mlp,aac_ctd,42
P38153,P38251,0,0.6110413420865298,1,one_unseen,mlp,aac_ctd,42
P52286,Q01722,0,0.4291668009645468,0,one_unseen,mlp,aac_ctd,42
P15992,Q03263,0,0.04195710086292688,0,one_unseen,mlp,aac_ctd,42
P53150,Q03455,0,0.19976617832820212,0,one_unseen,mlp,aac_ctd,42
Q12100,Q12192,0,0.7702459142330096,1,one_unseen,mlp,aac_ctd,42
P53215,Q05166,0,0.45640264236176675,0,one_unseen,mlp,aac_ctd,42
P00410,Q05031,0,0.3458231725535364,0,one_unseen,mlp,aac_ctd,42
P19263,P53181,0,0.012607586258914174,0,one_unseen,mlp,aac_ctd,42
P22517,Q00711,0,0.46514099932818853,0,one_unseen,mlp,aac_ctd,42
P25847,Q12420,0,0.6881231714439671,1,one_unseen,mlp,aac_ctd,42
P40339,Q12327,0,0.5946767797151682,1,one_unseen,mlp,aac_ctd,42
P21801,P38723,0,0.04645581906286947,0,one_unseen,mlp,aac_ctd,42
P53174,Q08749,0,0.0738294004819408,0,one_unseen,mlp,aac_ctd,42
P41546,Q00362,0,0.2995893020631603,0,one_unseen,mlp,aac_ctd,42
P32773,Q03323,0,0.6976320218879147,1,one_unseen,mlp,aac_ctd,42
P22209,P32345,0,0.31920055795601254,0,one_unseen,mlp,aac_ctd,42
P06775,P35207,0,0.1412040611397651,0,one_unseen,mlp,aac_ctd,42
P15790,P40970,0,0.7112199839199871,1,one_unseen,mlp,aac_ctd,42
P07257,P08431,0,0.43676338161542905,0,one_unseen,mlp,aac_ctd,42
P39962,Q03944,0,0.42862696433356856,0,one_unseen,mlp,aac_ctd,42
P46678,Q08601,0,0.8416031132660976,1,one_unseen,mlp,aac_ctd,42
P33304,P40541,0,0.6029319496217828,1,one_unseen,mlp,aac_ctd,42
P01119,P53215,0,0.2575091431650787,0,one_unseen,mlp,aac_ctd,42
P23776,Q12100,0,0.7891428576215446,1,one_unseen,mlp,aac_ctd,42
P21965,Q06339,0,0.744046500713843,1,one_unseen,mlp,aac_ctd,42
P12954,P38153,0,0.6496364173751707,1,one_unseen,mlp,aac_ctd,42
Q06102,Q08902,0,0.29499748864376574,0,one_unseen,mlp,aac_ctd,42
P53237,Q03661,0,0.3212509664665324,0,one_unseen,mlp,aac_ctd,42
P38208,P38727,0,0.690436528157559,1,one_unseen,mlp,aac_ctd,42
P17214,Q08204,0,0.2852323520377971,0,one_unseen,mlp,aac_ctd,42
P38988,Q12134,0,0.34112475643389517,0,one_unseen,mlp,aac_ctd,42
Q03323,Q06644,0,0.13163742375668844,0,one_unseen,mlp,aac_ctd,42
P25655,P46965,0,0.036475132310937096,0,one_unseen,mlp,aac_ctd,42
P39944,P39952,0,0.32671742360099204,0,one_unseen,mlp,aac_ctd,42
P38265,P38716,0,0.5823530457498531,1,one_unseen,mlp,aac_ctd,42
P05626,P38257,0,0.3985512735860326,0,one_unseen,mlp,aac_ctd,42
P36034,P43639,0,0.16590254396056847,0,one_unseen,mlp,aac_ctd,42
P06773,P53142,0,0.14509296096943633,0,one_unseen,mlp,aac_ctd,42
Q02574,Q05933,0,0.2567851686593962,0,one_unseen,mlp,aac_ctd,42
P23285,P49435,0,0.09000189306063337,0,one_unseen,mlp,aac_ctd,42
P38838,P53552,0,0.5259899559287725,1,one_unseen,mlp,aac_ctd,42
P35184,Q08109,0,0.31478790547759194,0,one_unseen,mlp,aac_ctd,42
P23291,P25569,0,0.2763425926361897,0,one_unseen,mlp,aac_ctd,42
O13530,P50945,0,2.417995576550175e-05,0,one_unseen,mlp,aac_ctd,42
P20050,P53141,0,0.8233744538764995,1,one_unseen,mlp,aac_ctd,42
P38699,Q04053,0,0.7796754090341661,1,one_unseen,mlp,aac_ctd,42
Q03661,Q12518,0,0.8197405326827314,1,one_unseen,mlp,aac_ctd,42
P47052,Q06096,0,0.526035637422816,1,one_unseen,mlp,aac_ctd,42
P00560,Q07458,0,0.94275197142943,1,one_unseen,mlp,aac_ctd,42
P06701,P38203,0,0.3346324928452139,0,one_unseen,mlp,aac_ctd,42
P33334,Q12161,0,0.3951322563582588,0,one_unseen,mlp,aac_ctd,42
P39994,P46669,0,0.3617584076191758,0,one_unseen,mlp,aac_ctd,42
P39715,P40971,0,0.773634529817042,1,one_unseen,mlp,aac_ctd,42
P43621,P52910,0,0.8078527685909118,1,one_unseen,mlp,aac_ctd,42
P40957,P50078,0,0.8731072138240522,1,one_unseen,mlp,aac_ctd,42
P07261,Q02776,0,0.21378894558728856,0,one_unseen,mlp,aac_ctd,42
P50277,P53344,0,0.17791892071107562,0,one_unseen,mlp,aac_ctd,42
P50078,P52488,0,0.7362924833343103,1,one_unseen,mlp,aac_ctd,42
P29703,P41817,0,0.578562276391312,1,one_unseen,mlp,aac_ctd,42
P32501,P32570,0,0.14802447833372548,0,one_unseen,mlp,aac_ctd,42
P41808,P47167,0,0.23438831853912517,0,one_unseen,mlp,aac_ctd,42
P25632,P25656,0,0.39875955446626843,0,one_unseen,mlp,aac_ctd,42
P38429,P40350,0,0.43477940784612795,0,one_unseen,mlp,aac_ctd,42
P32855,P38138,0,0.5618940842941955,1,one_unseen,mlp,aac_ctd,42
P40518,P43562,0,0.1127051346179525,0,one_unseen,mlp,aac_ctd,42
P33891,P47038,0,0.023078421450864264,0,one_unseen,mlp,aac_ctd,42
P38351,P43616,0,0.3112712547792763,0,one_unseen,mlp,aac_ctd,42
P43574,P50875,0,0.1946560666023708,0,one_unseen,mlp,aac_ctd,42
P22517,Q02204,0,0.5120528937618789,1,one_unseen,mlp,aac_ctd,42
P39678,P47160,0,0.6820703271141854,1,one_unseen,mlp,aac_ctd,42
P25659,P38957,0,0.8863959610967134,1,one_unseen,mlp,aac_ctd,42
P07560,P40456,0,0.5027644842629353,1,one_unseen,mlp,aac_ctd,42
P25515,P47027,0,0.47915566987176106,0,one_unseen,mlp,aac_ctd,42
P27705,P38776,0,0.48162060115402605,0,one_unseen,mlp,aac_ctd,42
P25651,Q12327,0,0.1758461789188401,0,one_unseen,mlp,aac_ctd,42
P07250,Q04697,0,0.5345121893574705,1,one_unseen,mlp,aac_ctd,42
Q07732,Q12050,0,0.7275837318632201,1,one_unseen,mlp,aac_ctd,42
P40090,P47011,0,0.5040056530242514,1,one_unseen,mlp,aac_ctd,42
P25333,P38123,0,0.7549085135506591,1,one_unseen,mlp,aac_ctd,42
P25580,P31539,0,0.46358708742712834,0,one_unseen,mlp,aac_ctd,42
P40341,P53254,0,0.4575049471019724,0,one_unseen,mlp,aac_ctd,42
P25376,Q03308,0,0.25150747311341687,0,one_unseen,mlp,aac_ctd,42
P36130,Q03691,0,0.060807439778085684,0,one_unseen,mlp,aac_ctd,42
P53823,Q02908,0,0.27577245914524495,0,one_unseen,mlp,aac_ctd,42
P22224,P28320,0,0.7850731409126075,1,one_unseen,mlp,aac_ctd,42
Q02805,Q04368,0,0.8399699742311739,1,one_unseen,mlp,aac_ctd,42
P43592,Q01159,0,0.5694597683735991,1,one_unseen,mlp,aac_ctd,42
P39928,Q06217,0,0.7221571906584413,1,one_unseen,mlp,aac_ctd,42
P32833,P38287,0,0.4241661811463505,0,one_unseen,mlp,aac_ctd,42
P25453,P29703,0,0.2738117081732109,0,one_unseen,mlp,aac_ctd,42
P28791,Q08773,0,0.8819615499816095,1,one_unseen,mlp,aac_ctd,42
P22224,P47821,0,0.6788029781570293,1,one_unseen,mlp,aac_ctd,42
Q03103,Q12129,0,0.3145428427477589,0,one_unseen,mlp,aac_ctd,42
P26755,Q12264,0,0.00026989963722462906,0,one_unseen,mlp,aac_ctd,42
P38723,P39730,0,0.2893165289296096,0,one_unseen,mlp,aac_ctd,42
P22202,P40478,0,0.3200540522720742,0,one_unseen,mlp,aac_ctd,42
P42941,P43682,0,0.20988725464470304,0,one_unseen,mlp,aac_ctd,42
P12294,P25644,0,0.8368489845875223,1,one_unseen,mlp,aac_ctd,42
P38298,Q06142,0,0.1647621705103597,0,one_unseen,mlp,aac_ctd,42
P38337,Q12267,0,0.24611944133062377,0,one_unseen,mlp,aac_ctd,42
P06100,P20484,0,0.18753589960536807,0,one_unseen,mlp,aac_ctd,42
P07390,P43602,0,0.2522979093100764,0,one_unseen,mlp,aac_ctd,42
P41817,Q03735,0,0.81082494009866,1,one_unseen,mlp,aac_ctd,42
P33399,Q12300,0,0.13902406946868276,0,one_unseen,mlp,aac_ctd,42
P29468,Q12082,0,0.3265818009120944,0,one_unseen,mlp,aac_ctd,42
P38523,P39713,0,0.6539979136134119,1,one_unseen,mlp,aac_ctd,42
P00854,P30619,0,0.01925000403866545,0,one_unseen,mlp,aac_ctd,42
P39706,P47103,0,0.146103816116987,0,one_unseen,mlp,aac_ctd,42
P22213,P43609,0,0.5766191682242828,1,one_unseen,mlp,aac_ctd,42
P25580,Q05946,0,0.47942640462827907,0,one_unseen,mlp,aac_ctd,42
P38968,P53115,0,0.6875013465383297,1,one_unseen,mlp,aac_ctd,42
P00549,P53181,0,0.004657660611893361,0,one_unseen,mlp,aac_ctd,42
P53955,Q12050,0,0.6046445733341326,1,one_unseen,mlp,aac_ctd,42
P39994,P48568,0,0.46507897473636967,0,one_unseen,mlp,aac_ctd,42
P32828,Q06449,0,0.558893504217378,1,one_unseen,mlp,aac_ctd,42
P38304,Q02630,0,0.4671622264892691,0,one_unseen,mlp,aac_ctd,42
P07834,Q04110,0,0.6690748474014659,1,one_unseen,mlp,aac_ctd,42
P28496,Q04673,0,0.20169975055990785,0,one_unseen,mlp,aac_ctd,42
P22213,P47821,0,0.4292902692399368,0,one_unseen,mlp,aac_ctd,42
P40456,P48562,0,0.7588792888499419,1,one_unseen,mlp,aac_ctd,42
Q06616,Q08553,0,0.7421720197239365,1,one_unseen,mlp,aac_ctd,42
P22203,Q06488,0,0.4400316257517726,0,one_unseen,mlp,aac_ctd,42
P14922,P47185,0,0.20752871076170107,0,one_unseen,mlp,aac_ctd,42
P32559,Q12321,0,0.5429162426262866,1,one_unseen,mlp,aac_ctd,42
P26754,Q05785,0,0.46757095739723975,0,one_unseen,mlp,aac_ctd,42
P40518,Q07986,0,0.38446908140133285,0,one_unseen,mlp,aac_ctd,42
P48568,Q02100,0,0.5241714357636117,1,one_unseen,mlp,aac_ctd,42
P38692,P50105,0,0.8330873369519125,1,one_unseen,mlp,aac_ctd,42
P11484,P11978,0,0.8248906881671144,1,one_unseen,mlp,aac_ctd,42
P53823,Q12341,0,0.49845153451599356,0,one_unseen,mlp,aac_ctd,42
P34238,Q08109,0,0.049182172832091475,0,one_unseen,mlp,aac_ctd,42
P23337,Q08109,0,0.41151801010194755,0,one_unseen,mlp,aac_ctd,42
P37366,P38319,0,0.481667534661743,0,one_unseen,mlp,aac_ctd,42
P38788,Q03661,0,0.5830381278910347,1,one_unseen,mlp,aac_ctd,42
Q05874,Q12161,0,0.39291327935217024,0,one_unseen,mlp,aac_ctd,42
P38286,P38874,0,0.09132820033847487,0,one_unseen,mlp,aac_ctd,42
P38811,P43562,0,0.08516439276609229,0,one_unseen,mlp,aac_ctd,42
P38203,Q03935,0,0.20156079505023342,0,one_unseen,mlp,aac_ctd,42
P47110,Q12264,0,0.009739706473427708,0,one_unseen,mlp,aac_ctd,42
P38138,P47037,0,0.5872072313358734,1,one_unseen,mlp,aac_ctd,42
P36161,P48568,0,0.6133663695281708,1,one_unseen,mlp,aac_ctd,42
P06242,P38781,0,0.8193295139432126,1,one_unseen,mlp,aac_ctd,42
P10566,P34238,0,0.034888182974855214,0,one_unseen,mlp,aac_ctd,42
P06844,P32564,0,0.494268116064914,0,one_unseen,mlp,aac_ctd,42
P53740,Q08685,0,0.33496761152069227,0,one_unseen,mlp,aac_ctd,42
P40480,P53115,0,0.6594813102017076,1,one_unseen,mlp,aac_ctd,42
P38801,Q06639,0,0.6075509711320517,1,one_unseen,mlp,aac_ctd,42
P32528,P38729,0,0.09858438260367634,0,one_unseen,mlp,aac_ctd,42
P53551,Q12009,0,0.9554473725827834,1,one_unseen,mlp,aac_ctd,42
P53259,P53924,0,0.5576651963383018,1,one_unseen,mlp,aac_ctd,42
P23833,P53286,0,0.17905631086107324,0,one_unseen,mlp,aac_ctd,42
P22140,P33419,0,0.3181978580146421,0,one_unseen,mlp,aac_ctd,42
P33760,P53171,0,0.24081215807612705,0,one_unseen,mlp,aac_ctd,42
P53959,Q06216,0,0.7127449230593531,1,one_unseen,mlp,aac_ctd,42
P42942,P48415,0,0.8517144694297368,1,one_unseen,mlp,aac_ctd,42
P05375,P32589,0,0.15267405615881485,0,one_unseen,mlp,aac_ctd,42
Q08208,Q12300,0,0.15209171485518566,0,one_unseen,mlp,aac_ctd,42
P39992,P47134,0,0.7030089989127376,1,one_unseen,mlp,aac_ctd,42
P38086,P80667,0,0.5660357448614595,1,one_unseen,mlp,aac_ctd,42
P25299,P33419,0,0.4243139173663171,0,one_unseen,mlp,aac_ctd,42
P32564,Q04225,0,0.2889893628945438,0,one_unseen,mlp,aac_ctd,42
P21957,P49166,0,0.9824005697759353,1,one_unseen,mlp,aac_ctd,42
P07703,P48568,0,0.47983541593224516,0,one_unseen,mlp,aac_ctd,42
P25491,Q12321,0,0.821699426609873,1,one_unseen,mlp,aac_ctd,42
P40355,Q04477,0,0.8887856610770177,1,one_unseen,mlp,aac_ctd,42
P23585,P42935,0,0.047989693228294765,0,one_unseen,mlp,aac_ctd,42
P40356,Q08921,0,0.6762042749450061,1,one_unseen,mlp,aac_ctd,42
P07256,Q01560,0,0.3742698082271648,0,one_unseen,mlp,aac_ctd,42
P38719,P40103,0,0.09540306110285765,0,one_unseen,mlp,aac_ctd,42
P39563,P46678,0,0.27492006389326185,0,one_unseen,mlp,aac_ctd,42
P25655,P54837,0,0.08912637975104204,0,one_unseen,mlp,aac_ctd,42
O13530,P17891,0,1.6595351865870828e-05,0,one_unseen,mlp,aac_ctd,42
P32564,P36084,0,0.28794707100397116,0,one_unseen,mlp,aac_ctd,42
Q01159,Q04048,0,0.5625533347330735,1,one_unseen,mlp,aac_ctd,42
P16892,P38072,0,0.13373807251003716,0,one_unseen,mlp,aac_ctd,42
P08456,P52910,0,0.29418349629287216,0,one_unseen,mlp,aac_ctd,42
P41920,P53750,0,0.4460027997343154,0,one_unseen,mlp,aac_ctd,42
P38011,P47090,0,0.07707741197291976,0,one_unseen,mlp,aac_ctd,42
P21304,P48363,0,0.9175129772238253,1,one_unseen,mlp,aac_ctd,42
P06784,P08539,0,0.31634637110718905,0,one_unseen,mlp,aac_ctd,42
P32641,P35191,0,0.5889670431298613,1,one_unseen,mlp,aac_ctd,42
Q08465,Q12021,0,0.6839233147459799,1,one_unseen,mlp,aac_ctd,42
P80428,Q04493,0,0.37048390579972124,0,one_unseen,mlp,aac_ctd,42
P39682,Q03373,0,0.12026689612243281,0,one_unseen,mlp,aac_ctd,42
P39685,Q12349,0,0.03175529536401684,0,one_unseen,mlp,aac_ctd,42
P00445,P41815,0,0.11552319627245285,0,one_unseen,mlp,aac_ctd,42
P16664,Q04636,0,0.649687328824711,1,one_unseen,mlp,aac_ctd,42
P28795,P53115,0,0.6198216740950029,1,one_unseen,mlp,aac_ctd,42
P15891,P23285,0,0.2480864932087013,0,one_unseen,mlp,aac_ctd,42
P39682,Q7LIF1,0,0.2851347932838233,0,one_unseen,mlp,aac_ctd,42
P22224,P38695,0,0.15493224123152843,0,one_unseen,mlp,aac_ctd,42
P53959,Q06151,0,0.7997052150732704,1,one_unseen,mlp,aac_ctd,42
P53750,Q06406,0,0.05438662055350083,0,one_unseen,mlp,aac_ctd,42
P07273,P40529,0,0.6722829999074774,1,one_unseen,mlp,aac_ctd,42
P02400,Q02775,0,0.18797871175279487,0,one_unseen,mlp,aac_ctd,42
P53211,Q08193,0,0.3866566235582896,0,one_unseen,mlp,aac_ctd,42
P32471,P37366,0,0.5546766068886464,1,one_unseen,mlp,aac_ctd,42
P53049,Q02516,0,0.4207994229425884,0,one_unseen,mlp,aac_ctd,42
P40956,P40970,0,0.039227255308113544,0,one_unseen,mlp,aac_ctd,42
Q06091,Q08109,0,0.08843445291606324,0,one_unseen,mlp,aac_ctd,42
P39101,Q06411,0,0.8751401756665178,1,one_unseen,mlp,aac_ctd,42
P38181,P53236,0,0.5030219612669943,1,one_unseen,mlp,aac_ctd,42
P07248,P38879,0,0.8418232929302425,1,one_unseen,mlp,aac_ctd,42
P29703,Q08109,0,0.26961719882276564,0,one_unseen,mlp,aac_ctd,42
P32558,Q12336,0,0.011160355963793158,0,one_unseen,mlp,aac_ctd,42
P35180,P41805,0,0.1554549994598771,0,one_unseen,mlp,aac_ctd,42
P11709,P28320,0,0.17453938497893556,0,one_unseen,mlp,aac_ctd,42
P23285,P32364,0,0.481273639949663,0,one_unseen,mlp,aac_ctd,42
P32333,P42945,0,0.6660744701682022,1,one_unseen,mlp,aac_ctd,42
P07257,P12385,0,0.6492746095829359,1,one_unseen,mlp,aac_ctd,42
P25301,Q06449,0,0.5791649889168148,1,one_unseen,mlp,aac_ctd,42
P26188,P39707,0,0.8084218746422989,1,one_unseen,mlp,aac_ctd,42
P50104,P52891,0,0.816106575657953,1,one_unseen,mlp,aac_ctd,42
P46676,P53061,0,0.3641331627924461,0,one_unseen,mlp,aac_ctd,42
P19955,P28791,0,0.6278143597046552,1,one_unseen,mlp,aac_ctd,42
P13185,P47090,0,0.241678178094362,0,one_unseen,mlp,aac_ctd,42
P39720,P41807,0,0.6987535798370614,1,one_unseen,mlp,aac_ctd,42
P35172,P36116,0,0.44661262366138316,0,one_unseen,mlp,aac_ctd,42
P39101,P46677,0,0.8134265111476017,1,one_unseen,mlp,aac_ctd,42
P32336,P41818,0,0.6470331406685048,1,one_unseen,mlp,aac_ctd,42
P37302,P53824,0,0.6863227230646184,1,one_unseen,mlp,aac_ctd,42
P31382,Q12233,0,0.017802165798171822,0,one_unseen,mlp,aac_ctd,42
P22517,P35180,0,0.1954484031572917,0,one_unseen,mlp,aac_ctd,42
P26449,P53754,0,0.22735983547183622,0,one_unseen,mlp,aac_ctd,42
P39952,P42945,0,0.632523627311853,1,one_unseen,mlp,aac_ctd,42
P41805,P53973,0,0.27047185856143724,0,one_unseen,mlp,aac_ctd,42
P28707,P38988,0,0.5876873352000562,1,one_unseen,mlp,aac_ctd,42
P32570,P39958,0,0.17651762823190817,0,one_unseen,mlp,aac_ctd,42
P35207,Q12216,0,0.5510172351744298,1,one_unseen,mlp,aac_ctd,42
P27705,Q12432,0,0.6595875135160283,1,one_unseen,mlp,aac_ctd,42
P25376,P39744,0,0.34014082637235277,0,one_unseen,mlp,aac_ctd,42
P32389,P39551,0,0.156332779431622,0,one_unseen,mlp,aac_ctd,42
P32803,Q06217,0,0.6222419417405047,1,one_unseen,mlp,aac_ctd,42
P40048,Q12396,0,0.5751800368402681,1,one_unseen,mlp,aac_ctd,42
P23291,P32790,0,0.46471468911581837,0,one_unseen,mlp,aac_ctd,42
P46675,P80428,0,0.6202673832153656,1,one_unseen,mlp,aac_ctd,42
P40527,Q04636,0,0.37618112554644534,0,one_unseen,mlp,aac_ctd,42
P11745,P20434,0,0.8732158249630044,1,one_unseen,mlp,aac_ctd,42
P20484,P53973,0,0.5132028397034226,1,one_unseen,mlp,aac_ctd,42
O13297,P46961,0,0.02160674664267355,0,one_unseen,mlp,aac_ctd,42
P38881,Q08553,0,0.2291187623674463,0,one_unseen,mlp,aac_ctd,42
P47038,Q12692,0,0.005477821330602404,0,one_unseen,mlp,aac_ctd,42
P38696,Q12396,0,0.3248164626592958,0,one_unseen,mlp,aac_ctd,42
P25299,Q05900,0,0.1946621802883811,0,one_unseen,mlp,aac_ctd,42
P38237,Q12464,0,0.6495201043596422,1,one_unseen,mlp,aac_ctd,42
P21304,P41921,0,0.8127023356216889,1,one_unseen,mlp,aac_ctd,42
P39994,P53857,0,0.7108531306119693,1,one_unseen,mlp,aac_ctd,42
P25293,P31380,0,0.6059727449683531,1,one_unseen,mlp,aac_ctd,42
P19454,P25453,0,0.41568213640924595,0,one_unseen,mlp,aac_ctd,42
P32381,Q08465,0,0.8112532178609226,1,one_unseen,mlp,aac_ctd,42
P13574,P43569,0,0.8319231410554213,1,one_unseen,mlp,aac_ctd,42
P53131,P53540,0,0.3899078884470978,0,one_unseen,mlp,aac_ctd,42
P46961,Q12223,0,0.0792965240301922,0,one_unseen,mlp,aac_ctd,42
P53215,Q12434,0,0.40525608857424095,0,one_unseen,mlp,aac_ctd,42
P32264,Q08902,0,0.03286058338508433,0,one_unseen,mlp,aac_ctd,42
P38842,Q00618,0,0.001451642467586166,0,one_unseen,mlp,aac_ctd,42
P25342,P38439,0,0.3473513874928111,0,one_unseen,mlp,aac_ctd,42
P25376,P32588,0,0.039519495544846996,0,one_unseen,mlp,aac_ctd,42
P39079,Q08685,0,0.6069060304914573,1,one_unseen,mlp,aac_ctd,42
P08638,Q05958,0,0.7879806329189764,1,one_unseen,mlp,aac_ctd,42
P38872,Q05021,0,0.48551707779875397,0,one_unseen,mlp,aac_ctd,42
P27895,P38910,0,0.3147202823622135,0,one_unseen,mlp,aac_ctd,42
Q03750,Q12206,0,0.27524099967830257,0,one_unseen,mlp,aac_ctd,42
P53191,Q12443,0,0.6410264037635743,1,one_unseen,mlp,aac_ctd,42
P38822,P53851,0,0.6925162979117144,1,one_unseen,mlp,aac_ctd,42
P40357,P47104,0,0.1784465906764653,0,one_unseen,mlp,aac_ctd,42
P32790,P53181,0,0.12727165200808915,0,one_unseen,mlp,aac_ctd,42
P53209,Q12427,0,0.6580532588080649,1,one_unseen,mlp,aac_ctd,42
P39735,P43622,0,0.029763558975926342,0,one_unseen,mlp,aac_ctd,42
P38699,Q06549,0,0.754207963281269,1,one_unseen,mlp,aac_ctd,42
P38156,P53081,0,0.11264438105151256,0,one_unseen,mlp,aac_ctd,42
P33760,P46954,0,0.3107697472975201,0,one_unseen,mlp,aac_ctd,42
P32564,P36024,0,0.7144548672793781,1,one_unseen,mlp,aac_ctd,42
P35842,P38727,0,0.45564738286266615,0,one_unseen,mlp,aac_ctd,42
P17255,Q03280,0,0.5834611844252452,1,one_unseen,mlp,aac_ctd,42
Q04562,Q12035,0,0.4134311138414467,0,one_unseen,mlp,aac_ctd,42
P32829,Q04149,0,0.6743361325435233,1,one_unseen,mlp,aac_ctd,42
P36094,P81450,0,0.002134564262640871,0,one_unseen,mlp,aac_ctd,42
P38821,Q04636,0,0.4625671857951354,0,one_unseen,mlp,aac_ctd,42
P43621,P53851,0,0.5737471548651024,1,one_unseen,mlp,aac_ctd,42
P41817,Q92331,0,0.4976424477830829,0,one_unseen,mlp,aac_ctd,42
P36009,P40362,0,0.5797821603298071,1,one_unseen,mlp,aac_ctd,42
P27614,Q04636,0,0.6860374659486841,1,one_unseen,mlp,aac_ctd,42
P33306,P40885,0,0.3199374772263477,0,one_unseen,mlp,aac_ctd,42
P32588,Q12402,0,0.033040208856459634,0,one_unseen,mlp,aac_ctd,42
P32803,P53316,0,0.04662243643915784,0,one_unseen,mlp,aac_ctd,42
P40095,P41543,0,0.40207795378607436,0,one_unseen,mlp,aac_ctd,42
P40496,Q01560,0,0.4327189503827398,0,one_unseen,mlp,aac_ctd,42
P10592,Q03455,0,0.18775666209923647,0,one_unseen,mlp,aac_ctd,42
P22082,P47134,0,0.6243819611557244,1,one_unseen,mlp,aac_ctd,42
P33760,Q99344,0,0.16667291735249057,0,one_unseen,mlp,aac_ctd,42
Q03920,Q12157,0,0.12291988522873187,0,one_unseen,mlp,aac_ctd,42
P25294,P25453,0,0.5314470925221139,1,one_unseen,mlp,aac_ctd,42
P40060,P40574,0,0.6586264874335779,1,one_unseen,mlp,aac_ctd,42
Q08562,Q08886,0,0.5940962128661059,1,one_unseen,mlp,aac_ctd,42
P40496,P53152,0,0.2154456074053943,0,one_unseen,mlp,aac_ctd,42
P53824,Q12152,0,0.5298991497395454,1,one_unseen,mlp,aac_ctd,42
P32598,P53125,0,0.5825314417138246,1,one_unseen,mlp,aac_ctd,42
P54791,Q07381,0,0.47849000836829286,0,one_unseen,mlp,aac_ctd,42
P38863,Q03860,0,0.04307315929740058,0,one_unseen,mlp,aac_ctd,42
P02294,P40960,0,0.5564610842066134,1,one_unseen,mlp,aac_ctd,42
P46669,P46672,0,0.3321946626139508,0,one_unseen,mlp,aac_ctd,42
P40303,P40475,0,0.08699419196401356,0,one_unseen,mlp,aac_ctd,42
P27895,Q06488,0,0.5602478216115807,1,one_unseen,mlp,aac_ctd,42
P38700,Q05031,0,0.3780198013970862,0,one_unseen,mlp,aac_ctd,42
P36057,P40316,0,0.1780484374955023,0,one_unseen,mlp,aac_ctd,42
P32859,Q08685,0,0.07575740178985145,0,one_unseen,mlp,aac_ctd,42
P35193,P53044,0,0.5892138581853872,1,one_unseen,mlp,aac_ctd,42
P18239,Q03956,0,0.34547411071624023,0,one_unseen,mlp,aac_ctd,42
P38990,Q02732,0,0.8419088153965435,1,one_unseen,mlp,aac_ctd,42
P40020,P53221,0,0.7885201649437268,1,one_unseen,mlp,aac_ctd,42
P05318,P36009,0,0.36504647434351667,0,one_unseen,mlp,aac_ctd,42
P07256,Q08601,0,0.5733437903857262,1,one_unseen,mlp,aac_ctd,42
Q04603,Q08235,0,0.6246897482141439,1,one_unseen,mlp,aac_ctd,42
P00560,P43555,0,0.7667506530160669,1,one_unseen,mlp,aac_ctd,42
P33411,P38163,0,0.3926261440198219,0,one_unseen,mlp,aac_ctd,42
P46961,P46963,0,0.007453997007844611,0,one_unseen,mlp,aac_ctd,42
P25389,P40478,0,0.234972799620142,0,one_unseen,mlp,aac_ctd,42
P00358,Q04958,0,0.7872469875434809,1,one_unseen,mlp,aac_ctd,42
P49573,Q06675,0,0.23596502388538362,0,one_unseen,mlp,aac_ctd,42
P38041,Q12321,0,0.7723632940445676,1,one_unseen,mlp,aac_ctd,42
P38759,Q12396,0,0.3521846369021073,0,one_unseen,mlp,aac_ctd,42
P53191,Q03263,0,0.033326983046800304,0,one_unseen,mlp,aac_ctd,42
P43132,Q12513,0,0.6603331304341006,1,one_unseen,mlp,aac_ctd,42
P40075,P40473,0,0.2830489842250873,0,one_unseen,mlp,aac_ctd,42
P32944,P34758,0,0.752665939066574,1,one_unseen,mlp,aac_ctd,42
P05030,P47061,0,0.4668637959602411,0,one_unseen,mlp,aac_ctd,42
P17106,Q12265,0,0.2179456006269991,0,one_unseen,mlp,aac_ctd,42
P11484,P47123,0,0.6355864252076846,1,one_unseen,mlp,aac_ctd,42
P25580,P40164,0,0.5850236812656517,1,one_unseen,mlp,aac_ctd,42
P25341,P53538,0,0.31160075607200405,0,one_unseen,mlp,aac_ctd,42
P32803,P38720,0,0.21917347902706127,0,one_unseen,mlp,aac_ctd,42
P21672,P46669,0,0.2407615584932364,0,one_unseen,mlp,aac_ctd,42
P47068,Q12349,0,0.032858789387523187,0,one_unseen,mlp,aac_ctd,42
P25344,P43602,0,0.23862247507127402,0,one_unseen,mlp,aac_ctd,42
P09457,P50108,0,0.43486687842745686,0,one_unseen,mlp,aac_ctd,42
P35180,Q12754,0,0.31655055620840844,0,one_unseen,mlp,aac_ctd,42
P06100,Q12495,0,0.3754665346670799,0,one_unseen,mlp,aac_ctd,42
P32334,Q06697,0,0.002436281468862141,0,one_unseen,mlp,aac_ctd,42
P22276,P36019,0,0.4281948851656698,0,one_unseen,mlp,aac_ctd,42
P23585,Q07350,0,0.05742366615193475,0,one_unseen,mlp,aac_ctd,42
Q03860,Q99176,0,0.005163367373165124,0,one_unseen,mlp,aac_ctd,42
P04817,Q04359,0,0.060356098062798846,0,one_unseen,mlp,aac_ctd,42
Q08886,Q12223,0,0.49756290968899425,0,one_unseen,mlp,aac_ctd,42
P14291,P38727,0,0.28405348170421596,0,one_unseen,mlp,aac_ctd,42
P36094,P47115,0,0.3218316950078341,0,one_unseen,mlp,aac_ctd,42
P09064,P49334,0,0.3851767056613242,0,one_unseen,mlp,aac_ctd,42
P22543,P25453,0,0.6122444794604828,1,one_unseen,mlp,aac_ctd,42
P29056,Q04359,0,0.35734968385267735,0,one_unseen,mlp,aac_ctd,42
P32328,P38826,0,0.5413206804658788,1,one_unseen,mlp,aac_ctd,42
P32915,P53322,0,0.3834766466027034,0,one_unseen,mlp,aac_ctd,42
P40362,P53877,0,0.5786272956537377,1,one_unseen,mlp,aac_ctd,42
P41815,P47017,0,0.1302146272619284,0,one_unseen,mlp,aac_ctd,42
P32464,P38304,0,0.31437161449698187,0,one_unseen,mlp,aac_ctd,42
Q08817,Q12464,0,0.525470606083471,1,one_unseen,mlp,aac_ctd,42
P34227,Q12098,0,0.2768715583667346,0,one_unseen,mlp,aac_ctd,42
P02994,P40077,0,0.6247446092424715,1,one_unseen,mlp,aac_ctd,42
P32478,P40438,0,0.06438717101404569,0,one_unseen,mlp,aac_ctd,42
P10363,P41912,0,0.4403659857758524,0,one_unseen,mlp,aac_ctd,42
P38811,P42845,0,0.8332251291385835,1,one_unseen,mlp,aac_ctd,42
P36016,Q08975,0,0.38309617010320784,0,one_unseen,mlp,aac_ctd,42
P38768,P38957,0,0.6220208084059048,1,one_unseen,mlp,aac_ctd,42
Q02721,Q12129,0,0.36087526424360056,0,one_unseen,mlp,aac_ctd,42
P10834,Q04477,0,0.8049462424162177,1,one_unseen,mlp,aac_ctd,42
P06242,P35817,0,0.8301640236513466,1,one_unseen,mlp,aac_ctd,42
P38555,P40014,0,0.6219617115834043,1,one_unseen,mlp,aac_ctd,42
P33200,Q12063,0,0.7316704760380195,1,one_unseen,mlp,aac_ctd,42
P50944,Q06675,0,0.4518192732234419,0,one_unseen,mlp,aac_ctd,42
P38789,Q01684,0,0.5829480167371452,1,one_unseen,mlp,aac_ctd,42
Q05580,Q12102,0,0.6390367146719276,1,one_unseen,mlp,aac_ctd,42
P32805,Q12389,0,0.7445252016914574,1,one_unseen,mlp,aac_ctd,42
Q05785,Q12194,0,0.33081079131904473,0,one_unseen,mlp,aac_ctd,42
P40016,Q99278,0,0.24612566366812122,0,one_unseen,mlp,aac_ctd,42
P08456,P28707,0,0.07079901757600975,0,one_unseen,mlp,aac_ctd,42
P33299,P46674,0,0.5328908403898615,1,one_unseen,mlp,aac_ctd,42
P26798,P53142,0,0.1555969816422274,0,one_unseen,mlp,aac_ctd,42
P43555,Q06340,0,0.601218702695847,1,one_unseen,mlp,aac_ctd,42
P53181,Q12078,0,0.02832326178956361,0,one_unseen,mlp,aac_ctd,42
P38700,P38826,0,0.6403182371397459,1,one_unseen,mlp,aac_ctd,42
P00359,P35189,0,0.21406121388969834,0,one_unseen,mlp,aac_ctd,42
P22202,P25648,0,0.25332319187100777,0,one_unseen,mlp,aac_ctd,42
P39996,P40360,0,0.3665459347409333,0,one_unseen,mlp,aac_ctd,42
Q00618,Q08387,0,0.04594123023763284,0,one_unseen,mlp,aac_ctd,42
P34234,P39550,0,0.031476060206553566,0,one_unseen,mlp,aac_ctd,42
P41895,Q08956,0,0.3310249300620062,0,one_unseen,mlp,aac_ctd,42
P53952,Q03774,0,0.5985958961369896,1,one_unseen,mlp,aac_ctd,42
P20052,P25376,0,0.5734531923921815,1,one_unseen,mlp,aac_ctd,42
P17505,P39936,0,0.6320070114089026,1,one_unseen,mlp,aac_ctd,42
P32898,P36520,0,0.5416715420558719,1,one_unseen,mlp,aac_ctd,42
P42941,P53867,0,0.7582805486568174,1,one_unseen,mlp,aac_ctd,42
P21242,Q04958,0,0.6171406768728008,1,one_unseen,mlp,aac_ctd,42
P38130,P39969,0,0.5852143795576294,1,one_unseen,mlp,aac_ctd,42
Q04636,Q06440,0,0.6249169476423178,1,one_unseen,mlp,aac_ctd,42
P16140,Q02795,0,0.20551262917011187,0,one_unseen,mlp,aac_ctd,42
P53551,P53740,0,0.9582620745312355,1,one_unseen,mlp,aac_ctd,42
P38523,Q03784,0,0.5480828283250172,1,one_unseen,mlp,aac_ctd,42
P22204,Q06675,0,0.760452245539365,1,one_unseen,mlp,aac_ctd,42
P53167,Q07442,0,0.29216185633900743,0,one_unseen,mlp,aac_ctd,42
P10961,P38077,0,0.40013353128337675,0,one_unseen,mlp,aac_ctd,42
P06243,Q12495,0,0.679536631794582,1,one_unseen,mlp,aac_ctd,42
P39552,Q12151,0,0.7553812605759063,1,one_unseen,mlp,aac_ctd,42
P47025,Q12243,0,0.015246817133559557,0,one_unseen,mlp,aac_ctd,42
P25635,P38319,0,0.5412007003137685,1,one_unseen,mlp,aac_ctd,42
Q04847,Q12100,0,0.8329831997322106,1,one_unseen,mlp,aac_ctd,42
P14126,P38111,0,0.848936649038369,1,one_unseen,mlp,aac_ctd,42
P39011,P40462,0,0.4531741118873132,0,one_unseen,mlp,aac_ctd,42
P47822,P53974,0,0.4261148198887472,0,one_unseen,mlp,aac_ctd,42
P53142,Q06178,0,0.24413193817648507,0,one_unseen,mlp,aac_ctd,42
P38915,Q07993,0,0.48559908658065287,0,one_unseen,mlp,aac_ctd,42
P02829,P38181,0,0.2740661257573586,0,one_unseen,mlp,aac_ctd,42
P41895,P47160,0,0.6648410296499593,1,one_unseen,mlp,aac_ctd,42
P22579,P38293,0,0.5280996763953393,1,one_unseen,mlp,aac_ctd,42
P32602,Q01217,0,0.7183724355764511,1,one_unseen,mlp,aac_ctd,42
P25580,Q02821,0,0.41207650570617066,0,one_unseen,mlp,aac_ctd,42
P22203,P50104,0,0.538109902954105,1,one_unseen,mlp,aac_ctd,42
P38697,Q06631,0,0.4641189819373503,0,one_unseen,mlp,aac_ctd,42
P40325,P53851,0,0.243152015784909,0,one_unseen,mlp,aac_ctd,42
P25656,P32788,0,0.18919167445849927,0,one_unseen,mlp,aac_ctd,42
P43545,Q03280,0,0.49841551302484904,0,one_unseen,mlp,aac_ctd,42
P39962,Q12224,0,0.7540044236017672,1,one_unseen,mlp,aac_ctd,42
P38766,Q08923,0,0.4460475668345112,0,one_unseen,mlp,aac_ctd,42
P40453,P53823,0,0.31664029165034585,0,one_unseen,mlp,aac_ctd,42
P36124,P47185,0,0.11507081291133994,0,one_unseen,mlp,aac_ctd,42
P32908,P40693,0,0.8406685966033416,1,one_unseen,mlp,aac_ctd,42
P05626,P46947,0,0.8120999030788115,1,one_unseen,mlp,aac_ctd,42
Q12035,Q12315,0,0.9898610288225906,1,one_unseen,mlp,aac_ctd,42
P42941,Q01649,0,0.9011754916721256,1,one_unseen,mlp,aac_ctd,42
P18238,Q12380,0,0.1547178088836016,0,one_unseen,mlp,aac_ctd,42
P38742,P38957,0,0.6272444482252414,1,one_unseen,mlp,aac_ctd,42
P38991,P53299,0,0.4310606117989202,0,one_unseen,mlp,aac_ctd,42
P39101,P41814,0,0.8250499920997914,1,one_unseen,mlp,aac_ctd,42
P46673,Q03263,0,0.08382448356147026,0,one_unseen,mlp,aac_ctd,42
P25346,Q06631,0,0.02362079050462483,0,one_unseen,mlp,aac_ctd,42
P00359,P07248,0,0.9024494981945983,1,one_unseen,mlp,aac_ctd,42
P42942,P53174,0,0.3786502779764005,0,one_unseen,mlp,aac_ctd,42
Q05998,Q12243,0,0.005869415242658452,0,one_unseen,mlp,aac_ctd,42
P32486,P40563,0,0.4288815453177739,0,one_unseen,mlp,aac_ctd,42
P35180,Q04031,0,0.07920258846918239,0,one_unseen,mlp,aac_ctd,42
P00359,P46956,0,0.17595816681789148,0,one_unseen,mlp,aac_ctd,42
P39014,P52960,0,0.5751077011950325,1,one_unseen,mlp,aac_ctd,42
P06784,P32828,0,0.34351274511687124,0,one_unseen,mlp,aac_ctd,42
Q08245,Q12082,0,0.46350128243305516,0,one_unseen,mlp,aac_ctd,42
P40438,P43638,0,0.7344915674016967,1,one_unseen,mlp,aac_ctd,42
P32334,P53893,0,0.01703847957281964,0,one_unseen,mlp,aac_ctd,42
P38826,Q08162,0,0.6599840162733196,1,one_unseen,mlp,aac_ctd,42
P32350,P53344,0,0.1130036858632703,0,one_unseen,mlp,aac_ctd,42
P07250,P23179,0,0.1719046195349407,0,one_unseen,mlp,aac_ctd,42
P38886,P53344,0,0.34067066914403843,0,one_unseen,mlp,aac_ctd,42
P22209,P38229,0,0.6547960621796058,1,one_unseen,mlp,aac_ctd,42
P53281,Q08465,0,0.7419277645696463,1,one_unseen,mlp,aac_ctd,42
P47123,P53685,0,0.2626778474031014,0,one_unseen,mlp,aac_ctd,42
P32944,Q05580,0,0.8458655025127645,1,one_unseen,mlp,aac_ctd,42
P23291,P53277,0,0.8981980422109669,1,one_unseen,mlp,aac_ctd,42
P13393,P33892,0,0.4665179884445206,0,one_unseen,mlp,aac_ctd,42
P15424,P19880,0,0.6834004803488206,1,one_unseen,mlp,aac_ctd,42
Q02630,Q03406,0,0.6652665897371729,1,one_unseen,mlp,aac_ctd,42
P53552,Q03435,0,0.34317363696881065,0,one_unseen,mlp,aac_ctd,42
P36130,P46681,0,0.5680722743171195,1,one_unseen,mlp,aac_ctd,42
P32447,Q12161,0,0.1419551401105312,0,one_unseen,mlp,aac_ctd,42
P11710,P36145,0,0.1338404508622778,0,one_unseen,mlp,aac_ctd,42
P40554,Q12059,0,0.1458717226325628,0,one_unseen,mlp,aac_ctd,42
P08638,Q03012,0,0.8656285506762528,1,one_unseen,mlp,aac_ctd,42
P07283,P14291,0,0.5685543964209827,1,one_unseen,mlp,aac_ctd,42
P32897,P34758,0,0.4910276060848951,0,one_unseen,mlp,aac_ctd,42
P39520,Q03862,0,0.3976072812831995,0,one_unseen,mlp,aac_ctd,42
P46669,Q04002,0,0.6900192023678201,1,one_unseen,mlp,aac_ctd,42
P54791,Q04894,0,0.20952416534613635,0,one_unseen,mlp,aac_ctd,42
Q12285,Q99278,0,0.11793823310788326,0,one_unseen,mlp,aac_ctd,42
P38968,P40007,0,0.5824641327250298,1,one_unseen,mlp,aac_ctd,42
P53233,Q12452,0,0.46173166667456245,0,one_unseen,mlp,aac_ctd,42
P20486,P53211,0,0.026008346246805696,0,one_unseen,mlp,aac_ctd,42
P39112,P40073,0,0.11752336613088893,0,one_unseen,mlp,aac_ctd,42
P25359,P48581,0,0.5103494014072137,1,one_unseen,mlp,aac_ctd,42
P38240,Q12100,0,0.016463716153975343,0,one_unseen,mlp,aac_ctd,42
P00410,Q00578,0,0.28913467802705883,0,one_unseen,mlp,aac_ctd,42
P40316,P53823,0,0.7386263739243566,1,one_unseen,mlp,aac_ctd,42
P40352,Q00246,0,0.4955271603976988,0,one_unseen,mlp,aac_ctd,42
P43682,Q00816,0,0.02193945152296508,0,one_unseen,mlp,aac_ctd,42
P31377,P32334,0,0.015767923595678583,0,one_unseen,mlp,aac_ctd,42
P38842,Q12495,0,0.0842641900030892,0,one_unseen,mlp,aac_ctd,42
P04046,Q08902,0,0.08380749635869149,0,one_unseen,mlp,aac_ctd,42
P25389,P40348,0,0.7748258265666444,1,one_unseen,mlp,aac_ctd,42
P13434,P40462,0,0.28146289407595887,0,one_unseen,mlp,aac_ctd,42
P08638,Q12256,0,0.4509924884961369,0,one_unseen,mlp,aac_ctd,42
P40885,Q01454,0,0.1332877872952652,0,one_unseen,mlp,aac_ctd,42
P35206,P50874,0,0.29769623842770254,0,one_unseen,mlp,aac_ctd,42
P35206,P43616,0,0.14821095254547345,0,one_unseen,mlp,aac_ctd,42
P07261,Q12250,0,0.4567110193613369,0,one_unseen,mlp,aac_ctd,42
P07249,P39987,0,0.1242999965288807,0,one_unseen,mlp,aac_ctd,42
P46985,P53211,0,0.562979218121306,1,one_unseen,mlp,aac_ctd,42
P38193,P40032,0,0.4858839666695991,0,one_unseen,mlp,aac_ctd,42
P25341,P36036,0,0.5562750938094203,1,one_unseen,mlp,aac_ctd,42
P16474,P22579,0,0.8235276029207658,1,one_unseen,mlp,aac_ctd,42
P35191,Q06679,0,0.5814785815508424,1,one_unseen,mlp,aac_ctd,42
P41805,Q12262,0,0.11636463539422223,0,one_unseen,mlp,aac_ctd,42
P22214,P35172,0,0.07261241248188588,0,one_unseen,mlp,aac_ctd,42
P38203,Q06697,0,0.33276565128384183,0,one_unseen,mlp,aac_ctd,42
P43638,Q06224,0,0.8322036782162179,1,one_unseen,mlp,aac_ctd,42
Q04233,Q12030,0,0.4103609892941455,0,one_unseen,mlp,aac_ctd,42
P38757,Q12030,0,0.31499032946001454,0,one_unseen,mlp,aac_ctd,42
P41546,P53116,0,0.04144500742539861,0,one_unseen,mlp,aac_ctd,42
P32366,P43560,0,0.6651513236624979,1,one_unseen,mlp,aac_ctd,42
P25453,P33891,0,0.627801106911672,1,one_unseen,mlp,aac_ctd,42
Q12030,Q99189,0,0.49556749854197474,0,one_unseen,mlp,aac_ctd,42
P53070,Q12098,0,0.39896784982855416,0,one_unseen,mlp,aac_ctd,42
P39009,P53824,0,0.7129064317201211,1,one_unseen,mlp,aac_ctd,42
P40187,Q03785,0,0.7653868048009054,1,one_unseen,mlp,aac_ctd,42
P02309,P47185,0,0.016621350072799135,0,one_unseen,mlp,aac_ctd,42
P48568,Q92316,0,0.0018576118436158871,0,one_unseen,mlp,aac_ctd,42
P22209,P38877,0,0.22539917195804615,0,one_unseen,mlp,aac_ctd,42
P24813,P38304,0,0.38425350335030856,0,one_unseen,mlp,aac_ctd,42
P06774,Q12055,0,0.40581897263855116,0,one_unseen,mlp,aac_ctd,42
P53389,Q03323,0,0.1363811170961858,0,one_unseen,mlp,aac_ctd,42
P03965,P38085,0,0.3131018366612371,0,one_unseen,mlp,aac_ctd,42
P13259,P50874,0,0.09278213258819154,0,one_unseen,mlp,aac_ctd,42
P80428,Q02767,0,0.45978397802992094,0,one_unseen,mlp,aac_ctd,42
P40303,P47171,0,0.06126705523473744,0,one_unseen,mlp,aac_ctd,42
P21651,P22213,0,0.7418690258508597,1,one_unseen,mlp,aac_ctd,42
P43569,Q03465,0,0.7631405167363203,1,one_unseen,mlp,aac_ctd,42
P33759,Q12265,0,0.22417907153177238,0,one_unseen,mlp,aac_ctd,42
P53181,Q08951,0,0.010669678378015055,0,one_unseen,mlp,aac_ctd,42
P07276,P23642,0,0.31673779140524644,0,one_unseen,mlp,aac_ctd,42
P40073,P53886,0,0.18555562495538583,0,one_unseen,mlp,aac_ctd,42
P12383,P53044,0,0.5895064137435483,1,one_unseen,mlp,aac_ctd,42
P07250,Q12152,0,0.5196011041160015,1,one_unseen,mlp,aac_ctd,42
P33335,Q08558,0,0.16770535599945374,0,one_unseen,mlp,aac_ctd,42
P36144,P38319,0,0.37185802750062075,0,one_unseen,mlp,aac_ctd,42
P22224,P43562,0,0.17179022825590504,0,one_unseen,mlp,aac_ctd,42
P00445,P32803,0,0.08654707666803245,0,one_unseen,mlp,aac_ctd,42
P48566,P53851,0,0.5655063300452285,1,one_unseen,mlp,aac_ctd,42
P48234,P53867,0,0.469017450231873,0,one_unseen,mlp,aac_ctd,42
P30606,P40103,0,0.1421230260734748,0,one_unseen,mlp,aac_ctd,42
P05626,P38820,0,0.4236445544591454,0,one_unseen,mlp,aac_ctd,42
P36010,P53616,0,0.05475985828511599,0,one_unseen,mlp,aac_ctd,42
P40075,P40341,0,0.5036571695586576,1,one_unseen,mlp,aac_ctd,42
P14906,Q12118,0,0.8816863089287934,1,one_unseen,mlp,aac_ctd,42
Q04636,Q12341,0,0.3919662515656232,0,one_unseen,mlp,aac_ctd,42
P40512,P53212,0,0.7159568690464055,1,one_unseen,mlp,aac_ctd,42
P25341,P53108,0,0.30899824666361914,0,one_unseen,mlp,aac_ctd,42
P24867,P53131,0,0.4278745538117037,0,one_unseen,mlp,aac_ctd,42
P53061,Q12452,0,0.27390587667281235,0,one_unseen,mlp,aac_ctd,42
P18238,P39984,0,0.460276177121542,0,one_unseen,mlp,aac_ctd,42
P11154,P54791,0,0.6211262202431388,1,one_unseen,mlp,aac_ctd,42
P53211,Q12174,0,0.19147378373461088,0,one_unseen,mlp,aac_ctd,42
P38863,P38968,0,0.8010471722080742,1,one_unseen,mlp,aac_ctd,42
P35177,P53823,0,0.5092513253010875,1,one_unseen,mlp,aac_ctd,42
P25453,Q07657,0,0.6337359995814197,1,one_unseen,mlp,aac_ctd,42
P38304,Q06200,0,0.24908568408116358,0,one_unseen,mlp,aac_ctd,42
P07149,P43621,0,0.678280904070676,1,one_unseen,mlp,aac_ctd,42
P25293,Q04307,0,0.06574909713350269,0,one_unseen,mlp,aac_ctd,42
P32387,Q04368,0,0.6269392021295823,1,one_unseen,mlp,aac_ctd,42
P09938,P53857,0,0.8769783761201453,1,one_unseen,mlp,aac_ctd,42
P33303,P53316,0,0.5765287535128206,1,one_unseen,mlp,aac_ctd,42
P10834,Q08119,0,0.3643664833678975,0,one_unseen,mlp,aac_ctd,42
P17536,Q12083,0,0.88028098961018,1,one_unseen,mlp,aac_ctd,42
P23594,P39685,0,0.3594687399789835,0,one_unseen,mlp,aac_ctd,42
P33421,P38821,0,0.2640451696087266,0,one_unseen,mlp,aac_ctd,42
P38759,Q03280,0,0.47666821666194,0,one_unseen,mlp,aac_ctd,42
P04817,P42884,0,0.06708312240398712,0,one_unseen,mlp,aac_ctd,42
P32605,P46964,0,0.013877830728474315,0,one_unseen,mlp,aac_ctd,42
P43596,Q12055,0,0.5529875344357263,1,one_unseen,mlp,aac_ctd,42
P36120,P53267,0,0.7708894804706287,1,one_unseen,mlp,aac_ctd,42
P38149,P50874,0,0.4764140639981791,0,one_unseen,mlp,aac_ctd,42
P32453,Q12168,0,0.33967205926007515,0,one_unseen,mlp,aac_ctd,42
P25046,P25604,0,0.49402182080593926,0,one_unseen,mlp,aac_ctd,42
P22579,P43568,0,0.4937825739656954,0,one_unseen,mlp,aac_ctd,42
P10961,P38720,0,0.7973344315957615,1,one_unseen,mlp,aac_ctd,42
P39987,P40453,0,0.38013830415166433,0,one_unseen,mlp,aac_ctd,42
P40013,Q12443,0,0.5149941996092182,1,one_unseen,mlp,aac_ctd,42
P27895,P39547,0,0.5077065585141872,1,one_unseen,mlp,aac_ctd,42
P25293,P53272,0,0.399898228724607,0,one_unseen,mlp,aac_ctd,42
P11972,P39928,0,0.587912093720709,1,one_unseen,mlp,aac_ctd,42
P16151,P33311,0,0.22407129981046092,0,one_unseen,mlp,aac_ctd,42
P36084,P39935,0,0.6328939997970169,1,one_unseen,mlp,aac_ctd,42
P30657,P32368,0,0.7454663768213386,1,one_unseen,mlp,aac_ctd,42
P11710,P26343,0,0.13208419013499892,0,one_unseen,mlp,aac_ctd,42
P33892,Q12216,0,0.3999522704884609,0,one_unseen,mlp,aac_ctd,42
P05318,P38910,0,0.07059840664713124,0,one_unseen,mlp,aac_ctd,42
P47011,Q12071,0,0.6422854977558713,1,one_unseen,mlp,aac_ctd,42
P32334,P42846,0,0.008797462020000545,0,one_unseen,mlp,aac_ctd,42
P33297,Q08902,0,0.04183906568351947,0,one_unseen,mlp,aac_ctd,42
P18238,P47090,0,0.5614728424696193,1,one_unseen,mlp,aac_ctd,42
P38931,P40479,0,0.4477761223537098,0,one_unseen,mlp,aac_ctd,42
P25371,P48568,0,0.22411666830411595,0,one_unseen,mlp,aac_ctd,42
P10834,P32589,0,0.2864291576986667,0,one_unseen,mlp,aac_ctd,42
P18239,Q06479,0,0.4082040949748234,0,one_unseen,mlp,aac_ctd,42
P19657,P48568,0,0.4525473710685826,0,one_unseen,mlp,aac_ctd,42
P38822,P54791,0,0.31488612212924494,0,one_unseen,mlp,aac_ctd,42
P23285,P31383,0,0.3242228465387093,0,one_unseen,mlp,aac_ctd,42
Q06549,Q08465,0,0.6634485414324998,1,one_unseen,mlp,aac_ctd,42
P33760,P53253,0,0.21397313633299822,0,one_unseen,mlp,aac_ctd,42
P36520,P40518,0,0.4343673984436735,0,one_unseen,mlp,aac_ctd,42
P32787,Q12124,0,0.22917734788553365,0,one_unseen,mlp,aac_ctd,42
P32528,P40438,0,0.4272467943242527,0,one_unseen,mlp,aac_ctd,42
P38257,P39996,0,0.3327749541608698,0,one_unseen,mlp,aac_ctd,42
P12294,P38302,0,0.08380429764462852,0,one_unseen,mlp,aac_ctd,42
P36130,Q04935,0,0.39250869416900075,0,one_unseen,mlp,aac_ctd,42
P38627,P38781,0,0.7992157282903505,1,one_unseen,mlp,aac_ctd,42
P53847,Q06631,0,0.6963365665123313,1,one_unseen,mlp,aac_ctd,42
P08638,P32573,0,0.8156863352335253,1,one_unseen,mlp,aac_ctd,42
P81450,Q06339,0,0.009942116457334284,0,one_unseen,mlp,aac_ctd,42
P02294,P40563,0,0.3098465982826592,0,one_unseen,mlp,aac_ctd,42
P23255,P38717,0,0.5225665120193927,1,one_unseen,mlp,aac_ctd,42
P14742,P39996,0,0.7395567527029314,1,one_unseen,mlp,aac_ctd,42
P40090,Q05785,0,0.797457943791845,1,one_unseen,mlp,aac_ctd,42
P18962,P25632,0,0.7896631916773668,1,one_unseen,mlp,aac_ctd,42
P23291,Q04062,0,0.7059512629393868,1,one_unseen,mlp,aac_ctd,42
P38826,P41544,0,0.15736063599765365,0,one_unseen,mlp,aac_ctd,42
P16151,P38932,0,0.15501402470501466,0,one_unseen,mlp,aac_ctd,42
P14680,P53735,0,0.4140651375062737,0,one_unseen,mlp,aac_ctd,42
Q02892,Q03323,0,0.8773136391707044,1,one_unseen,mlp,aac_ctd,42
P22007,P37838,0,0.5019571141221323,1,one_unseen,mlp,aac_ctd,42
P53269,Q06160,0,0.04240078955575088,0,one_unseen,mlp,aac_ctd,42
P04386,Q12082,0,0.17138833145727733,0,one_unseen,mlp,aac_ctd,42
P53750,Q06449,0,0.07509819690759564,0,one_unseen,mlp,aac_ctd,42
P30619,P53039,0,0.03995164654905238,0,one_unseen,mlp,aac_ctd,42
P07278,Q12464,0,0.42583389100291696,0,one_unseen,mlp,aac_ctd,42
P09119,Q03406,0,0.2881199260374155,0,one_unseen,mlp,aac_ctd,42
P22202,P47053,0,0.6314040644654715,1,one_unseen,mlp,aac_ctd,42
P09457,Q06551,0,0.6294325476318033,1,one_unseen,mlp,aac_ctd,42
P35206,P40518,0,0.12541806650958698,0,one_unseen,mlp,aac_ctd,42
P25644,P40014,0,0.626474845555342,1,one_unseen,mlp,aac_ctd,42
P46677,P53344,0,0.057926407265190466,0,one_unseen,mlp,aac_ctd,42
P51601,Q12300,0,0.5639357542598443,1,one_unseen,mlp,aac_ctd,42
Q04930,Q08685,0,0.5496593267011906,1,one_unseen,mlp,aac_ctd,42
P21242,P47185,0,0.08103970681331239,0,one_unseen,mlp,aac_ctd,42
P29295,Q12035,0,0.5952191905812417,1,one_unseen,mlp,aac_ctd,42
P05375,P53145,0,0.3117519116421784,0,one_unseen,mlp,aac_ctd,42
P22140,P80428,0,0.06033217376219416,0,one_unseen,mlp,aac_ctd,42
P46671,Q05900,0,0.4819336161798392,0,one_unseen,mlp,aac_ctd,42
P07834,P53954,0,0.5391892350674581,1,one_unseen,mlp,aac_ctd,42
P19454,P23585,0,0.0760203810270362,0,one_unseen,mlp,aac_ctd,42
P53952,Q05949,0,0.617729712503041,1,one_unseen,mlp,aac_ctd,42
P32803,P53905,0,0.00709875251957866,0,one_unseen,mlp,aac_ctd,42
P41817,Q06708,0,0.6755084476060736,1,one_unseen,mlp,aac_ctd,42
P21538,Q08963,0,0.8333627875614142,1,one_unseen,mlp,aac_ctd,42
P25045,P53299,0,0.22719976207463322,0,one_unseen,mlp,aac_ctd,42
P25584,P40513,0,0.010319853768771474,0,one_unseen,mlp,aac_ctd,42
P32902,P36094,0,0.597740781717888,1,one_unseen,mlp,aac_ctd,42
Q05933,Q12224,0,0.34994726695206185,0,one_unseen,mlp,aac_ctd,42
P24384,Q12055,0,0.8409319226220421,1,one_unseen,mlp,aac_ctd,42
P33767,P40574,0,0.6044383005921268,1,one_unseen,mlp,aac_ctd,42
P38911,P53685,0,0.4208065820794399,0,one_unseen,mlp,aac_ctd,42
P05318,P52960,0,0.34033999686165173,0,one_unseen,mlp,aac_ctd,42
P32479,Q12335,0,0.17658956440394824,0,one_unseen,mlp,aac_ctd,42
P46676,P50090,0,0.6619252080580789,1,one_unseen,mlp,aac_ctd,42
P23291,Q12241,0,0.7560720304716257,1,one_unseen,mlp,aac_ctd,42
P25341,P39550,0,0.15992477354512238,0,one_unseen,mlp,aac_ctd,42
P36016,Q08096,0,0.5609971555279045,1,one_unseen,mlp,aac_ctd,42
P18900,P30619,0,0.19189827042164007,0,one_unseen,mlp,aac_ctd,42
P38705,Q03940,0,0.4834200255232868,0,one_unseen,mlp,aac_ctd,42
Q07921,Q12082,0,0.03525534359931011,0,one_unseen,mlp,aac_ctd,42
P39705,Q12161,0,0.4335053445099819,0,one_unseen,mlp,aac_ctd,42
P38962,Q08491,0,0.23375827690013537,0,one_unseen,mlp,aac_ctd,42
P25847,P32602,0,0.7671101155320551,1,one_unseen,mlp,aac_ctd,42
P36057,P53628,0,0.2377057602194488,0,one_unseen,mlp,aac_ctd,42
P53142,Q06639,0,0.14277604012583245,0,one_unseen,mlp,aac_ctd,42
P50105,P53261,0,0.6706393673909927,1,one_unseen,mlp,aac_ctd,42
P25555,P53167,0,0.5738531184297696,1,one_unseen,mlp,aac_ctd,42
P33313,P53096,0,0.7910506841948305,1,one_unseen,mlp,aac_ctd,42
P23642,P35206,0,0.13887351210447285,0,one_unseen,mlp,aac_ctd,42
P32366,P47042,0,0.24812188896508502,0,one_unseen,mlp,aac_ctd,42
P43555,Q12328,0,0.6132797033951618,1,one_unseen,mlp,aac_ctd,42
P32836,Q06137,0,0.6544777761404886,1,one_unseen,mlp,aac_ctd,42
P32939,P35191,0,0.8083286247988365,1,one_unseen,mlp,aac_ctd,42
P25298,P35191,0,0.38915082774509957,0,one_unseen,mlp,aac_ctd,42
P52553,P53181,0,0.03369823596263394,0,one_unseen,mlp,aac_ctd,42
P38962,P53829,0,0.6917508502843123,1,one_unseen,mlp,aac_ctd,42
P11710,P40555,0,0.24654750307633097,0,one_unseen,mlp,aac_ctd,42
P05986,P53735,0,0.5353995222057386,1,one_unseen,mlp,aac_ctd,42
P17442,P23833,0,0.6727895890275327,1,one_unseen,mlp,aac_ctd,42
P12683,Q12243,0,0.015910979320387847,0,one_unseen,mlp,aac_ctd,42
P38910,P40362,0,0.14440284424480412,0,one_unseen,mlp,aac_ctd,42
P37370,P39987,0,0.7235407783915838,1,one_unseen,mlp,aac_ctd,42
Q03071,Q12050,0,0.50550284709834,1,one_unseen,mlp,aac_ctd,42
P38270,P39704,0,0.1573064880003156,0,one_unseen,mlp,aac_ctd,42
P32364,P43621,0,0.5545044982274165,1,one_unseen,mlp,aac_ctd,42
P40885,P48837,0,0.16986806510776092,0,one_unseen,mlp,aac_ctd,42
P26343,P43565,0,0.38056604383642945,0,one_unseen,mlp,aac_ctd,42
P23641,P40960,0,0.30006335872024076,0,one_unseen,mlp,aac_ctd,42
P26570,P53211,0,0.8084324070227836,1,one_unseen,mlp,aac_ctd,42
Q03702,Q04958,0,0.3672368307117722,0,one_unseen,mlp,aac_ctd,42
P38827,Q06819,0,0.4604366399107633,0,one_unseen,mlp,aac_ctd,42
P40094,P40960,0,0.6091121931906329,1,one_unseen,mlp,aac_ctd,42
P32898,P47166,0,0.6348713124274787,1,one_unseen,mlp,aac_ctd,42
P06839,P25376,0,0.38465648107434497,0,one_unseen,mlp,aac_ctd,42
P14064,P53181,0,0.0019452681283555079,0,one_unseen,mlp,aac_ctd,42
P13663,P53851,0,0.6240023847095962,1,one_unseen,mlp,aac_ctd,42
Q00873,Q06604,0,0.634727836915435,1,one_unseen,mlp,aac_ctd,42
P32494,P42884,0,0.6211558485198838,1,one_unseen,mlp,aac_ctd,42
P40066,P40496,0,0.18750087265947088,0,one_unseen,mlp,aac_ctd,42
P20434,P34217,0,0.7948048164290936,1,one_unseen,mlp,aac_ctd,42
P47050,Q01159,0,0.2966846644831522,0,one_unseen,mlp,aac_ctd,42
P14906,Q99299,0,0.7409904537075421,1,one_unseen,mlp,aac_ctd,42
P23394,P36520,0,0.7752192521616403,1,one_unseen,mlp,aac_ctd,42
P09457,P22515,0,0.47814534617038956,0,one_unseen,mlp,aac_ctd,42
P38992,P40515,0,0.1348456464379612,0,one_unseen,mlp,aac_ctd,42
P23059,Q08683,0,0.21376019321199977,0,one_unseen,mlp,aac_ctd,42
P23561,P53959,0,0.7832679780251006,1,one_unseen,mlp,aac_ctd,42
P35191,P36139,0,0.6722927255580995,1,one_unseen,mlp,aac_ctd,42
P50105,Q06708,0,0.744494947261938,1,one_unseen,mlp,aac_ctd,42
P22214,Q12505,0,0.07172430842642932,0,one_unseen,mlp,aac_ctd,42
Q04089,Q12100,0,0.8390112010048217,1,one_unseen,mlp,aac_ctd,42
P07273,P28743,0,0.6831627885122229,1,one_unseen,mlp,aac_ctd,42
P21304,P32504,0,0.5427240950181164,1,one_unseen,mlp,aac_ctd,42
P22035,P33338,0,0.9251257786420154,1,one_unseen,mlp,aac_ctd,42
P36116,P46674,0,0.3704524017546073,0,one_unseen,mlp,aac_ctd,42
P38627,P38907,0,0.553705253508794,1,one_unseen,mlp,aac_ctd,42
P23641,P32528,0,0.41460789024808825,0,one_unseen,mlp,aac_ctd,42
P11710,P38877,0,0.08808406490835868,0,one_unseen,mlp,aac_ctd,42
P50874,P53859,0,0.3050062315781837,0,one_unseen,mlp,aac_ctd,42
P18888,P32479,0,0.7173213254333725,1,one_unseen,mlp,aac_ctd,42
P53552,Q04225,0,0.37749316481664996,0,one_unseen,mlp,aac_ctd,42
P43574,Q03834,0,0.7953422939371418,1,one_unseen,mlp,aac_ctd,42
P32494,P47185,0,0.08607178287269468,0,one_unseen,mlp,aac_ctd,42
Q03697,Q06137,0,0.27860047500431856,0,one_unseen,mlp,aac_ctd,42
P29496,P32479,0,0.27779777845075054,0,one_unseen,mlp,aac_ctd,42
P38708,P53096,0,0.8127016966203878,1,one_unseen,mlp,aac_ctd,42
P22543,Q06339,0,0.7119134050820732,1,one_unseen,mlp,aac_ctd,42
P16370,P38805,0,0.40534018663703836,0,one_unseen,mlp,aac_ctd,42
P35177,Q00245,0,0.7078551855559175,1,one_unseen,mlp,aac_ctd,42
P53147,Q00578,0,0.5796532350539574,1,one_unseen,mlp,aac_ctd,42
P14908,P23394,0,0.24116929024248163,0,one_unseen,mlp,aac_ctd,42
P32523,P32833,0,0.6337860127890351,1,one_unseen,mlp,aac_ctd,42
P07276,P25655,0,0.363373637815028,0,one_unseen,mlp,aac_ctd,42
P10961,P21242,0,0.5568277864776107,1,one_unseen,mlp,aac_ctd,42
P32939,Q12161,0,0.5835840057280237,1,one_unseen,mlp,aac_ctd,42
P32803,P48837,0,0.20241243579715384,0,one_unseen,mlp,aac_ctd,42
P25655,P38877,0,0.3513494035111678,0,one_unseen,mlp,aac_ctd,42
P27705,Q00873,0,0.4896041846651184,0,one_unseen,mlp,aac_ctd,42
P16892,P40090,0,0.8559157694798099,1,one_unseen,mlp,aac_ctd,42
O14455,Q07921,0,0.006643516120340219,0,one_unseen,mlp,aac_ctd,42
P40352,Q06648,0,0.7825864505593954,1,one_unseen,mlp,aac_ctd,42
P32366,P42942,0,0.46176234257272963,0,one_unseen,mlp,aac_ctd,42
P32610,P40456,0,0.3535297266002718,0,one_unseen,mlp,aac_ctd,42
P53150,Q02776,0,0.3593357140919179,0,one_unseen,mlp,aac_ctd,42
P23968,Q03435,0,0.07060109163772758,0,one_unseen,mlp,aac_ctd,42
Q06490,Q08902,0,0.11669241140958618,0,one_unseen,mlp,aac_ctd,42
P23585,Q12301,0,0.32160450678570607,0,one_unseen,mlp,aac_ctd,42
P25644,P80428,0,0.8188663277564138,1,one_unseen,mlp,aac_ctd,42
P20133,P32829,0,0.3942085228924594,0,one_unseen,mlp,aac_ctd,42
P07560,P38723,0,0.11148771804075619,0,one_unseen,mlp,aac_ctd,42
P20676,P53267,0,0.518808374910436,1,one_unseen,mlp,aac_ctd,42
P22138,P41920,0,0.9139233740860534,1,one_unseen,mlp,aac_ctd,42
P26754,Q08235,0,0.4776400842774326,0,one_unseen,mlp,aac_ctd,42
P38902,P54885,0,0.6095952600446368,1,one_unseen,mlp,aac_ctd,42
P43562,P53236,0,0.05569036933933053,0,one_unseen,mlp,aac_ctd,42
P13099,Q04978,0,0.7573790322558027,1,one_unseen,mlp,aac_ctd,42
P00330,P53857,0,0.8932683444565166,1,one_unseen,mlp,aac_ctd,42
P27692,Q06651,0,0.3970044341113598,0,one_unseen,mlp,aac_ctd,42
P53184,Q12396,0,0.19927651986034836,0,one_unseen,mlp,aac_ctd,42
P38690,P46674,0,0.55382111276112,1,one_unseen,mlp,aac_ctd,42
P39682,Q04089,0,0.49055932770405586,0,one_unseen,mlp,aac_ctd,42
P32634,P39101,0,0.6034523487050432,1,one_unseen,mlp,aac_ctd,42
P39734,P40303,0,0.3013171875334645,0,one_unseen,mlp,aac_ctd,42
Q03148,Q05900,0,0.47607963477946863,0,one_unseen,mlp,aac_ctd,42
P40356,Q04195,0,0.5193575438466039,1,one_unseen,mlp,aac_ctd,42
Q03944,Q06675,0,0.1661006576857206,0,one_unseen,mlp,aac_ctd,42
P53115,Q00539,0,0.5190561246458149,1,one_unseen,mlp,aac_ctd,42
P35178,P46956,0,0.4979429621588573,0,one_unseen,mlp,aac_ctd,42
P39550,Q06819,0,0.10709872493100117,0,one_unseen,mlp,aac_ctd,42
P38149,P38699,0,0.5864894569254377,1,one_unseen,mlp,aac_ctd,42
P38860,P40482,0,0.7577598532944607,1,one_unseen,mlp,aac_ctd,42
P43638,P49334,0,0.3281256794504561,0,one_unseen,mlp,aac_ctd,42
P32499,Q04958,0,0.3751123262877083,0,one_unseen,mlp,aac_ctd,42
P04912,Q12396,0,0.02607420871052189,0,one_unseen,mlp,aac_ctd,42
P40064,P53877,0,0.610210636065171,1,one_unseen,mlp,aac_ctd,42
P00931,Q12035,0,0.9584427746577622,1,one_unseen,mlp,aac_ctd,42
P53735,Q06406,0,0.23631743136040897,0,one_unseen,mlp,aac_ctd,42
P12294,P36062,0,0.9548117029609764,1,one_unseen,mlp,aac_ctd,42
P53959,Q12045,0,0.7570323646427118,1,one_unseen,mlp,aac_ctd,42
P07251,P32570,0,0.15764584417404162,0,one_unseen,mlp,aac_ctd,42
P32805,P53865,0,0.9280592405324848,1,one_unseen,mlp,aac_ctd,42
P25376,P53622,0,0.23885448435236262,0,one_unseen,mlp,aac_ctd,42
P21957,Q12142,0,0.4441727200769763,0,one_unseen,mlp,aac_ctd,42
P39730,P46676,0,0.8227853851716209,1,one_unseen,mlp,aac_ctd,42
P39101,P40087,0,0.5221309083517948,1,one_unseen,mlp,aac_ctd,42
P09440,Q12495,0,0.6016367261762389,1,one_unseen,mlp,aac_ctd,42
P14164,Q99278,0,0.5752182856108106,1,one_unseen,mlp,aac_ctd,42
P15938,P32803,0,0.13082170449673247,0,one_unseen,mlp,aac_ctd,42
P38720,P50078,0,0.8665315484877836,1,one_unseen,mlp,aac_ctd,42
P35178,Q02516,0,0.3250101198114882,0,one_unseen,mlp,aac_ctd,42
P32634,P33303,0,0.5814823924413481,1,one_unseen,mlp,aac_ctd,42
P54837,Q03048,0,0.015114941302086534,0,one_unseen,mlp,aac_ctd,42
P47134,Q08214,0,0.48396953048949615,0,one_unseen,mlp,aac_ctd,42
P23585,P33420,0,0.15270955453125387,0,one_unseen,mlp,aac_ctd,42
P04786,P39960,0,0.6386764574882957,1,one_unseen,mlp,aac_ctd,42
P12294,P20436,0,0.9110806979824846,1,one_unseen,mlp,aac_ctd,42
P06777,Q00362,0,0.7019010928345396,1,one_unseen,mlp,aac_ctd,42
P51534,Q03280,0,0.6511200454595534,1,one_unseen,mlp,aac_ctd,42
P39987,Q03690,0,0.4213271891047343,0,one_unseen,mlp,aac_ctd,42
P39717,Q01852,0,0.5404353874862802,1,one_unseen,mlp,aac_ctd,42
P40087,P53857,0,0.8040965913247691,1,one_unseen,mlp,aac_ctd,42
P21304,Q06676,0,0.05581597858492071,0,one_unseen,mlp,aac_ctd,42
P12868,P35191,0,0.5311529576044016,1,one_unseen,mlp,aac_ctd,42
P05626,P51601,0,0.6190438592684077,1,one_unseen,mlp,aac_ctd,42
P07272,P40007,0,0.6409431055692338,1,one_unseen,mlp,aac_ctd,42
P18962,P38630,0,0.6299399302607972,1,one_unseen,mlp,aac_ctd,42
P10964,P18238,0,0.494591450593313,0,one_unseen,mlp,aac_ctd,42
P23776,P53290,0,0.7148823545313195,1,one_unseen,mlp,aac_ctd,42
P25045,P80667,0,0.3562217809011697,0,one_unseen,mlp,aac_ctd,42
P39678,P40517,0,0.8380615685845222,1,one_unseen,mlp,aac_ctd,42
P25655,P38702,0,0.5761707559122651,1,one_unseen,mlp,aac_ctd,42
P40352,Q12255,0,0.20142073783020248,0,one_unseen,mlp,aac_ctd,42
P00431,P50105,0,0.7247763211485776,1,one_unseen,mlp,aac_ctd,42
P07703,P53552,0,0.45013998777900516,0,one_unseen,mlp,aac_ctd,42
P12294,P38204,0,0.09957835017859959,0,one_unseen,mlp,aac_ctd,42
P40518,Q02336,0,0.16500626312174654,0,one_unseen,mlp,aac_ctd,42
P38953,Q08601,0,0.5337124762474609,1,one_unseen,mlp,aac_ctd,42
P19880,P40455,0,0.6510183032181381,1,one_unseen,mlp,aac_ctd,42
P21339,Q08550,0,0.8083578323467652,1,one_unseen,mlp,aac_ctd,42
P33338,P54862,0,0.1202972110523381,0,one_unseen,mlp,aac_ctd,42
P39875,P39935,0,0.4908436893318145,0,one_unseen,mlp,aac_ctd,42
P40014,Q07622,0,0.6556436800701417,1,one_unseen,mlp,aac_ctd,42
P89105,Q06169,0,0.18055898332602519,0,one_unseen,mlp,aac_ctd,42
P40060,Q08109,0,0.3871221045437835,0,one_unseen,mlp,aac_ctd,42
P53142,Q12527,0,0.1683319849107775,0,one_unseen,mlp,aac_ctd,42
P33301,Q06651,0,0.3973798616026966,0,one_unseen,mlp,aac_ctd,42
P32499,P38727,0,0.11907306781688536,0,one_unseen,mlp,aac_ctd,42
P22202,Q02608,0,0.09611275062326093,0,one_unseen,mlp,aac_ctd,42
P08518,P28007,0,0.14709572353139252,0,one_unseen,mlp,aac_ctd,42
Q05998,Q08601,0,0.20908571520269653,0,one_unseen,mlp,aac_ctd,42
P38826,Q04491,0,0.721100777487031,1,one_unseen,mlp,aac_ctd,42
P43603,P53181,0,0.017760181799092296,0,one_unseen,mlp,aac_ctd,42
P47052,Q12402,0,0.2122291488917432,0,one_unseen,mlp,aac_ctd,42
P47165,Q12161,0,0.6503863618084242,1,one_unseen,mlp,aac_ctd,42
P38879,P39534,0,0.5796789840525203,1,one_unseen,mlp,aac_ctd,42
P38348,P40352,0,0.8991876757783206,1,one_unseen,mlp,aac_ctd,42
P23287,P38699,0,0.7210640322581852,1,one_unseen,mlp,aac_ctd,42
Q03213,Q05580,0,0.336646234151691,0,one_unseen,mlp,aac_ctd,42
P21304,P38204,0,0.8677776064765083,1,one_unseen,mlp,aac_ctd,42
P33421,P43560,0,0.24852750132807885,0,one_unseen,mlp,aac_ctd,42
P36130,Q12349,0,0.1229439485092314,0,one_unseen,mlp,aac_ctd,42
P38960,P47083,0,0.47314454547940515,0,one_unseen,mlp,aac_ctd,42
P52891,Q04673,0,0.7336717508758411,1,one_unseen,mlp,aac_ctd,42
P38194,Q06675,0,0.3994855030998155,0,one_unseen,mlp,aac_ctd,42
P14737,Q12216,0,0.48746290635992273,0,one_unseen,mlp,aac_ctd,42
P07250,P38774,0,0.4362423447582766,0,one_unseen,mlp,aac_ctd,42
P32571,P38429,0,0.5165012379181929,1,one_unseen,mlp,aac_ctd,42
P38193,P38272,0,0.5433018783265996,1,one_unseen,mlp,aac_ctd,42
P53924,Q08032,0,0.5055083596864344,1,one_unseen,mlp,aac_ctd,42
P53211,Q12347,0,0.6168924355162386,1,one_unseen,mlp,aac_ctd,42
P21339,Q12018,0,0.7397343641137779,1,one_unseen,mlp,aac_ctd,42
P87108,Q12129,0,0.005375828040283335,0,one_unseen,mlp,aac_ctd,42
P36009,Q06096,0,0.4571706152621995,0,one_unseen,mlp,aac_ctd,42
O13530,P36145,0,3.140435608701601e-05,0,one_unseen,mlp,aac_ctd,42
P53740,Q03785,0,0.7020658797827337,1,one_unseen,mlp,aac_ctd,42
P38630,P53299,0,0.41645986632936416,0,one_unseen,mlp,aac_ctd,42
Q03323,Q12447,0,0.5253592795298577,1,one_unseen,mlp,aac_ctd,42
P32610,P38967,0,0.058578153280514064,0,one_unseen,mlp,aac_ctd,42
P33322,P39101,0,0.9380766019193292,1,one_unseen,mlp,aac_ctd,42
P16861,P23255,0,0.5778019740064393,1,one_unseen,mlp,aac_ctd,42
P04076,P53299,0,0.531324555953968,1,one_unseen,mlp,aac_ctd,42
P18962,P27692,0,0.22293870374646993,0,one_unseen,mlp,aac_ctd,42
P38838,Q99176,0,0.44701033428366965,0,one_unseen,mlp,aac_ctd,42
P53258,P53952,0,0.41086550428890095,0,one_unseen,mlp,aac_ctd,42
P35190,P38915,0,0.616384252399768,1,one_unseen,mlp,aac_ctd,42
P10566,P53834,0,0.1353222806959794,0,one_unseen,mlp,aac_ctd,42
P53032,Q03691,0,0.09252733402151972,0,one_unseen,mlp,aac_ctd,42
P46669,Q07688,0,0.4994014618229709,0,one_unseen,mlp,aac_ctd,42
P32558,Q12411,0,0.8157369023479959,1,one_unseen,mlp,aac_ctd,42
P12945,P39875,0,0.3951884167409974,0,one_unseen,mlp,aac_ctd,42
P38138,Q00916,0,0.31876881718264727,0,one_unseen,mlp,aac_ctd,42
P39520,Q00711,0,0.4937010006167011,0,one_unseen,mlp,aac_ctd,42
P22579,P38742,0,0.7974520115356926,1,one_unseen,mlp,aac_ctd,42
P32564,P48232,0,0.046863923527401076,0,one_unseen,mlp,aac_ctd,42
P14736,P38957,0,0.5132675881131707,1,one_unseen,mlp,aac_ctd,42
P32558,P39010,0,0.17949363719871675,0,one_unseen,mlp,aac_ctd,42
P12294,P53130,0,0.8476673272105651,1,one_unseen,mlp,aac_ctd,42
P07273,P20795,0,0.5085768304913982,1,one_unseen,mlp,aac_ctd,42
P53905,Q12161,0,0.4549820466111025,0,one_unseen,mlp,aac_ctd,42
P32912,P39987,0,0.5438485274268262,1,one_unseen,mlp,aac_ctd,42
P11978,P53032,0,0.37020003021448167,0,one_unseen,mlp,aac_ctd,42
P46974,Q04338,0,0.373799639830854,0,one_unseen,mlp,aac_ctd,42
P47115,P53244,0,0.42064422008519425,0,one_unseen,mlp,aac_ctd,42
P53094,Q12030,0,0.21961078656050348,0,one_unseen,mlp,aac_ctd,42
P25376,P25659,0,0.8546659181324375,1,one_unseen,mlp,aac_ctd,42
P02400,P38744,0,0.6355874524097792,1,one_unseen,mlp,aac_ctd,42
P50105,Q06001,0,0.6741332064882207,1,one_unseen,mlp,aac_ctd,42
P39928,Q12285,0,0.5511954552287557,1,one_unseen,mlp,aac_ctd,42
P40495,P53070,0,0.40047769626073676,0,one_unseen,mlp,aac_ctd,42
P07257,P14736,0,0.5786472673292254,1,one_unseen,mlp,aac_ctd,42
P31111,P35172,0,0.6653839460819513,1,one_unseen,mlp,aac_ctd,42
P20448,P47185,0,0.1349933644036197,0,one_unseen,mlp,aac_ctd,42
P32803,Q03790,0,0.18500483073568647,0,one_unseen,mlp,aac_ctd,42
P38727,P40453,0,0.607808562635928,1,one_unseen,mlp,aac_ctd,42
Q07921,Q12151,0,0.1615421915025999,0,one_unseen,mlp,aac_ctd,42
P35691,Q04636,0,0.9138001437859049,1,one_unseen,mlp,aac_ctd,42
P32859,P53552,0,0.046455963263832944,0,one_unseen,mlp,aac_ctd,42
P28004,P53265,0,0.7359592893331294,1,one_unseen,mlp,aac_ctd,42
P07250,P19454,0,0.5820696276371253,1,one_unseen,mlp,aac_ctd,42
P00410,P36010,0,0.0677151722220029,0,one_unseen,mlp,aac_ctd,42
P25296,P53045,0,0.05171341152445156,0,one_unseen,mlp,aac_ctd,42
O74700,P40960,0,0.5607940629539645,1,one_unseen,mlp,aac_ctd,42
P32794,P35201,0,0.3808960446396445,0,one_unseen,mlp,aac_ctd,42
P39960,Q08562,0,0.6011830088699193,1,one_unseen,mlp,aac_ctd,42
P80428,Q01939,0,0.7169403814717052,1,one_unseen,mlp,aac_ctd,42
P40167,P53044,0,0.7380830696877904,1,one_unseen,mlp,aac_ctd,42
Q06631,Q06644,0,0.09302045392730354,0,one_unseen,mlp,aac_ctd,42
P08566,P53901,0,0.771320543978857,1,one_unseen,mlp,aac_ctd,42
P32558,P40314,0,0.6326293289657109,1,one_unseen,mlp,aac_ctd,42
P53142,Q08287,0,0.052804599801103476,0,one_unseen,mlp,aac_ctd,42
P21304,P39010,0,0.4100675763838319,0,one_unseen,mlp,aac_ctd,42
P13185,P16522,0,0.8035038904785471,1,one_unseen,mlp,aac_ctd,42
P38622,P38811,0,0.8101655659146259,1,one_unseen,mlp,aac_ctd,42
P38960,Q08962,0,0.41877367541871324,0,one_unseen,mlp,aac_ctd,42
P41805,P53243,0,0.49243025842924054,0,one_unseen,mlp,aac_ctd,42
P40541,P47152,0,0.4016228251073547,0,one_unseen,mlp,aac_ctd,42
P39992,P40395,0,0.5495831851153072,1,one_unseen,mlp,aac_ctd,42
P13393,Q03661,0,0.2640959850364689,0,one_unseen,mlp,aac_ctd,42
P35189,P35190,0,0.1957041034048744,0,one_unseen,mlp,aac_ctd,42
P07390,Q12270,0,0.2205889026049687,0,one_unseen,mlp,aac_ctd,42
P25632,P40456,0,0.3092418232553169,0,one_unseen,mlp,aac_ctd,42
P36049,P39101,0,0.919968389041399,1,one_unseen,mlp,aac_ctd,42
P34160,P40014,0,0.8689600773315862,1,one_unseen,mlp,aac_ctd,42
P32571,P53824,0,0.7370683557769261,1,one_unseen,mlp,aac_ctd,42
P07248,Q04978,0,0.7567252174266231,1,one_unseen,mlp,aac_ctd,42
P25382,P40518,0,0.5362130194346753,1,one_unseen,mlp,aac_ctd,42
P39875,P46961,0,0.011285775243931612,0,one_unseen,mlp,aac_ctd,42
P32805,Q02793,0,0.7346986159709648,1,one_unseen,mlp,aac_ctd,42
P42945,P48510,0,0.6119311431130168,1,one_unseen,mlp,aac_ctd,42
P36029,Q08271,0,0.3953940160231964,0,one_unseen,mlp,aac_ctd,42
P40341,Q12494,0,0.7258262809884367,1,one_unseen,mlp,aac_ctd,42
P34244,P38960,0,0.7621537544561584,1,one_unseen,mlp,aac_ctd,42
P38860,Q02260,0,0.3160842291444203,0,one_unseen,mlp,aac_ctd,42
P29468,P53685,0,0.4546452723722799,0,one_unseen,mlp,aac_ctd,42
P25357,P35191,0,0.8919332322599304,1,one_unseen,mlp,aac_ctd,42
P25580,Q08217,0,0.6130424402083411,1,one_unseen,mlp,aac_ctd,42
P10961,P38070,0,0.7198512937406881,1,one_unseen,mlp,aac_ctd,42
P53032,P53961,0,0.1733245725164081,0,one_unseen,mlp,aac_ctd,42
P39967,Q03940,0,0.6943220999319563,1,one_unseen,mlp,aac_ctd,42
P32859,Q04368,0,0.059507344027844015,0,one_unseen,mlp,aac_ctd,42
P25453,P33750,0,0.448335942094235,0,one_unseen,mlp,aac_ctd,42
P43542,P43569,0,0.1428881521223447,0,one_unseen,mlp,aac_ctd,42
P11747,P39944,0,0.23961783897512662,0,one_unseen,mlp,aac_ctd,42
P05626,Q04195,0,0.5133382115394032,1,one_unseen,mlp,aac_ctd,42
P27637,P34227,0,0.16921862745085473,0,one_unseen,mlp,aac_ctd,42
P32859,Q03018,0,0.03387190453576682,0,one_unseen,mlp,aac_ctd,42
P36165,Q05911,0,0.7788843446829247,1,one_unseen,mlp,aac_ctd,42
P21192,Q06630,0,0.48555751769820493,0,one_unseen,mlp,aac_ctd,42
P40960,P53961,0,0.07726505781832914,0,one_unseen,mlp,aac_ctd,42
P39735,P53254,0,0.4406605255510338,0,one_unseen,mlp,aac_ctd,42
Q05787,Q99181,0,0.43429300019302947,0,one_unseen,mlp,aac_ctd,42
P42934,Q04636,0,0.0791338724429016,0,one_unseen,mlp,aac_ctd,42
P28707,P38068,0,0.6684529475299114,1,one_unseen,mlp,aac_ctd,42
Q06490,Q12264,0,0.021778300906670725,0,one_unseen,mlp,aac_ctd,42
P23594,Q03280,0,0.3975923170758581,0,one_unseen,mlp,aac_ctd,42
P40960,P53209,0,0.4631517588510532,0,one_unseen,mlp,aac_ctd,42
P38064,Q12335,0,0.4595226345259734,0,one_unseen,mlp,aac_ctd,42
P35207,P53259,0,0.3154102799217079,0,one_unseen,mlp,aac_ctd,42
Q04322,Q12157,0,0.4777621716989033,0,one_unseen,mlp,aac_ctd,42
P36019,P46671,0,0.019804194003023454,0,one_unseen,mlp,aac_ctd,42
P53115,Q12138,0,0.23100079430078585,0,one_unseen,mlp,aac_ctd,42
P20053,P54791,0,0.4138607799809484,0,one_unseen,mlp,aac_ctd,42
P38082,Q08109,0,0.5754737199609382,1,one_unseen,mlp,aac_ctd,42
P33401,Q12321,0,0.8926715178743692,1,one_unseen,mlp,aac_ctd,42
P39685,P45818,0,0.27539718911826766,0,one_unseen,mlp,aac_ctd,42
P48361,Q12082,0,0.3289946682002223,0,one_unseen,mlp,aac_ctd,42
P39534,Q07800,0,0.17757191120914206,0,one_unseen,mlp,aac_ctd,42
Q00711,Q04368,0,0.6363735546621938,1,one_unseen,mlp,aac_ctd,42
P32898,Q02159,0,0.14894715861982288,0,one_unseen,mlp,aac_ctd,42
P48234,P52490,0,0.24907918323665307,0,one_unseen,mlp,aac_ctd,42
P46674,Q07442,0,0.3567125214378756,0,one_unseen,mlp,aac_ctd,42
P09119,P22203,0,0.4569860077284996,0,one_unseen,mlp,aac_ctd,42
P38274,Q12035,0,0.7905256239447368,1,one_unseen,mlp,aac_ctd,42
P19658,P25376,0,0.3956783089611931,0,one_unseen,mlp,aac_ctd,42
P25376,P25575,0,0.04419938442842646,0,one_unseen,mlp,aac_ctd,42
P38138,P38902,0,0.31562100348198563,0,one_unseen,mlp,aac_ctd,42
P38427,P47025,0,0.6689486190104964,1,one_unseen,mlp,aac_ctd,42
Q02890,Q12402,0,0.14735867425415064,0,one_unseen,mlp,aac_ctd,42
P28239,P32805,0,0.8148090242281502,1,one_unseen,mlp,aac_ctd,42
P46682,P53115,0,0.6322166743551144,1,one_unseen,mlp,aac_ctd,42
P32838,P39715,0,0.4953909875117715,0,one_unseen,mlp,aac_ctd,42
P06242,P19955,0,0.4327723940933544,0,one_unseen,mlp,aac_ctd,42
P16370,P36973,0,0.39282037953341314,0,one_unseen,mlp,aac_ctd,42
P14907,P32558,0,0.3087059572392481,0,one_unseen,mlp,aac_ctd,42
P54861,Q12050,0,0.488498290917617,0,one_unseen,mlp,aac_ctd,42
Q04272,Q12157,0,0.43622404627080197,0,one_unseen,mlp,aac_ctd,42
P35184,P40341,0,0.21782886665211895,0,one_unseen,mlp,aac_ctd,42
P24783,P53824,0,0.858763648666351,1,one_unseen,mlp,aac_ctd,42
P25341,Q07980,0,0.6685200980590631,1,one_unseen,mlp,aac_ctd,42
P38302,P41805,0,0.35784289832908306,0,one_unseen,mlp,aac_ctd,42
P13586,P23291,0,0.47595919948561366,0,one_unseen,mlp,aac_ctd,42
P14682,P40456,0,0.24871136062973673,0,one_unseen,mlp,aac_ctd,42
P33303,P43605,0,0.4331520991975428,0,one_unseen,mlp,aac_ctd,42
P34218,Q08235,0,0.5219991124793232,1,one_unseen,mlp,aac_ctd,42
P27999,P33311,0,0.13835336386286043,0,one_unseen,mlp,aac_ctd,42
P32074,Q12402,0,0.7604647346114108,1,one_unseen,mlp,aac_ctd,42
P35207,Q06632,0,0.6392386217233024,1,one_unseen,mlp,aac_ctd,42
P16547,P47045,0,0.2623874969515591,0,one_unseen,mlp,aac_ctd,42
P25376,Q03697,0,0.42676785687115104,0,one_unseen,mlp,aac_ctd,42
P48234,Q08921,0,0.6216479093223845,1,one_unseen,mlp,aac_ctd,42
P48581,Q12035,0,0.930145684036242,1,one_unseen,mlp,aac_ctd,42
P05986,P40032,0,0.7776684526662719,1,one_unseen,mlp,aac_ctd,42
P33892,P53147,0,0.46564409425103737,0,one_unseen,mlp,aac_ctd,42
P26188,Q08931,0,0.8925523637067828,1,one_unseen,mlp,aac_ctd,42
P31111,P36057,0,0.12506693530796917,0,one_unseen,mlp,aac_ctd,42
