protein_a,protein_b,y_true,y_probability,y_pred,split,model,representation,seed
P13586,P39552,0,0.0007735732124420111,0,random,mlp,esm2_mean,42
P25582,P53124,1,0.6163921083946949,1,random,mlp,esm2_mean,42
Q03691,Q12494,0,0.04544117157130466,0,random,mlp,esm2_mean,42
P05453,Q12059,0,0.906366475706438,1,random,mlp,esm2_mean,42
P25646,Q12513,1,0.11152413728734252,0,random,mlp,esm2_mean,42
P00431,P53628,0,0.0006653564913170529,0,random,mlp,esm2_mean,42
P10507,P39523,0,0.04909683645947899,0,random,mlp,esm2_mean,42
P00950,P42845,1,0.14845259960062435,0,random,mlp,esm2_mean,42
P43602,Q02795,1,0.005281618424348185,0,random,mlp,esm2_mean,42
P12954,Q08096,1,0.10822085252237722,0,random,mlp,esm2_mean,42
P53233,Q05947,0,0.02360947017420813,0,random,mlp,esm2_mean,42
P21304,P32504,0,0.07062289137251485,0,random,mlp,esm2_mean,42
P24868,P38228,1,0.6048202328309938,1,random,mlp,esm2_mean,42
P32558,Q12365,0,0.502880052057496,1,random,mlp,esm2_mean,42
P26793,P38998,1,0.9938002997799105,1,random,mlp,esm2_mean,42
P31382,Q99190,0,0.19480043285877174,0,random,mlp,esm2_mean,42
P32366,P47042,0,0.9111937693180008,1,random,mlp,esm2_mean,42
P38817,Q06091,0,0.13230967400580196,0,random,mlp,esm2_mean,42
P11154,Q00772,0,0.9995961985415374,1,random,mlp,esm2_mean,42
P47050,P48412,1,0.9658761472114528,1,random,mlp,esm2_mean,42
P50875,P53941,0,0.9714299669721065,1,random,mlp,esm2_mean,42
P32074,P40483,1,0.7175511381977525,1,random,mlp,esm2_mean,42
P39723,Q03750,0,0.8601493313731652,1,random,mlp,esm2_mean,42
P06774,Q08649,0,0.39934741554781894,0,random,mlp,esm2_mean,42
P25343,P47104,1,0.9807150942561611,1,random,mlp,esm2_mean,42
P32479,Q12335,0,0.010641713581038362,0,random,mlp,esm2_mean,42
P00175,Q03750,0,0.010955271497189611,0,random,mlp,esm2_mean,42
P38316,P40064,1,0.3415874769610954,0,random,mlp,esm2_mean,42
P21801,P40217,1,0.45691586703786485,0,random,mlp,esm2_mean,42
O14455,Q08278,0,0.06822373158172618,0,random,mlp,esm2_mean,42
P25648,P26570,0,0.9547494176003315,1,random,mlp,esm2_mean,42
P28834,Q06169,1,0.002674937535694418,0,random,mlp,esm2_mean,42
Q08558,Q99189,1,0.9996086503362815,1,random,mlp,esm2_mean,42
P07260,P53437,0,0.18145108343086314,0,random,mlp,esm2_mean,42
P35728,Q01080,0,0.12031712640423127,0,random,mlp,esm2_mean,42
P34223,Q06704,1,0.9779415683380434,1,random,mlp,esm2_mean,42
P39515,Q03957,0,0.006214103135276193,0,random,mlp,esm2_mean,42
P21374,Q03944,0,0.0034792751130237297,0,random,mlp,esm2_mean,42
P16467,Q03956,1,0.9981273609304455,1,random,mlp,esm2_mean,42
P36062,P53168,1,0.7090291559304913,1,random,mlp,esm2_mean,42
P13712,P48510,0,0.9989893346959617,1,random,mlp,esm2_mean,42
P04819,P16547,1,0.535576428593952,1,random,mlp,esm2_mean,42
P32607,P32854,1,0.8527265300692116,1,random,mlp,esm2_mean,42
P00410,Q05031,0,4.404576416894317e-06,0,random,mlp,esm2_mean,42
P32776,P38261,1,0.7161453784371349,1,random,mlp,esm2_mean,42
P31374,Q06163,1,0.25094799292519937,0,random,mlp,esm2_mean,42
P20095,P38774,0,0.046232826329869955,0,random,mlp,esm2_mean,42
P14242,P38191,1,0.013140894524054859,0,random,mlp,esm2_mean,42
P40303,P40555,1,0.5511934702427392,1,random,mlp,esm2_mean,42
P01097,P40509,0,0.0006090008058904723,0,random,mlp,esm2_mean,42
P53211,Q12347,0,0.023602645033655653,0,random,mlp,esm2_mean,42
P32464,P32559,0,0.9994216984085131,1,random,mlp,esm2_mean,42
P13434,P21192,0,0.43419475139447583,0,random,mlp,esm2_mean,42
P26754,P39520,1,0.08705681267181481,0,random,mlp,esm2_mean,42
P33755,P36144,1,0.8935346282148027,1,random,mlp,esm2_mean,42
P17555,P47068,1,0.9769674938516583,1,random,mlp,esm2_mean,42
P33755,P47117,1,0.22863947146414093,0,random,mlp,esm2_mean,42
P25491,Q12186,1,0.636893287289605,1,random,mlp,esm2_mean,42
P41544,Q07824,0,0.7029181882896445,1,random,mlp,esm2_mean,42
P42941,Q01649,0,0.9978272600330904,1,random,mlp,esm2_mean,42
P38819,P53169,0,0.001471064346938841,0,random,mlp,esm2_mean,42
P08518,Q06440,0,0.9359688733317633,1,random,mlp,esm2_mean,42
P40473,Q12102,0,0.3640659658095721,0,random,mlp,esm2_mean,42
P11938,Q04675,1,0.2904243114782678,0,random,mlp,esm2_mean,42
P24813,P40055,1,0.4111359217592076,0,random,mlp,esm2_mean,42
P38439,P39727,0,0.002559999217032549,0,random,mlp,esm2_mean,42
P25357,P32480,1,0.7276862301479347,1,random,mlp,esm2_mean,42
P35497,P40457,1,0.9997686155611779,1,random,mlp,esm2_mean,42
P02400,P38194,1,0.015074650169887547,0,random,mlp,esm2_mean,42
P14126,P53256,1,0.4602218801581412,0,random,mlp,esm2_mean,42
P23594,Q04121,1,0.6868993447967915,1,random,mlp,esm2_mean,42
P10591,P25648,0,0.0371608691456794,0,random,mlp,esm2_mean,42
P10863,P39540,1,0.0038575595291066183,0,random,mlp,esm2_mean,42
P21242,P53900,1,0.8209067511542852,1,random,mlp,esm2_mean,42
P24870,P53100,1,0.5511899200554585,1,random,mlp,esm2_mean,42
P39940,Q03957,1,0.899544476727163,1,random,mlp,esm2_mean,42
P34077,P39723,1,0.8232643906980359,1,random,mlp,esm2_mean,42
P08431,Q07418,1,0.9998694944485614,1,random,mlp,esm2_mean,42
P18238,P47090,0,9.665795342584628e-05,0,random,mlp,esm2_mean,42
P53961,Q04978,0,0.0003746031780052212,0,random,mlp,esm2_mean,42
P23638,P32849,1,0.8096917869333681,1,random,mlp,esm2_mean,42
P32523,P47113,1,0.6405874589132048,1,random,mlp,esm2_mean,42
P32324,P40005,1,0.9824660321134392,1,random,mlp,esm2_mean,42
P21957,P32605,0,0.8479888571985892,1,random,mlp,esm2_mean,42
P27999,P53212,1,0.18741780545855988,0,random,mlp,esm2_mean,42
P29295,P36008,1,0.8757253295649395,1,random,mlp,esm2_mean,42
P34218,Q04673,1,0.12146218757164497,0,random,mlp,esm2_mean,42
P06778,Q03071,0,0.8576027529831952,1,random,mlp,esm2_mean,42
P22007,P38903,1,0.9822057495797767,1,random,mlp,esm2_mean,42
P24004,Q04675,1,0.6120500604097169,1,random,mlp,esm2_mean,42
P07347,P29055,0,0.4883469818115565,0,random,mlp,esm2_mean,42
P38358,Q07381,1,0.24182857675236075,0,random,mlp,esm2_mean,42
P38431,Q03761,0,0.8391254107106787,1,random,mlp,esm2_mean,42
P28239,P36027,0,0.0010885063617254774,0,random,mlp,esm2_mean,42
P00549,P34224,0,0.9967383272637912,1,random,mlp,esm2_mean,42
P40495,Q01722,0,0.9636901701883579,1,random,mlp,esm2_mean,42
P38272,P39713,0,0.9941525658614422,1,random,mlp,esm2_mean,42
P40061,P46995,1,0.7461494971784363,1,random,mlp,esm2_mean,42
P06242,P53600,1,0.9992139579967872,1,random,mlp,esm2_mean,42
P40965,Q02784,0,0.06007023147227063,0,random,mlp,esm2_mean,42
Q03935,Q07904,0,0.28127658091738383,0,random,mlp,esm2_mean,42
P21242,Q12222,1,0.8138924117192756,1,random,mlp,esm2_mean,42
Q12157,Q12499,0,0.9662740266918578,1,random,mlp,esm2_mean,42
Q12192,Q12518,0,0.014161177028174966,0,random,mlp,esm2_mean,42
P36009,Q06096,0,0.06699706655128672,0,random,mlp,esm2_mean,42
P25346,Q12330,0,0.023800589392965848,0,random,mlp,esm2_mean,42
P22276,P27636,0,0.4596520673777303,0,random,mlp,esm2_mean,42
P14906,Q08550,0,0.23494004931913162,0,random,mlp,esm2_mean,42
P53858,Q04149,1,0.8969359852094935,1,random,mlp,esm2_mean,42
P38138,Q00916,0,0.01316993121805181,0,random,mlp,esm2_mean,42
P35728,Q92317,1,0.9447950127467581,1,random,mlp,esm2_mean,42
Q07478,Q12368,0,0.9018244860455528,1,random,mlp,esm2_mean,42
P15646,P38346,1,0.9910242936662812,1,random,mlp,esm2_mean,42
P32494,P47185,0,6.309047436136148e-05,0,random,mlp,esm2_mean,42
P14064,P53261,0,0.3723982948221318,0,random,mlp,esm2_mean,42
P07283,P16661,0,0.751258068875802,1,random,mlp,esm2_mean,42
P38208,P40960,1,0.5834352152561234,1,random,mlp,esm2_mean,42
P20967,P32491,1,0.9996305441127343,1,random,mlp,esm2_mean,42
P20053,P51534,1,0.9912245264519364,1,random,mlp,esm2_mean,42
P34224,Q04739,0,0.8073849971431263,1,random,mlp,esm2_mean,42
P15367,P36005,0,0.027492234629171348,0,random,mlp,esm2_mean,42
P06634,P53600,1,0.9942949267464124,1,random,mlp,esm2_mean,42
P38265,P38272,0,0.099046376649929,0,random,mlp,esm2_mean,42
P10592,P25491,1,0.9888515891058557,1,random,mlp,esm2_mean,42
P32838,Q99344,0,0.005884724717961854,0,random,mlp,esm2_mean,42
P48568,Q02100,0,0.49153077148042873,0,random,mlp,esm2_mean,42
P35193,P53044,0,0.5106862324319555,1,random,mlp,esm2_mean,42
P38282,Q00578,1,0.03359892771054282,0,random,mlp,esm2_mean,42
P40061,P47011,1,0.9940255523991288,1,random,mlp,esm2_mean,42
P37838,P40018,0,0.8131789333952598,1,random,mlp,esm2_mean,42
P06778,P38751,1,0.030212642416207965,0,random,mlp,esm2_mean,42
P07866,P20435,1,0.2237766240675432,0,random,mlp,esm2_mean,42
P35206,P40518,0,0.0003337980777729006,0,random,mlp,esm2_mean,42
P16387,P38068,0,6.423727993834105e-06,0,random,mlp,esm2_mean,42
P50277,P53252,1,0.9771959988118688,1,random,mlp,esm2_mean,42
P40005,P42845,1,0.5712706711491374,1,random,mlp,esm2_mean,42
P46974,P53233,0,0.7670645243360904,1,random,mlp,esm2_mean,42
P38838,Q04307,1,0.010301218948239918,0,random,mlp,esm2_mean,42
P38072,P53910,1,0.0010570597989845389,0,random,mlp,esm2_mean,42
P27351,Q07471,1,0.9948460360738814,1,random,mlp,esm2_mean,42
P32559,Q06411,0,0.95730232896947,1,random,mlp,esm2_mean,42
Q08235,Q12009,1,0.1728470730553245,0,random,mlp,esm2_mean,42
P54790,Q00772,0,0.18803487167708383,0,random,mlp,esm2_mean,42
P23255,P38957,0,0.9184901502164025,1,random,mlp,esm2_mean,42
P29366,P33201,1,0.998500705323156,1,random,mlp,esm2_mean,42
P38692,Q12309,0,0.9622516086498422,1,random,mlp,esm2_mean,42
P32564,P36024,0,0.9230194581546552,1,random,mlp,esm2_mean,42
P06243,P24814,1,0.9658847303864165,1,random,mlp,esm2_mean,42
P43587,P48836,1,0.7697029657119211,1,random,mlp,esm2_mean,42
P24384,Q99207,0,0.5208830153899218,1,random,mlp,esm2_mean,42
P34162,P36100,1,0.022196127862879757,0,random,mlp,esm2_mean,42
P13574,P33323,0,0.6737415515018172,1,random,mlp,esm2_mean,42
P32783,P43682,0,0.0581349189091647,0,random,mlp,esm2_mean,42
P22543,P25453,0,0.14447305112121522,0,random,mlp,esm2_mean,42
P12753,P29311,0,0.21881314230799864,0,random,mlp,esm2_mean,42
P33301,Q04636,1,0.041525064732477565,0,random,mlp,esm2_mean,42
P38781,P53971,0,0.44606537890624615,0,random,mlp,esm2_mean,42
P38859,Q12021,1,0.8504500557420831,1,random,mlp,esm2_mean,42
P40352,Q08492,0,0.014029899681897683,0,random,mlp,esm2_mean,42
P39682,Q00618,1,0.5985636374281311,1,random,mlp,esm2_mean,42
P08518,P40564,0,0.9345959966179938,1,random,mlp,esm2_mean,42
O13297,Q06096,0,0.010905353146148308,0,random,mlp,esm2_mean,42
P04786,P41813,0,0.16250168946743565,0,random,mlp,esm2_mean,42
P32447,P34224,0,0.002368095437952917,0,random,mlp,esm2_mean,42
P42846,Q08215,1,0.2827885348739696,0,random,mlp,esm2_mean,42
P24867,Q02204,0,0.43039381870063936,0,random,mlp,esm2_mean,42
P07272,P41810,0,0.5560042450784893,1,random,mlp,esm2_mean,42
P53211,Q08193,0,0.01871832686376519,0,random,mlp,esm2_mean,42
P03069,Q12494,0,0.5796811424159528,1,random,mlp,esm2_mean,42
P33306,P39079,1,0.975210714478312,1,random,mlp,esm2_mean,42
P07260,P14306,1,0.9975775822648865,1,random,mlp,esm2_mean,42
P20052,P33767,0,0.01499162455570885,0,random,mlp,esm2_mean,42
P07273,P22007,0,0.8915842437440977,1,random,mlp,esm2_mean,42
P40478,P53859,0,0.0013435914709390374,0,random,mlp,esm2_mean,42
P07866,P42843,1,0.9775518416668588,1,random,mlp,esm2_mean,42
P25342,P32773,1,0.5361752581088366,1,random,mlp,esm2_mean,42
P31383,Q00578,1,0.9785748287697904,1,random,mlp,esm2_mean,42
P25808,P50278,1,0.8949836713839074,1,random,mlp,esm2_mean,42
P33333,Q03619,1,0.04904091656255928,0,random,mlp,esm2_mean,42
P32571,P38429,0,0.7663627878819762,1,random,mlp,esm2_mean,42
P18410,Q03337,1,0.9233477982429211,1,random,mlp,esm2_mean,42
P14359,Q06340,1,0.021227842432406444,0,random,mlp,esm2_mean,42
Q04603,Q06251,0,0.46001068461745165,0,random,mlp,esm2_mean,42
P38113,Q12432,0,0.9170790464212571,1,random,mlp,esm2_mean,42
P38904,P53272,0,0.524691479765829,1,random,mlp,esm2_mean,42
P18238,P39984,0,2.5507872725702495e-05,0,random,mlp,esm2_mean,42
P21538,Q07963,0,0.7471828341438074,1,random,mlp,esm2_mean,42
P49334,Q05021,0,0.0007081937124294246,0,random,mlp,esm2_mean,42
P25579,P40069,0,0.9072640717614574,1,random,mlp,esm2_mean,42
P38041,P53685,1,0.7215248009378769,1,random,mlp,esm2_mean,42
P32599,Q12499,1,0.856241605824535,1,random,mlp,esm2_mean,42
P06844,P30605,0,0.0004808164572973942,0,random,mlp,esm2_mean,42
P32492,Q12102,0,0.8470305990897655,1,random,mlp,esm2_mean,42
P47104,P53933,1,0.20584615904307016,0,random,mlp,esm2_mean,42
P53954,Q03900,0,0.051388231083278786,0,random,mlp,esm2_mean,42
P38744,Q06624,0,0.9899348698039474,1,random,mlp,esm2_mean,42
P08518,Q04562,0,0.005294725455365347,0,random,mlp,esm2_mean,42
P38147,P53091,0,0.29555182401190355,0,random,mlp,esm2_mean,42
P16140,Q99260,1,0.9839106500182206,1,random,mlp,esm2_mean,42
P38826,Q02732,1,0.4230957028790028,0,random,mlp,esm2_mean,42
P06103,P38339,1,0.9921911872143858,1,random,mlp,esm2_mean,42
P40510,Q12241,0,0.7856222261673427,1,random,mlp,esm2_mean,42
P20606,P36121,0,0.0026124269771520842,0,random,mlp,esm2_mean,42
P38814,P53905,1,0.9956115891677326,1,random,mlp,esm2_mean,42
P28495,P40957,0,0.9876992595604897,1,random,mlp,esm2_mean,42
P25376,Q03697,0,0.210994731979946,0,random,mlp,esm2_mean,42
P25382,P48524,0,0.36708636839075454,0,random,mlp,esm2_mean,42
P14741,Q12248,1,0.942088720086368,1,random,mlp,esm2_mean,42
P38266,Q03220,1,0.8223856447613624,1,random,mlp,esm2_mean,42
P25584,Q04697,0,0.8539085346223795,1,random,mlp,esm2_mean,42
P38702,Q08271,0,0.00032681452696737775,0,random,mlp,esm2_mean,42
P07991,P35169,1,0.9889943659509737,1,random,mlp,esm2_mean,42
P38339,P53316,1,0.928865599772917,1,random,mlp,esm2_mean,42
P36123,Q02767,1,0.9686207090515911,1,random,mlp,esm2_mean,42
P53136,Q12030,0,0.047647782578997426,0,random,mlp,esm2_mean,42
P25336,P46672,1,0.8724903220190421,1,random,mlp,esm2_mean,42
P38957,Q04693,0,0.8361081817565041,1,random,mlp,esm2_mean,42
P16547,Q07509,0,0.030284355387349433,0,random,mlp,esm2_mean,42
P53048,Q03758,1,0.008436900392587916,0,random,mlp,esm2_mean,42
P32458,Q00245,1,0.9746092392494002,1,random,mlp,esm2_mean,42
P25358,Q03818,0,0.0010608474966914694,0,random,mlp,esm2_mean,42
P39073,Q03435,0,0.8544440763984277,1,random,mlp,esm2_mean,42
P20434,Q12107,0,0.007743400788825037,0,random,mlp,esm2_mean,42
P23639,P32570,0,0.32202942121185096,0,random,mlp,esm2_mean,42
P38329,P53248,1,0.25171728234845886,0,random,mlp,esm2_mean,42
P00128,P04456,0,0.6453719328901655,1,random,mlp,esm2_mean,42
P53150,Q02776,0,0.017418954916486297,0,random,mlp,esm2_mean,42
P28791,P32264,1,0.8803430465871604,1,random,mlp,esm2_mean,42
P22135,P53152,0,0.017615615594986856,0,random,mlp,esm2_mean,42
P38272,P38920,0,0.0505466261434928,0,random,mlp,esm2_mean,42
P04786,P53941,0,0.36210296567585765,0,random,mlp,esm2_mean,42
P38861,Q03690,1,0.7265868284634787,1,random,mlp,esm2_mean,42
P27692,P53100,0,0.6374115882705571,1,random,mlp,esm2_mean,42
P38863,P41817,0,0.8878660660166409,1,random,mlp,esm2_mean,42
P43602,P54791,0,0.020898107706979845,0,random,mlp,esm2_mean,42
P15873,Q06406,1,0.88983524822266,1,random,mlp,esm2_mean,42
P36120,Q12157,1,0.01213617106268491,0,random,mlp,esm2_mean,42
P48836,Q06344,0,0.9889985696049589,1,random,mlp,esm2_mean,42
P10081,Q12230,1,0.7086066364128872,1,random,mlp,esm2_mean,42
P40187,P46682,0,0.8864815776775349,1,random,mlp,esm2_mean,42
P53952,Q07986,0,0.0001300061272033422,0,random,mlp,esm2_mean,42
P34077,Q12518,1,0.5531662731715863,1,random,mlp,esm2_mean,42
P04050,P12753,0,0.9924407248719272,1,random,mlp,esm2_mean,42
P27636,P36037,1,0.9425825155410187,1,random,mlp,esm2_mean,42
P38879,P53261,1,0.673238900708497,1,random,mlp,esm2_mean,42
P16862,P40507,1,0.9875014231363476,1,random,mlp,esm2_mean,42
P25043,Q99210,1,0.9629550000216212,1,random,mlp,esm2_mean,42
P11745,P34227,0,0.9904516702218742,1,random,mlp,esm2_mean,42
P35691,Q06506,1,0.5509523971588894,1,random,mlp,esm2_mean,42
P36120,P40892,0,0.2848940954857382,0,random,mlp,esm2_mean,42
Q04978,Q06177,1,0.009000688289630611,0,random,mlp,esm2_mean,42
P19882,Q04673,0,0.8235983500248754,1,random,mlp,esm2_mean,42
P02994,P40077,0,0.6340293951413145,1,random,mlp,esm2_mean,42
P53823,Q12341,0,0.060705462185299396,0,random,mlp,esm2_mean,42
P39534,Q07800,0,0.5687281328617042,1,random,mlp,esm2_mean,42
Q06696,Q08387,0,0.35193886612243697,0,random,mlp,esm2_mean,42
P08524,P38283,1,0.988493448885546,1,random,mlp,esm2_mean,42
P32793,Q12233,0,0.012813332775493734,0,random,mlp,esm2_mean,42
P06103,Q07508,1,0.9650520951022167,1,random,mlp,esm2_mean,42
P38903,P42843,1,0.9349520781990266,1,random,mlp,esm2_mean,42
P46673,P53878,0,0.15814706921208302,0,random,mlp,esm2_mean,42
P22147,Q02932,1,0.9753230842233622,1,random,mlp,esm2_mean,42
P32589,Q08965,1,0.9455266380122115,1,random,mlp,esm2_mean,42
P24004,P38768,1,0.6694636331396115,1,random,mlp,esm2_mean,42
P02829,P40892,1,0.9729447688247612,1,random,mlp,esm2_mean,42
P32583,Q08726,0,0.023426592694211382,0,random,mlp,esm2_mean,42
P00899,P39730,1,0.9985768764840852,1,random,mlp,esm2_mean,42
P25559,Q02875,1,0.48979724536149266,0,random,mlp,esm2_mean,42
Q06479,Q99385,1,0.9935395158561916,1,random,mlp,esm2_mean,42
P32558,P36029,0,0.06053933518365691,0,random,mlp,esm2_mean,42
P38814,P40515,1,0.9226048627547925,1,random,mlp,esm2_mean,42
P36421,P38620,1,0.9950161656267756,1,random,mlp,esm2_mean,42
P11076,P11154,0,0.999785850395659,1,random,mlp,esm2_mean,42
P16521,P39003,0,0.26592637691694726,0,random,mlp,esm2_mean,42
P38146,P57744,0,0.003593201451476664,0,random,mlp,esm2_mean,42
P25655,P36131,1,0.9582742655372288,1,random,mlp,esm2_mean,42
Q12309,Q12462,0,0.078995471501415,0,random,mlp,esm2_mean,42
P11746,P47041,1,0.7797070280569064,1,random,mlp,esm2_mean,42
P38822,P53851,0,0.35318578927801375,0,random,mlp,esm2_mean,42
P07260,P25302,0,0.603661713409322,1,random,mlp,esm2_mean,42
P05626,P38257,0,0.006117767864637451,0,random,mlp,esm2_mean,42
P06787,P38622,1,0.7838915914693413,1,random,mlp,esm2_mean,42
P38700,Q99190,0,0.023120330015427633,0,random,mlp,esm2_mean,42
P40319,Q03691,1,0.0006204751262679164,0,random,mlp,esm2_mean,42
P25045,P53299,0,0.0011475302676897596,0,random,mlp,esm2_mean,42
P25657,Q04005,1,0.965048747545128,1,random,mlp,esm2_mean,42
P36224,P38861,1,0.9788878357701366,1,random,mlp,esm2_mean,42
P06102,P23542,1,0.9779833223628132,1,random,mlp,esm2_mean,42
Q05958,Q12159,0,0.7232062468826039,1,random,mlp,esm2_mean,42
P32855,P38138,0,0.004483685212295642,0,random,mlp,esm2_mean,42
P12887,P22203,0,0.2942075880595332,0,random,mlp,esm2_mean,42
P35169,P35193,1,0.7007902173039222,1,random,mlp,esm2_mean,42
O13297,P40151,1,0.4761142239818615,0,random,mlp,esm2_mean,42
Q08729,Q99210,1,0.9996727384216312,1,random,mlp,esm2_mean,42
P10869,P15303,1,0.4578365089573551,0,random,mlp,esm2_mean,42
P39925,Q02775,0,0.22196470229729232,0,random,mlp,esm2_mean,42
P10964,P40090,1,0.3907242082325906,0,random,mlp,esm2_mean,42
P00899,P34238,0,0.013097939548881455,0,random,mlp,esm2_mean,42
P04076,P32916,0,0.1068210650483849,0,random,mlp,esm2_mean,42
P32381,P40077,0,0.7845129745322187,1,random,mlp,esm2_mean,42
P32801,Q07084,1,0.11725912331825487,0,random,mlp,esm2_mean,42
P38072,P53011,0,0.010565295372903497,0,random,mlp,esm2_mean,42
P37370,Q04651,1,0.9887194117376958,1,random,mlp,esm2_mean,42
P25719,Q12330,1,0.9444591298001628,1,random,mlp,esm2_mean,42
P30822,P38744,0,0.767286063807742,1,random,mlp,esm2_mean,42
P32364,P38276,1,0.9874990230312476,1,random,mlp,esm2_mean,42
P11745,P30624,1,0.9998812563062185,1,random,mlp,esm2_mean,42
P37303,Q05911,0,0.33567417852744796,0,random,mlp,esm2_mean,42
P26755,P38873,0,0.5697195833528458,1,random,mlp,esm2_mean,42
P39515,P53068,0,0.00015609933520881384,0,random,mlp,esm2_mean,42
P32366,Q05871,1,0.8915586404681908,1,random,mlp,esm2_mean,42
P32945,Q07963,1,0.9595134553748508,1,random,mlp,esm2_mean,42
P17157,P30771,1,0.08507526224636472,0,random,mlp,esm2_mean,42
P19657,P35207,1,0.49425600546755855,0,random,mlp,esm2_mean,42
Q05022,Q06142,1,0.9769214977925164,1,random,mlp,esm2_mean,42
P33311,Q12518,1,0.34665538714424116,0,random,mlp,esm2_mean,42
Q03503,Q04121,1,0.6464194300847408,1,random,mlp,esm2_mean,42
P21304,P39010,0,0.01549985999802715,0,random,mlp,esm2_mean,42
P22147,Q12692,0,0.006084037337453104,0,random,mlp,esm2_mean,42
P33313,P46681,0,0.9942981156622761,1,random,mlp,esm2_mean,42
P33329,Q00723,1,0.5832101995414307,1,random,mlp,esm2_mean,42
P39702,P53252,0,0.6256341525282292,1,random,mlp,esm2_mean,42
P38911,Q03503,0,0.1246613254358164,0,random,mlp,esm2_mean,42
P34224,P35181,0,0.1564139076849669,0,random,mlp,esm2_mean,42
P53196,P53552,1,0.5633434754639491,1,random,mlp,esm2_mean,42
P53212,Q06628,0,0.7841210983517813,1,random,mlp,esm2_mean,42
P11746,P53968,1,0.04405320145673821,0,random,mlp,esm2_mean,42
P12945,Q12460,1,0.9016275865463398,1,random,mlp,esm2_mean,42
P01149,P32610,0,0.019237255577632933,0,random,mlp,esm2_mean,42
P38682,Q05583,1,0.9022206366436748,1,random,mlp,esm2_mean,42
P00546,P50101,1,0.9956769731946057,1,random,mlp,esm2_mean,42
P00560,P43555,0,0.0694843659764357,0,random,mlp,esm2_mean,42
P38351,P53258,0,0.0028049128205466576,0,random,mlp,esm2_mean,42
P38874,P43565,1,0.8682643406705336,1,random,mlp,esm2_mean,42
P33759,Q05946,0,0.5698719679757906,1,random,mlp,esm2_mean,42
Q03920,Q12157,0,0.4421874205523092,0,random,mlp,esm2_mean,42
Q07921,Q12082,0,0.002628140288987457,0,random,mlp,esm2_mean,42
P38590,P40164,1,0.9618776264253189,1,random,mlp,esm2_mean,42
P21672,P43574,1,0.04178121816636783,0,random,mlp,esm2_mean,42
P38821,P53116,0,0.0002734452961475717,0,random,mlp,esm2_mean,42
P11433,P25346,0,0.10688916939019046,0,random,mlp,esm2_mean,42
P38329,P53112,1,0.87112601791446,1,random,mlp,esm2_mean,42
P02293,P22219,1,0.009321264774982501,0,random,mlp,esm2_mean,42
P05318,Q07528,1,0.962543976915414,1,random,mlp,esm2_mean,42
P47005,Q08496,1,0.8986111180068175,1,random,mlp,esm2_mean,42
P29469,P47134,1,0.2224773749261945,0,random,mlp,esm2_mean,42
P14359,Q08986,0,0.9990106258855509,1,random,mlp,esm2_mean,42
P32367,P47120,0,0.395708795787677,0,random,mlp,esm2_mean,42
P18759,P21243,1,0.6031517304291097,1,random,mlp,esm2_mean,42
P40217,P53039,0,0.12321122272140386,0,random,mlp,esm2_mean,42
P36008,Q03323,0,0.012948586510879314,0,random,mlp,esm2_mean,42
P26448,P38138,0,0.016531498586368286,0,random,mlp,esm2_mean,42
P25569,Q03148,0,0.0022500662528285456,0,random,mlp,esm2_mean,42
P14737,P25358,0,0.0001047447968240655,0,random,mlp,esm2_mean,42
P33420,P38011,1,0.9372078157671996,1,random,mlp,esm2_mean,42
P39073,Q03081,1,0.7516741455198659,1,random,mlp,esm2_mean,42
P35734,P39929,1,0.26960587005966286,0,random,mlp,esm2_mean,42
P29056,P33122,1,0.014206998023856892,0,random,mlp,esm2_mean,42
P06704,P39101,0,0.9975950703849524,1,random,mlp,esm2_mean,42
P33755,Q12411,1,0.9845737038702593,1,random,mlp,esm2_mean,42
P42934,Q12044,0,0.07490508659534892,0,random,mlp,esm2_mean,42
P23833,P39958,0,0.02401780121459746,0,random,mlp,esm2_mean,42
P20449,P38960,0,0.49363072433650246,0,random,mlp,esm2_mean,42
P22133,P39935,1,0.9990449997388668,1,random,mlp,esm2_mean,42
P43594,Q02884,0,0.04094385587684308,0,random,mlp,esm2_mean,42
P32364,P43621,0,0.7550962641673026,1,random,mlp,esm2_mean,42
P06242,P19955,0,0.947226160775008,1,random,mlp,esm2_mean,42
P30624,P53971,1,0.16152198040924826,0,random,mlp,esm2_mean,42
P40352,Q12255,0,0.06371204425309751,0,random,mlp,esm2_mean,42
Q00776,Q04839,1,0.997450096932619,1,random,mlp,esm2_mean,42
Q06405,Q12692,0,0.010729187623414481,0,random,mlp,esm2_mean,42
P38200,P38270,1,0.948070304894941,1,random,mlp,esm2_mean,42
P38690,P46674,0,0.9908237133103845,1,random,mlp,esm2_mean,42
P38873,P41810,1,0.8586494665891199,1,random,mlp,esm2_mean,42
P07170,P38697,1,0.9974473265915527,1,random,mlp,esm2_mean,42
P35184,P38929,1,0.0031904036537813395,0,random,mlp,esm2_mean,42
P06103,P38861,1,0.5143519307323603,1,random,mlp,esm2_mean,42
P30605,P32450,0,0.12800924996297114,0,random,mlp,esm2_mean,42
P38744,P47150,0,0.047402603169339155,0,random,mlp,esm2_mean,42
P33335,P38929,0,0.183925582742534,0,random,mlp,esm2_mean,42
P27637,P31377,1,0.8025806965584863,1,random,mlp,esm2_mean,42
P15790,P53258,1,0.9895962763998254,1,random,mlp,esm2_mean,42
P53125,Q04437,1,0.3075924691114574,0,random,mlp,esm2_mean,42
P00958,P09435,1,0.8871642209205527,1,random,mlp,esm2_mean,42
P40960,P47171,0,0.014023846710951226,0,random,mlp,esm2_mean,42
P40341,P53290,0,0.42630071273029996,0,random,mlp,esm2_mean,42
P08153,Q02208,0,0.48611208765773045,0,random,mlp,esm2_mean,42
O13554,P40957,0,0.9812592093428113,1,random,mlp,esm2_mean,42
P17555,P53011,1,0.8475390379892954,1,random,mlp,esm2_mean,42
P40092,P47052,0,0.8399157520041582,1,random,mlp,esm2_mean,42
P07264,P48559,1,0.9581060810574838,1,random,mlp,esm2_mean,42
P32585,Q02793,0,0.001724482450373863,0,random,mlp,esm2_mean,42
P27614,P39076,1,0.9748756258476815,1,random,mlp,esm2_mean,42
P29295,Q08746,1,0.07358886869137582,0,random,mlp,esm2_mean,42
Q03774,Q04693,1,0.9577692607368709,1,random,mlp,esm2_mean,42
P38219,Q06632,0,0.24942933385756197,0,random,mlp,esm2_mean,42
P47027,P53955,0,0.08002762409393895,0,random,mlp,esm2_mean,42
P32629,P38776,0,0.01562614785243948,0,random,mlp,esm2_mean,42
P22133,P32807,0,0.8735543880491395,1,random,mlp,esm2_mean,42
P11914,P53628,0,0.02750551913827591,0,random,mlp,esm2_mean,42
Q06640,Q12477,1,0.9756061806360949,1,random,mlp,esm2_mean,42
P40573,P47115,0,0.636482359845553,1,random,mlp,esm2_mean,42
P32610,P40456,0,0.9269582241892227,1,random,mlp,esm2_mean,42
P47012,P48240,1,0.18387951278714842,0,random,mlp,esm2_mean,42
P25584,Q02892,1,0.5924636534625554,1,random,mlp,esm2_mean,42
P49435,Q00711,0,0.45707053460080715,0,random,mlp,esm2_mean,42
P09440,P47166,0,0.5034188181704307,1,random,mlp,esm2_mean,42
P17536,P47083,1,0.0026116872859724273,0,random,mlp,esm2_mean,42
P25293,P31380,0,0.04561260894199471,0,random,mlp,esm2_mean,42
Q00381,Q04048,1,0.47520539936037415,0,random,mlp,esm2_mean,42
P25376,P36000,0,0.854638173100753,1,random,mlp,esm2_mean,42
P53941,Q08723,1,0.9947651062406548,1,random,mlp,esm2_mean,42
P34234,P47064,1,0.018820919250098576,0,random,mlp,esm2_mean,42
P47912,P87108,0,0.2303651212168948,0,random,mlp,esm2_mean,42
P19812,P38703,0,0.13916577292645171,0,random,mlp,esm2_mean,42
P40473,P53599,1,0.09425234360569129,0,random,mlp,esm2_mean,42
P17709,P53068,1,0.997587240836135,1,random,mlp,esm2_mean,42
P38911,P53685,0,0.0009151754363394128,0,random,mlp,esm2_mean,42
P01123,P41811,1,0.9824540507976381,1,random,mlp,esm2_mean,42
P10964,P41818,1,0.5027360333436683,1,random,mlp,esm2_mean,42
P40564,Q02931,1,0.17100075925269867,0,random,mlp,esm2_mean,42
P32797,P38720,0,0.4913755358455204,0,random,mlp,esm2_mean,42
P12868,Q06102,1,0.9608972684453833,1,random,mlp,esm2_mean,42
P06103,P19736,0,0.22521246404531045,0,random,mlp,esm2_mean,42
P40350,P43568,1,0.5224263901508399,1,random,mlp,esm2_mean,42
P25294,P25453,0,0.882733638949891,1,random,mlp,esm2_mean,42
P38113,P39998,1,0.9985754127201427,1,random,mlp,esm2_mean,42
P38011,P47090,0,0.000321124776765615,0,random,mlp,esm2_mean,42
P32563,P33420,1,0.2013588575140483,0,random,mlp,esm2_mean,42
Q04894,Q08965,1,0.9943178444667093,1,random,mlp,esm2_mean,42
P38627,P47115,0,0.0013489150307029111,0,random,mlp,esm2_mean,42
P38768,Q12513,1,0.22616037633711553,0,random,mlp,esm2_mean,42
P38251,P47176,0,0.13689242600835347,0,random,mlp,esm2_mean,42
P36421,P53298,1,0.9659685633230941,1,random,mlp,esm2_mean,42
P07262,P41896,0,0.969686593884525,1,random,mlp,esm2_mean,42
P32618,Q06568,0,0.04841677408332078,0,random,mlp,esm2_mean,42
P25586,P32364,1,0.724065854857829,1,random,mlp,esm2_mean,42
P38348,P53755,1,0.9542320687783047,1,random,mlp,esm2_mean,42
P13434,Q03656,0,0.10428894348579971,0,random,mlp,esm2_mean,42
P46674,Q07442,0,0.08838802937773195,0,random,mlp,esm2_mean,42
P47176,Q12328,1,0.6423301756147879,1,random,mlp,esm2_mean,42
P38153,P38251,0,0.3175528956978135,0,random,mlp,esm2_mean,42
P34909,P39936,1,0.8599330355515746,1,random,mlp,esm2_mean,42
Q03661,Q99176,0,0.06936108704432914,0,random,mlp,esm2_mean,42
P53116,Q05021,1,0.35471139348178077,0,random,mlp,esm2_mean,42
P17505,Q08492,0,0.0030569090586847407,0,random,mlp,esm2_mean,42
P36139,Q02825,1,0.91708919250759,1,random,mlp,esm2_mean,42
P36121,Q05931,0,0.02185687213926154,0,random,mlp,esm2_mean,42
P32786,P47012,1,0.12469141418927568,0,random,mlp,esm2_mean,42
P40064,P48510,0,0.02013069269620332,0,random,mlp,esm2_mean,42
P32499,P40507,0,0.00010195558663393225,0,random,mlp,esm2_mean,42
P53215,Q12434,0,0.22960189030472117,0,random,mlp,esm2_mean,42
P33411,Q08271,0,0.0002812817722213101,0,random,mlp,esm2_mean,42
P33322,Q06551,1,0.6612927825388701,1,random,mlp,esm2_mean,42
Q04272,Q12157,0,0.9339937857823177,1,random,mlp,esm2_mean,42
P53125,Q08204,1,0.017645213365928957,0,random,mlp,esm2_mean,42
P32589,P49687,1,0.35022115843972285,0,random,mlp,esm2_mean,42
P36034,P52488,0,0.007018184119865868,0,random,mlp,esm2_mean,42
P46672,Q03897,1,0.7598328864812461,1,random,mlp,esm2_mean,42
P38063,P53108,0,0.004451321077008543,0,random,mlp,esm2_mean,42
P21242,Q02260,1,0.5137808132811469,1,random,mlp,esm2_mean,42
P40455,Q12176,0,0.12904262196561814,0,random,mlp,esm2_mean,42
O14467,P07866,1,0.9789303335450072,1,random,mlp,esm2_mean,42
P50095,Q04461,0,0.47805866578548667,0,random,mlp,esm2_mean,42
P54861,Q12050,0,0.007943352310271939,0,random,mlp,esm2_mean,42
P18238,P30624,0,0.0010847399403191302,0,random,mlp,esm2_mean,42
P53886,Q12518,1,0.0534616769199318,0,random,mlp,esm2_mean,42
P02994,P40541,1,0.9423394516978525,1,random,mlp,esm2_mean,42
P46954,P54784,1,0.0015447187783316136,0,random,mlp,esm2_mean,42
Q02890,Q12248,1,0.9984842699640583,1,random,mlp,esm2_mean,42
P27515,Q04636,0,0.8430552037292272,1,random,mlp,esm2_mean,42
P40460,P53115,1,0.33798060936195556,0,random,mlp,esm2_mean,42
P40327,P40355,0,0.08022693622319285,0,random,mlp,esm2_mean,42
P27801,P53971,1,0.7663862941046007,1,random,mlp,esm2_mean,42
P13185,Q12044,1,0.927914863279731,1,random,mlp,esm2_mean,42
P39927,Q03125,0,0.9063382551196904,1,random,mlp,esm2_mean,42
P20606,P33755,1,0.3034217099108761,0,random,mlp,esm2_mean,42
P32902,P35691,0,0.0022832147561423232,0,random,mlp,esm2_mean,42
P40352,Q12018,0,0.8162321242793407,1,random,mlp,esm2_mean,42
Q03935,Q04048,0,0.07901365136787583,0,random,mlp,esm2_mean,42
P21691,P53628,0,0.06363789009719924,0,random,mlp,esm2_mean,42
P32911,P38867,0,0.468148094895689,0,random,mlp,esm2_mean,42
P39935,Q12017,1,0.9989640268838154,1,random,mlp,esm2_mean,42
P38692,P46676,0,0.04441347709399405,0,random,mlp,esm2_mean,42
Q06005,Q06677,0,0.40101613108093703,0,random,mlp,esm2_mean,42
P35169,Q05670,1,0.9572378579630882,1,random,mlp,esm2_mean,42
Q03455,Q04377,0,0.20378437357110996,0,random,mlp,esm2_mean,42
P38988,Q12134,0,3.936330263196158e-05,0,random,mlp,esm2_mean,42
P13099,P53933,0,0.9893630982507463,1,random,mlp,esm2_mean,42
P40339,P46988,1,0.002777578114634848,0,random,mlp,esm2_mean,42
P16140,P32854,1,0.9879735047591091,1,random,mlp,esm2_mean,42
P40969,P46963,0,0.998056395877824,1,random,mlp,esm2_mean,42
P20606,P47113,1,0.8428195904472018,1,random,mlp,esm2_mean,42
P03965,P53131,0,0.22079294399865187,0,random,mlp,esm2_mean,42
P32805,P53865,0,0.2863383282458272,0,random,mlp,esm2_mean,42
P42951,Q04149,1,0.7132758433945576,1,random,mlp,esm2_mean,42
P26263,P39003,0,0.003278080848952144,0,random,mlp,esm2_mean,42
Q00416,Q12380,1,0.8541768425386691,1,random,mlp,esm2_mean,42
P07270,Q06675,0,0.5956808759522391,1,random,mlp,esm2_mean,42
P34240,P39875,0,0.14424356749986827,0,random,mlp,esm2_mean,42
P25299,Q02932,0,0.9938884936662494,1,random,mlp,esm2_mean,42
P17157,P52918,1,0.8990403674473486,1,random,mlp,esm2_mean,42
P39962,P41814,1,0.9158453682770719,1,random,mlp,esm2_mean,42
P38627,Q12083,0,0.0056486498070793196,0,random,mlp,esm2_mean,42
Q03558,Q12328,1,0.6196640666163054,1,random,mlp,esm2_mean,42
P48510,Q12098,0,0.03610825797362806,0,random,mlp,esm2_mean,42
P19659,P40988,0,0.009285792069394236,0,random,mlp,esm2_mean,42
P21801,Q07508,1,0.6860400074457168,1,random,mlp,esm2_mean,42
P13517,P34160,1,0.9951132421120115,1,random,mlp,esm2_mean,42
P39718,P41912,0,0.006801316387131904,0,random,mlp,esm2_mean,42
Q03834,Q03860,0,0.00356423235784645,0,random,mlp,esm2_mean,42
P39729,P48439,0,0.043596133789397196,0,random,mlp,esm2_mean,42
P04807,P53040,1,0.9928477808017006,1,random,mlp,esm2_mean,42
P08431,P53974,1,0.6367904007696419,1,random,mlp,esm2_mean,42
P50104,P52891,0,0.40497220942190204,0,random,mlp,esm2_mean,42
P52891,P60010,1,0.058919821238192976,0,random,mlp,esm2_mean,42
P06774,Q12055,0,0.8103146476144946,1,random,mlp,esm2_mean,42
P50108,P53159,1,0.941953430330693,1,random,mlp,esm2_mean,42
P20081,Q06103,1,0.9684360443873871,1,random,mlp,esm2_mean,42
P34217,P53965,1,0.9810582078057009,1,random,mlp,esm2_mean,42
P12683,P46678,0,0.0012477017180756937,0,random,mlp,esm2_mean,42
Q04121,Q07896,1,0.2217027281539479,0,random,mlp,esm2_mean,42
P33335,P39723,0,0.8635890620732533,1,random,mlp,esm2_mean,42
P40988,P42073,1,0.005635344414147768,0,random,mlp,esm2_mean,42
P40038,P47132,0,0.0023556620328687395,0,random,mlp,esm2_mean,42
P38988,Q02895,1,0.0007550725400446138,0,random,mlp,esm2_mean,42
P40555,P53207,1,0.00839541423880676,0,random,mlp,esm2_mean,42
P06169,Q05568,1,0.12455282405620509,0,random,mlp,esm2_mean,42
P38620,P39715,1,0.017008487044275586,0,random,mlp,esm2_mean,42
P39960,P53540,1,0.4571135188232515,0,random,mlp,esm2_mean,42
P38810,P43555,0,0.6850343058880944,1,random,mlp,esm2_mean,42
O13297,Q12176,0,0.0228943901899773,0,random,mlp,esm2_mean,42
P31377,P38860,0,0.5065773838024233,1,random,mlp,esm2_mean,42
P53131,Q04673,1,0.07268629552034679,0,random,mlp,esm2_mean,42
P53924,Q12250,1,0.850161882171515,1,random,mlp,esm2_mean,42
P33338,P47104,1,0.4258018660823569,0,random,mlp,esm2_mean,42
P38991,Q06224,0,0.045738614771961665,0,random,mlp,esm2_mean,42
P38249,P47171,0,0.015099584183196216,0,random,mlp,esm2_mean,42
P46669,Q07688,0,0.8432225075488874,1,random,mlp,esm2_mean,42
P34161,Q12443,0,0.03410314793241221,0,random,mlp,esm2_mean,42
P43612,P53914,0,0.9479834841773392,1,random,mlp,esm2_mean,42
P40529,P43555,0,0.05623341692641245,0,random,mlp,esm2_mean,42
P54837,Q08649,0,0.0003113362067107508,0,random,mlp,esm2_mean,42
P53256,Q00955,1,0.9592933911606418,1,random,mlp,esm2_mean,42
P36085,P39940,1,0.6030055126944401,1,random,mlp,esm2_mean,42
P40480,P46988,1,0.7440901238014226,1,random,mlp,esm2_mean,42
P22202,Q08162,1,0.9287104859136656,1,random,mlp,esm2_mean,42
P38862,Q02196,1,0.7404500692704308,1,random,mlp,esm2_mean,42
P53043,Q03973,1,0.833488790504374,1,random,mlp,esm2_mean,42
P38786,P38829,1,0.704414767539341,1,random,mlp,esm2_mean,42
P47089,Q04978,1,0.03901247396458227,0,random,mlp,esm2_mean,42
P09798,P48582,1,0.7699950759184399,1,random,mlp,esm2_mean,42
P32328,P40089,1,0.9990783344775059,1,random,mlp,esm2_mean,42
P36421,P47050,1,0.9157580083375241,1,random,mlp,esm2_mean,42
P38953,P40005,0,0.4252183741910461,0,random,mlp,esm2_mean,42
P42839,Q12468,1,0.8394678922506029,1,random,mlp,esm2_mean,42
P38228,P40024,1,0.36062009418878704,0,random,mlp,esm2_mean,42
P53036,Q03322,1,0.9344944745877208,1,random,mlp,esm2_mean,42
P18239,Q05881,0,0.00041587757868175376,0,random,mlp,esm2_mean,42
Q08096,Q99299,0,0.002557027524794692,0,random,mlp,esm2_mean,42
P30657,P32368,0,0.5478938730435196,1,random,mlp,esm2_mean,42
P53045,P53865,0,0.003004333841897726,0,random,mlp,esm2_mean,42
P40073,P53551,0,0.02155608433084718,0,random,mlp,esm2_mean,42
P28000,P53184,0,0.9677910141449779,1,random,mlp,esm2_mean,42
P38193,Q12248,1,0.9946050865727152,1,random,mlp,esm2_mean,42
P39954,P41277,0,0.982710400929579,1,random,mlp,esm2_mean,42
P40087,P53857,0,0.9178990958588543,1,random,mlp,esm2_mean,42
P38764,P54784,0,0.9539910440811892,1,random,mlp,esm2_mean,42
P32578,P35734,1,0.06332741334346605,0,random,mlp,esm2_mean,42
P19658,P53233,0,0.7287985380717972,1,random,mlp,esm2_mean,42
P38068,P45818,0,0.00011029597777415789,0,random,mlp,esm2_mean,42
P32582,P36057,0,0.863943802707916,1,random,mlp,esm2_mean,42
P26263,Q03208,0,0.9818517714108387,1,random,mlp,esm2_mean,42
P25357,Q08215,1,0.2692386686043398,0,random,mlp,esm2_mean,42
P32588,Q7LIF1,0,0.00517203421818679,0,random,mlp,esm2_mean,42
P24384,P53207,0,0.01853600162956527,0,random,mlp,esm2_mean,42
P09734,P26793,1,0.9722711769696124,1,random,mlp,esm2_mean,42
P38153,P39990,1,0.9440428916434377,1,random,mlp,esm2_mean,42
P39515,Q03981,0,0.00010156830556260242,0,random,mlp,esm2_mean,42
Q08235,Q12250,1,0.9568284747700959,1,random,mlp,esm2_mean,42
P17505,P38313,0,0.9831193915794205,1,random,mlp,esm2_mean,42
P06838,Q12329,0,0.7816163062340202,1,random,mlp,esm2_mean,42
P25808,Q00772,0,0.05154482784704539,0,random,mlp,esm2_mean,42
P12385,P13045,1,0.40084416089265995,0,random,mlp,esm2_mean,42
Q04307,Q04439,0,0.014527616336152512,0,random,mlp,esm2_mean,42
P15873,P53082,1,0.9635643063977801,1,random,mlp,esm2_mean,42
P53930,Q12220,1,0.9695202804408736,1,random,mlp,esm2_mean,42
P29509,Q04233,1,0.9397834579027088,1,random,mlp,esm2_mean,42
P38703,P43603,0,0.05426537223574423,0,random,mlp,esm2_mean,42
P19145,Q04978,1,0.8555096711078068,1,random,mlp,esm2_mean,42
P00331,Q03125,0,0.6630348697858626,1,random,mlp,esm2_mean,42
P32529,P39743,0,0.021857104810095396,0,random,mlp,esm2_mean,42
P13663,P53286,1,0.020103169838091198,0,random,mlp,esm2_mean,42
P25635,Q12514,1,0.9175996994962674,1,random,mlp,esm2_mean,42
P53845,Q07904,0,0.9766839488180682,1,random,mlp,esm2_mean,42
P26343,P43565,0,0.26490242776866524,0,random,mlp,esm2_mean,42
P14126,P38111,0,0.6379221892370186,1,random,mlp,esm2_mean,42
P33418,P49704,1,0.9670608971849827,1,random,mlp,esm2_mean,42
P46681,P53212,0,0.8642454847276112,1,random,mlp,esm2_mean,42
P54885,Q08886,1,0.6344085984565482,1,random,mlp,esm2_mean,42
P39723,P53168,1,0.7615106117031804,1,random,mlp,esm2_mean,42
P36017,P38805,1,0.7992804477186735,1,random,mlp,esm2_mean,42
P32898,P47166,0,0.27566077674392075,0,random,mlp,esm2_mean,42
P15807,P25567,1,0.06449808610489789,0,random,mlp,esm2_mean,42
P53924,Q06224,0,0.21115110603699258,0,random,mlp,esm2_mean,42
Q00955,Q03010,1,0.27288995317604475,0,random,mlp,esm2_mean,42
P48836,P53184,1,0.8198609087869877,1,random,mlp,esm2_mean,42
P07269,P52491,0,0.11462948227499298,0,random,mlp,esm2_mean,42
P24783,P53824,0,0.21855112505515123,0,random,mlp,esm2_mean,42
P39520,Q00711,0,0.0009868105296604707,0,random,mlp,esm2_mean,42
P40092,Q12129,1,0.00511077279742324,0,random,mlp,esm2_mean,42
P19454,P20459,1,0.9939938884511551,1,random,mlp,esm2_mean,42
P36036,Q06177,0,0.06966761489505151,0,random,mlp,esm2_mean,42
P39720,Q08287,1,0.8359751624533608,1,random,mlp,esm2_mean,42
P28000,Q06651,0,0.9853081155431427,1,random,mlp,esm2_mean,42
P24869,Q00711,0,0.0010919854319847732,0,random,mlp,esm2_mean,42
P15442,Q04437,0,0.8796000179390314,1,random,mlp,esm2_mean,42
P34161,P40482,0,0.0016826749620187452,0,random,mlp,esm2_mean,42
P06103,P40413,1,0.973358467672204,1,random,mlp,esm2_mean,42
P36161,P48568,0,0.8623150991073207,1,random,mlp,esm2_mean,42
P50945,Q12038,1,0.009517066172632614,0,random,mlp,esm2_mean,42
P38682,P43568,1,0.6432443069826818,1,random,mlp,esm2_mean,42
P07703,P53552,0,0.9456452534170587,1,random,mlp,esm2_mean,42
P39994,Q12499,1,0.9997115948924048,1,random,mlp,esm2_mean,42
P11978,Q07904,0,0.041565291588425764,0,random,mlp,esm2_mean,42
P32528,P43555,0,0.4439673922020854,0,random,mlp,esm2_mean,42
P38717,Q12446,0,0.7503702448807194,1,random,mlp,esm2_mean,42
P38842,P39723,0,0.001759512228839793,0,random,mlp,esm2_mean,42
P36009,P52490,0,0.8602234936551174,1,random,mlp,esm2_mean,42
P21306,P41921,1,0.9295438023553817,1,random,mlp,esm2_mean,42
P08678,P28239,1,0.07767713465866931,0,random,mlp,esm2_mean,42
P19658,P41912,0,0.2941601754006088,0,random,mlp,esm2_mean,42
P40482,Q99181,1,0.9990851973117542,1,random,mlp,esm2_mean,42
P36147,Q04847,0,0.02468315200362913,0,random,mlp,esm2_mean,42
P53540,Q12082,0,0.014400561745332198,0,random,mlp,esm2_mean,42
P40885,P48837,0,0.01356144233021732,0,random,mlp,esm2_mean,42
P21951,P47167,1,0.8023095909200266,1,random,mlp,esm2_mean,42
P32807,Q05471,0,0.4519593350083152,0,random,mlp,esm2_mean,42
P38682,Q08491,1,0.7289661243385092,1,random,mlp,esm2_mean,42
P07273,P20795,0,0.901860106013684,1,random,mlp,esm2_mean,42
P25390,P38717,0,0.456542259603328,0,random,mlp,esm2_mean,42
P38753,Q06706,1,0.9622422942241079,1,random,mlp,esm2_mean,42
P32504,Q04411,1,0.5639009497411631,1,random,mlp,esm2_mean,42
P38249,Q02100,1,0.5489213739640768,1,random,mlp,esm2_mean,42
P40202,Q07786,1,0.9827348332523267,1,random,mlp,esm2_mean,42
P14832,Q08886,1,0.8995044642824843,1,random,mlp,esm2_mean,42
P39875,P39935,0,0.9463166561196094,1,random,mlp,esm2_mean,42
P22082,Q04002,0,0.0073421570340260174,0,random,mlp,esm2_mean,42
P38313,Q12028,1,0.9572180119764295,1,random,mlp,esm2_mean,42
P52286,Q01722,0,0.9997090627507073,1,random,mlp,esm2_mean,42
P33401,Q12321,0,0.7544173142526472,1,random,mlp,esm2_mean,42
P46655,Q6Q547,1,0.9221374936886108,1,random,mlp,esm2_mean,42
P20433,P38723,0,0.00013208610261021184,0,random,mlp,esm2_mean,42
P31109,P38696,1,0.10755727336907098,0,random,mlp,esm2_mean,42
P49334,P53863,0,0.012705530470015587,0,random,mlp,esm2_mean,42
P25491,Q12321,0,0.5450507516818446,1,random,mlp,esm2_mean,42
P25558,P27472,1,0.8104085515962198,1,random,mlp,esm2_mean,42
P32618,P43563,0,0.5236272451711619,1,random,mlp,esm2_mean,42
P14724,P36049,1,0.9873218733797609,1,random,mlp,esm2_mean,42
P50113,P53184,1,0.9668900098499562,1,random,mlp,esm2_mean,42
P42946,Q03920,0,0.00012393401732981182,0,random,mlp,esm2_mean,42
P26570,P40567,1,0.8970306481046838,1,random,mlp,esm2_mean,42
P30656,Q08746,1,0.9727517106822232,1,random,mlp,esm2_mean,42
P06700,P23285,0,0.0016940757091012855,0,random,mlp,esm2_mean,42
P33892,Q12216,0,0.136725702686357,0,random,mlp,esm2_mean,42
P12945,P36018,1,0.5751451349441389,1,random,mlp,esm2_mean,42
P27476,Q07834,0,0.354686421911899,0,random,mlp,esm2_mean,42
P40186,Q12380,1,0.5939213051284247,1,random,mlp,esm2_mean,42
P33334,P43563,1,0.3176232204327332,0,random,mlp,esm2_mean,42
P32773,P33767,0,0.04779758649033867,0,random,mlp,esm2_mean,42
P23285,P38149,0,0.1497094937210616,0,random,mlp,esm2_mean,42
P40477,P40565,1,0.9996755346003958,1,random,mlp,esm2_mean,42
P34240,P35723,0,0.18984707199483297,0,random,mlp,esm2_mean,42
P46682,Q12343,0,0.8484847539416692,1,random,mlp,esm2_mean,42
P06843,P34216,1,0.9242015613160822,1,random,mlp,esm2_mean,42
P38811,Q12026,1,0.4053485621344254,0,random,mlp,esm2_mean,42
P38823,Q05080,1,0.6223011057806074,1,random,mlp,esm2_mean,42
P40970,Q08465,0,0.014687276032930305,0,random,mlp,esm2_mean,42
P38811,P42846,0,0.9425660921857922,1,random,mlp,esm2_mean,42
P32585,P38328,0,0.0009522830836424859,0,random,mlp,esm2_mean,42
P35177,P36121,1,0.001463102074324202,0,random,mlp,esm2_mean,42
P25586,P27351,1,0.9671120104981087,1,random,mlp,esm2_mean,42
P53131,Q03280,1,0.9681295991251142,1,random,mlp,esm2_mean,42
P40529,P53549,1,0.9434222925315374,1,random,mlp,esm2_mean,42
P01119,Q02630,0,0.9961736715542784,1,random,mlp,esm2_mean,42
P36130,P41834,1,0.8840151224760301,1,random,mlp,esm2_mean,42
P09938,P38720,1,0.9363412263639165,1,random,mlp,esm2_mean,42
P38689,Q02354,1,0.9908077897315228,1,random,mlp,esm2_mean,42
P31385,Q02890,1,0.5991077666288032,1,random,mlp,esm2_mean,42
P38700,Q05031,0,0.0007434933434764284,0,random,mlp,esm2_mean,42
P24783,P43603,1,0.007334844938998155,0,random,mlp,esm2_mean,42
P18239,P36168,1,3.165288475457231e-06,0,random,mlp,esm2_mean,42
P22139,P53914,1,0.0449288444076646,0,random,mlp,esm2_mean,42
P47012,P53823,0,0.00048609530198748794,0,random,mlp,esm2_mean,42
P38276,P38881,0,0.010562919187182296,0,random,mlp,esm2_mean,42
Q04002,Q12749,0,0.5943763084174493,1,random,mlp,esm2_mean,42
P21374,P38748,1,0.20385175955305637,0,random,mlp,esm2_mean,42
P25719,P33891,1,0.9968394151541463,1,random,mlp,esm2_mean,42
P38788,P47090,0,0.010235713044154394,0,random,mlp,esm2_mean,42
P33421,Q12306,0,9.39864591837179e-07,0,random,mlp,esm2_mean,42
P33895,P38932,1,0.9957566495379265,1,random,mlp,esm2_mean,42
P27637,Q04338,1,0.4159342291359773,0,random,mlp,esm2_mean,42
P33334,Q12161,0,0.12013527931338715,0,random,mlp,esm2_mean,42
P13856,P43612,1,0.2098882553185013,0,random,mlp,esm2_mean,42
P38439,P53919,0,0.231322618590409,0,random,mlp,esm2_mean,42
P08524,P40202,1,0.9718213926560676,1,random,mlp,esm2_mean,42
P46949,Q12691,1,0.0035729909694724375,0,random,mlp,esm2_mean,42
P14736,Q06160,1,0.9302414009650594,1,random,mlp,esm2_mean,42
P08679,P14904,1,0.924799066799509,1,random,mlp,esm2_mean,42
P22204,P42951,1,0.95748108138651,1,random,mlp,esm2_mean,42
P00830,P38623,1,0.7618631401760736,1,random,mlp,esm2_mean,42
P27351,P36018,1,0.9020908584615622,1,random,mlp,esm2_mean,42
P47027,Q12038,0,0.11282037091124483,0,random,mlp,esm2_mean,42
P33755,P53286,1,0.03881988082711825,0,random,mlp,esm2_mean,42
P14359,Q02608,0,0.005015862599303343,0,random,mlp,esm2_mean,42
P07261,Q06200,0,0.0021201590458723393,0,random,mlp,esm2_mean,42
Q03088,Q06640,1,0.9367634429329909,1,random,mlp,esm2_mean,42
Q02629,Q06451,1,0.9746305558288109,1,random,mlp,esm2_mean,42
P19659,P36049,0,0.9871672273856226,1,random,mlp,esm2_mean,42
P04807,P07991,1,0.9210322419703671,1,random,mlp,esm2_mean,42
P24867,P38429,0,0.9611251157251618,1,random,mlp,esm2_mean,42
P38204,Q12248,0,0.9025494192972862,1,random,mlp,esm2_mean,42
P32387,P32479,0,0.001974306882415988,0,random,mlp,esm2_mean,42
P32788,P36013,0,0.21678517616977608,0,random,mlp,esm2_mean,42
P07278,Q06245,1,0.9976466169745414,1,random,mlp,esm2_mean,42
P00724,Q04217,1,0.6722398428514489,1,random,mlp,esm2_mean,42
P32641,P35198,0,0.15745795830516515,0,random,mlp,esm2_mean,42
P38346,Q12518,1,0.9880377851893956,1,random,mlp,esm2_mean,42
P38249,Q08119,1,0.030632211155609303,0,random,mlp,esm2_mean,42
Q08245,Q08956,1,0.9990180402729546,1,random,mlp,esm2_mean,42
P08566,P34164,1,0.43391327457788126,0,random,mlp,esm2_mean,42
P36421,Q07688,1,0.881273500426872,1,random,mlp,esm2_mean,42
Q03661,Q08235,0,0.015113429272683871,0,random,mlp,esm2_mean,42
P39936,Q03661,0,0.16663999787267747,0,random,mlp,esm2_mean,42
P30619,P42846,1,0.248106830330077,0,random,mlp,esm2_mean,42
P32861,P36015,1,0.7787869231799089,1,random,mlp,esm2_mean,42
P41815,Q03750,0,0.005061891593751922,0,random,mlp,esm2_mean,42
P32905,Q04005,1,0.9470936667325875,1,random,mlp,esm2_mean,42
P34216,P38063,1,0.9067860746011446,1,random,mlp,esm2_mean,42
P38072,P38346,0,0.07940687206555827,0,random,mlp,esm2_mean,42
P08964,P15303,1,0.9234764358469996,1,random,mlp,esm2_mean,42
P07149,P39083,1,0.8103311572990606,1,random,mlp,esm2_mean,42
P23287,Q00772,0,0.7682908688481342,1,random,mlp,esm2_mean,42
P35169,P38690,1,0.9505213487065042,1,random,mlp,esm2_mean,42
P34087,Q12017,1,0.953607221652167,1,random,mlp,esm2_mean,42
P36107,P40460,0,0.07083202586912725,0,random,mlp,esm2_mean,42
Q04511,Q12264,1,0.010824770767157354,0,random,mlp,esm2_mean,42
P53145,Q03654,1,0.49808551843973403,0,random,mlp,esm2_mean,42
Q00873,Q04322,0,0.3945120653922138,0,random,mlp,esm2_mean,42
P25559,P47019,1,0.26276294364243863,0,random,mlp,esm2_mean,42
P33203,P51601,1,0.6678384919400118,1,random,mlp,esm2_mean,42
P53131,P53540,0,0.6711096432015643,1,random,mlp,esm2_mean,42
P29295,Q12328,1,0.02995700442201466,0,random,mlp,esm2_mean,42
P32319,P35198,0,0.8900085616608812,1,random,mlp,esm2_mean,42
P10659,P25371,0,0.1787362479822292,0,random,mlp,esm2_mean,42
P26754,Q05785,0,0.9789525770270595,1,random,mlp,esm2_mean,42
P15705,Q12004,0,0.7249213707478376,1,random,mlp,esm2_mean,42
P32849,P35190,1,0.5553279857318155,1,random,mlp,esm2_mean,42
Q04461,Q12066,0,0.0008797705657772227,0,random,mlp,esm2_mean,42
P47027,Q03940,1,0.0012209181164713873,0,random,mlp,esm2_mean,42
P21801,P36149,1,0.17108511089692757,0,random,mlp,esm2_mean,42
P53036,Q06673,1,0.965911902905621,1,random,mlp,esm2_mean,42
P40991,Q05881,1,0.48129983678125066,0,random,mlp,esm2_mean,42
P25646,P53437,0,0.36627617368688736,0,random,mlp,esm2_mean,42
P40969,Q08004,0,0.19213882584194436,0,random,mlp,esm2_mean,42
P43545,Q06673,0,0.0054396829207824715,0,random,mlp,esm2_mean,42
P10961,P38070,0,0.9176079247673131,1,random,mlp,esm2_mean,42
P16140,Q02795,0,0.014566315965899539,0,random,mlp,esm2_mean,42
P19736,P43562,0,0.001014234675052103,0,random,mlp,esm2_mean,42
P27692,P38989,0,0.6828226942747275,1,random,mlp,esm2_mean,42
P07250,P39968,0,0.47055580109596534,0,random,mlp,esm2_mean,42
P05317,P05453,1,0.9991313123349105,1,random,mlp,esm2_mean,42
P41318,P53271,1,0.7110679977861423,1,random,mlp,esm2_mean,42
P35842,P38112,0,0.00025068093367825703,0,random,mlp,esm2_mean,42
P38991,Q04005,1,0.9923529395545923,1,random,mlp,esm2_mean,42
P35180,P41805,0,0.06987391411351783,0,random,mlp,esm2_mean,42
P07347,P38112,0,0.16804898913483565,0,random,mlp,esm2_mean,42
P43587,Q99385,1,0.005728689459546295,0,random,mlp,esm2_mean,42
P38319,Q12060,1,0.4835129353289292,0,random,mlp,esm2_mean,42
P04786,P39960,0,0.07076214917324158,0,random,mlp,esm2_mean,42
P33328,P38871,1,0.9359835741272277,1,random,mlp,esm2_mean,42
P32453,P39515,1,0.5779208688712145,1,random,mlp,esm2_mean,42
P53082,Q06551,1,0.9850397590306778,1,random,mlp,esm2_mean,42
P09959,Q04636,0,0.19337318560601197,0,random,mlp,esm2_mean,42
P25357,P39743,1,0.18313157149288667,0,random,mlp,esm2_mean,42
P02294,P36161,0,0.09426135728697956,0,random,mlp,esm2_mean,42
P11978,Q08685,1,0.910326765992103,1,random,mlp,esm2_mean,42
P35194,P53893,1,0.9881209679702398,1,random,mlp,esm2_mean,42
P32833,P38287,0,0.7302061761514307,1,random,mlp,esm2_mean,42
P21651,Q03792,0,0.005386789519545881,0,random,mlp,esm2_mean,42
P24870,P38786,1,0.8763222937940969,1,random,mlp,esm2_mean,42
P30656,P32566,1,0.5476843428450755,1,random,mlp,esm2_mean,42
P12945,P39875,0,0.45088930247024145,0,random,mlp,esm2_mean,42
P21672,P40020,0,0.9625462812044828,1,random,mlp,esm2_mean,42
P02293,Q12427,1,0.1153113936797419,0,random,mlp,esm2_mean,42
P00924,Q07540,0,0.06549107220133521,0,random,mlp,esm2_mean,42
P32628,P40480,1,0.8713258665712541,1,random,mlp,esm2_mean,42
P30283,Q02775,1,0.03692079350949442,0,random,mlp,esm2_mean,42
P12385,P39744,1,0.9987350373746463,1,random,mlp,esm2_mean,42
P32264,P35723,0,0.004545111885353244,0,random,mlp,esm2_mean,42
Q03957,Q06135,0,0.5330315812179959,1,random,mlp,esm2_mean,42
P53254,Q12449,1,0.02927292729054552,0,random,mlp,esm2_mean,42
Q02821,Q06409,1,0.9037503903593592,1,random,mlp,esm2_mean,42
P23291,P32790,0,0.38954437169761735,0,random,mlp,esm2_mean,42
P46974,Q04338,0,0.9626536329466585,1,random,mlp,esm2_mean,42
P21182,P35056,1,0.9201946201231038,1,random,mlp,esm2_mean,42
P53176,P54885,0,6.599243203193729e-05,0,random,mlp,esm2_mean,42
P12904,P36149,1,0.7643834433610764,1,random,mlp,esm2_mean,42
P35194,P36047,1,0.8425814793473433,1,random,mlp,esm2_mean,42
P14126,P40988,1,0.07142099131033115,0,random,mlp,esm2_mean,42
P40456,P53259,1,0.003975689117400739,0,random,mlp,esm2_mean,42
P49687,P60010,1,0.013443112410487163,0,random,mlp,esm2_mean,42
P05626,P38820,0,0.006020960088654832,0,random,mlp,esm2_mean,42
P32336,P53221,1,0.958898425895333,1,random,mlp,esm2_mean,42
P19358,P48361,0,0.9481836336481463,1,random,mlp,esm2_mean,42
P17065,P19882,1,0.9683753078623304,1,random,mlp,esm2_mean,42
P22147,P25586,1,0.7471521640721388,1,random,mlp,esm2_mean,42
P32854,Q12206,1,0.999594818677462,1,random,mlp,esm2_mean,42
P21827,Q12417,0,0.9071094762314105,1,random,mlp,esm2_mean,42
P39523,Q03096,1,0.06381747548093143,0,random,mlp,esm2_mean,42
P53322,P53742,1,0.28565431109957184,0,random,mlp,esm2_mean,42
P32259,Q06677,1,0.1074657930601366,0,random,mlp,esm2_mean,42
P32855,P47093,1,0.9680768021556619,1,random,mlp,esm2_mean,42
P21691,P36100,1,0.5690388114886176,1,random,mlp,esm2_mean,42
P07257,P53010,0,0.000335143044394438,0,random,mlp,esm2_mean,42
P32773,Q03323,0,0.5370568638191162,1,random,mlp,esm2_mean,42
P39730,Q01159,0,0.03599284293216472,0,random,mlp,esm2_mean,42
Q05471,Q06436,1,0.06381935875778838,0,random,mlp,esm2_mean,42
P15992,P43594,0,0.9751636558118565,1,random,mlp,esm2_mean,42
P47041,Q07824,1,0.959666702530491,1,random,mlp,esm2_mean,42
P27705,P53168,1,0.08297143921735037,0,random,mlp,esm2_mean,42
Q04675,Q06819,1,0.26224272903773854,0,random,mlp,esm2_mean,42
P32432,P38082,0,0.2442395817772583,0,random,mlp,esm2_mean,42
P17891,P47104,1,0.9487487146158498,1,random,mlp,esm2_mean,42
P53952,Q05949,0,0.55118747378741,1,random,mlp,esm2_mean,42
P38348,P46655,1,0.958048425305081,1,random,mlp,esm2_mean,42
P13365,P47104,1,0.8804200056494247,1,random,mlp,esm2_mean,42
P40048,Q12396,0,0.5432629723994794,1,random,mlp,esm2_mean,42
P30771,P47027,0,0.009009273430602172,0,random,mlp,esm2_mean,42
P35193,P36121,0,0.03757861151096999,0,random,mlp,esm2_mean,42
P32803,P53905,0,0.00020523372951277056,0,random,mlp,esm2_mean,42
P32605,P39014,1,0.932346249161477,1,random,mlp,esm2_mean,42
P38316,Q08956,1,0.7513070693723009,1,random,mlp,esm2_mean,42
P53552,Q04225,0,0.376568969419581,0,random,mlp,esm2_mean,42
P32838,P47822,1,0.9481399923342385,1,random,mlp,esm2_mean,42
P32657,Q99260,0,0.3033288527645593,0,random,mlp,esm2_mean,42
P36006,P47050,1,0.9830408976110938,1,random,mlp,esm2_mean,42
P38766,P38987,1,0.7151722017615068,1,random,mlp,esm2_mean,42
P02293,P38822,1,0.49781138892403115,0,random,mlp,esm2_mean,42
P35203,P53277,1,0.05922221216451661,0,random,mlp,esm2_mean,42
P53622,Q06142,1,0.9889726355668952,1,random,mlp,esm2_mean,42
P38301,Q06163,1,0.003584872498218812,0,random,mlp,esm2_mean,42
P04817,Q08683,0,0.7103880625291944,1,random,mlp,esm2_mean,42
P25582,P38132,1,0.5565240219045238,1,random,mlp,esm2_mean,42
P43583,Q04359,1,0.9981913005732438,1,random,mlp,esm2_mean,42
P38903,Q01389,1,0.6389592765550951,1,random,mlp,esm2_mean,42
P29703,P38863,1,0.11493180298355182,0,random,mlp,esm2_mean,42
P27801,P40529,1,0.10518357122193599,0,random,mlp,esm2_mean,42
P39996,P54837,1,6.399715285342004e-05,0,random,mlp,esm2_mean,42
P54862,Q03071,0,0.41140315363701807,0,random,mlp,esm2_mean,42
P38149,P50874,0,0.9266054617498738,1,random,mlp,esm2_mean,42
P32479,P53735,0,0.0063093973889308385,0,random,mlp,esm2_mean,42
P36131,Q01684,0,0.6080367599817005,1,random,mlp,esm2_mean,42
P35842,Q12241,0,0.0037564819852737774,0,random,mlp,esm2_mean,42
P32914,P48240,0,0.007149310299901041,0,random,mlp,esm2_mean,42
P14741,Q05998,0,0.9942199682110676,1,random,mlp,esm2_mean,42
P38988,P53163,0,0.48711254238475266,0,random,mlp,esm2_mean,42
P25360,P40567,1,0.3872700048760485,0,random,mlp,esm2_mean,42
P39743,P40574,1,0.1080791616079012,0,random,mlp,esm2_mean,42
Q00916,Q06675,0,0.7702559151331152,1,random,mlp,esm2_mean,42
P23202,Q08773,0,0.06896100377819885,0,random,mlp,esm2_mean,42
P30624,P40988,1,0.4259990128788834,0,random,mlp,esm2_mean,42
P21827,P38181,0,0.08396670088906379,0,random,mlp,esm2_mean,42
P38153,P40314,1,0.9175134389465036,1,random,mlp,esm2_mean,42
P15442,P33331,1,0.8340087977071292,1,random,mlp,esm2_mean,42
P17442,P25558,1,0.688882925965859,1,random,mlp,esm2_mean,42
P36162,P38801,1,0.9472458528704566,1,random,mlp,esm2_mean,42
P25559,P38842,0,0.0011835277186968717,0,random,mlp,esm2_mean,42
P25808,Q03337,1,0.19940189480168136,0,random,mlp,esm2_mean,42
P25342,P47113,1,0.7086469935444377,1,random,mlp,esm2_mean,42
P53855,Q12280,1,0.9035401925261948,1,random,mlp,esm2_mean,42
P28006,Q12260,1,0.002706875439296545,0,random,mlp,esm2_mean,42
P33306,P40885,0,0.024000184670487267,0,random,mlp,esm2_mean,42
P19657,P40555,1,0.18874329499840417,0,random,mlp,esm2_mean,42
P38232,Q03956,1,0.8844960791037909,1,random,mlp,esm2_mean,42
P01119,P32563,0,0.8360911163030487,1,random,mlp,esm2_mean,42
P25045,Q03337,0,0.040157386142850776,0,random,mlp,esm2_mean,42
P29496,P33332,1,0.6316741669321699,1,random,mlp,esm2_mean,42
P36172,P38751,0,0.0002117090703573221,0,random,mlp,esm2_mean,42
P43560,P53953,0,0.00788123717792138,0,random,mlp,esm2_mean,42
P38193,P40032,0,0.042034166690756235,0,random,mlp,esm2_mean,42
P32838,P39715,0,0.9985248014130428,1,random,mlp,esm2_mean,42
P22133,Q04199,1,0.3078770345695735,0,random,mlp,esm2_mean,42
P00546,P57743,1,0.9999952135004583,1,random,mlp,esm2_mean,42
P43586,P53978,1,0.9946318936397422,1,random,mlp,esm2_mean,42
P23724,P53883,1,0.6966821147740081,1,random,mlp,esm2_mean,42
P53824,Q12152,0,0.15482095142887525,0,random,mlp,esm2_mean,42
P25357,P25555,1,0.0448407334513917,0,random,mlp,esm2_mean,42
P12683,Q12243,0,2.7668522620535275e-05,0,random,mlp,esm2_mean,42
P22140,P80428,0,0.00263002760634298,0,random,mlp,esm2_mean,42
P32563,P37302,1,0.9978495639841822,1,random,mlp,esm2_mean,42
P16387,P39111,0,0.02644153474277325,0,random,mlp,esm2_mean,42
P12383,Q12066,0,0.22890578848549004,0,random,mlp,esm2_mean,42
P07560,Q06648,1,0.9984053772886953,1,random,mlp,esm2_mean,42
P00175,P53130,1,0.007017603256173353,0,random,mlp,esm2_mean,42
P25582,P40970,0,0.0012466435160166749,0,random,mlp,esm2_mean,42
P14736,P38429,0,0.16295891086861586,0,random,mlp,esm2_mean,42
Q03935,Q99382,0,0.00011504278494448288,0,random,mlp,esm2_mean,42
P23776,P43622,1,0.005195253695720932,0,random,mlp,esm2_mean,42
P19882,Q03735,1,0.92931049894854,1,random,mlp,esm2_mean,42
P39967,P41811,1,0.939052857409149,1,random,mlp,esm2_mean,42
P36009,P40055,0,0.09620866905504191,0,random,mlp,esm2_mean,42
P04386,Q04749,0,0.030564069699126138,0,random,mlp,esm2_mean,42
P40438,P87284,1,1.8296022698180923e-05,0,random,mlp,esm2_mean,42
P41911,P42934,0,0.12906252766959772,0,random,mlp,esm2_mean,42
P14164,P22336,1,0.8057743312155007,1,random,mlp,esm2_mean,42
P25360,P33313,1,0.21991567167038628,0,random,mlp,esm2_mean,42
Q08562,Q08923,1,0.05688254646858303,0,random,mlp,esm2_mean,42
P53258,Q04461,0,0.016600742622496816,0,random,mlp,esm2_mean,42
P38850,P40438,0,0.1862558715482321,0,random,mlp,esm2_mean,42
P35201,P38283,0,0.8825554313353021,1,random,mlp,esm2_mean,42
P08678,Q06135,0,0.0032352244937171315,0,random,mlp,esm2_mean,42
P28519,P48836,0,0.9411148764213806,1,random,mlp,esm2_mean,42
P38819,P53250,0,0.0003821675309151262,0,random,mlp,esm2_mean,42
P53933,Q12168,1,0.9731583163429008,1,random,mlp,esm2_mean,42
P32502,P47019,1,0.9068706697249145,1,random,mlp,esm2_mean,42
P32641,Q02100,0,0.6759092262518872,1,random,mlp,esm2_mean,42
Q03338,Q06091,0,0.06467671776871205,0,random,mlp,esm2_mean,42
P32564,P36084,0,0.20985061879852326,0,random,mlp,esm2_mean,42
P51534,Q03280,0,0.9992654667272822,1,random,mlp,esm2_mean,42
P36084,P49687,0,0.6562655087776278,1,random,mlp,esm2_mean,42
P36107,P38254,1,0.006737904624884508,0,random,mlp,esm2_mean,42
P39551,P48234,0,0.03231511093475873,0,random,mlp,esm2_mean,42
P32502,P38555,1,0.9987253767758336,1,random,mlp,esm2_mean,42
P32913,Q12045,1,0.4018907589445403,0,random,mlp,esm2_mean,42
P20434,P34217,0,0.14279898946088176,0,random,mlp,esm2_mean,42
P08638,P50278,0,0.018614344863821946,0,random,mlp,esm2_mean,42
P15646,P40509,0,0.014101306859493727,0,random,mlp,esm2_mean,42
P01097,Q99314,0,0.001086579354800407,0,random,mlp,esm2_mean,42
P25719,Q00416,1,0.9909915650347514,1,random,mlp,esm2_mean,42
P34241,Q04660,0,0.6741326129099774,1,random,mlp,esm2_mean,42
P41813,P43565,1,0.9546572031860185,1,random,mlp,esm2_mean,42
P20053,P32776,1,0.9797335825370687,1,random,mlp,esm2_mean,42
P32527,Q08217,1,0.7104566388161364,1,random,mlp,esm2_mean,42
P21306,P38353,0,0.08820250935934706,0,random,mlp,esm2_mean,42
P25580,Q12396,1,0.44709565164711434,0,random,mlp,esm2_mean,42
P32350,P38149,1,0.9996618335306339,1,random,mlp,esm2_mean,42
P25369,P38121,0,0.12863135450693378,0,random,mlp,esm2_mean,42
P07262,P27472,1,0.8143598703231378,1,random,mlp,esm2_mean,42
P38156,P53858,0,0.002555197810319963,0,random,mlp,esm2_mean,42
P34216,Q12034,1,0.30868475252691,0,random,mlp,esm2_mean,42
P47176,P53130,1,0.6400055592618928,1,random,mlp,esm2_mean,42
P20437,P25301,0,0.8942491433024208,1,random,mlp,esm2_mean,42
P30619,P39928,0,0.5957274063330915,1,random,mlp,esm2_mean,42
Q03898,Q05670,1,0.9084997071336407,1,random,mlp,esm2_mean,42
P07274,P38811,0,0.9976513382283216,1,random,mlp,esm2_mean,42
P40048,P53199,1,0.9993789878840049,1,random,mlp,esm2_mean,42
P14164,Q12222,1,0.969204404101454,1,random,mlp,esm2_mean,42
P40095,Q99190,0,0.5784894156243348,1,random,mlp,esm2_mean,42
P22035,P32902,0,0.008750667506004681,0,random,mlp,esm2_mean,42
P06100,P33307,1,0.798925954263228,1,random,mlp,esm2_mean,42
P26793,P40095,1,0.9134056076054468,1,random,mlp,esm2_mean,42
P33199,P50094,1,0.18113307592812217,0,random,mlp,esm2_mean,42
P22140,P40471,0,0.00011283737994845833,0,random,mlp,esm2_mean,42
P13902,Q12233,0,0.012563866165352615,0,random,mlp,esm2_mean,42
Q04110,Q92317,0,0.8458621526462051,1,random,mlp,esm2_mean,42
P10834,P38717,0,0.0021557440659443396,0,random,mlp,esm2_mean,42
P47037,Q00684,0,0.8306517654972484,1,random,mlp,esm2_mean,42
P32945,Q99207,1,0.9718253432075703,1,random,mlp,esm2_mean,42
P35169,P46962,1,0.9867940030374234,1,random,mlp,esm2_mean,42
P20053,P38217,1,0.9981729327296464,1,random,mlp,esm2_mean,42
P32559,Q04089,0,0.8958497905425093,1,random,mlp,esm2_mean,42
P33204,P53248,1,0.2962230467075161,0,random,mlp,esm2_mean,42
P03965,P53322,1,0.1292223789715507,0,random,mlp,esm2_mean,42
P33328,Q04493,1,0.9998306682344723,1,random,mlp,esm2_mean,42
P32591,P38749,1,0.6946037353528616,1,random,mlp,esm2_mean,42
P32259,P32583,1,0.003097194540023412,0,random,mlp,esm2_mean,42
P32558,Q12411,0,0.9110251191846895,1,random,mlp,esm2_mean,42
P33331,P38193,1,0.4342033338674646,0,random,mlp,esm2_mean,42
P53834,Q12045,1,0.7548951926436659,1,random,mlp,esm2_mean,42
Q02554,Q04087,1,0.44335162144453794,0,random,mlp,esm2_mean,42
P54790,Q06103,0,0.9663311578782209,1,random,mlp,esm2_mean,42
P07258,P32478,1,0.7360140143368341,1,random,mlp,esm2_mean,42
P06783,P39523,0,0.28017824440049094,0,random,mlp,esm2_mean,42
P38328,P39016,1,0.9493835463599578,1,random,mlp,esm2_mean,42
P39962,Q07471,1,0.9972195827744811,1,random,mlp,esm2_mean,42
P33750,P53829,1,0.9995967309015388,1,random,mlp,esm2_mean,42
Q06164,Q07930,1,0.7281485197470222,1,random,mlp,esm2_mean,42
Q12473,Q12477,1,0.843227048157859,1,random,mlp,esm2_mean,42
P11746,P38013,1,0.9979483268017765,1,random,mlp,esm2_mean,42
P37012,P41546,0,0.9934562085625369,1,random,mlp,esm2_mean,42
P07260,P28241,0,0.6333762054548406,1,random,mlp,esm2_mean,42
P13574,P40060,1,0.19610190159138127,0,random,mlp,esm2_mean,42
P26309,P39734,0,0.4462481518692983,0,random,mlp,esm2_mean,42
P05694,Q05027,0,0.33049713620658705,0,random,mlp,esm2_mean,42
P22209,P32345,0,0.5743470902885975,1,random,mlp,esm2_mean,42
P00431,P35718,0,0.18541011930821497,0,random,mlp,esm2_mean,42
P38700,Q12222,1,0.41615410362028465,0,random,mlp,esm2_mean,42
Q04636,Q06440,0,0.3807788254281243,0,random,mlp,esm2_mean,42
P13259,P38194,0,0.9599241825015917,1,random,mlp,esm2_mean,42
P02309,P38129,0,0.8957778212710135,1,random,mlp,esm2_mean,42
P21304,P38204,0,0.008994423127713232,0,random,mlp,esm2_mean,42
P38042,Q12527,1,0.7112651127186934,1,random,mlp,esm2_mean,42
P47123,P48524,0,0.7849438028240192,1,random,mlp,esm2_mean,42
P13902,P22147,0,0.21724204116209048,0,random,mlp,esm2_mean,42
P06775,P46675,0,0.014346555098999802,0,random,mlp,esm2_mean,42
P53036,Q03012,1,0.9844267949492231,1,random,mlp,esm2_mean,42
P36068,P40992,0,0.7079563318783666,1,random,mlp,esm2_mean,42
P39552,Q08004,0,0.04253807824212293,0,random,mlp,esm2_mean,42
Q08162,Q12363,1,0.282739825334844,0,random,mlp,esm2_mean,42
P33399,P53082,1,0.9997764292272744,1,random,mlp,esm2_mean,42
P41810,Q02895,0,0.8697419811414138,1,random,mlp,esm2_mean,42
P38129,Q04491,1,0.9806237644174471,1,random,mlp,esm2_mean,42
P01149,P34110,0,0.0158702577915377,0,random,mlp,esm2_mean,42
P13586,P38749,1,0.043495263097962485,0,random,mlp,esm2_mean,42
P25644,P40014,0,0.842397253366434,1,random,mlp,esm2_mean,42
Q02732,Q12270,0,0.00142095455050671,0,random,mlp,esm2_mean,42
P38806,P40555,1,0.3444663285332569,0,random,mlp,esm2_mean,42
P19657,P48568,0,0.06085895945949011,0,random,mlp,esm2_mean,42
P26755,P40094,0,0.23337276296072063,0,random,mlp,esm2_mean,42
P26343,Q02866,0,0.8653901419285646,1,random,mlp,esm2_mean,42
P20486,P53211,0,0.0020137578824394823,0,random,mlp,esm2_mean,42
P32776,P38123,0,0.015879080221498063,0,random,mlp,esm2_mean,42
P08524,P39534,0,0.5980873411099118,1,random,mlp,esm2_mean,42
Q02199,Q04412,1,0.23483273509703298,0,random,mlp,esm2_mean,42
P38631,P42942,0,0.9816827336040871,1,random,mlp,esm2_mean,42
P39083,P53739,1,0.9355790312787866,1,random,mlp,esm2_mean,42
P32561,P53954,0,0.005157219337861187,0,random,mlp,esm2_mean,42
P32263,P39935,1,0.12295033530740024,0,random,mlp,esm2_mean,42
P07560,P38723,0,0.0352733158181716,0,random,mlp,esm2_mean,42
P23641,P39723,0,1.8273318599456973e-05,0,random,mlp,esm2_mean,42
P43572,P48566,0,0.05313242068663825,0,random,mlp,esm2_mean,42
P00420,Q01329,0,0.0013787076826089328,0,random,mlp,esm2_mean,42
P32802,P53845,1,0.9818941821363923,1,random,mlp,esm2_mean,42
P39875,P53253,0,0.009728435090139945,0,random,mlp,esm2_mean,42
P32495,P53184,1,0.9932451915215659,1,random,mlp,esm2_mean,42
P40075,P47041,0,0.8888611520993384,1,random,mlp,esm2_mean,42
P38785,Q12344,1,0.7678749369332896,1,random,mlp,esm2_mean,42
P15891,P23285,0,0.0015164246998813668,0,random,mlp,esm2_mean,42
P43545,Q00955,0,0.0018305529175646918,0,random,mlp,esm2_mean,42
P31380,Q02608,0,0.002297552104528621,0,random,mlp,esm2_mean,42
P39713,Q12045,1,0.9944422916280641,1,random,mlp,esm2_mean,42
Q05022,Q12020,1,0.0774245520067548,0,random,mlp,esm2_mean,42
P07834,P32864,1,0.7966709779072203,1,random,mlp,esm2_mean,42
P14742,P32324,1,0.9944157773030932,1,random,mlp,esm2_mean,42
P20081,P27472,1,0.968310251458947,1,random,mlp,esm2_mean,42
P25655,P36012,1,0.9841057402106156,1,random,mlp,esm2_mean,42
P33754,P34252,0,0.0005965039301141146,0,random,mlp,esm2_mean,42
P40036,P40038,1,0.19295185671128678,0,random,mlp,esm2_mean,42
P27895,Q05775,1,0.9466625351644553,1,random,mlp,esm2_mean,42
Q06644,Q07904,1,0.39584942279645735,0,random,mlp,esm2_mean,42
P22133,P40561,1,0.9943321283101697,1,random,mlp,esm2_mean,42
P25293,Q04307,0,0.5969170682301318,1,random,mlp,esm2_mean,42
P38310,P38823,1,0.321598477300162,0,random,mlp,esm2_mean,42
P33411,Q08746,1,0.02349637418858901,0,random,mlp,esm2_mean,42
P10507,Q06216,0,0.002133711572307222,0,random,mlp,esm2_mean,42
P40434,Q03373,0,0.06734510219601796,0,random,mlp,esm2_mean,42
P21339,Q99186,0,0.7572623150919,1,random,mlp,esm2_mean,42
P32453,Q04067,0,0.5019541438297512,1,random,mlp,esm2_mean,42
P25336,P40957,0,0.9787793500465072,1,random,mlp,esm2_mean,42
P14742,Q05670,1,0.9916737483598917,1,random,mlp,esm2_mean,42
P23833,P40482,0,0.0016676880597747286,0,random,mlp,esm2_mean,42
Q07623,Q07915,1,0.9713993228284458,1,random,mlp,esm2_mean,42
P36130,Q06340,1,0.14941978138622267,0,random,mlp,esm2_mean,42
P53739,Q12017,1,0.9076024141415251,1,random,mlp,esm2_mean,42
P40434,Q05946,0,0.01647695022090331,0,random,mlp,esm2_mean,42
P11747,P36018,0,0.010401706445535128,0,random,mlp,esm2_mean,42
P07866,P13382,0,0.8096723630220245,1,random,mlp,esm2_mean,42
P11746,P35189,0,0.5004642436811315,1,random,mlp,esm2_mean,42
P32902,P40469,0,0.08056862028384786,0,random,mlp,esm2_mean,42
P32366,Q03790,1,0.43388805864089025,0,random,mlp,esm2_mean,42
P32478,P50095,1,0.8534619692951211,1,random,mlp,esm2_mean,42
P35729,P36107,1,0.041714468183208855,0,random,mlp,esm2_mean,42
P39926,P53628,1,0.5034173546794377,1,random,mlp,esm2_mean,42
P38427,P47025,0,0.8117967928130295,1,random,mlp,esm2_mean,42
P20134,P38152,0,0.15417445390474632,0,random,mlp,esm2_mean,42
P53322,Q03630,1,0.057666761764947415,0,random,mlp,esm2_mean,42
P39966,Q08817,1,0.8417991276468128,1,random,mlp,esm2_mean,42
P14242,P40890,0,0.04942195299364879,0,random,mlp,esm2_mean,42
P38881,Q04964,0,0.00046628654203252596,0,random,mlp,esm2_mean,42
P32263,P47057,1,0.9141521144704883,1,random,mlp,esm2_mean,42
P35197,Q04031,1,0.9429891081358417,1,random,mlp,esm2_mean,42
P25043,P32835,1,0.9839547454846549,1,random,mlp,esm2_mean,42
P32481,Q04225,0,0.9946939260950759,1,random,mlp,esm2_mean,42
P33297,Q03944,0,0.8720492378860603,1,random,mlp,esm2_mean,42
P38156,P40070,0,0.5603424237596588,1,random,mlp,esm2_mean,42
P38219,P43574,1,0.04460135167834563,0,random,mlp,esm2_mean,42
P20604,P36018,1,0.9999478848020068,1,random,mlp,esm2_mean,42
P24384,Q12055,0,0.07743951373463147,0,random,mlp,esm2_mean,42
P41832,Q03862,1,0.09302113568273172,0,random,mlp,esm2_mean,42
O14455,P41911,1,0.9994961622904215,1,random,mlp,esm2_mean,42
P32481,Q08649,1,0.7430427280561657,1,random,mlp,esm2_mean,42
P38247,P38823,1,0.9579624851198357,1,random,mlp,esm2_mean,42
Q00816,Q08683,0,0.4175981030483479,0,random,mlp,esm2_mean,42
P14747,P53129,1,0.0540351679468088,0,random,mlp,esm2_mean,42
P38085,Q08446,0,0.02793897137288369,0,random,mlp,esm2_mean,42
P21691,P47061,0,0.0017398555657748519,0,random,mlp,esm2_mean,42
P32600,P43561,1,0.06728573111145844,0,random,mlp,esm2_mean,42
P32773,Q06142,1,0.11338438613072353,0,random,mlp,esm2_mean,42
P21691,Q06169,0,0.06591800286351551,0,random,mlp,esm2_mean,42
P07991,P20433,1,0.4115306181291587,0,random,mlp,esm2_mean,42
P40527,Q06091,0,0.03735966845082488,0,random,mlp,esm2_mean,42
P16370,P39955,1,0.06616342693712064,0,random,mlp,esm2_mean,42
P33303,P53316,0,0.0015812882762699671,0,random,mlp,esm2_mean,42
P40960,P53961,0,0.00019604892246165536,0,random,mlp,esm2_mean,42
P53082,P53243,0,0.6692850365206832,1,random,mlp,esm2_mean,42
P40564,Q06160,1,0.8673258474531323,1,random,mlp,esm2_mean,42
P38429,Q06168,1,0.9772867169623506,1,random,mlp,esm2_mean,42
P18759,P43132,0,0.7957570463283731,1,random,mlp,esm2_mean,42
P38819,P39926,0,0.28309200395717143,0,random,mlp,esm2_mean,42
P32481,P35181,1,0.5459669670098706,1,random,mlp,esm2_mean,42
P33311,P53086,1,0.489597335954606,0,random,mlp,esm2_mean,42
P38077,Q12343,0,0.4838462565838101,0,random,mlp,esm2_mean,42
Q00416,Q02100,1,0.884835889620951,1,random,mlp,esm2_mean,42
P38749,Q06200,0,0.12801143849528313,0,random,mlp,esm2_mean,42
Q02908,Q07540,0,0.1326769155193289,0,random,mlp,esm2_mean,42
P40527,Q06108,0,0.0362264512575957,0,random,mlp,esm2_mean,42
P53067,Q03957,1,0.9848234557929325,1,random,mlp,esm2_mean,42
P38264,P38273,0,0.14176033574561292,0,random,mlp,esm2_mean,42
P38089,Q08949,1,0.52814906263548,1,random,mlp,esm2_mean,42
P22214,P35172,0,0.06248864855067022,0,random,mlp,esm2_mean,42
P42941,P43682,0,0.21767956705044764,0,random,mlp,esm2_mean,42
P14681,P39010,0,0.7293372007035822,1,random,mlp,esm2_mean,42
P38273,Q04004,1,0.3618089791743236,0,random,mlp,esm2_mean,42
P04912,Q12396,0,0.002191819092218121,0,random,mlp,esm2_mean,42
P11484,P25389,1,0.938990334962124,1,random,mlp,esm2_mean,42
P38286,P38874,0,0.12426767171929397,0,random,mlp,esm2_mean,42
P20434,P53286,0,0.008368107923415885,0,random,mlp,esm2_mean,42
P12754,P42839,1,0.4727852519639822,0,random,mlp,esm2_mean,42
P38264,Q07914,1,0.0033725359577298016,0,random,mlp,esm2_mean,42
P32328,P48568,0,0.1278207100705271,0,random,mlp,esm2_mean,42
P53865,Q00246,1,0.8599071091822121,1,random,mlp,esm2_mean,42
P41807,Q08951,1,0.9979614272023968,1,random,mlp,esm2_mean,42
P07278,P38931,0,0.9331209918579051,1,random,mlp,esm2_mean,42
P39940,P54861,1,0.9382105426852542,1,random,mlp,esm2_mean,42
P04912,P38810,0,0.17079630292291537,0,random,mlp,esm2_mean,42
P38282,P50113,1,0.9644731027169501,1,random,mlp,esm2_mean,42
P30656,P39540,0,0.007816539264525578,0,random,mlp,esm2_mean,42
P32486,P40563,0,0.33659305904366876,0,random,mlp,esm2_mean,42
P36005,P60010,1,0.7091384897422375,1,random,mlp,esm2_mean,42
P33400,P46677,1,0.6356068661706133,1,random,mlp,esm2_mean,42
P39969,P53196,1,0.9817345847181707,1,random,mlp,esm2_mean,42
P38783,P43605,0,0.1438819553938434,0,random,mlp,esm2_mean,42
P31539,Q92331,1,0.787007220439414,1,random,mlp,esm2_mean,42
P19524,P40969,0,0.10395237292580478,0,random,mlp,esm2_mean,42
P22213,P32491,1,0.5962737117979648,1,random,mlp,esm2_mean,42
P13393,Q12276,0,0.9381903366227227,1,random,mlp,esm2_mean,42
P17898,P40187,0,0.007245589932769965,0,random,mlp,esm2_mean,42
P23644,Q03455,0,0.014497520196343193,0,random,mlp,esm2_mean,42
P32500,P49686,1,0.000985661482161654,0,random,mlp,esm2_mean,42
P00331,Q06819,1,0.9956463518877277,1,random,mlp,esm2_mean,42
P34161,P40582,0,0.002738927615809199,0,random,mlp,esm2_mean,42
P33891,P38737,1,0.9539882720476869,1,random,mlp,esm2_mean,42
P27796,P32900,1,0.7232597355574872,1,random,mlp,esm2_mean,42
P53295,Q05911,0,0.9781901086101517,1,random,mlp,esm2_mean,42
P07260,P07276,0,0.08025147715813331,0,random,mlp,esm2_mean,42
P09624,Q03784,1,0.9276926475457469,1,random,mlp,esm2_mean,42
P39552,Q12151,0,0.08078286928712204,0,random,mlp,esm2_mean,42
P38753,P53824,0,0.05169070646511048,0,random,mlp,esm2_mean,42
P38555,Q06108,1,0.9310583708525205,1,random,mlp,esm2_mean,42
P32591,Q12028,1,0.5286239846137364,1,random,mlp,esm2_mean,42
P23202,Q12206,1,0.9576670835158222,1,random,mlp,esm2_mean,42
P04050,Q12468,0,0.7999872568930485,1,random,mlp,esm2_mean,42
P32803,Q03790,0,0.0024963420593746674,0,random,mlp,esm2_mean,42
P32501,P38229,1,0.9838903612108726,1,random,mlp,esm2_mean,42
P32368,P53900,0,0.5868564896118688,1,random,mlp,esm2_mean,42
P39707,Q12469,1,0.7085248245026737,1,random,mlp,esm2_mean,42
P38138,P47037,0,0.9774028436204727,1,random,mlp,esm2_mean,42
P40066,P53197,1,0.9108211670821738,1,random,mlp,esm2_mean,42
P16522,P38276,0,0.9856808411552604,1,random,mlp,esm2_mean,42
P26263,P38257,1,0.9936504018015686,1,random,mlp,esm2_mean,42
P19358,Q06676,0,0.008725476116937343,0,random,mlp,esm2_mean,42
P27692,P53313,0,0.9798682449626775,1,random,mlp,esm2_mean,42
P36034,P43639,0,0.14222615024789872,0,random,mlp,esm2_mean,42
P47019,Q03860,0,0.010537324288623926,0,random,mlp,esm2_mean,42
P40348,P53900,0,0.8983367874964824,1,random,mlp,esm2_mean,42
P52593,P53145,1,0.9972327778883288,1,random,mlp,esm2_mean,42
P06105,Q99299,1,0.6210679391221695,1,random,mlp,esm2_mean,42
Q03148,Q12433,0,0.0036480197226403813,0,random,mlp,esm2_mean,42
P53743,Q05900,1,0.9369987021671244,1,random,mlp,esm2_mean,42
P38811,P42845,0,0.8611988093124465,1,random,mlp,esm2_mean,42
P40469,P47061,0,0.23083843108480143,0,random,mlp,esm2_mean,42
P50101,P54999,1,0.9943347417923153,1,random,mlp,esm2_mean,42
P27351,Q12321,0,0.9397938132049328,1,random,mlp,esm2_mean,42
P12385,Q07914,0,0.006718708952623455,0,random,mlp,esm2_mean,42
P32898,P53685,1,0.11501504391925019,0,random,mlp,esm2_mean,42
P12962,P14724,1,0.9244975605950747,1,random,mlp,esm2_mean,42
P25367,P32491,1,0.7970434628915072,1,random,mlp,esm2_mean,42
P38191,Q12363,0,0.0035468538312010103,0,random,mlp,esm2_mean,42
P04051,P33759,0,0.009913515809778305,0,random,mlp,esm2_mean,42
P39935,P40541,1,0.9880195180973056,1,random,mlp,esm2_mean,42
P07270,P33329,1,0.045614065392270524,0,random,mlp,esm2_mean,42
P13574,Q05027,1,0.8956524009822074,1,random,mlp,esm2_mean,42
P38911,Q04964,0,0.01633280672592186,0,random,mlp,esm2_mean,42
P40087,P53233,0,0.9790083935198605,1,random,mlp,esm2_mean,42
P38217,P40202,1,0.3985507254246619,0,random,mlp,esm2_mean,42
P39685,Q12349,0,0.00032551990899154867,0,random,mlp,esm2_mean,42
P23293,P50944,1,0.9831907954082404,1,random,mlp,esm2_mean,42
P27801,Q04411,1,0.6398190688501081,1,random,mlp,esm2_mean,42
P34217,Q03532,1,0.9956853075015842,1,random,mlp,esm2_mean,42
P23301,P38915,0,0.7351021835719753,1,random,mlp,esm2_mean,42
P40020,P53145,0,0.8253075960838632,1,random,mlp,esm2_mean,42
P12611,P25302,0,0.2801664354276974,0,random,mlp,esm2_mean,42
P39875,P52918,0,0.8693780435722349,1,random,mlp,esm2_mean,42
P38181,Q03691,1,0.00028967365711389173,0,random,mlp,esm2_mean,42
P25454,Q12390,1,0.2977113523289107,0,random,mlp,esm2_mean,42
P38132,Q02774,0,0.002191194358660687,0,random,mlp,esm2_mean,42
P19657,P39014,1,0.9542359120413585,1,random,mlp,esm2_mean,42
P27514,P38146,1,0.993286790066685,1,random,mlp,esm2_mean,42
P36116,P38769,0,0.0972098854135292,0,random,mlp,esm2_mean,42
P22139,Q03690,0,0.10448601850331364,0,random,mlp,esm2_mean,42
P38729,P43621,1,0.00388126294961403,0,random,mlp,esm2_mean,42
P39001,Q04195,0,0.29083896878828075,0,random,mlp,esm2_mean,42
P38431,P53322,1,0.06655211177909523,0,random,mlp,esm2_mean,42
P25657,P38806,1,0.12217985218086072,0,random,mlp,esm2_mean,42
Q04930,Q12060,0,0.42147435221623997,0,random,mlp,esm2_mean,42
P19955,P46988,0,0.2715500147704006,0,random,mlp,esm2_mean,42
P38850,P40555,1,0.6329224979248267,1,random,mlp,esm2_mean,42
P23776,Q12224,0,0.04261854493317715,0,random,mlp,esm2_mean,42
P31385,Q03944,0,0.00240424374830487,0,random,mlp,esm2_mean,42
P36049,P53978,1,0.9912292166264657,1,random,mlp,esm2_mean,42
P33891,P47038,0,6.230115997115421e-05,0,random,mlp,esm2_mean,42
P39101,P53731,0,0.5923553505593342,1,random,mlp,esm2_mean,42
P16661,P53855,0,0.0036112909371563565,0,random,mlp,esm2_mean,42
P36084,P39935,0,0.9709919062413348,1,random,mlp,esm2_mean,42
P47132,P53845,0,5.6124640072726775e-05,0,random,mlp,esm2_mean,42
P22515,Q12124,1,0.44092860098874487,0,random,mlp,esm2_mean,42
P40494,P48562,1,0.7894701203410138,1,random,mlp,esm2_mean,42
P43568,P47150,1,0.33935632976919405,0,random,mlp,esm2_mean,42
P36116,P46674,0,0.035176890974987454,0,random,mlp,esm2_mean,42
P38814,P39925,1,0.9809706680703089,1,random,mlp,esm2_mean,42
P47038,Q12102,0,0.00013325397883438107,0,random,mlp,esm2_mean,42
P23642,P53930,1,0.37045303691804726,0,random,mlp,esm2_mean,42
P38352,P40991,1,0.24755769720355736,0,random,mlp,esm2_mean,42
P07834,Q04110,0,0.8417692950932266,1,random,mlp,esm2_mean,42
P34164,P53924,1,0.5313779178873486,1,random,mlp,esm2_mean,42
P09032,P32341,0,0.002102879345377448,0,random,mlp,esm2_mean,42
P06243,Q12495,0,0.5680972702786957,1,random,mlp,esm2_mean,42
P38713,P50623,0,0.28861824875909037,0,random,mlp,esm2_mean,42
P38193,P38272,0,0.46026696753109275,0,random,mlp,esm2_mean,42
P32628,P39704,0,4.812544264808055e-06,0,random,mlp,esm2_mean,42
P12383,P25357,1,0.6926406007536845,1,random,mlp,esm2_mean,42
P20457,P39994,0,0.047557587223793114,0,random,mlp,esm2_mean,42
P11709,Q12341,1,0.047896691711740394,0,random,mlp,esm2_mean,42
P32485,P53254,1,0.9047201179419401,1,random,mlp,esm2_mean,42
P07342,P28004,0,0.15459710483108544,0,random,mlp,esm2_mean,42
P32502,P53867,1,0.8171020252059196,1,random,mlp,esm2_mean,42
P38956,P40453,1,0.11405301884194327,0,random,mlp,esm2_mean,42
P31384,P46672,1,0.9736280864425189,1,random,mlp,esm2_mean,42
P38240,Q6Q547,0,0.13142160007863066,0,random,mlp,esm2_mean,42
P48568,Q92316,0,5.224321309902315e-05,0,random,mlp,esm2_mean,42
P32767,Q12154,1,0.9927560687673612,1,random,mlp,esm2_mean,42
P35210,P47110,0,0.06928158793912374,0,random,mlp,esm2_mean,42
P25694,P38842,0,0.05703804390298074,0,random,mlp,esm2_mean,42
P11914,P30619,0,0.002572056054391334,0,random,mlp,esm2_mean,42
P39968,Q12224,0,0.992773161075992,1,random,mlp,esm2_mean,42
P36012,Q03976,0,0.1421131421116249,0,random,mlp,esm2_mean,42
P14306,Q05610,1,0.9982720104021567,1,random,mlp,esm2_mean,42
P09734,P32389,0,0.1574059423985528,0,random,mlp,esm2_mean,42
P20436,P25360,0,0.5108595303809962,1,random,mlp,esm2_mean,42
P04050,P40091,0,0.3382222695889563,0,random,mlp,esm2_mean,42
P12695,Q01217,1,0.03197290497502894,0,random,mlp,esm2_mean,42
P23624,Q07508,1,0.5050223285206159,1,random,mlp,esm2_mean,42
P06100,P25644,1,0.20166663251236266,0,random,mlp,esm2_mean,42
P38316,Q12477,1,0.6681819057588548,1,random,mlp,esm2_mean,42
P19263,P53181,0,0.00041481948073230956,0,random,mlp,esm2_mean,42
P13259,P40465,0,0.03734521373389305,0,random,mlp,esm2_mean,42
P09032,Q03322,1,0.9910312439115107,1,random,mlp,esm2_mean,42
P07272,P40007,0,0.9909530289573766,1,random,mlp,esm2_mean,42
O13553,P40555,1,0.13130398912535152,0,random,mlp,esm2_mean,42
P38217,Q08119,1,0.6255619761590772,1,random,mlp,esm2_mean,42
P32849,P38784,0,0.005926276740141286,0,random,mlp,esm2_mean,42
P20438,Q02931,1,0.9925061931595656,1,random,mlp,esm2_mean,42
Q12270,Q99176,0,0.15521622577046737,0,random,mlp,esm2_mean,42
P53847,P89886,1,0.5221431014047377,1,random,mlp,esm2_mean,42
P27636,P40960,1,0.04159355355535127,0,random,mlp,esm2_mean,42
P32524,P40061,1,0.8251425918055382,1,random,mlp,esm2_mean,42
Q03661,Q12194,1,0.004875221564723843,0,random,mlp,esm2_mean,42
P06774,P22209,0,0.1115066257873215,0,random,mlp,esm2_mean,42
P39994,P46669,0,0.9907585287543538,1,random,mlp,esm2_mean,42
P31374,P40036,1,0.9748410173502962,1,random,mlp,esm2_mean,42
P38867,P40356,1,0.00036057756781856344,0,random,mlp,esm2_mean,42
P25656,P40956,0,0.015491297491512636,0,random,mlp,esm2_mean,42
P14736,Q12256,1,0.057556319725291585,0,random,mlp,esm2_mean,42
P00358,Q08726,1,0.5284290868730315,1,random,mlp,esm2_mean,42
Q00723,Q03088,1,0.6185084110032919,1,random,mlp,esm2_mean,42
P03965,P38957,0,0.6884172329553825,1,random,mlp,esm2_mean,42
P39107,Q05610,1,0.7387255073865839,1,random,mlp,esm2_mean,42
P38637,P40457,1,0.08263063461435537,0,random,mlp,esm2_mean,42
P10961,P32642,0,0.9130546536291547,1,random,mlp,esm2_mean,42
P32318,P53070,0,0.9495998912901661,1,random,mlp,esm2_mean,42
P32859,P53552,0,0.010340783421023302,0,random,mlp,esm2_mean,42
P32898,P38793,1,0.4317138502105631,0,random,mlp,esm2_mean,42
P19454,Q05778,1,0.011669927682884563,0,random,mlp,esm2_mean,42
P20435,P32471,1,0.8121811923362091,1,random,mlp,esm2_mean,42
P39987,Q06628,0,0.5587425204156463,1,random,mlp,esm2_mean,42
Q03532,Q08649,1,0.07783235563619585,0,random,mlp,esm2_mean,42
P37838,Q12297,1,0.21376823035628909,0,random,mlp,esm2_mean,42
P01149,P40003,0,0.24205521463335988,0,random,mlp,esm2_mean,42
P36000,P53171,0,0.09492083474426953,0,random,mlp,esm2_mean,42
P48363,P53150,1,0.03910104935786017,0,random,mlp,esm2_mean,42
P07272,Q03768,0,0.7315355370054258,1,random,mlp,esm2_mean,42
Q06488,Q06490,0,0.0012589862729820852,0,random,mlp,esm2_mean,42
P15891,P42941,0,0.10205488500740038,0,random,mlp,esm2_mean,42
P38810,P47025,0,0.44758519868253527,0,random,mlp,esm2_mean,42
Q02197,Q03254,1,0.013661184958334445,0,random,mlp,esm2_mean,42
P19262,P32318,1,0.8115186331723532,1,random,mlp,esm2_mean,42
P47124,Q01217,0,0.583522029129427,1,random,mlp,esm2_mean,42
P40479,Q12433,1,0.9988437064805035,1,random,mlp,esm2_mean,42
P12684,P23202,0,0.6925556229211585,1,random,mlp,esm2_mean,42
P25441,Q06411,0,0.09821413884860203,0,random,mlp,esm2_mean,42
P39969,P40217,1,0.9372638269106291,1,random,mlp,esm2_mean,42
Q12349,Q12527,0,0.004555018706424569,0,random,mlp,esm2_mean,42
P07991,P53231,0,0.1013362294872062,0,random,mlp,esm2_mean,42
P15873,P38785,1,0.9979000586219702,1,random,mlp,esm2_mean,42
P39723,P53259,0,0.0003071965565420149,0,random,mlp,esm2_mean,42
P38165,Q06679,1,0.0478677499624772,0,random,mlp,esm2_mean,42
P15646,P35688,1,0.9859195281407865,1,random,mlp,esm2_mean,42
P38823,P47025,0,0.669979204201883,1,random,mlp,esm2_mean,42
P27476,P40484,0,0.6153726687845773,1,random,mlp,esm2_mean,42
P15424,P32796,0,0.2917582301189324,0,random,mlp,esm2_mean,42
P38861,P39936,1,0.9989966584671675,1,random,mlp,esm2_mean,42
P39998,P47165,1,0.9327547684415071,1,random,mlp,esm2_mean,42
P22135,P39713,0,0.8088426994140177,1,random,mlp,esm2_mean,42
P38072,P47012,0,0.006036564159880761,0,random,mlp,esm2_mean,42
P15303,Q12009,1,0.7029731520702978,1,random,mlp,esm2_mean,42
P38713,Q12084,1,0.9876009493109614,1,random,mlp,esm2_mean,42
P35177,Q00245,0,0.4114118541895132,0,random,mlp,esm2_mean,42
P26448,P33399,1,0.9918926353625591,1,random,mlp,esm2_mean,42
P32783,Q12363,1,0.8414995369091667,1,random,mlp,esm2_mean,42
P19145,Q12256,1,0.982068622129484,1,random,mlp,esm2_mean,42
P32450,Q12315,1,0.5091360067140545,1,random,mlp,esm2_mean,42
P50277,P53344,0,0.01283583015572841,0,random,mlp,esm2_mean,42
P53163,Q12256,1,0.04261093061883636,0,random,mlp,esm2_mean,42
P40328,Q03558,1,0.9945684580281554,1,random,mlp,esm2_mean,42
P06844,P38801,1,0.9144457992618183,1,random,mlp,esm2_mean,42
P09798,P17255,1,0.43326227502099124,0,random,mlp,esm2_mean,42
P15891,P32835,1,0.9458665579721941,1,random,mlp,esm2_mean,42
Q03455,Q99383,0,0.0003069724856834246,0,random,mlp,esm2_mean,42
P23337,P38084,1,0.048692203655122404,0,random,mlp,esm2_mean,42
P32349,Q12260,1,0.4472222869006161,0,random,mlp,esm2_mean,42
P32867,P38622,1,0.9972061144420036,1,random,mlp,esm2_mean,42
P05986,P53124,1,0.9541101964736746,1,random,mlp,esm2_mean,42
P38333,P38995,0,0.14078757800493077,0,random,mlp,esm2_mean,42
P38070,P38334,1,0.4364782739082042,0,random,mlp,esm2_mean,42
P53861,Q08683,0,0.22917610738789979,0,random,mlp,esm2_mean,42
P35180,Q12754,0,0.173084021800184,0,random,mlp,esm2_mean,42
P53145,P54784,0,0.38624336049197194,0,random,mlp,esm2_mean,42
P11484,P25569,1,0.6835588816688941,1,random,mlp,esm2_mean,42
P32828,P32898,0,0.0007994842975608038,0,random,mlp,esm2_mean,42
P15705,Q03954,1,0.9002267917620516,1,random,mlp,esm2_mean,42
P25045,Q03919,0,0.42547174418565487,0,random,mlp,esm2_mean,42
P38699,P38998,0,0.9929379521738129,1,random,mlp,esm2_mean,42
P52553,P87284,0,1.9395307638199934e-07,0,random,mlp,esm2_mean,42
P32333,P41912,0,0.12950399495780224,0,random,mlp,esm2_mean,42
P53215,Q02884,0,0.003739282545702412,0,random,mlp,esm2_mean,42
P28817,P38814,1,0.9976261688507425,1,random,mlp,esm2_mean,42
P32495,P32582,1,0.9998848307148485,1,random,mlp,esm2_mean,42
P00358,P23644,1,0.9924437986155691,1,random,mlp,esm2_mean,42
P53337,Q12063,0,0.01347287879935418,0,random,mlp,esm2_mean,42
P53131,Q99278,1,0.4683950325744069,0,random,mlp,esm2_mean,42
P02400,P33122,0,0.9556568019010567,1,random,mlp,esm2_mean,42
P13434,P40462,0,0.34563164847356925,0,random,mlp,esm2_mean,42
P18961,P33311,1,0.986254980409924,1,random,mlp,esm2_mean,42
P40856,Q02795,0,0.0010453570966840872,0,random,mlp,esm2_mean,42
P25298,P39113,0,0.10879512477034914,0,random,mlp,esm2_mean,42
P29469,Q03290,0,0.11694110752898612,0,random,mlp,esm2_mean,42
P38153,P45976,0,0.1793485842908498,0,random,mlp,esm2_mean,42
P53086,Q12129,1,0.1881378071839132,0,random,mlp,esm2_mean,42
P32354,P38967,0,0.011329343916300071,0,random,mlp,esm2_mean,42
P25341,Q04031,1,0.9537244532778731,1,random,mlp,esm2_mean,42
P04912,Q03148,1,0.4860646504792899,0,random,mlp,esm2_mean,42
P38990,Q06216,1,0.8314295097645302,1,random,mlp,esm2_mean,42
Q01560,Q03048,1,0.0015207456797629232,0,random,mlp,esm2_mean,42
P40014,P53116,1,0.07902405905059015,0,random,mlp,esm2_mean,42
P09959,P40959,1,0.36547649463219806,0,random,mlp,esm2_mean,42
P04786,P39954,1,0.6490031353474135,1,random,mlp,esm2_mean,42
P21243,Q02629,1,0.004819770543830418,0,random,mlp,esm2_mean,42
P53168,P53901,0,0.14878395423360283,0,random,mlp,esm2_mean,42
P40496,P48568,1,0.006043688348625059,0,random,mlp,esm2_mean,42
P23291,P50104,0,0.021708071926722382,0,random,mlp,esm2_mean,42
P07250,P25303,0,0.06720121465748936,0,random,mlp,esm2_mean,42
P36520,Q03177,1,0.810299011011469,1,random,mlp,esm2_mean,42
Q07622,Q12194,0,0.05373370385107515,0,random,mlp,esm2_mean,42
P32559,P47822,0,0.9843045732197143,1,random,mlp,esm2_mean,42
P33296,Q04693,0,0.76620896735639,1,random,mlp,esm2_mean,42
P20050,P38886,0,0.0616991889299768,0,random,mlp,esm2_mean,42
Q06078,Q12154,1,0.7069150154337092,1,random,mlp,esm2_mean,42
P11484,P47123,0,0.7742636448300979,1,random,mlp,esm2_mean,42
P32481,P47822,0,0.8853608530359823,1,random,mlp,esm2_mean,42
P43619,P43638,1,0.9215676989280941,1,random,mlp,esm2_mean,42
Q07418,Q08245,1,0.9210644392759473,1,random,mlp,esm2_mean,42
P41896,Q12004,1,0.08368858490674078,0,random,mlp,esm2_mean,42
P32471,Q05568,1,0.8433696596979923,1,random,mlp,esm2_mean,42
P38302,P40457,0,0.9764852406893428,1,random,mlp,esm2_mean,42
P32842,P43609,0,0.28522132814232437,0,random,mlp,esm2_mean,42
P41805,P53973,0,0.044205788628524104,0,random,mlp,esm2_mean,42
P32607,P53971,1,0.015108008896836783,0,random,mlp,esm2_mean,42
P12688,P35203,1,0.9103073648851018,1,random,mlp,esm2_mean,42
P23059,Q08683,0,0.859898215009442,1,random,mlp,esm2_mean,42
P32854,Q06704,1,0.8970478193798838,1,random,mlp,esm2_mean,42
P38352,P40094,0,0.9963563612741703,1,random,mlp,esm2_mean,42
P38555,P38631,1,0.6257839470842835,1,random,mlp,esm2_mean,42
P33892,Q12163,1,0.21292064607166322,0,random,mlp,esm2_mean,42
P19882,Q12315,1,0.6454568754767229,1,random,mlp,esm2_mean,42
Q03792,Q04675,1,0.5423190571815475,1,random,mlp,esm2_mean,42
P07257,P14736,0,0.0006304496650720995,0,random,mlp,esm2_mean,42
P50095,Q08438,1,0.7522009230895719,1,random,mlp,esm2_mean,42
P29311,P40319,0,0.0002033404752768904,0,random,mlp,esm2_mean,42
P32564,Q12267,0,0.02092050055724841,0,random,mlp,esm2_mean,42
P06839,Q12129,1,0.00650519495572216,0,random,mlp,esm2_mean,42
P53933,Q03761,0,0.02558900880133539,0,random,mlp,esm2_mean,42
P43588,Q05785,1,0.9976961401425468,1,random,mlp,esm2_mean,42
P53283,Q12368,1,0.6238910698047025,1,random,mlp,esm2_mean,42
P38788,P49704,1,0.996263171436004,1,random,mlp,esm2_mean,42
P38086,Q08273,0,0.12867083979297042,0,random,mlp,esm2_mean,42
P05694,P38123,0,0.08726990998795094,0,random,mlp,esm2_mean,42
P47012,P53959,0,0.8762417871188515,1,random,mlp,esm2_mean,42
P53551,Q08886,0,0.7782025593687835,1,random,mlp,esm2_mean,42
O13553,Q07508,1,0.9153192296602707,1,random,mlp,esm2_mean,42
P18410,Q03792,1,0.7576383016533239,1,random,mlp,esm2_mean,42
P39720,P41807,0,0.9160439938285609,1,random,mlp,esm2_mean,42
P32838,P40079,0,0.9984731821099042,1,random,mlp,esm2_mean,42
P00128,Q12449,0,0.0016161646849523383,0,random,mlp,esm2_mean,42
P48582,P53910,0,0.5260832939403333,1,random,mlp,esm2_mean,42
P18759,P32913,1,0.5518830850802012,1,random,mlp,esm2_mean,42
P32499,P40554,0,0.1221498365593704,0,random,mlp,esm2_mean,42
P15646,Q08492,1,0.8646308527241013,1,random,mlp,esm2_mean,42
P32561,P36006,1,0.7514107209924062,1,random,mlp,esm2_mean,42
P20133,P38254,1,0.9592191348082539,1,random,mlp,esm2_mean,42
P14741,P53244,0,0.822030047851594,1,random,mlp,esm2_mean,42
P32558,Q12336,0,0.007292431743225688,0,random,mlp,esm2_mean,42
P17629,Q08553,0,0.22683720526931236,0,random,mlp,esm2_mean,42
P24867,P33199,1,0.9451857838813951,1,random,mlp,esm2_mean,42
P09938,Q08446,1,0.028564296795146195,0,random,mlp,esm2_mean,42
P38272,Q07418,0,0.8525997707003229,1,random,mlp,esm2_mean,42
P40518,Q08902,0,0.0007765010394740219,0,random,mlp,esm2_mean,42
P22204,P50086,1,0.9998786475612541,1,random,mlp,esm2_mean,42
P14904,Q12168,1,0.8532999906027634,1,random,mlp,esm2_mean,42
Q03071,Q12020,1,0.4938893566969775,0,random,mlp,esm2_mean,42
P38265,P47049,1,0.11740672016224928,0,random,mlp,esm2_mean,42
Q08956,Q12527,1,0.18629649778167492,0,random,mlp,esm2_mean,42
P40494,P40495,1,0.9833952928537626,1,random,mlp,esm2_mean,42
P39009,P53824,0,0.09781091866820527,0,random,mlp,esm2_mean,42
P43602,Q02100,0,0.0941962392398794,0,random,mlp,esm2_mean,42
P06838,P32939,0,0.013891185899418497,0,random,mlp,esm2_mean,42
P38811,P39944,0,0.8116124192005041,1,random,mlp,esm2_mean,42
P17121,P25649,1,0.9943452632193016,1,random,mlp,esm2_mean,42
P23285,P43562,0,0.002085828327386878,0,random,mlp,esm2_mean,42
P39969,Q00582,1,0.9919712785016594,1,random,mlp,esm2_mean,42
Q02196,Q04930,1,0.9345415908741623,1,random,mlp,esm2_mean,42
P38727,P40453,0,0.6817684710634132,1,random,mlp,esm2_mean,42
P26188,P53604,0,0.9106879524820805,1,random,mlp,esm2_mean,42
P36165,Q05911,0,0.5269116993429831,1,random,mlp,esm2_mean,42
P38132,Q08387,0,0.1162691861004917,0,random,mlp,esm2_mean,42
P25580,P42839,0,0.48411339572688283,0,random,mlp,esm2_mean,42
P25357,P39730,1,0.5566904581887658,1,random,mlp,esm2_mean,42
Q04231,Q08902,0,0.036461836831700845,0,random,mlp,esm2_mean,42
P14164,Q04338,1,0.523286772844005,1,random,mlp,esm2_mean,42
P13434,Q02774,0,0.030467186772891702,0,random,mlp,esm2_mean,42
P38132,P43609,0,0.04393375398735016,0,random,mlp,esm2_mean,42
P36168,Q00873,1,0.3871385850312376,0,random,mlp,esm2_mean,42
P47052,Q12402,0,0.001471394052298142,0,random,mlp,esm2_mean,42
P32796,P43682,0,0.7292784008656253,1,random,mlp,esm2_mean,42
Q12021,Q12044,1,0.8828421303876347,1,random,mlp,esm2_mean,42
P32913,Q12734,1,0.45612032505192995,0,random,mlp,esm2_mean,42
P11914,P41697,0,0.07957572254545847,0,random,mlp,esm2_mean,42
Q03103,Q12224,0,0.004191674409203774,0,random,mlp,esm2_mean,42
P32501,P32570,0,0.7270512958624847,1,random,mlp,esm2_mean,42
P07560,Q12427,1,0.9998046352818484,1,random,mlp,esm2_mean,42
P53081,Q05881,1,0.9974234134457086,1,random,mlp,esm2_mean,42
P28795,P36008,1,0.7761673105353989,1,random,mlp,esm2_mean,42
P32333,Q00955,0,0.9932614519868629,1,random,mlp,esm2_mean,42
P38786,P38990,1,0.8423845332289553,1,random,mlp,esm2_mean,42
P38270,P50278,1,0.8495679236356606,1,random,mlp,esm2_mean,42
P07866,P39550,0,0.03622003035777685,0,random,mlp,esm2_mean,42
P40303,P40319,0,0.0006203280084438005,0,random,mlp,esm2_mean,42
P42846,Q12517,1,0.6029716760855495,1,random,mlp,esm2_mean,42
P34224,Q12038,0,0.0009484811789763909,0,random,mlp,esm2_mean,42
P30665,P43603,1,0.0023039558481158166,0,random,mlp,esm2_mean,42
P39010,Q12447,0,0.960711253582426,1,random,mlp,esm2_mean,42
P38310,Q00873,0,0.11052629358901243,0,random,mlp,esm2_mean,42
P48606,Q12460,1,0.9634992932650395,1,random,mlp,esm2_mean,42
P38348,Q04660,1,0.5132337886637175,1,random,mlp,esm2_mean,42
P32327,P32380,1,0.9953892016093873,1,random,mlp,esm2_mean,42
Q06405,Q07824,0,0.4378114994764863,0,random,mlp,esm2_mean,42
P20134,Q03208,1,0.006422756423017694,0,random,mlp,esm2_mean,42
P23291,Q04062,0,0.16702148129013533,0,random,mlp,esm2_mean,42
P19097,P47027,0,0.10584501813879758,0,random,mlp,esm2_mean,42
P38690,P38692,1,0.9989949856302419,1,random,mlp,esm2_mean,42
P42073,Q99299,1,0.23767768272302908,0,random,mlp,esm2_mean,42
P40492,P40513,0,0.0006488540074864676,0,random,mlp,esm2_mean,42
P40061,Q07471,1,0.9925955994914701,1,random,mlp,esm2_mean,42
P06100,P28791,1,0.2622167420119365,0,random,mlp,esm2_mean,42
P13186,P53010,1,0.9481650240240358,1,random,mlp,esm2_mean,42
P01123,Q08273,1,0.5991100991114401,1,random,mlp,esm2_mean,42
P35178,Q02516,0,0.1253407218761706,0,random,mlp,esm2_mean,42
P51862,Q12260,1,0.3951143909465705,0,random,mlp,esm2_mean,42
P38240,Q02336,0,0.00027774242910716667,0,random,mlp,esm2_mean,42
P14724,Q06406,1,0.9009879681540868,1,random,mlp,esm2_mean,42
P07703,P23059,0,0.18580940761409548,0,random,mlp,esm2_mean,42
P11709,P42935,1,0.9955129726609362,1,random,mlp,esm2_mean,42
P38181,Q12488,0,0.24322856984859964,0,random,mlp,esm2_mean,42
Q05785,Q08920,1,0.9764859378100029,1,random,mlp,esm2_mean,42
P49573,Q04868,1,0.15573808614928164,0,random,mlp,esm2_mean,42
P30605,Q03012,0,0.008443210199951,0,random,mlp,esm2_mean,42
P26793,P38042,1,0.08371453193779319,0,random,mlp,esm2_mean,42
P46985,Q12059,0,0.9145181278369225,1,random,mlp,esm2_mean,42
P40483,P57744,0,0.003357321691522254,0,random,mlp,esm2_mean,42
P29703,P41817,0,0.5035402490178937,1,random,mlp,esm2_mean,42
P34218,Q06164,0,0.09732266995821545,0,random,mlp,esm2_mean,42
P43592,Q12468,1,0.698648150210556,1,random,mlp,esm2_mean,42
P40341,P49435,0,0.35669200375864507,0,random,mlp,esm2_mean,42
P10355,P53233,1,0.010164839563834916,0,random,mlp,esm2_mean,42
P38283,P38708,1,0.9966028992823306,1,random,mlp,esm2_mean,42
Q03768,Q12276,1,0.09876164225632483,0,random,mlp,esm2_mean,42
P06704,P40484,1,0.04102130243820918,0,random,mlp,esm2_mean,42
P25297,Q12018,0,0.022252814254063488,0,random,mlp,esm2_mean,42
P36124,Q04749,1,0.46682458884853184,0,random,mlp,esm2_mean,42
P40013,Q03782,1,0.561225087342833,1,random,mlp,esm2_mean,42
P34253,P48412,1,0.9186814830310349,1,random,mlp,esm2_mean,42
P40013,Q04121,1,0.525805168844586,1,random,mlp,esm2_mean,42
P36017,Q05471,1,0.06999736636944015,0,random,mlp,esm2_mean,42
Q08229,Q08553,0,0.44317799943702324,0,random,mlp,esm2_mean,42
P33333,P40473,1,0.004293510246131139,0,random,mlp,esm2_mean,42
P33301,P36129,0,1.5161632037381763e-08,0,random,mlp,esm2_mean,42
P35056,P50090,0,0.28358049126196794,0,random,mlp,esm2_mean,42
P28817,P47083,1,0.5908334572115349,1,random,mlp,esm2_mean,42
P53254,Q05022,1,0.04664478074501502,0,random,mlp,esm2_mean,42
P36120,Q02629,0,0.8879614481254711,1,random,mlp,esm2_mean,42
P20606,P53829,1,0.9943088296445979,1,random,mlp,esm2_mean,42
P32895,P39925,1,0.041742950060827705,0,random,mlp,esm2_mean,42
P36172,Q03619,1,0.030718510677788684,0,random,mlp,esm2_mean,42
P21705,P33203,0,0.4200155277341344,0,random,mlp,esm2_mean,42
P46671,Q03768,0,0.23672072162441513,0,random,mlp,esm2_mean,42
P06242,Q12446,1,0.9834845212536274,1,random,mlp,esm2_mean,42
P38358,Q05080,1,0.6878283033044054,1,random,mlp,esm2_mean,42
P25369,Q05871,1,0.7933152635313734,1,random,mlp,esm2_mean,42
P40461,Q06410,1,0.26075862982528647,0,random,mlp,esm2_mean,42
P40007,Q08217,1,0.16997787452414884,0,random,mlp,esm2_mean,42
P14164,Q99278,0,0.9965742263400127,1,random,mlp,esm2_mean,42
P40024,Q02554,1,0.554965194523649,1,random,mlp,esm2_mean,42
P02557,P53163,1,0.8721866028754799,1,random,mlp,esm2_mean,42
P46673,Q04894,1,0.9789693686721754,1,random,mlp,esm2_mean,42
P20795,Q04562,1,0.057327528156785226,0,random,mlp,esm2_mean,42
P22138,P41318,0,0.9272056082327744,1,random,mlp,esm2_mean,42
P00420,P30619,0,0.0013550889574648547,0,random,mlp,esm2_mean,42
P38251,P47012,0,0.18846785283270404,0,random,mlp,esm2_mean,42
P09938,P35691,1,0.02559545393038658,0,random,mlp,esm2_mean,42
Q12280,Q99190,0,0.23885635212452255,0,random,mlp,esm2_mean,42
Q02516,Q99207,0,0.03144089935194139,0,random,mlp,esm2_mean,42
P19955,P36147,1,0.01691167139618401,0,random,mlp,esm2_mean,42
P07347,P14747,1,0.9996342128437663,1,random,mlp,esm2_mean,42
P47165,Q05947,1,0.8660141735482487,1,random,mlp,esm2_mean,42
P38293,P49704,1,0.5167314659441798,1,random,mlp,esm2_mean,42
P54860,Q02825,1,0.8524744844526531,1,random,mlp,esm2_mean,42
P38132,P38742,1,0.9690259026092941,1,random,mlp,esm2_mean,42
P36008,P38753,1,0.948370661167265,1,random,mlp,esm2_mean,42
P32334,Q06697,0,5.900641726963727e-06,0,random,mlp,esm2_mean,42
P39742,Q12344,1,0.9790757627850474,1,random,mlp,esm2_mean,42
P21957,P41805,0,0.18785757247488524,0,random,mlp,esm2_mean,42
P09435,P35497,1,0.9937080246481946,1,random,mlp,esm2_mean,42
P32566,Q02794,0,0.29885309961162704,0,random,mlp,esm2_mean,42
P24719,P32525,0,0.14206095418360307,0,random,mlp,esm2_mean,42
P00175,P40482,1,0.29289375884782437,0,random,mlp,esm2_mean,42
P22139,Q12071,0,0.14778815456119787,0,random,mlp,esm2_mean,42
P32859,Q08685,0,0.028925524071493697,0,random,mlp,esm2_mean,42
P32327,P53011,1,0.9543368913094832,1,random,mlp,esm2_mean,42
P38705,P42934,0,0.34075704397255974,0,random,mlp,esm2_mean,42
P28006,P52918,1,0.9094980948162836,1,random,mlp,esm2_mean,42
P32895,P39984,1,0.9995511786200824,1,random,mlp,esm2_mean,42
P38902,Q12241,0,0.9970230506866335,1,random,mlp,esm2_mean,42
P32805,Q04195,0,0.42355096084482097,0,random,mlp,esm2_mean,42
P32523,P32908,0,0.8323318028932508,1,random,mlp,esm2_mean,42
P32610,P38967,0,0.007191817559165287,0,random,mlp,esm2_mean,42
P34730,Q99385,1,0.024566759599624288,0,random,mlp,esm2_mean,42
P40492,P54199,1,0.5218174832212807,1,random,mlp,esm2_mean,42
P43572,Q12124,0,0.02250777389954569,0,random,mlp,esm2_mean,42
P32504,P43602,0,0.7544477070416046,1,random,mlp,esm2_mean,42
P16892,Q06704,1,0.9622755926295329,1,random,mlp,esm2_mean,42
P13574,Q03081,0,0.26571362181392544,0,random,mlp,esm2_mean,42
Q03103,Q12129,0,0.07558364306059706,0,random,mlp,esm2_mean,42
P38282,P40328,1,0.022392595578455847,0,random,mlp,esm2_mean,42
P25367,Q04411,1,0.026819122040692835,0,random,mlp,esm2_mean,42
P04147,P32776,1,0.9179064111698428,1,random,mlp,esm2_mean,42
P36131,Q12372,0,0.027405430724328838,0,random,mlp,esm2_mean,42
P22140,P53203,0,0.034920844157505404,0,random,mlp,esm2_mean,42
P81449,Q12020,0,0.001707752156845472,0,random,mlp,esm2_mean,42
P53859,Q03785,1,0.4195408778907427,0,random,mlp,esm2_mean,42
P32939,Q12161,0,0.5411253197795854,1,random,mlp,esm2_mean,42
P25808,P38788,1,0.8442212690675509,1,random,mlp,esm2_mean,42
P07213,P38636,0,0.9715059583886625,1,random,mlp,esm2_mean,42
P53971,Q03935,0,0.11379461727245799,0,random,mlp,esm2_mean,42
P34218,P53743,0,0.45689531591032245,0,random,mlp,esm2_mean,42
P20459,P35178,1,0.9997559434762661,1,random,mlp,esm2_mean,42
P47115,P53244,0,0.19705563004210633,0,random,mlp,esm2_mean,42
P32354,P47822,1,0.005025221082960785,0,random,mlp,esm2_mean,42
P17106,Q12154,0,0.0032433353412070114,0,random,mlp,esm2_mean,42
P40319,P53202,0,0.03142630187965653,0,random,mlp,esm2_mean,42
P39705,P53185,1,0.5823719466949683,1,random,mlp,esm2_mean,42
P40475,P40565,0,0.4310682690432601,0,random,mlp,esm2_mean,42
P21304,Q06676,0,0.0024990590607335953,0,random,mlp,esm2_mean,42
P38720,P50946,1,0.7388948263063422,1,random,mlp,esm2_mean,42
P40475,P49573,0,0.9508925729064013,1,random,mlp,esm2_mean,42
P22140,P38996,0,0.0013979065557044952,0,random,mlp,esm2_mean,42
P13433,P32468,0,0.014140805239194237,0,random,mlp,esm2_mean,42
P38962,Q06001,1,0.003807685303775221,0,random,mlp,esm2_mean,42
P39727,Q08649,1,0.04484263484763641,0,random,mlp,esm2_mean,42
P39079,P48606,1,0.9977895552956656,1,random,mlp,esm2_mean,42
P20053,Q08746,1,0.9114861366115411,1,random,mlp,esm2_mean,42
P33420,P41816,1,0.997461678238417,1,random,mlp,esm2_mean,42
P29496,P53086,1,0.24730901039160658,0,random,mlp,esm2_mean,42
P38627,P53912,1,0.7756494075305118,1,random,mlp,esm2_mean,42
P32783,P47093,1,0.9748709310819039,1,random,mlp,esm2_mean,42
P02294,Q12691,0,0.09116263154580061,0,random,mlp,esm2_mean,42
P11747,P39715,0,0.016769280705847784,0,random,mlp,esm2_mean,42
P40554,P43572,0,0.935656377356483,1,random,mlp,esm2_mean,42
P25360,P53067,1,0.48368338576537984,0,random,mlp,esm2_mean,42
P38329,Q12450,0,0.029579638503147293,0,random,mlp,esm2_mean,42
P38302,Q12396,0,0.0006816147351400264,0,random,mlp,esm2_mean,42
P32432,Q03656,1,0.8762947628381971,1,random,mlp,esm2_mean,42
P06780,P46954,0,9.728643859019022e-05,0,random,mlp,esm2_mean,42
P28791,Q02205,1,0.18519544181766437,0,random,mlp,esm2_mean,42
P17119,Q12009,1,0.9889537684276721,1,random,mlp,esm2_mean,42
P06242,P35817,0,0.4545075861698669,0,random,mlp,esm2_mean,42
P16661,P53954,1,0.004848070966825933,0,random,mlp,esm2_mean,42
P02294,P10566,1,0.0992929579735207,0,random,mlp,esm2_mean,42
P32457,P53974,1,0.8495856124898735,1,random,mlp,esm2_mean,42
P07250,Q04697,0,0.03220161460612908,0,random,mlp,esm2_mean,42
P18963,P38719,0,0.7209349094426444,1,random,mlp,esm2_mean,42
P32793,P38229,1,0.7100281750699207,1,random,mlp,esm2_mean,42
P38789,Q12019,0,0.16519327154571983,0,random,mlp,esm2_mean,42
P32264,Q12100,1,0.9985759362789778,1,random,mlp,esm2_mean,42
P47052,Q06096,0,0.009653825070990982,0,random,mlp,esm2_mean,42
P33334,Q07657,1,0.7176146295767944,1,random,mlp,esm2_mean,42
P25646,P38339,1,0.9979341297122344,1,random,mlp,esm2_mean,42
P38204,Q04195,0,0.3125901171856296,0,random,mlp,esm2_mean,42
P28795,Q08438,1,0.939814568666182,1,random,mlp,esm2_mean,42
P53091,Q06217,1,0.9859451260891229,1,random,mlp,esm2_mean,42
P23724,P35729,1,0.9467327996672139,1,random,mlp,esm2_mean,42
P26188,Q00772,0,0.2631545851212993,0,random,mlp,esm2_mean,42
P53283,Q02256,1,0.9095240358074073,1,random,mlp,esm2_mean,42
P12887,P47113,0,0.7703529259496957,1,random,mlp,esm2_mean,42
P38826,Q04491,0,0.9363477450783171,1,random,mlp,esm2_mean,42
P02557,P47027,0,0.22496448709764572,0,random,mlp,esm2_mean,42
P40020,P54837,0,0.0017793028073798955,0,random,mlp,esm2_mean,42
P25451,P43613,0,0.9970388611054758,1,random,mlp,esm2_mean,42
P33328,Q04601,1,0.007506134267507639,0,random,mlp,esm2_mean,42
P19454,P53094,1,0.9335740391533388,1,random,mlp,esm2_mean,42
P32447,P38822,1,0.09592424428731246,0,random,mlp,esm2_mean,42
P31412,P53551,0,0.41598808508192464,0,random,mlp,esm2_mean,42
P38270,Q05778,1,0.19385010126428487,0,random,mlp,esm2_mean,42
P04046,P40461,1,0.9720737689089886,1,random,mlp,esm2_mean,42
P38690,P39734,0,0.79270446807616,1,random,mlp,esm2_mean,42
Q01939,Q06644,0,0.0042230893621979845,0,random,mlp,esm2_mean,42
P38288,P38723,1,0.45517861638938545,0,random,mlp,esm2_mean,42
O13559,P22141,1,0.11997427052243995,0,random,mlp,esm2_mean,42
Q03322,Q06632,0,0.8380127633680919,1,random,mlp,esm2_mean,42
P36019,P38805,1,0.5552736389648217,1,random,mlp,esm2_mean,42
P36029,Q08271,0,0.05320835926105685,0,random,mlp,esm2_mean,42
P12294,P25644,0,0.11630984338743769,0,random,mlp,esm2_mean,42
P25294,Q12055,1,0.9990523038692032,1,random,mlp,esm2_mean,42
P53124,Q12168,1,0.8975671598978391,1,random,mlp,esm2_mean,42
O13553,P36008,1,0.12026266124502923,0,random,mlp,esm2_mean,42
P14922,Q04195,0,0.005063068805915042,0,random,mlp,esm2_mean,42
P40457,P53959,0,0.8420048045680516,1,random,mlp,esm2_mean,42
P11927,P38786,1,0.8423187390587864,1,random,mlp,esm2_mean,42
P22276,P36019,0,0.004239627688182109,0,random,mlp,esm2_mean,42
Q07824,Q99383,1,0.029031325767370577,0,random,mlp,esm2_mean,42
P19735,P25586,1,0.7426674434122912,1,random,mlp,esm2_mean,42
P02400,P38744,0,0.23498749192088111,0,random,mlp,esm2_mean,42
P43593,P53628,1,0.7912933366622693,1,random,mlp,esm2_mean,42
P22517,P36003,1,0.9810781897374745,1,random,mlp,esm2_mean,42
P38859,Q03656,1,0.010048295660605349,0,random,mlp,esm2_mean,42
P43555,Q06340,0,0.0063087687717168495,0,random,mlp,esm2_mean,42
P40492,P40565,1,0.3464943348323353,0,random,mlp,esm2_mean,42
P07264,P53108,0,0.00868903229877916,0,random,mlp,esm2_mean,42
P25615,P38163,0,0.2638903930120059,0,random,mlp,esm2_mean,42
P38316,Q02784,0,0.0008245928206178043,0,random,mlp,esm2_mean,42
P53955,Q08729,1,0.6756081029903687,1,random,mlp,esm2_mean,42
P32558,Q06251,0,0.7726013682573909,1,random,mlp,esm2_mean,42
P29461,P39531,1,0.23830994394377747,0,random,mlp,esm2_mean,42
P14306,Q12216,0,0.7644265747841802,1,random,mlp,esm2_mean,42
P10823,P43613,1,0.18534338559900557,0,random,mlp,esm2_mean,42
P38156,Q02875,0,0.021039835452663407,0,random,mlp,esm2_mean,42
P11927,P38794,1,0.5765557955945104,1,random,mlp,esm2_mean,42
P02309,P32562,0,0.6436359964213753,1,random,mlp,esm2_mean,42
P19882,P22543,1,0.9976020752215723,1,random,mlp,esm2_mean,42
P23968,P38130,0,0.9151631092611847,1,random,mlp,esm2_mean,42
P38283,P53136,1,0.993868347653904,1,random,mlp,esm2_mean,42
P08964,Q08204,0,0.8003018623473982,1,random,mlp,esm2_mean,42
P40075,P53865,0,0.3693022086235008,0,random,mlp,esm2_mean,42
P14736,P21672,1,0.8223558831055409,1,random,mlp,esm2_mean,42
P25298,P38232,1,0.005264662809594698,0,random,mlp,esm2_mean,42
P38089,P41807,1,0.6598100682775299,1,random,mlp,esm2_mean,42
P10566,P53834,0,0.0007061825966623394,0,random,mlp,esm2_mean,42
P24384,Q02196,0,0.8726156720481376,1,random,mlp,esm2_mean,42
P53883,Q12161,0,0.7696710792610321,1,random,mlp,esm2_mean,42
P00830,P32263,1,0.1910702862375356,0,random,mlp,esm2_mean,42
P47122,Q06411,1,0.9857548212542466,1,random,mlp,esm2_mean,42
P32803,P48837,0,0.6832832443880462,1,random,mlp,esm2_mean,42
Q06411,Q12174,0,0.0020769384319060504,0,random,mlp,esm2_mean,42
P25299,P33297,0,0.9965544392358126,1,random,mlp,esm2_mean,42
P36147,P53968,0,0.004880829337034287,0,random,mlp,esm2_mean,42
Q04868,Q04921,1,0.9719419630071711,1,random,mlp,esm2_mean,42
P46949,Q08245,1,0.98052167177364,1,random,mlp,esm2_mean,42
P09435,Q07471,1,0.9590133524145615,1,random,mlp,esm2_mean,42
P16547,P47045,0,0.026337055342257987,0,random,mlp,esm2_mean,42
P53867,Q06178,1,0.7566894413272368,1,random,mlp,esm2_mean,42
Q03071,Q06679,1,0.9878171723514352,1,random,mlp,esm2_mean,42
P38910,P53933,0,0.002914848765328743,0,random,mlp,esm2_mean,42
Q06648,Q12329,1,0.13792266881710047,0,random,mlp,esm2_mean,42
P32521,P33418,1,0.13411466668553726,0,random,mlp,esm2_mean,42
P32559,Q12321,0,0.6607289351697214,1,random,mlp,esm2_mean,42
P38615,Q03071,1,0.9999208926903806,1,random,mlp,esm2_mean,42
P25359,Q08004,1,0.9725839340976263,1,random,mlp,esm2_mean,42
P15436,P54786,1,0.8732294338843681,1,random,mlp,esm2_mean,42
P43545,Q03280,0,0.03774415549770142,0,random,mlp,esm2_mean,42
P25297,Q12034,0,0.005059020855692038,0,random,mlp,esm2_mean,42
P46985,P53739,1,0.9693399983641109,1,random,mlp,esm2_mean,42
P38631,Q12222,1,0.9835640691464754,1,random,mlp,esm2_mean,42
P40484,P42843,1,0.688886165873858,1,random,mlp,esm2_mean,42
P06844,Q12749,0,0.322532663452241,0,random,mlp,esm2_mean,42
P27614,P38041,1,0.6628666532766089,1,random,mlp,esm2_mean,42
P20438,P39743,1,0.9793557216635127,1,random,mlp,esm2_mean,42
P00950,P04147,1,0.5660851114953499,1,random,mlp,esm2_mean,42
P38523,Q03957,0,0.020548101435094994,0,random,mlp,esm2_mean,42
P22336,P39926,1,0.9925950701935106,1,random,mlp,esm2_mean,42
P40480,P53115,0,0.187144776696664,0,random,mlp,esm2_mean,42
P40422,P53243,1,0.436581771599042,0,random,mlp,esm2_mean,42
P19454,Q08119,1,0.07526752476752059,0,random,mlp,esm2_mean,42
P46672,Q06673,1,0.5511562940886024,1,random,mlp,esm2_mean,42
P38863,P54791,0,0.22254491349346725,0,random,mlp,esm2_mean,42
P54862,Q06630,0,0.000515055244396225,0,random,mlp,esm2_mean,42
O13565,P16370,0,0.45907332577626225,0,random,mlp,esm2_mean,42
P10566,P28239,1,0.00011556075359598155,0,random,mlp,esm2_mean,42
P38636,Q12024,1,0.9807849255912714,1,random,mlp,esm2_mean,42
P32349,Q04149,1,0.9588443373733083,1,random,mlp,esm2_mean,42
O13530,P17891,0,0.009728580218979105,0,random,mlp,esm2_mean,42
P38328,P53949,1,0.9195305848771473,1,random,mlp,esm2_mean,42
P38276,Q01590,1,0.9980567806272588,1,random,mlp,esm2_mean,42
P41817,Q03735,0,0.09606993951292211,0,random,mlp,esm2_mean,42
P25045,P43132,0,0.35619439655127616,0,random,mlp,esm2_mean,42
P20676,P52488,1,0.044324755717550554,0,random,mlp,esm2_mean,42
P10081,P29366,1,0.9962672610364771,1,random,mlp,esm2_mean,42
P27796,Q12527,1,0.9993393588512361,1,random,mlp,esm2_mean,42
P25341,P38785,1,0.9819846009823563,1,random,mlp,esm2_mean,42
P31382,P43638,1,0.09623482130377595,0,random,mlp,esm2_mean,42
P25646,P47074,0,0.9507875696171865,1,random,mlp,esm2_mean,42
P39717,P54786,1,0.4829694131547165,0,random,mlp,esm2_mean,42
P38696,Q12396,0,0.5468744120540325,1,random,mlp,esm2_mean,42
P11745,P18888,1,0.3510514995277565,0,random,mlp,esm2_mean,42
P15436,P32499,0,0.006427416945076202,0,random,mlp,esm2_mean,42
P39101,P41814,0,0.5417431784038051,1,random,mlp,esm2_mean,42
P39112,Q05933,0,0.2832226084329952,0,random,mlp,esm2_mean,42
P10863,P53313,0,0.002034318166597393,0,random,mlp,esm2_mean,42
P36520,P40518,0,0.024575712413081263,0,random,mlp,esm2_mean,42
Q02554,Q07657,1,0.16234999184100815,0,random,mlp,esm2_mean,42
P16474,P50111,0,0.21333670587613168,0,random,mlp,esm2_mean,42
O13553,P32793,1,0.05074477398996337,0,random,mlp,esm2_mean,42
P53100,Q05027,0,0.08431175257551404,0,random,mlp,esm2_mean,42
P33418,Q12102,0,0.664974431397001,1,random,mlp,esm2_mean,42
P47012,Q12152,1,0.9554601636278235,1,random,mlp,esm2_mean,42
P35182,P40988,1,0.8106430751115087,1,random,mlp,esm2_mean,42
P32639,P53124,1,0.054400985167869856,0,random,mlp,esm2_mean,42
P11978,P33332,0,0.6594252935482099,1,random,mlp,esm2_mean,42
P21957,P32504,0,0.2910145689363561,0,random,mlp,esm2_mean,42
P35734,Q02208,0,0.10561441784834028,0,random,mlp,esm2_mean,42
P06103,P43583,1,0.9917752416781871,1,random,mlp,esm2_mean,42
P33313,P53096,0,0.1451372365790092,0,random,mlp,esm2_mean,42
P28707,P39715,1,0.9908923985364324,1,random,mlp,esm2_mean,42
P39904,P47027,0,0.03350130699791127,0,random,mlp,esm2_mean,42
P53039,Q06644,1,0.13162099990169418,0,random,mlp,esm2_mean,42
P28817,P38146,1,0.8055667393233041,1,random,mlp,esm2_mean,42
P05986,Q06177,1,0.9695813215714361,1,random,mlp,esm2_mean,42
P20448,Q07623,0,0.6945260079719429,1,random,mlp,esm2_mean,42
P02400,P38837,1,0.11850896361363063,0,random,mlp,esm2_mean,42
O13297,P00924,0,0.08388259793180569,0,random,mlp,esm2_mean,42
Q12055,Q12161,0,0.18300235004536,0,random,mlp,esm2_mean,42
Q02256,Q99385,1,0.3869486308146805,0,random,mlp,esm2_mean,42
P00729,P40507,1,0.09284091856346756,0,random,mlp,esm2_mean,42
P15424,P19880,0,0.09732539642018001,0,random,mlp,esm2_mean,42
P35197,P38862,1,0.9934924539748686,1,random,mlp,esm2_mean,42
P28239,P40167,0,0.14145669531990188,0,random,mlp,esm2_mean,42
P14741,Q03532,1,0.42004564584756743,0,random,mlp,esm2_mean,42
P27614,P39077,1,0.9995499477151079,1,random,mlp,esm2_mean,42
Q03940,Q12050,1,0.0015518653269181659,0,random,mlp,esm2_mean,42
Q08162,Q08387,0,0.16663374638282177,0,random,mlp,esm2_mean,42
P04456,Q12265,1,0.994984850171773,1,random,mlp,esm2_mean,42
P09440,P38883,1,0.505240600709068,1,random,mlp,esm2_mean,42
P17536,P27351,1,0.98548058399149,1,random,mlp,esm2_mean,42
P12904,P25441,0,0.00551063164498083,0,random,mlp,esm2_mean,42
P39966,Q02775,0,0.17629711528917585,0,random,mlp,esm2_mean,42
P23776,Q12100,0,0.7333589610217778,1,random,mlp,esm2_mean,42
P10592,P19358,0,0.23702633895514968,0,random,mlp,esm2_mean,42
P32945,P47064,1,0.9725097864037102,1,random,mlp,esm2_mean,42
P32917,Q01684,0,0.926771213020851,1,random,mlp,esm2_mean,42
P16370,P38692,0,0.750696554547599,1,random,mlp,esm2_mean,42
P00830,P29366,1,0.8240221066125827,1,random,mlp,esm2_mean,42
P06100,P40151,0,0.12577691037548844,0,random,mlp,esm2_mean,42
P36124,Q04217,1,0.2358800403897929,0,random,mlp,esm2_mean,42
P20795,Q03691,0,0.08299331931710206,0,random,mlp,esm2_mean,42
P24870,Q12517,1,0.9003692429860405,1,random,mlp,esm2_mean,42
P29295,P50106,0,0.001456899848906757,0,random,mlp,esm2_mean,42
P13902,P39727,0,0.00017305469912019683,0,random,mlp,esm2_mean,42
P10863,P31688,0,0.0015402919873058853,0,random,mlp,esm2_mean,42
P30902,P40574,1,0.9123612668708623,1,random,mlp,esm2_mean,42
P36053,Q12059,0,0.03656764266030378,0,random,mlp,esm2_mean,42
P53248,Q08723,1,0.6602519337243763,1,random,mlp,esm2_mean,42
P35210,Q06178,0,0.4006900466462576,0,random,mlp,esm2_mean,42
P20435,Q04978,1,0.027842829417119193,0,random,mlp,esm2_mean,42
P32634,Q02206,0,0.9724939921939687,1,random,mlp,esm2_mean,42
P38627,P38907,0,0.004683913979469361,0,random,mlp,esm2_mean,42
P38428,P47025,0,0.14082592679955122,0,random,mlp,esm2_mean,42
P53152,P53622,1,0.8834771588178812,1,random,mlp,esm2_mean,42
P32458,P39703,1,0.9997958200664745,1,random,mlp,esm2_mean,42
P00044,P33333,1,0.8387118348079271,1,random,mlp,esm2_mean,42
P05375,P32589,0,0.02617273745388843,0,random,mlp,esm2_mean,42
P27514,Q08562,0,0.39967148736089103,0,random,mlp,esm2_mean,42
P18239,P32838,0,0.0004164815010212868,0,random,mlp,esm2_mean,42
P32802,P47113,1,0.002509188054094565,0,random,mlp,esm2_mean,42
P14680,P43622,0,8.227639542472596e-05,0,random,mlp,esm2_mean,42
P33335,P41813,0,0.01847300425240213,0,random,mlp,esm2_mean,42
P46964,Q04307,0,3.999981874409258e-05,0,random,mlp,esm2_mean,42
P46680,Q08214,0,0.6671121156785133,1,random,mlp,esm2_mean,42
P13393,P35206,0,0.0001658909660503325,0,random,mlp,esm2_mean,42
P29311,P38352,0,0.5755008198165174,1,random,mlp,esm2_mean,42
P53011,Q03792,1,0.2746019861394304,0,random,mlp,esm2_mean,42
P53930,Q07508,1,0.8031631826207146,1,random,mlp,esm2_mean,42
P13902,P25657,0,0.6970490838812285,1,random,mlp,esm2_mean,42
P36165,Q12176,1,0.8937691317667182,1,random,mlp,esm2_mean,42
P13712,Q03322,1,0.9920209265090305,1,random,mlp,esm2_mean,42
P28708,Q06479,1,0.9200719945123224,1,random,mlp,esm2_mean,42
Q02196,Q05930,1,0.9896036332065199,1,random,mlp,esm2_mean,42
O74700,P48568,1,1.7893553806044924e-05,0,random,mlp,esm2_mean,42
P08458,P25657,1,0.9800422953348159,1,random,mlp,esm2_mean,42
P15938,P32803,0,1.443287377839689e-06,0,random,mlp,esm2_mean,42
P40856,P49956,0,0.05647737981271343,0,random,mlp,esm2_mean,42
P00044,Q04359,1,0.9831984544773906,1,random,mlp,esm2_mean,42
P30656,P32319,0,0.4805867120563934,0,random,mlp,esm2_mean,42
P39515,Q04217,0,0.022900339246056743,0,random,mlp,esm2_mean,42
P32939,P47176,1,0.9977399389861076,1,random,mlp,esm2_mean,42
P40563,P41800,1,0.9291671406899872,1,random,mlp,esm2_mean,42
P00330,P06843,1,0.9840279185525574,1,random,mlp,esm2_mean,42
P06738,P40343,0,0.1130891909895401,0,random,mlp,esm2_mean,42
P33298,P51996,1,0.9905438786695515,1,random,mlp,esm2_mean,42
P53258,Q12154,1,0.9995180673328078,1,random,mlp,esm2_mean,42
P53901,Q04003,0,0.35749868651886635,0,random,mlp,esm2_mean,42
P41318,Q06177,1,0.9980497958925807,1,random,mlp,esm2_mean,42
P32578,P32597,0,0.980648312980721,1,random,mlp,esm2_mean,42
P33203,P46970,1,0.9702180782483563,1,random,mlp,esm2_mean,42
P33306,P53344,0,0.30499438302741255,0,random,mlp,esm2_mean,42
P32582,P49334,0,0.1262525002039461,0,random,mlp,esm2_mean,42
P47117,Q05947,1,0.3950259074142822,0,random,mlp,esm2_mean,42
P04050,P40357,0,0.6195395262821766,1,random,mlp,esm2_mean,42
P33339,P48813,0,0.010001820078950499,0,random,mlp,esm2_mean,42
P47035,Q07376,0,0.021936271927516706,0,random,mlp,esm2_mean,42
P11746,P38992,0,0.10505920772630101,0,random,mlp,esm2_mean,42
P14359,P53731,1,0.04129309899348933,0,random,mlp,esm2_mean,42
P36094,P38072,0,0.03146121957337006,0,random,mlp,esm2_mean,42
P38742,Q03018,1,0.8845802015082651,1,random,mlp,esm2_mean,42
P06844,P40090,0,0.7635173934955182,1,random,mlp,esm2_mean,42
P40350,Q12118,1,0.8441075906062926,1,random,mlp,esm2_mean,42
P33891,P53599,1,0.8047699697907117,1,random,mlp,esm2_mean,42
P33201,P47027,0,0.9453926119097662,1,random,mlp,esm2_mean,42
P40352,Q06648,0,0.9443886503132284,1,random,mlp,esm2_mean,42
P38744,Q12082,1,6.157398442101338e-05,0,random,mlp,esm2_mean,42
P35187,Q12149,1,0.3442370966076645,0,random,mlp,esm2_mean,42
P00445,P47134,1,0.0012045559229731796,0,random,mlp,esm2_mean,42
P46970,P47122,1,0.9998251421541845,1,random,mlp,esm2_mean,42
P46671,Q05900,0,0.4733055157789025,0,random,mlp,esm2_mean,42
P25648,P52491,1,0.7305039803350383,1,random,mlp,esm2_mean,42
P47822,P53974,0,0.16115054970298304,0,random,mlp,esm2_mean,42
P32588,P53169,1,0.8602607731563389,1,random,mlp,esm2_mean,42
Q08096,Q12236,0,0.03056081655752642,0,random,mlp,esm2_mean,42
P38315,P50104,0,0.4695046452149156,0,random,mlp,esm2_mean,42
Q07732,Q12050,0,0.04388661254743816,0,random,mlp,esm2_mean,42
P10355,P53865,0,0.18639389968086306,0,random,mlp,esm2_mean,42
P29055,P43583,0,0.5207015473603201,1,random,mlp,esm2_mean,42
P40016,Q12264,1,0.051690486826495206,0,random,mlp,esm2_mean,42
P39704,P87108,0,3.5121110223350517e-06,0,random,mlp,esm2_mean,42
P13434,P36118,0,0.28343169433432414,0,random,mlp,esm2_mean,42
P25367,P46995,1,0.026860708200888893,0,random,mlp,esm2_mean,42
P38779,Q06405,0,0.05238490347473181,0,random,mlp,esm2_mean,42
Q03862,Q06568,1,0.2691864422527229,0,random,mlp,esm2_mean,42
P36018,Q04493,1,0.996436508923244,1,random,mlp,esm2_mean,42
P25648,Q06001,0,0.27269716071924677,0,random,mlp,esm2_mean,42
P38789,P53298,1,0.6698796080191822,1,random,mlp,esm2_mean,42
P31374,Q00539,1,0.38977764833711936,0,random,mlp,esm2_mean,42
P38850,P39563,1,0.9110180602224691,1,random,mlp,esm2_mean,42
P48240,Q03656,1,0.27036293773593195,0,random,mlp,esm2_mean,42
P38112,P53081,0,0.2794857705528014,0,random,mlp,esm2_mean,42
P32796,P38872,1,0.23150733485505393,0,random,mlp,esm2_mean,42
P40455,Q06525,1,0.002210039251077628,0,random,mlp,esm2_mean,42
P38861,Q07844,1,0.6659254418249985,1,random,mlp,esm2_mean,42
O13530,Q03860,1,2.189496430051757e-06,0,random,mlp,esm2_mean,42
P32915,P33411,0,0.00740383380849316,0,random,mlp,esm2_mean,42
P25296,Q12154,1,0.9999193411551689,1,random,mlp,esm2_mean,42
P33329,P33335,0,0.02089676503664871,0,random,mlp,esm2_mean,42
P38716,P39998,1,0.9641064541721576,1,random,mlp,esm2_mean,42
P06838,P32910,0,0.018249692838035455,0,random,mlp,esm2_mean,42
P23642,Q08986,0,0.18469098453440638,0,random,mlp,esm2_mean,42
P53600,Q05024,1,0.9027180029222474,1,random,mlp,esm2_mean,42
P53215,Q07381,0,0.11466428845073764,0,random,mlp,esm2_mean,42
P38860,P47129,0,0.7642376188394894,1,random,mlp,esm2_mean,42
P11075,P35842,0,0.002615410690415479,0,random,mlp,esm2_mean,42
Q03125,Q12142,0,0.26039914686237275,0,random,mlp,esm2_mean,42
P46947,Q04412,1,0.11053158493832294,0,random,mlp,esm2_mean,42
P40956,P40970,0,0.19671910318213354,0,random,mlp,esm2_mean,42
O13297,P33298,0,0.07896260216801065,0,random,mlp,esm2_mean,42
P38337,P38992,0,0.008125580564115527,0,random,mlp,esm2_mean,42
P10363,Q02199,1,0.1723957077990265,0,random,mlp,esm2_mean,42
P03965,P50091,1,0.6099660614867918,1,random,mlp,esm2_mean,42
P06701,P38203,0,0.8844177174776221,1,random,mlp,esm2_mean,42
P06169,Q12250,1,0.9468438345190496,1,random,mlp,esm2_mean,42
P32319,Q99314,0,0.027104023998033307,0,random,mlp,esm2_mean,42
P52919,P53096,0,0.8213298967474918,1,random,mlp,esm2_mean,42
P53840,Q03690,1,0.9472156853967332,1,random,mlp,esm2_mean,42
P22214,P38144,0,0.024313248472691562,0,random,mlp,esm2_mean,42
P23291,Q12241,0,0.35774270818420895,0,random,mlp,esm2_mean,42
P47113,Q03435,0,0.0018758097362493746,0,random,mlp,esm2_mean,42
P53238,Q05359,0,0.00011886296251465865,0,random,mlp,esm2_mean,42
P26798,Q06102,0,0.0060035417411062105,0,random,mlp,esm2_mean,42
P16467,P34160,1,0.991026279387657,1,random,mlp,esm2_mean,42
Q06108,Q99190,0,0.2742145471357626,0,random,mlp,esm2_mean,42
P46954,Q03899,0,0.2858517107143657,0,random,mlp,esm2_mean,42
P01119,P52490,0,0.990309909653086,1,random,mlp,esm2_mean,42
P06169,P39112,0,0.7170738086569843,1,random,mlp,esm2_mean,42
P22007,P32504,1,0.6465963967281038,1,random,mlp,esm2_mean,42
P32381,Q08465,0,0.02592733460950974,0,random,mlp,esm2_mean,42
P37302,P53824,0,0.03256336044875534,0,random,mlp,esm2_mean,42
P25336,P39969,1,0.8452238425051747,1,random,mlp,esm2_mean,42
P06244,P48415,1,0.7095581904653676,1,random,mlp,esm2_mean,42
P39706,Q08965,0,0.951140927720001,1,random,mlp,esm2_mean,42
P25591,Q99186,1,0.8558192335156124,1,random,mlp,esm2_mean,42
P38744,P40455,0,0.8196404077405484,1,random,mlp,esm2_mean,42
P04050,Q05946,0,0.30187088349305535,0,random,mlp,esm2_mean,42
P11709,P53159,1,0.013623121957774709,0,random,mlp,esm2_mean,42
Q05471,Q12315,1,0.08543121178274221,0,random,mlp,esm2_mean,42
P06773,P41813,1,0.6090997401957636,1,random,mlp,esm2_mean,42
P41277,Q06324,1,0.9885979004172003,1,random,mlp,esm2_mean,42
P53272,Q12124,0,0.3921355637578738,0,random,mlp,esm2_mean,42
P19454,P32494,0,0.001807723216950536,0,random,mlp,esm2_mean,42
P33418,P38276,1,0.9999792440308486,1,random,mlp,esm2_mean,42
P04046,Q08902,0,0.6395995167673001,1,random,mlp,esm2_mean,42
P40422,P54790,1,0.9537268830720246,1,random,mlp,esm2_mean,42
P38283,P89102,1,0.8681661804006745,1,random,mlp,esm2_mean,42
P24870,P32905,1,0.9150773835898771,1,random,mlp,esm2_mean,42
P11938,P53115,0,0.22740739562955145,0,random,mlp,esm2_mean,42
P32525,Q03096,1,0.4523763147125316,0,random,mlp,esm2_mean,42
P23285,P49435,0,0.007678399113363271,0,random,mlp,esm2_mean,42
Q04675,Q06568,1,0.9209658704912397,1,random,mlp,esm2_mean,42
P53691,P89886,1,0.9769830146205458,1,random,mlp,esm2_mean,42
P30657,P38811,0,0.7989771251199739,1,random,mlp,esm2_mean,42
P22543,P29461,1,0.39865312554244403,0,random,mlp,esm2_mean,42
P08539,P43603,0,0.0030370163658752043,0,random,mlp,esm2_mean,42
Q06137,Q12163,1,0.38136848805141177,0,random,mlp,esm2_mean,42
Q04373,Q12034,1,0.688944400379562,1,random,mlp,esm2_mean,42
P53176,Q12363,0,0.0001210428650603985,0,random,mlp,esm2_mean,42
P31382,Q12233,0,0.0047108192596958575,0,random,mlp,esm2_mean,42
P33299,P43596,0,0.006089000892301364,0,random,mlp,esm2_mean,42
P38629,P40032,0,0.005805161490520715,0,random,mlp,esm2_mean,42
P38427,Q03735,1,0.9930533015260378,1,random,mlp,esm2_mean,42
Q02159,Q03012,0,0.11615331078965967,0,random,mlp,esm2_mean,42
P00331,Q12415,0,0.6011460968186546,1,random,mlp,esm2_mean,42
P14747,P28241,0,0.3894825449349412,0,random,mlp,esm2_mean,42
P23595,P53191,0,0.9956138071792954,1,random,mlp,esm2_mean,42
P21651,Q04004,0,0.14442843395105842,0,random,mlp,esm2_mean,42
P32578,P53633,0,0.012951534304475267,0,random,mlp,esm2_mean,42
P07261,P50104,1,0.37831216780481003,0,random,mlp,esm2_mean,42
P50874,Q12522,0,0.8450476827181107,1,random,mlp,esm2_mean,42
P25045,P38068,1,0.000676067393697859,0,random,mlp,esm2_mean,42
P27895,P53978,1,0.8549083416678326,1,random,mlp,esm2_mean,42
P32341,P38855,0,0.0071585634097295755,0,random,mlp,esm2_mean,42
P15873,Q12020,1,0.6456547074993181,1,random,mlp,esm2_mean,42
P28743,P40352,0,0.12102617969922129,0,random,mlp,esm2_mean,42
P27637,P40554,1,0.8085817729103708,1,random,mlp,esm2_mean,42
P40325,Q07509,0,0.008310567251335443,0,random,mlp,esm2_mean,42
P23724,P38871,1,0.8466074623725054,1,random,mlp,esm2_mean,42
P17695,P39702,0,0.060686840583628214,0,random,mlp,esm2_mean,42
P47037,Q12154,0,0.006323086122880774,0,random,mlp,esm2_mean,42
P11978,P40555,0,0.6547159333768449,1,random,mlp,esm2_mean,42
P32605,P32895,1,0.9352066557616711,1,random,mlp,esm2_mean,42
P28708,P43581,0,0.4646403949754605,0,random,mlp,esm2_mean,42
P36019,P53930,1,0.5465977547324988,1,random,mlp,esm2_mean,42
P53070,Q04964,0,0.9028246776166349,1,random,mlp,esm2_mean,42
P41810,P46961,0,0.004893468929193324,0,random,mlp,esm2_mean,42
P17123,P25635,1,0.9311182919610675,1,random,mlp,esm2_mean,42
P25644,P80428,0,0.17270719430475878,0,random,mlp,esm2_mean,42
P47005,Q02794,0,0.4688689552220545,0,random,mlp,esm2_mean,42
P47117,Q12513,1,0.00424308537902848,0,random,mlp,esm2_mean,42
P38995,P53971,0,0.004653828193977629,0,random,mlp,esm2_mean,42
P32830,Q08032,0,0.0016229681155505863,0,random,mlp,esm2_mean,42
P28795,P53290,1,0.795112279659582,1,random,mlp,esm2_mean,42
Q05958,Q08911,1,0.07320863643704333,0,random,mlp,esm2_mean,42
P32842,P41813,1,0.08112500223163922,0,random,mlp,esm2_mean,42
P25582,P42951,1,0.1393660961605988,0,random,mlp,esm2_mean,42
P16664,P39081,1,0.8140784091758042,1,random,mlp,esm2_mean,42
P10363,P23287,1,0.5129941215381546,1,random,mlp,esm2_mean,42
P19736,P33332,0,0.06682770966148908,0,random,mlp,esm2_mean,42
P08539,P40087,0,0.6232952562951157,1,random,mlp,esm2_mean,42
P04076,P38288,0,0.01865157871208754,0,random,mlp,esm2_mean,42
P39107,Q02804,1,0.8505169018457089,1,random,mlp,esm2_mean,42
P23594,P81449,0,0.07436415038348453,0,random,mlp,esm2_mean,42
P41813,P50094,1,0.7616837845285709,1,random,mlp,esm2_mean,42
P32610,P38193,1,0.231474023410971,0,random,mlp,esm2_mean,42
P16892,P40090,0,0.9895145718056332,1,random,mlp,esm2_mean,42
P27705,P40092,1,0.05990126713702298,0,random,mlp,esm2_mean,42
P39682,P53130,1,0.08206542590712924,0,random,mlp,esm2_mean,42
P09959,P51996,1,0.9821389785493252,1,random,mlp,esm2_mean,42
P38042,Q12199,1,0.7323755510841675,1,random,mlp,esm2_mean,42
P38247,P53043,1,0.5285024536719773,1,random,mlp,esm2_mean,42
Q06344,Q08550,0,0.00550127356494003,0,random,mlp,esm2_mean,42
P38959,Q05947,1,0.5844949078183653,1,random,mlp,esm2_mean,42
P05318,P43616,1,0.995087749985385,1,random,mlp,esm2_mean,42
P39727,P53094,1,0.16279703335624057,0,random,mlp,esm2_mean,42
P35206,P50874,0,0.0013202021782443446,0,random,mlp,esm2_mean,42
P34238,P38634,0,8.453204131455537e-05,0,random,mlp,esm2_mean,42
P18238,Q12380,0,3.747116820025435e-05,0,random,mlp,esm2_mean,42
P21576,P53203,1,0.059622675233388746,0,random,mlp,esm2_mean,42
P39073,P40096,1,0.6212944024871763,1,random,mlp,esm2_mean,42
P43583,Q12033,1,0.9953949508903658,1,random,mlp,esm2_mean,42
P29703,Q08972,1,0.922694905956744,1,random,mlp,esm2_mean,42
Q03656,Q03750,0,0.31325717087429483,0,random,mlp,esm2_mean,42
P23287,P45818,0,0.7871837258931909,1,random,mlp,esm2_mean,42
P38903,P46964,0,0.0014287810201070571,0,random,mlp,esm2_mean,42
P32610,Q12276,1,0.6306577506816012,1,random,mlp,esm2_mean,42
P15891,P39998,1,0.4629927787600693,0,random,mlp,esm2_mean,42
P14291,P38727,0,0.07540335502934915,0,random,mlp,esm2_mean,42
P13365,P33339,0,0.23114490838854768,0,random,mlp,esm2_mean,42
P38873,P39517,1,0.8879680128563721,1,random,mlp,esm2_mean,42
P38735,Q12199,1,0.049322553754645726,0,random,mlp,esm2_mean,42
P25333,Q12347,1,0.8200170201286637,1,random,mlp,esm2_mean,42
P32432,Q03373,0,0.004413395498843418,0,random,mlp,esm2_mean,42
P40968,Q03162,0,0.28773181834447686,0,random,mlp,esm2_mean,42
P16451,P32864,0,0.04441080915524048,0,random,mlp,esm2_mean,42
Q02256,Q12250,1,0.9258956953798112,1,random,mlp,esm2_mean,42
P19097,Q99278,0,0.6864756081860887,1,random,mlp,esm2_mean,42
Q00246,Q04217,1,0.09526987487147687,0,random,mlp,esm2_mean,42
Q12063,Q99260,1,0.16774652433230064,0,random,mlp,esm2_mean,42
P28791,P43587,1,0.4738802504436243,0,random,mlp,esm2_mean,42
P07261,P12383,0,0.08805954218790564,0,random,mlp,esm2_mean,42
P36018,Q07657,1,0.8818009489247379,1,random,mlp,esm2_mean,42
P38719,P43594,0,0.504725852506509,1,random,mlp,esm2_mean,42
P00546,P38077,1,0.07504691650778927,0,random,mlp,esm2_mean,42
P40475,P46954,0,0.00014005832984978784,0,random,mlp,esm2_mean,42
P00549,P53181,0,0.2220034652707931,0,random,mlp,esm2_mean,42
P40960,Q12427,1,0.8433001406043737,1,random,mlp,esm2_mean,42
Q01722,Q12734,0,0.4499977789240315,0,random,mlp,esm2_mean,42
P22543,Q08965,1,0.9685844762487453,1,random,mlp,esm2_mean,42
P38337,P38904,0,0.1553845715801441,0,random,mlp,esm2_mean,42
P38200,P49955,1,0.9995105809194581,1,random,mlp,esm2_mean,42
P11914,Q07904,0,5.94755960406766e-05,0,random,mlp,esm2_mean,42
P09624,P50623,0,0.31977465236490926,0,random,mlp,esm2_mean,42
Q05031,Q08204,0,0.006466116985112709,0,random,mlp,esm2_mean,42
P32481,P53174,0,0.07083950366810882,0,random,mlp,esm2_mean,42
P25046,Q04934,0,0.039478458199729984,0,random,mlp,esm2_mean,42
P00958,P50091,1,0.8168699269322259,1,random,mlp,esm2_mean,42
P26754,Q02260,0,0.8413525181964341,1,random,mlp,esm2_mean,42
P15303,P25644,1,0.9846984547953385,1,random,mlp,esm2_mean,42
P00330,P32830,0,0.7997093524915797,1,random,mlp,esm2_mean,42
P46677,P53233,0,0.004030354773257256,0,random,mlp,esm2_mean,42
P35169,P38291,1,0.9677114889324638,1,random,mlp,esm2_mean,42
P34244,Q04062,1,0.9798976962037368,1,random,mlp,esm2_mean,42
P38789,Q02336,0,0.10252749369486963,0,random,mlp,esm2_mean,42
P37012,Q12518,1,0.9998534065942355,1,random,mlp,esm2_mean,42
O74700,P40960,0,5.562917315222742e-06,0,random,mlp,esm2_mean,42
P00724,Q12276,1,0.9954481688437932,1,random,mlp,esm2_mean,42
P15424,P35189,0,0.20542923963392787,0,random,mlp,esm2_mean,42
Q12363,Q99314,0,0.39174856872616665,0,random,mlp,esm2_mean,42
P38842,Q02100,0,0.00021516306035970748,0,random,mlp,esm2_mean,42
P17536,P53048,1,0.010870813593005148,0,random,mlp,esm2_mean,42
Q03619,Q04978,1,0.7797437953231119,1,random,mlp,esm2_mean,42
P47160,Q04149,1,0.3664589794971597,0,random,mlp,esm2_mean,42
P32578,P40095,1,0.9537712546189275,1,random,mlp,esm2_mean,42
P00899,P16474,0,0.8865338189986666,1,random,mlp,esm2_mean,42
P53043,Q08285,1,0.8053253394840959,1,random,mlp,esm2_mean,42
P07257,Q03656,0,0.9247409388867683,1,random,mlp,esm2_mean,42
P12753,P20795,1,0.9934618141959369,1,random,mlp,esm2_mean,42
P18852,P40368,1,0.1855249169768108,0,random,mlp,esm2_mean,42
P23968,Q03761,0,0.545239365797782,1,random,mlp,esm2_mean,42
P10961,P38792,0,0.9488782017809249,1,random,mlp,esm2_mean,42
P50113,Q07786,1,0.9834678526564842,1,random,mlp,esm2_mean,42
P53061,Q07442,0,0.01625933317090145,0,random,mlp,esm2_mean,42
P33892,P53147,0,0.041773934255135176,0,random,mlp,esm2_mean,42
P20434,P40103,0,0.01840478954660651,0,random,mlp,esm2_mean,42
P07273,P32478,0,0.043248868395827166,0,random,mlp,esm2_mean,42
P32944,P40020,1,0.9066419937721837,1,random,mlp,esm2_mean,42
P19880,Q04053,1,0.07242132020160828,0,random,mlp,esm2_mean,42
P38930,P41832,1,0.27419833119399795,0,random,mlp,esm2_mean,42
P35729,P39013,1,0.9283401981882317,1,random,mlp,esm2_mean,42
P21304,P48566,0,0.9396177150558425,1,random,mlp,esm2_mean,42
P40066,P40496,0,0.406030882355399,0,random,mlp,esm2_mean,42
P12904,P19414,1,0.9917599283632064,1,random,mlp,esm2_mean,42
P32561,Q12349,0,7.39321765219211e-05,0,random,mlp,esm2_mean,42
P25376,Q03308,0,0.45224557939332966,0,random,mlp,esm2_mean,42
P14126,Q06406,1,0.2483630556118411,0,random,mlp,esm2_mean,42
P03965,Q12176,1,0.9164561607568635,1,random,mlp,esm2_mean,42
P08524,P49166,1,0.9999979438704167,1,random,mlp,esm2_mean,42
P32854,P43619,1,0.9999073516759363,1,random,mlp,esm2_mean,42
P47152,Q00772,0,0.015547612714172055,0,random,mlp,esm2_mean,42
P01149,P12887,1,0.8479167044205567,1,random,mlp,esm2_mean,42
P24482,Q06324,1,0.07018945997475325,0,random,mlp,esm2_mean,42
P39742,Q06102,1,0.8373464567744465,1,random,mlp,esm2_mean,42
P33203,P53552,1,0.5894527261657134,1,random,mlp,esm2_mean,42
P15367,P49687,0,0.0002859107879230629,0,random,mlp,esm2_mean,42
P41816,P46947,1,0.8124386833709707,1,random,mlp,esm2_mean,42
P38324,P49686,1,0.23232400712057003,0,random,mlp,esm2_mean,42
P26798,P53914,1,0.013741030241931934,0,random,mlp,esm2_mean,42
Q06616,Q08553,0,0.9558018515427467,1,random,mlp,esm2_mean,42
P22213,P47821,0,0.7337470042444564,1,random,mlp,esm2_mean,42
P41901,Q12248,1,0.9931015577470522,1,random,mlp,esm2_mean,42
P39531,Q06251,1,0.12785536442672016,0,random,mlp,esm2_mean,42
P13186,P32494,0,0.00983374986350753,0,random,mlp,esm2_mean,42
P32602,Q06598,0,0.20167708803387777,0,random,mlp,esm2_mean,42
P40151,Q04651,0,0.18179321480188773,0,random,mlp,esm2_mean,42
P38149,P38886,1,0.9979206367051545,1,random,mlp,esm2_mean,42
P18851,P40160,1,0.7662824504877243,1,random,mlp,esm2_mean,42
P06634,P43562,0,0.004984641986132882,0,random,mlp,esm2_mean,42
P38193,P52919,1,0.15824737385858859,0,random,mlp,esm2_mean,42
P17505,Q08446,0,0.11186158304194341,0,random,mlp,esm2_mean,42
P14724,P32525,1,0.9328823349841968,1,random,mlp,esm2_mean,42
P02994,P33296,0,0.2559505104650373,0,random,mlp,esm2_mean,42
P39101,P46677,0,0.8198635361676482,1,random,mlp,esm2_mean,42
P25644,Q04964,1,0.041666413744701675,0,random,mlp,esm2_mean,42
P16861,Q06673,1,0.9707986128673697,1,random,mlp,esm2_mean,42
P16522,Q02794,0,0.41482317416100506,0,random,mlp,esm2_mean,42
Q02196,Q99207,1,0.9973179865369532,1,random,mlp,esm2_mean,42
P25357,Q06604,1,0.21319499943512238,0,random,mlp,esm2_mean,42
P14680,Q06216,1,0.7207997241146668,1,random,mlp,esm2_mean,42
P38990,P53280,1,0.023566405149895147,0,random,mlp,esm2_mean,42
P52488,Q02199,0,0.0929449202863403,0,random,mlp,esm2_mean,42
P32588,Q12233,0,0.00020811217966118305,0,random,mlp,esm2_mean,42
P38429,P40350,0,0.01986385826850785,0,random,mlp,esm2_mean,42
P07262,P38881,0,0.09835992338296269,0,random,mlp,esm2_mean,42
P07703,P10834,0,0.5360223644362778,1,random,mlp,esm2_mean,42
Q04675,Q12024,1,0.011075214312337782,0,random,mlp,esm2_mean,42
P39935,Q12280,1,0.9984909037025316,1,random,mlp,esm2_mean,42
P06787,P52919,1,0.5268505765274057,1,random,mlp,esm2_mean,42
Q03860,Q06708,0,0.7900368275795178,1,random,mlp,esm2_mean,42
P33296,Q04004,0,0.5648871133507437,1,random,mlp,esm2_mean,42
P40350,P42884,1,0.14429281270658903,0,random,mlp,esm2_mean,42
P25382,P32911,0,0.9778991900593491,1,random,mlp,esm2_mean,42
P35201,P36161,0,0.1419764661047867,0,random,mlp,esm2_mean,42
P03965,Q12368,1,0.5293918637115677,1,random,mlp,esm2_mean,42
P22137,P43581,0,0.0012328204210311983,0,random,mlp,esm2_mean,42
P39734,P40450,1,0.6179061149417608,1,random,mlp,esm2_mean,42
P19454,P53540,1,0.809327182390201,1,random,mlp,esm2_mean,42
P53070,Q06102,0,0.7448482547324767,1,random,mlp,esm2_mean,42
P53941,P54862,0,0.0001859771411580832,0,random,mlp,esm2_mean,42
P19812,P36017,1,0.022944592138774072,0,random,mlp,esm2_mean,42
P46675,Q12432,0,0.13015332858804168,0,random,mlp,esm2_mean,42
P38700,Q12450,0,0.0004321580895231857,0,random,mlp,esm2_mean,42
P31377,P53244,0,0.4090947370611058,0,random,mlp,esm2_mean,42
P38265,P40202,0,0.8564263941692584,1,random,mlp,esm2_mean,42
P38132,Q08963,1,0.993856846577955,1,random,mlp,esm2_mean,42
P40434,Q01389,0,0.6996274973833835,1,random,mlp,esm2_mean,42
P37838,P89102,0,0.20402098236677502,0,random,mlp,esm2_mean,42
P38968,P53115,0,0.23782006596005817,0,random,mlp,esm2_mean,42
P07213,Q02196,0,0.9963379072423847,1,random,mlp,esm2_mean,42
P43321,Q12315,1,0.9994104049963268,1,random,mlp,esm2_mean,42
Q04847,Q12100,0,0.9845194451602692,1,random,mlp,esm2_mean,42
P38182,P40348,0,0.9990777715321529,1,random,mlp,esm2_mean,42
P24482,Q12151,1,0.25110957029127706,0,random,mlp,esm2_mean,42
P12754,Q12452,1,0.7024008861405371,1,random,mlp,esm2_mean,42
P38622,Q03735,1,0.25113346295945893,0,random,mlp,esm2_mean,42
P32774,P48525,1,0.24934900076015423,0,random,mlp,esm2_mean,42
P20459,P33892,1,0.9615699617807538,1,random,mlp,esm2_mean,42
P12383,P38692,1,0.6776115585967329,1,random,mlp,esm2_mean,42
P13434,P35169,0,0.9442930576543122,1,random,mlp,esm2_mean,42
P35189,P40327,0,0.14627320407762875,0,random,mlp,esm2_mean,42
P35182,P53851,0,0.008412597140608328,0,random,mlp,esm2_mean,42
P38823,Q12100,1,0.6178021137078579,1,random,mlp,esm2_mean,42
P38827,Q06819,0,0.39807305505995455,0,random,mlp,esm2_mean,42
P38989,P53952,0,0.27988024893110053,0,random,mlp,esm2_mean,42
P06777,Q12059,0,0.045413386778760535,0,random,mlp,esm2_mean,42
P29509,P43603,1,0.9640214706809475,1,random,mlp,esm2_mean,42
P07213,P13574,0,0.12551912292665943,0,random,mlp,esm2_mean,42
P26754,P43622,0,0.02917461136234933,0,random,mlp,esm2_mean,42
P33331,Q12329,1,0.44253803676232645,0,random,mlp,esm2_mean,42
P33304,P38240,1,0.00011777299936384122,0,random,mlp,esm2_mean,42
P13586,P43588,1,0.7906545101574853,1,random,mlp,esm2_mean,42
P27796,P51996,1,0.897916757270161,1,random,mlp,esm2_mean,42
P32805,Q04930,0,0.30880735861598646,0,random,mlp,esm2_mean,42
P53344,Q12691,0,0.00747779317872029,0,random,mlp,esm2_mean,42
Q02256,Q06091,0,0.8614706605586088,1,random,mlp,esm2_mean,42
P39523,Q06324,1,0.9593434539783052,1,random,mlp,esm2_mean,42
P04147,P06787,1,0.9999503418247727,1,random,mlp,esm2_mean,42
P12753,Q12330,1,0.9995909176476917,1,random,mlp,esm2_mean,42
Q08245,Q12082,0,0.9914435039693348,1,random,mlp,esm2_mean,42
P19735,P25635,1,0.9618480563776688,1,random,mlp,esm2_mean,42
P36015,P38970,1,0.9988599945530291,1,random,mlp,esm2_mean,42
P07256,P25358,0,6.859171410660599e-07,0,random,mlp,esm2_mean,42
P40529,Q05568,1,0.32023486880994806,0,random,mlp,esm2_mean,42
P34244,P38960,0,0.7459750209927837,1,random,mlp,esm2_mean,42
P32911,Q04149,1,0.9667312610804142,1,random,mlp,esm2_mean,42
P33299,P35210,0,0.686513404546228,1,random,mlp,esm2_mean,42
P25358,P25390,0,0.0013390783311275421,0,random,mlp,esm2_mean,42
P36068,P53096,0,0.7406328736079173,1,random,mlp,esm2_mean,42
P16151,P34238,0,6.821081966267376e-06,0,random,mlp,esm2_mean,42
O14455,P32634,1,0.8021135484276198,1,random,mlp,esm2_mean,42
P16474,P22579,0,0.14992089046222407,0,random,mlp,esm2_mean,42
P35203,P40350,1,0.5138302302349159,1,random,mlp,esm2_mean,42
Q03654,Q12004,0,0.03362322657190569,0,random,mlp,esm2_mean,42
P33334,Q12083,0,0.8417859078223252,1,random,mlp,esm2_mean,42
P20676,P41921,0,0.5389937013592906,1,random,mlp,esm2_mean,42
P40079,Q03897,1,0.7770661937147308,1,random,mlp,esm2_mean,42
P53145,Q04264,1,0.9768362878424218,1,random,mlp,esm2_mean,42
P39112,P47171,0,0.02862843708921871,0,random,mlp,esm2_mean,42
P46655,Q08963,1,0.999769782237313,1,random,mlp,esm2_mean,42
P32911,P32917,1,0.9918569348798395,1,random,mlp,esm2_mean,42
P37303,P42846,1,0.14708984477291992,0,random,mlp,esm2_mean,42
P54854,Q03148,0,0.16596801103648584,0,random,mlp,esm2_mean,42
P42944,Q12026,1,0.0857136445251157,0,random,mlp,esm2_mean,42
P30902,P39960,1,0.549273978357531,1,random,mlp,esm2_mean,42
Q06651,Q12347,1,0.6886396103176984,1,random,mlp,esm2_mean,42
P11710,P24719,0,0.4045225727943206,0,random,mlp,esm2_mean,42
P18961,P36012,1,0.8534225287890105,1,random,mlp,esm2_mean,42
P50095,P53893,1,0.2627323657333765,0,random,mlp,esm2_mean,42
P31412,Q12402,0,0.00548534838113471,0,random,mlp,esm2_mean,42
P25385,P25694,1,0.9006676319449783,1,random,mlp,esm2_mean,42
P07256,Q06091,0,1.242024136340074e-05,0,random,mlp,esm2_mean,42
P25346,P40327,0,0.1422815805143371,0,random,mlp,esm2_mean,42
P00359,Q12174,0,0.8944967727345177,1,random,mlp,esm2_mean,42
P32835,P38801,1,0.8956517190765921,1,random,mlp,esm2_mean,42
P13393,Q00246,0,0.9902907164223972,1,random,mlp,esm2_mean,42
P21306,P39552,0,0.007125418775729079,0,random,mlp,esm2_mean,42
P47074,Q07084,0,0.3604249759731333,0,random,mlp,esm2_mean,42
P38811,P43562,0,0.06401001987387883,0,random,mlp,esm2_mean,42
P23624,P53743,1,0.8517914267262205,1,random,mlp,esm2_mean,42
P33306,Q04439,1,0.9957149371689615,1,random,mlp,esm2_mean,42
P15807,Q99176,1,0.8937903708439209,1,random,mlp,esm2_mean,42
P54999,Q12347,1,0.9684968494209519,1,random,mlp,esm2_mean,42
