protein_a,protein_b,y_true,y_probability,y_pred,fold,representation,model,seed
P00560,P02293,1,0.6472119915485743,1,0,ctd,logistic_regression,42
P53043,P53199,1,0.7075035326714136,1,0,ctd,logistic_regression,42
P37370,P47093,1,0.3680880593381575,0,0,ctd,logistic_regression,42
P34730,P38922,1,0.7456027759198895,1,0,ctd,logistic_regression,42
P38080,P41697,1,0.5260458448921873,1,0,ctd,logistic_regression,42
P07274,P29461,1,0.5261735586274457,1,0,ctd,logistic_regression,42
P40988,Q12285,1,0.5610199862271292,1,0,ctd,logistic_regression,42
P25569,Q03919,1,0.1310417102980737,0,0,ctd,logistic_regression,42
P30902,P53145,1,0.7169423400260696,1,0,ctd,logistic_regression,42
P42944,Q12026,1,0.7235873609359043,1,0,ctd,logistic_regression,42
P42846,Q12017,1,0.4865370736810874,0,0,ctd,logistic_regression,42
P38810,P40016,1,0.5591260361879716,1,0,ctd,logistic_regression,42
P22204,P50086,1,0.7828254635864549,1,0,ctd,logistic_regression,42
P32605,P38798,1,0.5253576296575195,1,0,ctd,logistic_regression,42
P35182,Q03785,1,0.6080883462353783,1,0,ctd,logistic_regression,42
P39940,P40517,1,0.5862281698582076,1,0,ctd,logistic_regression,42
P26570,P53271,1,0.7914652407296292,1,0,ctd,logistic_regression,42
P21268,P25808,1,0.4933084472468194,0,0,ctd,logistic_regression,42
P25491,Q12186,1,0.7827237480348248,1,0,ctd,logistic_regression,42
P32590,P53124,1,0.7265799804544019,1,0,ctd,logistic_regression,42
P53104,Q05583,1,0.6019635872182619,1,0,ctd,logistic_regression,42
P38431,Q06216,1,0.7232313663888734,1,0,ctd,logistic_regression,42
P39718,Q07786,1,0.4879239070452008,0,0,ctd,logistic_regression,42
P25303,P53267,1,0.6672650787948914,1,0,ctd,logistic_regression,42
P22203,P53163,1,0.8345161511618524,1,0,ctd,logistic_regression,42
P25580,P38272,1,0.4106582720261354,0,0,ctd,logistic_regression,42
P38759,Q02100,1,0.6696377207369053,1,0,ctd,logistic_regression,42
P00549,Q05080,1,0.598578969496174,1,0,ctd,logistic_regression,42
P37838,Q12297,1,0.3671284993187168,0,0,ctd,logistic_regression,42
P28817,P38146,1,0.3356740735252756,0,0,ctd,logistic_regression,42
P11927,P38798,1,0.32498949936339927,0,0,ctd,logistic_regression,42
P53036,P53540,1,0.5095328039934698,1,0,ctd,logistic_regression,42
P38759,P39083,1,0.5886623532697125,1,0,ctd,logistic_regression,42
P00175,P32642,1,0.6144849256811462,1,0,ctd,logistic_regression,42
P32855,P47093,1,0.5277162555796637,1,0,ctd,logistic_regression,42
P12688,Q08162,1,0.686484868863571,1,0,ctd,logistic_regression,42
P38705,Q12118,1,0.3513633616449719,0,0,ctd,logistic_regression,42
Q05471,Q06436,1,0.5258074702263179,1,0,ctd,logistic_regression,42
P13711,Q12417,1,0.531788571758425,1,0,ctd,logistic_regression,42
P43593,P53628,1,0.5623131526136869,1,0,ctd,logistic_regression,42
P38871,Q02197,1,0.4947355109065255,0,0,ctd,logistic_regression,42
P53036,Q06673,1,0.6091704149137822,1,0,ctd,logistic_regression,42
P21306,Q00381,1,0.28819585144367216,0,0,ctd,logistic_regression,42
P12383,P38270,1,0.6508853186858599,1,0,ctd,logistic_regression,42
P15992,P43612,1,0.6728259026881694,1,0,ctd,logistic_regression,42
P07260,P38769,1,0.3884040470429441,0,0,ctd,logistic_regression,42
O13565,P07278,1,0.2426649694636586,0,0,ctd,logistic_regression,42
P10622,P24871,1,0.8549576854318048,1,0,ctd,logistic_regression,42
P24279,P32899,1,0.6678591136339018,1,0,ctd,logistic_regression,42
P40529,Q05568,1,0.30738323437249093,0,0,ctd,logistic_regression,42
P32628,P40480,1,0.6880699901820635,1,0,ctd,logistic_regression,42
P12688,P39563,1,0.45998249670136687,0,0,ctd,logistic_regression,42
P38806,Q04199,1,0.6072116007553129,1,0,ctd,logistic_regression,42
P37296,P38822,1,0.6652860089498629,1,0,ctd,logistic_regression,42
Q07930,Q08921,1,0.5106336452881225,1,0,ctd,logistic_regression,42
P30619,Q06604,1,0.5729151292471278,1,0,ctd,logistic_regression,42
Q04062,Q06704,1,0.5484214737546736,1,0,ctd,logistic_regression,42
P33331,Q12329,1,0.7095665829165302,1,0,ctd,logistic_regression,42
P11927,P38794,1,0.42283159053576647,0,0,ctd,logistic_regression,42
P11154,P23394,1,0.5618237886385944,1,0,ctd,logistic_regression,42
Q07468,Q12424,1,0.26659286661754333,0,0,ctd,logistic_regression,42
P38708,Q05958,1,0.5325234855674914,1,0,ctd,logistic_regression,42
P39729,Q05568,1,0.555196487115842,1,0,ctd,logistic_regression,42
P27614,P38041,1,0.7346999862171084,1,0,ctd,logistic_regression,42
P20052,P46995,1,0.4914407517468591,0,0,ctd,logistic_regression,42
P42884,P43568,1,0.43514685012529586,0,0,ctd,logistic_regression,42
P20133,P40186,1,0.8060324020266357,1,0,ctd,logistic_regression,42
P53094,Q05024,1,0.6040009218901452,1,0,ctd,logistic_regression,42
P25584,P32468,1,0.3881186816964916,0,0,ctd,logistic_regression,42
P06103,P38861,1,0.6338328192764952,1,0,ctd,logistic_regression,42
Q04493,Q05933,1,0.5903553141964417,1,0,ctd,logistic_regression,42
P36022,Q12365,1,0.43360488220553295,0,0,ctd,logistic_regression,42
P04456,Q12265,1,0.2223759710562073,0,0,ctd,logistic_regression,42
P32324,P37296,1,0.6235052237255204,1,0,ctd,logistic_regression,42
P22213,P23968,1,0.35251058558664544,0,0,ctd,logistic_regression,42
P12612,P53221,1,0.7939267698949662,1,0,ctd,logistic_regression,42
P24813,Q01389,1,0.6205688620590719,1,0,ctd,logistic_regression,42
P20486,P32898,1,0.7771980240847823,1,0,ctd,logistic_regression,42
P15436,P53104,1,0.5285954144538938,1,0,ctd,logistic_regression,42
P39008,P53267,1,0.6295239816083978,1,0,ctd,logistic_regression,42
P38699,Q12309,1,0.4228707995608291,0,0,ctd,logistic_regression,42
P34223,P36131,1,0.5251282905800371,1,0,ctd,logistic_regression,42
P38324,P49686,1,0.6379230181506119,1,0,ctd,logistic_regression,42
P38620,P53855,1,0.5831173945639365,1,0,ctd,logistic_regression,42
P15807,P25567,1,0.5035834739093386,1,0,ctd,logistic_regression,42
P38801,P53904,1,0.4475585579582963,0,0,ctd,logistic_regression,42
Q08726,Q99383,1,0.6269634796984211,1,0,ctd,logistic_regression,42
P23287,P38324,1,0.7342439792562803,1,0,ctd,logistic_regression,42
P00924,P22133,1,0.542057928520019,1,0,ctd,logistic_regression,42
P33891,Q07896,1,0.5088439740871552,1,0,ctd,logistic_regression,42
P32800,Q03619,1,0.19304836397760425,0,0,ctd,logistic_regression,42
P39703,Q12310,1,0.3042711669499281,0,0,ctd,logistic_regression,42
Q02890,Q06408,1,0.6191770040664191,1,0,ctd,logistic_regression,42
P32561,P38689,1,0.6787082394816021,1,0,ctd,logistic_regression,42
P21801,P36149,1,0.14697768333092703,0,0,ctd,logistic_regression,42
P08458,Q99207,1,0.3704835588354804,0,0,ctd,logistic_regression,42
P36224,Q06436,1,0.4236450890790049,0,0,ctd,logistic_regression,42
P23724,P53886,1,0.6042775896948435,1,0,ctd,logistic_regression,42
P47124,P53086,1,0.4111597506100969,0,0,ctd,logistic_regression,42
P32590,Q08285,1,0.5329712141899162,1,0,ctd,logistic_regression,42
P33332,P40395,1,0.5226978091143685,1,0,ctd,logistic_regression,42
P32794,P38333,1,0.38098620139058853,0,0,ctd,logistic_regression,42
P16664,P39937,1,0.6631375524853375,1,0,ctd,logistic_regression,42
P16658,Q00578,1,0.6678762415410359,1,0,ctd,logistic_regression,42
P38063,P53048,1,0.5211986508102132,1,0,ctd,logistic_regression,42
P37012,Q04233,1,0.6167244841069198,1,0,ctd,logistic_regression,42
P33420,Q08729,1,0.6638092268675202,1,0,ctd,logistic_regression,42
P33401,P38427,1,0.6245530853441515,1,0,ctd,logistic_regression,42
P38254,P53221,1,0.5819370913370464,1,0,ctd,logistic_regression,42
P38692,Q08873,1,0.4927257844291797,0,0,ctd,logistic_regression,42
Q02932,Q12417,1,0.690285188538224,1,0,ctd,logistic_regression,42
P53256,Q06108,1,0.7537280051734792,1,0,ctd,logistic_regression,42
P39962,P41814,1,0.6137726524512747,1,0,ctd,logistic_regression,42
P29509,Q04233,1,0.6041845359712681,1,0,ctd,logistic_regression,42
P53267,P53283,1,0.23755124222936655,0,0,ctd,logistic_regression,42
Q02890,Q12248,1,0.36887095934953407,0,0,ctd,logistic_regression,42
P17255,P31377,1,0.4004845381422844,0,0,ctd,logistic_regression,42
P29465,P38788,1,0.5421716092937487,1,0,ctd,logistic_regression,42
P38820,P38929,1,0.6379511595375505,1,0,ctd,logistic_regression,42
P32468,P39717,1,0.42132553451280863,0,0,ctd,logistic_regression,42
P40328,P47176,1,0.3987681882556972,0,0,ctd,logistic_regression,42
P33307,P38873,1,0.38889240114454976,0,0,ctd,logistic_regression,42
P53855,Q05949,1,0.6339072029682798,1,0,ctd,logistic_regression,42
P25558,P38287,1,0.21807211511691002,0,0,ctd,logistic_regression,42
P39984,P89102,1,0.7547966898938346,1,0,ctd,logistic_regression,42
P40492,P40565,1,0.5015496577514725,1,0,ctd,logistic_regression,42
Q03532,Q08649,1,0.4445589964740532,0,0,ctd,logistic_regression,42
P35197,P50945,1,0.7415755015707823,1,0,ctd,logistic_regression,42
P32478,P38788,1,0.31853730136004993,0,0,ctd,logistic_regression,42
P40492,P54199,1,0.7463893764349409,1,0,ctd,logistic_regression,42
P50277,Q12691,1,0.6485345198281968,1,0,ctd,logistic_regression,42
P24814,Q08966,1,0.7287811270650818,1,0,ctd,logistic_regression,42
P34241,Q08923,1,0.19004435567471856,0,0,ctd,logistic_regression,42
P28817,Q03776,1,0.3202942177226468,0,0,ctd,logistic_regression,42
P53323,Q06604,1,0.5387161948951723,1,0,ctd,logistic_regression,42
O13553,Q06624,1,0.478467690743922,0,0,ctd,logistic_regression,42
P40103,P53865,1,0.5863209875236892,1,0,ctd,logistic_regression,42
P36224,P53191,1,0.7989231773064349,1,0,ctd,logistic_regression,42
P38703,Q12402,1,0.12084342215526946,0,0,ctd,logistic_regression,42
P47120,Q03956,1,0.7670897079167532,1,0,ctd,logistic_regression,42
P33334,P43563,1,0.41514463102057114,0,0,ctd,logistic_regression,42
P32905,P33333,1,0.40959055024720287,0,0,ctd,logistic_regression,42
P33329,P40991,1,0.6148271362683586,1,0,ctd,logistic_regression,42
Q03862,Q06568,1,0.4082336335577632,0,0,ctd,logistic_regression,42
P24869,P53855,1,0.6581544845521461,1,0,ctd,logistic_regression,42
P25333,P40339,1,0.8022184383980286,1,0,ctd,logistic_regression,42
P36049,P53978,1,0.6188133581698336,1,0,ctd,logistic_regression,42
Q08562,Q08923,1,0.28238729305262794,0,0,ctd,logistic_regression,42
P07262,P39707,1,0.6782346563003899,1,0,ctd,logistic_regression,42
P06844,P40395,1,0.3922224019126123,0,0,ctd,logistic_regression,42
P00330,P53829,1,0.2585166551635031,0,0,ctd,logistic_regression,42
P34217,Q03532,1,0.7400861516389481,1,0,ctd,logistic_regression,42
P38903,Q01389,1,0.7183495347480681,1,0,ctd,logistic_regression,42
P28274,P38265,1,0.4365553235043363,0,0,ctd,logistic_regression,42
P20437,P35182,1,0.6767009473312326,1,0,ctd,logistic_regression,42
P53196,P53552,1,0.539523088182448,1,0,ctd,logistic_regression,42
P32327,Q04493,1,0.6238194187149166,1,0,ctd,logistic_regression,42
P21190,P38902,1,0.4373979608888369,0,0,ctd,logistic_regression,42
P36149,P39729,1,0.6224551505004817,1,0,ctd,logistic_regression,42
P06787,P19657,1,0.5677860291333496,1,0,ctd,logistic_regression,42
P17255,P36029,1,0.433287189047538,0,0,ctd,logistic_regression,42
P07278,Q06245,1,0.5490325235181199,1,0,ctd,logistic_regression,42
P31688,Q05933,1,0.4603494092926794,0,0,ctd,logistic_regression,42
P15705,Q04749,1,0.3571439576061595,0,0,ctd,logistic_regression,42
P35691,P40064,1,0.5086495325027738,1,0,ctd,logistic_regression,42
P35207,P38705,1,0.532323626808985,1,0,ctd,logistic_regression,42
P38203,Q03081,1,0.5971849380147396,1,0,ctd,logistic_regression,42
P13712,Q12168,1,0.41814597877468795,0,0,ctd,logistic_regression,42
P17121,P21801,1,0.46302990221847123,0,0,ctd,logistic_regression,42
P14747,P32505,1,0.6164963169918114,1,0,ctd,logistic_regression,42
P38063,P53250,1,0.5444811929544843,1,0,ctd,logistic_regression,42
P33329,P36124,1,0.5808972246197016,1,0,ctd,logistic_regression,42
P38200,P49955,1,0.6999284593672248,1,0,ctd,logistic_regression,42
P19658,P52919,1,0.47808383633570284,0,0,ctd,logistic_regression,42
P53965,Q05778,1,0.7169809508939142,1,0,ctd,logistic_regression,42
P53280,Q12734,1,0.5118536912217195,1,0,ctd,logistic_regression,42
P36421,P41816,1,0.6134904378809946,1,0,ctd,logistic_regression,42
P43601,Q12186,1,0.41725529581944076,0,0,ctd,logistic_regression,42
P25357,P41940,1,0.5405482380121642,1,0,ctd,logistic_regression,42
P00331,P38344,1,0.6319553517369186,1,0,ctd,logistic_regression,42
P09435,P35497,1,0.42897946900250544,0,0,ctd,logistic_regression,42
P32578,P40095,1,0.5663229885012757,1,0,ctd,logistic_regression,42
P32502,Q04233,1,0.5296480624577056,1,0,ctd,logistic_regression,42
P51534,Q02205,1,0.601558505504199,1,0,ctd,logistic_regression,42
P40455,P53243,1,0.22932335369898188,0,0,ctd,logistic_regression,42
O13553,P36008,1,0.36607252497985976,0,0,ctd,logistic_regression,42
P06773,P12962,1,0.6794687675840516,1,0,ctd,logistic_regression,42
P25294,P53082,1,0.6295413535786148,1,0,ctd,logistic_regression,42
P08679,P40303,1,0.5005898340346644,1,0,ctd,logistic_regression,42
P40529,Q03096,1,0.7853260850527628,1,0,ctd,logistic_regression,42
P33322,Q06551,1,0.279357671274646,0,0,ctd,logistic_regression,42
P46948,Q12390,1,0.518151750206427,1,0,ctd,logistic_regression,42
P29311,P39534,1,0.4375460733222653,0,0,ctd,logistic_regression,42
P40095,P40327,1,0.5519000974989802,1,0,ctd,logistic_regression,42
P35207,P46985,1,0.5459032030618547,1,0,ctd,logistic_regression,42
P06787,P34758,1,0.8175272447840413,1,0,ctd,logistic_regression,42
P05694,P08566,1,0.5404358291770714,1,0,ctd,logistic_regression,42
P23202,P39925,1,0.3484953782937243,0,0,ctd,logistic_regression,42
P38720,P50946,1,0.5073336743650401,1,0,ctd,logistic_regression,42
P09624,Q05947,1,0.6081846076579942,1,0,ctd,logistic_regression,42
P38283,P53136,1,0.7151728372154492,1,0,ctd,logistic_regression,42
Q00776,Q04839,1,0.6073953486588032,1,0,ctd,logistic_regression,42
P38328,P53949,1,0.6320555697798661,1,0,ctd,logistic_regression,42
Q12175,Q12499,1,0.5653344873129907,1,0,ctd,logistic_regression,42
P05318,Q08962,1,0.649829060615066,1,0,ctd,logistic_regression,42
P11747,P28000,1,0.17617285012419823,0,0,ctd,logistic_regression,42
Q04002,Q08963,1,0.543175726275322,1,0,ctd,logistic_regression,42
P27636,P53152,1,0.37716890143371967,0,0,ctd,logistic_regression,42
P25357,P48239,1,0.6620520472467768,1,0,ctd,logistic_regression,42
P42935,Q03619,1,0.5684620401325544,1,0,ctd,logistic_regression,42
P24869,P53859,1,0.7480688680680023,1,0,ctd,logistic_regression,42
Q08285,Q12017,1,0.4714805925902592,0,0,ctd,logistic_regression,42
P00546,Q00955,1,0.691556414705606,1,0,ctd,logistic_regression,42
P34217,P36118,1,0.763797055128111,1,0,ctd,logistic_regression,42
P53912,Q05583,1,0.7667567607113794,1,0,ctd,logistic_regression,42
P18410,Q07528,1,0.4844155695821042,0,0,ctd,logistic_regression,42
Q07887,Q12063,1,0.4387672291058146,0,0,ctd,logistic_regression,42
P15807,P53196,1,0.6685547377531831,1,0,ctd,logistic_regression,42
P07270,P53600,1,0.7919328018727966,1,0,ctd,logistic_regression,42
P23561,Q12518,1,0.660086184122022,1,0,ctd,logistic_regression,42
P13712,P38129,1,0.6577867599933076,1,0,ctd,logistic_regression,42
P25655,Q00723,1,0.4380337706346689,0,0,ctd,logistic_regression,42
P02994,P31383,1,0.776228249078681,1,0,ctd,logistic_regression,42
P07258,P40492,1,0.6141948421568434,1,0,ctd,logistic_regression,42
P10869,P15303,1,0.4927741349530632,0,0,ctd,logistic_regression,42
P46948,Q12078,1,0.32901403894402687,0,0,ctd,logistic_regression,42
P36107,Q03898,1,0.07965686728092669,0,0,ctd,logistic_regression,42
P23394,P53755,1,0.5163334239726716,1,0,ctd,logistic_regression,42
P38217,P40202,1,0.4877938915364224,0,0,ctd,logistic_regression,42
P36161,Q06665,1,0.5428319674535723,1,0,ctd,logistic_regression,42
P35497,Q07915,1,0.5370103454365253,1,0,ctd,logistic_regression,42
P27705,P53168,1,0.6381572502473627,1,0,ctd,logistic_regression,42
P38757,P40512,1,0.4192290232436888,0,0,ctd,logistic_regression,42
P34087,P53924,1,0.6679014773193348,1,0,ctd,logistic_regression,42
P38903,P41832,1,0.7192938923334312,1,0,ctd,logistic_regression,42
P52593,P53145,1,0.5145031025769141,1,0,ctd,logistic_regression,42
P31384,P46672,1,0.7605281093344624,1,0,ctd,logistic_regression,42
P21243,P38113,1,0.36407658302217305,0,0,ctd,logistic_regression,42
P37012,P38873,1,0.49328537126532,0,0,ctd,logistic_regression,42
P33400,Q07376,1,0.265045890359539,0,0,ctd,logistic_regression,42
P25604,P36010,1,0.4732376937639005,0,0,ctd,logistic_regression,42
P04076,P32909,1,0.6376279334859487,1,0,ctd,logistic_regression,42
P07274,P38358,1,0.1260693907106143,0,0,ctd,logistic_regression,42
P33304,P38240,1,0.30730112517009406,0,0,ctd,logistic_regression,42
P32828,Q03125,1,0.4639709667996198,0,0,ctd,logistic_regression,42
P39715,Q06142,1,0.3695793482157454,0,0,ctd,logistic_regression,42
P53949,Q03784,1,0.7919728046650408,1,0,ctd,logistic_regression,42
P34253,P48412,1,0.4474755868784307,0,0,ctd,logistic_regression,42
P19524,P33333,1,0.2002573220184083,0,0,ctd,logistic_regression,42
Q06644,Q07904,1,0.09327690633851506,0,0,ctd,logistic_regression,42
P19454,P21182,1,0.45626148083412615,0,0,ctd,logistic_regression,42
P32793,P38229,1,0.1907241383172499,0,0,ctd,logistic_regression,42
P33418,P38276,1,0.40602405931675367,0,0,ctd,logistic_regression,42
P38692,Q12175,1,0.6202894737073614,1,0,ctd,logistic_regression,42
P29496,P53840,1,0.6510324487250121,1,0,ctd,logistic_regression,42
P22213,P35194,1,0.4976761123029487,0,0,ctd,logistic_regression,42
Q12377,Q12417,1,0.6276937925077145,1,0,ctd,logistic_regression,42
P39944,P47103,1,0.42281877851658217,0,0,ctd,logistic_regression,42
Q02256,Q99385,1,0.5259546422749479,1,0,ctd,logistic_regression,42
P28006,P53169,1,0.4077507003471752,0,0,ctd,logistic_regression,42
P41895,P46974,1,0.3582067818433643,0,0,ctd,logistic_regression,42
P32610,P39927,1,0.8010002579090784,1,0,ctd,logistic_regression,42
P36421,P38620,1,0.5998130012682013,1,0,ctd,logistic_regression,42
P32895,P39984,1,0.661175249512109,1,0,ctd,logistic_regression,42
P32562,P47129,1,0.6522521391672131,1,0,ctd,logistic_regression,42
P20053,Q08746,1,0.828381685683673,1,0,ctd,logistic_regression,42
P14680,P35691,1,0.6144306120437305,1,0,ctd,logistic_regression,42
P36103,P48562,1,0.4759693729770443,0,0,ctd,logistic_regression,42
Q02199,Q04412,1,0.6494015287969901,1,0,ctd,logistic_regression,42
P48525,Q12118,1,0.5108298497418708,1,0,ctd,logistic_regression,42
P14747,Q04004,1,0.6746368806088812,1,0,ctd,logistic_regression,42
P39940,P40515,1,0.6210772650199754,1,0,ctd,logistic_regression,42
P19262,P43321,1,0.4672627472484142,0,0,ctd,logistic_regression,42
P27472,P53250,1,0.5347882508178938,1,0,ctd,logistic_regression,42
P25719,Q12330,1,0.7296658017865577,1,0,ctd,logistic_regression,42
P17555,Q05933,1,0.5691814869072784,1,0,ctd,logistic_regression,42
Q04002,Q05166,1,0.5488582602322402,1,0,ctd,logistic_regression,42
P50942,P50944,1,0.22579523043445895,0,0,ctd,logistic_regression,42
P33298,Q08162,1,0.5258152599535616,1,0,ctd,logistic_regression,42
P50101,Q99181,1,0.5431049792256825,1,0,ctd,logistic_regression,42
P06242,P24583,1,0.4349482910843005,0,0,ctd,logistic_regression,42
P18480,P46673,1,0.5160055807382329,1,0,ctd,logistic_regression,42
P04147,P43593,1,0.7612047389570299,1,0,ctd,logistic_regression,42
P13663,Q06616,1,0.6392776584463142,1,0,ctd,logistic_regression,42
P38249,Q05583,1,0.6637561512733797,1,0,ctd,logistic_regression,42
P06169,Q12250,1,0.6126207452723437,1,0,ctd,logistic_regression,42
P38987,P40515,1,0.4793098737171758,0,0,ctd,logistic_regression,42
P32898,P53086,1,0.638485515207195,1,0,ctd,logistic_regression,42
P53755,Q02256,1,0.543103438869358,1,0,ctd,logistic_regression,42
P23293,P53185,1,0.5526996627756807,1,0,ctd,logistic_regression,42
P32562,P53049,1,0.4210343586185586,0,0,ctd,logistic_regression,42
P33307,P40079,1,0.442632171839557,0,0,ctd,logistic_regression,42
P32528,Q04693,1,0.5147240050086002,1,0,ctd,logistic_regression,42
P05453,P32497,1,0.5680147793554555,1,0,ctd,logistic_regression,42
P40328,Q03792,1,0.567429698548599,1,0,ctd,logistic_regression,42
P38853,P41800,1,0.5853796604500016,1,0,ctd,logistic_regression,42
P32561,P36006,1,0.4773049171540807,0,0,ctd,logistic_regression,42
Q08273,Q12447,1,0.6805096334557386,1,0,ctd,logistic_regression,42
P40988,Q08972,1,0.4359097846787157,0,0,ctd,logistic_regression,42
P00330,P06102,1,0.49038555731804645,0,0,ctd,logistic_regression,42
Q02821,Q12152,1,0.531046557019121,1,0,ctd,logistic_regression,42
P12385,P40078,1,0.6803137720310916,1,0,ctd,logistic_regression,42
P39962,Q12208,1,0.44637769494838636,0,0,ctd,logistic_regression,42
P18888,Q03322,1,0.7999288039701915,1,0,ctd,logistic_regression,42
P32366,Q03790,1,0.5538896051796823,1,0,ctd,logistic_regression,42
P12962,P53622,1,0.6733849668854988,1,0,ctd,logistic_regression,42
P53298,Q04894,1,0.39638227280539184,0,0,ctd,logistic_regression,42
Q06078,Q12483,1,0.6482921816933058,1,0,ctd,logistic_regression,42
P46655,P53738,1,0.69495126299528,1,0,ctd,logistic_regression,42
P33891,P39935,1,0.7353221679785816,1,0,ctd,logistic_regression,42
P53081,Q05881,1,0.6723205210644801,1,0,ctd,logistic_regression,42
P40303,Q07084,1,0.4290420162852284,0,0,ctd,logistic_regression,42
P23059,Q99385,1,0.5421729554709889,1,0,ctd,logistic_regression,42
P19882,P33297,1,0.7426035697573071,1,0,ctd,logistic_regression,42
P46675,Q07834,1,0.5323299427089463,1,0,ctd,logistic_regression,42
P33760,Q03088,1,0.42243911610798357,0,0,ctd,logistic_regression,42
P53169,Q06412,1,0.5317448367552157,1,0,ctd,logistic_regression,42
Q07963,Q12041,1,0.620663841848326,1,0,ctd,logistic_regression,42
P14742,P32324,1,0.5988413782733952,1,0,ctd,logistic_regression,42
Q03661,Q12194,1,0.23334661123583486,0,0,ctd,logistic_regression,42
P33401,P39014,1,0.4392582120818154,0,0,ctd,logistic_regression,42
P39101,P39520,1,0.4307609642348565,0,0,ctd,logistic_regression,42
P22517,P36003,1,0.6420677637737606,1,0,ctd,logistic_regression,42
P21965,P38998,1,0.5635137384800191,1,0,ctd,logistic_regression,42
P29469,P47134,1,0.5673224078124709,1,0,ctd,logistic_regression,42
P40204,Q04739,1,0.8778670720559397,1,0,ctd,logistic_regression,42
P24482,P40087,1,0.5690064814774697,1,0,ctd,logistic_regression,42
P32945,Q04562,1,0.3301857706013141,0,0,ctd,logistic_regression,42
P38313,Q06665,1,0.6513006994193116,1,0,ctd,logistic_regression,42
P27515,P38879,1,0.6503992314063199,1,0,ctd,logistic_regression,42
P28006,P52918,1,0.4864588785898657,0,0,ctd,logistic_regression,42
P00128,P25651,1,0.4807391128763067,0,0,ctd,logistic_regression,42
P32263,P39935,1,0.5437050511469183,1,0,ctd,logistic_regression,42
Q03012,Q04002,1,0.37297013844942695,0,0,ctd,logistic_regression,42
P38310,P46963,1,0.4018633924678971,0,0,ctd,logistic_regression,42
P25632,P37838,1,0.7089321054565438,1,0,ctd,logistic_regression,42
P40495,Q04272,1,0.523760649073336,1,0,ctd,logistic_regression,42
P38783,Q08649,1,0.5956816037926417,1,0,ctd,logistic_regression,42
P20437,P38691,1,0.6132309254245577,1,0,ctd,logistic_regression,42
Q02793,Q12028,1,0.6940916006509211,1,0,ctd,logistic_regression,42
P21965,P33199,1,0.6808828567585233,1,0,ctd,logistic_regression,42
P39073,P40344,1,0.3935716007309885,0,0,ctd,logistic_regression,42
P39936,Q08729,1,0.3741820762101098,0,0,ctd,logistic_regression,42
P32523,Q00416,1,0.3515548593821662,0,0,ctd,logistic_regression,42
P38766,Q06551,1,0.2889842197871835,0,0,ctd,logistic_regression,42
P13712,P34164,1,0.6656012758119767,1,0,ctd,logistic_regression,42
P14742,P53278,1,0.5823154290781021,1,0,ctd,logistic_regression,42
P32787,P39954,1,0.5273159219038671,1,0,ctd,logistic_regression,42
P25299,P53236,1,0.5303741933032344,1,0,ctd,logistic_regression,42
P41896,Q12343,1,0.6422741338561746,1,0,ctd,logistic_regression,42
P20459,P47041,1,0.8055710775702319,1,0,ctd,logistic_regression,42
P19955,Q02608,1,0.4630910570498044,0,0,ctd,logistic_regression,42
P07560,P17123,1,0.3883662394997686,0,0,ctd,logistic_regression,42
P32913,P38873,1,0.41406165505076087,0,0,ctd,logistic_regression,42
P14742,Q02256,1,0.5435581469440508,1,0,ctd,logistic_regression,42
P02400,P40693,1,0.8951086528130221,1,0,ctd,logistic_regression,42
P17505,P53142,1,0.0933710628310345,0,0,ctd,logistic_regression,42
P46954,Q02336,1,0.3800060037879953,0,0,ctd,logistic_regression,42
P53248,Q08723,1,0.587814697951822,1,0,ctd,logistic_regression,42
P32895,Q08550,1,0.5668632852902813,1,0,ctd,logistic_regression,42
P17121,P35193,1,0.6495975983522636,1,0,ctd,logistic_regression,42
P22141,Q08236,1,0.5049018073170982,1,0,ctd,logistic_regression,42
P39937,Q12017,1,0.5885675513250358,1,0,ctd,logistic_regression,42
P39016,P53283,1,0.5322783697364667,1,0,ctd,logistic_regression,42
P38705,Q12168,1,0.4721634500251783,0,0,ctd,logistic_regression,42
P38153,Q12390,1,0.5110758465125241,1,0,ctd,logistic_regression,42
P15108,Q99210,1,0.63257138486542,1,0,ctd,logistic_regression,42
P19882,P38753,1,0.8575719060204317,1,0,ctd,logistic_regression,42
P38637,P40457,1,0.7765584018009871,1,0,ctd,logistic_regression,42
P33891,P51601,1,0.8114188306221229,1,0,ctd,logistic_regression,42
P06738,Q08581,1,0.6943432284870616,1,0,ctd,logistic_regression,42
P11745,P47079,1,0.6543915154520974,1,0,ctd,logistic_regression,42
P25649,P34730,1,0.817056237158965,1,0,ctd,logistic_regression,42
P28006,Q00684,1,0.3973933925672824,0,0,ctd,logistic_regression,42
P33306,P40204,1,0.5913569551037372,1,0,ctd,logistic_regression,42
P19658,P49435,1,0.6646245506206483,1,0,ctd,logistic_regression,42
P25341,P33328,1,0.5344346993119187,1,0,ctd,logistic_regression,42
P18852,Q12084,1,0.3206619706977384,0,0,ctd,logistic_regression,42
P01149,P25302,1,0.23791860257167324,0,0,ctd,logistic_regression,42
P54790,Q01159,1,0.6495188110663997,1,0,ctd,logistic_regression,42
P40013,Q04121,1,0.3349817275442952,0,0,ctd,logistic_regression,42
P46957,Q03071,1,0.6089484917799737,1,0,ctd,logistic_regression,42
P35728,P42846,1,0.4936279878516783,0,0,ctd,logistic_regression,42
P38785,P42839,1,0.4817283867439924,0,0,ctd,logistic_regression,42
P25644,P40495,1,0.5829214480747558,1,0,ctd,logistic_regression,42
Q03096,Q04199,1,0.8865058859483461,1,0,ctd,logistic_regression,42
P11927,P38786,1,0.40329115646673747,0,0,ctd,logistic_regression,42
P30822,Q03048,1,0.3748420018027583,0,0,ctd,logistic_regression,42
P32264,P32842,1,0.19687452346051518,0,0,ctd,logistic_regression,42
P50113,P50278,1,0.692968838616589,1,0,ctd,logistic_regression,42
P36029,P52910,1,0.396572008612384,0,0,ctd,logistic_regression,42
P19262,P38283,1,0.5811535114539796,1,0,ctd,logistic_regression,42
P20081,Q08726,1,0.5857366770451115,1,0,ctd,logistic_regression,42
P18851,P38237,1,0.5616077850115393,1,0,ctd,logistic_regression,42
P25344,P37012,1,0.7175531707602113,1,0,ctd,logistic_regression,42
P07272,Q08685,1,0.4632364171898775,0,0,ctd,logistic_regression,42
P38193,P40462,1,0.5438785290097025,1,0,ctd,logistic_regression,42
P40316,P50111,1,0.5897131439636003,1,0,ctd,logistic_regression,42
P26570,P34110,1,0.7071376329405819,1,0,ctd,logistic_regression,42
O13539,P40564,1,0.6321560751134618,1,0,ctd,logistic_regression,42
P18239,P36168,1,0.2731884241015957,0,0,ctd,logistic_regression,42
P25656,P53337,1,0.08093380584100561,0,0,ctd,logistic_regression,42
P49687,P60010,1,0.609282311962963,1,0,ctd,logistic_regression,42
P34758,Q02948,1,0.7103593471511469,1,0,ctd,logistic_regression,42
P26449,P39520,1,0.27478808383513253,0,0,ctd,logistic_regression,42
P38696,P38999,1,0.5398387356072248,1,0,ctd,logistic_regression,42
P39073,Q03081,1,0.6390491941949502,1,0,ctd,logistic_regression,42
P43565,P48559,1,0.6296354805934826,1,0,ctd,logistic_regression,42
Q07887,Q99394,1,0.4781612864393474,0,0,ctd,logistic_regression,42
P53067,P53322,1,0.25431002288860377,0,0,ctd,logistic_regression,42
P39979,P42951,1,0.45063198604600835,0,0,ctd,logistic_regression,42
P51601,Q03407,1,0.5617059313789544,1,0,ctd,logistic_regression,42
P36019,Q08963,1,0.6539610433532906,1,0,ctd,logistic_regression,42
Q06651,Q12277,1,0.5205624190657682,1,0,ctd,logistic_regression,42
P41810,P47150,1,0.42258561999460637,0,0,ctd,logistic_regression,42
P14126,P40988,1,0.4756528231882158,0,0,ctd,logistic_regression,42
P07170,P38182,1,0.6922455145873957,1,0,ctd,logistic_regression,42
P24867,P38862,1,0.6484132828414597,1,0,ctd,logistic_regression,42
P38744,Q12082,1,0.2206337740870947,0,0,ctd,logistic_regression,42
O13559,P22141,1,0.48639835689856303,0,0,ctd,logistic_regression,42
P53845,Q03768,1,0.4791792296516667,0,0,ctd,logistic_regression,42
P48232,Q04272,1,0.7871305137217456,1,0,ctd,logistic_regression,42
P25357,Q12041,1,0.8054439620773682,1,0,ctd,logistic_regression,42
P25491,P39531,1,0.6963198882992133,1,0,ctd,logistic_regression,42
P32264,Q03782,1,0.4240695036953845,0,0,ctd,logistic_regression,42
P25453,P38877,1,0.37545881428514516,0,0,ctd,logistic_regression,42
P25694,P38623,1,0.6744929307021641,1,0,ctd,logistic_regression,42
P38789,Q02256,1,0.6194289667342169,1,0,ctd,logistic_regression,42
P26263,P39966,1,0.5888574607489248,1,0,ctd,logistic_regression,42
P47012,P48240,1,0.35187303351497584,0,0,ctd,logistic_regression,42
P39967,Q08956,1,0.41822450007206247,0,0,ctd,logistic_regression,42
P06103,P22007,1,0.48267273455767556,0,0,ctd,logistic_regression,42
P21957,Q03750,1,0.5053586859365784,1,0,ctd,logistic_regression,42
P38748,P53904,1,0.5590840323777291,1,0,ctd,logistic_regression,42
Q07930,Q12220,1,0.4329784665885728,0,0,ctd,logistic_regression,42
Q05080,Q06412,1,0.5863526382585224,1,0,ctd,logistic_regression,42
Q08245,Q12267,1,0.7591826516185753,1,0,ctd,logistic_regression,42
P33199,Q07834,1,0.5260923245917121,1,0,ctd,logistic_regression,42
O13565,P38358,1,0.12385827390492506,0,0,ctd,logistic_regression,42
P38801,P39744,1,0.39097925127083194,0,0,ctd,logistic_regression,42
P28274,P41695,1,0.6096082504998274,1,0,ctd,logistic_regression,42
P18888,P39523,1,0.7116705262038884,1,0,ctd,logistic_regression,42
P38998,Q12427,1,0.6042632254011686,1,0,ctd,logistic_regression,42
Q06648,Q12329,1,0.7057373305087868,1,0,ctd,logistic_regression,42
P25371,P25580,1,0.350629921318443,0,0,ctd,logistic_regression,42
P40565,Q12344,1,0.6680924158272965,1,0,ctd,logistic_regression,42
P40529,P53549,1,0.6476950362502227,1,0,ctd,logistic_regression,42
P20606,P33755,1,0.6119974812150887,1,0,ctd,logistic_regression,42
P38735,Q04370,1,0.33907855591234803,0,0,ctd,logistic_regression,42
P38856,P53323,1,0.8162812060949456,1,0,ctd,logistic_regression,42
P38682,Q06679,1,0.5298949616429746,1,0,ctd,logistic_regression,42
P42951,Q04149,1,0.7483862890267748,1,0,ctd,logistic_regression,42
P34226,Q02629,1,0.24212961113186426,0,0,ctd,logistic_regression,42
Q05568,Q12230,1,0.34294531420293173,0,0,ctd,logistic_regression,42
P22219,P38310,1,0.5048219300174026,1,0,ctd,logistic_regression,42
P20433,P48361,1,0.4972423920445293,0,0,ctd,logistic_regression,42
P13185,P28817,1,0.3009017653610903,0,0,ctd,logistic_regression,42
Q03558,Q12328,1,0.7823151280233872,1,0,ctd,logistic_regression,42
P38198,Q00416,1,0.4439437476349968,0,0,ctd,logistic_regression,42
P38153,P40314,1,0.677389755218535,1,0,ctd,logistic_regression,42
P04387,P11433,1,0.4901220380304253,0,0,ctd,logistic_regression,42
P07170,P25555,1,0.7319612654857105,1,0,ctd,logistic_regression,42
P29056,P32863,1,0.4851750437605191,0,0,ctd,logistic_regression,42
Q06819,Q07993,1,0.5755676544839753,1,0,ctd,logistic_regression,42
P38757,Q12280,1,0.3534250619178997,0,0,ctd,logistic_regression,42
P23624,Q06169,1,0.3291777753913902,0,0,ctd,logistic_regression,42
P06169,P89886,1,0.7611928944935431,1,0,ctd,logistic_regression,42
P07251,Q03010,1,0.45899347383710953,0,0,ctd,logistic_regression,42
P38766,P53130,1,0.4026061307203237,0,0,ctd,logistic_regression,42
P38814,Q03619,1,0.548429110448495,1,0,ctd,logistic_regression,42
P38779,Q02256,1,0.474766972960745,0,0,ctd,logistic_regression,42
P38146,P40693,1,0.6593731665381255,1,0,ctd,logistic_regression,42
P38429,Q06168,1,0.47517672274245304,0,0,ctd,logistic_regression,42
P25646,Q12513,1,0.6009139117280253,1,0,ctd,logistic_regression,42
P18759,P32776,1,0.614587301909818,1,0,ctd,logistic_regression,42
P38871,Q04792,1,0.742489742319575,1,0,ctd,logistic_regression,42
P35189,Q12224,1,0.37607891919322617,0,0,ctd,logistic_regression,42
Q08920,Q12276,1,0.7912792804376135,1,0,ctd,logistic_regression,42
P53845,Q05930,1,0.4703924575469522,0,0,ctd,logistic_regression,42
P39994,P53865,1,0.5031776360873648,1,0,ctd,logistic_regression,42
P14680,P19145,1,0.3189061783308613,0,0,ctd,logistic_regression,42
P04786,P49334,1,0.42080476483505974,0,0,ctd,logistic_regression,42
P12383,Q12152,1,0.48295654976941577,0,0,ctd,logistic_regression,42
P29461,P38853,1,0.4179605260364953,0,0,ctd,logistic_regression,42
P02994,P13663,1,0.6824835205927143,1,0,ctd,logistic_regression,42
P07991,P38149,1,0.5307674967144554,1,0,ctd,logistic_regression,42
P40024,Q02554,1,0.5629369082203373,1,0,ctd,logistic_regression,42
P32607,P32854,1,0.5637986591930789,1,0,ctd,logistic_regression,42
P30902,P34240,1,0.4251158855194752,0,0,ctd,logistic_regression,42
P32801,Q06177,1,0.42380939282776614,0,0,ctd,logistic_regression,42
P25515,P35178,1,0.4679623948758347,0,0,ctd,logistic_regression,42
P38274,P38764,1,0.5022921171945365,1,0,ctd,logistic_regression,42
P38627,P39968,1,0.7453620382627223,1,0,ctd,logistic_regression,42
P53685,Q06696,1,0.4800978109978401,0,0,ctd,logistic_regression,42
P53010,Q04359,1,0.5734860518144627,1,0,ctd,logistic_regression,42
Q05022,Q06142,1,0.479603902360142,0,0,ctd,logistic_regression,42
P30619,P42846,1,0.6271953238878544,1,0,ctd,logistic_regression,42
P07258,P23202,1,0.47395189704025315,0,0,ctd,logistic_regression,42
P07262,Q03899,1,0.587168779203076,1,0,ctd,logistic_regression,42
P38779,Q12165,1,0.49200058762742627,0,0,ctd,logistic_regression,42
P32800,P48606,1,0.17701036786758584,0,0,ctd,logistic_regression,42
Q12041,Q12310,1,0.6513821908203284,1,0,ctd,logistic_regression,42
P14682,Q12041,1,0.42053041535013136,0,0,ctd,logistic_regression,42
P36048,Q03497,1,0.5412183033132383,1,0,ctd,logistic_regression,42
P53865,Q92331,1,0.6386731759225359,1,0,ctd,logistic_regression,42
P27472,P38615,1,0.5645090907738706,1,0,ctd,logistic_regression,42
P17119,Q08746,1,0.8716182167015197,1,0,ctd,logistic_regression,42
P22202,P40495,1,0.6356195221075428,1,0,ctd,logistic_regression,42
P31383,P38850,1,0.5081582162441414,1,0,ctd,logistic_regression,42
P25569,P32561,1,0.4462901633925839,0,0,ctd,logistic_regression,42
P09734,P26793,1,0.5836260486527646,1,0,ctd,logistic_regression,42
P20438,P32642,1,0.5603675775920918,1,0,ctd,logistic_regression,42
Q04439,Q12152,1,0.4974713336055317,0,0,ctd,logistic_regression,42
P40339,P54786,1,0.4659735986404307,0,0,ctd,logistic_regression,42
P38237,P38324,1,0.7091943996600524,1,0,ctd,logistic_regression,42
P38631,Q12222,1,0.34926769831721916,0,0,ctd,logistic_regression,42
P32521,Q03954,1,0.5028359790908972,1,0,ctd,logistic_regression,42
P30619,Q12473,1,0.4102444506132467,0,0,ctd,logistic_regression,42
P38959,P54786,1,0.5758254501402329,1,0,ctd,logistic_regression,42
P27801,P35197,1,0.6670863848792786,1,0,ctd,logistic_regression,42
P05453,P47012,1,0.6866910618758345,1,0,ctd,logistic_regression,42
P38793,P40494,1,0.5887134754002661,1,0,ctd,logistic_regression,42
Q03071,Q12020,1,0.5972486148811336,1,0,ctd,logistic_regression,42
P14742,P48559,1,0.6103585947194344,1,0,ctd,logistic_regression,42
P40327,P40344,1,0.527643254550019,1,0,ctd,logistic_regression,42
P00331,P53863,1,0.3473081778393149,0,0,ctd,logistic_regression,42
P46985,P53739,1,0.5489477508737852,1,0,ctd,logistic_regression,42
P40395,Q03898,1,0.39801648146974544,0,0,ctd,logistic_regression,42
O13563,Q12222,1,0.3123292045587234,0,0,ctd,logistic_regression,42
P33441,P39952,1,0.39815334884757686,0,0,ctd,logistic_regression,42
O13554,P32873,1,0.7369578219853062,1,0,ctd,logistic_regression,42
P38555,P39904,1,0.5687663991954602,1,0,ctd,logistic_regression,42
P33328,Q04601,1,0.6208041306707298,1,0,ctd,logistic_regression,42
P28834,Q07442,1,0.4833936756199681,0,0,ctd,logistic_regression,42
P11709,P40483,1,0.6027231336592186,1,0,ctd,logistic_regression,42
P38838,Q02732,1,0.7672633844693226,1,0,ctd,logistic_regression,42
P16140,Q04305,1,0.5548551783099709,1,0,ctd,logistic_regression,42
P14126,P41816,1,0.8336108245573322,1,0,ctd,logistic_regression,42
P25644,Q02630,1,0.36672861447193167,0,0,ctd,logistic_regression,42
P53202,Q04411,1,0.404284708370523,0,0,ctd,logistic_regression,42
P15108,P35197,1,0.6503651956727245,1,0,ctd,logistic_regression,42
P28707,P39715,1,0.4922072288973853,0,0,ctd,logistic_regression,42
P18410,P25336,1,0.5783253341723054,1,0,ctd,logistic_regression,42
P36019,P53184,1,0.8894134221647211,1,0,ctd,logistic_regression,42
P14359,Q00764,1,0.714472028314657,1,0,ctd,logistic_regression,42
P00958,P50091,1,0.46068752544337715,0,0,ctd,logistic_regression,42
P38219,P43574,1,0.8554625442738593,1,0,ctd,logistic_regression,42
P38427,Q12280,1,0.5721636653324552,1,0,ctd,logistic_regression,42
P06738,Q05022,1,0.6249470279296712,1,0,ctd,logistic_regression,42
P07866,P42843,1,0.43992056109708544,0,0,ctd,logistic_regression,42
Q03782,Q08911,1,0.5732072734474482,1,0,ctd,logistic_regression,42
P31109,Q12330,1,0.6128167596857623,1,0,ctd,logistic_regression,42
P52553,Q03254,1,0.8990841054333353,1,0,ctd,logistic_regression,42
P32495,P53184,1,0.8792958336869109,1,0,ctd,logistic_regression,42
P19735,P22141,1,0.517505462597319,1,0,ctd,logistic_regression,42
P21672,P43574,1,0.6005071407994038,1,0,ctd,logistic_regression,42
P53254,Q07786,1,0.5008013266359356,1,0,ctd,logistic_regression,42
P53298,Q06177,1,0.5056663319213379,1,0,ctd,logistic_regression,42
Q04003,Q07824,1,0.3654351843717336,0,0,ctd,logistic_regression,42
P32563,P36029,1,0.36531290834632346,0,0,ctd,logistic_regression,42
P17629,P20133,1,0.5692497934965774,1,0,ctd,logistic_regression,42
P06704,P40484,1,0.33450523786229797,0,0,ctd,logistic_regression,42
P40485,Q03774,1,0.6151964147315719,1,0,ctd,logistic_regression,42
P10355,P53233,1,0.3490228255175675,0,0,ctd,logistic_regression,42
P37370,Q12260,1,0.5565350092665293,1,0,ctd,logistic_regression,42
Q07824,Q08446,1,0.25971598871637724,0,0,ctd,logistic_regression,42
P39984,P40485,1,0.6804860036744038,1,0,ctd,logistic_regression,42
P40959,P47117,1,0.44709307650512486,0,0,ctd,logistic_regression,42
P32905,Q04005,1,0.5996290479216978,1,0,ctd,logistic_regression,42
P32458,P39703,1,0.3172478479649096,0,0,ctd,logistic_regression,42
P32485,Q12134,1,0.6107592453107288,1,0,ctd,logistic_regression,42
P46963,Q05670,1,0.3932180299427191,0,0,ctd,logistic_regression,42
P28817,P35203,1,0.4227028961303837,0,0,ctd,logistic_regression,42
P06839,Q12129,1,0.5625325560321506,1,0,ctd,logistic_regression,42
P47083,Q03630,1,0.15362119078713715,0,0,ctd,logistic_regression,42
P47113,P53261,1,0.5171934074397818,1,0,ctd,logistic_regression,42
P47822,Q03435,1,0.5968926048815502,1,0,ctd,logistic_regression,42
Q04087,Q08949,1,0.446647535709786,0,0,ctd,logistic_regression,42
P40564,P53130,1,0.17999924310334184,0,0,ctd,logistic_regression,42
P32610,Q05580,1,0.7302429828626678,1,0,ctd,logistic_regression,42
P18410,P53604,1,0.6053931500691259,1,0,ctd,logistic_regression,42
P34730,P36024,1,0.39797315550112095,0,0,ctd,logistic_regression,42
P53316,Q12280,1,0.5723781139636359,1,0,ctd,logistic_regression,42
P32485,Q00684,1,0.6089914848183976,1,0,ctd,logistic_regression,42
P39720,P47110,1,0.36239767645004467,0,0,ctd,logistic_regression,42
P32350,P41911,1,0.6983989115011032,1,0,ctd,logistic_regression,42
P38793,Q12277,1,0.6954326026782944,1,0,ctd,logistic_regression,42
P02829,P15646,1,0.7845587529224829,1,0,ctd,logistic_regression,42
P39984,Q12236,1,0.7018920738124139,1,0,ctd,logistic_regression,42
P18898,P22141,1,0.6705137421125026,1,0,ctd,logistic_regression,42
P22202,Q12129,1,0.7664916988855124,1,0,ctd,logistic_regression,42
P20459,P53081,1,0.5848315576057961,1,0,ctd,logistic_regression,42
P23644,Q00916,1,0.4931279716200559,0,0,ctd,logistic_regression,42
P32502,P53867,1,0.6064987682299298,1,0,ctd,logistic_regression,42
P32364,P39927,1,0.7264189851403511,1,0,ctd,logistic_regression,42
P38298,P53209,1,0.15142998125176382,0,0,ctd,logistic_regression,42
P04821,P16861,1,0.6042110927120343,1,0,ctd,logistic_regression,42
P38702,P81450,1,0.33648684170596027,0,0,ctd,logistic_regression,42
P52918,Q08873,1,0.6271289683667581,1,0,ctd,logistic_regression,42
P53894,Q08931,1,0.8226551546317921,1,0,ctd,logistic_regression,42
P10863,P39540,1,0.3006147526190694,0,0,ctd,logistic_regression,42
P26793,P38998,1,0.46714297509857117,0,0,ctd,logistic_regression,42
P10659,P53068,1,0.52858106999297,1,0,ctd,logistic_regression,42
P38293,Q04233,1,0.6533817827916673,1,0,ctd,logistic_regression,42
P17536,P22141,1,0.5688462232410074,1,0,ctd,logistic_regression,42
P31412,P53196,1,0.5679164504599096,1,0,ctd,logistic_regression,42
P36145,Q08962,1,0.5251074646861217,1,0,ctd,logistic_regression,42
P34218,P40151,1,0.3287934354540497,0,0,ctd,logistic_regression,42
P22202,Q07418,1,0.8059812599028864,1,0,ctd,logistic_regression,42
P33401,P41814,1,0.5375281939281842,1,0,ctd,logistic_regression,42
P07560,Q07786,1,0.5782502856409609,1,0,ctd,logistic_regression,42
P29496,P39705,1,0.37985954792208526,0,0,ctd,logistic_regression,42
P20424,P43586,1,0.44937322074092106,0,0,ctd,logistic_regression,42
P36013,P39968,1,0.6325031993517397,1,0,ctd,logistic_regression,42
P53939,Q04651,1,0.397873835217272,0,0,ctd,logistic_regression,42
P00560,Q05775,1,0.6868026600168792,1,0,ctd,logistic_regression,42
P40014,P53116,1,0.10665262238883085,0,0,ctd,logistic_regression,42
P05453,P08458,1,0.5787371184714896,1,0,ctd,logistic_regression,42
P47165,Q03768,1,0.6475008716955143,1,0,ctd,logistic_regression,42
P40957,Q04089,1,0.5059463577801152,1,0,ctd,logistic_regression,42
P25582,P40092,1,0.6328446896211644,1,0,ctd,logistic_regression,42
Q03919,Q03973,1,0.3911818237631248,0,0,ctd,logistic_regression,42
P38863,Q06169,1,0.42963495568931204,0,0,ctd,logistic_regression,42
P15442,Q02260,1,0.3653480779044704,0,0,ctd,logistic_regression,42
P05318,P53163,1,0.5829797733725173,1,0,ctd,logistic_regression,42
P25694,P53032,1,0.37091501303045404,0,0,ctd,logistic_regression,42
P38634,P53036,1,0.43544477266834614,0,0,ctd,logistic_regression,42
P53738,Q07381,1,0.6436753967988277,1,0,ctd,logistic_regression,42
P38696,Q07657,1,0.4186556229660911,0,0,ctd,logistic_regression,42
P32345,P32794,1,0.6223733413500135,1,0,ctd,logistic_regression,42
P19657,P38996,1,0.7356180623444731,1,0,ctd,logistic_regression,42
P36139,Q02825,1,0.4280004518282202,0,0,ctd,logistic_regression,42
Q00816,Q05874,1,0.6374816064483922,1,0,ctd,logistic_regression,42
P46672,Q06673,1,0.5763588524759522,1,0,ctd,logistic_regression,42
P02400,Q06679,1,0.6381927012965679,1,0,ctd,logistic_regression,42
P19882,P22543,1,0.8318582412334965,1,0,ctd,logistic_regression,42
P40573,P43568,1,0.5270596077234405,1,0,ctd,logistic_regression,42
P00817,P36017,1,0.7080218653768643,1,0,ctd,logistic_regression,42
P39925,Q12368,1,0.5740265033844372,1,0,ctd,logistic_regression,42
P39682,P40316,1,0.28687174529395315,0,0,ctd,logistic_regression,42
P10862,Q12063,1,0.3711170216229695,0,0,ctd,logistic_regression,42
P38237,P49166,1,0.7678860028487539,1,0,ctd,logistic_regression,42
P04456,P32802,1,0.08860751442414605,0,0,ctd,logistic_regression,42
P53313,Q04195,1,0.6668638622448239,1,0,ctd,logistic_regression,42
P21576,P53743,1,0.7019429443120931,1,0,ctd,logistic_regression,42
P40013,Q03533,1,0.6840951618329357,1,0,ctd,logistic_regression,42
P53628,Q05022,1,0.5012487966000233,1,0,ctd,logistic_regression,42
P10869,P52286,1,0.6936095659827533,1,0,ctd,logistic_regression,42
P12383,P33400,1,0.34715188585534756,0,0,ctd,logistic_regression,42
P38753,Q06706,1,0.6409017049423062,1,0,ctd,logistic_regression,42
P09938,P38720,1,0.5750955286420856,1,0,ctd,logistic_regression,42
P18961,P33311,1,0.5621601428544871,1,0,ctd,logistic_regression,42
P18480,P54199,1,0.7964193530102979,1,0,ctd,logistic_regression,42
P32599,Q07418,1,0.8141267700483238,1,0,ctd,logistic_regression,42
P12753,Q06696,1,0.5608210018124438,1,0,ctd,logistic_regression,42
P53199,Q08581,1,0.6720431973798766,1,0,ctd,logistic_regression,42
P12612,Q12330,1,0.6638850720597639,1,0,ctd,logistic_regression,42
P20438,P39743,1,0.7889819139363691,1,0,ctd,logistic_regression,42
P38555,P39927,1,0.5284442855281212,1,0,ctd,logistic_regression,42
P36037,P41814,1,0.5114559028229171,1,0,ctd,logistic_regression,42
P04147,P39730,1,0.7285329702286203,1,0,ctd,logistic_regression,42
P38991,Q04005,1,0.5254869462581339,1,0,ctd,logistic_regression,42
P06105,Q03862,1,0.6100159027938507,1,0,ctd,logistic_regression,42
P40457,P50111,1,0.7780721228780093,1,0,ctd,logistic_regression,42
P22517,P39718,1,0.40193898910133996,0,0,ctd,logistic_regression,42
P12385,P13045,1,0.4550597170605525,0,0,ctd,logistic_regression,42
P32900,P36022,1,0.5485376608569306,1,0,ctd,logistic_regression,42
Q04675,Q06568,1,0.3791519701098397,0,0,ctd,logistic_regression,42
P22515,Q02197,1,0.516406699323165,1,0,ctd,logistic_regression,42
P38352,P40991,1,0.5853293152059134,1,0,ctd,logistic_regression,42
P35187,Q12149,1,0.5923866239707454,1,0,ctd,logistic_regression,42
P32366,P53941,1,0.5148758099756903,1,0,ctd,logistic_regression,42
P14742,Q05670,1,0.4943427241867695,0,0,ctd,logistic_regression,42
P40468,Q12154,1,0.5004330865486579,1,0,ctd,logistic_regression,42
P38266,P43638,1,0.6668199499606193,1,0,ctd,logistic_regression,42
P14164,Q12222,1,0.47294641025026235,0,0,ctd,logistic_regression,42
P40087,P53254,1,0.5518861693899577,1,0,ctd,logistic_regression,42
P40455,P40510,1,0.4908507034431128,0,0,ctd,logistic_regression,42
P13712,P35734,1,0.48195124541314466,0,0,ctd,logistic_regression,42
Q00416,Q04411,1,0.5081256267113563,1,0,ctd,logistic_regression,42
P38287,P40010,1,0.23241726914551006,0,0,ctd,logistic_regression,42
P02557,P53163,1,0.6881280214162849,1,0,ctd,logistic_regression,42
Q02732,Q08465,1,0.5458971971301452,1,0,ctd,logistic_regression,42
P36139,P53068,1,0.4576793111830373,0,0,ctd,logistic_regression,42
P05453,P52918,1,0.5349390663565547,1,0,ctd,logistic_regression,42
P14680,Q07688,1,0.5323648634048196,1,0,ctd,logistic_regression,42
P33419,P46675,1,0.7138864986308991,1,0,ctd,logistic_regression,42
P33307,P53600,1,0.569326401525157,1,0,ctd,logistic_regression,42
P13517,P33203,1,0.5253607416028782,1,0,ctd,logistic_regression,42
O13563,P53049,1,0.3057497497535677,0,0,ctd,logistic_regression,42
P38132,P53919,1,0.7201292266452682,1,0,ctd,logistic_regression,42
P05453,P53248,1,0.642300222808699,1,0,ctd,logistic_regression,42
P28795,P40965,1,0.6441146457266322,1,0,ctd,logistic_regression,42
P53550,Q04601,1,0.4813738603013251,0,0,ctd,logistic_regression,42
P20133,P38254,1,0.5031625813960012,1,0,ctd,logistic_regression,42
P38690,Q06665,1,0.5107364753666126,1,0,ctd,logistic_regression,42
P06244,P36085,1,0.4865776081664199,0,0,ctd,logistic_regression,42
P11709,P48525,1,0.446589973026859,0,0,ctd,logistic_regression,42
P38315,P41810,1,0.49296620818633746,0,0,ctd,logistic_regression,42
P53893,Q05946,1,0.6516881061843525,1,0,ctd,logistic_regression,42
P12753,Q05785,1,0.7886101727029928,1,0,ctd,logistic_regression,42
Q03785,Q08732,1,0.7133356415961628,1,0,ctd,logistic_regression,42
P46673,Q04217,1,0.5562428900911726,1,0,ctd,logistic_regression,42
P53152,Q00362,1,0.5825363268193917,1,0,ctd,logistic_regression,42
P32642,Q99299,1,0.47702594930451503,0,0,ctd,logistic_regression,42
P27515,P40469,1,0.6823677105940922,1,0,ctd,logistic_regression,42
P06243,P47104,1,0.45633204600813604,0,0,ctd,logistic_regression,42
P38794,Q12263,1,0.6382321679721483,1,0,ctd,logistic_regression,42
P20435,Q04601,1,0.5100213017558167,1,0,ctd,logistic_regression,42
P18852,P40368,1,0.3899756582703699,0,0,ctd,logistic_regression,42
P49573,Q04894,1,0.6034304644515798,1,0,ctd,logistic_regression,42
P16661,P53954,1,0.3431971060309455,0,0,ctd,logistic_regression,42
P40565,Q12168,1,0.2919264220812935,0,0,ctd,logistic_regression,42
P14724,P47057,1,0.6688625018522257,1,0,ctd,logistic_regression,42
P32867,P42839,1,0.37039178086002156,0,0,ctd,logistic_regression,42
P20134,P46678,1,0.6013865705676381,1,0,ctd,logistic_regression,42
P14904,P25343,1,0.7659091865244796,1,0,ctd,logistic_regression,42
P24870,Q12517,1,0.6399996916960073,1,0,ctd,logistic_regression,42
P23594,Q99257,1,0.6139775368980153,1,0,ctd,logistic_regression,42
P38874,P43565,1,0.5194185827925558,1,0,ctd,logistic_regression,42
P36131,P40155,1,0.09647114980813505,0,0,ctd,logistic_regression,42
P04807,P07991,1,0.626993774581186,1,0,ctd,logistic_regression,42
P00830,P32794,1,0.4662931780852063,0,0,ctd,logistic_regression,42
P38319,Q06677,1,0.33755340348384744,0,0,ctd,logistic_regression,42
P54199,Q12241,1,0.5468496307699192,1,0,ctd,logistic_regression,42
P52910,Q04062,1,0.4259297776542272,0,0,ctd,logistic_regression,42
P09435,P53271,1,0.6545728566995448,1,0,ctd,logistic_regression,42
Q03558,Q04693,1,0.6346301060986815,1,0,ctd,logistic_regression,42
P53861,P53865,1,0.7680771281604754,1,0,ctd,logistic_regression,42
P36018,Q04493,1,0.3795367571438922,0,0,ctd,logistic_regression,42
P32945,Q07963,1,0.5620862707020974,1,0,ctd,logistic_regression,42
P38352,P39990,1,0.34925032810983475,0,0,ctd,logistic_regression,42
P38903,P40471,1,0.7832211161741671,1,0,ctd,logistic_regression,42
P32849,P49166,1,0.9360379799574676,1,0,ctd,logistic_regression,42
P07261,P50104,1,0.4649944211741011,0,0,ctd,logistic_regression,42
P53754,Q04217,1,0.5019100841305592,1,0,ctd,logistic_regression,42
P32380,Q04412,1,0.6692392013008975,1,0,ctd,logistic_regression,42
P47176,P53130,1,0.3513745206475492,0,0,ctd,logistic_regression,42
P38753,Q00764,1,0.6650981336618961,1,0,ctd,logistic_regression,42
P09232,P38273,1,0.6685620884854133,1,0,ctd,logistic_regression,42
P27636,P41921,1,0.5771501486481165,1,0,ctd,logistic_regression,42
P22133,P40561,1,0.3247459131558115,0,0,ctd,logistic_regression,42
P25719,Q08963,1,0.42153071078117355,0,0,ctd,logistic_regression,42
P25344,P50111,1,0.7408379629484575,1,0,ctd,logistic_regression,42
P09734,P40482,1,0.42828400247898685,0,0,ctd,logistic_regression,42
P36131,Q04087,1,0.5084985835351077,1,0,ctd,logistic_regression,42
P22204,P42951,1,0.7071791875624504,1,0,ctd,logistic_regression,42
P38631,P39531,1,0.41010550230275766,0,0,ctd,logistic_regression,42
P33307,Q12222,1,0.4046648365113899,0,0,ctd,logistic_regression,42
P28743,Q05933,1,0.5259306006032486,1,0,ctd,logistic_regression,42
Q04004,Q92317,1,0.4396660844692799,0,0,ctd,logistic_regression,42
P35688,P48566,1,0.4105127066616194,0,0,ctd,logistic_regression,42
P38837,P38987,1,0.3136844814330356,0,0,ctd,logistic_regression,42
P06843,P15303,1,0.46007197374487596,0,0,ctd,logistic_regression,42
P40061,P47011,1,0.6733957871885778,1,0,ctd,logistic_regression,42
P38590,P38705,1,0.5786538625138814,1,0,ctd,logistic_regression,42
P41896,Q02516,1,0.38405995138543814,0,0,ctd,logistic_regression,42
P20449,Q06340,1,0.5740996349339418,1,0,ctd,logistic_regression,42
P22133,Q12347,1,0.37292914663246035,0,0,ctd,logistic_regression,42
P40574,P53267,1,0.5938294242005349,1,0,ctd,logistic_regression,42
P08964,P38324,1,0.6604838586499547,1,0,ctd,logistic_regression,42
P01123,P41811,1,0.7774382450679043,1,0,ctd,logistic_regression,42
P32776,P38261,1,0.6700897385160953,1,0,ctd,logistic_regression,42
P29461,Q12468,1,0.43216055673265924,0,0,ctd,logistic_regression,42
P17442,P25558,1,0.6777179493079021,1,0,ctd,logistic_regression,42
P32336,P53221,1,0.8750801719892777,1,0,ctd,logistic_regression,42
P07866,P20435,1,0.5965904511894835,1,0,ctd,logistic_regression,42
P00331,P39944,1,0.5406347564945599,1,0,ctd,logistic_regression,42
P38713,Q12084,1,0.5824444330218941,1,0,ctd,logistic_regression,42
P20459,P33892,1,0.6306633106392976,1,0,ctd,logistic_regression,42
P18410,Q03792,1,0.6062861074153914,1,0,ctd,logistic_regression,42
P22515,P38691,1,0.6117392327834158,1,0,ctd,logistic_regression,42
P40024,Q07657,1,0.6718722332538823,1,0,ctd,logistic_regression,42
P38959,Q12124,1,0.5928598525442342,1,0,ctd,logistic_regression,42
P17695,P38959,1,0.36368656154015094,0,0,ctd,logistic_regression,42
P53067,Q06263,1,0.5340605920694356,1,0,ctd,logistic_regression,42
P39927,Q07442,1,0.5646305012523566,1,0,ctd,logistic_regression,42
P53131,Q04673,1,0.4106344068061703,0,0,ctd,logistic_regression,42
P07278,P32345,1,0.35360950718327655,0,0,ctd,logistic_regression,42
P40078,P46962,1,0.7223677645284947,1,0,ctd,logistic_regression,42
P30902,P38200,1,0.5697692179412557,1,0,ctd,logistic_regression,42
P14736,Q12256,1,0.4044919145562547,0,0,ctd,logistic_regression,42
P14908,P38817,1,0.39944590038453986,0,0,ctd,logistic_regression,42
Q12734,Q99189,1,0.5876439999455415,1,0,ctd,logistic_regression,42
P13517,P34160,1,0.3574108213613812,0,0,ctd,logistic_regression,42
P19735,P40573,1,0.6482824269886276,1,0,ctd,logistic_regression,42
P14736,P21672,1,0.5041020199792446,1,0,ctd,logistic_regression,42
P53010,Q08911,1,0.5785997752572646,1,0,ctd,logistic_regression,42
P21538,P42944,1,0.5275141982760017,1,0,ctd,logistic_regression,42
Q05775,Q99189,1,0.6302165851941544,1,0,ctd,logistic_regression,42
P38990,Q99176,1,0.5005825113969108,1,0,ctd,logistic_regression,42
P32074,P40395,1,0.5593650989196741,1,0,ctd,logistic_regression,42
P38156,Q12402,1,0.29862787700720506,0,0,ctd,logistic_regression,42
P36010,P38219,1,0.5928216858074857,1,0,ctd,logistic_regression,42
P13711,P38742,1,0.597008239494664,1,0,ctd,logistic_regression,42
Q06409,Q06673,1,0.4060038256983929,0,0,ctd,logistic_regression,42
P13365,P24814,1,0.5328993152338343,1,0,ctd,logistic_regression,42
Q07418,Q08245,1,0.8766467231920881,1,0,ctd,logistic_regression,42
P32481,P38766,1,0.6357220559051678,1,0,ctd,logistic_regression,42
P13574,Q04437,1,0.41876138481823527,0,0,ctd,logistic_regression,42
P14747,Q06479,1,0.5665242663147422,1,0,ctd,logistic_regression,42
P35497,P36019,1,0.5395206571911134,1,0,ctd,logistic_regression,42
P32783,P38194,1,0.721403778936607,1,0,ctd,logistic_regression,42
P21951,Q01329,1,0.3871845601033692,0,0,ctd,logistic_regression,42
P36120,Q12157,1,0.5236926048158024,1,0,ctd,logistic_regression,42
P39729,P40857,1,0.07480135530490063,0,0,ctd,logistic_regression,42
P20134,Q03208,1,0.3462142921136229,0,0,ctd,logistic_regression,42
P07258,P33203,1,0.5755003437517116,1,0,ctd,logistic_regression,42
P32849,Q12468,1,0.5276851601858737,1,0,ctd,logistic_regression,42
P32602,Q03338,1,0.6687136126145253,1,0,ctd,logistic_regression,42
P17695,P32786,1,0.4001198488223492,0,0,ctd,logistic_regression,42
P38113,P40005,1,0.5469897763212355,1,0,ctd,logistic_regression,42
P43569,Q08601,1,0.53169774536237,1,0,ctd,logistic_regression,42
P27636,P36037,1,0.4309527925904382,0,0,ctd,logistic_regression,42
P39966,Q05166,1,0.461500357066987,0,0,ctd,logistic_regression,42
P38691,Q02825,1,0.6617511161272789,1,0,ctd,logistic_regression,42
P38590,Q02908,1,0.627906527023181,1,0,ctd,logistic_regression,42
Q03792,Q04062,1,0.5325076153924282,1,0,ctd,logistic_regression,42
P41807,P53145,1,0.7184517006761937,1,0,ctd,logistic_regression,42
P13185,P32337,1,0.6176879390703585,1,0,ctd,logistic_regression,42
P46681,P53910,1,0.34489256283048736,0,0,ctd,logistic_regression,42
P28495,P39946,1,0.4106168036181098,0,0,ctd,logistic_regression,42
P38859,Q03656,1,0.5734419787951657,1,0,ctd,logistic_regression,42
P16892,P17629,1,0.5656976316088613,1,0,ctd,logistic_regression,42
P40202,Q12152,1,0.48797448805946075,0,0,ctd,logistic_regression,42
P32501,Q08817,1,0.5163681860486538,1,0,ctd,logistic_regression,42
P38699,Q12161,1,0.2843385118843266,0,0,ctd,logistic_regression,42
P39016,P54885,1,0.7291338809497864,1,0,ctd,logistic_regression,42
P06787,P52919,1,0.6423546040742671,1,0,ctd,logistic_regression,42
P40555,P53207,1,0.5879361403785819,1,0,ctd,logistic_regression,42
P10592,Q02354,1,0.6884072592455228,1,0,ctd,logistic_regression,42
P38319,Q03323,1,0.4206237922539368,0,0,ctd,logistic_regression,42
P33307,P54860,1,0.5207415903909383,1,0,ctd,logistic_regression,42
P38286,Q05787,1,0.3756419968955585,0,0,ctd,logistic_regression,42
P13393,Q9URQ3,1,0.5685252042646534,1,0,ctd,logistic_regression,42
P30771,Q12494,1,0.5295861477212209,1,0,ctd,logistic_regression,42
P38798,P53199,1,0.49863402893584813,0,0,ctd,logistic_regression,42
P39723,Q08911,1,0.6110432619842912,1,0,ctd,logistic_regression,42
P38328,P41814,1,0.41725195483576294,0,0,ctd,logistic_regression,42
P40963,Q07915,1,0.17362062643349288,0,0,ctd,logistic_regression,42
P43583,Q03012,1,0.4462326885108669,0,0,ctd,logistic_regression,42
P53867,Q08966,1,0.6677751722210125,1,0,ctd,logistic_regression,42
P43637,Q12368,1,0.6671104220441907,1,0,ctd,logistic_regression,42
P18480,Q12033,1,0.6668960122127282,1,0,ctd,logistic_regression,42
P10622,P34758,1,0.8855227714955356,1,0,ctd,logistic_regression,42
P38590,Q06708,1,0.57125326903313,1,0,ctd,logistic_regression,42
P25491,P48562,1,0.7625435190337063,1,0,ctd,logistic_regression,42
P32842,P39707,1,0.2646095803966939,0,0,ctd,logistic_regression,42
P27895,Q05775,1,0.6012546268440048,1,0,ctd,logistic_regression,42
P15442,P39083,1,0.5224906370728803,1,0,ctd,logistic_regression,42
P24783,P80667,1,0.627782622663889,1,0,ctd,logistic_regression,42
P29509,P53169,1,0.568765137663683,1,0,ctd,logistic_regression,42
P34244,Q04199,1,0.3840113058939605,0,0,ctd,logistic_regression,42
P36012,Q12055,1,0.7867535788949992,1,0,ctd,logistic_regression,42
P23624,P38779,1,0.46204792454046045,0,0,ctd,logistic_regression,42
Q08972,Q12206,1,0.5176557942143148,1,0,ctd,logistic_regression,42
Q05166,Q06651,1,0.5837889452950904,1,0,ctd,logistic_regression,42
P20133,Q12034,1,0.6696345663143346,1,0,ctd,logistic_regression,42
P38042,Q12199,1,0.7108513880849078,1,0,ctd,logistic_regression,42
P23059,P53965,1,0.568153649520794,1,0,ctd,logistic_regression,42
P53978,Q02932,1,0.660239675637281,1,0,ctd,logistic_regression,42
P53378,Q08886,1,0.6310002364211632,1,0,ctd,logistic_regression,42
P39944,Q02804,1,0.6787193171984847,1,0,ctd,logistic_regression,42
P38723,Q08193,1,0.507159622862711,1,0,ctd,logistic_regression,42
P11745,P18888,1,0.6797682834141251,1,0,ctd,logistic_regression,42
P53011,Q02825,1,0.6407118416469304,1,0,ctd,logistic_regression,42
P08964,P16658,1,0.5338888082785643,1,0,ctd,logistic_regression,42
P38970,P53886,1,0.4796928400049294,0,0,ctd,logistic_regression,42
P39563,Q08729,1,0.5180614146041115,1,0,ctd,logistic_regression,42
P32588,P39926,1,0.4131296658602353,0,0,ctd,logistic_regression,42
P06169,P47050,1,0.4437087206293456,0,0,ctd,logistic_regression,42
Q05022,Q12020,1,0.5463612631031984,1,0,ctd,logistic_regression,42
P32495,P32582,1,0.6069019919662862,1,0,ctd,logistic_regression,42
P32607,P39715,1,0.43318070596693004,0,0,ctd,logistic_regression,42
P32336,P48240,1,0.49482965947479696,0,0,ctd,logistic_regression,42
P08524,P40202,1,0.6177750709139155,1,0,ctd,logistic_regression,42
P53086,Q03010,1,0.5802045704610472,1,0,ctd,logistic_regression,42
Q12118,Q12301,1,0.2552469384197134,0,0,ctd,logistic_regression,42
Q02197,Q03254,1,0.47659638478220284,0,0,ctd,logistic_regression,42
P53181,P53244,1,0.02631690734649168,0,0,ctd,logistic_regression,42
P24868,P27472,1,0.6648751683912724,1,0,ctd,logistic_regression,42
P18759,P32913,1,0.5016807779941559,1,0,ctd,logistic_regression,42
Q02629,Q05024,1,0.3525492720669306,0,0,ctd,logistic_regression,42
P02400,Q02196,1,0.8536162766879529,1,0,ctd,logistic_regression,42
Q00416,Q06169,1,0.4412680233941851,0,0,ctd,logistic_regression,42
Q07963,Q08119,1,0.4586775618620122,0,0,ctd,logistic_regression,42
P52490,Q06436,1,0.265876306222617,0,0,ctd,logistic_regression,42
O13539,Q04412,1,0.6546344072026276,1,0,ctd,logistic_regression,42
Q02821,Q06409,1,0.6430336717745282,1,0,ctd,logistic_regression,42
P39960,P53540,1,0.5218456473740876,1,0,ctd,logistic_regression,42
P40186,Q08601,1,0.5975776088405695,1,0,ctd,logistic_regression,42
P38623,P39729,1,0.6021073275405057,1,0,ctd,logistic_regression,42
P41800,P53032,1,0.4419563385988736,0,0,ctd,logistic_regression,42
P38636,Q04839,1,0.805048779073222,1,0,ctd,logistic_regression,42
Q05881,Q06616,1,0.7234930745477974,1,0,ctd,logistic_regression,42
P21268,P53540,1,0.505246549919423,1,0,ctd,logistic_regression,42
P07262,P27472,1,0.6490275105248627,1,0,ctd,logistic_regression,42
P49687,Q04053,1,0.6363176933658395,1,0,ctd,logistic_regression,42
P39994,Q12499,1,0.5689143943334849,1,0,ctd,logistic_regression,42
P19812,Q04562,1,0.29162480697646853,0,0,ctd,logistic_regression,42
P38822,Q08438,1,0.6384368119996703,1,0,ctd,logistic_regression,42
P51996,Q04338,1,0.5470731677095586,1,0,ctd,logistic_regression,42
P15442,P33331,1,0.7798098305071706,1,0,ctd,logistic_regression,42
P38988,P53616,1,0.3410797818045425,0,0,ctd,logistic_regression,42
P07251,P40066,1,0.3125266886326862,0,0,ctd,logistic_regression,42
P16467,P38874,1,0.5233430830525313,1,0,ctd,logistic_regression,42
P28743,P38590,1,0.41591769533441453,0,0,ctd,logistic_regression,42
P25390,P46962,1,0.7109769663527736,1,0,ctd,logistic_regression,42
P22204,P40963,1,0.19094280016683074,0,0,ctd,logistic_regression,42
P32364,P53011,1,0.652175372133152,1,0,ctd,logistic_regression,42
P33334,P38697,1,0.49746916426730814,0,0,ctd,logistic_regression,42
P32561,Q00618,1,0.45949415952419825,0,0,ctd,logistic_regression,42
P39682,Q12420,1,0.37784423830087716,0,0,ctd,logistic_regression,42
P46681,Q08214,1,0.3610057607609533,0,0,ctd,logistic_regression,42
P38760,Q05947,1,0.46130269049950284,0,0,ctd,logistic_regression,42
P38855,P47116,1,0.7226115666269982,1,0,ctd,logistic_regression,42
P18410,Q03337,1,0.5162307063647058,1,0,ctd,logistic_regression,42
P32642,P47054,1,0.27548054597409594,0,0,ctd,logistic_regression,42
P40422,P53243,1,0.21403777094610113,0,0,ctd,logistic_regression,42
P20795,Q04562,1,0.22183273448006893,0,0,ctd,logistic_regression,42
P38716,Q03774,1,0.6303695100524606,1,0,ctd,logistic_regression,42
P06784,P31412,1,0.451118004352972,0,0,ctd,logistic_regression,42
P38814,P40515,1,0.5355425054571021,1,0,ctd,logistic_regression,42
P35056,P53082,1,0.8783591062200301,1,0,ctd,logistic_regression,42
P38823,Q12100,1,0.6822899731285532,1,0,ctd,logistic_regression,42
P35210,P39702,1,0.590651553458843,1,0,ctd,logistic_regression,42
P20676,P52488,1,0.5357805480642496,1,0,ctd,logistic_regression,42
P34253,P53847,1,0.5588475533776015,1,0,ctd,logistic_regression,42
P46970,P47122,1,0.5433933898116169,1,0,ctd,logistic_regression,42
P40164,Q12129,1,0.6712176938423788,1,0,ctd,logistic_regression,42
P38283,P38708,1,0.6654969585239435,1,0,ctd,logistic_regression,42
P47045,Q03532,1,0.5423368766700049,1,0,ctd,logistic_regression,42
P32588,P35190,1,0.6896735605041967,1,0,ctd,logistic_regression,42
P20604,P53280,1,0.5618874247012127,1,0,ctd,logistic_regression,42
P09734,P40061,1,0.5572867887265023,1,0,ctd,logistic_regression,42
P52286,P53622,1,0.5277996213310905,1,0,ctd,logistic_regression,42
P28320,Q08773,1,0.6376038135058831,1,0,ctd,logistic_regression,42
P34218,Q06525,1,0.3316531663155313,0,0,ctd,logistic_regression,42
P25344,P48606,1,0.5985468665456013,1,0,ctd,logistic_regression,42
P07991,Q05874,1,0.7116166262361265,1,0,ctd,logistic_regression,42
P40350,P42884,1,0.5365216331950471,1,0,ctd,logistic_regression,42
P21965,P38794,1,0.66603096606694,1,0,ctd,logistic_regression,42
P30902,P38922,1,0.8086815774221787,1,0,ctd,logistic_regression,42
Q05874,Q12301,1,0.29485617236845807,0,0,ctd,logistic_regression,42
P32350,Q12420,1,0.4445720168715631,0,0,ctd,logistic_regression,42
P34244,P42845,1,0.40195904659522436,0,0,ctd,logistic_regression,42
P33400,P47017,1,0.36555680358917164,0,0,ctd,logistic_regression,42
P08018,P46680,1,0.5500771058877966,1,0,ctd,logistic_regression,42
P38068,P40509,1,0.32594120146424316,0,0,ctd,logistic_regression,42
P06101,P53112,1,0.5723631836250772,1,0,ctd,logistic_regression,42
P38759,P40362,1,0.5569310334984324,1,0,ctd,logistic_regression,42
P36124,Q12306,1,0.3220605979554776,0,0,ctd,logistic_regression,42
P47019,Q06169,1,0.5769515425202448,1,0,ctd,logistic_regression,42
P31111,P38265,1,0.4274330213356343,0,0,ctd,logistic_regression,42
P46681,P53259,1,0.316387191214055,0,0,ctd,logistic_regression,42
P42843,P53865,1,0.4978886481291478,0,0,ctd,logistic_regression,42
P53197,Q03956,1,0.7158871929623105,1,0,ctd,logistic_regression,42
P32325,P35181,1,0.4886977074643246,0,0,ctd,logistic_regression,42
P28007,P32525,1,0.655231794271738,1,0,ctd,logistic_regression,42
P07264,P39940,1,0.6281721278393749,1,0,ctd,logistic_regression,42
P02829,P38871,1,0.5595657746204433,1,0,ctd,logistic_regression,42
P33892,Q12129,1,0.6337003003514989,1,0,ctd,logistic_regression,42
P30656,Q07622,1,0.6722342073807642,1,0,ctd,logistic_regression,42
P40302,P50275,1,0.319030951154219,0,0,ctd,logistic_regression,42
P36120,Q07478,1,0.720709440785772,1,0,ctd,logistic_regression,42
P25659,P46949,1,0.4059623370955655,0,0,ctd,logistic_regression,42
P47093,Q04491,1,0.46809417661264563,0,0,ctd,logistic_regression,42
O13553,P38622,1,0.5243055211588138,1,0,ctd,logistic_regression,42
P20604,Q04660,1,0.6051474029816312,1,0,ctd,logistic_regression,42
P25582,P38132,1,0.5630164702667266,1,0,ctd,logistic_regression,42
P20053,P32776,1,0.7168369170678469,1,0,ctd,logistic_regression,42
P00729,P06243,1,0.5321023187823762,1,0,ctd,logistic_regression,42
P23561,P36172,1,0.4218931520730991,0,0,ctd,logistic_regression,42
P00950,P04147,1,0.7465148669818441,1,0,ctd,logistic_regression,42
P35169,P35193,1,0.5833644499720092,1,0,ctd,logistic_regression,42
P38261,P40087,1,0.6045091209445406,1,0,ctd,logistic_regression,42
P38615,Q03071,1,0.5499245167269242,1,0,ctd,logistic_regression,42
P40016,P47116,1,0.6542141188945197,1,0,ctd,logistic_regression,42
P32485,P40202,1,0.6717163165642569,1,0,ctd,logistic_regression,42
P04386,P48510,1,0.5336152478247951,1,0,ctd,logistic_regression,42
P06779,P39944,1,0.5056715430938301,1,0,ctd,logistic_regression,42
P02829,P53754,1,0.48203477876488104,0,0,ctd,logistic_regression,42
P39969,P53196,1,0.5808446876390745,1,0,ctd,logistic_regression,42
P14359,P40302,1,0.19865389476419085,0,0,ctd,logistic_regression,42
P04807,P38282,1,0.45619322515686994,0,0,ctd,logistic_regression,42
P39734,P40450,1,0.6035459904596261,1,0,ctd,logistic_regression,42
P24869,P48232,1,0.5104081592475995,1,0,ctd,logistic_regression,42
P53032,P53955,1,0.4287224507690771,0,0,ctd,logistic_regression,42
P40151,Q12749,1,0.5988273263625439,1,0,ctd,logistic_regression,42
P35207,P40453,1,0.4353818121680242,0,0,ctd,logistic_regression,42
P11154,P38063,1,0.7371587752226951,1,0,ctd,logistic_regression,42
P20449,Q02892,1,0.6127480862820958,1,0,ctd,logistic_regression,42
P15303,Q08817,1,0.5022238772739946,1,0,ctd,logistic_regression,42
P26798,P53914,1,0.7944796410738925,1,0,ctd,logistic_regression,42
Q02948,Q06137,1,0.7216607896815795,1,0,ctd,logistic_regression,42
P15891,P32835,1,0.5157789703783798,1,0,ctd,logistic_regression,42
P00175,P39077,1,0.6879079493141281,1,0,ctd,logistic_regression,42
P07991,Q03758,1,0.5321717449667785,1,0,ctd,logistic_regression,42
P19454,P53094,1,0.5183307605419899,1,0,ctd,logistic_regression,42
P27472,P32492,1,0.628551846078037,1,0,ctd,logistic_regression,42
P00330,P23639,1,0.4981787601935669,0,0,ctd,logistic_regression,42
P22219,P53540,1,0.4819570980089881,0,0,ctd,logistic_regression,42
P32598,P53900,1,0.7219308565065049,1,0,ctd,logistic_regression,42
P47113,Q05949,1,0.49729937103127697,0,0,ctd,logistic_regression,42
P41834,P52286,1,0.678980543452047,1,0,ctd,logistic_regression,42
Q12021,Q12044,1,0.4439982457664069,0,0,ctd,logistic_regression,42
P38182,P46655,1,0.42961549420876577,0,0,ctd,logistic_regression,42
P34077,P38759,1,0.5416212484295796,1,0,ctd,logistic_regression,42
P36013,P38922,1,0.7512286506940542,1,0,ctd,logistic_regression,42
P38249,Q02100,1,0.5070316817274991,1,0,ctd,logistic_regression,42
P32528,P33891,1,0.6273105456642716,1,0,ctd,logistic_regression,42
Q04087,Q04792,1,0.6437832495615766,1,0,ctd,logistic_regression,42
P45819,P50108,1,0.7401757996718283,1,0,ctd,logistic_regression,42
P35056,Q06169,1,0.5927616962075004,1,0,ctd,logistic_regression,42
P39077,Q04930,1,0.5012379908818871,1,0,ctd,logistic_regression,42
P40483,Q12230,1,0.6287664944386313,1,0,ctd,logistic_regression,42
P38863,Q08649,1,0.35797084216542774,0,0,ctd,logistic_regression,42
P46948,Q00362,1,0.7596228866121985,1,0,ctd,logistic_regression,42
P17119,P53271,1,0.7803614428110234,1,0,ctd,logistic_regression,42
P36005,P38219,1,0.8319650843073974,1,0,ctd,logistic_regression,42
P33891,P51862,1,0.7323702234856342,1,0,ctd,logistic_regression,42
P50086,P53277,1,0.6789892842172885,1,0,ctd,logistic_regression,42
P32481,Q08649,1,0.7254241834967692,1,0,ctd,logistic_regression,42
P32786,P47041,1,0.6694166300847854,1,0,ctd,logistic_regression,42
P53048,Q03758,1,0.3785644154264249,0,0,ctd,logistic_regression,42
Q03735,Q12163,1,0.36068777530691953,0,0,ctd,logistic_regression,42
P36019,P53930,1,0.47481609733467767,0,0,ctd,logistic_regression,42
P24869,P43586,1,0.5646682297175036,1,0,ctd,logistic_regression,42
P20433,Q03897,1,0.5231736475123496,1,0,ctd,logistic_regression,42
P25644,P32639,1,0.5270622715588704,1,0,ctd,logistic_regression,42
P00729,P43637,1,0.5485686812067584,1,0,ctd,logistic_regression,42
P33895,P38932,1,0.6658088629443006,1,0,ctd,logistic_regression,42
P14747,P53129,1,0.5348000265490382,1,0,ctd,logistic_regression,42
P10659,P38249,1,0.43794361655354425,0,0,ctd,logistic_regression,42
P21576,P53203,1,0.28444502206781697,0,0,ctd,logistic_regression,42
P25580,Q12396,1,0.3477422171157967,0,0,ctd,logistic_regression,42
P19454,P20459,1,0.5490462635469038,1,0,ctd,logistic_regression,42
P11075,Q08217,1,0.5854014049956413,1,0,ctd,logistic_regression,42
P39994,Q03081,1,0.5311037568762226,1,0,ctd,logistic_regression,42
P21242,Q12222,1,0.541066853593872,1,0,ctd,logistic_regression,42
P25360,P40567,1,0.572212971593585,1,0,ctd,logistic_regression,42
P38072,P53910,1,0.21775956922517586,0,0,ctd,logistic_regression,42
P41813,P47104,1,0.4624096122941135,0,0,ctd,logistic_regression,42
P47027,Q03940,1,0.5221512856249996,1,0,ctd,logistic_regression,42
P36068,P53277,1,0.6794369775753196,1,0,ctd,logistic_regression,42
P34240,P38853,1,0.5820685430606438,1,0,ctd,logistic_regression,42
P06775,Q08902,1,0.4063582806564874,0,0,ctd,logistic_regression,42
P38788,Q03898,1,0.45787250004312946,0,0,ctd,logistic_regression,42
P48240,Q03656,1,0.384075760716262,0,0,ctd,logistic_regression,42
P40461,Q06410,1,0.6439551525357622,1,0,ctd,logistic_regression,42
P38291,P50113,1,0.34965777474635873,0,0,ctd,logistic_regression,42
P08964,P33333,1,0.20683150152175148,0,0,ctd,logistic_regression,42
P07251,Q04359,1,0.600434966757403,1,0,ctd,logistic_regression,42
P32345,Q12315,1,0.4464266724668038,0,0,ctd,logistic_regression,42
P53834,Q12045,1,0.609162137982107,1,0,ctd,logistic_regression,42
P25297,P39010,1,0.5033685871009476,1,0,ctd,logistic_regression,42
P39944,P53924,1,0.7038432224047917,1,0,ctd,logistic_regression,42
P06101,P53847,1,0.6048712382272432,1,0,ctd,logistic_regression,42
P25605,P25644,1,0.48140424711514657,0,0,ctd,logistic_regression,42
P36049,Q06648,1,0.6969512870775223,1,0,ctd,logistic_regression,42
P11746,P38013,1,0.5916022383659078,1,0,ctd,logistic_regression,42
P53040,P53267,1,0.5169570771625719,1,0,ctd,logistic_regression,42
P27636,P38786,1,0.5671705631402383,1,0,ctd,logistic_regression,42
P06701,P38204,1,0.6133323472221036,1,0,ctd,logistic_regression,42
P34240,Q12380,1,0.531865697466093,1,0,ctd,logistic_regression,42
P38699,P41818,1,0.2663074116377016,0,0,ctd,logistic_regression,42
P35729,P36107,1,0.2658486535093952,0,0,ctd,logistic_regression,42
P43586,Q04491,1,0.4635632496690872,0,0,ctd,logistic_regression,42
P12962,P14724,1,0.750314575020466,1,0,ctd,logistic_regression,42
P32589,P33203,1,0.7388671142884122,1,0,ctd,logistic_regression,42
P25043,P32835,1,0.5768115285358489,1,0,ctd,logistic_regression,42
P25586,Q04491,1,0.5266440880477529,1,0,ctd,logistic_regression,42
P27636,P53297,1,0.5688906766977581,1,0,ctd,logistic_regression,42
P20457,P35718,1,0.3601106886404706,0,0,ctd,logistic_regression,42
P40480,P46988,1,0.4708361128608161,0,0,ctd,logistic_regression,42
O14455,P32634,1,0.32975291993705397,0,0,ctd,logistic_regression,42
P25298,P38232,1,0.40378903744410005,0,0,ctd,logistic_regression,42
P33411,P40314,1,0.6644808679984237,1,0,ctd,logistic_regression,42
P30771,P40465,1,0.5351347959391556,1,0,ctd,logistic_regression,42
P38293,Q03071,1,0.6435757963729124,1,0,ctd,logistic_regression,42
P00549,P07278,1,0.4265406106451644,0,0,ctd,logistic_regression,42
P32805,Q03125,1,0.4749516966527147,0,0,ctd,logistic_regression,42
P07283,P29469,1,0.47888668866459594,0,0,ctd,logistic_regression,42
P32525,P40573,1,0.46669895793817623,0,0,ctd,logistic_regression,42
P38792,P40495,1,0.66228076569387,1,0,ctd,logistic_regression,42
P07274,P38149,1,0.5621117139048473,1,0,ctd,logistic_regression,42
P21268,P39960,1,0.5106712328973844,1,0,ctd,logistic_regression,42
Q03690,Q12009,1,0.5740472859396488,1,0,ctd,logistic_regression,42
P32325,Q12175,1,0.5423520082384343,1,0,ctd,logistic_regression,42
P40413,Q12517,1,0.5850415967085985,1,0,ctd,logistic_regression,42
P38070,P41940,1,0.3773455817576106,0,0,ctd,logistic_regression,42
P05318,Q12433,1,0.628777357351701,1,0,ctd,logistic_regression,42
P13099,P33339,1,0.5666495560757403,1,0,ctd,logistic_regression,42
P23287,P32468,1,0.5216752894275943,1,0,ctd,logistic_regression,42
P04147,Q00955,1,0.7000003460579524,1,0,ctd,logistic_regression,42
P33301,Q04225,1,0.34300737411703225,0,0,ctd,logistic_regression,42
P38113,Q03656,1,0.607520001185807,1,0,ctd,logistic_regression,42
P07258,P32478,1,0.3117631002268377,0,0,ctd,logistic_regression,42
P14681,Q06479,1,0.6512399671641789,1,0,ctd,logistic_regression,42
P38153,P47116,1,0.7599139030386957,1,0,ctd,logistic_regression,42
P15891,P53094,1,0.35862228354278036,0,0,ctd,logistic_regression,42
P38346,Q04964,1,0.4594577450969425,0,0,ctd,logistic_regression,42
P31539,P53032,1,0.4782938976293313,0,0,ctd,logistic_regression,42
P38886,P40217,1,0.6661993233086706,1,0,ctd,logistic_regression,42
P33895,P54999,1,0.5211650556408476,1,0,ctd,logistic_regression,42
P43592,P53221,1,0.8605589076425095,1,0,ctd,logistic_regression,42
P38329,P53248,1,0.47264600225177383,0,0,ctd,logistic_regression,42
P38768,Q12365,1,0.6390198681221507,1,0,ctd,logistic_regression,42
P42839,P53894,1,0.3941170262794283,0,0,ctd,logistic_regression,42
Q08496,Q92317,1,0.21191768591129057,0,0,ctd,logistic_regression,42
P32263,P32905,1,0.6086017447888475,1,0,ctd,logistic_regression,42
P39073,P39925,1,0.5514663279483356,1,0,ctd,logistic_regression,42
P40482,Q05670,1,0.46716183908469866,0,0,ctd,logistic_regression,42
P14736,P33328,1,0.6285165900498396,1,0,ctd,logistic_regression,42
P07170,P53163,1,0.7449900534556344,1,0,ctd,logistic_regression,42
P24868,P38228,1,0.586321124189327,1,0,ctd,logistic_regression,42
P38749,Q06108,1,0.4529693223044235,0,0,ctd,logistic_regression,42
P50875,Q07732,0,0.5629389456327495,1,0,ctd,logistic_regression,42
P25567,P54867,0,0.28643368757096227,0,0,ctd,logistic_regression,42
P15367,P36005,0,0.41821654900348737,0,0,ctd,logistic_regression,42
P47129,Q02336,0,0.5702634135268325,1,0,ctd,logistic_regression,42
P39523,Q02805,0,0.5417825829849094,1,0,ctd,logistic_regression,42
P06783,P39969,0,0.2576265374817449,0,0,ctd,logistic_regression,42
P43572,P48566,0,0.6071446425471116,1,0,ctd,logistic_regression,42
P40343,Q03208,0,0.38386657069574087,0,0,ctd,logistic_regression,42
P06104,Q03063,0,0.12666970546859707,0,0,ctd,logistic_regression,42
P12904,P25441,0,0.5493480600701579,1,0,ctd,logistic_regression,42
P32767,P42944,0,0.4705219445812925,0,0,ctd,logistic_regression,42
P39081,P40885,0,0.22519870896961128,0,0,ctd,logistic_regression,42
P47152,Q04412,0,0.5372921173913132,1,0,ctd,logistic_regression,42
P39987,Q06628,0,0.35523510637381217,0,0,ctd,logistic_regression,42
P40473,Q12102,0,0.6672439008333569,1,0,ctd,logistic_regression,42
P27801,P38191,0,0.39025696886593164,0,0,ctd,logistic_regression,42
P10863,P43563,0,0.4043936843184055,0,0,ctd,logistic_regression,42
P20134,Q05080,0,0.7418177718115452,1,0,ctd,logistic_regression,42
P06844,P26755,0,0.5738083660452888,1,0,ctd,logistic_regression,42
P06783,P38719,0,0.3782433987823491,0,0,ctd,logistic_regression,42
P20484,P40462,0,0.6179065875993207,1,0,ctd,logistic_regression,42
P53064,Q12321,0,0.3226178856438396,0,0,ctd,logistic_regression,42
Q06344,Q08550,0,0.6494124622178639,1,0,ctd,logistic_regression,42
P48836,P53616,0,0.3238720564682977,0,0,ctd,logistic_regression,42
Q06554,Q12021,0,0.6078325005612853,1,0,ctd,logistic_regression,42
P07269,P52491,0,0.6071351842277235,1,0,ctd,logistic_regression,42
P38867,Q02554,0,0.41480795284377725,0,0,ctd,logistic_regression,42
P23594,P26449,0,0.6170614495205256,1,0,ctd,logistic_regression,42
Q07540,Q12477,0,0.31269207942280036,0,0,ctd,logistic_regression,42
P38821,Q08271,0,0.6024070033176193,1,0,ctd,logistic_regression,42
P04817,P38623,0,0.3016287083027209,0,0,ctd,logistic_regression,42
P07347,Q02608,0,0.21078509659932576,0,0,ctd,logistic_regression,42
P46954,P47120,0,0.6405805073903498,1,0,ctd,logistic_regression,42
P38826,Q08980,0,0.21117439121939835,0,0,ctd,logistic_regression,42
P40527,P53272,0,0.5092594098023605,1,0,ctd,logistic_regression,42
P33306,P53344,0,0.39968668869204854,0,0,ctd,logistic_regression,42
P23833,Q02908,0,0.5498513956013569,1,0,ctd,logistic_regression,42
P22276,Q02890,0,0.524475260484301,1,0,ctd,logistic_regression,42
P28708,P29311,0,0.7417432925056032,1,0,ctd,logistic_regression,42
P29461,P36016,0,0.39950316322953666,0,0,ctd,logistic_regression,42
Q01329,Q06103,0,0.35309187785225854,0,0,ctd,logistic_regression,42
P39996,Q03308,0,0.677852235699389,1,0,ctd,logistic_regression,42
P07347,P38112,0,0.6400548703832747,1,0,ctd,logistic_regression,42
P14832,P32529,0,0.21146156759633208,0,0,ctd,logistic_regression,42
P27705,Q06168,0,0.693959682908353,1,0,ctd,logistic_regression,42
P43562,Q03834,0,0.20852376736186864,0,0,ctd,logistic_regression,42
P33441,Q12154,0,0.6359001886256722,1,0,ctd,logistic_regression,42
P08153,P26798,0,0.7194483030937616,1,0,ctd,logistic_regression,42
P38716,P38992,0,0.4383970428477409,0,0,ctd,logistic_regression,42
P32854,P39720,0,0.4793982565462863,0,0,ctd,logistic_regression,42
P53857,Q06525,0,0.6254759127457934,1,0,ctd,logistic_regression,42
P19454,P32494,0,0.5198972582777974,1,0,ctd,logistic_regression,42
P09064,P47035,0,0.36566943729881685,0,0,ctd,logistic_regression,42
P39001,P53278,0,0.6644704558239166,1,0,ctd,logistic_regression,42
P25045,P32602,0,0.3769369034222977,0,0,ctd,logistic_regression,42
P40510,Q03254,0,0.5538906317051506,1,0,ctd,logistic_regression,42
P39702,Q05785,0,0.6439228987982979,1,0,ctd,logistic_regression,42
P07276,P43592,0,0.45290244544442415,0,0,ctd,logistic_regression,42
P30624,P39548,0,0.5082345600980374,1,0,ctd,logistic_regression,42
P40582,Q08096,0,0.3742573542247969,0,0,ctd,logistic_regression,42
P38272,Q07418,0,0.7067968090447806,1,0,ctd,logistic_regression,42
P36027,Q03750,0,0.19760124467544826,0,0,ctd,logistic_regression,42
Q06169,Q06205,0,0.27776578906897303,0,0,ctd,logistic_regression,42
P16861,P39954,0,0.6672455510837558,1,0,ctd,logistic_regression,42
P38273,Q12059,0,0.4945203292312876,0,0,ctd,logistic_regression,42
P12887,Q03785,0,0.555375361527023,1,0,ctd,logistic_regression,42
P30624,P40348,0,0.47829347580078907,0,0,ctd,logistic_regression,42
P23394,P32832,0,0.3647693897191869,0,0,ctd,logistic_regression,42
P24719,P32525,0,0.3854683699899833,0,0,ctd,logistic_regression,42
P08456,P45818,0,0.38017198653886414,0,0,ctd,logistic_regression,42
P25454,P28004,0,0.7051443759110598,1,0,ctd,logistic_regression,42
P32828,Q08496,0,0.5449087931897457,1,0,ctd,logistic_regression,42
P40510,P47025,0,0.49611799040653437,0,0,ctd,logistic_regression,42
P32597,P35181,0,0.41386956798904445,0,0,ctd,logistic_regression,42
Q06200,Q12041,0,0.4245807380008375,0,0,ctd,logistic_regression,42
Q03330,Q06339,0,0.7473780001934855,1,0,ctd,logistic_regression,42
P23776,P36224,0,0.3635862334578521,0,0,ctd,logistic_regression,42
P38590,P38781,0,0.508454691467148,1,0,ctd,logistic_regression,42
P12684,Q06451,0,0.27777270432985274,0,0,ctd,logistic_regression,42
Q06706,Q12174,0,0.10391766474484732,0,0,ctd,logistic_regression,42
P36160,P38729,0,0.18491637952925652,0,0,ctd,logistic_regression,42
P32389,Q05933,0,0.5488135231285274,1,0,ctd,logistic_regression,42
P09435,Q03323,0,0.6835910823052848,1,0,ctd,logistic_regression,42
P32657,P46673,0,0.5532567954053795,1,0,ctd,logistic_regression,42
P35184,Q08032,0,0.6489234934205224,1,0,ctd,logistic_regression,42
P07249,P53691,0,0.38866010959059205,0,0,ctd,logistic_regression,42
P25441,Q12168,0,0.37651084414296776,0,0,ctd,logistic_regression,42
P18239,Q12469,0,0.1958880594760486,0,0,ctd,logistic_regression,42
P41810,P46961,0,0.08814929203523185,0,0,ctd,logistic_regression,42
P25382,P33335,0,0.09411832068905544,0,0,ctd,logistic_regression,42
P32559,P39960,0,0.320089930014733,0,0,ctd,logistic_regression,42
P38428,P47025,0,0.2909990429815003,0,0,ctd,logistic_regression,42
P22515,P48813,0,0.29074360053909093,0,0,ctd,logistic_regression,42
P40325,Q06135,0,0.19181702207266435,0,0,ctd,logistic_regression,42
P31111,Q03048,0,0.23039609091249016,0,0,ctd,logistic_regression,42
P39967,P43581,0,0.16149367209111162,0,0,ctd,logistic_regression,42
P41546,P53100,0,0.7160482341148646,1,0,ctd,logistic_regression,42
P34087,Q06697,0,0.36098710886465685,0,0,ctd,logistic_regression,42
P38064,P38959,0,0.4314509381484797,0,0,ctd,logistic_regression,42
P38922,P43542,0,0.5148255782779358,1,0,ctd,logistic_regression,42
P32480,P53551,0,0.37517173720957814,0,0,ctd,logistic_regression,42
P53152,P53823,0,0.313907471132712,0,0,ctd,logistic_regression,42
Q03579,Q03900,0,0.22632421507856987,0,0,ctd,logistic_regression,42
P32892,Q06135,0,0.281061695965443,0,0,ctd,logistic_regression,42
P33203,Q12035,0,0.49280668079966966,0,0,ctd,logistic_regression,42
P53108,Q12277,0,0.6492677187399539,1,0,ctd,logistic_regression,42
P21651,Q00246,0,0.3437633053061016,0,0,ctd,logistic_regression,42
P54837,Q02908,0,0.38343046125854824,0,0,ctd,logistic_regression,42
P36129,P38915,0,0.049332070038800094,0,0,ctd,logistic_regression,42
P00410,P15891,0,0.4305124604024236,0,0,ctd,logistic_regression,42
P38779,Q07509,0,0.11328100922277,0,0,ctd,logistic_regression,42
P15367,Q12390,0,0.33365952591116627,0,0,ctd,logistic_regression,42
P38744,P41695,0,0.4790349525198408,0,0,ctd,logistic_regression,42
P14291,P32581,0,0.44294223268732125,0,0,ctd,logistic_regression,42
P32599,Q06224,0,0.6781271132288316,1,0,ctd,logistic_regression,42
P53209,Q12310,0,0.2779118607414437,0,0,ctd,logistic_regression,42
P02829,Q06630,0,0.3250060056194785,0,0,ctd,logistic_regression,42
P23638,Q03465,0,0.624420346531968,1,0,ctd,logistic_regression,42
P19812,P39678,0,0.49258972364980264,0,0,ctd,logistic_regression,42
P40303,P40319,0,0.0663634002585422,0,0,ctd,logistic_regression,42
P40078,P40355,0,0.670256867440163,1,0,ctd,logistic_regression,42
P25376,Q12006,0,0.34271980388213896,0,0,ctd,logistic_regression,42
P26755,P53176,0,0.5773925196761373,1,0,ctd,logistic_regression,42
P38204,Q02784,0,0.4551905473901647,0,0,ctd,logistic_regression,42
P21304,Q99260,0,0.27917937320485153,0,0,ctd,logistic_regression,42
P25296,Q08096,0,0.5700080270040825,1,0,ctd,logistic_regression,42
P32801,P38264,0,0.3409246511979921,0,0,ctd,logistic_regression,42
P53755,Q12216,0,0.36941681278783906,0,0,ctd,logistic_regression,42
P39524,P39723,0,0.4251851967496661,0,0,ctd,logistic_regression,42
P35182,P53851,0,0.5701805837477809,1,0,ctd,logistic_regression,42
O14455,P39720,0,0.2813584569960286,0,0,ctd,logistic_regression,42
P11710,P38820,0,0.4111448410836409,0,0,ctd,logistic_regression,42
P33122,Q02629,0,0.2585381260926301,0,0,ctd,logistic_regression,42
P27705,P39875,0,0.5353317566989931,1,0,ctd,logistic_regression,42
P37838,Q03497,0,0.6323040616606137,1,0,ctd,logistic_regression,42
P47025,Q12377,0,0.6160259247310093,1,0,ctd,logistic_regression,42
P23291,Q04439,0,0.4701627338596344,0,0,ctd,logistic_regression,42
P08638,P47116,0,0.7181632813979638,1,0,ctd,logistic_regression,42
P38304,P53883,0,0.47775086919676507,0,0,ctd,logistic_regression,42
P33421,P40465,0,0.09705473126885958,0,0,ctd,logistic_regression,42
P38992,Q02908,0,0.3859531008591061,0,0,ctd,logistic_regression,42
P02294,P32905,0,0.3821083246466625,0,0,ctd,logistic_regression,42
P02294,P32600,0,0.552043225547963,1,0,ctd,logistic_regression,42
P11747,P40343,0,0.5585785059395161,1,0,ctd,logistic_regression,42
P25502,P38627,0,0.5357793768187338,1,0,ctd,logistic_regression,42
P39011,P46964,0,0.5592132015971942,1,0,ctd,logistic_regression,42
P38153,P45976,0,0.6096135680115795,1,0,ctd,logistic_regression,42
P00330,P32830,0,0.3005763494254447,0,0,ctd,logistic_regression,42
P13902,P22147,0,0.6883222812497064,1,0,ctd,logistic_regression,42
Q12157,Q12499,0,0.6184314329117757,1,0,ctd,logistic_regression,42
P46985,Q12059,0,0.6299591697303661,1,0,ctd,logistic_regression,42
P10961,P25303,0,0.7772684821383538,1,0,ctd,logistic_regression,42
P38910,P50091,0,0.3032158313295798,0,0,ctd,logistic_regression,42
P06704,P28496,0,0.09468410414029078,0,0,ctd,logistic_regression,42
P39540,Q99344,0,0.14515848992502,0,0,ctd,logistic_regression,42
P38262,P53079,0,0.8153898002902505,1,0,ctd,logistic_regression,42
P32566,P38736,0,0.295531892394523,0,0,ctd,logistic_regression,42
P38889,Q08975,0,0.5297994918056411,1,0,ctd,logistic_regression,42
P53093,P53855,0,0.3365322534637212,0,0,ctd,logistic_regression,42
P40438,Q12243,0,0.021444397234190702,0,0,ctd,logistic_regression,42
P08456,P32911,0,0.4533174063567718,0,0,ctd,logistic_regression,42
P23833,P40482,0,0.37059251131722665,0,0,ctd,logistic_regression,42
P32788,P36013,0,0.4370492420405948,0,0,ctd,logistic_regression,42
P25558,P53616,0,0.4162609936984884,0,0,ctd,logistic_regression,42
P07261,Q12365,0,0.43096129558810803,0,0,ctd,logistic_regression,42
P33301,P46671,0,0.48168626933926934,0,0,ctd,logistic_regression,42
P40554,P43572,0,0.6857644554980169,1,0,ctd,logistic_regression,42
P47187,Q04226,0,0.15999327335741126,0,0,ctd,logistic_regression,42
Q04697,Q12021,0,0.6613295722582316,1,0,ctd,logistic_regression,42
P04786,P38953,0,0.30050722258800117,0,0,ctd,logistic_regression,42
P32597,P32899,0,0.5403727892979917,1,0,ctd,logistic_regression,42
P38431,Q99382,0,0.058002446282330644,0,0,ctd,logistic_regression,42
P32523,P32908,0,0.5420257519214506,1,0,ctd,logistic_regression,42
P46674,Q03579,0,0.15265129477617081,0,0,ctd,logistic_regression,42
P46964,P53316,0,0.37788107509778956,0,0,ctd,logistic_regression,42
P32492,P39702,0,0.48808306882891017,0,0,ctd,logistic_regression,42
P35194,P40455,0,0.3329720847842656,0,0,ctd,logistic_regression,42
P53883,Q02608,0,0.20335228442786715,0,0,ctd,logistic_regression,42
P31412,P53551,0,0.6329749932844205,1,0,ctd,logistic_regression,42
P53215,Q02884,0,0.4350199183673994,0,0,ctd,logistic_regression,42
P35187,P53269,0,0.34542900132976423,0,0,ctd,logistic_regression,42
P39517,Q08032,0,0.7063755503759322,1,0,ctd,logistic_regression,42
P38822,Q99344,0,0.46941275850475883,0,0,ctd,logistic_regression,42
P32381,P39520,0,0.5628901394062712,1,0,ctd,logistic_regression,42
P40582,Q02804,0,0.33500842601091124,0,0,ctd,logistic_regression,42
P34730,Q03465,0,0.5990001190445413,1,0,ctd,logistic_regression,42
P32788,P48813,0,0.31233581417893774,0,0,ctd,logistic_regression,42
P53628,Q02336,0,0.501681426635241,1,0,ctd,logistic_regression,42
P38811,P39077,0,0.5418859905837194,1,0,ctd,logistic_regression,42
P05317,P21538,0,0.774480132000003,1,0,ctd,logistic_regression,42
P38904,P53272,0,0.40172962246754335,0,0,ctd,logistic_regression,42
P32561,P53954,0,0.335259483440144,0,0,ctd,logistic_regression,42
P32805,Q04195,0,0.5832275126596355,1,0,ctd,logistic_regression,42
P25644,P40957,0,0.557100622638182,1,0,ctd,logistic_regression,42
P47011,P53633,0,0.1725063227542063,0,0,ctd,logistic_regression,42
P04786,P32379,0,0.5134710829825425,1,0,ctd,logistic_regression,42
P38883,P39552,0,0.40145455930477514,0,0,ctd,logistic_regression,42
P43545,P50091,0,0.556920440512265,1,0,ctd,logistic_regression,42
P42946,Q03920,0,0.23812315505316467,0,0,ctd,logistic_regression,42
P32447,P32803,0,0.27919214987498503,0,0,ctd,logistic_regression,42
P38877,Q99394,0,0.5592700460713348,1,0,ctd,logistic_regression,42
P38328,Q12349,0,0.14095298776184992,0,0,ctd,logistic_regression,42
P24719,P54854,0,0.23109682207697846,0,0,ctd,logistic_regression,42
P31380,P48582,0,0.5340652188673136,1,0,ctd,logistic_regression,42
P46672,Q03208,0,0.503167959798358,1,0,ctd,logistic_regression,42
P32910,P38757,0,0.29166299411858815,0,0,ctd,logistic_regression,42
P17891,P41546,0,0.679537896261791,1,0,ctd,logistic_regression,42
P47052,Q06665,0,0.4630175863388539,0,0,ctd,logistic_regression,42
P35169,P40450,0,0.5982047705123935,1,0,ctd,logistic_regression,42
P54862,Q03308,0,0.27153568163107566,0,0,ctd,logistic_regression,42
P33421,Q12306,0,0.24758439115374983,0,0,ctd,logistic_regression,42
Q05031,Q08204,0,0.3392058938325438,0,0,ctd,logistic_regression,42
P53388,Q99344,0,0.21653913364057903,0,0,ctd,logistic_regression,42
P39010,P40032,0,0.49456997491713856,0,0,ctd,logistic_regression,42
P28006,P40075,0,0.4163982682401792,0,0,ctd,logistic_regression,42
Q06815,Q12018,0,0.6828477397883119,1,0,ctd,logistic_regression,42
P35198,Q06001,0,0.5259560940589839,1,0,ctd,logistic_regression,42
P38042,P39685,0,0.4285861332654502,0,0,ctd,logistic_regression,42
P40010,P43621,0,0.5506047952550597,1,0,ctd,logistic_regression,42
P38523,Q01649,0,0.8445946832589468,1,0,ctd,logistic_regression,42
P32828,P32898,0,0.5775620107497835,1,0,ctd,logistic_regression,42
P15873,P33122,0,0.7961555078005618,1,0,ctd,logistic_regression,42
P28320,Q06406,0,0.5309431377577304,1,0,ctd,logistic_regression,42
P32527,P38695,0,0.16573137788182027,0,0,ctd,logistic_regression,42
P53215,Q07381,0,0.35692295215887704,0,0,ctd,logistic_regression,42
P38781,P53971,0,0.3471137754956792,0,0,ctd,logistic_regression,42
P32902,P35691,0,0.6007738544936835,1,0,ctd,logistic_regression,42
P51534,Q08553,0,0.6969979797883682,1,0,ctd,logistic_regression,42
P19659,P36049,0,0.44981441969571007,0,0,ctd,logistic_regression,42
P36094,P38072,0,0.3601131785456852,0,0,ctd,logistic_regression,42
P22141,P32564,0,0.515846646969769,1,0,ctd,logistic_regression,42
P42944,Q03900,0,0.37012456703267105,0,0,ctd,logistic_regression,42
P19736,P24482,0,0.5448525309682005,1,0,ctd,logistic_regression,42
P16451,P32939,0,0.3944829666278833,0,0,ctd,logistic_regression,42
P35177,P38249,0,0.6050704016631129,1,0,ctd,logistic_regression,42
P18239,Q03018,0,0.24942750170199005,0,0,ctd,logistic_regression,42
P53108,P53211,0,0.5961179409576569,1,0,ctd,logistic_regression,42
Q03323,Q03900,0,0.4745883066980922,0,0,ctd,logistic_regression,42
P39001,P52919,0,0.4830703475104566,0,0,ctd,logistic_regression,42
P32492,Q08923,0,0.2493776930392063,0,0,ctd,logistic_regression,42
P38084,Q04067,0,0.5194266906648993,1,0,ctd,logistic_regression,42
Q07376,Q07540,0,0.23163280655580987,0,0,ctd,logistic_regression,42
P26188,Q00772,0,0.6305363573677417,1,0,ctd,logistic_regression,42
P00330,Q02939,0,0.38068806594046095,0,0,ctd,logistic_regression,42
P15938,Q12411,0,0.6270185124566037,1,0,ctd,logistic_regression,42
P29465,Q03976,0,0.19395414623265783,0,0,ctd,logistic_regression,42
P40360,P47053,0,0.4249046162862706,0,0,ctd,logistic_regression,42
P46671,Q06449,0,0.4188793881649883,0,0,ctd,logistic_regression,42
P53924,Q06224,0,0.6877538533546081,1,0,ctd,logistic_regression,42
P14906,Q06551,0,0.12888900414315035,0,0,ctd,logistic_regression,42
P06103,P19736,0,0.36668204818831346,0,0,ctd,logistic_regression,42
P33335,P47150,0,0.086022622421825,0,0,ctd,logistic_regression,42
P18410,P43604,0,0.7100232228240104,1,0,ctd,logistic_regression,42
P36012,P38781,0,0.32837956280521574,0,0,ctd,logistic_regression,42
P06775,P53851,0,0.43842127780885404,0,0,ctd,logistic_regression,42
P40457,P53959,0,0.6872644851603761,1,0,ctd,logistic_regression,42
P87108,Q03263,0,0.0782771096775067,0,0,ctd,logistic_regression,42
P07347,P29055,0,0.5174440258222908,1,0,ctd,logistic_regression,42
P00729,P40434,0,0.5112546569708301,1,0,ctd,logistic_regression,42
P20434,Q06412,0,0.5116268588688341,1,0,ctd,logistic_regression,42
Q04935,Q05610,0,0.344556224234769,0,0,ctd,logistic_regression,42
P39704,Q03337,0,0.09527085510547537,0,0,ctd,logistic_regression,42
P39729,P48581,0,0.6909986695528226,1,0,ctd,logistic_regression,42
P05375,Q05027,0,0.41939105809242927,0,0,ctd,logistic_regression,42
P33298,P53973,0,0.4526237710927934,0,0,ctd,logistic_regression,42
P28320,P40541,0,0.5856410898462185,1,0,ctd,logistic_regression,42
Q04493,Q07921,0,0.4785529875847827,0,0,ctd,logistic_regression,42
P40341,P49435,0,0.3991641348056873,0,0,ctd,logistic_regression,42
P36121,P38428,0,0.29560171642902605,0,0,ctd,logistic_regression,42
P33754,P57743,0,0.8514655547247998,1,0,ctd,logistic_regression,42
P13433,P32468,0,0.43065224496361043,0,0,ctd,logistic_regression,42
P21957,Q06177,0,0.4155533611845186,0,0,ctd,logistic_regression,42
P29366,Q05911,0,0.5801349719860256,1,0,ctd,logistic_regression,42
P38705,P39720,0,0.47503516345407143,0,0,ctd,logistic_regression,42
P11978,P38523,0,0.7433611628925963,1,0,ctd,logistic_regression,42
P00358,P07390,0,0.40054704213732284,0,0,ctd,logistic_regression,42
P40434,Q01389,0,0.5296896103433502,1,0,ctd,logistic_regression,42
P33304,P40096,0,0.6733021133973011,1,0,ctd,logistic_regression,42
P23833,P89886,0,0.6559420653166039,1,0,ctd,logistic_regression,42
P14908,P33331,0,0.43132160706189826,0,0,ctd,logistic_regression,42
P22216,P40475,0,0.17734773793910394,0,0,ctd,logistic_regression,42
P18239,P32939,0,0.17420518165117763,0,0,ctd,logistic_regression,42
P02309,Q06200,0,0.4782932257735087,0,0,ctd,logistic_regression,42
P19263,P22219,0,0.4345431769220749,0,0,ctd,logistic_regression,42
P38344,P39524,0,0.4981698809161829,0,0,ctd,logistic_regression,42
P38967,Q12329,0,0.26620944460190316,0,0,ctd,logistic_regression,42
P32581,Q03702,0,0.32078846688787616,0,0,ctd,logistic_regression,42
Q05359,Q05778,0,0.5166153833840094,1,0,ctd,logistic_regression,42
P29509,P41817,0,0.6636282290467109,1,0,ctd,logistic_regression,42
P25648,P50945,0,0.46558653121559995,0,0,ctd,logistic_regression,42
Q03213,Q06091,0,0.33120395778258305,0,0,ctd,logistic_regression,42
P11075,Q02336,0,0.5284747723750548,1,0,ctd,logistic_regression,42
P38781,Q00873,0,0.35228435130420815,0,0,ctd,logistic_regression,42
P36104,Q05947,0,0.5044175745062276,1,0,ctd,logistic_regression,42
P32628,Q12336,0,0.46162333350556434,0,0,ctd,logistic_regression,42
P13433,P20604,0,0.6899977333262782,1,0,ctd,logistic_regression,42
P28834,P38181,0,0.6118133664512379,1,0,ctd,logistic_regression,42
P32354,P39707,0,0.7334098814150186,1,0,ctd,logistic_regression,42
P40055,P87108,0,0.33799586995508496,0,0,ctd,logistic_regression,42
P20484,P50091,0,0.614286544760389,1,0,ctd,logistic_regression,42
P81450,Q12142,0,0.07950981954587648,0,0,ctd,logistic_regression,42
P22138,P23639,0,0.5042982349029103,1,0,ctd,logistic_regression,42
P08678,P14682,0,0.3710328555684673,0,0,ctd,logistic_regression,42
P32494,P53965,0,0.7045900767450303,1,0,ctd,logistic_regression,42
P25297,P33314,0,0.4675465862212855,0,0,ctd,logistic_regression,42
P38784,P43563,0,0.26395103485783605,0,0,ctd,logistic_regression,42
P22135,P53212,0,0.5205616631706014,1,0,ctd,logistic_regression,42
P38953,P40492,0,0.4102674938344952,0,0,ctd,logistic_regression,42
Q02908,Q92316,0,0.2854358699995333,0,0,ctd,logistic_regression,42
P20052,P33767,0,0.48623134754929265,0,0,ctd,logistic_regression,42
P00431,P38789,0,0.6205737473494954,1,0,ctd,logistic_regression,42
Q00381,Q03063,0,0.2532923645083832,0,0,ctd,logistic_regression,42
P25453,P32787,0,0.37408464886167153,0,0,ctd,logistic_regression,42
P53877,Q12154,0,0.7390857040472376,1,0,ctd,logistic_regression,42
P43603,Q06815,0,0.44021361280255655,0,0,ctd,logistic_regression,42
P07703,P10834,0,0.510999709361624,1,0,ctd,logistic_regression,42
P00420,Q03254,0,0.42858775379838926,0,0,ctd,logistic_regression,42
P40693,Q08749,0,0.2496736992827355,0,0,ctd,logistic_regression,42
P23776,P32599,0,0.42725007390858544,0,0,ctd,logistic_regression,42
P10961,P36029,0,0.4671831402993992,0,0,ctd,logistic_regression,42
P11914,Q08204,0,0.48992005405637007,0,0,ctd,logistic_regression,42
P25646,P47074,0,0.4068003527939069,0,0,ctd,logistic_regression,42
P38182,P40348,0,0.38556729131626183,0,0,ctd,logistic_regression,42
P39713,P47115,0,0.4506064850407636,0,0,ctd,logistic_regression,42
P24384,P53207,0,0.5072017710582197,1,0,ctd,logistic_regression,42
P35207,P43609,0,0.6432783104252351,1,0,ctd,logistic_regression,42
P53286,Q12192,0,0.46040115238414725,0,0,ctd,logistic_regression,42
P29056,P54999,0,0.625732604676214,1,0,ctd,logistic_regression,42
P39016,P53167,0,0.641990867216715,1,0,ctd,logistic_regression,42
P29539,P36165,0,0.5755561195236453,1,0,ctd,logistic_regression,42
P22543,P32914,0,0.5860649958961165,1,0,ctd,logistic_regression,42
P40434,Q05946,0,0.4688940664143919,0,0,ctd,logistic_regression,42
Q03322,Q06632,0,0.6172465615932029,1,0,ctd,logistic_regression,42
P32502,P53337,0,0.08188171296478608,0,0,ctd,logistic_regression,42
P34161,Q12443,0,0.652808682639886,1,0,ctd,logistic_regression,42
P25389,P35191,0,0.44795889357953933,0,0,ctd,logistic_regression,42
P18562,P53877,0,0.5818028546349191,1,0,ctd,logistic_regression,42
P38123,P53550,0,0.2599972499659169,0,0,ctd,logistic_regression,42
P32610,P33301,0,0.629451487854349,1,0,ctd,logistic_regression,42
P40541,P41818,0,0.310740365895205,0,0,ctd,logistic_regression,42
P53181,Q06630,0,0.030286056239980323,0,0,ctd,logistic_regression,42
P53258,Q12450,0,0.14074372684657518,0,0,ctd,logistic_regression,42
P40991,Q01159,0,0.5183092377323847,1,0,ctd,logistic_regression,42
P19358,Q06676,0,0.1275612778158832,0,0,ctd,logistic_regression,42
P53322,Q06405,0,0.030704216681659385,0,0,ctd,logistic_regression,42
P38121,Q05022,0,0.5107978959434034,1,0,ctd,logistic_regression,42
Q08962,Q12406,0,0.3596397767718103,0,0,ctd,logistic_regression,42
P38708,P40456,0,0.5697736660573645,1,0,ctd,logistic_regression,42
P00830,P47038,0,0.055683948296284015,0,0,ctd,logistic_regression,42
P38959,P39928,0,0.4165123066139239,0,0,ctd,logistic_regression,42
Q03103,Q06673,0,0.4431284654469587,0,0,ctd,logistic_regression,42
P25303,Q02159,0,0.4215446799979185,0,0,ctd,logistic_regression,42
P22147,Q12692,0,0.8527384923711705,1,0,ctd,logistic_regression,42
P04050,P41920,0,0.6393494569300134,1,0,ctd,logistic_regression,42
P40020,P54837,0,0.18858858783339566,0,0,ctd,logistic_regression,42
P32350,Q12692,0,0.6593647679800911,1,0,ctd,logistic_regression,42
P08456,P41808,0,0.5278322044069076,1,0,ctd,logistic_regression,42
P34238,Q03776,0,0.15299795343755904,0,0,ctd,logistic_regression,42
P35191,P39723,0,0.45169824940290526,0,0,ctd,logistic_regression,42
P36009,P53743,0,0.6872078910365718,1,0,ctd,logistic_regression,42
P32914,P36034,0,0.25428714604507274,0,0,ctd,logistic_regression,42
P32468,P53115,0,0.5698860472458778,1,0,ctd,logistic_regression,42
P05453,Q06525,0,0.6180916854320615,1,0,ctd,logistic_regression,42
P43601,P47037,0,0.5329135586649174,1,0,ctd,logistic_regression,42
P14681,Q02784,0,0.6238883667209553,1,0,ctd,logistic_regression,42
P06704,P39101,0,0.3155734070355673,0,0,ctd,logistic_regression,42
P38068,P40457,0,0.4947633035941021,0,0,ctd,logistic_regression,42
P38705,Q12223,0,0.29404477824146835,0,0,ctd,logistic_regression,42
P38989,P53952,0,0.6437407160212574,1,0,ctd,logistic_regression,42
Q12327,Q12389,0,0.3005125652847613,0,0,ctd,logistic_regression,42
P38272,Q12186,0,0.4510154788574472,0,0,ctd,logistic_regression,42
P25358,P32657,0,0.12516436678106732,0,0,ctd,logistic_regression,42
P07274,P38811,0,0.5826241685316834,1,0,ctd,logistic_regression,42
P34162,P53855,0,0.5484056995893225,1,0,ctd,logistic_regression,42
Q04651,Q12138,0,0.2688115719742158,0,0,ctd,logistic_regression,42
P32916,P36973,0,0.517391600249439,1,0,ctd,logistic_regression,42
P39004,P53750,0,0.278417500758301,0,0,ctd,logistic_regression,42
P11914,Q12464,0,0.5452183091212475,1,0,ctd,logistic_regression,42
P25298,P42946,0,0.17164226152783404,0,0,ctd,logistic_regression,42
P53124,Q08685,0,0.4388201528151809,0,0,ctd,logistic_regression,42
P21951,P32571,0,0.5420572657787884,1,0,ctd,logistic_regression,42
Q02805,Q08444,0,0.5694806042843631,1,0,ctd,logistic_regression,42
P32559,Q02825,0,0.3614304143408115,0,0,ctd,logistic_regression,42
P38077,P38351,0,0.4185461488014909,0,0,ctd,logistic_regression,42
P14906,P38344,0,0.4992568959058377,0,0,ctd,logistic_regression,42
P06169,P39112,0,0.49552064774911214,0,0,ctd,logistic_regression,42
P00175,Q03750,0,0.477427674330652,0,0,ctd,logistic_regression,42
Q05947,Q12174,0,0.10346914119335156,0,0,ctd,logistic_regression,42
P29539,Q03619,0,0.5343715978866066,1,0,ctd,logistic_regression,42
P38785,Q03323,0,0.5925172983080469,1,0,ctd,logistic_regression,42
P38717,P38999,0,0.5368801116730111,1,0,ctd,logistic_regression,42
P21827,P32793,0,0.33873017083830337,0,0,ctd,logistic_regression,42
O13565,P16370,0,0.4784732860413021,0,0,ctd,logistic_regression,42
P23595,P35691,0,0.6429997955356611,1,0,ctd,logistic_regression,42
P32787,P47117,0,0.5980375520685948,1,0,ctd,logistic_regression,42
P32912,Q99382,0,0.0547381182998496,0,0,ctd,logistic_regression,42
P28239,P36027,0,0.29683640846716547,0,0,ctd,logistic_regression,42
P08518,Q06440,0,0.6313062132026714,1,0,ctd,logistic_regression,42
P27476,P38182,0,0.7668904991293596,1,0,ctd,logistic_regression,42
P38138,P38838,0,0.4519368152854457,0,0,ctd,logistic_regression,42
Q01217,Q12434,0,0.6060464689213135,1,0,ctd,logistic_regression,42
P18239,P32838,0,0.29670036453763793,0,0,ctd,logistic_regression,42
P39994,Q00873,0,0.41704908610335256,0,0,ctd,logistic_regression,42
P33122,Q99181,0,0.4780825282785002,0,0,ctd,logistic_regression,42
P32783,P47027,0,0.36563067314023856,0,0,ctd,logistic_regression,42
P39563,P53176,0,0.40035903323042016,0,0,ctd,logistic_regression,42
O13297,P46947,0,0.6369728210842822,1,0,ctd,logistic_regression,42
P53147,Q06640,0,0.1865762156017725,0,0,ctd,logistic_regression,42
P38699,Q02908,0,0.5030812312046584,1,0,ctd,logistic_regression,42
P38757,Q12159,0,0.40020290840890016,0,0,ctd,logistic_regression,42
Q02256,Q12019,0,0.5879063579271006,1,0,ctd,logistic_regression,42
P00729,Q02774,0,0.4686196312612521,0,0,ctd,logistic_regression,42
P32898,P36129,0,0.1290856517434693,0,0,ctd,logistic_regression,42
P12684,P39987,0,0.34168058591014383,0,0,ctd,logistic_regression,42
P21374,Q03944,0,0.7167794650938297,1,0,ctd,logistic_regression,42
P48568,P53974,0,0.5589717142596604,1,0,ctd,logistic_regression,42
P32783,P43682,0,0.22923999737124753,0,0,ctd,logistic_regression,42
P38111,P53281,0,0.5404155211970537,1,0,ctd,logistic_regression,42
P36168,P50104,0,0.4657757403966641,0,0,ctd,logistic_regression,42
P43560,P47012,0,0.6764338530020629,1,0,ctd,logistic_regression,42
P00410,P43560,0,0.5899366159220816,1,0,ctd,logistic_regression,42
P33339,P48813,0,0.31288771333475285,0,0,ctd,logistic_regression,42
P32387,P47029,0,0.7315520558815753,1,0,ctd,logistic_regression,42
P38072,P47012,0,0.419671510130961,0,0,ctd,logistic_regression,42
P40064,P47115,0,0.392793637452042,0,0,ctd,logistic_regression,42
P34227,Q03465,0,0.44100884734780543,0,0,ctd,logistic_regression,42
P25646,P38156,0,0.30660055721298857,0,0,ctd,logistic_regression,42
P39734,Q03337,0,0.2975802109025875,0,0,ctd,logistic_regression,42
P32496,P35179,0,0.058966478941569624,0,0,ctd,logistic_regression,42
P48836,Q06344,0,0.7481438625352476,1,0,ctd,logistic_regression,42
P32561,Q02794,0,0.6159610267356234,1,0,ctd,logistic_regression,42
P25604,Q03976,0,0.2494740897265826,0,0,ctd,logistic_regression,42
P32571,Q06208,0,0.4437904398470703,0,0,ctd,logistic_regression,42
P19358,Q00539,0,0.5152979909022843,1,0,ctd,logistic_regression,42
P04912,P46964,0,0.09895694447375804,0,0,ctd,logistic_regression,42
P38784,P39108,0,0.38313251073638005,0,0,ctd,logistic_regression,42
P32319,Q99314,0,0.45432106073371126,0,0,ctd,logistic_regression,42
P28708,P43581,0,0.2121691361766165,0,0,ctd,logistic_regression,42
P38729,Q08749,0,0.04638468037232079,0,0,ctd,logistic_regression,42
P13902,P53616,0,0.5914736072473563,1,0,ctd,logistic_regression,42
P46949,P53079,0,0.6320952497555739,1,0,ctd,logistic_regression,42
P34238,P38842,0,0.018866632594020178,0,0,ctd,logistic_regression,42
P16370,Q07376,0,0.5808223707158792,1,0,ctd,logistic_regression,42
Q01852,Q12318,0,0.4638371487844846,0,0,ctd,logistic_regression,42
P29311,P38352,0,0.5202177222119989,1,0,ctd,logistic_regression,42
P25336,P38181,0,0.4464125331995956,0,0,ctd,logistic_regression,42
P38907,P53253,0,0.49082456395851487,0,0,ctd,logistic_regression,42
P24384,P33400,0,0.5167345797010208,1,0,ctd,logistic_regression,42
P47134,P53878,0,0.37459597593069155,0,0,ctd,logistic_regression,42
P07272,P07347,0,0.3951349915805142,0,0,ctd,logistic_regression,42
P26188,P40513,0,0.5923858340890514,1,0,ctd,logistic_regression,42
P16861,P38351,0,0.46226944745992643,0,0,ctd,logistic_regression,42
P30619,P38751,0,0.2432654822665636,0,0,ctd,logistic_regression,42
P14736,P47115,0,0.5692172045213415,1,0,ctd,logistic_regression,42
P38716,P53181,0,0.04428116398173606,0,0,ctd,logistic_regression,42
P53952,P81450,0,0.1145445583226101,0,0,ctd,logistic_regression,42
P23833,Q12390,0,0.2961041128054447,0,0,ctd,logistic_regression,42
P24384,Q02196,0,0.5408662842992294,1,0,ctd,logistic_regression,42
P38810,P43555,0,0.3781371626720002,0,0,ctd,logistic_regression,42
P25390,P38717,0,0.45184425129137257,0,0,ctd,logistic_regression,42
P15442,P36168,0,0.6150881033957964,1,0,ctd,logistic_regression,42
P38042,P39702,0,0.5010298816181709,1,0,ctd,logistic_regression,42
P25515,P46961,0,0.43569949355853144,0,0,ctd,logistic_regression,42
P22336,P27476,0,0.7924528548854086,1,0,ctd,logistic_regression,42
P38793,P53079,0,0.737378086900307,1,0,ctd,logistic_regression,42
P38957,Q06151,0,0.6244418869338486,1,0,ctd,logistic_regression,42
P47152,Q00772,0,0.6252489992465415,1,0,ctd,logistic_regression,42
P32803,P35191,0,0.20991164208757504,0,0,ctd,logistic_regression,42
P22214,Q02932,0,0.41324646135098714,0,0,ctd,logistic_regression,42
P40561,Q08902,0,0.1578594488970361,0,0,ctd,logistic_regression,42
P26343,Q12124,0,0.36309864261428937,0,0,ctd,logistic_regression,42
Q12044,Q12372,0,0.13851387229518972,0,0,ctd,logistic_regression,42
P40355,P40413,0,0.5407728528637886,1,0,ctd,logistic_regression,42
P36172,Q02794,0,0.2870226467647395,0,0,ctd,logistic_regression,42
P33122,P53261,0,0.6348935190611293,1,0,ctd,logistic_regression,42
P38811,P46655,0,0.5706715319349527,1,0,ctd,logistic_regression,42
P20437,P25301,0,0.61688063122859,1,0,ctd,logistic_regression,42
P43569,P53551,0,0.5989939789968689,1,0,ctd,logistic_regression,42
P26793,Q12223,0,0.4083061267890937,0,0,ctd,logistic_regression,42
Q05911,Q06340,0,0.7055353923165946,1,0,ctd,logistic_regression,42
P32605,Q07914,0,0.15820971388682395,0,0,ctd,logistic_regression,42
P39073,Q03435,0,0.6695275062343,1,0,ctd,logistic_regression,42
P38744,Q07084,0,0.6793569946964552,1,0,ctd,logistic_regression,42
P32521,P40355,0,0.4636961946425067,0,0,ctd,logistic_regression,42
P32911,Q12749,0,0.6159707811355185,1,0,ctd,logistic_regression,42
P33767,P53283,0,0.2629992918460226,0,0,ctd,logistic_regression,42
P32832,Q00776,0,0.3600846719109319,0,0,ctd,logistic_regression,42
P38744,P43592,0,0.3983353391397113,0,0,ctd,logistic_regression,42
P08456,P39081,0,0.4466291062141841,0,0,ctd,logistic_regression,42
P26570,Q03761,0,0.6824664586939645,1,0,ctd,logistic_regression,42
P06839,P40958,0,0.2965637281340548,0,0,ctd,logistic_regression,42
P18963,P32569,0,0.538496963095264,1,0,ctd,logistic_regression,42
P38720,P38729,0,0.31273555851789386,0,0,ctd,logistic_regression,42
P38219,P38782,0,0.6927576932388456,1,0,ctd,logistic_regression,42
Q00816,Q08683,0,0.4386541073095006,0,0,ctd,logistic_regression,42
P07213,P38636,0,0.7397012986170358,1,0,ctd,logistic_regression,42
P38111,Q07921,0,0.4856666923149354,0,0,ctd,logistic_regression,42
P20095,P38774,0,0.5466042071666856,1,0,ctd,logistic_regression,42
P38727,P87108,0,0.3445247770069996,0,0,ctd,logistic_regression,42
P53865,P57744,0,0.4687389274805965,0,0,ctd,logistic_regression,42
P52286,Q01722,0,0.6464866498094233,1,0,ctd,logistic_regression,42
P32341,P40327,0,0.4852393269676849,0,0,ctd,logistic_regression,42
Q02196,Q07540,0,0.6231478901792848,1,0,ctd,logistic_regression,42
P53878,Q03774,0,0.2787471575737294,0,0,ctd,logistic_regression,42
P32453,Q12175,0,0.4001659861239265,0,0,ctd,logistic_regression,42
Q04792,Q05787,0,0.6121672209298036,1,0,ctd,logistic_regression,42
P32565,P36116,0,0.38773757313036766,0,0,ctd,logistic_regression,42
P16151,P38182,0,0.07989575744031963,0,0,ctd,logistic_regression,42
P25376,Q06631,0,0.43028449484105563,0,0,ctd,logistic_regression,42
P39001,P41816,0,0.630372714224814,1,0,ctd,logistic_regression,42
P43132,Q08144,0,0.4958207411363,0,0,ctd,logistic_regression,42
P12887,P22139,0,0.33829471838425834,0,0,ctd,logistic_regression,42
P34227,Q03697,0,0.13779314255417457,0,0,ctd,logistic_regression,42
P13393,P35206,0,0.4065129813731309,0,0,ctd,logistic_regression,42
P46678,Q08601,0,0.44207205045967135,0,0,ctd,logistic_regression,42
P40319,P41911,0,0.21964205357439567,0,0,ctd,logistic_regression,42
P38315,Q12343,0,0.4043781077813268,0,0,ctd,logistic_regression,42
P00410,P00950,0,0.5671225235457918,1,0,ctd,logistic_regression,42
P38988,Q12134,0,0.5499550058881346,1,0,ctd,logistic_regression,42
P31385,P89105,0,0.43264193902376785,0,0,ctd,logistic_regression,42
P39944,P39952,0,0.4789896254619507,0,0,ctd,logistic_regression,42
P25632,P38208,0,0.7702799430611601,1,0,ctd,logistic_regression,42
P40073,P53551,0,0.12850014807507965,0,0,ctd,logistic_regression,42
P40465,Q00711,0,0.38982056107323226,0,0,ctd,logistic_regression,42
P48439,Q08492,0,0.1604734108827353,0,0,ctd,logistic_regression,42
P32916,P53904,0,0.5155159320364556,1,0,ctd,logistic_regression,42
P39113,Q99260,0,0.4376899898039666,0,0,ctd,logistic_regression,42
P39994,P46669,0,0.5997893016652662,1,0,ctd,logistic_regression,42
P89102,Q05031,0,0.37318396574658036,0,0,ctd,logistic_regression,42
P34241,Q04660,0,0.28988641608685245,0,0,ctd,logistic_regression,42
P34162,P53830,0,0.32269416041804694,0,0,ctd,logistic_regression,42
P29703,P41817,0,0.580034059034157,1,0,ctd,logistic_regression,42
P10964,P38249,0,0.45370636510689644,0,0,ctd,logistic_regression,42
P32828,P35727,0,0.7388124599611158,1,0,ctd,logistic_regression,42
P25346,Q12206,0,0.12634218387718116,0,0,ctd,logistic_regression,42
P13433,P38782,0,0.4586489301959356,0,0,ctd,logistic_regression,42
P39678,P47160,0,0.5308569274078285,1,0,ctd,logistic_regression,42
P25659,P38957,0,0.5324444914897315,1,0,ctd,logistic_regression,42
P07560,P40456,0,0.49953628514293386,0,0,ctd,logistic_regression,42
P25515,P47027,0,0.5196947902080424,1,0,ctd,logistic_regression,42
P40510,Q12241,0,0.5434252893034307,1,0,ctd,logistic_regression,42
Q12482,Q99181,0,0.5277868282841793,1,0,ctd,logistic_regression,42
P22135,P36172,0,0.16534730913109819,0,0,ctd,logistic_regression,42
P38301,P40957,0,0.43676176753523765,0,0,ctd,logistic_regression,42
P28834,P53093,0,0.49185328189958066,0,0,ctd,logistic_regression,42
P47171,P48361,0,0.49473100505805373,0,0,ctd,logistic_regression,42
P45976,Q12306,0,0.19151268612291436,0,0,ctd,logistic_regression,42
P04050,P12385,0,0.5262855547045036,1,0,ctd,logistic_regression,42
Q02805,Q04368,0,0.6728910223191069,1,0,ctd,logistic_regression,42
P36120,P40892,0,0.22622290958053987,0,0,ctd,logistic_regression,42
P39928,Q06217,0,0.7369451379372739,1,0,ctd,logistic_regression,42
P27895,P38967,0,0.1817428778967583,0,0,ctd,logistic_regression,42
P22224,P47821,0,0.5085360215275865,1,0,ctd,logistic_regression,42
P38877,Q07963,0,0.4190170057980872,0,0,ctd,logistic_regression,42
P00817,P53096,0,0.747284689258287,1,0,ctd,logistic_regression,42
P39083,Q07540,0,0.6024634714579581,1,0,ctd,logistic_regression,42
P06100,P20484,0,0.5218250383047117,1,0,ctd,logistic_regression,42
Q05931,Q12026,0,0.6861053323442483,1,0,ctd,logistic_regression,42
P32842,Q12262,0,0.3120628703257989,0,0,ctd,logistic_regression,42
P00854,P30619,0,0.0585530052835708,0,0,ctd,logistic_regression,42
P39954,Q12335,0,0.5646553611934225,1,0,ctd,logistic_regression,42
P39552,Q08004,0,0.2761012528190246,0,0,ctd,logistic_regression,42
P38970,P40360,0,0.48638608952378853,0,0,ctd,logistic_regression,42
P36018,P36034,0,0.3097434219584318,0,0,ctd,logistic_regression,42
P35056,Q02732,0,0.8079009424619744,1,0,ctd,logistic_regression,42
P32485,P38992,0,0.5567404748907894,1,0,ctd,logistic_regression,42
P47035,Q07376,0,0.3108396096954273,0,0,ctd,logistic_regression,42
P26754,Q05785,0,0.7618108177198258,1,0,ctd,logistic_regression,42
P38070,Q08683,0,0.4588490422312262,0,0,ctd,logistic_regression,42
P23595,Q02805,0,0.6629211187874587,1,0,ctd,logistic_regression,42
P11484,P11978,0,0.5549786423972679,1,0,ctd,logistic_regression,42
P23201,P32259,0,0.36253656471166407,0,0,ctd,logistic_regression,42
P34238,Q08109,0,0.29637335116279767,0,0,ctd,logistic_regression,42
P08018,P32341,0,0.6531787856987402,1,0,ctd,logistic_regression,42
P38272,Q02574,0,0.5407201439111964,1,0,ctd,logistic_regression,42
P39534,Q12368,0,0.5365182417911362,1,0,ctd,logistic_regression,42
P29496,Q05027,0,0.43815879983154127,0,0,ctd,logistic_regression,42
P25615,Q12194,0,0.47361555905751723,0,0,ctd,logistic_regression,42
P38286,P38874,0,0.32858567615595935,0,0,ctd,logistic_regression,42
P53093,P53628,0,0.2592854919976622,0,0,ctd,logistic_regression,42
P06242,P38781,0,0.45607387827568296,0,0,ctd,logistic_regression,42
P10566,P34238,0,0.1578462861718905,0,0,ctd,logistic_regression,42
P36006,P53253,0,0.3710696775694372,0,0,ctd,logistic_regression,42
P40480,P53115,0,0.6495920979298629,1,0,ctd,logistic_regression,42
P53551,Q12009,0,0.6004260123369306,1,0,ctd,logistic_regression,42
P20095,Q03954,0,0.4561141865381541,0,0,ctd,logistic_regression,42
P39515,Q03981,0,0.8829712634156445,1,0,ctd,logistic_regression,42
P22140,P33419,0,0.40500344692298024,0,0,ctd,logistic_regression,42
P04786,P20133,0,0.5347193374263398,1,0,ctd,logistic_regression,42
P53959,Q06216,0,0.6668145441889834,1,0,ctd,logistic_regression,42
P13259,P17555,0,0.29221205632491926,0,0,ctd,logistic_regression,42
P32564,Q04225,0,0.27685639856884586,0,0,ctd,logistic_regression,42
P40992,Q07896,0,0.24761245039580676,0,0,ctd,logistic_regression,42
P36104,P40314,0,0.5589951569160081,1,0,ctd,logistic_regression,42
P10081,P25301,0,0.657021728334624,1,0,ctd,logistic_regression,42
P10863,P34223,0,0.30069298274358114,0,0,ctd,logistic_regression,42
P25299,P33297,0,0.6497399237233067,1,0,ctd,logistic_regression,42
P32264,P35723,0,0.23435124333353835,0,0,ctd,logistic_regression,42
P10834,P25046,0,0.5844766991888126,1,0,ctd,logistic_regression,42
P40356,Q08921,0,0.451102509950032,0,0,ctd,logistic_regression,42
P08518,P25719,0,0.511884579994974,1,0,ctd,logistic_regression,42
P33301,Q04067,0,0.7450762682876826,1,0,ctd,logistic_regression,42
P32564,P36084,0,0.2739942859772489,0,0,ctd,logistic_regression,42
P38827,Q03954,0,0.5135909264582188,1,0,ctd,logistic_regression,42
P08153,Q02208,0,0.4654172060592181,0,0,ctd,logistic_regression,42
P53905,Q12349,0,0.3234224685218665,0,0,ctd,logistic_regression,42
Q06005,Q07528,0,0.37494109850302393,0,0,ctd,logistic_regression,42
P26449,P41832,0,0.629226256221318,1,0,ctd,logistic_regression,42
P06634,Q12159,0,0.498897478287243,0,0,ctd,logistic_regression,42
Q08465,Q12021,0,0.5415838254194075,1,0,ctd,logistic_regression,42
P39515,Q03957,0,0.7750387503270972,1,0,ctd,logistic_regression,42
P16664,Q04636,0,0.6676060251408513,1,0,ctd,logistic_regression,42
P28795,P53115,0,0.49276794026164594,0,0,ctd,logistic_regression,42
P28241,Q12199,0,0.6569109774615517,1,0,ctd,logistic_regression,42
P00128,P04456,0,0.5000153773618514,1,0,ctd,logistic_regression,42
P32788,P35203,0,0.3701559629001787,0,0,ctd,logistic_regression,42
P53750,Q06406,0,0.2890595273503677,0,0,ctd,logistic_regression,42
P36104,P38759,0,0.5117160074355751,1,0,ctd,logistic_regression,42
P36009,P46682,0,0.4336051035289384,0,0,ctd,logistic_regression,42
P53616,Q12222,0,0.4446536585165108,0,0,ctd,logistic_regression,42
Q06405,Q07824,0,0.03138643751136518,0,0,ctd,logistic_regression,42
P32829,P39563,0,0.48064909358540736,0,0,ctd,logistic_regression,42
P40513,Q12483,0,0.55268294661806,1,0,ctd,logistic_regression,42
P32558,Q12336,0,0.1306954550936916,0,0,ctd,logistic_regression,42
P32333,P42945,0,0.46965787274634224,0,0,ctd,logistic_regression,42
P40987,Q12389,0,0.5718055329731067,1,0,ctd,logistic_regression,42
P26188,P39707,0,0.8690325424683968,1,0,ctd,logistic_regression,42
Q01080,Q99186,0,0.610417602111426,1,0,ctd,logistic_regression,42
P46676,P53061,0,0.46726316926709016,0,0,ctd,logistic_regression,42
P38959,Q06632,0,0.4983346902961338,0,0,ctd,logistic_regression,42
P40517,P50106,0,0.42745041688002106,0,0,ctd,logistic_regression,42
P38428,Q06108,0,0.2863206545968262,0,0,ctd,logistic_regression,42
P40020,P42841,0,0.5239737568018527,1,0,ctd,logistic_regression,42
Q03455,Q99383,0,0.5125927362757933,1,0,ctd,logistic_regression,42
P36012,Q03976,0,0.33228732703158875,0,0,ctd,logistic_regression,42
P40094,Q02608,0,0.1973554911788727,0,0,ctd,logistic_regression,42
P11747,P53840,0,0.3576352020777683,0,0,ctd,logistic_regression,42
P40048,Q12396,0,0.35059467464480004,0,0,ctd,logistic_regression,42
P17106,P25454,0,0.32909315048344673,0,0,ctd,logistic_regression,42
P36147,P38749,0,0.32874921847139543,0,0,ctd,logistic_regression,42
P38881,Q08553,0,0.44491981092492,0,0,ctd,logistic_regression,42
P38181,P39984,0,0.523913387866079,1,0,ctd,logistic_regression,42
P38182,Q06676,0,0.08999383351021173,0,0,ctd,logistic_regression,42
P00331,Q07921,0,0.44720453172071334,0,0,ctd,logistic_regression,42
P33334,Q12083,0,0.4352728642554053,0,0,ctd,logistic_regression,42
P21827,P32501,0,0.5046637865523931,1,0,ctd,logistic_regression,42
P04386,Q04749,0,0.42752748566483517,0,0,ctd,logistic_regression,42
P53168,Q12158,0,0.5132113063522853,1,0,ctd,logistic_regression,42
P38749,Q06200,0,0.3947297446223871,0,0,ctd,logistic_regression,42
P18963,P38719,0,0.484266497033353,0,0,ctd,logistic_regression,42
P30656,P39540,0,0.3416720304250183,0,0,ctd,logistic_regression,42
P33421,P42884,0,0.2648893681203772,0,0,ctd,logistic_regression,42
P32381,Q08465,0,0.4609333876091448,0,0,ctd,logistic_regression,42
Q03177,Q06677,0,0.5760068429300286,1,0,ctd,logistic_regression,42
P30665,Q12262,0,0.781534293049236,1,0,ctd,logistic_regression,42
P34164,P48581,0,0.6238652875470045,1,0,ctd,logistic_regression,42
P14242,P40890,0,0.4318969563251519,0,0,ctd,logistic_regression,42
P31539,P33296,0,0.45625601188995635,0,0,ctd,logistic_regression,42
P34161,P40582,0,0.5763355691279639,1,0,ctd,logistic_regression,42
P40456,Q06604,0,0.37530191353720943,0,0,ctd,logistic_regression,42
P39079,Q08685,0,0.572446092382076,1,0,ctd,logistic_regression,42
P34224,P35181,0,0.3110491488198814,0,0,ctd,logistic_regression,42
P08638,Q05958,0,0.5195823487881678,1,0,ctd,logistic_regression,42
P38872,Q05021,0,0.5010617890663459,1,0,ctd,logistic_regression,42
P34227,P38853,0,0.2877337232279453,0,0,ctd,logistic_regression,42
Q06108,Q99190,0,0.323266778426174,0,0,ctd,logistic_regression,42
P43612,P53914,0,0.5193992657413135,1,0,ctd,logistic_regression,42
P32801,P38729,0,0.29098319146946267,0,0,ctd,logistic_regression,42
P38910,Q03208,0,0.49287979257903675,0,0,ctd,logistic_regression,42
P53600,Q99344,0,0.4104447123905728,0,0,ctd,logistic_regression,42
P33441,P53278,0,0.7539207854275036,1,0,ctd,logistic_regression,42
P25646,P38703,0,0.23002302567787075,0,0,ctd,logistic_regression,42
Q04562,Q12035,0,0.20158177448564604,0,0,ctd,logistic_regression,42
P23179,Q08004,0,0.3192516842761949,0,0,ctd,logistic_regression,42
P36009,P40362,0,0.4272765850662347,0,0,ctd,logistic_regression,42
P32588,Q12402,0,0.2061081462473725,0,0,ctd,logistic_regression,42
P10592,Q03455,0,0.3805779788269785,0,0,ctd,logistic_regression,42
P19955,P46988,0,0.4458011214391715,0,0,ctd,logistic_regression,42
P38249,P47171,0,0.4097877230022758,0,0,ctd,logistic_regression,42
P36034,P39998,0,0.25743775119487267,0,0,ctd,logistic_regression,42
P18759,Q12406,0,0.5264564001810436,1,0,ctd,logistic_regression,42
P17505,Q08492,0,0.21583127519759748,0,0,ctd,logistic_regression,42
P36049,P39004,0,0.2650273806596082,0,0,ctd,logistic_regression,42
P20486,P42944,0,0.8179675034945406,1,0,ctd,logistic_regression,42
P17442,P32319,0,0.5037351528525067,1,0,ctd,logistic_regression,42
P32767,P38907,0,0.5555511931716064,1,0,ctd,logistic_regression,42
P38700,Q05031,0,0.5094245389219145,1,0,ctd,logistic_regression,42
P06634,P43562,0,0.2982249146168462,0,0,ctd,logistic_regression,42
P32583,P40555,0,0.42669109209840445,0,0,ctd,logistic_regression,42
P38990,Q02732,0,0.8355753114173471,1,0,ctd,logistic_regression,42
P05318,P36009,0,0.6501659282154278,1,0,ctd,logistic_regression,42
P07256,Q08601,0,0.444136960596736,0,0,ctd,logistic_regression,42
P00560,P43555,0,0.5022729273955314,1,0,ctd,logistic_regression,42
Q02732,Q12206,0,0.5839980316246456,1,0,ctd,logistic_regression,42
P32524,Q08204,0,0.7077181624789481,1,0,ctd,logistic_regression,42
P01149,P32610,0,0.3534051437532353,0,0,ctd,logistic_regression,42
P32944,P34758,0,0.7926071482407518,1,0,ctd,logistic_regression,42
P17106,Q12265,0,0.24444052882272999,0,0,ctd,logistic_regression,42
P25580,P40164,0,0.5533205528326538,1,0,ctd,logistic_regression,42
P38144,P38779,0,0.40302202488542066,0,0,ctd,logistic_regression,42
P21672,P46669,0,0.3833665377911337,0,0,ctd,logistic_regression,42
P30902,P40885,0,0.12956044619858414,0,0,ctd,logistic_regression,42
P31385,Q03944,0,0.42645865382057274,0,0,ctd,logistic_regression,42
P47068,Q12349,0,0.4714921202168677,0,0,ctd,logistic_regression,42
P10823,Q03976,0,0.3049961739750208,0,0,ctd,logistic_regression,42
P32838,P42935,0,0.6314420374013839,1,0,ctd,logistic_regression,42
P32333,Q00955,0,0.672073465563168,1,0,ctd,logistic_regression,42
P40319,P53202,0,0.10322549956588242,0,0,ctd,logistic_regression,42
P29056,Q04359,0,0.7069928849683881,1,0,ctd,logistic_regression,42
P05375,P32504,0,0.3350269598801655,0,0,ctd,logistic_regression,42
P53277,Q12174,0,0.0036265748743644845,0,0,ctd,logistic_regression,42
P11076,P17442,0,0.37185840488692506,0,0,ctd,logistic_regression,42
P40362,P53877,0,0.537636566128977,1,0,ctd,logistic_regression,42
P24384,P39967,0,0.5312799846259824,1,0,ctd,logistic_regression,42
P08018,Q08749,0,0.1331946123953687,0,0,ctd,logistic_regression,42
P32464,P38304,0,0.29507260038760463,0,0,ctd,logistic_regression,42
Q08817,Q12464,0,0.4619183354146547,0,0,ctd,logistic_regression,42
P34227,Q12098,0,0.3744926495924213,0,0,ctd,logistic_regression,42
P32564,P39735,0,0.33761851200443443,0,0,ctd,logistic_regression,42
P10363,P41912,0,0.70425621408711,1,0,ctd,logistic_regression,42
P38555,P40014,0,0.8050850706067328,1,0,ctd,logistic_regression,42
P38915,Q06411,0,0.6964512530576684,1,0,ctd,logistic_regression,42
P50944,Q06675,0,0.1558293079937804,0,0,ctd,logistic_regression,42
P08456,P28707,0,0.281368319279572,0,0,ctd,logistic_regression,42
P33299,P46674,0,0.4586542761182627,0,0,ctd,logistic_regression,42
P38121,Q03776,0,0.5288435884239313,1,0,ctd,logistic_regression,42
P53181,Q12078,0,0.06722953592336019,0,0,ctd,logistic_regression,42
P40963,P53115,0,0.20326764103932743,0,0,ctd,logistic_regression,42
P38700,P38826,0,0.6338016228440564,1,0,ctd,logistic_regression,42
P13393,P20604,0,0.722000147289456,1,0,ctd,logistic_regression,42
P17505,P39936,0,0.30428267712566137,0,0,ctd,logistic_regression,42
P46985,Q12102,0,0.47687610004921555,0,0,ctd,logistic_regression,42
Q07622,Q12194,0,0.364737009877964,0,0,ctd,logistic_regression,42
P53740,Q99189,0,0.4265879205325648,0,0,ctd,logistic_regression,42
P21243,P49956,0,0.35310294746357435,0,0,ctd,logistic_regression,42
P38270,Q12432,0,0.6165344281862332,1,0,ctd,logistic_regression,42
P25370,P35728,0,0.6048725436385127,1,0,ctd,logistic_regression,42
P43572,Q12124,0,0.744287874589203,1,0,ctd,logistic_regression,42
P38130,P39969,0,0.3846734881369871,0,0,ctd,logistic_regression,42
P53551,P53740,0,0.5569947623071736,1,0,ctd,logistic_regression,42
P10961,P38077,0,0.5002545522922502,1,0,ctd,logistic_regression,42
P39552,Q12151,0,0.6651603738346689,1,0,ctd,logistic_regression,42
P15436,P32499,0,0.5193152746394674,1,0,ctd,logistic_regression,42
P13574,P25302,0,0.5026913502120014,1,0,ctd,logistic_regression,42
P39011,P40462,0,0.6135021875979071,1,0,ctd,logistic_regression,42
P02294,P40167,0,0.5057843702001242,1,0,ctd,logistic_regression,42
P22203,P50104,0,0.776592770436412,1,0,ctd,logistic_regression,42
P06786,Q08965,0,0.6748988210020033,1,0,ctd,logistic_regression,42
P06775,P47166,0,0.303052413238649,0,0,ctd,logistic_regression,42
Q12035,Q12315,0,0.4081034176321418,0,0,ctd,logistic_regression,42
P38147,Q08649,0,0.3498947179512402,0,0,ctd,logistic_regression,42
P08431,P38717,0,0.4320921318417534,0,0,ctd,logistic_regression,42
P38237,P53253,0,0.45531908558030537,0,0,ctd,logistic_regression,42
P32629,P39524,0,0.5028162201376601,1,0,ctd,logistic_regression,42
P38742,P38957,0,0.7463363201360036,1,0,ctd,logistic_regression,42
P39101,P41814,0,0.5464260174346265,1,0,ctd,logistic_regression,42
P25451,P47166,0,0.3316237048561732,0,0,ctd,logistic_regression,42
P04386,P54862,0,0.32486074165662043,0,0,ctd,logistic_regression,42
P25847,P47150,0,0.527488153872751,1,0,ctd,logistic_regression,42
P35180,Q04031,0,0.49246425258125825,0,0,ctd,logistic_regression,42
Q01590,Q07914,0,0.3329555725582337,0,0,ctd,logistic_regression,42
Q08245,Q12082,0,0.0668665287625594,0,0,ctd,logistic_regression,42
P38063,P53108,0,0.5213909208395072,1,0,ctd,logistic_regression,42
Q02775,Q12301,0,0.17655798233704273,0,0,ctd,logistic_regression,42
P32828,P53248,0,0.5440981284138688,1,0,ctd,logistic_regression,42
P11972,P30822,0,0.5986892271981807,1,0,ctd,logistic_regression,42
P40483,P57744,0,0.6511267095469389,1,0,ctd,logistic_regression,42
P04819,P50945,0,0.5114133037752967,1,0,ctd,logistic_regression,42
P39875,P48363,0,0.5888957946502733,1,0,ctd,logistic_regression,42
P43613,Q06078,0,0.4743745555605728,0,0,ctd,logistic_regression,42
P32944,Q05580,0,0.6639929396475018,1,0,ctd,logistic_regression,42
P25651,Q02206,0,0.2612598177714376,0,0,ctd,logistic_regression,42
P40992,P41810,0,0.3320084730249842,0,0,ctd,logistic_regression,42
P47123,Q06543,0,0.7872298617647245,1,0,ctd,logistic_regression,42
P11710,P36145,0,0.2093051066507415,0,0,ctd,logistic_regression,42
P32494,P53910,0,0.5237004212382187,1,0,ctd,logistic_regression,42
P38953,P43622,0,0.3394611413121735,0,0,ctd,logistic_regression,42
P38144,Q07442,0,0.5461056110502752,1,0,ctd,logistic_regression,42
P38968,P40007,0,0.7174807181499617,1,0,ctd,logistic_regression,42
P53914,Q02793,0,0.520971552373292,1,0,ctd,logistic_regression,42
P50945,P54790,0,0.7292972199267237,1,0,ctd,logistic_regression,42
P11746,P32529,0,0.24117528704729307,0,0,ctd,logistic_regression,42
P38910,P40561,0,0.6516223353702193,1,0,ctd,logistic_regression,42
P38240,Q12100,0,0.2913224988848022,0,0,ctd,logistic_regression,42
P46680,Q08214,0,0.5158259308904729,1,0,ctd,logistic_regression,42
P32905,P38819,0,0.770752550344245,1,0,ctd,logistic_regression,42
P14064,P53261,0,0.5717414457953043,1,0,ctd,logistic_regression,42
P38254,P49956,0,0.40663001225048045,0,0,ctd,logistic_regression,42
P13434,P40462,0,0.6904956626054903,1,0,ctd,logistic_regression,42
P40885,Q01454,0,0.2668450662572504,0,0,ctd,logistic_regression,42
P19659,P23301,0,0.4196192685596129,0,0,ctd,logistic_regression,42
P37303,Q12060,0,0.472136174122654,0,0,ctd,logistic_regression,42
P06786,P53039,0,0.3282898564988218,0,0,ctd,logistic_regression,42
P32902,Q06410,0,0.36595826533707615,0,0,ctd,logistic_regression,42
P38757,Q12030,0,0.4578294761601595,0,0,ctd,logistic_regression,42
P41546,P53116,0,0.02196492521763933,0,0,ctd,logistic_regression,42
P41546,P54786,0,0.4568553660005232,0,0,ctd,logistic_regression,42
P53070,Q12098,0,0.2524292015086687,0,0,ctd,logistic_regression,42
P22209,P38877,0,0.47379760917342256,0,0,ctd,logistic_regression,42
P32494,P39730,0,0.6221622824704227,1,0,ctd,logistic_regression,42
P27636,P35189,0,0.3496663581749838,0,0,ctd,logistic_regression,42
P08431,Q03691,0,0.40591221838039565,0,0,ctd,logistic_regression,42
P53599,Q08204,0,0.6605127181283816,1,0,ctd,logistic_regression,42
P40303,P47171,0,0.34386209969581666,0,0,ctd,logistic_regression,42
P32529,P39743,0,0.6792649760185234,1,0,ctd,logistic_regression,42
P34241,P43621,0,0.49922508247894903,0,0,ctd,logistic_regression,42
P38132,Q08387,0,0.5601985373365431,1,0,ctd,logistic_regression,42
P36144,P38319,0,0.6527243936166557,1,0,ctd,logistic_regression,42
P40078,P46965,0,0.6581521524662605,1,0,ctd,logistic_regression,42
P00958,P11747,0,0.36211068755015574,0,0,ctd,logistic_regression,42
P13099,P53933,0,0.5310646675648437,1,0,ctd,logistic_regression,42
P22224,P43562,0,0.20456486868712462,0,0,ctd,logistic_regression,42
P00445,P32803,0,0.12638829140720587,0,0,ctd,logistic_regression,42
P19524,P38911,0,0.38277698131487287,0,0,ctd,logistic_regression,42
P48234,P53867,0,0.523943777889212,1,0,ctd,logistic_regression,42
P36015,P38138,0,0.3526014070146364,0,0,ctd,logistic_regression,42
P38783,P43605,0,0.8728333223170333,1,0,ctd,logistic_regression,42
P14906,Q12118,0,0.4466326881476924,0,0,ctd,logistic_regression,42
P03965,P53131,0,0.44150519652243597,0,0,ctd,logistic_regression,42
P32341,P38855,0,0.5311520453036171,1,0,ctd,logistic_regression,42
Q04636,Q12341,0,0.5844701281067927,1,0,ctd,logistic_regression,42
P40512,P53212,0,0.7350472156318592,1,0,ctd,logistic_regression,42
P25341,P53108,0,0.38967922181847986,0,0,ctd,logistic_regression,42
P23301,P38915,0,0.6020907506028711,1,0,ctd,logistic_regression,42
P11154,P54791,0,0.6319298816552161,1,0,ctd,logistic_regression,42
P35201,P36161,0,0.425578593915462,0,0,ctd,logistic_regression,42
P47005,Q02794,0,0.6393443561675369,1,0,ctd,logistic_regression,42
P33891,P39955,0,0.6166489670195695,1,0,ctd,logistic_regression,42
P38744,P47150,0,0.5610230777091313,1,0,ctd,logistic_regression,42
P38147,P39517,0,0.6674030592296045,1,0,ctd,logistic_regression,42
P35177,P53823,0,0.5204866109125267,1,0,ctd,logistic_regression,42
Q05958,Q12159,0,0.35784832792831667,0,0,ctd,logistic_regression,42
P32368,P34161,0,0.5609259011965934,1,0,ctd,logistic_regression,42
P32332,Q04493,0,0.23653150239278936,0,0,ctd,logistic_regression,42
P02294,Q12691,0,0.47750871128774397,0,0,ctd,logistic_regression,42
P31109,Q06208,0,0.5522648981402927,1,0,ctd,logistic_regression,42
P09938,P53857,0,0.6296321609799448,1,0,ctd,logistic_regression,42
P17536,Q12083,0,0.7196973620877232,1,0,ctd,logistic_regression,42
P40187,P46682,0,0.45291228188959093,0,0,ctd,logistic_regression,42
P23594,P39685,0,0.597024225783027,1,0,ctd,logistic_regression,42
P38163,P39743,0,0.7355242529013579,1,0,ctd,logistic_regression,42
P33421,P38821,0,0.40287371389853177,0,0,ctd,logistic_regression,42
P38759,Q03280,0,0.6721728035860665,1,0,ctd,logistic_regression,42
P20457,P48232,0,0.6393340005729158,1,0,ctd,logistic_regression,42
P43596,Q12055,0,0.6186426085833328,1,0,ctd,logistic_regression,42
P32598,P38992,0,0.5203052928079952,1,0,ctd,logistic_regression,42
P32496,P34227,0,0.3015197801688154,0,0,ctd,logistic_regression,42
P32909,Q01454,0,0.5744109583648929,1,0,ctd,logistic_regression,42
P33891,P53389,0,0.3872480792776434,0,0,ctd,logistic_regression,42
P43545,Q04693,0,0.5509011041708378,1,0,ctd,logistic_regression,42
P40013,Q12443,0,0.7452435014337625,1,0,ctd,logistic_regression,42
P36147,P53968,0,0.35944405808422947,0,0,ctd,logistic_regression,42
P11972,P39928,0,0.6551598366329981,1,0,ctd,logistic_regression,42
P18480,P26798,0,0.4552865036333284,0,0,ctd,logistic_regression,42
P30657,P32368,0,0.723369671329705,1,0,ctd,logistic_regression,42
P11710,P26343,0,0.13140267712006218,0,0,ctd,logistic_regression,42
P05318,P38910,0,0.44950296063778955,0,0,ctd,logistic_regression,42
P47011,Q12071,0,0.7100553637398426,1,0,ctd,logistic_regression,42
P32334,P42846,0,0.49946115432465754,0,0,ctd,logistic_regression,42
P01149,Q05871,0,0.49502135687810445,0,0,ctd,logistic_regression,42
P09440,P32597,0,0.5857808448634048,1,0,ctd,logistic_regression,42
P18239,Q06479,0,0.27435361817221743,0,0,ctd,logistic_regression,42
P32797,P53919,0,0.7223494258656507,1,0,ctd,logistic_regression,42
P35189,P36048,0,0.3985288171745591,0,0,ctd,logistic_regression,42
Q06549,Q08465,0,0.621200206957925,1,0,ctd,logistic_regression,42
P23776,Q12154,0,0.5052663422953387,1,0,ctd,logistic_regression,42
P28006,P36116,0,0.41883850053499755,0,0,ctd,logistic_regression,42
P29496,P36120,0,0.6930090493496465,1,0,ctd,logistic_regression,42
P17065,Q02574,0,0.5678138270387357,1,0,ctd,logistic_regression,42
P41896,Q12186,0,0.7344949537408189,1,0,ctd,logistic_regression,42
P39720,Q08966,0,0.4331032101209236,0,0,ctd,logistic_regression,42
O13297,Q08649,0,0.6006116747657542,1,0,ctd,logistic_regression,42
P31111,Q02100,0,0.4572682921167105,0,0,ctd,logistic_regression,42
P35842,P38112,0,0.32936318619807325,0,0,ctd,logistic_regression,42
P08638,P32573,0,0.636522715813127,1,0,ctd,logistic_regression,42
P81450,Q06339,0,0.09599796029425475,0,0,ctd,logistic_regression,42
P38703,P47083,0,0.22472316488753177,0,0,ctd,logistic_regression,42
Q05583,Q12692,0,0.7589050344991544,1,0,ctd,logistic_regression,42
P02294,P40563,0,0.5085591899007005,1,0,ctd,logistic_regression,42
P09959,P16522,0,0.5052774491988533,1,0,ctd,logistic_regression,42
P32585,P38328,0,0.40471066932901667,0,0,ctd,logistic_regression,42
P18962,P25632,0,0.5546175865533872,1,0,ctd,logistic_regression,42
P03069,P38872,0,0.43464970169881156,0,0,ctd,logistic_regression,42
P18888,P25371,0,0.36776257067087725,0,0,ctd,logistic_regression,42
P20050,P48439,0,0.34475437150290944,0,0,ctd,logistic_regression,42
P53269,Q06160,0,0.509509396557492,1,0,ctd,logistic_regression,42
P22276,P25591,0,0.6704972184906636,1,0,ctd,logistic_regression,42
P06773,P35179,0,0.3049850795053169,0,0,ctd,logistic_regression,42
P32902,P40484,0,0.6059455190994597,1,0,ctd,logistic_regression,42
P22202,P47053,0,0.7474575722484814,1,0,ctd,logistic_regression,42
P38620,P53181,0,0.10428040918447631,0,0,ctd,logistic_regression,42
P04046,P36100,0,0.3614348647023586,0,0,ctd,logistic_regression,42
P25644,P40014,0,0.7110618732126545,1,0,ctd,logistic_regression,42
P20436,Q12377,0,0.3290871651028325,0,0,ctd,logistic_regression,42
P00431,P38194,0,0.632440690955322,1,0,ctd,logistic_regression,42
P38850,P40438,0,0.33115915867925033,0,0,ctd,logistic_regression,42
P07256,P50113,0,0.6016684962035833,1,0,ctd,logistic_regression,42
P02829,Q01159,0,0.5493107776295254,1,0,ctd,logistic_regression,42
Q04930,Q08685,0,0.48048871637854773,0,0,ctd,logistic_regression,42
P46671,Q05900,0,0.3456825270377875,0,0,ctd,logistic_regression,42
P40360,P42843,0,0.257037183008887,0,0,ctd,logistic_regression,42
P07272,P32598,0,0.42344711094211673,0,0,ctd,logistic_regression,42
P53952,Q05949,0,0.514271317058706,1,0,ctd,logistic_regression,42
P41817,Q06708,0,0.6398411082483307,1,0,ctd,logistic_regression,42
P21538,Q08963,0,0.6376774560211932,1,0,ctd,logistic_regression,42
P22140,P31380,0,0.21723578656990294,0,0,ctd,logistic_regression,42
P32788,P53286,0,0.3619336077852397,0,0,ctd,logistic_regression,42
P36009,P52490,0,0.13202054942170935,0,0,ctd,logistic_regression,42
P25341,P39550,0,0.21740869770791868,0,0,ctd,logistic_regression,42
P50090,Q03162,0,0.4855865961612898,0,0,ctd,logistic_regression,42
P06774,P36118,0,0.391616890317928,0,0,ctd,logistic_regression,42
P18900,P30619,0,0.4615587832288427,0,0,ctd,logistic_regression,42
P36013,P38144,0,0.4835318297533842,0,0,ctd,logistic_regression,42
P36057,P53628,0,0.31861717342753554,0,0,ctd,logistic_regression,42
P23285,P28000,0,0.20624271549990048,0,0,ctd,logistic_regression,42
P26755,P38873,0,0.5825792761678844,1,0,ctd,logistic_regression,42
P40079,P43621,0,0.485867000658872,0,0,ctd,logistic_regression,42
P25555,P53167,0,0.43124854440850136,0,0,ctd,logistic_regression,42
P32366,P47042,0,0.533813110256962,1,0,ctd,logistic_regression,42
P26188,P53604,0,0.7196874164555851,1,0,ctd,logistic_regression,42
P25632,P39730,0,0.7198573058434716,1,0,ctd,logistic_regression,42
P33297,P39540,0,0.22577740905772342,0,0,ctd,logistic_regression,42
Q03071,Q12050,0,0.4682108724192997,0,0,ctd,logistic_regression,42
P33329,P47052,0,0.5323223844560937,1,0,ctd,logistic_regression,42
P26343,P43565,0,0.44861683839336086,0,0,ctd,logistic_regression,42
P38827,Q06819,0,0.5020431595559366,1,0,ctd,logistic_regression,42
P22035,Q03579,0,0.18428357955899108,0,0,ctd,logistic_regression,42
P32453,P36118,0,0.32640003697371944,0,0,ctd,logistic_regression,42
P11076,P52593,0,0.4364587378296233,0,0,ctd,logistic_regression,42
P14906,Q99299,0,0.5180230384279895,1,0,ctd,logistic_regression,42
P36107,P40460,0,0.2643591571017969,0,0,ctd,logistic_regression,42
P34161,P40482,0,0.5073268733482194,1,0,ctd,logistic_regression,42
P47132,P53845,0,0.33105107816302853,0,0,ctd,logistic_regression,42
P23059,Q08683,0,0.37318211551879454,0,0,ctd,logistic_regression,42
P07274,Q01454,0,0.5370325052025621,1,0,ctd,logistic_regression,42
P23561,P53959,0,0.7327063611300302,1,0,ctd,logistic_regression,42
P22214,Q12505,0,0.3366136887328761,0,0,ctd,logistic_regression,42
P21304,P32504,0,0.35207079516954926,0,0,ctd,logistic_regression,42
P26798,P38249,0,0.7899282233317432,1,0,ctd,logistic_regression,42
P36116,P46674,0,0.3199626253038758,0,0,ctd,logistic_regression,42
P25294,P40958,0,0.5827640283572482,1,0,ctd,logistic_regression,42
P23641,P32528,0,0.31966944703215616,0,0,ctd,logistic_regression,42
P35728,P47090,0,0.19568353645463965,0,0,ctd,logistic_regression,42
P50874,P53859,0,0.6278236545416584,1,0,ctd,logistic_regression,42
P17065,P32807,0,0.3952297847483348,0,0,ctd,logistic_regression,42
P40018,P40970,0,0.7094358763571365,1,0,ctd,logistic_regression,42
P35193,P39550,0,0.20802645878217785,0,0,ctd,logistic_regression,42
P25559,Q02721,0,0.5380444032812012,1,0,ctd,logistic_regression,42
P25358,P26449,0,0.07494925824146248,0,0,ctd,logistic_regression,42
P07276,P25655,0,0.4717718844414582,0,0,ctd,logistic_regression,42
Q03213,Q05930,0,0.4812634007079115,0,0,ctd,logistic_regression,42
O14455,Q07921,0,0.33969686072693867,0,0,ctd,logistic_regression,42
P32573,P81450,0,0.23533288751188983,0,0,ctd,logistic_regression,42
P32610,P40456,0,0.5115135840162713,1,0,ctd,logistic_regression,42
Q06490,Q08902,0,0.17803867507818028,0,0,ctd,logistic_regression,42
P40164,P53209,0,0.25165348998991005,0,0,ctd,logistic_regression,42
P23337,P40096,0,0.5306731024376663,1,0,ctd,logistic_regression,42
P32333,P41912,0,0.5985345406845665,1,0,ctd,logistic_regression,42
P35817,Q03900,0,0.4577276403085588,0,0,ctd,logistic_regression,42
P25644,P80428,0,0.47630239971597077,0,0,ctd,logistic_regression,42
P40529,Q01454,0,0.37676187161843466,0,0,ctd,logistic_regression,42
P39010,Q07844,0,0.464810732903845,0,0,ctd,logistic_regression,42
P38774,Q07540,0,0.5370659054517453,1,0,ctd,logistic_regression,42
P27692,Q06651,0,0.4900576617775536,0,0,ctd,logistic_regression,42
P38811,P40515,0,0.6462751825828805,1,0,ctd,logistic_regression,42
P39734,P40303,0,0.4768568388778055,0,0,ctd,logistic_regression,42
P36100,Q07540,0,0.4920803876168598,0,0,ctd,logistic_regression,42
Q03944,Q06675,0,0.39795281344786837,0,0,ctd,logistic_regression,42
P36129,P38123,0,0.036985536713012176,0,0,ctd,logistic_regression,42
P35178,P46956,0,0.1975093315387105,0,0,ctd,logistic_regression,42
P39550,Q06819,0,0.29209134962212097,0,0,ctd,logistic_regression,42
P24813,Q07478,0,0.6820169969006018,1,0,ctd,logistic_regression,42
P53735,Q06406,0,0.45175099214021885,0,0,ctd,logistic_regression,42
P46956,Q04264,0,0.22798645113783575,0,0,ctd,logistic_regression,42
P12294,P36062,0,0.2839430910757649,0,0,ctd,logistic_regression,42
P27999,P46677,0,0.2978013898239047,0,0,ctd,logistic_regression,42
P25376,P53622,0,0.33719878741703346,0,0,ctd,logistic_regression,42
P04456,P47115,0,0.4487519045147708,0,0,ctd,logistic_regression,42
P39101,P40087,0,0.6607650807107234,1,0,ctd,logistic_regression,42
P53265,Q12024,0,0.5859594568935881,1,0,ctd,logistic_regression,42
P35734,Q02208,0,0.5276609958670924,1,0,ctd,logistic_regression,42
P20134,P38152,0,0.506529832391455,1,0,ctd,logistic_regression,42
P54837,Q03048,0,0.1015724105484284,0,0,ctd,logistic_regression,42
P40018,Q05027,0,0.3033237082336195,0,0,ctd,logistic_regression,42
P39875,Q12734,0,0.46924998902339377,0,0,ctd,logistic_regression,42
P36034,P39968,0,0.4179743916166347,0,0,ctd,logistic_regression,42
P25358,P51862,0,0.16988955796703117,0,0,ctd,logistic_regression,42
P13586,P25502,0,0.4792177806066037,0,0,ctd,logistic_regression,42
P21304,Q06676,0,0.14497445872917944,0,0,ctd,logistic_regression,42
P36009,P53298,0,0.27529284058860215,0,0,ctd,logistic_regression,42
P38953,Q05958,0,0.4524190630673367,0,0,ctd,logistic_regression,42
P39718,P41912,0,0.5129108370977776,1,0,ctd,logistic_regression,42
P36161,P41543,0,0.4100463413282207,0,0,ctd,logistic_regression,42
P18962,P38630,0,0.6740374804220495,1,0,ctd,logistic_regression,42
P10964,P18238,0,0.24377916270217237,0,0,ctd,logistic_regression,42
P53691,Q06676,0,0.06608310275575513,0,0,ctd,logistic_regression,42
P40352,Q12255,0,0.36287768183099395,0,0,ctd,logistic_regression,42
P11978,P38329,0,0.2741277880311642,0,0,ctd,logistic_regression,42
Q12315,Q12336,0,0.16267282041943706,0,0,ctd,logistic_regression,42
P07703,P53552,0,0.43754294403445504,0,0,ctd,logistic_regression,42
P38063,P38123,0,0.3395029597407518,0,0,ctd,logistic_regression,42
P11076,P11154,0,0.40777146037474643,0,0,ctd,logistic_regression,42
P12294,P38204,0,0.014894592121458928,0,0,ctd,logistic_regression,42
P28239,P42942,0,0.7610127652543175,1,0,ctd,logistic_regression,42
P25644,Q06488,0,0.5231338023940164,1,0,ctd,logistic_regression,42
Q03148,Q12433,0,0.48826088654269756,0,0,ctd,logistic_regression,42
P38862,Q04697,0,0.6529453311766419,1,0,ctd,logistic_regression,42
Q07540,Q08018,0,0.3491325571333628,0,0,ctd,logistic_regression,42
P23595,Q12349,0,0.3245338357738462,0,0,ctd,logistic_regression,42
P08518,P28007,0,0.6893833405021211,1,0,ctd,logistic_regression,42
P36172,Q04935,0,0.142242613301485,0,0,ctd,logistic_regression,42
Q02554,Q08018,0,0.3094135639914521,0,0,ctd,logistic_regression,42
Q03860,Q06708,0,0.12116286713396518,0,0,ctd,logistic_regression,42
P32481,Q04225,0,0.5573187266081152,1,0,ctd,logistic_regression,42
Q08004,Q12149,0,0.4289562570874369,0,0,ctd,logistic_regression,42
P14737,Q12216,0,0.4396096019129938,0,0,ctd,logistic_regression,42
P40064,P53116,0,0.11359716823202073,0,0,ctd,logistic_regression,42
P21827,P40325,0,0.2561024592590685,0,0,ctd,logistic_regression,42
P53924,Q08032,0,0.6667387192234635,1,0,ctd,logistic_regression,42
P09119,P36121,0,0.5692667552043217,1,0,ctd,logistic_regression,42
P33204,P46954,0,0.1658291311279754,0,0,ctd,logistic_regression,42
Q04089,Q04868,0,0.4118450496651821,0,0,ctd,logistic_regression,42
P40055,Q02206,0,0.6337350638922119,1,0,ctd,logistic_regression,42
P13259,P26448,0,0.30695691948928966,0,0,ctd,logistic_regression,42
P19146,Q92316,0,0.1422070699121156,0,0,ctd,logistic_regression,42
Q03323,Q12447,0,0.3042969715755786,0,0,ctd,logistic_regression,42
Q12157,Q12265,0,0.25762187129639863,0,0,ctd,logistic_regression,42
P30656,Q03691,0,0.4879827287630353,0,0,ctd,logistic_regression,42
P24719,P38298,0,0.16902409703409088,0,0,ctd,logistic_regression,42
P20606,Q12343,0,0.7636878009187736,1,0,ctd,logistic_regression,42
P28241,P32895,0,0.4551744113388998,0,0,ctd,logistic_regression,42
P06786,P53010,0,0.5867031505290387,1,0,ctd,logistic_regression,42
P32558,P39010,0,0.3697963947376138,0,0,ctd,logistic_regression,42
P43682,P53893,0,0.42902927621044845,0,0,ctd,logistic_regression,42
P07273,P20795,0,0.4958496304979013,0,0,ctd,logistic_regression,42
P32912,P39987,0,0.7335127576185538,1,0,ctd,logistic_regression,42
P12887,P47113,0,0.426462269937466,0,0,ctd,logistic_regression,42
P47115,P53244,0,0.6146957778129518,1,0,ctd,logistic_regression,42
P23776,Q12224,0,0.5272748901247906,1,0,ctd,logistic_regression,42
P49018,Q03532,0,0.5629599400825772,1,0,ctd,logistic_regression,42
P40495,P53070,0,0.3843022763224705,0,0,ctd,logistic_regression,42
P16474,P36168,0,0.49456927325961747,0,0,ctd,logistic_regression,42
P24870,P36034,0,0.3394027291519748,0,0,ctd,logistic_regression,42
P16451,P40468,0,0.28642020121905887,0,0,ctd,logistic_regression,42
P35210,Q06178,0,0.5990898428555272,1,0,ctd,logistic_regression,42
P04912,P38810,0,0.4173035668020144,0,0,ctd,logistic_regression,42
P18562,Q04225,0,0.34214439085397785,0,0,ctd,logistic_regression,42
Q03103,Q12224,0,0.4472847131293751,0,0,ctd,logistic_regression,42
P40167,P53044,0,0.43311164579260775,0,0,ctd,logistic_regression,42
P22082,Q12349,0,0.4618795916289307,0,0,ctd,logistic_regression,42
Q06451,Q06554,0,0.19681685198922788,0,0,ctd,logistic_regression,42
P28004,P32605,0,0.6504865266327613,1,0,ctd,logistic_regression,42
P08566,P53901,0,0.5643628788691222,1,0,ctd,logistic_regression,42
P45818,Q12389,0,0.5284710116196867,1,0,ctd,logistic_regression,42
P00445,Q02574,0,0.373014375940532,0,0,ctd,logistic_regression,42
P32607,P50105,0,0.4458671472823713,0,0,ctd,logistic_regression,42
P53176,P54885,0,0.4540762011511139,0,0,ctd,logistic_regression,42
P40541,P47152,0,0.37145305748538604,0,0,ctd,logistic_regression,42
P28239,Q12165,0,0.6565910160659953,1,0,ctd,logistic_regression,42
P25632,P40456,0,0.392837284541661,0,0,ctd,logistic_regression,42
P23724,P29468,0,0.5824319531573915,1,0,ctd,logistic_regression,42
Q06488,Q12158,0,0.41994679049779776,0,0,ctd,logistic_regression,42
P32571,P53824,0,0.5934016499325647,1,0,ctd,logistic_regression,42
P06243,P28239,0,0.5809968583993055,1,0,ctd,logistic_regression,42
P10834,P10869,0,0.48710493338076094,0,0,ctd,logistic_regression,42
P50946,Q04673,0,0.7449578722234652,1,0,ctd,logistic_regression,42
P16661,P32380,0,0.4143880728456262,0,0,ctd,logistic_regression,42
P42945,P48510,0,0.5622355701571249,1,0,ctd,logistic_regression,42
P40341,Q12494,0,0.5718403298740802,1,0,ctd,logistic_regression,42
P20486,P38204,0,0.34472196776003877,0,0,ctd,logistic_regression,42
P34244,P38960,0,0.4823997484241677,0,0,ctd,logistic_regression,42
P38860,Q02260,0,0.4010202975886687,0,0,ctd,logistic_regression,42
P53032,P53961,0,0.26883498289390706,0,0,ctd,logistic_regression,42
P14291,P17505,0,0.3551408030839533,0,0,ctd,logistic_regression,42
P32859,Q04368,0,0.5367516790985544,1,0,ctd,logistic_regression,42
P25453,P33750,0,0.6526872349454166,1,0,ctd,logistic_regression,42
P38764,P54784,0,0.5134738878648731,1,0,ctd,logistic_regression,42
P05694,P38123,0,0.27790430155894696,0,0,ctd,logistic_regression,42
Q03690,Q08278,0,0.5793646848246183,1,0,ctd,logistic_regression,42
P27637,P34227,0,0.2933790197855013,0,0,ctd,logistic_regression,42
P32387,Q12691,0,0.4667874206913999,0,0,ctd,logistic_regression,42
P25389,P38699,0,0.38690488449084703,0,0,ctd,logistic_regression,42
P53337,Q12063,0,0.07569953992196846,0,0,ctd,logistic_regression,42
P07272,P39517,0,0.5472583390197127,1,0,ctd,logistic_regression,42
P50104,Q07896,0,0.5693679471261273,1,0,ctd,logistic_regression,42
P39729,P48439,0,0.34529955516284044,0,0,ctd,logistic_regression,42
Q06490,Q12264,0,0.15178578643927995,0,0,ctd,logistic_regression,42
P35718,Q06324,0,0.6667150190653234,1,0,ctd,logistic_regression,42
P18961,P40969,0,0.48618631640623206,0,0,ctd,logistic_regression,42
P34226,P57744,0,0.3895839608229655,0,0,ctd,logistic_regression,42
P19880,P53857,0,0.63821538694001,1,0,ctd,logistic_regression,42
P15938,P32913,0,0.4403068312077489,0,0,ctd,logistic_regression,42
P00445,P13259,0,0.30798699276128466,0,0,ctd,logistic_regression,42
P22515,P46956,0,0.3500766180564302,0,0,ctd,logistic_regression,42
P39685,P45818,0,0.639337079725508,1,0,ctd,logistic_regression,42
P32838,P53124,0,0.5498302255043819,1,0,ctd,logistic_regression,42
P13711,P25358,0,0.09520527244356725,0,0,ctd,logistic_regression,42
P40020,Q08271,0,0.3213581520904731,0,0,ctd,logistic_regression,42
P32898,Q02159,0,0.46209578137688584,0,0,ctd,logistic_regression,42
P35180,Q12343,0,0.32963507200224534,0,0,ctd,logistic_regression,42
P32793,P45818,0,0.49578262441635446,0,0,ctd,logistic_regression,42
P19658,P25376,0,0.32855438947955523,0,0,ctd,logistic_regression,42
P38911,Q03503,0,0.3683676037061686,0,0,ctd,logistic_regression,42
P47074,P53231,0,0.13734392265370807,0,0,ctd,logistic_regression,42
P01149,P34110,0,0.42968848505971696,0,0,ctd,logistic_regression,42
P22515,P38272,0,0.5237010545344767,1,0,ctd,logistic_regression,42
P01119,P36107,0,0.19750385706330295,0,0,ctd,logistic_regression,42
P40073,Q08920,0,0.2927395329348594,0,0,ctd,logistic_regression,42
P46682,P53115,0,0.5183393576747543,1,0,ctd,logistic_regression,42
P38911,Q03630,0,0.22597809633067847,0,0,ctd,logistic_regression,42
P53600,Q12372,0,0.4053429907149241,0,0,ctd,logistic_regression,42
P16547,P47045,0,0.4744001754134297,0,0,ctd,logistic_regression,42
P33892,P53147,0,0.33830989479558304,0,0,ctd,logistic_regression,42
O14467,Q08980,0,0.7008688891823855,1,0,ctd,logistic_regression,42
P34218,P53743,0,0.5199760105699166,1,0,ctd,logistic_regression,42
P31111,P36057,0,0.2833650364883934,0,0,ctd,logistic_regression,42
P32629,P53628,1,0.4611208667564326,0,1,ctd,logistic_regression,42
P47050,P53628,1,0.343174027424946,0,1,ctd,logistic_regression,42
P35189,Q08018,1,0.22563531463111103,0,1,ctd,logistic_regression,42
Q02884,Q08979,1,0.4746691353528511,0,1,ctd,logistic_regression,42
Q04411,Q12460,1,0.3284002566827969,0,1,ctd,logistic_regression,42
P22219,P28795,1,0.4533168823642648,0,1,ctd,logistic_regression,42
P32573,P40956,1,0.5998412781559073,1,1,ctd,logistic_regression,42
P01149,P33303,1,0.22714560325595134,0,1,ctd,logistic_regression,42
P18963,P20438,1,0.6395648062731577,1,1,ctd,logistic_regression,42
P35181,Q04048,1,0.4483297564114253,0,1,ctd,logistic_regression,42
P25515,P39966,1,0.5806452925775367,1,1,ctd,logistic_regression,42
P32767,Q07528,1,0.48795770015005374,0,1,ctd,logistic_regression,42
P39966,Q03012,1,0.6195455705007552,1,1,ctd,logistic_regression,42
P40069,P40327,1,0.7352190545008527,1,1,ctd,logistic_regression,42
P22515,P38862,1,0.6260007308020127,1,1,ctd,logistic_regression,42
P07703,Q12026,1,0.6240604399777067,1,1,ctd,logistic_regression,42
P00546,P57743,1,0.6665349186798671,1,1,ctd,logistic_regression,42
P40453,Q03774,1,0.4677431602349066,0,1,ctd,logistic_regression,42
P39727,Q03308,1,0.5095015136937199,1,1,ctd,logistic_regression,42
P20435,Q04978,1,0.8651929055529335,1,1,ctd,logistic_regression,42
P34216,P38873,1,0.32536557960919077,0,1,ctd,logistic_regression,42
P22007,Q12285,1,0.5872241749904028,1,1,ctd,logistic_regression,42
P06777,P21705,1,0.7376763382192948,1,1,ctd,logistic_regression,42
P09798,P53743,1,0.7824604384539017,1,1,ctd,logistic_regression,42
P08153,P38590,1,0.5944665349274776,1,1,ctd,logistic_regression,42
P53082,Q12044,1,0.6358731891802025,1,1,ctd,logistic_regression,42
P11484,P53600,1,0.7106892339212841,1,1,ctd,logistic_regression,42
P00937,Q04031,1,0.4420662239316373,0,1,ctd,logistic_regression,42
P32074,P40483,1,0.6112793024670025,1,1,ctd,logistic_regression,42
P28817,P38814,1,0.34531129936793226,0,1,ctd,logistic_regression,42
P22219,Q08245,1,0.395823657559442,0,1,ctd,logistic_regression,42
P23059,P36017,1,0.6668909435122463,1,1,ctd,logistic_regression,42
P20606,Q12301,1,0.3497232630108823,0,1,ctd,logistic_regression,42
P40160,P40479,1,0.404336335396597,0,1,ctd,logistic_regression,42
Q05785,Q08920,1,0.436819731176749,0,1,ctd,logistic_regression,42
P35169,Q05670,1,0.6664143594793834,1,1,ctd,logistic_regression,42
P32354,P34238,1,0.1635521645903738,0,1,ctd,logistic_regression,42
P06839,P40007,1,0.530448098796743,1,1,ctd,logistic_regression,42
P03069,P10964,1,0.41724795434371453,0,1,ctd,logistic_regression,42
P24482,P25615,1,0.48279321054214885,0,1,ctd,logistic_regression,42
P38329,P53196,1,0.38597351938905033,0,1,ctd,logistic_regression,42
P21192,P52593,1,0.7381324442647649,1,1,ctd,logistic_regression,42
P25454,P51534,1,0.6912784349951994,1,1,ctd,logistic_regression,42
P40965,Q99189,1,0.7655272950236395,1,1,ctd,logistic_regression,42
P38082,Q08683,1,0.39957582660286867,0,1,ctd,logistic_regression,42
P38789,Q06169,1,0.43758958706098683,0,1,ctd,logistic_regression,42
P33891,P38217,1,0.6448587386532453,1,1,ctd,logistic_regression,42
P53861,P57743,1,0.6147175440630954,1,1,ctd,logistic_regression,42
P27796,P43637,1,0.7438273301384298,1,1,ctd,logistic_regression,42
P16467,P30656,1,0.593993331009573,1,1,ctd,logistic_regression,42
P39009,P43609,1,0.6877309909589728,1,1,ctd,logistic_regression,42
P19262,Q12363,1,0.3936896639528823,0,1,ctd,logistic_regression,42
Q04217,Q12175,1,0.6729924542235572,1,1,ctd,logistic_regression,42
P35718,P38960,1,0.6166831694366921,1,1,ctd,logistic_regression,42
P32854,Q08004,1,0.3532367947008037,0,1,ctd,logistic_regression,42
P24004,Q04675,1,0.7034252443857882,1,1,ctd,logistic_regression,42
P34087,P53168,1,0.546164597715795,1,1,ctd,logistic_regression,42
O14455,Q03220,1,0.5581487728144992,1,1,ctd,logistic_regression,42
P38786,Q03758,1,0.5580911923077804,1,1,ctd,logistic_regression,42
P18494,P32905,1,0.4729207755644785,0,1,ctd,logistic_regression,42
P36094,P38276,1,0.6231272013921552,1,1,ctd,logistic_regression,42
P38358,Q03919,1,0.05682679854713799,0,1,ctd,logistic_regression,42
P24004,P24870,1,0.6995213963250854,1,1,ctd,logistic_regression,42
P30902,P39960,1,0.4952614737661241,0,1,ctd,logistic_regression,42
P38147,P43596,1,0.37191931150511637,0,1,ctd,logistic_regression,42
P03965,Q12176,1,0.4421315620557617,0,1,ctd,logistic_regression,42
P51862,Q12260,1,0.6416376181398449,1,1,ctd,logistic_regression,42
P17119,P32786,1,0.6680894678092121,1,1,ctd,logistic_regression,42
P08458,P53199,1,0.625941464285183,1,1,ctd,logistic_regression,42
P41895,Q99278,1,0.3426064802070731,0,1,ctd,logistic_regression,42
P10081,P48559,1,0.6104166157017947,1,1,ctd,logistic_regression,42
P28708,Q07528,1,0.5069563293806937,1,1,ctd,logistic_regression,42
P17536,P27351,1,0.8911053538645131,1,1,ctd,logistic_regression,42
P32494,P32838,1,0.493310600586676,0,1,ctd,logistic_regression,42
P15705,Q03954,1,0.5744657670883024,1,1,ctd,logistic_regression,42
P38879,P40003,1,0.5431894792561804,1,1,ctd,logistic_regression,42
P32561,P46988,1,0.5346557263098566,1,1,ctd,logistic_regression,42
P40066,P53197,1,0.6104587645053009,1,1,ctd,logistic_regression,42
P33199,Q07963,1,0.6275732046422979,1,1,ctd,logistic_regression,42
P32501,P48363,1,0.4917606625393943,0,1,ctd,logistic_regression,42
P16664,P43601,1,0.44508986336354067,0,1,ctd,logistic_regression,42
P16892,P38959,1,0.7344146104495087,1,1,ctd,logistic_regression,42
P53865,P53904,1,0.8125046715381881,1,1,ctd,logistic_regression,42
P12754,Q12452,1,0.5221991936658604,1,1,ctd,logistic_regression,42
P38329,P80667,1,0.34868235772186884,0,1,ctd,logistic_regression,42
P53604,Q12315,1,0.5016383800775623,1,1,ctd,logistic_regression,42
P36107,P49573,1,0.4586167537714341,0,1,ctd,logistic_regression,42
P32588,P46675,1,0.6630542525782659,1,1,ctd,logistic_regression,42
P20484,P38428,1,0.3709162864358767,0,1,ctd,logistic_regression,42
P14907,P39715,1,0.25259368317561215,0,1,ctd,logistic_regression,42
P47160,Q04149,1,0.6506868214579503,1,1,ctd,logistic_regression,42
P20433,P30902,1,0.740023231787906,1,1,ctd,logistic_regression,42
Q04370,Q04412,1,0.4798308366723677,0,1,ctd,logistic_regression,42
P25303,P38856,1,0.7605737871183884,1,1,ctd,logistic_regression,42
P16892,P32911,1,0.8461799813566039,1,1,ctd,logistic_regression,42
Q04370,Q07376,1,0.28592084463341627,0,1,ctd,logistic_regression,42
P38805,Q99299,1,0.34628664504939616,0,1,ctd,logistic_regression,42
P24867,Q12265,1,0.33255936949066617,0,1,ctd,logistic_regression,42
P12383,P32911,1,0.5047558776708463,1,1,ctd,logistic_regression,42
P39706,Q12749,1,0.46729567769779856,0,1,ctd,logistic_regression,42
P29366,P33201,1,0.6993615688844955,1,1,ctd,logistic_regression,42
P33892,P47124,1,0.43969896561339045,0,1,ctd,logistic_regression,42
P00958,P38249,1,0.5235189280311563,1,1,ctd,logistic_regression,42
P33199,P50094,1,0.7100619826271748,1,1,ctd,logistic_regression,42
P19657,Q04675,1,0.6490645535037383,1,1,ctd,logistic_regression,42
P38992,P43581,1,0.08862191710783823,0,1,ctd,logistic_regression,42
P38152,P53299,1,0.7861997655336653,1,1,ctd,logistic_regression,42
P28817,Q03956,1,0.26488628864998526,0,1,ctd,logistic_regression,42
P02829,Q07376,1,0.37346234054492705,0,1,ctd,logistic_regression,42
P22543,Q03337,1,0.3981420967497373,0,1,ctd,logistic_regression,42
P31374,P40036,1,0.697773410961165,1,1,ctd,logistic_regression,42
P36094,P39962,1,0.6117583576495352,1,1,ctd,logistic_regression,42
P32590,P39730,1,0.7579221295563618,1,1,ctd,logistic_regression,42
P39935,P47079,1,0.7936428183934785,1,1,ctd,logistic_regression,42
P11745,P32628,1,0.6413290170285304,1,1,ctd,logistic_regression,42
P23724,P35729,1,0.6905932110616124,1,1,ctd,logistic_regression,42
P19882,Q12315,1,0.6625409239769502,1,1,ctd,logistic_regression,42
P15108,P48562,1,0.6753468796753193,1,1,ctd,logistic_regression,42
P22543,Q08965,1,0.4858899949334042,0,1,ctd,logistic_regression,42
P38840,Q04964,1,0.22138419108679283,0,1,ctd,logistic_regression,42
P43605,Q12495,1,0.5743222882739785,1,1,ctd,logistic_regression,42
P38856,P53322,1,0.45058681370386616,0,1,ctd,logistic_regression,42
P13186,P14904,1,0.6374720923777655,1,1,ctd,logistic_regression,42
P06773,Q04005,1,0.39671804384531045,0,1,ctd,logistic_regression,42
P33311,P53086,1,0.46202085662458214,0,1,ctd,logistic_regression,42
P25558,P38871,1,0.6456080191494499,1,1,ctd,logistic_regression,42
P04076,P39935,1,0.7791761581059281,1,1,ctd,logistic_regression,42
P43619,Q06164,1,0.6829649120903776,1,1,ctd,logistic_regression,42
Q00955,Q12427,1,0.6935665924530616,1,1,ctd,logistic_regression,42
P32074,P33306,1,0.4852736765035216,0,1,ctd,logistic_regression,42
P25694,Q12446,1,0.7420716388186549,1,1,ctd,logistic_regression,42
P20606,Q04004,1,0.679596608129095,1,1,ctd,logistic_regression,42
P24279,P25296,1,0.606515428814675,1,1,ctd,logistic_regression,42
P00358,Q12250,1,0.5798595874596277,1,1,ctd,logistic_regression,42
P28743,P46655,1,0.522176248910642,1,1,ctd,logistic_regression,42
P17555,P40512,1,0.5929452619573553,1,1,ctd,logistic_regression,42
P53389,Q08902,1,0.4592990508058028,0,1,ctd,logistic_regression,42
P38959,Q08965,1,0.5758521041239201,1,1,ctd,logistic_regression,42
P33306,P38904,1,0.40401636510599964,0,1,ctd,logistic_regression,42
P32767,Q02767,1,0.5129829970621559,1,1,ctd,logistic_regression,42
P20606,P28708,1,0.7182534872680271,1,1,ctd,logistic_regression,42
P53261,Q12477,1,0.37041558004795955,0,1,ctd,logistic_regression,42
P27801,P53136,1,0.6055228181008913,1,1,ctd,logistic_regression,42
P00899,P39743,1,0.795438115869568,1,1,ctd,logistic_regression,42
P40078,Q08817,1,0.6654790800099466,1,1,ctd,logistic_regression,42
P31109,P38339,1,0.7623779587736607,1,1,ctd,logistic_regression,42
P38229,Q12276,1,0.5210813224856443,1,1,ctd,logistic_regression,42
P05986,P38708,1,0.7456912508507981,1,1,ctd,logistic_regression,42
P32767,Q12222,1,0.43245022524750304,0,1,ctd,logistic_regression,42
P24279,Q04217,1,0.7460283793398043,1,1,ctd,logistic_regression,42
P38270,P50278,1,0.5039448707154364,1,1,ctd,logistic_regression,42
P00560,P39014,1,0.6546065601382857,1,1,ctd,logistic_regression,42
P38590,P40164,1,0.5348582622996839,1,1,ctd,logistic_regression,42
P48606,Q12460,1,0.29030282663439255,0,1,ctd,logistic_regression,42
P28707,Q03308,1,0.3469708564448908,0,1,ctd,logistic_regression,42
P23542,P33322,1,0.5234297924640774,1,1,ctd,logistic_regression,42
P38301,P40857,1,0.13142782301780254,0,1,ctd,logistic_regression,42
P32945,Q04373,1,0.511775015506123,1,1,ctd,logistic_regression,42
P40473,P48412,1,0.3307270163585759,0,1,ctd,logistic_regression,42
P39998,P40483,1,0.524346413796498,1,1,ctd,logistic_regression,42
P32491,Q01560,1,0.5072860924135649,1,1,ctd,logistic_regression,42
P32327,P53011,1,0.6507023243632866,1,1,ctd,logistic_regression,42
P38742,Q04002,1,0.584750717424601,1,1,ctd,logistic_regression,42
P38716,Q12306,1,0.2589760906097641,0,1,ctd,logistic_regression,42
P32634,Q08723,1,0.5221616263348284,1,1,ctd,logistic_regression,42
Q00684,Q04359,1,0.5726583313741664,1,1,ctd,logistic_regression,42
P38344,P40477,1,0.5582930192364569,1,1,ctd,logistic_regression,42
P20606,P42843,1,0.703987988753017,1,1,ctd,logistic_regression,42
P38861,Q06624,1,0.47985651332628665,0,1,ctd,logistic_regression,42
P53136,Q08979,1,0.37579001127321143,0,1,ctd,logistic_regression,42
P51534,P53271,1,0.7117767170879874,1,1,ctd,logistic_regression,42
P32524,P40061,1,0.5804274825510984,1,1,ctd,logistic_regression,42
P53131,Q99278,1,0.32956335867088526,0,1,ctd,logistic_regression,42
P40164,Q12018,1,0.5830231835852046,1,1,ctd,logistic_regression,42
P31383,Q07993,1,0.7018884094706364,1,1,ctd,logistic_regression,42
P54867,Q03697,1,0.5219623325670384,1,1,ctd,logistic_regression,42
P39707,P40316,1,0.7579527248402465,1,1,ctd,logistic_regression,42
P36024,Q00955,1,0.5740820527853726,1,1,ctd,logistic_regression,42
P16521,P53830,1,0.3658482711959443,0,1,ctd,logistic_regression,42
P40091,Q07528,1,0.6993006676575361,1,1,ctd,logistic_regression,42
P30283,Q02775,1,0.6002369776778091,1,1,ctd,logistic_regression,42
P27801,P53971,1,0.42445480408834213,0,1,ctd,logistic_regression,42
P36015,P38261,1,0.31804072418295315,0,1,ctd,logistic_regression,42
P40360,P57744,1,0.3048996867792547,0,1,ctd,logistic_regression,42
Q05080,Q05166,1,0.7720434353562804,1,1,ctd,logistic_regression,42
P29703,Q08972,1,0.7505894244963458,1,1,ctd,logistic_regression,42
Q06078,Q12154,1,0.5879234391728988,1,1,ctd,logistic_regression,42
P00359,P29340,1,0.604310647980838,1,1,ctd,logistic_regression,42
P00546,P50101,1,0.6800898718515453,1,1,ctd,logistic_regression,42
Q04368,Q12754,1,0.6736536627435445,1,1,ctd,logistic_regression,42
Q00816,Q03899,1,0.43941898804353374,0,1,ctd,logistic_regression,42
P32602,Q05636,1,0.6274591879726081,1,1,ctd,logistic_regression,42
Q01560,Q06624,1,0.4798638343482598,0,1,ctd,logistic_regression,42
P00331,P22515,1,0.4993328465671863,0,1,ctd,logistic_regression,42
P09435,P23394,1,0.594161806375292,1,1,ctd,logistic_regression,42
P40573,P53152,1,0.42279557394936407,0,1,ctd,logistic_regression,42
P47012,Q12152,1,0.6086676275663913,1,1,ctd,logistic_regression,42
P40529,Q12045,1,0.33562944919159116,0,1,ctd,logistic_regression,42
P38970,P40555,1,0.7351389672854949,1,1,ctd,logistic_regression,42
P27796,P51996,1,0.675284216553019,1,1,ctd,logistic_regression,42
P36010,P38590,1,0.42033697411117066,0,1,ctd,logistic_regression,42
P35197,P48837,1,0.4979709772352361,0,1,ctd,logistic_regression,42
P27801,P40529,1,0.4428343007548276,0,1,ctd,logistic_regression,42
P17121,P25649,1,0.8346299793730239,1,1,ctd,logistic_regression,42
P32349,P32776,1,0.6310213730299085,1,1,ctd,logistic_regression,42
P32917,Q07508,1,0.6829037011151412,1,1,ctd,logistic_regression,42
P81450,Q12035,1,0.015066970259345327,0,1,ctd,logistic_regression,42
P38149,P53184,1,0.7447660159485469,1,1,ctd,logistic_regression,42
P25615,P38708,1,0.5750388706683132,1,1,ctd,logistic_regression,42
P40155,Q05080,1,0.42716703413348533,0,1,ctd,logistic_regression,42
P39904,P43563,1,0.39625100488127,0,1,ctd,logistic_regression,42
P35203,P40350,1,0.6324893214144497,1,1,ctd,logistic_regression,42
Q02821,Q03096,1,0.7390340378570568,1,1,ctd,logistic_regression,42
P53904,Q08285,1,0.47497800640387694,0,1,ctd,logistic_regression,42
Q06479,Q99385,1,0.6125681867615992,1,1,ctd,logistic_regression,42
P46956,P53093,1,0.30302461322208535,0,1,ctd,logistic_regression,42
P31109,P40479,1,0.4287706573812397,0,1,ctd,logistic_regression,42
P25591,P40512,1,0.671363332286856,1,1,ctd,logistic_regression,42
Q02775,Q06631,1,0.6700927019478383,1,1,ctd,logistic_regression,42
P07170,P50275,1,0.8125782189596424,1,1,ctd,logistic_regression,42
P11154,Q02793,1,0.6042872691697561,1,1,ctd,logistic_regression,42
P17891,P32565,1,0.31659622525733644,0,1,ctd,logistic_regression,42
P06787,P53968,1,0.7883895925240977,1,1,ctd,logistic_regression,42
P38316,Q12477,1,0.5635723511668622,1,1,ctd,logistic_regression,42
P28834,P52919,1,0.65335427470752,1,1,ctd,logistic_regression,42
P32913,Q12734,1,0.49026352960370717,0,1,ctd,logistic_regression,42
P20438,P32468,1,0.44416599053025446,0,1,ctd,logistic_regression,42
P34253,Q04693,1,0.42145208734537426,0,1,ctd,logistic_regression,42
P41920,Q12389,1,0.5946059113875706,1,1,ctd,logistic_regression,42
P39515,Q12482,1,0.6924885726025664,1,1,ctd,logistic_regression,42
P21801,P40070,1,0.40173479637954146,0,1,ctd,logistic_regression,42
P36053,P40014,1,0.5767556243415423,1,1,ctd,logistic_regression,42
P43321,Q12315,1,0.490753565773069,0,1,ctd,logistic_regression,42
P28707,P30665,1,0.4928837868557582,0,1,ctd,logistic_regression,42
P54861,Q00955,1,0.7434274695630608,1,1,ctd,logistic_regression,42
Q06151,Q08979,1,0.4149323972743097,0,1,ctd,logistic_regression,42
Q00578,Q07732,1,0.6170700092252431,1,1,ctd,logistic_regression,42
P25369,P40959,1,0.4708733977532249,0,1,ctd,logistic_regression,42
Q08956,Q12527,1,0.5357839757098507,1,1,ctd,logistic_regression,42
P31539,P34234,1,0.6976281806707018,1,1,ctd,logistic_regression,42
Q01560,Q03048,1,0.17311562209794948,0,1,ctd,logistic_regression,42
P50277,Q02199,1,0.5898167362524992,1,1,ctd,logistic_regression,42
P21182,Q12433,1,0.3553027342287208,0,1,ctd,logistic_regression,42
P38111,P53171,1,0.53866359431041,1,1,ctd,logistic_regression,42
P06244,Q08963,1,0.8222562716577262,1,1,ctd,logistic_regression,42
P19735,P25451,1,0.22686002877248454,0,1,ctd,logistic_regression,42
P32528,Q00723,1,0.5959345358882807,1,1,ctd,logistic_regression,42
P39108,Q07657,1,0.4951755532531824,0,1,ctd,logistic_regression,42
P38427,P52553,1,0.8375891334594099,1,1,ctd,logistic_regression,42
P05318,P43616,1,0.5650891516958673,1,1,ctd,logistic_regression,42
P38080,Q00816,1,0.33352878549468656,0,1,ctd,logistic_regression,42
P29056,P36009,1,0.32633214661548454,0,1,ctd,logistic_regression,42
Q04225,Q06675,1,0.35431259767777595,0,1,ctd,logistic_regression,42
P34164,P36013,1,0.4965554429980691,0,1,ctd,logistic_regression,42
P24004,P38768,1,0.663550533177705,1,1,ctd,logistic_regression,42
P25043,Q02100,1,0.668085036314753,1,1,ctd,logistic_regression,42
P32074,P39925,1,0.6277092384921337,1,1,ctd,logistic_regression,42
P24004,P32492,1,0.6029566360468823,1,1,ctd,logistic_regression,42
P24870,P53100,1,0.7854735114394901,1,1,ctd,logistic_regression,42
P32380,Q04675,1,0.641947798041215,1,1,ctd,logistic_regression,42
P37303,Q08931,1,0.4661122940915643,0,1,ctd,logistic_regression,42
P25558,P25615,1,0.6495539301171102,1,1,ctd,logistic_regression,42
P12385,P39744,1,0.5164941150466585,1,1,ctd,logistic_regression,42
P40988,P41808,1,0.4836251592014187,0,1,ctd,logistic_regression,42
P31377,P32800,1,0.2839138581703293,0,1,ctd,logistic_regression,42
P30657,P39079,1,0.7397495787781686,1,1,ctd,logistic_regression,42
P25454,P36139,1,0.2972938704197846,0,1,ctd,logistic_regression,42
P32599,P53196,1,0.7172804598095955,1,1,ctd,logistic_regression,42
P37012,Q12452,1,0.4424365685741589,0,1,ctd,logistic_regression,42
Q03088,Q06640,1,0.31335713923085246,0,1,ctd,logistic_regression,42
P19262,P40335,1,0.39185360992820933,0,1,ctd,logistic_regression,42
P16892,Q00381,1,0.6947304807479435,1,1,ctd,logistic_regression,42
P47116,Q12044,1,0.5218272409139292,1,1,ctd,logistic_regression,42
P06105,Q99299,1,0.5018269291675413,1,1,ctd,logistic_regression,42
P15646,Q06102,1,0.8565735944455949,1,1,ctd,logistic_regression,42
P33401,P47029,1,0.5860447253269769,1,1,ctd,logistic_regression,42
P24004,P38886,1,0.6823137589528526,1,1,ctd,logistic_regression,42
P32628,Q05947,1,0.49787492153009366,0,1,ctd,logistic_regression,42
P53599,Q12389,1,0.6744215990733649,1,1,ctd,logistic_regression,42
P10081,Q12230,1,0.6227879307209723,1,1,ctd,logistic_regression,42
P51601,Q12527,1,0.6753161309604788,1,1,ctd,logistic_regression,42
P39713,Q07657,1,0.44728321254926484,0,1,ctd,logistic_regression,42
P43583,Q04359,1,0.6577642802168127,1,1,ctd,logistic_regression,42
P01123,Q08273,1,0.6819160546111279,1,1,ctd,logistic_regression,42
P32561,P39929,1,0.7245618881293652,1,1,ctd,logistic_regression,42
P33419,P40335,1,0.3871821531106393,0,1,ctd,logistic_regression,42
P40453,P46988,1,0.486428881204996,0,1,ctd,logistic_regression,42
P38814,P39925,1,0.5808232055938458,1,1,ctd,logistic_regression,42
P05085,P40413,1,0.5832369874276705,1,1,ctd,logistic_regression,42
P41901,P60010,1,0.6382644662500403,1,1,ctd,logistic_regression,42
P36005,Q03012,1,0.6327443229088909,1,1,ctd,logistic_regression,42
P33323,P40089,1,0.5271034964320465,1,1,ctd,logistic_regression,42
P40340,P53290,1,0.6094773503948339,1,1,ctd,logistic_regression,42
P34162,P36100,1,0.343890872091841,0,1,ctd,logistic_regression,42
P17119,P40856,1,0.6647440448201426,1,1,ctd,logistic_regression,42
P31383,Q06137,1,0.7167338208565792,1,1,ctd,logistic_regression,42
P38855,Q04272,1,0.7153434727785675,1,1,ctd,logistic_regression,42
P16664,P39081,1,0.5695599615109117,1,1,ctd,logistic_regression,42
P00331,P38346,1,0.7378137840565012,1,1,ctd,logistic_regression,42
P06242,P38822,1,0.5256089539086773,1,1,ctd,logistic_regression,42
O13559,Q04651,1,0.3247037756445001,0,1,ctd,logistic_regression,42
P42839,Q00381,1,0.4731255351054924,0,1,ctd,logistic_regression,42
P25646,Q99257,1,0.5060916239881736,1,1,ctd,logistic_regression,42
O13553,P40555,1,0.27433878224412844,0,1,ctd,logistic_regression,42
P25298,Q06216,1,0.4226254490083758,0,1,ctd,logistic_regression,42
P35198,P40495,1,0.4093391594000121,0,1,ctd,logistic_regression,42
P34160,Q12078,1,0.25030239009941335,0,1,ctd,logistic_regression,42
Q03630,Q08873,1,0.47999477133823026,0,1,ctd,logistic_regression,42
P53100,Q12152,1,0.6722022358781489,1,1,ctd,logistic_regression,42
P19812,P36017,1,0.7301974365226903,1,1,ctd,logistic_regression,42
P29295,P34217,1,0.733652010560956,1,1,ctd,logistic_regression,42
P32447,P53859,1,0.5049318188218879,1,1,ctd,logistic_regression,42
P40563,Q05947,1,0.47470705865046897,0,1,ctd,logistic_regression,42
P38705,Q03768,1,0.4938230964181928,0,1,ctd,logistic_regression,42
P40462,Q08931,1,0.513757499968446,1,1,ctd,logistic_regression,42
P47122,Q02260,1,0.07480957712582678,0,1,ctd,logistic_regression,42
Q08144,Q08979,1,0.7263999760247611,1,1,ctd,logistic_regression,42
P31244,P40892,1,0.22693692013336236,0,1,ctd,logistic_regression,42
P38806,Q12341,1,0.7014664061556183,1,1,ctd,logistic_regression,42
Q04121,Q12129,1,0.20727179639435883,0,1,ctd,logistic_regression,42
P35203,P40013,1,0.5921477055882435,1,1,ctd,logistic_regression,42
P38293,P49704,1,0.8672417269520694,1,1,ctd,logistic_regression,42
P40010,P40362,1,0.7007624200408765,1,1,ctd,logistic_regression,42
P32492,P47054,1,0.4270358967883307,0,1,ctd,logistic_regression,42
P39079,P48606,1,0.4232051003712857,0,1,ctd,logistic_regression,42
P32074,P36010,1,0.5670491888159155,1,1,ctd,logistic_regression,42
P52491,Q03063,1,0.06775041644033139,0,1,ctd,logistic_regression,42
Q03071,Q04195,1,0.6761698555895703,1,1,ctd,logistic_regression,42
P53040,Q08438,1,0.36540458527410097,0,1,ctd,logistic_regression,42
P28707,P38768,1,0.5889528876969082,1,1,ctd,logistic_regression,42
P35169,P38690,1,0.6647578328468589,1,1,ctd,logistic_regression,42
P35194,Q05775,1,0.5001166786424978,1,1,ctd,logistic_regression,42
P33892,Q12163,1,0.31829436322952903,0,1,ctd,logistic_regression,42
P35723,P38727,1,0.15178347441055678,0,1,ctd,logistic_regression,42
P53959,P53973,1,0.5303682344448992,1,1,ctd,logistic_regression,42
P53622,Q04004,1,0.5624974814523376,1,1,ctd,logistic_regression,42
P06774,P36160,1,0.2742373477029739,0,1,ctd,logistic_regression,42
P07270,P33329,1,0.5853141746513215,1,1,ctd,logistic_regression,42
P32836,P53147,1,0.4009265701100584,0,1,ctd,logistic_regression,42
P24869,P53064,1,0.736190699351988,1,1,ctd,logistic_regression,42
P40103,P53254,1,0.5750223642917459,1,1,ctd,logistic_regression,42
P43574,Q06251,1,0.7358011094762134,1,1,ctd,logistic_regression,42
P37296,Q00245,1,0.6776175340077164,1,1,ctd,logistic_regression,42
P19145,P37370,1,0.6639919399265578,1,1,ctd,logistic_regression,42
Q12248,Q12477,1,0.2330243230572935,0,1,ctd,logistic_regression,42
P38826,Q02732,1,0.5577794510580599,1,1,ctd,logistic_regression,42
P24813,Q03656,1,0.8199255692750245,1,1,ctd,logistic_regression,42
P35197,Q04031,1,0.48575570392908174,0,1,ctd,logistic_regression,42
P39727,Q04739,1,0.6546211164212673,1,1,ctd,logistic_regression,42
P12611,P53011,1,0.5607759088729056,1,1,ctd,logistic_regression,42
P40494,P40495,1,0.4956460490160075,0,1,ctd,logistic_regression,42
P53735,Q02805,1,0.4475013026061476,0,1,ctd,logistic_regression,42
P38070,P49704,1,0.6138645186571705,1,1,ctd,logistic_regression,42
P08018,P22219,1,0.6979755721983265,1,1,ctd,logistic_regression,42
P33755,Q12494,1,0.5952093273567096,1,1,ctd,logistic_regression,42
P12754,Q92317,1,0.3521860049620604,0,1,ctd,logistic_regression,42
Q04373,Q04377,1,0.5642044543818024,1,1,ctd,logistic_regression,42
P02829,P38329,1,0.2825527057624878,0,1,ctd,logistic_regression,42
P14741,Q03532,1,0.4546516241008098,0,1,ctd,logistic_regression,42
P30822,P42846,1,0.397208776664089,0,1,ctd,logistic_regression,42
P22139,P53914,1,0.4887977002333327,0,1,ctd,logistic_regression,42
P38811,Q12026,1,0.5424157980881327,1,1,ctd,logistic_regression,42
P40483,Q04121,1,0.342319001826295,0,1,ctd,logistic_regression,42
P21242,P32842,1,0.2529249584132207,0,1,ctd,logistic_regression,42
P36421,P48363,1,0.7197301468130223,1,1,ctd,logistic_regression,42
P09938,Q12460,1,0.48020822832308185,0,1,ctd,logistic_regression,42
P38932,P54199,1,0.7437308308434052,1,1,ctd,logistic_regression,42
P46682,P54861,1,0.5958581778793245,1,1,ctd,logistic_regression,42
P19097,P21182,1,0.5254095356447449,1,1,ctd,logistic_regression,42
P22204,Q00362,1,0.6313601544893928,1,1,ctd,logistic_regression,42
P33306,P39079,1,0.46566608587183267,0,1,ctd,logistic_regression,42
Q04839,Q99189,1,0.611058151561129,1,1,ctd,logistic_regression,42
P38798,Q04839,1,0.5406489272225962,1,1,ctd,logistic_regression,42
Q00246,Q99210,1,0.29643966230125346,0,1,ctd,logistic_regression,42
P04807,P53685,1,0.6313359725167568,1,1,ctd,logistic_regression,42
P25369,Q05871,1,0.2356288763147316,0,1,ctd,logistic_regression,42
P36973,Q12055,1,0.6962641758718069,1,1,ctd,logistic_regression,42
P53100,P53322,1,0.3127649766779489,0,1,ctd,logistic_regression,42
P23594,P53221,1,0.7798731707094037,1,1,ctd,logistic_regression,42
O13539,P53082,1,0.6731434038773323,1,1,ctd,logistic_regression,42
P23301,P50095,1,0.5659999798095304,1,1,ctd,logistic_regression,42
Q06673,Q08723,1,0.5985118378791524,1,1,ctd,logistic_regression,42
P34218,P36121,1,0.43210782826073896,0,1,ctd,logistic_regression,42
P36005,Q12021,1,0.6923590610732047,1,1,ctd,logistic_regression,42
P32350,P38766,1,0.4887562060380919,0,1,ctd,logistic_regression,42
P32832,P38262,1,0.6554978817702054,1,1,ctd,logistic_regression,42
P36172,P40484,1,0.31423397917521334,0,1,ctd,logistic_regression,42
P32585,P52488,1,0.48827352221573633,0,1,ctd,logistic_regression,42
P21242,P39944,1,0.5990713718187556,1,1,ctd,logistic_regression,42
P41808,Q06217,1,0.6675454548099616,1,1,ctd,logistic_regression,42
Q04199,Q04739,1,0.695196841825557,1,1,ctd,logistic_regression,42
P41800,P43563,1,0.3818912403508041,0,1,ctd,logistic_regression,42
P00431,P38957,1,0.58847332090415,1,1,ctd,logistic_regression,42
P25559,Q06449,1,0.7303731991724595,1,1,ctd,logistic_regression,42
P24719,Q06677,1,0.5627702154694487,1,1,ctd,logistic_regression,42
P07283,Q03533,1,0.5704129755106522,1,1,ctd,logistic_regression,42
P00359,P13045,1,0.4519306955543062,0,1,ctd,logistic_regression,42
P06101,Q06410,1,0.7428039700116349,1,1,ctd,logistic_regression,42
P33411,Q08746,1,0.6290539005010609,1,1,ctd,logistic_regression,42
P38282,Q00578,1,0.4208587768949991,0,1,ctd,logistic_regression,42
P36080,P53280,1,0.5441903160575552,1,1,ctd,logistic_regression,42
P53150,Q12483,1,0.5415197886299733,1,1,ctd,logistic_regression,42
P34218,Q04673,1,0.29570516129118657,0,1,ctd,logistic_regression,42
P04456,Q03920,1,0.4403397431692884,0,1,ctd,logistic_regression,42
P46963,Q04031,1,0.4269564530240492,0,1,ctd,logistic_regression,42
P53685,Q03338,1,0.49562780761657327,0,1,ctd,logistic_regression,42
P33334,Q07657,1,0.4673809227483467,0,1,ctd,logistic_regression,42
P07866,Q03532,1,0.6009854542728964,1,1,ctd,logistic_regression,42
P39073,P40507,1,0.3727338106473665,0,1,ctd,logistic_regression,42
Q06624,Q12420,1,0.6892112600624222,1,1,ctd,logistic_regression,42
P19882,Q12473,1,0.6722768134635136,1,1,ctd,logistic_regression,42
P33331,P35688,1,0.47514555758780563,0,1,ctd,logistic_regression,42
P53036,Q03012,1,0.5267366805798557,1,1,ctd,logistic_regression,42
P32797,P38957,1,0.4866091182503529,0,1,ctd,logistic_regression,42
P32259,P32583,1,0.11657001224053555,0,1,ctd,logistic_regression,42
P08153,P22204,1,0.5370720301016126,1,1,ctd,logistic_regression,42
P06781,P32939,1,0.5746565872176723,1,1,ctd,logistic_regression,42
P39081,P53100,1,0.7212883325188719,1,1,ctd,logistic_regression,42
P40555,Q02875,1,0.713399486489938,1,1,ctd,logistic_regression,42
P02293,Q12427,1,0.5638286754220062,1,1,ctd,logistic_regression,42
P06844,P47120,1,0.7875124711800874,1,1,ctd,logistic_regression,42
P00830,Q06479,1,0.5638455812466138,1,1,ctd,logistic_regression,42
P00175,P40482,1,0.4517053565671625,0,1,ctd,logistic_regression,42
P35056,Q02890,1,0.7651124639460961,1,1,ctd,logistic_regression,42
Q00684,Q06451,1,0.18342984902831863,0,1,ctd,logistic_regression,42
P24482,Q03774,1,0.49876975457392264,0,1,ctd,logistic_regression,42
P22214,P53901,1,0.537097854859768,1,1,ctd,logistic_regression,42
P49960,Q08235,1,0.6574048647477282,1,1,ctd,logistic_regression,42
P36003,P54199,1,0.6654696233283521,1,1,ctd,logistic_regression,42
P53086,P53859,1,0.5501788975768959,1,1,ctd,logistic_regression,42
P37302,P38682,1,0.6983177812922117,1,1,ctd,logistic_regression,42
P29366,Q08931,1,0.5445288627321979,1,1,ctd,logistic_regression,42
P38867,P40356,1,0.4420318668956567,0,1,ctd,logistic_regression,42
P38806,P41814,1,0.8310131194311193,1,1,ctd,logistic_regression,42
P04807,P53040,1,0.5964552484008533,1,1,ctd,logistic_regression,42
P32496,Q12277,1,0.6745672409107043,1,1,ctd,logistic_regression,42
P36068,Q08931,1,0.511204436949327,1,1,ctd,logistic_regression,42
Q00684,Q05778,1,0.5285402027898989,1,1,ctd,logistic_regression,42
P53248,Q00916,1,0.6363300772555017,1,1,ctd,logistic_regression,42
P13856,P39929,1,0.5974307529887426,1,1,ctd,logistic_regression,42
P38634,P41277,1,0.46433530053932065,0,1,ctd,logistic_regression,42
P38310,P53196,1,0.47516397360074747,0,1,ctd,logistic_regression,42
P52593,Q6Q547,1,0.5030756781815177,1,1,ctd,logistic_regression,42
P40507,Q12033,1,0.3491473358088709,0,1,ctd,logistic_regression,42
P05317,P32895,1,0.749504102908373,1,1,ctd,logistic_regression,42
P25635,P38287,1,0.33364850388668893,0,1,ctd,logistic_regression,42
P38152,P39987,1,0.4382975463423993,0,1,ctd,logistic_regression,42
P25808,P34730,1,0.5104980714871384,1,1,ctd,logistic_regression,42
P17255,P40316,1,0.5113244662104187,1,1,ctd,logistic_regression,42
P10081,P53091,1,0.6642464893586351,1,1,ctd,logistic_regression,42
P09435,P20606,1,0.7841245240133798,1,1,ctd,logistic_regression,42
P17157,P52918,1,0.5032028640022489,1,1,ctd,logistic_regression,42
P32911,P33895,1,0.8330524401616559,1,1,ctd,logistic_regression,42
P13856,P47045,1,0.4579637687966779,0,1,ctd,logistic_regression,42
P10964,P41818,1,0.3882265124621803,0,1,ctd,logistic_regression,42
P14832,Q08886,1,0.5886659801851988,1,1,ctd,logistic_regression,42
P38889,Q03956,1,0.6424360567504234,1,1,ctd,logistic_regression,42
P40960,Q12427,1,0.32823743211370937,0,1,ctd,logistic_regression,42
P38871,P41920,1,0.7664848218208152,1,1,ctd,logistic_regression,42
P14064,P19736,1,0.7180715192872651,1,1,ctd,logistic_regression,42
P39083,P53739,1,0.5542694938317592,1,1,ctd,logistic_regression,42
O13565,Q08956,1,0.48065673748173215,0,1,ctd,logistic_regression,42
P38313,P38764,1,0.6901950305249678,1,1,ctd,logistic_regression,42
P54885,Q08886,1,0.3791322572505021,0,1,ctd,logistic_regression,42
P25296,P53136,1,0.3298066877720793,0,1,ctd,logistic_regression,42
P33331,P38193,1,0.4544426031692667,0,1,ctd,logistic_regression,42
P09938,P12688,1,0.661729291883204,1,1,ctd,logistic_regression,42
P12754,P20052,1,0.7442583486133814,1,1,ctd,logistic_regression,42
P36144,Q12176,1,0.5441781034970491,1,1,ctd,logistic_regression,42
P50086,P53221,1,0.8809800052631868,1,1,ctd,logistic_regression,42
P53243,Q02206,1,0.3685464662973252,0,1,ctd,logistic_regression,42
P38011,Q12477,1,0.4158930841756798,0,1,ctd,logistic_regression,42
P01120,P40485,1,0.5371961582874666,1,1,ctd,logistic_regression,42
P29703,P38863,1,0.50971019191319,1,1,ctd,logistic_regression,42
P41901,Q12248,1,0.25795186894139416,0,1,ctd,logistic_regression,42
P40066,Q06479,1,0.5956325577387506,1,1,ctd,logistic_regression,42
P22517,P39077,1,0.6643105776531195,1,1,ctd,logistic_regression,42
P30771,Q06178,1,0.673133641112589,1,1,ctd,logistic_regression,42
P32786,P34216,1,0.4373638703477672,0,1,ctd,logistic_regression,42
P08524,P32786,1,0.7257805077263008,1,1,ctd,logistic_regression,42
P40494,P48562,1,0.5748106490455133,1,1,ctd,logistic_regression,42
P32598,P32629,1,0.5332726052913493,1,1,ctd,logistic_regression,42
P53952,Q12343,1,0.598752217307135,1,1,ctd,logistic_regression,42
P32628,P36049,1,0.32436231328743137,0,1,ctd,logistic_regression,42
P38855,Q99210,1,0.47549575812623496,0,1,ctd,logistic_regression,42
P39517,Q01939,1,0.7461102170629983,1,1,ctd,logistic_regression,42
P38310,P38823,1,0.6653722384118815,1,1,ctd,logistic_regression,42
P19657,P40555,1,0.5330376900091722,1,1,ctd,logistic_regression,42
O14467,Q04175,1,0.7400280859207284,1,1,ctd,logistic_regression,42
P33420,P39968,1,0.8189823578672861,1,1,ctd,logistic_regression,42
P53068,P53267,1,0.7279869945097743,1,1,ctd,logistic_regression,42
P12887,P36168,1,0.5281049713052808,1,1,ctd,logistic_regression,42
P38276,Q00816,1,0.5546755821177387,1,1,ctd,logistic_regression,42
P40013,Q03782,1,0.4557487802739039,0,1,ctd,logistic_regression,42
P20438,Q06078,1,0.5980157671060994,1,1,ctd,logistic_regression,42
Q06102,Q12021,1,0.616978144257805,1,1,ctd,logistic_regression,42
P38149,Q07657,1,0.580852183774935,1,1,ctd,logistic_regression,42
P18759,P30665,1,0.602518712085485,1,1,ctd,logistic_regression,42
P25584,P32571,1,0.6500891376036205,1,1,ctd,logistic_regression,42
P32450,P39926,1,0.2505784945703248,0,1,ctd,logistic_regression,42
P39929,Q03330,1,0.7844699483742575,1,1,ctd,logistic_regression,42
P32495,P34226,1,0.5532164974170529,1,1,ctd,logistic_regression,42
Q12411,Q12527,1,0.5936589213596289,1,1,ctd,logistic_regression,42
P43603,P53927,1,0.894720642712437,1,1,ctd,logistic_regression,42
P18410,Q05670,1,0.47179113847759513,0,1,ctd,logistic_regression,42
P28817,P32945,1,0.3931827493467491,0,1,ctd,logistic_regression,42
P40303,Q03532,1,0.22600593392802265,0,1,ctd,logistic_regression,42
P23594,P38344,1,0.6595784462450155,1,1,ctd,logistic_regression,42
P38282,P50113,1,0.4980065386295207,0,1,ctd,logistic_regression,42
P38274,Q03338,1,0.5782686971307992,1,1,ctd,logistic_regression,42
P17891,P28834,1,0.4780637693704869,0,1,ctd,logistic_regression,42
P28743,Q04839,1,0.5564657695524743,1,1,ctd,logistic_regression,42
P27705,P38873,1,0.48905829407746015,0,1,ctd,logistic_regression,42
P38208,P38229,1,0.4485985233921583,0,1,ctd,logistic_regression,42
Q03818,Q12446,1,0.6008922701744017,1,1,ctd,logistic_regression,42
P10592,P35688,1,0.47925841103002464,0,1,ctd,logistic_regression,42
P23724,P53883,1,0.6524497139655221,1,1,ctd,logistic_regression,42
P43568,Q12434,1,0.5280714647697694,1,1,ctd,logistic_regression,42
P40340,P40480,1,0.5632282309066502,1,1,ctd,logistic_regression,42
P38624,Q08162,1,0.46804555277275267,0,1,ctd,logistic_regression,42
P38859,Q12021,1,0.5686393019377094,1,1,ctd,logistic_regression,42
P28791,P32264,1,0.7669211794932925,1,1,ctd,logistic_regression,42
P22543,P29461,1,0.5228357456311931,1,1,ctd,logistic_regression,42
P40061,Q07471,1,0.40733051194663467,0,1,ctd,logistic_regression,42
P32913,Q00776,1,0.5180617839163515,1,1,ctd,logistic_regression,42
P06773,P53905,1,0.35347374937910914,0,1,ctd,logistic_regression,42
P36165,Q12176,1,0.4137860286078205,0,1,ctd,logistic_regression,42
P12904,P36149,1,0.38249049103085486,0,1,ctd,logistic_regression,42
P32521,P40005,1,0.4746149596702628,0,1,ctd,logistic_regression,42
P19524,P32571,1,0.5772854375443095,1,1,ctd,logistic_regression,42
P15108,P26263,1,0.7321443410836469,1,1,ctd,logistic_regression,42
P40455,Q06525,1,0.6803611871958222,1,1,ctd,logistic_regression,42
P16892,Q06704,1,0.7371048145654577,1,1,ctd,logistic_regression,42
P05318,P15436,1,0.6682697496785284,1,1,ctd,logistic_regression,42
P22216,Q12754,1,0.5834431119583134,1,1,ctd,logistic_regression,42
P09938,P47912,1,0.43611382703617985,0,1,ctd,logistic_regression,42
P25719,P36145,1,0.41906464655581177,0,1,ctd,logistic_regression,42
P12754,P32767,1,0.6642388593303106,1,1,ctd,logistic_regression,42
P13365,P24482,1,0.3197432606194006,0,1,ctd,logistic_regression,42
P07274,P36421,1,0.7192421731968868,1,1,ctd,logistic_regression,42
P38310,Q04493,1,0.2468664249949444,0,1,ctd,logistic_regression,42
P09959,P40959,1,0.6179141590273872,1,1,ctd,logistic_regression,42
P05694,P38989,1,0.5833600205368336,1,1,ctd,logistic_regression,42
P32471,Q12098,1,0.6945901776335278,1,1,ctd,logistic_regression,42
P50113,Q04031,1,0.4661846318714904,0,1,ctd,logistic_regression,42
P40563,P41800,1,0.6252290218909717,1,1,ctd,logistic_regression,42
P39743,P40574,1,0.7265955549145453,1,1,ctd,logistic_regression,42
P24279,Q06549,1,0.6754250521623514,1,1,ctd,logistic_regression,42
P06634,Q07442,1,0.5539620272555617,1,1,ctd,logistic_regression,42
P35729,P38708,1,0.725161187766103,1,1,ctd,logistic_regression,42
P20459,P38339,1,0.7597240920559074,1,1,ctd,logistic_regression,42
P21182,P35056,1,0.6520402220736695,1,1,ctd,logistic_regression,42
P13517,P42839,1,0.28458972794011106,0,1,ctd,logistic_regression,42
P33311,Q12518,1,0.41907378120180255,0,1,ctd,logistic_regression,42
P41813,P43565,1,0.4693947200358508,0,1,ctd,logistic_regression,42
P34234,Q08732,1,0.8128463793481195,1,1,ctd,logistic_regression,42
P38339,P40013,1,0.5198810889420545,1,1,ctd,logistic_regression,42
P33204,P38113,1,0.3784214754552905,0,1,ctd,logistic_regression,42
P23594,Q04839,1,0.7231957600666012,1,1,ctd,logistic_regression,42
P38737,P40018,1,0.6123599198134084,1,1,ctd,logistic_regression,42
P00817,P12868,1,0.575406809082226,1,1,ctd,logistic_regression,42
P19524,Q12315,1,0.5960864378364465,1,1,ctd,logistic_regression,42
P21801,P32458,1,0.3567077217808434,0,1,ctd,logistic_regression,42
P00950,P32571,1,0.6997861925400968,1,1,ctd,logistic_regression,42
P53883,Q99299,1,0.6112129406595519,1,1,ctd,logistic_regression,42
P09032,Q12411,1,0.595319081826344,1,1,ctd,logistic_regression,42
P11710,P39551,1,0.29178416776467836,0,1,ctd,logistic_regression,42
P23642,P52593,1,0.5550536239539781,1,1,ctd,logistic_regression,42
P15790,P50094,1,0.6566401898530699,1,1,ctd,logistic_regression,42
P38217,P38720,1,0.43969000949776654,0,1,ctd,logistic_regression,42
P38959,P39108,1,0.6375701391981841,1,1,ctd,logistic_regression,42
P24869,Q08496,1,0.5461603088472655,1,1,ctd,logistic_regression,42
P40971,Q04847,1,0.5210419831880917,1,1,ctd,logistic_regression,42
P25615,P25655,1,0.580990022654508,1,1,ctd,logistic_regression,42
P20424,Q07418,1,0.595493788551378,1,1,ctd,logistic_regression,42
P38853,P54199,1,0.5193770081979557,1,1,ctd,logistic_regression,42
O13553,Q07508,1,0.4588359584124587,0,1,ctd,logistic_regression,42
P24783,P43603,1,0.8186663402096405,1,1,ctd,logistic_regression,42
P14736,P25808,1,0.49210867833444005,0,1,ctd,logistic_regression,42
P38850,P40555,1,0.5535008297495259,1,1,ctd,logistic_regression,42
Q04894,Q06704,1,0.6511115822610033,1,1,ctd,logistic_regression,42
P53068,Q02773,1,0.6455747288422576,1,1,ctd,logistic_regression,42
P39563,Q08208,1,0.5486959803289477,1,1,ctd,logistic_regression,42
P32527,Q08217,1,0.40141342218355547,0,1,ctd,logistic_regression,42
P36068,P38735,1,0.5253557137635451,1,1,ctd,logistic_regression,42
P40079,Q12514,1,0.7060994348273433,1,1,ctd,logistic_regression,42
P32945,P47064,1,0.7377814132833761,1,1,ctd,logistic_regression,42
P42846,Q08215,1,0.41152117357027046,0,1,ctd,logistic_regression,42
P36017,Q04004,1,0.7114216986664738,1,1,ctd,logistic_regression,42
P32573,Q12063,1,0.586740765307071,1,1,ctd,logistic_regression,42
P32328,Q04964,1,0.4221789475089554,0,1,ctd,logistic_regression,42
P04387,Q05022,1,0.6181903498161064,1,1,ctd,logistic_regression,42
P07258,Q07381,1,0.4955929440177835,0,1,ctd,logistic_regression,42
P40009,Q07468,1,0.5436371990117306,1,1,ctd,logistic_regression,42
P31374,P33204,1,0.3810976476863787,0,1,ctd,logistic_regression,42
P40335,Q12514,1,0.35616033460527646,0,1,ctd,logistic_regression,42
P32457,Q12310,1,0.5601695291287465,1,1,ctd,logistic_regression,42
P33307,P38786,1,0.6024994234201078,1,1,ctd,logistic_regression,42
P53883,Q08550,1,0.852523664115486,1,1,ctd,logistic_regression,42
P38634,Q08446,1,0.2888335403283243,0,1,ctd,logistic_regression,42
P07251,P53599,1,0.6275374446079781,1,1,ctd,logistic_regression,42
P39727,P53094,1,0.4079584742390516,0,1,ctd,logistic_regression,42
P33299,P40069,1,0.6861371835423049,1,1,ctd,logistic_regression,42
P36013,P53067,1,0.5491001357537916,1,1,ctd,logistic_regression,42
P18961,P39517,1,0.790073839981703,1,1,ctd,logistic_regression,42
P15705,P40956,1,0.41586049713541506,0,1,ctd,logistic_regression,42
P04076,P40956,1,0.5032418479501145,1,1,ctd,logistic_regression,42
P38310,P48836,1,0.31093230690174756,0,1,ctd,logistic_regression,42
P07272,P21538,1,0.42670454270517943,0,1,ctd,logistic_regression,42
P25655,Q12033,1,0.48406006700097803,0,1,ctd,logistic_regression,42
P41800,Q03862,1,0.5154784894496333,1,1,ctd,logistic_regression,42
P36118,P53604,1,0.5397348691041006,1,1,ctd,logistic_regression,42
P40069,Q05636,1,0.6812493167188501,1,1,ctd,logistic_regression,42
P30771,P33400,1,0.48506017095571113,0,1,ctd,logistic_regression,42
P38856,P47122,1,0.5878145658173116,1,1,ctd,logistic_regression,42
P14682,Q04067,1,0.5530859529503979,1,1,ctd,logistic_regression,42
P40070,P50275,1,0.8130535635047261,1,1,ctd,logistic_regression,42
P32500,P49686,1,0.2953005907481362,0,1,ctd,logistic_regression,42
P32492,P38200,1,0.664668335408394,1,1,ctd,logistic_regression,42
P05318,Q08581,1,0.8909627703092539,1,1,ctd,logistic_regression,42
P32578,P38871,1,0.6350654746656439,1,1,ctd,logistic_regression,42
P11745,P54861,1,0.78894743434439,1,1,ctd,logistic_regression,42
P14832,Q08965,1,0.7055089686309298,1,1,ctd,logistic_regression,42
P46947,Q04412,1,0.35685783325327913,0,1,ctd,logistic_regression,42
P36047,Q03920,1,0.8028104496820547,1,1,ctd,logistic_regression,42
P14736,P23561,1,0.746371327067247,1,1,ctd,logistic_regression,42
P04807,P38257,1,0.4016491800097897,0,1,ctd,logistic_regression,42
P36139,Q12315,1,0.4710674067943806,0,1,ctd,logistic_regression,42
P37296,Q03081,1,0.6900749407217069,1,1,ctd,logistic_regression,42
P27636,P40960,1,0.2694160102404723,0,1,ctd,logistic_regression,42
P38208,P40960,1,0.5076363779065934,1,1,ctd,logistic_regression,42
Q07381,Q12206,1,0.4054694719335684,0,1,ctd,logistic_regression,42
P18851,Q06151,1,0.6804917229818431,1,1,ctd,logistic_regression,42
P24583,P53082,1,0.5585556390839823,1,1,ctd,logistic_regression,42
P11709,Q12341,1,0.6210054116978508,1,1,ctd,logistic_regression,42
P25357,P39730,1,0.8426084405537616,1,1,ctd,logistic_regression,42
Q07381,Q12220,1,0.49347832646980766,0,1,ctd,logistic_regression,42
P53867,Q06178,1,0.6894998943884676,1,1,ctd,logistic_regression,42
P23287,P39079,1,0.5860918402117762,1,1,ctd,logistic_regression,42
Q03776,Q04601,1,0.5927719381789317,1,1,ctd,logistic_regression,42
P12754,Q08921,1,0.4108093831543826,0,1,ctd,logistic_regression,42
P39967,P41811,1,0.36642802985008416,0,1,ctd,logistic_regression,42
P33418,P35729,1,0.49165245367460164,0,1,ctd,logistic_regression,42
P25296,P36037,1,0.4862133686400765,0,1,ctd,logistic_regression,42
P00431,P33303,1,0.44927489114943864,0,1,ctd,logistic_regression,42
P54860,Q04439,1,0.5862165366076608,1,1,ctd,logistic_regression,42
P47122,Q05930,1,0.47193120463019433,0,1,ctd,logistic_regression,42
P38930,P41832,1,0.7207891000067823,1,1,ctd,logistic_regression,42
P40092,Q02875,1,0.7026796035885304,1,1,ctd,logistic_regression,42
P09938,P53924,1,0.7447497190350859,1,1,ctd,logistic_regression,42
P53039,Q12300,1,0.45029397547094574,0,1,ctd,logistic_regression,42
P47041,Q07824,1,0.44682969335704176,0,1,ctd,logistic_regression,42
P32491,P53927,1,0.8800841733247091,1,1,ctd,logistic_regression,42
P35190,P53277,1,0.5137627527914177,1,1,ctd,logistic_regression,42
P27351,P39723,1,0.6179644068766679,1,1,ctd,logistic_regression,42
P23301,P38283,1,0.525674762142324,1,1,ctd,logistic_regression,42
P32381,Q12310,1,0.6271025963638944,1,1,ctd,logistic_regression,42
P10363,Q08732,1,0.7832929173921669,1,1,ctd,logistic_regression,42
P38229,Q06216,1,0.46211746519113533,0,1,ctd,logistic_regression,42
P25369,P32490,1,0.5246562296646324,1,1,ctd,logistic_regression,42
P38768,P40092,1,0.7807717983533762,1,1,ctd,logistic_regression,42
P39925,P40095,1,0.41786024339434463,0,1,ctd,logistic_regression,42
P13712,P23301,1,0.5489843171271995,1,1,ctd,logistic_regression,42
P40564,Q06160,1,0.37229887348760826,0,1,ctd,logistic_regression,42
P39523,Q06436,1,0.5959575824399536,1,1,ctd,logistic_regression,42
P35203,P51996,1,0.7573251899080914,1,1,ctd,logistic_regression,42
P34216,P38063,1,0.5882930625130384,1,1,ctd,logistic_regression,42
P18898,Q08873,1,0.696572895464702,1,1,ctd,logistic_regression,42
P47017,Q02884,1,0.2894091848524592,0,1,ctd,logistic_regression,42
P32794,P38287,1,0.28012459187530253,0,1,ctd,logistic_regression,42
P40483,Q02196,1,0.544708607730714,1,1,ctd,logistic_regression,42
P25586,P27351,1,0.6975449921325259,1,1,ctd,logistic_regression,42
P22203,P22543,1,0.6987024658855493,1,1,ctd,logistic_regression,42
P19262,P32318,1,0.49641915441421663,0,1,ctd,logistic_regression,42
P12753,Q02825,1,0.5114602734926257,1,1,ctd,logistic_regression,42
P32832,P53959,1,0.5108133735082736,1,1,ctd,logistic_regression,42
P32495,Q08558,1,0.3897489475114395,0,1,ctd,logistic_regression,42
P24814,P49955,1,0.6846469810087142,1,1,ctd,logistic_regression,42
P04147,P06787,1,0.7905158766181258,1,1,ctd,logistic_regression,42
P04051,P20436,1,0.34985828578904155,0,1,ctd,logistic_regression,42
P07834,Q08732,1,0.6625495922174433,1,1,ctd,logistic_regression,42
P27705,P53136,1,0.5621908588466669,1,1,ctd,logistic_regression,42
P53924,Q02866,1,0.6132123136713076,1,1,ctd,logistic_regression,42
P38883,Q02884,1,0.5232531919889633,1,1,ctd,logistic_regression,42
P12385,P53599,1,0.7243159973394028,1,1,ctd,logistic_regression,42
P32523,Q02821,1,0.34805922750661955,0,1,ctd,logistic_regression,42
P42935,Q12368,1,0.6721504866913298,1,1,ctd,logistic_regression,42
P03965,P38856,1,0.6946387839252481,1,1,ctd,logistic_regression,42
P11433,P80667,1,0.4954284527252479,0,1,ctd,logistic_regression,42
P39717,Q04031,1,0.32260902834431876,0,1,ctd,logistic_regression,42
P06103,P14359,1,0.809751395480606,1,1,ctd,logistic_regression,42
P38713,P50086,1,0.7144603017141133,1,1,ctd,logistic_regression,42
P26448,P33399,1,0.2616852751308968,0,1,ctd,logistic_regression,42
P27351,P29340,1,0.8561255008415678,1,1,ctd,logistic_regression,42
P38348,P46655,1,0.7219675815820762,1,1,ctd,logistic_regression,42
P24004,P39703,1,0.4322461991269007,0,1,ctd,logistic_regression,42
P14832,P37012,1,0.6990144681586524,1,1,ctd,logistic_regression,42
P38720,P52910,1,0.4367964746472295,0,1,ctd,logistic_regression,42
P20081,P54885,1,0.7646558731585937,1,1,ctd,logistic_regression,42
P32324,P36029,1,0.5043525827100799,1,1,ctd,logistic_regression,42
P27801,Q04411,1,0.52271676078833,1,1,ctd,logistic_regression,42
Q02256,Q99394,1,0.7549073210446853,1,1,ctd,logistic_regression,42
P53248,Q00684,1,0.4638046266272753,0,1,ctd,logistic_regression,42
P53152,Q08144,1,0.5985003282531259,1,1,ctd,logistic_regression,42
P46988,Q12020,1,0.5251964001720277,1,1,ctd,logistic_regression,42
P00358,P23644,1,0.5445907663586502,1,1,ctd,logistic_regression,42
P40963,Q08217,1,0.24856379904831744,0,1,ctd,logistic_regression,42
P13712,P46957,1,0.6764388392277344,1,1,ctd,logistic_regression,42
P21192,P32495,1,0.736368375781499,1,1,ctd,logistic_regression,42
P50942,P53900,1,0.645823427780696,1,1,ctd,logistic_regression,42
P38316,P40064,1,0.6500375864912662,1,1,ctd,logistic_regression,42
P31109,P38324,1,0.5477026578570976,1,1,ctd,logistic_regression,42
P28006,P50108,1,0.6052662822750065,1,1,ctd,logistic_regression,42
P23394,Q12044,1,0.45963867555575877,0,1,ctd,logistic_regression,42
P34077,Q12024,1,0.5306672322423348,1,1,ctd,logistic_regression,42
P38883,P38886,1,0.7405170742434267,1,1,ctd,logistic_regression,42
P22147,P25586,1,0.6549906634205137,1,1,ctd,logistic_regression,42
P46672,Q03897,1,0.6699400329025333,1,1,ctd,logistic_regression,42
P38970,P52490,1,0.2555565801935261,0,1,ctd,logistic_regression,42
P38080,P47017,1,0.23670655609736976,0,1,ctd,logistic_regression,42
P38705,P47150,1,0.34128961854361495,0,1,ctd,logistic_regression,42
P22224,P39929,1,0.7835897067568883,1,1,ctd,logistic_regression,42
P33334,P53100,1,0.6323738730861544,1,1,ctd,logistic_regression,42
P38011,P40036,1,0.5911254163664512,1,1,ctd,logistic_regression,42
P00924,P08458,1,0.583665488472308,1,1,ctd,logistic_regression,42
P25591,P40485,1,0.7523642926356985,1,1,ctd,logistic_regression,42
P39083,P53599,1,0.5662263809575662,1,1,ctd,logistic_regression,42
P15646,P40103,1,0.9715673760173152,1,1,ctd,logistic_regression,42
P24813,P32776,1,0.6713863939743391,1,1,ctd,logistic_regression,42
P09624,Q00916,1,0.732998710755751,1,1,ctd,logistic_regression,42
P40186,Q12691,1,0.728645455628234,1,1,ctd,logistic_regression,42
P36144,P38232,1,0.6303490389446199,1,1,ctd,logistic_regression,42
P38823,P40963,1,0.47390432608198096,0,1,ctd,logistic_regression,42
P04456,Q12754,1,0.4424184437771906,0,1,ctd,logistic_regression,42
P09032,P36080,1,0.405035438386409,0,1,ctd,logistic_regression,42
P32588,P53169,1,0.5656451546450144,1,1,ctd,logistic_regression,42
P10862,Q04493,1,0.44968799502760526,0,1,ctd,logistic_regression,42
P39935,Q12280,1,0.6070585116036894,1,1,ctd,logistic_regression,42
P38329,P38814,1,0.31471006704289756,0,1,ctd,logistic_regression,42
P16474,P53079,1,0.734260826834668,1,1,ctd,logistic_regression,42
P14741,P46962,1,0.6048882126751062,1,1,ctd,logistic_regression,42
P13586,P53297,1,0.639569683437809,1,1,ctd,logistic_regression,42
P25567,P39935,1,0.653266489970273,1,1,ctd,logistic_regression,42
P38063,Q12522,1,0.8412799835115289,1,1,ctd,logistic_regression,42
P38344,P41318,1,0.608211306457754,1,1,ctd,logistic_regression,42
P53298,Q06696,1,0.4182556001828295,0,1,ctd,logistic_regression,42
P33203,P51601,1,0.7386409845349841,1,1,ctd,logistic_regression,42
P29295,Q08746,1,0.7329734292505266,1,1,ctd,logistic_regression,42
P30624,P40988,1,0.3425566629806485,0,1,ctd,logistic_regression,42
P40450,P42934,1,0.43895019918946404,0,1,ctd,logistic_regression,42
P40468,Q12420,1,0.4722030473784883,0,1,ctd,logistic_regression,42
P36107,P38254,1,0.2734324486448816,0,1,ctd,logistic_regression,42
P10622,P53834,1,0.8121801758396547,1,1,ctd,logistic_regression,42
P38637,P39936,1,0.6266481132096783,1,1,ctd,logistic_regression,42
P38070,P40567,1,0.621794330746333,1,1,ctd,logistic_regression,42
P40956,Q04272,1,0.5860924776463592,1,1,ctd,logistic_regression,42
P11938,P46985,1,0.45867617408783623,0,1,ctd,logistic_regression,42
P21242,Q02260,1,0.19718520590548153,0,1,ctd,logistic_regression,42
Q07824,Q99383,1,0.42125912322121895,0,1,ctd,logistic_regression,42
P53968,Q06251,1,0.5524277712915975,1,1,ctd,logistic_regression,42
P21965,Q08144,1,0.6245294947903601,1,1,ctd,logistic_regression,42
P36131,P43588,1,0.43725661046128894,0,1,ctd,logistic_regression,42
P42839,Q12468,1,0.23261924433345885,0,1,ctd,logistic_regression,42
Q12055,Q12344,1,0.7827253277000455,1,1,ctd,logistic_regression,42
Q06324,Q92317,1,0.31896744121327636,0,1,ctd,logistic_regression,42
P00549,Q12433,1,0.5244362107099118,1,1,ctd,logistic_regression,42
P14164,Q12344,1,0.6922029295048513,1,1,ctd,logistic_regression,42
P40003,P40477,1,0.5261356294734858,1,1,ctd,logistic_regression,42
P13856,P43612,1,0.45099206609679743,0,1,ctd,logistic_regression,42
P06101,P15108,1,0.7058750980884972,1,1,ctd,logistic_regression,42
P39707,P43593,1,0.738259109777045,1,1,ctd,logistic_regression,42
P10863,P35179,1,0.31435719313250643,0,1,ctd,logistic_regression,42
P32368,Q06676,1,0.06427520136035363,0,1,ctd,logistic_regression,42
P32450,P41814,1,0.6075352137966786,1,1,ctd,logistic_regression,42
P18961,P53130,1,0.5925435915623439,1,1,ctd,logistic_regression,42
P12385,Q06408,1,0.6201977929765101,1,1,ctd,logistic_regression,42
P10081,P40078,1,0.6522760391625201,1,1,ctd,logistic_regression,42
P36037,P40204,1,0.7415012564647501,1,1,ctd,logistic_regression,42
P40151,Q03323,1,0.5333508553178455,1,1,ctd,logistic_regression,42
P32345,Q12045,1,0.5331992097750023,1,1,ctd,logistic_regression,42
P00175,P25605,1,0.6579155731796754,1,1,ctd,logistic_regression,42
P38089,P40036,1,0.5640142500317622,1,1,ctd,logistic_regression,42
Q00916,Q07786,1,0.6278816403716817,1,1,ctd,logistic_regression,42
P06104,P38801,1,0.3142784231024937,0,1,ctd,logistic_regression,42
P14741,P53197,1,0.6719064610715391,1,1,ctd,logistic_regression,42
P36224,Q04272,1,0.7120549036767163,1,1,ctd,logistic_regression,42
P49435,Q07623,1,0.6237327152202903,1,1,ctd,logistic_regression,42
P43638,Q03981,1,0.6833021950787502,1,1,ctd,logistic_regression,42
P39994,Q03981,1,0.7183880406283997,1,1,ctd,logistic_regression,42
Q03619,Q08726,1,0.5361523193287878,1,1,ctd,logistic_regression,42
P53859,Q03690,1,0.6683260615168697,1,1,ctd,logistic_regression,42
Q12098,Q12417,1,0.5994102712206887,1,1,ctd,logistic_regression,42
P34758,Q12264,1,0.24327757193485122,0,1,ctd,logistic_regression,42
P48239,P53086,1,0.6792972672921509,1,1,ctd,logistic_regression,42
P36130,P41834,1,0.8354464057864367,1,1,ctd,logistic_regression,42
P25367,P46995,1,0.4130657892249329,0,1,ctd,logistic_regression,42
P17157,P25357,1,0.7310824830038927,1,1,ctd,logistic_regression,42
P38960,Q04231,1,0.5874597934062402,1,1,ctd,logistic_regression,42
P15891,P39998,1,0.6245762737367666,1,1,ctd,logistic_regression,42
P25591,Q99186,1,0.6048235194912854,1,1,ctd,logistic_regression,42
P24871,Q12038,1,0.4473264559974757,0,1,ctd,logistic_regression,42
P54784,Q04089,1,0.40210757899417254,0,1,ctd,logistic_regression,42
P32505,Q08949,1,0.5734643689747798,1,1,ctd,logistic_regression,42
P38855,P46682,1,0.49288527535947585,0,1,ctd,logistic_regression,42
P00128,P37366,1,0.5323726149127521,1,1,ctd,logistic_regression,42
P32945,Q04921,1,0.6469314325561936,1,1,ctd,logistic_regression,42
P39979,Q12168,1,0.3323396634806824,0,1,ctd,logistic_regression,42
P28817,P47083,1,0.1680844845625562,0,1,ctd,logistic_regression,42
P06773,P41813,1,0.512716463754985,1,1,ctd,logistic_regression,42
P43569,Q12449,1,0.8009249664975646,1,1,ctd,logistic_regression,42
P08964,P15303,1,0.5454733767425192,1,1,ctd,logistic_regression,42
P36036,P39534,1,0.4766786249814392,0,1,ctd,logistic_regression,42
P46962,Q05946,1,0.6779347236051265,1,1,ctd,logistic_regression,42
P23644,P38011,1,0.44160466245758206,0,1,ctd,logistic_regression,42
P47104,Q03654,1,0.3349535212025082,0,1,ctd,logistic_regression,42
P35729,P39013,1,0.8368818533140152,1,1,ctd,logistic_regression,42
P30657,Q05958,1,0.7270381246414025,1,1,ctd,logistic_regression,42
P31382,P43638,1,0.6461830841430939,1,1,ctd,logistic_regression,42
Q07623,Q12098,1,0.7089372343998966,1,1,ctd,logistic_regression,42
P32468,Q12434,1,0.6219204856444279,1,1,ctd,logistic_regression,42
P38886,Q12424,1,0.5666000738674433,1,1,ctd,logistic_regression,42
P46995,Q08492,1,0.29729295228829594,0,1,ctd,logistic_regression,42
P15108,Q12330,1,0.6246703247752569,1,1,ctd,logistic_regression,42
P23287,P40078,1,0.7350866483724272,1,1,ctd,logistic_regression,42
P46949,Q06679,1,0.3655881788128507,0,1,ctd,logistic_regression,42
P07560,Q12427,1,0.6198504277030981,1,1,ctd,logistic_regression,42
P22007,P33297,1,0.36585211681447455,0,1,ctd,logistic_regression,42
P33760,Q12377,1,0.28950684828269296,0,1,ctd,logistic_regression,42
P09064,Q02256,1,0.5236157220114823,1,1,ctd,logistic_regression,42
P38786,P38990,1,0.71515089579524,1,1,ctd,logistic_regression,42
P35197,P47045,1,0.4991245755826012,0,1,ctd,logistic_regression,42
P32915,Q03691,1,0.31047693048235536,0,1,ctd,logistic_regression,42
P06778,Q04307,1,0.07090592314543835,0,1,ctd,logistic_regression,42
P47912,Q04739,1,0.6194604411119479,1,1,ctd,logistic_regression,42
P38254,P53912,1,0.5852772420892962,1,1,ctd,logistic_regression,42
P08539,Q03655,1,0.4011334134323846,0,1,ctd,logistic_regression,42
P16467,P38316,1,0.675895544936858,1,1,ctd,logistic_regression,42
P20081,P38810,1,0.5460217258220035,1,1,ctd,logistic_regression,42
P38334,Q03220,1,0.5894300986256354,1,1,ctd,logistic_regression,42
P53254,Q05022,1,0.498344987626439,0,1,ctd,logistic_regression,42
P43568,P53829,1,0.5015884778582648,1,1,ctd,logistic_regression,42
P23639,P49686,1,0.4356602406190238,0,1,ctd,logistic_regression,42
P53893,P57743,1,0.7196406526216199,1,1,ctd,logistic_regression,42
P38013,Q04377,1,0.5678442969659102,1,1,ctd,logistic_regression,42
P06243,P24814,1,0.6276625708863967,1,1,ctd,logistic_regression,42
P39946,Q00578,1,0.458703454433328,0,1,ctd,logistic_regression,42
P47089,Q12310,1,0.37438239571674387,0,1,ctd,logistic_regression,42
P31244,Q92331,1,0.28113847073278775,0,1,ctd,logistic_regression,42
P38590,Q07508,1,0.6016392696964324,1,1,ctd,logistic_regression,42
P40003,Q04660,1,0.5313747108683194,1,1,ctd,logistic_regression,42
P46949,Q12280,1,0.4226277468040808,0,1,ctd,logistic_regression,42
P27515,P40507,1,0.5839595900193002,1,1,ctd,logistic_regression,42
P12754,P53939,1,0.6156244132381643,1,1,ctd,logistic_regression,42
P31688,Q03254,1,0.5838488709911145,1,1,ctd,logistic_regression,42
P00830,P38623,1,0.4542871781642014,0,1,ctd,logistic_regression,42
P14747,P18759,1,0.5343998909323942,1,1,ctd,logistic_regression,42
P39723,Q03012,1,0.46488050693912375,0,1,ctd,logistic_regression,42
P12904,Q05881,1,0.5012742048308951,1,1,ctd,logistic_regression,42
P25045,P38068,1,0.3420059308151331,0,1,ctd,logistic_regression,42
P38339,P50944,1,0.2755593978732812,0,1,ctd,logistic_regression,42
P19812,Q03897,1,0.6366827606255313,1,1,ctd,logistic_regression,42
P32502,P38555,1,0.6893883907308074,1,1,ctd,logistic_regression,42
P22336,P32774,1,0.5167118832129733,1,1,ctd,logistic_regression,42
P38165,P48582,1,0.6199038367615016,1,1,ctd,logistic_regression,42
P37012,Q12518,1,0.5781903857084854,1,1,ctd,logistic_regression,42
Q04195,Q12280,1,0.6860219120795311,1,1,ctd,logistic_regression,42
P25370,Q12216,1,0.42019692832795785,0,1,ctd,logistic_regression,42
P06100,P07264,1,0.59278844153282,1,1,ctd,logistic_regression,42
P34217,P53965,1,0.8008331673205515,1,1,ctd,logistic_regression,42
P11745,P35497,1,0.6769463564330159,1,1,ctd,logistic_regression,42
Q12390,Q99385,1,0.6116645191755233,1,1,ctd,logistic_regression,42
P52491,Q12297,1,0.22690698238204263,0,1,ctd,logistic_regression,42
P05030,P13186,1,0.5926383066130163,1,1,ctd,logistic_regression,42
P09798,P17255,1,0.6401055790714154,1,1,ctd,logistic_regression,42
P22133,P36013,1,0.4422690619324286,0,1,ctd,logistic_regression,42
P27514,P46677,1,0.35044154760640844,0,1,ctd,logistic_regression,42
P06787,P07347,1,0.683185233431046,1,1,ctd,logistic_regression,42
P25369,P48415,1,0.43625209305022583,0,1,ctd,logistic_regression,42
P38792,Q08215,1,0.7238613962121345,1,1,ctd,logistic_regression,42
P39937,P47912,1,0.5972736912880098,1,1,ctd,logistic_regression,42
P22203,P38276,1,0.744218483722186,1,1,ctd,logistic_regression,42
P17442,P43561,1,0.7899400291352043,1,1,ctd,logistic_regression,42
P38879,P41816,1,0.5816286166139936,1,1,ctd,logistic_regression,42
P36130,P40055,1,0.7179405370491577,1,1,ctd,logistic_regression,42
Q03973,Q04377,1,0.5478753351828152,1,1,ctd,logistic_regression,42
P22213,P38636,1,0.8370028246640077,1,1,ctd,logistic_regression,42
P19955,P36147,1,0.42590350764898716,0,1,ctd,logistic_regression,42
P12753,P38768,1,0.7626496894536795,1,1,ctd,logistic_regression,42
P32349,Q12260,1,0.6714827382599741,1,1,ctd,logistic_regression,42
P32571,Q6Q547,1,0.6726569001389879,1,1,ctd,logistic_regression,42
P40395,P54860,1,0.6230983811686958,1,1,ctd,logistic_regression,42
Q03503,Q12264,1,0.11031111672710449,0,1,ctd,logistic_regression,42
P22213,P42843,1,0.49879148842995347,0,1,ctd,logistic_regression,42
P53298,P53743,1,0.8018866130022959,1,1,ctd,logistic_regression,42
P32602,P40494,1,0.5089361273471105,1,1,ctd,logistic_regression,42
P32364,P33760,1,0.4980685278763894,0,1,ctd,logistic_regression,42
P89102,Q12021,1,0.6613851797572536,1,1,ctd,logistic_regression,42
P05986,P31385,1,0.40710435970546305,0,1,ctd,logistic_regression,42
P32559,P34227,1,0.2316236649927275,0,1,ctd,logistic_regression,42
P33401,P39937,1,0.651185155302407,1,1,ctd,logistic_regression,42
P06103,P43583,1,0.6000892883856034,1,1,ctd,logistic_regression,42
P15646,P35688,1,0.6899633844571313,1,1,ctd,logistic_regression,42
P26263,P38257,1,0.5552198853371153,1,1,ctd,logistic_regression,42
P40061,P46995,1,0.5811867876792511,1,1,ctd,logistic_regression,42
P47017,Q03758,1,0.4005134511218763,0,1,ctd,logistic_regression,42
P22147,Q02932,1,0.6697057404092336,1,1,ctd,logistic_regression,42
P36053,P40151,1,0.28379046341783176,0,1,ctd,logistic_regression,42
P32939,P47176,1,0.45811273667695884,0,1,ctd,logistic_regression,42
P40517,P47029,1,0.7018152296041005,1,1,ctd,logistic_regression,42
P43587,P48836,1,0.266188275259065,0,1,ctd,logistic_regression,42
Q00246,Q04217,1,0.38754144928307066,0,1,ctd,logistic_regression,42
P29703,Q12377,1,0.45488489597299225,0,1,ctd,logistic_regression,42
P41816,P46947,1,0.5545203650482681,1,1,ctd,logistic_regression,42
P23638,Q06549,1,0.7678945669738027,1,1,ctd,logistic_regression,42
P38820,Q04601,1,0.7619931670584806,1,1,ctd,logistic_regression,42
P14907,Q00245,1,0.3452826263640961,0,1,ctd,logistic_regression,42
P38735,Q12199,1,0.6170477105137835,1,1,ctd,logistic_regression,42
P43593,P53207,1,0.5393396056181794,1,1,ctd,logistic_regression,42
Q04004,Q12440,1,0.5407136377271197,1,1,ctd,logistic_regression,42
P32802,P43321,1,0.4638927961943822,0,1,ctd,logistic_regression,42
P50946,Q12134,1,0.7431345208549123,1,1,ctd,logistic_regression,42
P25389,P38287,1,0.237516439337267,0,1,ctd,logistic_regression,42
P08153,P13712,1,0.6327307329633196,1,1,ctd,logistic_regression,42
P19657,P39014,1,0.4301725038282957,0,1,ctd,logistic_regression,42
P25694,P38636,1,0.8320505938297581,1,1,ctd,logistic_regression,42
P12945,P53152,1,0.6251609096689578,1,1,ctd,logistic_regression,42
P30624,P41940,1,0.313853143611051,0,1,ctd,logistic_regression,42
P34160,Q04562,1,0.2921604448006931,0,1,ctd,logistic_regression,42
P25357,P34253,1,0.6299864682637255,1,1,ctd,logistic_regression,42
P32605,P39014,1,0.475062159700003,0,1,ctd,logistic_regression,42
P24783,P42951,1,0.7858139697792094,1,1,ctd,logistic_regression,42
Q04930,Q12513,1,0.5852677795858039,1,1,ctd,logistic_regression,42
P32610,P38193,1,0.5290650646292865,1,1,ctd,logistic_regression,42
P39927,P42843,1,0.6114894392645217,1,1,ctd,logistic_regression,42
P36027,P38992,1,0.11391501393191755,0,1,ctd,logistic_regression,42
P36048,Q02804,1,0.5698267573286183,1,1,ctd,logistic_regression,42
P34240,P38922,1,0.8432088482027381,1,1,ctd,logistic_regression,42
P38620,P39715,1,0.6016897673062708,1,1,ctd,logistic_regression,42
P04821,Q08217,1,0.5700031898245097,1,1,ctd,logistic_regression,42
P32319,P39548,1,0.3148244306323673,0,1,ctd,logistic_regression,42
P50101,P54999,1,0.6162803217054951,1,1,ctd,logistic_regression,42
P23201,Q12118,1,0.48126395044306114,0,1,ctd,logistic_regression,42
P03965,P50091,1,0.4518795539859231,0,1,ctd,logistic_regression,42
P01120,P53036,1,0.6463767668714567,1,1,ctd,logistic_regression,42
P32767,P53248,1,0.6309760991484813,1,1,ctd,logistic_regression,42
P10622,P25615,1,0.5800841627738909,1,1,ctd,logistic_regression,42
P19454,Q12734,1,0.6690732925019967,1,1,ctd,logistic_regression,42
P25646,Q03899,1,0.5977323886518736,1,1,ctd,logistic_regression,42
P32366,Q05871,1,0.5034516734574485,1,1,ctd,logistic_regression,42
P53256,Q04264,1,0.7260606450023964,1,1,ctd,logistic_regression,42
P25360,P53067,1,0.613363101626885,1,1,ctd,logistic_regression,42
P53600,Q99394,1,0.8376984729305366,1,1,ctd,logistic_regression,42
P16521,P38889,1,0.6675151458183454,1,1,ctd,logistic_regression,42
P38631,Q04491,1,0.3464434906707821,0,1,ctd,logistic_regression,42
P39729,P47064,1,0.9280208036489248,1,1,ctd,logistic_regression,42
P06103,Q07508,1,0.5969675235750297,1,1,ctd,logistic_regression,42
P13517,P38149,1,0.5605031348347537,1,1,ctd,logistic_regression,42
P31374,P32381,1,0.7678732378015215,1,1,ctd,logistic_regression,42
P40048,P41832,1,0.4662806753023639,0,1,ctd,logistic_regression,42
P39994,Q04233,1,0.4611455860613529,0,1,ctd,logistic_regression,42
P39081,P40561,1,0.7093126322148448,1,1,ctd,logistic_regression,42
Q02773,Q04978,1,0.6378596791938012,1,1,ctd,logistic_regression,42
P38283,P89102,1,0.7266873457544689,1,1,ctd,logistic_regression,42
P08679,P14904,1,0.6742161247929215,1,1,ctd,logistic_regression,42
P43586,P53978,1,0.5418520741904974,1,1,ctd,logistic_regression,42
P35194,Q04601,1,0.5974120353305973,1,1,ctd,logistic_regression,42
P40510,Q08204,1,0.5490412358872956,1,1,ctd,logistic_regression,42
P17119,Q12009,1,0.635257747446515,1,1,ctd,logistic_regression,42
P38431,P40339,1,0.730006404363068,1,1,ctd,logistic_regression,42
P28708,Q12447,1,0.30887926545703076,0,1,ctd,logistic_regression,42
P23638,P54999,1,0.5145739433528161,1,1,ctd,logistic_regression,42
Q06407,Q08963,1,0.7368509477700007,1,1,ctd,logistic_regression,42
P48232,Q08004,1,0.3480340375790145,0,1,ctd,logistic_regression,42
P25296,P39904,1,0.4082231733268336,0,1,ctd,logistic_regression,42
P28791,P32905,1,0.8537225990745515,1,1,ctd,logistic_regression,42
P27476,Q12060,1,0.6100283883555441,1,1,ctd,logistic_regression,42
P32774,P48525,1,0.4783070200901879,0,1,ctd,logistic_regression,42
P12688,P38764,1,0.6977105233596945,1,1,ctd,logistic_regression,42
P34240,P38726,1,0.5783126919567441,1,1,ctd,logistic_regression,42
P07262,P46947,1,0.42584479521138885,0,1,ctd,logistic_regression,42
Q05881,Q12256,1,0.4544898831575759,0,1,ctd,logistic_regression,42
P32873,Q08601,1,0.673860554137264,1,1,ctd,logistic_regression,42
P06700,P19358,1,0.4988125783038985,0,1,ctd,logistic_regression,42
P38990,Q03898,1,0.6862651551836894,1,1,ctd,logistic_regression,42
P33755,Q06628,1,0.34289381523402696,0,1,ctd,logistic_regression,42
P31539,Q92331,1,0.546522724613169,1,1,ctd,logistic_regression,42
P06844,P32905,1,0.6300843884937711,1,1,ctd,logistic_regression,42
P21965,Q04272,1,0.4716562711812376,0,1,ctd,logistic_regression,42
P32389,Q03208,1,0.43333123033645654,0,1,ctd,logistic_regression,42
P53086,Q12129,1,0.48468010774509074,0,1,ctd,logistic_regression,42
P32366,P36131,1,0.4945805577637697,0,1,ctd,logistic_regression,42
P04807,P41834,1,0.6162589824180815,1,1,ctd,logistic_regression,42
P48361,Q12469,1,0.6689861142275442,1,1,ctd,logistic_regression,42
P52286,Q04792,1,0.6158609846740597,1,1,ctd,logistic_regression,42
P22543,P47019,1,0.43326634805633407,0,1,ctd,logistic_regression,42
P38237,P50945,1,0.5986761898885526,1,1,ctd,logistic_regression,42
P06103,P40413,1,0.5818664797049722,1,1,ctd,logistic_regression,42
P04076,P09959,1,0.6533337618067083,1,1,ctd,logistic_regression,42
P14306,P38291,1,0.4622131338135092,0,1,ctd,logistic_regression,42
P48582,Q08217,1,0.5158875218295514,1,1,ctd,logistic_regression,42
P38334,Q08004,1,0.3199844637318464,0,1,ctd,logistic_regression,42
P39966,Q08817,1,0.49302680210356375,0,1,ctd,logistic_regression,42
P47011,Q12514,1,0.6226162381249372,1,1,ctd,logistic_regression,42
P32591,Q12028,1,0.5297615482767306,1,1,ctd,logistic_regression,42
P38786,Q06177,1,0.7099579977821819,1,1,ctd,logistic_regression,42
P14306,Q04004,1,0.5288921207663148,1,1,ctd,logistic_regression,42
P11927,P35734,1,0.5628508375609369,1,1,ctd,logistic_regression,42
P53322,Q07963,1,0.18698108241358474,0,1,ctd,logistic_regression,42
P40009,Q08144,1,0.6624810239108582,1,1,ctd,logistic_regression,42
P22515,P35203,1,0.7162944944747565,1,1,ctd,logistic_regression,42
P48566,Q03956,1,0.4622699667918183,0,1,ctd,logistic_regression,42
P49704,P54861,1,0.7253288062183095,1,1,ctd,logistic_regression,42
P19073,Q00618,1,0.645824122653393,1,1,ctd,logistic_regression,42
P02829,P50108,1,0.6525445638490173,1,1,ctd,logistic_regression,42
Q07468,Q07528,1,0.534507440180244,1,1,ctd,logistic_regression,42
P38829,Q99383,1,0.6039137620651047,1,1,ctd,logistic_regression,42
P38270,Q05778,1,0.5923768187251179,1,1,ctd,logistic_regression,42
P33420,Q04217,1,0.7910254140047218,1,1,ctd,logistic_regression,42
P32835,P47176,1,0.4248205312466127,0,1,ctd,logistic_regression,42
P38682,Q05583,1,0.6440614437802048,1,1,ctd,logistic_regression,42
P23624,P32867,1,0.6125332590265566,1,1,ctd,logistic_regression,42
P09435,Q07471,1,0.4806257267637545,0,1,ctd,logistic_regression,42
P35691,Q06506,1,0.7179791433971883,1,1,ctd,logistic_regression,42
P42846,Q05775,1,0.33442337793900373,0,1,ctd,logistic_regression,42
P27476,P50106,1,0.475319001414304,0,1,ctd,logistic_regression,42
P34252,Q02721,1,0.35891413046356185,0,1,ctd,logistic_regression,42
P20438,P37370,1,0.43321024573176076,0,1,ctd,logistic_regression,42
P15790,P23394,1,0.6672015243368029,1,1,ctd,logistic_regression,42
P53124,Q12168,1,0.41530125708782095,0,1,ctd,logistic_regression,42
P49573,Q04868,1,0.21714788350154318,0,1,ctd,logistic_regression,42
P40036,P40038,1,0.7376601466939858,1,1,ctd,logistic_regression,42
P39008,P40078,1,0.6600136645669806,1,1,ctd,logistic_regression,42
P43569,Q12418,1,0.577926499316042,1,1,ctd,logistic_regression,42
P32849,P35190,1,0.628653248852454,1,1,ctd,logistic_regression,42
P32917,P38872,1,0.654413575843032,1,1,ctd,logistic_regression,42
P43616,P53168,1,0.39966980185163997,0,1,ctd,logistic_regression,42
P39083,P47041,1,0.5934240610744549,1,1,ctd,logistic_regression,42
P53622,Q12449,1,0.6520847301596437,1,1,ctd,logistic_regression,42
P38274,Q04373,1,0.3505168308156881,0,1,ctd,logistic_regression,42
P32873,P40202,1,0.6505739528423582,1,1,ctd,logistic_regression,42
P38998,P53930,1,0.5036290227803609,1,1,ctd,logistic_regression,42
P15436,P54786,1,0.4104462555662698,0,1,ctd,logistic_regression,42
P38129,P47165,1,0.6185237001503963,1,1,ctd,logistic_regression,42
P41834,Q12440,1,0.7410614059669857,1,1,ctd,logistic_regression,42
P26570,Q06704,1,0.7293973786949481,1,1,ctd,logistic_regression,42
P28708,Q06479,1,0.6944969868076809,1,1,ctd,logistic_regression,42
P02400,Q08921,1,0.58039320788729,1,1,ctd,logistic_regression,42
P32628,P46995,1,0.4246519114228145,0,1,ctd,logistic_regression,42
P38288,P38723,1,0.5098539139666504,1,1,ctd,logistic_regression,42
P47821,P80428,1,0.6721539606987585,1,1,ctd,logistic_regression,42
P07170,P38697,1,0.6668381269409076,1,1,ctd,logistic_regression,42
Q00539,Q04233,1,0.5324196421697436,1,1,ctd,logistic_regression,42
P40438,P87284,1,0.557184289677871,1,1,ctd,logistic_regression,42
P37302,P39979,1,0.44279744407628496,0,1,ctd,logistic_regression,42
P38768,Q12513,1,0.7595874973158672,1,1,ctd,logistic_regression,42
P32501,P51862,1,0.6417544782671794,1,1,ctd,logistic_regression,42
P40009,Q12263,1,0.5794260770889051,1,1,ctd,logistic_regression,42
P54199,Q12222,1,0.5533480741751432,1,1,ctd,logistic_regression,42
P11154,Q08601,1,0.6644922494377556,1,1,ctd,logistic_regression,42
P20438,P39517,1,0.6491837544634265,1,1,ctd,logistic_regression,42
P40005,Q07844,1,0.5202694925727799,1,1,ctd,logistic_regression,42
P19524,Q08921,1,0.490775083342877,0,1,ctd,logistic_regression,42
P35182,P40988,1,0.4185003851758383,0,1,ctd,logistic_regression,42
P14291,Q06525,1,0.521804999228631,1,1,ctd,logistic_regression,42
P32913,P36018,1,0.3864080962610992,0,1,ctd,logistic_regression,42
P09435,Q02773,1,0.6708663886014741,1,1,ctd,logistic_regression,42
P39073,P40096,1,0.5634923124070136,1,1,ctd,logistic_regression,42
P19524,Q02100,1,0.5014411496647933,1,1,ctd,logistic_regression,42
P47176,Q12517,1,0.5745765004208627,1,1,ctd,logistic_regression,42
P12612,P53256,1,0.79453360696667,1,1,ctd,logistic_regression,42
P06169,P21374,1,0.73027386467225,1,1,ctd,logistic_regression,42
P00331,Q06819,1,0.47261732475608714,0,1,ctd,logistic_regression,42
P32263,P37303,1,0.3673757750131746,0,1,ctd,logistic_regression,42
P28795,P36008,1,0.42131503802549247,0,1,ctd,logistic_regression,42
P33420,P41816,1,0.7375698679286121,1,1,ctd,logistic_regression,42
P17891,Q04964,1,0.15392316364431913,0,1,ctd,logistic_regression,42
P32264,Q12100,1,0.7724421880349144,1,1,ctd,logistic_regression,42
P31374,P32356,1,0.6022144455423698,1,1,ctd,logistic_regression,42
P32773,P40202,1,0.45855860109963265,0,1,ctd,logistic_regression,42
P08638,P34252,1,0.5758686909255661,1,1,ctd,logistic_regression,42
P32807,Q07980,1,0.5207111136229281,1,1,ctd,logistic_regression,42
P06634,P20449,1,0.6183953440424624,1,1,ctd,logistic_regression,42
P32525,Q03096,1,0.7281917905473019,1,1,ctd,logistic_regression,42
P32913,Q12045,1,0.4759660771327614,0,1,ctd,logistic_regression,42
P38636,Q12024,1,0.7451743569569066,1,1,ctd,logistic_regression,42
P38696,Q12329,1,0.5527467215171301,1,1,ctd,logistic_regression,42
P53271,Q05580,1,0.6598463018956615,1,1,ctd,logistic_regression,42
P36172,Q12483,1,0.3355350905296032,0,1,ctd,logistic_regression,42
P13711,P32605,1,0.5113960357360537,1,1,ctd,logistic_regression,42
P06787,P39962,1,0.5889739177360768,1,1,ctd,logistic_regression,42
P33313,P38313,1,0.6790948541878031,1,1,ctd,logistic_regression,42
P39682,Q04493,1,0.2598782172266091,0,1,ctd,logistic_regression,42
P50094,Q12055,1,0.5930164142113798,1,1,ctd,logistic_regression,42
P38690,P39517,1,0.6284344644773884,1,1,ctd,logistic_regression,42
P02557,P06843,1,0.6751582183347432,1,1,ctd,logistic_regression,42
P16521,P53742,1,0.6014645317617987,1,1,ctd,logistic_regression,42
P32842,P41813,1,0.24270488668989518,0,1,ctd,logistic_regression,42
P25615,P36421,1,0.728745035556577,1,1,ctd,logistic_regression,42
P20053,P40018,1,0.8556348410596425,1,1,ctd,logistic_regression,42
P53886,Q06151,1,0.5251631890493477,1,1,ctd,logistic_regression,42
P20435,Q08962,1,0.5443876058916143,1,1,ctd,logistic_regression,42
P32349,P40573,1,0.6880724966567714,1,1,ctd,logistic_regression,42
P47165,Q01590,1,0.7406770742360643,1,1,ctd,logistic_regression,42
P32505,P38334,1,0.5361594580343058,1,1,ctd,logistic_regression,42
P38920,P40151,1,0.646654733892154,1,1,ctd,logistic_regression,42
P06773,Q12527,1,0.5999351459941918,1,1,ctd,logistic_regression,42
P15873,Q06406,1,0.5758038078591403,1,1,ctd,logistic_regression,42
P15807,P33750,1,0.4500556688575378,0,1,ctd,logistic_regression,42
P54860,Q03220,1,0.6399974181076982,1,1,ctd,logistic_regression,42
Q08723,Q12368,1,0.7155554677694871,1,1,ctd,logistic_regression,42
P32523,P47113,1,0.3781442301458427,0,1,ctd,logistic_regression,42
P38427,Q03735,1,0.5430628687480141,1,1,ctd,logistic_regression,42
P38720,P42073,1,0.7340043471188337,1,1,ctd,logistic_regression,42
P53039,Q06644,1,0.43064103623604,0,1,ctd,logistic_regression,42
P10363,P17442,1,0.8328602195654822,1,1,ctd,logistic_regression,42
P27801,P38013,1,0.596761963277128,1,1,ctd,logistic_regression,42
P48510,Q12098,0,0.5199579190361845,1,1,ctd,logistic_regression,42
P36172,Q12262,0,0.3641431319397512,0,1,ctd,logistic_regression,42
Q06005,Q06096,0,0.5056258098470505,1,1,ctd,logistic_regression,42
P21374,P53954,0,0.6148333803517503,1,1,ctd,logistic_regression,42
P07273,Q03010,0,0.5244356229241006,1,1,ctd,logistic_regression,42
Q02208,Q03697,0,0.2666572472286246,0,1,ctd,logistic_regression,42
P53252,P53437,0,0.5174577918359244,1,1,ctd,logistic_regression,42
Q03920,Q12309,0,0.6684558840268723,1,1,ctd,logistic_regression,42
P31109,P47166,0,0.5655791685971867,1,1,ctd,logistic_regression,42
P19882,Q02895,0,0.7714102202298463,1,1,ctd,logistic_regression,42
P36165,P38776,0,0.2898423088832556,0,1,ctd,logistic_regression,42
P00331,Q06639,0,0.5581191998151747,1,1,ctd,logistic_regression,42
P43596,Q12473,0,0.34278954463217964,0,1,ctd,logistic_regression,42
P06784,P14242,0,0.7008064529979282,1,1,ctd,logistic_regression,42
Q08096,Q12071,0,0.3576480958645278,0,1,ctd,logistic_regression,42
P53082,P53243,0,0.5559494058322135,1,1,ctd,logistic_regression,42
P22219,P40460,0,0.6525439500661018,1,1,ctd,logistic_regression,42
P38920,Q02866,0,0.6070848948456026,1,1,ctd,logistic_regression,42
P25657,P27692,0,0.44187290918903593,0,1,ctd,logistic_regression,42
P25389,P47027,0,0.41779742720960017,0,1,ctd,logistic_regression,42
P17898,P40187,0,0.2716549401827511,0,1,ctd,logistic_regression,42
P48837,P87284,0,0.7114475687589076,1,1,ctd,logistic_regression,42
P25441,Q06411,0,0.6491518180019823,1,1,ctd,logistic_regression,42
P40965,Q03940,0,0.6625194432562004,1,1,ctd,logistic_regression,42
P26448,P38138,0,0.38306038491884514,0,1,ctd,logistic_regression,42
P52919,P53096,0,0.6668484334466337,1,1,ctd,logistic_regression,42
P32855,P38112,0,0.6833702897161142,1,1,ctd,logistic_regression,42
P32481,P47822,0,0.6538713550557487,1,1,ctd,logistic_regression,42
P06700,P12684,0,0.5165324900792246,1,1,ctd,logistic_regression,42
P00420,P38723,0,0.1423337995379188,0,1,ctd,logistic_regression,42
P07261,P15790,0,0.559790534395694,1,1,ctd,logistic_regression,42
P26309,P39734,0,0.5247646584735545,1,1,ctd,logistic_regression,42
P47035,P47187,0,0.22255640107991234,0,1,ctd,logistic_regression,42
P32628,P32641,0,0.5495525398368472,1,1,ctd,logistic_regression,42
P36129,P41800,0,0.06015379471497105,0,1,ctd,logistic_regression,42
P32585,P53036,0,0.50459875411669,1,1,ctd,logistic_regression,42
P07248,P40565,0,0.5312009537083945,1,1,ctd,logistic_regression,42
P24871,Q03213,0,0.6106817788973204,1,1,ctd,logistic_regression,42
P32902,P48361,0,0.42054695374293594,0,1,ctd,logistic_regression,42
P07283,P16661,0,0.42404106829825605,0,1,ctd,logistic_regression,42
P27692,P53100,0,0.7346896624791817,1,1,ctd,logistic_regression,42
P39515,Q02574,0,0.5411450879587315,1,1,ctd,logistic_regression,42
P06783,P25046,0,0.23502574441491114,0,1,ctd,logistic_regression,42
P25358,Q04121,0,0.10511754727614152,0,1,ctd,logistic_regression,42
P06780,Q02555,0,0.5460093741193488,1,1,ctd,logistic_regression,42
P10592,P19358,0,0.6034811667780636,1,1,ctd,logistic_regression,42
P39730,Q03697,0,0.34685853695104,0,1,ctd,logistic_regression,42
P22035,P32902,0,0.46810721547795164,0,1,ctd,logistic_regression,42
P26263,Q03208,0,0.4183763503641042,0,1,ctd,logistic_regression,42
P28000,P38194,0,0.5737440616008023,1,1,ctd,logistic_regression,42
P32944,P36161,0,0.5708019153152595,1,1,ctd,logistic_regression,42
P38291,P39702,0,0.5052477793502301,1,1,ctd,logistic_regression,42
P32805,Q04930,0,0.47728431724396003,0,1,ctd,logistic_regression,42
P38293,P50090,0,0.6226824579515294,1,1,ctd,logistic_regression,42
P39990,Q07478,0,0.4686916131568725,0,1,ctd,logistic_regression,42
P10964,P39702,0,0.5942300352923492,1,1,ctd,logistic_regression,42
P16521,P25346,0,0.2196157755377369,0,1,ctd,logistic_regression,42
P42944,Q12035,0,0.41393900842334397,0,1,ctd,logistic_regression,42
P20484,P40518,0,0.4351510138666769,0,1,ctd,logistic_regression,42
P38784,P47042,0,0.38919986073267454,0,1,ctd,logistic_regression,42
P06169,Q12157,0,0.4628084072115798,0,1,ctd,logistic_regression,42
P34218,P43639,0,0.33288181047092524,0,1,ctd,logistic_regression,42
P38270,Q08975,0,0.5694794592845092,1,1,ctd,logistic_regression,42
P39946,Q04307,0,0.14179856439278643,0,1,ctd,logistic_regression,42
P28000,Q03533,0,0.5585481836258548,1,1,ctd,logistic_regression,42
P53100,Q05027,0,0.6856499287772441,1,1,ctd,logistic_regression,42
P53851,P80428,0,0.4056138353402769,0,1,ctd,logistic_regression,42
P32773,P33767,0,0.4377003819844142,0,1,ctd,logistic_regression,42
P22214,P47049,0,0.3782585745759178,0,1,ctd,logistic_regression,42
P28274,Q04370,0,0.2979999484386703,0,1,ctd,logistic_regression,42
P38132,Q04697,0,0.557406308097592,1,1,ctd,logistic_regression,42
P38266,P53116,0,0.211747964600545,0,1,ctd,logistic_regression,42
P14064,P40892,0,0.2659667018404061,0,1,ctd,logistic_regression,42
P48415,P53299,0,0.5828810882711349,1,1,ctd,logistic_regression,42
P53093,Q07786,0,0.40607107398899006,0,1,ctd,logistic_regression,42
P53254,Q06697,0,0.355690809961126,0,1,ctd,logistic_regression,42
P39717,Q06554,0,0.5441442882416698,1,1,ctd,logistic_regression,42
P39960,Q05027,0,0.45807849764122593,0,1,ctd,logistic_regression,42
P14736,P43604,0,0.582071295458144,1,1,ctd,logistic_regression,42
P36145,Q06205,0,0.3563156568406503,0,1,ctd,logistic_regression,42
P32767,P40957,0,0.6305426476836873,1,1,ctd,logistic_regression,42
P32605,P38703,0,0.24881695969445797,0,1,ctd,logistic_regression,42
P06784,P40357,0,0.31015697532091147,0,1,ctd,logistic_regression,42
P22209,P32380,0,0.6141330010049344,1,1,ctd,logistic_regression,42
P36100,Q06137,0,0.5422874702979924,1,1,ctd,logistic_regression,42
Q03750,Q12151,0,0.6629103850113736,1,1,ctd,logistic_regression,42
P33204,Q12006,0,0.26747830377843085,0,1,ctd,logistic_regression,42
P25371,Q08162,0,0.4228856643849262,0,1,ctd,logistic_regression,42
Q03125,Q12142,0,0.4454807751162251,0,1,ctd,logistic_regression,42
P22140,P40471,0,0.27192594161689415,0,1,ctd,logistic_regression,42
P40513,P53096,0,0.4594632482595139,0,1,ctd,logistic_regression,42
P38910,P53933,0,0.543376371296417,1,1,ctd,logistic_regression,42
P19358,Q12443,0,0.6347236120776335,1,1,ctd,logistic_regression,42
Q03619,Q03944,0,0.5978062628925502,1,1,ctd,logistic_regression,42
P32264,P46669,0,0.5571905791062336,1,1,ctd,logistic_regression,42
P07261,Q07914,0,0.23697469046734737,0,1,ctd,logistic_regression,42
P41921,P53952,0,0.5614330402758638,1,1,ctd,logistic_regression,42
P39521,P43561,0,0.6249455290815962,1,1,ctd,logistic_regression,42
P07272,P23776,0,0.26615419463196754,0,1,ctd,logistic_regression,42
P49686,Q08193,0,0.41993044433531507,0,1,ctd,logistic_regression,42
P47012,Q03208,0,0.5474943999377407,1,1,ctd,logistic_regression,42
Q08729,Q12336,0,0.39781364606596176,0,1,ctd,logistic_regression,42
P06784,P38860,0,0.6090375488116443,1,1,ctd,logistic_regression,42
P15367,P49687,0,0.4475724725201219,0,1,ctd,logistic_regression,42
P04819,P53965,0,0.5540301509494622,1,1,ctd,logistic_regression,42
P32328,Q02784,0,0.5023436685901965,1,1,ctd,logistic_regression,42
P06783,P38785,0,0.3750317842631719,0,1,ctd,logistic_regression,42
P40968,Q08119,0,0.5604876816431961,1,1,ctd,logistic_regression,42
P11709,P38064,0,0.6268263392820635,1,1,ctd,logistic_regression,42
P21192,P81450,0,0.09559018306642193,0,1,ctd,logistic_regression,42
P38823,P53108,0,0.6645831207380961,1,1,ctd,logistic_regression,42
P38130,P53941,0,0.2525733665754171,0,1,ctd,logistic_regression,42
P38156,P39521,0,0.3368771453625114,0,1,ctd,logistic_regression,42
P41544,Q02336,0,0.15386778141757962,0,1,ctd,logistic_regression,42
Q06696,Q08387,0,0.6136269952252218,1,1,ctd,logistic_regression,42
P32913,P43594,0,0.47266951916699934,0,1,ctd,logistic_regression,42
P47052,Q99382,0,0.049484611387370536,0,1,ctd,logistic_regression,42
P09032,P32341,0,0.44437760952630484,0,1,ctd,logistic_regression,42
P40496,P47165,0,0.49676052311209223,0,1,ctd,logistic_regression,42
P38181,Q12488,0,0.5146485956190603,1,1,ctd,logistic_regression,42
Q02794,Q02932,0,0.6275657136506949,1,1,ctd,logistic_regression,42
P22140,P28274,0,0.23996235557873155,0,1,ctd,logistic_regression,42
P15705,Q12004,0,0.28140138003081827,0,1,ctd,logistic_regression,42
P25651,P32480,0,0.24353368405378373,0,1,ctd,logistic_regression,42
P32324,P89105,0,0.4634927119276165,0,1,ctd,logistic_regression,42
P23561,Q08204,0,0.7425141769816779,1,1,ctd,logistic_regression,42
P00854,P32350,0,0.09193445660927915,0,1,ctd,logistic_regression,42
P35179,P53124,0,0.24844630650440278,0,1,ctd,logistic_regression,42
P26754,P38736,0,0.45586276884096905,0,1,ctd,logistic_regression,42
P14906,Q05778,0,0.48015239866587117,0,1,ctd,logistic_regression,42
P21957,Q04048,0,0.40434396210526874,0,1,ctd,logistic_regression,42
P32618,Q06568,0,0.5086418963559061,1,1,ctd,logistic_regression,42
P12887,P38149,0,0.6235852934820365,1,1,ctd,logistic_regression,42
P28495,P40957,0,0.8197887130143259,1,1,ctd,logistic_regression,42
P17709,P36147,0,0.37969568232911277,0,1,ctd,logistic_regression,42
P11154,P39685,0,0.6067886041662819,1,1,ctd,logistic_regression,42
P41832,Q03435,0,0.8085348325786195,1,1,ctd,logistic_regression,42
P46974,P53233,0,0.36362418375110317,0,1,ctd,logistic_regression,42
P13711,P46974,0,0.5432970759480987,1,1,ctd,logistic_regression,42
P12954,P39523,0,0.634619925795961,1,1,ctd,logistic_regression,42
P37838,P40018,0,0.6432586504890774,1,1,ctd,logistic_regression,42
P33399,P35210,0,0.5237153292542247,1,1,ctd,logistic_regression,42
P20050,P38886,0,0.5692837040182952,1,1,ctd,logistic_regression,42
Q08562,Q12028,0,0.7101667769697595,1,1,ctd,logistic_regression,42
P40327,P40355,0,0.5698849647423896,1,1,ctd,logistic_regression,42
P32830,P53150,0,0.6673787687149597,1,1,ctd,logistic_regression,42
P53863,Q08683,0,0.40489654181805507,0,1,ctd,logistic_regression,42
P16664,P35201,0,0.33279431803640946,0,1,ctd,logistic_regression,42
Q04307,Q12734,0,0.11039174514645116,0,1,ctd,logistic_regression,42
P38310,Q06135,0,0.30650094705213926,0,1,ctd,logistic_regression,42
P53313,Q02336,0,0.4473814651143385,0,1,ctd,logistic_regression,42
P38753,P53824,0,0.7585849415533682,1,1,ctd,logistic_regression,42
P06774,P22209,0,0.4096664664197426,0,1,ctd,logistic_regression,42
P32505,Q02721,0,0.4337791581595908,0,1,ctd,logistic_regression,42
P23285,P43562,0,0.16718983734953416,0,1,ctd,logistic_regression,42
P32805,Q12028,0,0.6168524784253894,1,1,ctd,logistic_regression,42
P48582,Q05021,0,0.5919816131276585,1,1,ctd,logistic_regression,42
P33411,Q08271,0,0.33766811472609726,0,1,ctd,logistic_regression,42
P10834,P53044,0,0.507071891303392,1,1,ctd,logistic_regression,42
P36973,P46676,0,0.55480863552562,1,1,ctd,logistic_regression,42
P40541,Q02784,0,0.5461114518166833,1,1,ctd,logistic_regression,42
P47104,Q12026,0,0.5553596446223112,1,1,ctd,logistic_regression,42
P34730,Q12194,0,0.26400796643464,0,1,ctd,logistic_regression,42
P47116,P53633,0,0.28166345917020386,0,1,ctd,logistic_regression,42
P46678,P53231,0,0.2065168077602989,0,1,ctd,logistic_regression,42
P38631,P42942,0,0.5308148670917228,1,1,ctd,logistic_regression,42
P32793,P36009,0,0.1877207730659439,0,1,ctd,logistic_regression,42
P47150,P47822,0,0.32160541322352887,0,1,ctd,logistic_regression,42
P08518,P15442,0,0.6438868895184376,1,1,ctd,logistic_regression,42
P38156,P53858,0,0.32272585995294123,0,1,ctd,logistic_regression,42
P06700,P40038,0,0.5888820240635596,1,1,ctd,logistic_regression,42
P38689,P53108,0,0.456459867399797,0,1,ctd,logistic_regression,42
P20134,P38883,0,0.6138920287323953,1,1,ctd,logistic_regression,42
P39928,P40518,0,0.35142061419924553,0,1,ctd,logistic_regression,42
P22140,P53203,0,0.2948037508596486,0,1,ctd,logistic_regression,42
P40529,P43604,0,0.38669553412268154,0,1,ctd,logistic_regression,42
P05986,P40348,0,0.6600532039739768,1,1,ctd,logistic_regression,42
P13902,Q02866,0,0.5128100803743911,1,1,ctd,logistic_regression,42
P38861,Q08923,0,0.2375867594094806,0,1,ctd,logistic_regression,42
P06838,P32910,0,0.4653125198804698,0,1,ctd,logistic_regression,42
P25371,Q08492,0,0.17286979280649636,0,1,ctd,logistic_regression,42
P53233,Q05947,0,0.2534616740967663,0,1,ctd,logistic_regression,42
P25515,P35179,0,0.48155735283221524,0,1,ctd,logistic_regression,42
P33201,P47027,0,0.5120848948641901,1,1,ctd,logistic_regression,42
P35688,P40971,0,0.3459331478281477,0,1,ctd,logistic_regression,42
P01097,Q00684,0,0.027165105137073663,0,1,ctd,logistic_regression,42
P28320,Q05931,0,0.6920630828532597,1,1,ctd,logistic_regression,42
P35189,Q12038,0,0.2538659998763274,0,1,ctd,logistic_regression,42
P22204,P35177,0,0.6428467352190892,1,1,ctd,logistic_regression,42
P32336,P38776,0,0.3392386517819523,0,1,ctd,logistic_regression,42
P47912,P87108,0,0.24362595104318666,0,1,ctd,logistic_regression,42
P32387,P40316,0,0.5324270310318463,1,1,ctd,logistic_regression,42
P40438,Q03954,0,0.5547224026296138,1,1,ctd,logistic_regression,42
P29055,P43583,0,0.558553305200762,1,1,ctd,logistic_regression,42
P33759,P39713,0,0.270531184306549,0,1,ctd,logistic_regression,42
P23301,P38967,0,0.1823300488139488,0,1,ctd,logistic_regression,42
P47912,Q06525,0,0.47945547932651994,0,1,ctd,logistic_regression,42
P38266,Q03148,0,0.5703033967128134,1,1,ctd,logistic_regression,42
P38856,Q01329,0,0.6417403842412386,1,1,ctd,logistic_regression,42
P28239,P32367,0,0.5698160588321473,1,1,ctd,logistic_regression,42
P32855,P40885,0,0.37829014629969787,0,1,ctd,logistic_regression,42
P25367,P47132,0,0.561003266531749,1,1,ctd,logistic_regression,42
P41810,Q02895,0,0.6939823907123639,1,1,ctd,logistic_regression,42
P07866,P38068,0,0.4255630196644391,0,1,ctd,logistic_regression,42
P36057,Q00381,0,0.5686357967886227,1,1,ctd,logistic_regression,42
P32561,Q03455,0,0.4296532897548619,0,1,ctd,logistic_regression,42
P38240,Q02336,0,0.18059448163146247,0,1,ctd,logistic_regression,42
P32800,P39685,0,0.25237217522901473,0,1,ctd,logistic_regression,42
P21538,Q07963,0,0.5455596856460266,1,1,ctd,logistic_regression,42
P36104,Q06408,0,0.5154767400148664,1,1,ctd,logistic_regression,42
P40070,P53437,0,0.8563779328076289,1,1,ctd,logistic_regression,42
P15891,P47038,0,0.12841256186318584,0,1,ctd,logistic_regression,42
P21268,P40438,0,0.49469518861384815,0,1,ctd,logistic_regression,42
P34238,P38634,0,0.1589007388114054,0,1,ctd,logistic_regression,42
P38146,P57744,0,0.4883959214004878,0,1,ctd,logistic_regression,42
P32916,Q00684,0,0.3374742029948354,0,1,ctd,logistic_regression,42
P32911,P38867,0,0.6920544264340086,1,1,ctd,logistic_regression,42
Q03750,Q06405,0,0.0664386781033886,0,1,ctd,logistic_regression,42
P27801,P33767,0,0.5664053624415738,1,1,ctd,logistic_regression,42
P25367,P40527,0,0.4217650417216575,0,1,ctd,logistic_regression,42
Q02721,Q04305,0,0.36741771030160014,0,1,ctd,logistic_regression,42
P10592,P16451,0,0.494340441491954,0,1,ctd,logistic_regression,42
P23638,Q00711,0,0.4643415713737849,0,1,ctd,logistic_regression,42
P29055,Q99190,0,0.15790680372561716,0,1,ctd,logistic_regression,42
P17695,P39702,0,0.43870197209432876,0,1,ctd,logistic_regression,42
P39987,Q03956,0,0.52788169632988,1,1,ctd,logistic_regression,42
P32341,Q02260,0,0.1337067270858286,0,1,ctd,logistic_regression,42
P25580,Q04272,0,0.49213207505103906,0,1,ctd,logistic_regression,42
P34227,P39705,0,0.21971693978211232,0,1,ctd,logistic_regression,42
P28004,P53600,0,0.7726989284178981,1,1,ctd,logistic_regression,42
P26754,P43622,0,0.622575567086935,1,1,ctd,logistic_regression,42
P11747,P39715,0,0.3990669399916442,0,1,ctd,logistic_regression,42
P23624,P39702,0,0.6542478370112259,1,1,ctd,logistic_regression,42
P23585,Q05027,0,0.2045722318049909,0,1,ctd,logistic_regression,42
P46680,Q06631,0,0.5973972995705565,1,1,ctd,logistic_regression,42
P27476,P40527,0,0.7026214218673472,1,1,ctd,logistic_regression,42
P23285,Q06644,0,0.34566062604403686,0,1,ctd,logistic_regression,42
P10507,Q12028,0,0.608565062476543,1,1,ctd,logistic_regression,42
P16151,P47166,0,0.1662172531464919,0,1,ctd,logistic_regression,42
P23641,P47110,0,0.4400944689343182,0,1,ctd,logistic_regression,42
P43563,Q03465,0,0.3462807983510708,0,1,ctd,logistic_regression,42
P14908,P40204,0,0.7131603200273477,1,1,ctd,logistic_regression,42
P40457,Q12071,0,0.6877557996586241,1,1,ctd,logistic_regression,42
P07170,P40527,0,0.5073204985903063,1,1,ctd,logistic_regression,42
P19097,Q99278,0,0.3936843078984132,0,1,ctd,logistic_regression,42
P38072,P38636,0,0.4581643706098322,0,1,ctd,logistic_regression,42
P19073,P53437,0,0.30729710293875107,0,1,ctd,logistic_regression,42
P32910,Q03148,0,0.7221973146514477,1,1,ctd,logistic_regression,42
P32464,P52960,0,0.4742481232161188,0,1,ctd,logistic_regression,42
P38863,Q99278,0,0.5155373273588313,1,1,ctd,logistic_regression,42
P22140,P53281,0,0.5492873627211571,1,1,ctd,logistic_regression,42
P23641,P53203,0,0.4943920924200756,0,1,ctd,logistic_regression,42
P32641,P54885,0,0.5226015180826061,1,1,ctd,logistic_regression,42
P43560,Q06178,0,0.7565131995998945,1,1,ctd,logistic_regression,42
P38111,Q01389,0,0.6788817111672673,1,1,ctd,logistic_regression,42
Q00776,Q02206,0,0.564110129463667,1,1,ctd,logistic_regression,42
P38902,Q12241,0,0.44873006414910277,0,1,ctd,logistic_regression,42
P34110,P53070,0,0.40257884543622685,0,1,ctd,logistic_regression,42
Q03935,Q12518,0,0.5032662016244152,1,1,ctd,logistic_regression,42
P53116,P80667,0,0.16474679318318952,0,1,ctd,logistic_regression,42
P40885,Q04305,0,0.27210836312859293,0,1,ctd,logistic_regression,42
P06839,Q03944,0,0.5046989445305071,1,1,ctd,logistic_regression,42
P38826,P50101,0,0.655664728331305,1,1,ctd,logistic_regression,42
P32527,P53337,0,0.034619004560809366,0,1,ctd,logistic_regression,42
P11978,P40069,0,0.7463794995169775,1,1,ctd,logistic_regression,42
P20052,P40510,0,0.704538958372186,1,1,ctd,logistic_regression,42
P33339,P33754,0,0.4202326741241435,0,1,ctd,logistic_regression,42
P38240,Q04660,0,0.286893914142924,0,1,ctd,logistic_regression,42
P12695,P38692,0,0.6061941322991604,1,1,ctd,logistic_regression,42
P40151,Q04651,0,0.40608340815181504,0,1,ctd,logistic_regression,42
P32432,Q03373,0,0.4152186477430936,0,1,ctd,logistic_regression,42
P15938,Q12199,0,0.7661441373056803,1,1,ctd,logistic_regression,42
P46673,Q03177,0,0.5123586264664785,1,1,ctd,logistic_regression,42
Q03661,Q08235,0,0.4606042044130952,0,1,ctd,logistic_regression,42
P34238,Q08886,0,0.12039766221835009,0,1,ctd,logistic_regression,42
P40970,P52960,0,0.6449783023948086,1,1,ctd,logistic_regression,42
P38805,Q06677,0,0.645394547474864,1,1,ctd,logistic_regression,42
P32486,P38999,0,0.5860664418096418,1,1,ctd,logistic_regression,42
P13586,P39552,0,0.4359755720558095,0,1,ctd,logistic_regression,42
P30665,P39952,0,0.29087470978725916,0,1,ctd,logistic_regression,42
P24004,P40187,0,0.5676017566176776,1,1,ctd,logistic_regression,42
P13186,P22035,0,0.6530420935519493,1,1,ctd,logistic_regression,42
P41814,Q06490,0,0.4027532256594923,0,1,ctd,logistic_regression,42
P43603,P48813,0,0.633921686752168,1,1,ctd,logistic_regression,42
P34238,P39994,0,0.17593831167234203,0,1,ctd,logistic_regression,42
P25646,P40355,0,0.4659522043591654,0,1,ctd,logistic_regression,42
P05453,P30283,0,0.8417667226552683,1,1,ctd,logistic_regression,42
P16387,P39111,0,0.5592131388057004,1,1,ctd,logistic_regression,42
P36013,Q12194,0,0.2545278154488542,0,1,ctd,logistic_regression,42
P06786,P41813,0,0.6288515362524482,1,1,ctd,logistic_regression,42
P32829,Q03976,0,0.3988589382217024,0,1,ctd,logistic_regression,42
P27476,P40484,0,0.7998929417352445,1,1,ctd,logistic_regression,42
P23202,P53959,0,0.6908167712921743,1,1,ctd,logistic_regression,42
P20424,P38817,0,0.5517255805058237,1,1,ctd,logistic_regression,42
P39954,Q03656,0,0.6280453156032598,1,1,ctd,logistic_regression,42
P32794,P53740,0,0.3990942763228747,0,1,ctd,logistic_regression,42
Q03656,Q03750,0,0.5222976795104597,1,1,ctd,logistic_regression,42
P14922,P38705,0,0.28879221163534574,0,1,ctd,logistic_regression,42
P07251,P26449,0,0.31881122810102447,0,1,ctd,logistic_regression,42
P38620,P39952,0,0.3505775638747682,0,1,ctd,logistic_regression,42
P13434,P35169,0,0.6495091570321456,1,1,ctd,logistic_regression,42
P41805,Q05931,0,0.6580041293078558,1,1,ctd,logistic_regression,42
P53147,Q08235,0,0.4831549990814931,0,1,ctd,logistic_regression,42
P34161,P47185,0,0.4130581931702182,0,1,ctd,logistic_regression,42
P16522,P32380,0,0.6976271332892618,1,1,ctd,logistic_regression,42
Q06598,Q08956,0,0.14672243379104669,0,1,ctd,logistic_regression,42
P35723,P38254,0,0.11428587226237596,0,1,ctd,logistic_regression,42
P20486,Q07921,0,0.483587783206177,0,1,ctd,logistic_regression,42
P40054,P46956,0,0.6276451982851592,1,1,ctd,logistic_regression,42
P25847,P40078,0,0.860805678544906,1,1,ctd,logistic_regression,42
P47061,Q04264,0,0.44538302506057503,0,1,ctd,logistic_regression,42
P07270,Q06675,0,0.3771225254224486,0,1,ctd,logistic_regression,42
P38152,P53599,0,0.6489359689023285,1,1,ctd,logistic_regression,42
P04386,P87284,0,0.6355102210556982,1,1,ctd,logistic_regression,42
P53280,Q04673,0,0.4382469321995535,0,1,ctd,logistic_regression,42
P00431,P27636,0,0.5478457742795003,1,1,ctd,logistic_regression,42
P38439,P40069,0,0.4826349461970929,0,1,ctd,logistic_regression,42
P49960,P53824,0,0.6176462384382073,1,1,ctd,logistic_regression,42
P07278,Q07540,0,0.4092711792319802,0,1,ctd,logistic_regression,42
P07260,P07276,0,0.5693312331820489,1,1,ctd,logistic_regression,42
P40357,P51996,0,0.5100733977551003,1,1,ctd,logistic_regression,42
P38298,Q02932,0,0.2520258428001936,0,1,ctd,logistic_regression,42
P02994,P33296,0,0.45805671454887714,0,1,ctd,logistic_regression,42
P21827,P38181,0,0.5505397177524508,1,1,ctd,logistic_regression,42
P38838,P40494,0,0.5509922737854587,1,1,ctd,logistic_regression,42
P38351,Q07528,0,0.5809734098603226,1,1,ctd,logistic_regression,42
P31377,P38860,0,0.8447006978111071,1,1,ctd,logistic_regression,42
P00724,P47115,0,0.21300266254631786,0,1,ctd,logistic_regression,42
P33303,P37303,0,0.36949063498135704,0,1,ctd,logistic_regression,42
P36057,P38198,0,0.33648492163450083,0,1,ctd,logistic_regression,42
P46995,Q02784,0,0.3807684074372644,0,1,ctd,logistic_regression,42
P38636,Q12243,0,0.6899201016897107,1,1,ctd,logistic_regression,42
P53863,P54791,0,0.3473813360661341,0,1,ctd,logistic_regression,42
P25454,P33441,0,0.5758678879262648,1,1,ctd,logistic_regression,42
P38082,Q08285,0,0.46742052100973064,0,1,ctd,logistic_regression,42
P53616,Q12263,0,0.4427915775322709,0,1,ctd,logistic_regression,42
P06779,P47058,0,0.5506285939481947,1,1,ctd,logistic_regression,42
P07256,P35210,0,0.6248725896879075,1,1,ctd,logistic_regression,42
P47019,Q03860,0,0.13708492186256482,0,1,ctd,logistic_regression,42
P32341,P53959,0,0.38090930082215074,0,1,ctd,logistic_regression,42
Q04307,Q05958,0,0.29307025746874577,0,1,ctd,logistic_regression,42
P39101,P53740,0,0.3937853342638939,0,1,ctd,logistic_regression,42
P47113,Q03435,0,0.7158629384778032,1,1,ctd,logistic_regression,42
P36017,P37366,0,0.704461375013305,1,1,ctd,logistic_regression,42
P40959,P47090,0,0.19426049722857913,0,1,ctd,logistic_regression,42
P40970,Q06632,0,0.5166974689302597,1,1,ctd,logistic_regression,42
P32833,Q07963,0,0.5436509700704925,1,1,ctd,logistic_regression,42
P53096,P53237,0,0.6009276708555966,1,1,ctd,logistic_regression,42
P39952,P53125,0,0.2663193214108229,0,1,ctd,logistic_regression,42
P23255,P28707,0,0.3902479014983955,0,1,ctd,logistic_regression,42
P40527,Q06091,0,0.18302565026070663,0,1,ctd,logistic_regression,42
P07273,P40482,0,0.4707953588897509,0,1,ctd,logistic_regression,42
P25648,P53961,0,0.16094638876400294,0,1,ctd,logistic_regression,42
P38801,P39112,0,0.3606968492531134,0,1,ctd,logistic_regression,42
P11747,P38962,0,0.11563714895106296,0,1,ctd,logistic_regression,42
P38156,Q02875,0,0.5756706386174923,1,1,ctd,logistic_regression,42
P36172,P38751,0,0.33759328054136933,0,1,ctd,logistic_regression,42
P16661,P32492,0,0.33099608527774027,0,1,ctd,logistic_regression,42
P47012,P53823,0,0.46300652389584007,0,1,ctd,logistic_regression,42
P32327,P41544,0,0.32766421547682995,0,1,ctd,logistic_regression,42
P38727,Q02199,0,0.5528608019419488,1,1,ctd,logistic_regression,42
P43622,Q03785,0,0.4517538007581273,0,1,ctd,logistic_regression,42
P38191,Q12363,0,0.540857040777595,1,1,ctd,logistic_regression,42
P23833,P40471,0,0.41292636557703855,0,1,ctd,logistic_regression,42
P15891,Q07350,0,0.6246654245327123,1,1,ctd,logistic_regression,42
P53093,Q08444,0,0.11582625455085907,0,1,ctd,logistic_regression,42
P40325,Q07509,0,0.07262133756695378,0,1,ctd,logistic_regression,42
P36009,P48566,0,0.2981495044078476,0,1,ctd,logistic_regression,42
Q03774,Q04461,0,0.6134089808606076,1,1,ctd,logistic_regression,42
P13259,P33204,0,0.2308920560516482,0,1,ctd,logistic_regression,42
P28834,Q01329,0,0.5286428229086473,1,1,ctd,logistic_regression,42
Q08215,Q12402,0,0.4712239531227566,0,1,ctd,logistic_regression,42
P38801,Q01080,0,0.47376467888606943,0,1,ctd,logistic_regression,42
P35177,P40541,0,0.6194123405749669,1,1,ctd,logistic_regression,42
P53973,Q08746,0,0.5426940455679993,1,1,ctd,logistic_regression,42
P32899,P39704,0,0.15774669066570374,0,1,ctd,logistic_regression,42
P04051,P53549,0,0.45850160255929323,0,1,ctd,logistic_regression,42
P07342,P47822,0,0.21948161826293766,0,1,ctd,logistic_regression,42
P25344,P50090,0,0.6173030686581401,1,1,ctd,logistic_regression,42
P24783,Q01852,0,0.6320635762526556,1,1,ctd,logistic_regression,42
P11745,P53337,0,0.163478166953229,0,1,ctd,logistic_regression,42
P20457,Q12433,0,0.49291127615858293,0,1,ctd,logistic_regression,42
P32558,P32854,0,0.6533154339766806,1,1,ctd,logistic_regression,42
P53323,Q07921,0,0.393240743184232,0,1,ctd,logistic_regression,42
P04819,P47166,0,0.47267796141308005,0,1,ctd,logistic_regression,42
P38700,Q12450,0,0.16064908891204505,0,1,ctd,logistic_regression,42
P40064,P48510,0,0.5214483909685355,1,1,ctd,logistic_regression,42
P39534,P40395,0,0.42167115306408903,0,1,ctd,logistic_regression,42
P13393,Q12276,0,0.5416530811576015,1,1,ctd,logistic_regression,42
P26798,Q06102,0,0.6519436719790931,1,1,ctd,logistic_regression,42
P15873,P38860,0,0.7540440454462504,1,1,ctd,logistic_regression,42
P20449,P38960,0,0.593038727430785,1,1,ctd,logistic_regression,42
P36131,Q01684,0,0.2627450506045669,0,1,ctd,logistic_regression,42
P38995,P53971,0,0.33596595822051223,0,1,ctd,logistic_regression,42
P33421,Q08886,0,0.199167866835383,0,1,ctd,logistic_regression,42
P25648,Q08902,0,0.2154780859421387,0,1,ctd,logistic_regression,42
P19262,Q12004,0,0.45349801880138724,0,1,ctd,logistic_regression,42
P38274,P46678,0,0.5853912529726027,1,1,ctd,logistic_regression,42
P36037,Q08902,0,0.2911944222977675,0,1,ctd,logistic_regression,42
P07991,P53231,0,0.40848661072329934,0,1,ctd,logistic_regression,42
Q02516,Q12158,0,0.22307055297699177,0,1,ctd,logistic_regression,42
P00420,P30619,0,0.3324491590125622,0,1,ctd,logistic_regression,42
P38720,P39004,0,0.19258309543514204,0,1,ctd,logistic_regression,42
P40965,P43596,0,0.5708314054993321,1,1,ctd,logistic_regression,42
P28743,P32803,0,0.28397467892081935,0,1,ctd,logistic_regression,42
P33333,P38881,0,0.06413124475261532,0,1,ctd,logistic_regression,42
P21957,Q03899,0,0.33971805541593586,0,1,ctd,logistic_regression,42
P33411,Q01722,0,0.5449261419232022,1,1,ctd,logistic_regression,42
P38627,P47115,0,0.5039219594541051,1,1,ctd,logistic_regression,42
P31688,P47187,0,0.17716214011850887,0,1,ctd,logistic_regression,42
P38842,P48562,0,0.07987939426665733,0,1,ctd,logistic_regression,42
P38915,P41810,0,0.44542621870692445,0,1,ctd,logistic_regression,42
Q06405,Q12692,0,0.6729250353774918,1,1,ctd,logistic_regression,42
P38276,P38881,0,0.4395103339084125,0,1,ctd,logistic_regression,42
P20434,Q12107,0,0.49919502304007246,0,1,ctd,logistic_regression,42
P32481,P53174,0,0.7237197471088563,1,1,ctd,logistic_regression,42
P53145,P54784,0,0.5270394173298859,1,1,ctd,logistic_regression,42
P40565,Q05931,0,0.42837870216319696,0,1,ctd,logistic_regression,42
P47052,P53261,0,0.36842925239598606,0,1,ctd,logistic_regression,42
P25559,Q08980,0,0.3661331592727575,0,1,ctd,logistic_regression,42
P38920,P46671,0,0.5376589008950474,1,1,ctd,logistic_regression,42
P38274,Q01080,0,0.6832017759239163,1,1,ctd,logistic_regression,42
P25346,Q04110,0,0.26155970247939647,0,1,ctd,logistic_regression,42
P36172,Q07478,0,0.3611049626610548,0,1,ctd,logistic_regression,42
P29539,P36172,0,0.2954749053531364,0,1,ctd,logistic_regression,42
P21304,P48566,0,0.48338400124618364,0,1,ctd,logistic_regression,42
P00420,Q01329,0,0.24310772773872039,0,1,ctd,logistic_regression,42
P30822,P38744,0,0.5961755558178249,1,1,ctd,logistic_regression,42
P27692,Q12483,0,0.5625396054710083,1,1,ctd,logistic_regression,42
P32805,P47052,0,0.39346683872209526,0,1,ctd,logistic_regression,42
P34218,Q06164,0,0.3687243182996946,0,1,ctd,logistic_regression,42
P10834,P33200,0,0.3128912894100387,0,1,ctd,logistic_regression,42
P38821,P49956,0,0.652229613928037,1,1,ctd,logistic_regression,42
P53250,Q06001,0,0.5319706045380992,1,1,ctd,logistic_regression,42
P22214,P25575,0,0.2736441415324936,0,1,ctd,logistic_regression,42
Q04067,Q12243,0,0.2415507707132442,0,1,ctd,logistic_regression,42
P35718,Q12440,0,0.4969469283982826,0,1,ctd,logistic_regression,42
P25371,Q03533,0,0.5170100217530464,1,1,ctd,logistic_regression,42
P38692,Q03944,0,0.6095027856719577,1,1,ctd,logistic_regression,42
P27895,P36125,0,0.1087331934043501,0,1,ctd,logistic_regression,42
O13297,P33298,0,0.5301593852599344,1,1,ctd,logistic_regression,42
P22203,P40475,0,0.38261880926752323,0,1,ctd,logistic_regression,42
P35189,P40327,0,0.5163651919037423,1,1,ctd,logistic_regression,42
P15790,P47053,0,0.7430462766344135,1,1,ctd,logistic_regression,42
P38968,Q02256,0,0.6935388980961926,1,1,ctd,logistic_regression,42
P15992,P40073,0,0.24531780897352037,0,1,ctd,logistic_regression,42
P38789,Q12019,0,0.5585391297436638,1,1,ctd,logistic_regression,42
P14680,P43622,0,0.508025871615639,1,1,ctd,logistic_regression,42
P38272,Q12427,0,0.5209096616865305,1,1,ctd,logistic_regression,42
P10363,P46954,0,0.45115643832211416,0,1,ctd,logistic_regression,42
P32453,Q04067,0,0.6534439741802713,1,1,ctd,logistic_regression,42
P38860,P47129,0,0.7833169185226531,1,1,ctd,logistic_regression,42
P17898,P32912,0,0.3311441309708508,0,1,ctd,logistic_regression,42
P26755,P50091,0,0.5167676338813892,1,1,ctd,logistic_regression,42
P40204,Q08465,0,0.5674100390628799,1,1,ctd,logistic_regression,42
P40456,Q06410,0,0.5073754720501499,1,1,ctd,logistic_regression,42
P25297,Q12034,0,0.6564312602941808,1,1,ctd,logistic_regression,42
Q12415,Q12434,0,0.49672685894361684,0,1,ctd,logistic_regression,42
P24719,P53316,0,0.6685628095722969,1,1,ctd,logistic_regression,42
Q06245,Q12050,0,0.5433198924916547,1,1,ctd,logistic_regression,42
P25390,Q04847,0,0.4890995666862721,0,1,ctd,logistic_regression,42
P47104,Q00711,0,0.3557464474116886,0,1,ctd,logistic_regression,42
P33323,P53851,0,0.42859886097955546,0,1,ctd,logistic_regression,42
P53163,Q12071,0,0.6077304621046801,1,1,ctd,logistic_regression,42
P38915,Q03018,0,0.3924024218226519,0,1,ctd,logistic_regression,42
P40079,Q12174,0,0.19791168793192074,0,1,ctd,logistic_regression,42
P12294,P46957,0,0.07420392682407084,0,1,ctd,logistic_regression,42
P36129,P50942,0,0.04742958707534854,0,1,ctd,logistic_regression,42
P39702,P53252,0,0.5375377428184279,1,1,ctd,logistic_regression,42
P47027,Q12315,0,0.5217548858175606,1,1,ctd,logistic_regression,42
P32634,Q02206,0,0.47145909169609135,0,1,ctd,logistic_regression,42
P53108,Q04370,0,0.15920136031203708,0,1,ctd,logistic_regression,42
P21705,Q00816,0,0.551303899420697,1,1,ctd,logistic_regression,42
P25333,P35179,0,0.6496951764939483,1,1,ctd,logistic_regression,42
P31412,Q06490,0,0.3020189689900127,0,1,ctd,logistic_regression,42
P32642,Q02732,0,0.72025650689531,1,1,ctd,logistic_regression,42
P32797,Q03407,0,0.42682516095095047,0,1,ctd,logistic_regression,42
P50091,P53116,0,0.09061803487667701,0,1,ctd,logistic_regression,42
P11747,Q08601,0,0.337240745100053,0,1,ctd,logistic_regression,42
P52891,Q03697,0,0.4072683731979764,0,1,ctd,logistic_regression,42
P32849,P53961,0,0.24874861667670992,0,1,ctd,logistic_regression,42
P53952,Q08746,0,0.713956836867721,1,1,ctd,logistic_regression,42
P38811,P39944,0,0.5006420238520746,1,1,ctd,logistic_regression,42
P39925,Q02775,0,0.4521076400314008,0,1,ctd,logistic_regression,42
P27692,P47029,0,0.619195366025104,1,1,ctd,logistic_regression,42
P32341,P53834,0,0.5969947914415169,1,1,ctd,logistic_regression,42
P04050,P17442,0,0.4904491336239725,0,1,ctd,logistic_regression,42
P40968,Q03162,0,0.4671179828524444,0,1,ctd,logistic_regression,42
Q07844,Q12158,0,0.42483045691680127,0,1,ctd,logistic_regression,42
P38147,P40857,0,0.04925486150222395,0,1,ctd,logistic_regression,42
P12683,P38929,0,0.4718752307127478,0,1,ctd,logistic_regression,42
P38753,P53215,0,0.5972742511539663,1,1,ctd,logistic_regression,42
P38856,Q08683,0,0.6685921687376303,1,1,ctd,logistic_regression,42
P11914,P25298,0,0.3325059670311993,0,1,ctd,logistic_regression,42
P39101,P53731,0,0.4509971908050505,0,1,ctd,logistic_regression,42
P46676,Q03954,0,0.49663381755950825,0,1,ctd,logistic_regression,42
P00420,P32578,0,0.4269629366297583,0,1,ctd,logistic_regression,42
Q03785,Q06339,0,0.6621680478014054,1,1,ctd,logistic_regression,42
P22214,Q12280,0,0.4347416133145692,0,1,ctd,logistic_regression,42
P07260,P19263,0,0.5475854389821244,1,1,ctd,logistic_regression,42
P43613,Q03761,0,0.5280781912772559,1,1,ctd,logistic_regression,42
P34223,P35189,0,0.3754638538251636,0,1,ctd,logistic_regression,42
P28519,Q99176,0,0.7759744547965398,1,1,ctd,logistic_regression,42
P07272,Q03768,0,0.4082589445617333,0,1,ctd,logistic_regression,42
P32528,P43555,0,0.3725344157459992,0,1,ctd,logistic_regression,42
P41818,P43612,0,0.5313865077626303,1,1,ctd,logistic_regression,42
P40518,Q08902,0,0.26397851638119685,0,1,ctd,logistic_regression,42
P10863,P53313,0,0.14620833965094854,0,1,ctd,logistic_regression,42
Q12019,Q12055,0,0.6541787299070951,1,1,ctd,logistic_regression,42
P32471,P40348,0,0.6446374682637936,1,1,ctd,logistic_regression,42
P36172,P43622,0,0.5059756194767423,1,1,ctd,logistic_regression,42
P32332,Q12494,0,0.5785401076879695,1,1,ctd,logistic_regression,42
P10622,P40054,0,0.867030202632801,1,1,ctd,logistic_regression,42
P14906,Q08550,0,0.6888694928687605,1,1,ctd,logistic_regression,42
P38769,Q99382,0,0.023717898448585968,0,1,ctd,logistic_regression,42
P31412,Q12402,0,0.23598035276225712,0,1,ctd,logistic_regression,42
P04051,P33759,0,0.49531001474304953,0,1,ctd,logistic_regression,42
P11709,Q01217,0,0.6518374774568669,1,1,ctd,logistic_regression,42
P36120,Q02629,0,0.35237715544681925,0,1,ctd,logistic_regression,42
P53628,Q12192,0,0.4150578438847402,0,1,ctd,logistic_regression,42
P21190,P32495,0,0.6137321133062162,1,1,ctd,logistic_regression,42
Q08119,Q12157,0,0.5472754810085727,1,1,ctd,logistic_regression,42
P41695,P48562,0,0.5961415653453501,1,1,ctd,logistic_regression,42
P30283,Q08446,0,0.47909429844006834,0,1,ctd,logistic_regression,42
P33299,P43596,0,0.4604265145107623,0,1,ctd,logistic_regression,42
P12887,P22203,0,0.6484944226603396,1,1,ctd,logistic_regression,42
P38153,P38251,0,0.6005681585009611,1,1,ctd,logistic_regression,42
P33299,P35210,0,0.6553743202388823,1,1,ctd,logistic_regression,42
P36009,Q02884,0,0.3042002832533984,0,1,ctd,logistic_regression,42
Q02197,Q07914,0,0.27357163453206,0,1,ctd,logistic_regression,42
P38147,P53280,0,0.38460732032211103,0,1,ctd,logistic_regression,42
P28241,P39523,0,0.5062156241935056,1,1,ctd,logistic_regression,42
P32897,P39969,0,0.5986597396739279,1,1,ctd,logistic_regression,42
P00410,Q05031,0,0.3043745375901882,0,1,ctd,logistic_regression,42
P25582,P26798,0,0.7128949415184198,1,1,ctd,logistic_regression,42
P22517,Q00711,0,0.5654606896663197,1,1,ctd,logistic_regression,42
P02294,P53941,0,0.07813259915946037,0,1,ctd,logistic_regression,42
Q04307,Q04439,0,0.13536568224593004,0,1,ctd,logistic_regression,42
P21801,P38723,0,0.15459220215989763,0,1,ctd,logistic_regression,42
P38783,Q02159,0,0.40447711728344576,0,1,ctd,logistic_regression,42
P40856,Q02795,0,0.39295216852311915,0,1,ctd,logistic_regression,42
P41546,Q00362,0,0.5439645764041522,1,1,ctd,logistic_regression,42
P38859,Q12071,0,0.6846917211159791,1,1,ctd,logistic_regression,42
P15790,P40970,0,0.723618138057932,1,1,ctd,logistic_regression,42
P07257,P08431,0,0.46050422778914135,0,1,ctd,logistic_regression,42
P39962,Q03944,0,0.6502539229629996,1,1,ctd,logistic_regression,42
P36024,Q12158,0,0.420759492315373,0,1,ctd,logistic_regression,42
P01119,P53215,0,0.4269567359310629,0,1,ctd,logistic_regression,42
P21965,Q06339,0,0.5692231493804372,1,1,ctd,logistic_regression,42
P12954,P38153,0,0.6074581394418422,1,1,ctd,logistic_regression,42
Q03323,Q06644,0,0.2079882821858176,0,1,ctd,logistic_regression,42
P25655,P46965,0,0.09234788824405804,0,1,ctd,logistic_regression,42
P11927,P21827,0,0.584476583319906,1,1,ctd,logistic_regression,42
P38265,P38716,0,0.503540454668364,1,1,ctd,logistic_regression,42
P23561,P39515,0,0.8293805695737747,1,1,ctd,logistic_regression,42
P36034,P43639,0,0.21909388854747405,0,1,ctd,logistic_regression,42
P34252,P38085,0,0.3565131265576481,0,1,ctd,logistic_regression,42
P06773,P53142,0,0.19107860507116525,0,1,ctd,logistic_regression,42
P38820,Q12216,0,0.5485142500963128,1,1,ctd,logistic_regression,42
P38838,P53552,0,0.6559617551871681,1,1,ctd,logistic_regression,42
P38789,Q03103,0,0.3151184851674597,0,1,ctd,logistic_regression,42
P47052,Q06096,0,0.47074248422260584,0,1,ctd,logistic_regression,42
P06701,P38203,0,0.535310754014885,1,1,ctd,logistic_regression,42
P33334,Q12161,0,0.266540145996613,0,1,ctd,logistic_regression,42
P40957,P50078,0,0.630666994313713,1,1,ctd,logistic_regression,42
P08964,Q08204,0,0.7322310778592654,1,1,ctd,logistic_regression,42
P52960,Q02948,0,0.6170724305988728,1,1,ctd,logistic_regression,42
P32501,P32570,0,0.3082471489258351,0,1,ctd,logistic_regression,42
P41808,P47167,0,0.5607616977360574,1,1,ctd,logistic_regression,42
P32855,P38138,0,0.5311202228801218,1,1,ctd,logistic_regression,42
P12754,P25382,0,0.45333916874819613,0,1,ctd,logistic_regression,42
P00410,P06243,0,0.48452812651216026,0,1,ctd,logistic_regression,42
P38351,P43616,0,0.3373183427406449,0,1,ctd,logistic_regression,42
P32583,Q08726,0,0.10929272558980986,0,1,ctd,logistic_regression,42
P22543,P40151,0,0.51341260904076,1,1,ctd,logistic_regression,42
P00924,Q07540,0,0.568204745689433,1,1,ctd,logistic_regression,42
P40096,P87108,0,0.3218675480522194,0,1,ctd,logistic_regression,42
P23776,Q06677,0,0.5598849314443137,1,1,ctd,logistic_regression,42
P23968,P38130,0,0.23162902633708332,0,1,ctd,logistic_regression,42
P25333,P38123,0,0.6472939121918682,1,1,ctd,logistic_regression,42
P25580,P31539,0,0.6287947833645221,1,1,ctd,logistic_regression,42
P22224,P28320,0,0.6599987114237831,1,1,ctd,logistic_regression,42
P54862,Q06630,0,0.17566949788179712,0,1,ctd,logistic_regression,42
P25453,P29703,0,0.6574029162423152,1,1,ctd,logistic_regression,42
P28791,Q08773,0,0.7358765560472883,1,1,ctd,logistic_regression,42
P54837,Q02732,0,0.4292985164733618,0,1,ctd,logistic_regression,42
P39520,Q12082,0,0.2894108165620073,0,1,ctd,logistic_regression,42
P47042,Q06673,0,0.42096000739576,0,1,ctd,logistic_regression,42
P38723,P39730,0,0.3317473357917189,0,1,ctd,logistic_regression,42
P40457,Q7LIF1,0,0.4949503932251388,0,1,ctd,logistic_regression,42
P38817,Q06091,0,0.3959167699196213,0,1,ctd,logistic_regression,42
P22202,P40478,0,0.5558282108281465,1,1,ctd,logistic_regression,42
P38337,Q12267,0,0.8133421247817512,1,1,ctd,logistic_regression,42
P38523,P39713,0,0.6589738086231557,1,1,ctd,logistic_regression,42
P46948,P53389,0,0.5384265180530999,1,1,ctd,logistic_regression,42
P39706,P47103,0,0.22218741445155626,0,1,ctd,logistic_regression,42
P11914,P53628,0,0.4006769827949587,0,1,ctd,logistic_regression,42
P00549,P53181,0,0.2707121776779421,0,1,ctd,logistic_regression,42
Q07963,Q12138,0,0.4823952017519767,0,1,ctd,logistic_regression,42
P38910,Q06488,0,0.4776944207707426,0,1,ctd,logistic_regression,42
P32828,Q06449,0,0.5916753873891817,1,1,ctd,logistic_regression,42
P36224,Q06676,0,0.1087185066669506,0,1,ctd,logistic_regression,42
P38240,P48524,0,0.3833294745253922,0,1,ctd,logistic_regression,42
P54867,Q03322,0,0.2660452117250343,0,1,ctd,logistic_regression,42
P22203,Q06488,0,0.7315090971037836,1,1,ctd,logistic_regression,42
P38288,P38872,0,0.5477983127336391,1,1,ctd,logistic_regression,42
P38692,P50105,0,0.8324888272987102,1,1,ctd,logistic_regression,42
P53823,Q12341,0,0.633035178470116,1,1,ctd,logistic_regression,42
P38240,Q06251,0,0.25578009154096426,0,1,ctd,logistic_regression,42
Q03957,Q06135,0,0.4243522100316983,0,1,ctd,logistic_regression,42
P47110,Q12264,0,0.15893988541770337,0,1,ctd,logistic_regression,42
P25045,Q02260,0,0.13419628160856312,0,1,ctd,logistic_regression,42
P06844,P32564,0,0.12222272027463708,0,1,ctd,logistic_regression,42
P54837,Q08649,0,0.3813881528017504,0,1,ctd,logistic_regression,42
P38801,Q06639,0,0.3984212287520742,0,1,ctd,logistic_regression,42
P32528,P38729,0,0.1899158595091728,0,1,ctd,logistic_regression,42
P53259,P53924,0,0.4702912886631538,0,1,ctd,logistic_regression,42
P32830,P35210,0,0.6855079529427118,1,1,ctd,logistic_regression,42
P24868,P32859,0,0.5887196554887592,1,1,ctd,logistic_regression,42
P22140,Q12206,0,0.13541885566661593,0,1,ctd,logistic_regression,42
P34162,P60010,0,0.5478633470515252,1,1,ctd,logistic_regression,42
P04911,Q02256,0,0.3358530175205888,0,1,ctd,logistic_regression,42
P39703,P45976,0,0.3274734675626208,0,1,ctd,logistic_regression,42
P40355,Q04477,0,0.5624303711666662,1,1,ctd,logistic_regression,42
P23179,P53061,0,0.3911033124458049,0,1,ctd,logistic_regression,42
P13574,Q03081,0,0.7823804867405548,1,1,ctd,logistic_regression,42
P25045,Q03919,0,0.18704881386496544,0,1,ctd,logistic_regression,42
P10355,Q07688,0,0.5552832333243939,1,1,ctd,logistic_regression,42
P08518,Q04562,0,0.3700264297078967,0,1,ctd,logistic_regression,42
Q01159,Q04048,0,0.5860541228324586,1,1,ctd,logistic_regression,42
P22214,Q99385,0,0.5240373228793049,1,1,ctd,logistic_regression,42
Q03455,Q04377,0,0.4219220560283645,0,1,ctd,logistic_regression,42
Q07478,Q12368,0,0.8170533719538692,1,1,ctd,logistic_regression,42
P38011,P47090,0,0.16898169373832803,0,1,ctd,logistic_regression,42
P21304,P48363,0,0.618790638438154,1,1,ctd,logistic_regression,42
P33122,P53941,0,0.6773344864416709,1,1,ctd,logistic_regression,42
P23724,P54854,0,0.40069396665297297,0,1,ctd,logistic_regression,42
P53168,P53901,0,0.7341270501915141,1,1,ctd,logistic_regression,42
P38713,P50623,0,0.4718988664362407,0,1,ctd,logistic_regression,42
P30605,Q03012,0,0.2533749317331775,0,1,ctd,logistic_regression,42
P32641,P35191,0,0.5529300503563332,1,1,ctd,logistic_regression,42
P80428,Q04493,0,0.45193580594335314,0,1,ctd,logistic_regression,42
P40890,Q12192,0,0.3393517232501349,0,1,ctd,logistic_regression,42
P00445,P41815,0,0.1757293946873672,0,1,ctd,logistic_regression,42
P15891,P23285,0,0.41408216764287364,0,1,ctd,logistic_regression,42
P22224,P38695,0,0.2445423291955814,0,1,ctd,logistic_regression,42
P50078,Q00362,0,0.5197887154477424,1,1,ctd,logistic_regression,42
P25045,P43132,0,0.3820079149035873,0,1,ctd,logistic_regression,42
P13393,P36013,0,0.4827795026107644,0,1,ctd,logistic_regression,42
P13393,Q00246,0,0.3086962619209534,0,1,ctd,logistic_regression,42
P53211,Q08193,0,0.8436526469779316,1,1,ctd,logistic_regression,42
P43605,P53039,0,0.5423501269167039,1,1,ctd,logistic_regression,42
P53049,Q02516,0,0.21468095631656228,0,1,ctd,logistic_regression,42
P40087,P53233,0,0.41710874107764595,0,1,ctd,logistic_regression,42
Q06091,Q08109,0,0.25531249765434794,0,1,ctd,logistic_regression,42
P32897,P33201,0,0.6150320966308412,1,1,ctd,logistic_regression,42
P38181,P53236,0,0.38824229995567683,0,1,ctd,logistic_regression,42
P53231,P53738,0,0.5085923717347879,1,1,ctd,logistic_regression,42
P29703,Q08109,0,0.4971242064612204,0,1,ctd,logistic_regression,42
P35180,P41805,0,0.4275696650977193,0,1,ctd,logistic_regression,42
P40513,P43561,0,0.421062877128285,0,1,ctd,logistic_regression,42
P11709,P28320,0,0.7678225250926454,1,1,ctd,logistic_regression,42
P31412,Q01329,0,0.48976937016436023,0,1,ctd,logistic_regression,42
P25301,Q06449,0,0.5767344279886872,1,1,ctd,logistic_regression,42
P50104,P52891,0,0.5927120143561991,1,1,ctd,logistic_regression,42
P13185,P47090,0,0.20649379850944866,0,1,ctd,logistic_regression,42
P38274,Q12216,0,0.3824883010562526,0,1,ctd,logistic_regression,42
P53893,Q12004,0,0.6885751314724283,1,1,ctd,logistic_regression,42
Q03860,Q12018,0,0.1970909410857481,0,1,ctd,logistic_regression,42
P07256,P32776,0,0.6560307354801562,1,1,ctd,logistic_regression,42
P38744,P40344,0,0.5937537237967374,1,1,ctd,logistic_regression,42
P34162,Q12330,0,0.7139831860014461,1,1,ctd,logistic_regression,42
P32855,P38960,0,0.6875986322421326,1,1,ctd,logistic_regression,42
P39952,P42945,0,0.3861000599595187,0,1,ctd,logistic_regression,42
P32570,P39958,0,0.5334537580782508,1,1,ctd,logistic_regression,42
P25376,P39744,0,0.36961119873365594,0,1,ctd,logistic_regression,42
P32389,P39551,0,0.5230999226694042,1,1,ctd,logistic_regression,42
P32803,Q06217,0,0.3009423375140934,0,1,ctd,logistic_regression,42
P39720,P47079,0,0.538407407948662,1,1,ctd,logistic_regression,42
P23776,P53061,0,0.3431379297933982,0,1,ctd,logistic_regression,42
P46675,P80428,0,0.5687516154293666,1,1,ctd,logistic_regression,42
P33335,Q03125,0,0.20089108538067468,0,1,ctd,logistic_regression,42
P41832,P47053,0,0.663716634896922,1,1,ctd,logistic_regression,42
P00044,P50104,0,0.4969179712120771,0,1,ctd,logistic_regression,42
P38696,Q12396,0,0.41196755545105207,0,1,ctd,logistic_regression,42
P25299,Q05900,0,0.3910878864016423,0,1,ctd,logistic_regression,42
P40077,P53207,0,0.5200661111685942,1,1,ctd,logistic_regression,42
P06775,P20457,0,0.22208930593427884,0,1,ctd,logistic_regression,42
P35727,P53538,0,0.5001438800694383,1,1,ctd,logistic_regression,42
Q12280,Q99190,0,0.2502263891613933,0,1,ctd,logistic_regression,42
P24384,P32453,0,0.35953279981797204,0,1,ctd,logistic_regression,42
P50095,Q04461,0,0.5760313894062734,1,1,ctd,logistic_regression,42
P20081,P32832,0,0.8382392168781795,1,1,ctd,logistic_regression,42
P46961,Q12223,0,0.04857976204567232,0,1,ctd,logistic_regression,42
P36160,P46655,0,0.39048026202594965,0,1,ctd,logistic_regression,42
Q12192,Q12518,0,0.5037711871125958,1,1,ctd,logistic_regression,42
P32564,Q06406,0,0.4818200254918163,0,1,ctd,logistic_regression,42
P40856,P49956,0,0.4337445656400907,0,1,ctd,logistic_regression,42
P53191,Q12443,0,0.7475419284609687,1,1,ctd,logistic_regression,42
P40357,P47104,0,0.3638225376567177,0,1,ctd,logistic_regression,42
P13517,P39001,0,0.47609427533445703,0,1,ctd,logistic_regression,42
P30283,P53337,0,0.14017239122307948,0,1,ctd,logistic_regression,42
P15646,P40509,0,0.6406820433917005,1,1,ctd,logistic_regression,42
P18239,Q05881,0,0.2560998683540484,0,1,ctd,logistic_regression,42
P33328,P40077,0,0.6056375118392354,1,1,ctd,logistic_regression,42
P26309,Q08949,0,0.46973118582036144,0,1,ctd,logistic_regression,42
P24719,P53036,0,0.4893144318414139,0,1,ctd,logistic_regression,42
P25045,Q04149,0,0.49173500042625273,0,1,ctd,logistic_regression,42
P38867,P42946,0,0.24677943847588601,0,1,ctd,logistic_regression,42
P28519,P48232,0,0.7368022325813438,1,1,ctd,logistic_regression,42
P36084,P49687,0,0.567278427544916,1,1,ctd,logistic_regression,42
P33306,P40885,0,0.31551332988873493,0,1,ctd,logistic_regression,42
P38272,P38920,0,0.4201950455522025,0,1,ctd,logistic_regression,42
P22276,Q03690,0,0.6966117362066431,1,1,ctd,logistic_regression,42
P14736,P42934,0,0.3728414750826595,0,1,ctd,logistic_regression,42
P40095,P41543,0,0.27329925673175537,0,1,ctd,logistic_regression,42
P38819,P43604,0,0.4216742964221939,0,1,ctd,logistic_regression,42
P46677,P53233,0,0.2067422958226611,0,1,ctd,logistic_regression,42
P40496,Q01560,0,0.22645342661246595,0,1,ctd,logistic_regression,42
P41896,P53278,0,0.6464774144130704,1,1,ctd,logistic_regression,42
P22082,P47134,0,0.6019704839325779,1,1,ctd,logistic_regression,42
P33760,Q99344,0,0.38497155971391606,0,1,ctd,logistic_regression,42
P38991,Q06224,0,0.6723818089681914,1,1,ctd,logistic_regression,42
P20795,Q03691,0,0.22841456506942287,0,1,ctd,logistic_regression,42
P19263,P50095,0,0.545773086078883,1,1,ctd,logistic_regression,42
P13712,P48510,0,0.5891929805184635,1,1,ctd,logistic_regression,42
P54786,P54862,0,0.3483455950211149,0,1,ctd,logistic_regression,42
P40060,P40574,0,0.37231018862720466,0,1,ctd,logistic_regression,42
P38156,Q08032,0,0.36407494018573916,0,1,ctd,logistic_regression,42
Q02256,Q06091,0,0.3421349923242434,0,1,ctd,logistic_regression,42
Q04004,Q12174,0,0.07795160261024991,0,1,ctd,logistic_regression,42
P00924,P36116,0,0.4789363315656446,0,1,ctd,logistic_regression,42
P54790,Q00772,0,0.6722551786463489,1,1,ctd,logistic_regression,42
P40328,Q03655,0,0.5140780853969704,1,1,ctd,logistic_regression,42
P23638,P38353,0,0.434028120656866,0,1,ctd,logistic_regression,42
P54791,Q07381,0,0.4242442292743285,0,1,ctd,logistic_regression,42
P18239,Q04062,0,0.28692035973466623,0,1,ctd,logistic_regression,42
P16658,Q04847,0,0.7982309845237499,1,1,ctd,logistic_regression,42
P38863,Q03860,0,0.08754364596713544,0,1,ctd,logistic_regression,42
P13663,P43132,0,0.5338090130512019,1,1,ctd,logistic_regression,42
Q01217,Q03330,0,0.7235450238003063,1,1,ctd,logistic_regression,42
P38764,P39534,0,0.3975356563361835,0,1,ctd,logistic_regression,42
Q03661,Q99176,0,0.3003654611980445,0,1,ctd,logistic_regression,42
P32859,Q08685,0,0.7915188213740506,1,1,ctd,logistic_regression,42
P32830,Q08032,0,0.6454111759189072,1,1,ctd,logistic_regression,42
P06783,P39523,0,0.3386655301215705,0,1,ctd,logistic_regression,42
P32381,P40077,0,0.7079351295044951,1,1,ctd,logistic_regression,42
P36520,Q03776,0,0.573878041834533,1,1,ctd,logistic_regression,42
P38759,Q12396,0,0.7162716636631048,1,1,ctd,logistic_regression,42
P40335,Q12482,0,0.4789765982505408,0,1,ctd,logistic_regression,42
P38630,P39929,0,0.7304277022882479,1,1,ctd,logistic_regression,42
P09457,P50108,0,0.6711314964395988,1,1,ctd,logistic_regression,42
P17505,Q08446,0,0.3682123647763754,0,1,ctd,logistic_regression,42
P35180,Q12754,0,0.42998516981318413,0,1,ctd,logistic_regression,42
P39001,P40890,0,0.45782350560203533,0,1,ctd,logistic_regression,42
P38630,P53540,0,0.7264198728289778,1,1,ctd,logistic_regression,42
P32387,P38194,0,0.5101871051491759,1,1,ctd,logistic_regression,42
P22543,P25453,0,0.5456656252716935,1,1,ctd,logistic_regression,42
P54786,Q01852,0,0.474796797304714,0,1,ctd,logistic_regression,42
P32838,P39926,0,0.3559152900189765,0,1,ctd,logistic_regression,42
P41815,P47017,0,0.12731450547190715,0,1,ctd,logistic_regression,42
P23285,P39702,0,0.5574600724273182,1,1,ctd,logistic_regression,42
P02994,P40077,0,0.6713335206680257,1,1,ctd,logistic_regression,42
P39720,P40438,0,0.3617325636445438,0,1,ctd,logistic_regression,42
P32478,P40438,0,0.2079004991983116,0,1,ctd,logistic_regression,42
P28000,P53184,0,0.44260830743876384,0,1,ctd,logistic_regression,42
P38789,Q01684,0,0.3045471946343577,0,1,ctd,logistic_regression,42
P31244,P32838,0,0.5196150486139548,1,1,ctd,logistic_regression,42
P87284,Q05016,0,0.316373210307523,0,1,ctd,logistic_regression,42
P20436,P38910,0,0.328661433135514,0,1,ctd,logistic_regression,42
P38742,Q03697,0,0.42774721915395075,0,1,ctd,logistic_regression,42
P11972,P41810,0,0.6365266612270654,1,1,ctd,logistic_regression,42
P35206,Q05080,0,0.4063033336770966,0,1,ctd,logistic_regression,42
P36123,Q12006,0,0.46800389019473426,0,1,ctd,logistic_regression,42
P22214,P31378,0,0.5186305693305692,1,1,ctd,logistic_regression,42
P36018,Q02204,0,0.24056304449049531,0,1,ctd,logistic_regression,42
P42941,P53867,0,0.836060994337924,1,1,ctd,logistic_regression,42
P39952,P41901,0,0.3471297362142935,0,1,ctd,logistic_regression,42
P21242,Q04958,0,0.4952480205881473,0,1,ctd,logistic_regression,42
P51996,Q02776,0,0.38441830829558854,0,1,ctd,logistic_regression,42
P38077,Q12343,0,0.48300361973347683,0,1,ctd,logistic_regression,42
P47025,Q12243,0,0.06802420816330865,0,1,ctd,logistic_regression,42
P18851,P35180,0,0.5988922018000545,1,1,ctd,logistic_regression,42
P14126,P38111,0,0.7224234609834009,1,1,ctd,logistic_regression,42
P13902,Q12233,0,0.3351776439036413,0,1,ctd,logistic_regression,42
P47061,P47167,0,0.5814142490418228,1,1,ctd,logistic_regression,42
P42846,P47166,0,0.5521118367597133,1,1,ctd,logistic_regression,42
P53973,Q06616,0,0.5670451614967174,1,1,ctd,logistic_regression,42
P38705,P46974,0,0.4812396849186811,0,1,ctd,logistic_regression,42
P42942,Q02204,0,0.3408628592349198,0,1,ctd,logistic_regression,42
P46949,Q03834,0,0.25581881344525936,0,1,ctd,logistic_regression,42
P14064,P32854,0,0.6932559019344713,1,1,ctd,logistic_regression,42
P08153,P53389,0,0.41644202379880524,0,1,ctd,logistic_regression,42
P36124,P47185,0,0.2243725716950601,0,1,ctd,logistic_regression,42
P32908,P40693,0,0.8181932337420517,1,1,ctd,logistic_regression,42
P40510,P53252,0,0.5915777010715279,1,1,ctd,logistic_regression,42
P14741,Q02516,0,0.31427939923455245,0,1,ctd,logistic_regression,42
P18238,Q12380,0,0.27095394162005587,0,1,ctd,logistic_regression,42
P40038,P52917,0,0.599209237716981,1,1,ctd,logistic_regression,42
P52919,Q02784,0,0.6513051515567032,1,1,ctd,logistic_regression,42
P07278,P38931,0,0.5267080994700658,1,1,ctd,logistic_regression,42
P40453,Q08975,0,0.4815018279091393,0,1,ctd,logistic_regression,42
P11978,Q08746,0,0.7130395749309645,1,1,ctd,logistic_regression,42
P21657,P50275,0,0.6705945223958087,1,1,ctd,logistic_regression,42
P39113,P53079,0,0.7274262310599976,1,1,ctd,logistic_regression,42
P33311,P40356,0,0.3158259768673162,0,1,ctd,logistic_regression,42
P47123,P53685,0,0.76727328761633,1,1,ctd,logistic_regression,42
P15424,P19880,0,0.7747756078534602,1,1,ctd,logistic_regression,42
P31380,Q02608,0,0.190669497972681,0,1,ctd,logistic_regression,42
P36130,P46681,0,0.6431419803896664,1,1,ctd,logistic_regression,42
P08638,Q03012,0,0.5037053211562256,1,1,ctd,logistic_regression,42
P10507,P38759,0,0.5694464472731443,1,1,ctd,logistic_regression,42
P06773,P06786,0,0.5621795208666303,1,1,ctd,logistic_regression,42
P38351,P48837,0,0.3056548638428131,0,1,ctd,logistic_regression,42
Q02784,Q04601,0,0.6411463366228948,1,1,ctd,logistic_regression,42
P38712,P53091,0,0.47621840162762064,0,1,ctd,logistic_regression,42
P00410,Q00578,0,0.4053922760125018,0,1,ctd,logistic_regression,42
P38784,Q00381,0,0.6391815350296944,1,1,ctd,logistic_regression,42
P11914,P41697,0,0.5118811410212935,1,1,ctd,logistic_regression,42
P25389,P40348,0,0.49817233158292723,0,1,ctd,logistic_regression,42
P25648,P32900,0,0.49486924778393104,0,1,ctd,logistic_regression,42
P08638,Q12256,0,0.4710611417971026,0,1,ctd,logistic_regression,42
P35206,P50874,0,0.2797605832095653,0,1,ctd,logistic_regression,42
P35206,P43616,0,0.1505213074289097,0,1,ctd,logistic_regression,42
P32494,P38837,0,0.3600878479416207,0,1,ctd,logistic_regression,42
P07249,P39987,0,0.258101405192294,0,1,ctd,logistic_regression,42
P07249,P53939,0,0.4502362910576809,0,1,ctd,logistic_regression,42
P32797,P50090,0,0.4505982088220291,0,1,ctd,logistic_regression,42
P38193,P40032,0,0.4527802110471493,0,1,ctd,logistic_regression,42
P21538,P38261,0,0.6204053272058765,1,1,ctd,logistic_regression,42
P25341,P36036,0,0.5692808368293366,1,1,ctd,logistic_regression,42
P53628,Q12233,0,0.08311182649025324,0,1,ctd,logistic_regression,42
P38203,Q06697,0,0.29414872478463083,0,1,ctd,logistic_regression,42
P43638,Q06224,0,0.6834055245345219,1,1,ctd,logistic_regression,42
P48568,Q92316,0,0.47040998783574267,0,1,ctd,logistic_regression,42
P24813,P38304,0,0.40374777081377533,0,1,ctd,logistic_regression,42
P32486,P38149,0,0.586114652080469,1,1,ctd,logistic_regression,42
P32481,Q02794,0,0.6827210486184597,1,1,ctd,logistic_regression,42
P41817,P47134,0,0.6529995933712951,1,1,ctd,logistic_regression,42
P21651,P22213,0,0.5421781291769903,1,1,ctd,logistic_regression,42
P33759,Q12265,0,0.2947007556543473,0,1,ctd,logistic_regression,42
P53181,Q08951,0,0.052883377043553184,0,1,ctd,logistic_regression,42
P18900,P35184,0,0.36082204067914403,0,1,ctd,logistic_regression,42
P06100,P53337,0,0.059230048006868624,0,1,ctd,logistic_regression,42
P39904,P47027,0,0.507729731536972,1,1,ctd,logistic_regression,42
P10834,P32773,0,0.47013701175630596,0,1,ctd,logistic_regression,42
P24867,P53131,0,0.2881364042117671,0,1,ctd,logistic_regression,42
P53125,Q04338,0,0.40272408517109054,0,1,ctd,logistic_regression,42
P32485,P41544,0,0.34462521571880245,0,1,ctd,logistic_regression,42
P32328,P40455,0,0.7460839497824642,1,1,ctd,logistic_regression,42
P40890,Q03330,0,0.6029667235996513,1,1,ctd,logistic_regression,42
P01149,P40003,0,0.35707704051768796,0,1,ctd,logistic_regression,42
P28239,P40167,0,0.5299722764702316,1,1,ctd,logistic_regression,42
P33296,P37296,0,0.5407666468912554,1,1,ctd,logistic_regression,42
P06775,P33334,0,0.30677622123877657,0,1,ctd,logistic_regression,42
P32325,Q12482,0,0.5266232433794431,1,1,ctd,logistic_regression,42
P32601,P38156,0,0.34135628931459405,0,1,ctd,logistic_regression,42
P38622,P53973,0,0.6040530569732208,1,1,ctd,logistic_regression,42
P36121,Q05931,0,0.6337938345007309,1,1,ctd,logistic_regression,42
P25651,P54860,0,0.35230291836635824,0,1,ctd,logistic_regression,42
P32453,Q12168,0,0.37273415443900876,0,1,ctd,logistic_regression,42
Q00916,Q06675,0,0.32715516134001654,0,1,ctd,logistic_regression,42
P07249,P38720,0,0.5462707140502434,1,1,ctd,logistic_regression,42
P53540,Q12138,0,0.5674045557065426,1,1,ctd,logistic_regression,42
P34164,P39112,0,0.4164264997598094,0,1,ctd,logistic_regression,42
P26754,P51601,0,0.806813169555182,1,1,ctd,logistic_regression,42
P06844,Q12749,0,0.7141312059931564,1,1,ctd,logistic_regression,42
P25371,P48568,0,0.4039841901372585,0,1,ctd,logistic_regression,42
P25656,Q04477,0,0.46596406649117045,0,1,ctd,logistic_regression,42
P38822,P54791,0,0.49793392114159074,0,1,ctd,logistic_regression,42
P38697,Q12336,0,0.4066854133296284,0,1,ctd,logistic_regression,42
P32528,P40438,0,0.5285040256471043,1,1,ctd,logistic_regression,42
P15938,P32793,0,0.3563656076453955,0,1,ctd,logistic_regression,42
P42941,Q12267,0,0.8435650668322012,1,1,ctd,logistic_regression,42
P36049,P39011,0,0.46187377389998824,0,1,ctd,logistic_regression,42
P12294,P38302,0,0.003854770754687249,0,1,ctd,logistic_regression,42
P40582,Q12276,0,0.5673419837196328,1,1,ctd,logistic_regression,42
P04046,P41912,0,0.5470307184101888,1,1,ctd,logistic_regression,42
P48606,Q01722,0,0.4119305618521438,0,1,ctd,logistic_regression,42
P13902,Q04894,0,0.6470507694062836,1,1,ctd,logistic_regression,42
P24004,P47037,0,0.7352428840921293,1,1,ctd,logistic_regression,42
P16474,P40160,0,0.7665079878427109,1,1,ctd,logistic_regression,42
P17898,P33204,0,0.06075315909528506,0,1,ctd,logistic_regression,42
P16521,P43621,0,0.5953979757960991,1,1,ctd,logistic_regression,42
P23291,Q04062,0,0.41137896933960477,0,1,ctd,logistic_regression,42
P22007,P37838,0,0.3989239720874489,0,1,ctd,logistic_regression,42
P16370,Q03656,0,0.7496764488040055,1,1,ctd,logistic_regression,42
P04386,Q12082,0,0.28375244412726597,0,1,ctd,logistic_regression,42
P30619,P53039,0,0.37957459564223633,0,1,ctd,logistic_regression,42
P20435,P53253,0,0.3341929365148549,0,1,ctd,logistic_regression,42
P00358,Q02159,0,0.23675535068515852,0,1,ctd,logistic_regression,42
P21242,P47185,0,0.3202335787825674,0,1,ctd,logistic_regression,42
P05375,P53145,0,0.4667313063178364,0,1,ctd,logistic_regression,42
P39079,Q06224,0,0.6359711118260668,1,1,ctd,logistic_regression,42
P19454,P23585,0,0.37819531800557754,0,1,ctd,logistic_regression,42
P06103,P38112,0,0.40682202603021717,0,1,ctd,logistic_regression,42
P07269,P89105,0,0.6104725931920809,1,1,ctd,logistic_regression,42
P25045,P53299,0,0.6569655766290176,1,1,ctd,logistic_regression,42
P25302,P33401,0,0.5054520448489404,1,1,ctd,logistic_regression,42
P35172,P39996,0,0.6166819418807507,1,1,ctd,logistic_regression,42
P24384,Q12055,0,0.5417175325998485,1,1,ctd,logistic_regression,42
P04912,P27796,0,0.43280855480039937,0,1,ctd,logistic_regression,42
P38911,P53685,0,0.2799391227712474,0,1,ctd,logistic_regression,42
P23291,Q12241,0,0.5252318416536178,1,1,ctd,logistic_regression,42
P07262,P41896,0,0.5311552210856127,1,1,ctd,logistic_regression,42
P25847,P32602,0,0.6843647307940742,1,1,ctd,logistic_regression,42
P13185,Q06339,0,0.5424125987899322,1,1,ctd,logistic_regression,42
P50105,P53261,0,0.5306974310137543,1,1,ctd,logistic_regression,42
P16474,P18239,0,0.2932461908989564,0,1,ctd,logistic_regression,42
P25358,Q03818,0,0.07661875121434329,0,1,ctd,logistic_regression,42
P32801,P47049,0,0.5938573438563947,1,1,ctd,logistic_regression,42
P41318,Q12361,0,0.3738342350569651,0,1,ctd,logistic_regression,42
P12294,Q07887,0,0.027430948917790764,0,1,ctd,logistic_regression,42
P38962,P53829,0,0.17030320735552518,0,1,ctd,logistic_regression,42
P11710,P40555,0,0.2636476083109954,0,1,ctd,logistic_regression,42
P07249,P36012,0,0.3979528882458106,0,1,ctd,logistic_regression,42
P38910,P40362,0,0.6646297372667549,1,1,ctd,logistic_regression,42
P29056,P40991,0,0.521100633930774,1,1,ctd,logistic_regression,42
P25579,P47083,0,0.37148741920869727,0,1,ctd,logistic_regression,42
P23641,P40960,0,0.21428970453235577,0,1,ctd,logistic_regression,42
P14064,P53181,0,0.23441197106630926,0,1,ctd,logistic_regression,42
P40969,Q12347,0,0.3764108975875488,0,1,ctd,logistic_regression,42
P04386,P38629,0,0.6383775107491335,1,1,ctd,logistic_regression,42
P53094,Q02776,0,0.3634440631193342,0,1,ctd,logistic_regression,42
P16547,Q07509,0,0.073069769020536,0,1,ctd,logistic_regression,42
P09734,P32389,0,0.6048444330219312,1,1,ctd,logistic_regression,42
P09457,P22515,0,0.6008286406797866,1,1,ctd,logistic_regression,42
P38204,Q04195,0,0.5049226652169202,1,1,ctd,logistic_regression,42
P07273,P28743,0,0.5730195688611666,1,1,ctd,logistic_regression,42
P47058,Q03373,0,0.44690893825758204,0,1,ctd,logistic_regression,42
Q03697,Q06137,0,0.4854972151854405,0,1,ctd,logistic_regression,42
P31111,P39517,0,0.7449070566382259,1,1,ctd,logistic_regression,42
P38708,P53096,0,0.6342916167815098,1,1,ctd,logistic_regression,42
P28239,P40217,0,0.449944282456549,0,1,ctd,logistic_regression,42
P25336,P36116,0,0.34539583859923784,0,1,ctd,logistic_regression,42
P53147,Q00578,0,0.5143639555530052,1,1,ctd,logistic_regression,42
P32523,P32833,0,0.4126285177520612,0,1,ctd,logistic_regression,42
P39011,Q06554,0,0.5651489123790858,1,1,ctd,logistic_regression,42
P32803,P48837,0,0.4617412479396726,0,1,ctd,logistic_regression,42
P27705,Q00873,0,0.4569835506796611,0,1,ctd,logistic_regression,42
P07213,Q02196,0,0.4281605674868483,0,1,ctd,logistic_regression,42
P39009,P49686,0,0.30814911929666394,0,1,ctd,logistic_regression,42
P22138,P41920,0,0.6266677043250872,1,1,ctd,logistic_regression,42
P35056,Q06205,0,0.47383796999020544,0,1,ctd,logistic_regression,42
P36125,Q01454,0,0.18350354726761395,0,1,ctd,logistic_regression,42
Q08236,Q12243,0,0.06702509633783514,0,1,ctd,logistic_regression,42
P25651,Q12527,0,0.3325112344848691,0,1,ctd,logistic_regression,42
P53272,Q99260,0,0.32182769024413266,0,1,ctd,logistic_regression,42
P28241,P43592,0,0.5713404761913421,1,1,ctd,logistic_regression,42
P28519,P48836,0,0.7280919638974364,1,1,ctd,logistic_regression,42
P11978,Q99383,0,0.5889774200430633,1,1,ctd,logistic_regression,42
P53184,Q12396,0,0.6660637983093336,1,1,ctd,logistic_regression,42
P47074,Q07084,0,0.5560716374484054,1,1,ctd,logistic_regression,42
P53115,Q00539,0,0.6371188930950514,1,1,ctd,logistic_regression,42
P36084,P38820,0,0.6221908172377253,1,1,ctd,logistic_regression,42
P23724,Q04307,0,0.4701480766370635,0,1,ctd,logistic_regression,42
P20604,P38298,0,0.23622338600884354,0,1,ctd,logistic_regression,42
P00931,Q12035,0,0.44919524858576326,0,1,ctd,logistic_regression,42
P03965,P38957,0,0.5855255597543207,1,1,ctd,logistic_regression,42
P38428,P52960,0,0.21050639413616765,0,1,ctd,logistic_regression,42
P13434,P36118,0,0.6434658127202655,1,1,ctd,logistic_regression,42
P21957,Q12142,0,0.414837848047339,0,1,ctd,logistic_regression,42
P38819,P53197,0,0.49235091823809424,0,1,ctd,logistic_regression,42
P16522,Q04964,0,0.39829373191168893,0,1,ctd,logistic_regression,42
P15938,P32803,0,0.2610112110143701,0,1,ctd,logistic_regression,42
P36036,P38794,0,0.6991494546827736,1,1,ctd,logistic_regression,42
P38713,Q02336,0,0.4562787503041748,0,1,ctd,logistic_regression,42
Q08278,Q12361,0,0.41963380338323236,0,1,ctd,logistic_regression,42
P43602,Q02100,0,0.40014815670070186,0,1,ctd,logistic_regression,42
P19736,P33332,0,0.811050378204638,1,1,ctd,logistic_regression,42
P40527,P43568,0,0.4434055938626598,0,1,ctd,logistic_regression,42
P23585,P33420,0,0.26920028732004947,0,1,ctd,logistic_regression,42
P38915,Q06216,0,0.5477243624889151,1,1,ctd,logistic_regression,42
P25615,P38163,0,0.44052969091614147,0,1,ctd,logistic_regression,42
P19146,Q12318,0,0.33741946356262154,0,1,ctd,logistic_regression,42
P17106,P47120,0,0.6317382211043467,1,1,ctd,logistic_regression,42
P39987,Q03690,0,0.6483427737137433,1,1,ctd,logistic_regression,42
P38288,Q04225,0,0.3636138019716866,0,1,ctd,logistic_regression,42
P46673,P53878,0,0.31738256586033525,0,1,ctd,logistic_regression,42
P38288,Q12389,0,0.4820896803797973,0,1,ctd,logistic_regression,42
P12868,P35191,0,0.42799447358010656,0,1,ctd,logistic_regression,42
P05626,P51601,0,0.5901096322975088,1,1,ctd,logistic_regression,42
P35193,Q12071,0,0.6515891172263746,1,1,ctd,logistic_regression,42
P17255,P40032,0,0.5426915643656701,1,1,ctd,logistic_regression,42
P07272,P40007,0,0.36746815514056336,0,1,ctd,logistic_regression,42
P36116,P47912,0,0.36511275350115846,0,1,ctd,logistic_regression,42
P23776,P53290,0,0.6228241924921444,1,1,ctd,logistic_regression,42
P00431,P50105,0,0.7100003563568495,1,1,ctd,logistic_regression,42
P38759,P87108,0,0.5205095592474283,1,1,ctd,logistic_regression,42
P00175,P39734,0,0.5522483516431504,1,1,ctd,logistic_regression,42
Q12055,Q12161,0,0.3678694794949774,0,1,ctd,logistic_regression,42
P25346,Q12330,0,0.13699064389625537,0,1,ctd,logistic_regression,42
P19880,P40455,0,0.6915781932830409,1,1,ctd,logistic_regression,42
P40527,P48837,0,0.4079807725832738,0,1,ctd,logistic_regression,42
P38339,Q02159,0,0.349231079107367,0,1,ctd,logistic_regression,42
P36104,Q04264,0,0.39992511495022265,0,1,ctd,logistic_regression,42
P41815,Q03750,0,0.1897957423456479,0,1,ctd,logistic_regression,42
P89105,Q06169,0,0.3878748528201503,0,1,ctd,logistic_regression,42
Q00381,Q03655,0,0.5924094422695433,1,1,ctd,logistic_regression,42
P53142,Q12527,0,0.13508679925955447,0,1,ctd,logistic_regression,42
Q05998,Q08601,0,0.29783674202972743,0,1,ctd,logistic_regression,42
P40856,Q12749,0,0.6444329640883649,1,1,ctd,logistic_regression,42
P39073,Q12060,0,0.49586236656012167,0,1,ctd,logistic_regression,42
P38348,P40352,0,0.7069683245567104,1,1,ctd,logistic_regression,42
P33421,P43560,0,0.2985910003196615,0,1,ctd,logistic_regression,42
Q12118,Q99344,0,0.2742462862488722,0,1,ctd,logistic_regression,42
P25502,P48524,0,0.5246258218283932,1,1,ctd,logistic_regression,42
P52891,Q04673,0,0.5247037637056675,1,1,ctd,logistic_regression,42
P38068,P45818,0,0.4154805042518803,0,1,ctd,logistic_regression,42
P38821,P40496,0,0.4839026395696324,0,1,ctd,logistic_regression,42
Q08923,Q12082,0,0.11710240276123782,0,1,ctd,logistic_regression,42
P32561,Q12349,0,0.24995892531358044,0,1,ctd,logistic_regression,42
P32776,P38123,0,0.42579690602261105,0,1,ctd,logistic_regression,42
P38193,P38272,0,0.4621599723300827,0,1,ctd,logistic_regression,42
P34240,P39875,0,0.49815944959208874,0,1,ctd,logistic_regression,42
P39001,Q04195,0,0.543239763590797,1,1,ctd,logistic_regression,42
P23639,P47115,0,0.3465404231184882,0,1,ctd,logistic_regression,42
P81449,Q12020,0,0.3066128439863737,0,1,ctd,logistic_regression,42
P32499,Q06005,0,0.3825316936735056,0,1,ctd,logistic_regression,42
P39992,Q12306,0,0.2727968231494318,0,1,ctd,logistic_regression,42
Q08271,Q08949,0,0.4525291434150042,0,1,ctd,logistic_regression,42
P38630,P53299,0,0.8226286072864551,1,1,ctd,logistic_regression,42
P32432,P38082,0,0.48039389667872584,0,1,ctd,logistic_regression,42
P16861,P23255,0,0.5782857699327196,1,1,ctd,logistic_regression,42
P06844,P30605,0,0.31576324147275053,0,1,ctd,logistic_regression,42
P18962,P27692,0,0.6499797631672591,1,1,ctd,logistic_regression,42
P53207,Q06525,0,0.5528610292654861,1,1,ctd,logistic_regression,42
P16522,P38257,0,0.5157090675889936,1,1,ctd,logistic_regression,42
Q03018,Q04958,0,0.5552078151576286,1,1,ctd,logistic_regression,42
P35190,P38915,0,0.6018530616245055,1,1,ctd,logistic_regression,42
P46669,Q07688,0,0.770532094185979,1,1,ctd,logistic_regression,42
Q06005,Q06677,0,0.3861718014228145,0,1,ctd,logistic_regression,42
P32558,Q12411,0,0.5392089578842184,1,1,ctd,logistic_regression,42
P10823,P47041,0,0.5930034562062855,1,1,ctd,logistic_regression,42
P39520,Q00711,0,0.38825211131465676,0,1,ctd,logistic_regression,42
P30656,P43604,0,0.5931247765000913,1,1,ctd,logistic_regression,42
P22579,P38742,0,0.6167326227150385,1,1,ctd,logistic_regression,42
P32564,P48232,0,0.10742454875715837,0,1,ctd,logistic_regression,42
P28496,P53952,0,0.1282752454777991,0,1,ctd,logistic_regression,42
P16151,P34238,0,0.09042109432863688,0,1,ctd,logistic_regression,42
P32786,P38353,0,0.5768928221927113,1,1,ctd,logistic_regression,42
P46974,Q04338,0,0.47997724975763384,0,1,ctd,logistic_regression,42
P02400,P38744,0,0.9438023034064565,1,1,ctd,logistic_regression,42
P07257,P14736,0,0.466806349149808,0,1,ctd,logistic_regression,42
P20448,P47185,0,0.22027045222628153,0,1,ctd,logistic_regression,42
P50091,Q08032,0,0.5156463866157048,1,1,ctd,logistic_regression,42
P35691,Q04636,0,0.6275076204446777,1,1,ctd,logistic_regression,42
P42846,Q07904,0,0.14700844555578338,0,1,ctd,logistic_regression,42
P38240,Q03784,0,0.42981999852032476,0,1,ctd,logistic_regression,42
P40075,P47041,0,0.613168407230844,1,1,ctd,logistic_regression,42
P25296,P53045,0,0.14817085601083743,0,1,ctd,logistic_regression,42
P06105,P32319,0,0.6278202865292655,1,1,ctd,logistic_regression,42
O74700,P40960,0,0.16033111130169156,0,1,ctd,logistic_regression,42
P04786,Q04264,0,0.3295234162984215,0,1,ctd,logistic_regression,42
P21306,P38353,0,0.1992325890611337,0,1,ctd,logistic_regression,42
P18963,P36121,0,0.6261372594593999,1,1,ctd,logistic_regression,42
P80428,Q01939,0,0.5816313739687974,1,1,ctd,logistic_regression,42
P32558,P40314,0,0.486996062176103,0,1,ctd,logistic_regression,42
P31111,Q12285,0,0.5990803978322105,1,1,ctd,logistic_regression,42
Q02732,Q12270,0,0.1690185537803719,0,1,ctd,logistic_regression,42
P13393,Q12328,0,0.43507749236114374,0,1,ctd,logistic_regression,42
P50101,P53389,0,0.35983920208612713,0,1,ctd,logistic_regression,42
P41805,P53243,0,0.5735518088587876,1,1,ctd,logistic_regression,42
P47064,P53039,0,0.6378190735770192,1,1,ctd,logistic_regression,42
P35189,P35190,0,0.5992963409256794,1,1,ctd,logistic_regression,42
P07390,Q12270,0,0.15731050102926025,0,1,ctd,logistic_regression,42
P38152,P53973,0,0.4904309174872481,0,1,ctd,logistic_regression,42
P28000,P53953,0,0.5412949131568305,1,1,ctd,logistic_regression,42
P25382,P40518,0,0.44611410339717156,0,1,ctd,logistic_regression,42
P40469,P42934,0,0.5178061128642103,1,1,ctd,logistic_regression,42
P36029,Q08271,0,0.34358059780977523,0,1,ctd,logistic_regression,42
P07272,P38779,0,0.2742885902684664,0,1,ctd,logistic_regression,42
P21801,P28320,0,0.35371460409673106,0,1,ctd,logistic_regression,42
P53169,P53973,0,0.5046690330557205,1,1,ctd,logistic_regression,42
P35177,P46675,0,0.6291517816441178,1,1,ctd,logistic_regression,42
P32859,Q03018,0,0.3696162754873872,0,1,ctd,logistic_regression,42
P25632,Q07442,0,0.5167785624916093,1,1,ctd,logistic_regression,42
P00410,P32379,0,0.4124144351778444,0,1,ctd,logistic_regression,42
P40960,P53961,0,0.20512236070154083,0,1,ctd,logistic_regression,42
P39735,P53254,0,0.3332370956968238,0,1,ctd,logistic_regression,42
P00924,P38702,0,0.5923583442356638,1,1,ctd,logistic_regression,42
Q01217,Q03655,0,0.44694975806154097,0,1,ctd,logistic_regression,42
P42934,Q04636,0,0.4596634304278951,0,1,ctd,logistic_regression,42
P06780,P38251,0,0.5623680438888962,1,1,ctd,logistic_regression,42
P41912,P47029,0,0.6460332722166007,1,1,ctd,logistic_regression,42
P38744,P40455,0,0.8418144667465389,1,1,ctd,logistic_regression,42
P30619,P39928,0,0.5430250498430427,1,1,ctd,logistic_regression,42
P01119,P52490,0,0.15762163625489464,0,1,ctd,logistic_regression,42
P47049,Q06216,0,0.6191659329269764,1,1,ctd,logistic_regression,42
P13433,Q04603,0,0.5521773480474347,1,1,ctd,logistic_regression,42
P36019,P46671,0,0.46305186522645564,0,1,ctd,logistic_regression,42
P20053,P54791,0,0.6348100134441824,1,1,ctd,logistic_regression,42
Q08496,Q12223,0,0.2879574629565022,0,1,ctd,logistic_regression,42
P53735,Q08911,0,0.5226778582538609,1,1,ctd,logistic_regression,42
P50108,Q06005,0,0.5008497902305579,1,1,ctd,logistic_regression,42
P25646,P53437,0,0.42886204923464094,0,1,ctd,logistic_regression,42
P02294,P38970,0,0.36715653898765044,0,1,ctd,logistic_regression,42
P39968,Q12224,0,0.6039536832066517,1,1,ctd,logistic_regression,42
P39534,Q07800,0,0.5752789958506969,1,1,ctd,logistic_regression,42
P38319,Q05471,0,0.5961337501414612,1,1,ctd,logistic_regression,42
P43583,P87284,0,0.7047452771293246,1,1,ctd,logistic_regression,42
P40992,P53108,0,0.1944190913101655,0,1,ctd,logistic_regression,42
P15646,P38337,0,0.8984613252556852,1,1,ctd,logistic_regression,42
P04147,P40360,0,0.564788818191669,1,1,ctd,logistic_regression,42
P06242,P19955,0,0.42209792869070184,0,1,ctd,logistic_regression,42
P36012,Q08278,0,0.5062201117749033,1,1,ctd,logistic_regression,42
P25341,Q07980,0,0.5169356040982969,1,1,ctd,logistic_regression,42
P33303,P43605,0,0.4340997089463672,0,1,ctd,logistic_regression,42
P32453,P53904,0,0.47085626840194106,0,1,ctd,logistic_regression,42
P41695,Q02932,0,0.5938289804882722,1,1,ctd,logistic_regression,42
P35207,Q06632,0,0.42501950061362287,0,1,ctd,logistic_regression,42
P29465,Q12019,0,0.3653706623938072,0,1,ctd,logistic_regression,42
P21538,P41697,0,0.6238972949329957,1,1,ctd,logistic_regression,42
P10566,Q12469,0,0.4003466232337931,0,1,ctd,logistic_regression,42
P32597,P54837,0,0.26436942051817164,0,1,ctd,logistic_regression,42
P26188,Q08931,0,0.7604018365373078,1,1,ctd,logistic_regression,42
P21651,Q03792,0,0.5359085249101696,1,1,ctd,logistic_regression,42
P06105,Q08162,1,0.6872894052944712,1,2,ctd,logistic_regression,42
P38931,P40032,1,0.5842110348946432,1,2,ctd,logistic_regression,42
P18494,Q12477,1,0.5379986909927571,1,2,ctd,logistic_regression,42
P29340,P43563,1,0.5782268329234536,1,2,ctd,logistic_regression,42
P38874,P50277,1,0.49021212755195126,0,2,ctd,logistic_regression,42
P34217,P47029,1,0.7038865586131072,1,2,ctd,logistic_regression,42
P21243,Q08119,1,0.42041871358382127,0,2,ctd,logistic_regression,42
P33328,P38690,1,0.8237334281517763,1,2,ctd,logistic_regression,42
P04912,P53211,1,0.20234127138665572,0,2,ctd,logistic_regression,42
P38352,P39730,1,0.6224729695465913,1,2,ctd,logistic_regression,42
P16140,P53283,1,0.14213512350267962,0,2,ctd,logistic_regression,42
P40079,P41814,1,0.6594228856233627,1,2,ctd,logistic_regression,42
P16658,P18898,1,0.7055788738242957,1,2,ctd,logistic_regression,42
Q04562,Q08886,1,0.30285414765624924,0,2,ctd,logistic_regression,42
P40339,P50091,1,0.5556160981234676,1,2,ctd,logistic_regression,42
P25655,P36131,1,0.3411525180382801,0,2,ctd,logistic_regression,42
P36084,Q08685,1,0.5439021581537338,1,2,ctd,logistic_regression,42
P53978,Q06409,1,0.6703202543431405,1,2,ctd,logistic_regression,42
P32892,P41901,1,0.4495507838710361,0,2,ctd,logistic_regression,42
P29703,Q03558,1,0.8149916304672301,1,2,ctd,logistic_regression,42
P40541,Q08558,1,0.375898647485994,0,2,ctd,logistic_regression,42
P53250,Q08949,1,0.5070927033046887,1,2,ctd,logistic_regression,42
P38774,Q12330,1,0.5292544014245089,1,2,ctd,logistic_regression,42
Q04226,Q12149,1,0.5482337838690178,1,2,ctd,logistic_regression,42
P41834,Q12390,1,0.5538930812359907,1,2,ctd,logistic_regression,42
P24783,Q12285,1,0.6257876007468596,1,2,ctd,logistic_regression,42
P33333,P53036,1,0.26668663097866585,0,2,ctd,logistic_regression,42
P33199,P53552,1,0.5758461391974246,1,2,ctd,logistic_regression,42
P04807,P53905,1,0.3135177258730831,0,2,ctd,logistic_regression,42
P48361,Q07084,1,0.4991912422247145,0,2,ctd,logistic_regression,42
P53930,Q06406,1,0.2593372517181563,0,2,ctd,logistic_regression,42
P32573,P42839,1,0.7940946949261153,1,2,ctd,logistic_regression,42
P23202,P38615,1,0.5350462763492676,1,2,ctd,logistic_regression,42
P32263,P47057,1,0.6467932018085875,1,2,ctd,logistic_regression,42
P50086,Q08966,1,0.7928237200655828,1,2,ctd,logistic_regression,42
P13393,Q06218,1,0.5900728685767415,1,2,ctd,logistic_regression,42
P33750,P53829,1,0.22267820645821582,0,2,ctd,logistic_regression,42
P38431,P53322,1,0.16492291854512459,0,2,ctd,logistic_regression,42
P53254,Q12449,1,0.7048806325003295,1,2,ctd,logistic_regression,42
Q02884,Q04373,1,0.36047108556664076,0,2,ctd,logistic_regression,42
P33322,P53883,1,0.4647893630821208,0,2,ctd,logistic_regression,42
P53082,Q06551,1,0.26438246442940017,0,2,ctd,logistic_regression,42
P00931,P38153,1,0.6529998218394305,1,2,ctd,logistic_regression,42
P25655,P32849,1,0.5736513469671762,1,2,ctd,logistic_regression,42
P23644,P32447,1,0.5461411403384837,1,2,ctd,logistic_regression,42
P21374,P38165,1,0.7911736906245289,1,2,ctd,logistic_regression,42
P19454,P53540,1,0.6549880278990561,1,2,ctd,logistic_regression,42
P36224,P38861,1,0.49999951891634414,0,2,ctd,logistic_regression,42
P11433,P40484,1,0.7651711724691331,1,2,ctd,logistic_regression,42
P40453,Q03096,1,0.7517323713222759,1,2,ctd,logistic_regression,42
P46682,Q12477,1,0.38047092965373147,0,2,ctd,logistic_regression,42
P33891,P53599,1,0.8253113899543797,1,2,ctd,logistic_regression,42
P25579,P38988,1,0.3179156842631759,0,2,ctd,logistic_regression,42
P11938,Q04749,1,0.5028842874953454,1,2,ctd,logistic_regression,42
P06843,Q12514,1,0.5865133467604761,1,2,ctd,logistic_regression,42
Q03063,Q12327,1,0.08816505562824101,0,2,ctd,logistic_regression,42
P38766,P38987,1,0.49673038074325293,0,2,ctd,logistic_regression,42
P53865,Q12277,1,0.7017822594240498,1,2,ctd,logistic_regression,42
P33328,P40457,1,0.8065602106621566,1,2,ctd,logistic_regression,42
P40164,Q03900,1,0.48053686818815855,0,2,ctd,logistic_regression,42
P38705,P47054,1,0.35955157887214295,0,2,ctd,logistic_regression,42
P38716,Q99176,1,0.37936062464875675,0,2,ctd,logistic_regression,42
P39967,P53081,1,0.44819621593703796,0,2,ctd,logistic_regression,42
P29295,Q12328,1,0.7073073736842618,1,2,ctd,logistic_regression,42
P07248,P38429,1,0.7233634684987158,1,2,ctd,logistic_regression,42
P38853,P40010,1,0.6559587461122581,1,2,ctd,logistic_regression,42
P27614,P39077,1,0.738012041024792,1,2,ctd,logistic_regression,42
P02400,Q07657,1,0.7557147369471553,1,2,ctd,logistic_regression,42
P29496,Q08438,1,0.4241919673401596,0,2,ctd,logistic_regression,42
P07834,P32523,1,0.508180726715045,1,2,ctd,logistic_regression,42
P40422,P54790,1,0.23774952868586968,0,2,ctd,logistic_regression,42
P32783,Q03690,1,0.6286613374238944,1,2,ctd,logistic_regression,42
Q02196,Q04930,1,0.28381086758830026,0,2,ctd,logistic_regression,42
O13553,P04076,1,0.4367911279443069,0,2,ctd,logistic_regression,42
P36068,Q08491,1,0.6868128761899839,1,2,ctd,logistic_regression,42
P23644,P38696,1,0.5667708866560185,1,2,ctd,logistic_regression,42
P36421,P47050,1,0.43217738117531196,0,2,ctd,logistic_regression,42
P00044,P39926,1,0.5180022421029741,1,2,ctd,logistic_regression,42
P11746,Q08873,1,0.537887724275768,1,2,ctd,logistic_regression,42
P38217,P39990,1,0.39722354709432633,0,2,ctd,logistic_regression,42
P53743,Q02890,1,0.7625970387674629,1,2,ctd,logistic_regression,42
P41940,Q04749,1,0.38163118405273494,0,2,ctd,logistic_regression,42
P30656,P50101,1,0.68374920174411,1,2,ctd,logistic_regression,42
P33755,P36144,1,0.5045937579534949,1,2,ctd,logistic_regression,42
P38011,Q06696,1,0.47572442999310377,0,2,ctd,logistic_regression,42
P50095,Q08438,1,0.3461487489397206,0,2,ctd,logistic_regression,42
P21192,P34077,1,0.6876280465123569,1,2,ctd,logistic_regression,42
P38274,P38855,1,0.4929556527951939,0,2,ctd,logistic_regression,42
P53858,Q04149,1,0.4993976059259392,0,2,ctd,logistic_regression,42
P38991,P40089,1,0.3789532354476394,0,2,ctd,logistic_regression,42
P38785,Q12344,1,0.7107511318672187,1,2,ctd,logistic_regression,42
P22007,P32504,1,0.31895120919029957,0,2,ctd,logistic_regression,42
P20053,P48524,1,0.7997410119704235,1,2,ctd,logistic_regression,42
P30619,P38182,1,0.34541396789256285,0,2,ctd,logistic_regression,42
P05986,P53124,1,0.5809554052137147,1,2,ctd,logistic_regression,42
P09435,P32774,1,0.6130893074294148,1,2,ctd,logistic_regression,42
P25296,Q12154,1,0.687918803733752,1,2,ctd,logistic_regression,42
P18494,P31109,1,0.7191479153156773,1,2,ctd,logistic_regression,42
P16521,Q12734,1,0.6103875471260108,1,2,ctd,logistic_regression,42
P08458,P32457,1,0.4954190968258609,0,2,ctd,logistic_regression,42
P32590,P32793,1,0.4029113119941967,0,2,ctd,logistic_regression,42
Q02256,Q12250,1,0.7329838212169753,1,2,ctd,logistic_regression,42
P38766,Q05080,1,0.6582664319788317,1,2,ctd,logistic_regression,42
O13565,P25451,1,0.6357799243191672,1,2,ctd,logistic_regression,42
P33755,Q12411,1,0.6193944115232349,1,2,ctd,logistic_regression,42
P20052,P38903,1,0.767156256679432,1,2,ctd,logistic_regression,42
P38219,P42839,1,0.48775900670086425,0,2,ctd,logistic_regression,42
P36149,Q03920,1,0.3370343138853567,0,2,ctd,logistic_regression,42
P32491,P40328,1,0.6342691089502436,1,2,ctd,logistic_regression,42
P33306,Q04439,1,0.583832832183368,1,2,ctd,logistic_regression,42
P06244,P25344,1,0.6918081406434519,1,2,ctd,logistic_regression,42
P32583,P47074,1,0.24313111119071684,0,2,ctd,logistic_regression,42
P35203,P53277,1,0.7644517019456868,1,2,ctd,logistic_regression,42
P05030,P53043,1,0.5867212570196415,1,2,ctd,logistic_regression,42
P41813,P43612,1,0.43453943201305384,0,2,ctd,logistic_regression,42
P54199,Q12522,1,0.6987916684730295,1,2,ctd,logistic_regression,42
P33892,P39968,1,0.642733630587578,1,2,ctd,logistic_regression,42
P25359,Q08004,1,0.36495559026832336,0,2,ctd,logistic_regression,42
P40960,P53082,1,0.37925612124811575,0,2,ctd,logistic_regression,42
Q06604,Q6Q547,1,0.4721093749691615,0,2,ctd,logistic_regression,42
Q05636,Q99207,1,0.39246112748820006,0,2,ctd,logistic_regression,42
P33201,P38903,1,0.6801524468384881,1,2,ctd,logistic_regression,42
P33891,Q06216,1,0.771089576972095,1,2,ctd,logistic_regression,42
P09733,P38989,1,0.6382532663838608,1,2,ctd,logistic_regression,42
P53124,P53861,1,0.5847341725113634,1,2,ctd,logistic_regression,42
P38555,P50277,1,0.6120747976984928,1,2,ctd,logistic_regression,42
P19073,P32480,1,0.23015660306161198,0,2,ctd,logistic_regression,42
P25604,Q05778,1,0.22582485413920367,0,2,ctd,logistic_regression,42
P07262,P18898,1,0.7454394475457948,1,2,ctd,logistic_regression,42
P36124,P43321,1,0.4000383605109852,0,2,ctd,logistic_regression,42
P32481,P53141,1,0.7261384240571099,1,2,ctd,logistic_regression,42
P40413,Q04264,1,0.5423657976740457,1,2,ctd,logistic_regression,42
P40314,Q12301,1,0.35740353664801233,0,2,ctd,logistic_regression,42
P12962,P38324,1,0.8650709526393227,1,2,ctd,logistic_regression,42
P06242,Q07471,1,0.44385437764565955,0,2,ctd,logistic_regression,42
P35203,Q07993,1,0.7292975444410885,1,2,ctd,logistic_regression,42
P24814,P40003,1,0.6606211117908934,1,2,ctd,logistic_regression,42
P36003,P38708,1,0.550311327711193,1,2,ctd,logistic_regression,42
P38989,P53739,1,0.6708424752788946,1,2,ctd,logistic_regression,42
P32774,Q12265,1,0.32376796500289406,0,2,ctd,logistic_regression,42
P38247,P40204,1,0.7449725261403679,1,2,ctd,logistic_regression,42
P28708,Q12107,1,0.672364808473316,1,2,ctd,logistic_regression,42
P38883,P41940,1,0.39592031358538765,0,2,ctd,logistic_regression,42
Q03503,Q04121,1,0.22073967933055136,0,2,ctd,logistic_regression,42
P07260,P14306,1,0.5833508172618677,1,2,ctd,logistic_regression,42
P32457,P36049,1,0.8272803212890263,1,2,ctd,logistic_regression,42
P46678,Q7LIF1,1,0.2563857236001237,0,2,ctd,logistic_regression,42
P31382,P53129,1,0.6113051927107751,1,2,ctd,logistic_regression,42
P20437,P38749,1,0.46720138911606185,0,2,ctd,logistic_regression,42
P38042,P40413,1,0.5406732904128234,1,2,ctd,logistic_regression,42
P32524,Q04217,1,0.7863517427403404,1,2,ctd,logistic_regression,42
P06780,Q12433,1,0.3307053774151423,0,2,ctd,logistic_regression,42
P49334,Q04935,1,0.5129957333210943,1,2,ctd,logistic_regression,42
P02557,P47017,1,0.25082085853953423,0,2,ctd,logistic_regression,42
P38310,P40089,1,0.47126047539591553,0,2,ctd,logistic_regression,42
P14724,Q06406,1,0.1765016453839185,0,2,ctd,logistic_regression,42
P25294,Q04004,1,0.5874123209776883,1,2,ctd,logistic_regression,42
P53739,Q12256,1,0.38084046290720963,0,2,ctd,logistic_regression,42
P32480,Q06648,1,0.37087348966664907,0,2,ctd,logistic_regression,42
P36017,P39742,1,0.6360314340179796,1,2,ctd,logistic_regression,42
P40960,P47089,1,0.3271327147785558,0,2,ctd,logistic_regression,42
P28834,P47116,1,0.7225167740607048,1,2,ctd,logistic_regression,42
P53152,P53622,1,0.5826530686395104,1,2,ctd,logistic_regression,42
P14904,Q12168,1,0.7205430013651675,1,2,ctd,logistic_regression,42
P39107,Q05610,1,0.5230629886750885,1,2,ctd,logistic_regression,42
Q03981,Q08951,1,0.5537586120952936,1,2,ctd,logistic_regression,42
Q08235,Q12250,1,0.7479845090219568,1,2,ctd,logistic_regression,42
P53297,Q06102,1,0.49786148830285987,0,2,ctd,logistic_regression,42
P37296,Q03503,1,0.5193036066775032,1,2,ctd,logistic_regression,42
Q06137,Q12163,1,0.5020406588027262,1,2,ctd,logistic_regression,42
P32598,Q05583,1,0.7403620077512647,1,2,ctd,logistic_regression,42
P07278,P36080,1,0.5013456605901351,1,2,ctd,logistic_regression,42
P09938,P39929,1,0.7151861886762939,1,2,ctd,logistic_regression,42
P19097,P20967,1,0.700661179829483,1,2,ctd,logistic_regression,42
P40561,Q00816,1,0.3886578842170913,0,2,ctd,logistic_regression,42
P53280,Q00955,1,0.6426512509570762,1,2,ctd,logistic_regression,42
P39727,Q08649,1,0.34530664243008663,0,2,ctd,logistic_regression,42
P20133,P32528,1,0.5792492214804772,1,2,ctd,logistic_regression,42
P03965,P53322,1,0.20618599840755175,0,2,ctd,logistic_regression,42
P25333,P37012,1,0.7671250734196654,1,2,ctd,logistic_regression,42
P00899,P05318,1,0.6815634767527172,1,2,ctd,logistic_regression,42
P19145,P25333,1,0.7101889714854551,1,2,ctd,logistic_regression,42
Q01590,Q12098,1,0.6494531603387443,1,2,ctd,logistic_regression,42
P43132,Q12488,1,0.5286490998233486,1,2,ctd,logistic_regression,42
P22219,P53840,1,0.49248385190304106,0,2,ctd,logistic_regression,42
P38967,P40528,1,0.2916185149173334,0,2,ctd,logistic_regression,42
P07260,Q12499,1,0.6836154252041843,1,2,ctd,logistic_regression,42
P38247,Q04491,1,0.7527008471459422,1,2,ctd,logistic_regression,42
P12383,P38692,1,0.5324434397947686,1,2,ctd,logistic_regression,42
P34087,Q12017,1,0.36216714847350956,0,2,ctd,logistic_regression,42
P00546,P38077,1,0.5306704190072412,1,2,ctd,logistic_regression,42
P31688,P35197,1,0.402856805926519,0,2,ctd,logistic_regression,42
P08458,P17157,1,0.44879593829697056,0,2,ctd,logistic_regression,42
Q00684,Q03162,1,0.6064507193473864,1,2,ctd,logistic_regression,42
P53064,Q03012,1,0.407289545338589,0,2,ctd,logistic_regression,42
P19262,P38922,1,0.7246154609565435,1,2,ctd,logistic_regression,42
P31244,P37370,1,0.27043815291290324,0,2,ctd,logistic_regression,42
P50944,P53184,1,0.23347364898061287,0,2,ctd,logistic_regression,42
P35184,Q04121,1,0.3322020492127399,0,2,ctd,logistic_regression,42
P06844,P35497,1,0.647978599787703,1,2,ctd,logistic_regression,42
P50277,Q06137,1,0.6598768269564699,1,2,ctd,logistic_regression,42
P38113,P38315,1,0.44985607448375736,0,2,ctd,logistic_regression,42
P14680,Q12434,1,0.7212729806734615,1,2,ctd,logistic_regression,42
P52910,Q12241,1,0.3323512459936512,0,2,ctd,logistic_regression,42
P47150,Q02804,1,0.16880440582991108,0,2,ctd,logistic_regression,42
P06839,P48239,1,0.5100332486899198,1,2,ctd,logistic_regression,42
P41814,Q02354,1,0.6219775792304234,1,2,ctd,logistic_regression,42
P38931,P53125,1,0.4716995337837004,0,2,ctd,logistic_regression,42
P13856,P53169,1,0.37175000731793595,0,2,ctd,logistic_regression,42
P36421,Q07688,1,0.821840160724634,1,2,ctd,logistic_regression,42
P27637,Q04338,1,0.5448627238703441,1,2,ctd,logistic_regression,42
P53112,Q08273,1,0.6103637649369553,1,2,ctd,logistic_regression,42
P19882,P40202,1,0.7042985817698185,1,2,ctd,logistic_regression,42
P38805,P40096,1,0.6252946110976335,1,2,ctd,logistic_regression,42
P13185,Q12044,1,0.4795318334544798,0,2,ctd,logistic_regression,42
P32639,P36019,1,0.6172534948294538,1,2,ctd,logistic_regression,42
P01149,P12887,1,0.07975841459876269,0,2,ctd,logistic_regression,42
P31244,P32802,1,0.2190522206409018,0,2,ctd,logistic_regression,42
P49686,Q06568,1,0.0947324505159898,0,2,ctd,logistic_regression,42
P13045,P14682,1,0.30267346606259815,0,2,ctd,logistic_regression,42
P28007,P39940,1,0.5355267488273724,1,2,ctd,logistic_regression,42
P05085,P33201,1,0.6045582355711341,1,2,ctd,logistic_regression,42
Q03280,Q12406,1,0.5240422832469667,1,2,ctd,logistic_regression,42
P38700,Q12222,1,0.5219194214734622,1,2,ctd,logistic_regression,42
P07274,Q06406,1,0.33351677977297745,0,2,ctd,logistic_regression,42
P32458,P51601,1,0.5545066297010673,1,2,ctd,logistic_regression,42
P25343,P48566,1,0.5888384506237102,1,2,ctd,logistic_regression,42
P02293,P22219,1,0.6312100343087256,1,2,ctd,logistic_regression,42
P38861,Q07844,1,0.34444629989010533,0,2,ctd,logistic_regression,42
P32607,P48239,1,0.4988859313349524,0,2,ctd,logistic_regression,42
P18888,P41811,1,0.6012559367533549,1,2,ctd,logistic_regression,42
P20459,P35178,1,0.6765974080660213,1,2,ctd,logistic_regression,42
P53267,Q04195,1,0.6431407609865621,1,2,ctd,logistic_regression,42
P12612,P53141,1,0.7600979743298908,1,2,ctd,logistic_regression,42
P38193,Q12248,1,0.1476761288603584,0,2,ctd,logistic_regression,42
P20967,P32939,1,0.43328303733194257,0,2,ctd,logistic_regression,42
P25303,P25342,1,0.5833135416796471,1,2,ctd,logistic_regression,42
Q05785,Q12186,1,0.4356156190618292,0,2,ctd,logistic_regression,42
P53604,Q12248,1,0.13099180681232173,0,2,ctd,logistic_regression,42
P38822,P53094,1,0.47541218050483497,0,2,ctd,logistic_regression,42
P40070,Q05946,1,0.5993492396166731,1,2,ctd,logistic_regression,42
P21306,Q99207,1,0.06446830881636711,0,2,ctd,logistic_regression,42
P13586,P29496,1,0.5582809597144048,1,2,ctd,logistic_regression,42
P32629,P32899,1,0.12292632286919626,0,2,ctd,logistic_regression,42
P05085,Q12107,1,0.671953734427599,1,2,ctd,logistic_regression,42
P54999,Q12347,1,0.853391219421845,1,2,ctd,logistic_regression,42
P22515,P39994,1,0.5320991282692,1,2,ctd,logistic_regression,42
P00817,P41810,1,0.5015206318811618,1,2,ctd,logistic_regression,42
P40413,P47005,1,0.6781213800097788,1,2,ctd,logistic_regression,42
P31374,Q00539,1,0.6312127732788034,1,2,ctd,logistic_regression,42
P32318,P35203,1,0.6984919320797688,1,2,ctd,logistic_regression,42
P47117,Q05947,1,0.38661422909071375,0,2,ctd,logistic_regression,42
O13539,Q04305,1,0.7031613700516725,1,2,ctd,logistic_regression,42
P39550,P53061,1,0.07176728451895016,0,2,ctd,logistic_regression,42
P06105,P28817,1,0.529013614434273,1,2,ctd,logistic_regression,42
P02400,P38194,1,0.7407828162906201,1,2,ctd,logistic_regression,42
P40564,Q02931,1,0.32821893112829104,0,2,ctd,logistic_regression,42
P38805,Q12165,1,0.5120351708525133,1,2,ctd,logistic_regression,42
P38959,Q05947,1,0.4819589850282295,0,2,ctd,logistic_regression,42
Q04660,Q05636,1,0.44580471077866773,0,2,ctd,logistic_regression,42
P18852,P38203,1,0.20885522725734676,0,2,ctd,logistic_regression,42
P25357,Q06604,1,0.5415502610241266,1,2,ctd,logistic_regression,42
P22543,Q12691,1,0.4850056220405377,0,2,ctd,logistic_regression,42
P08964,P32639,1,0.5570372798666623,1,2,ctd,logistic_regression,42
P22147,P25333,1,0.6995635676314279,1,2,ctd,logistic_regression,42
P32501,P32634,1,0.44852988086143597,0,2,ctd,logistic_regression,42
P36094,Q12236,1,0.5201949814886178,1,2,ctd,logistic_regression,42
P53256,Q00955,1,0.8391900113291725,1,2,ctd,logistic_regression,42
P35197,Q04412,1,0.47820170177895754,0,2,ctd,logistic_regression,42
Q00539,Q08966,1,0.5801468711761181,1,2,ctd,logistic_regression,42
P38339,P53011,1,0.7524621007497764,1,2,ctd,logistic_regression,42
P38324,P40339,1,0.6830262312890577,1,2,ctd,logistic_regression,42
P38313,Q06451,1,0.25729092463517345,0,2,ctd,logistic_regression,42
Q04175,Q07915,1,0.301917119918427,0,2,ctd,logistic_regression,42
P40319,Q03691,1,0.10373063114109762,0,2,ctd,logistic_regression,42
P07260,P38805,1,0.8323694130387363,1,2,ctd,logistic_regression,42
P35729,Q12028,1,0.7435991957333669,1,2,ctd,logistic_regression,42
P03965,P22137,1,0.6672308862051455,1,2,ctd,logistic_regression,42
P24482,P46682,1,0.32681210437328784,0,2,ctd,logistic_regression,42
P42884,Q08911,1,0.8198497981050766,1,2,ctd,logistic_regression,42
P12904,Q12344,1,0.4242565751354241,0,2,ctd,logistic_regression,42
P17891,P47104,1,0.3776788448790081,0,2,ctd,logistic_regression,42
P25657,P37012,1,0.5340721052211715,1,2,ctd,logistic_regression,42
P25586,P32364,1,0.7264246409654148,1,2,ctd,logistic_regression,42
P46962,Q04792,1,0.7142417699650755,1,2,ctd,logistic_regression,42
P40340,P53550,1,0.5458448062325101,1,2,ctd,logistic_regression,42
P20424,P38697,1,0.47656290626076553,0,2,ctd,logistic_regression,42
P33333,P40473,1,0.06030903204439068,0,2,ctd,logistic_regression,42
P38862,Q12206,1,0.5541800824556707,1,2,ctd,logistic_regression,42
P43593,P47116,1,0.6915687378848787,1,2,ctd,logistic_regression,42
Q07376,Q12041,1,0.4604076309898593,0,2,ctd,logistic_regression,42
P33750,P48606,1,0.23095290106687846,0,2,ctd,logistic_regression,42
P33755,P47117,1,0.4293401728135889,0,2,ctd,logistic_regression,42
P35728,Q12328,1,0.6355912172555372,1,2,ctd,logistic_regression,42
P38785,Q06078,1,0.4437961488808237,0,2,ctd,logistic_regression,42
P32800,P48232,1,0.25789511505973567,0,2,ctd,logistic_regression,42
P14741,Q12248,1,0.15459768585063532,0,2,ctd,logistic_regression,42
P12904,P19414,1,0.6221690419734238,1,2,ctd,logistic_regression,42
P37370,P39014,1,0.1971526363470997,0,2,ctd,logistic_regression,42
P12688,P33306,1,0.47587051010966325,0,2,ctd,logistic_regression,42
P25635,Q12514,1,0.6077104385605273,1,2,ctd,logistic_regression,42
P53538,Q12161,1,0.224254095822445,0,2,ctd,logistic_regression,42
P00175,Q07824,1,0.2404270752297423,0,2,ctd,logistic_regression,42
Q08729,Q99210,1,0.5609816930210327,1,2,ctd,logistic_regression,42
P53243,P53272,1,0.53626172433896,1,2,ctd,logistic_regression,42
P15992,P40484,1,0.5976077987386914,1,2,ctd,logistic_regression,42
P47042,P53142,1,0.1083709257638753,0,2,ctd,logistic_regression,42
Q04307,Q12050,1,0.08899739614552689,0,2,ctd,logistic_regression,42
P28007,Q12009,1,0.42828072457292926,0,2,ctd,logistic_regression,42
P32790,P51996,1,0.6128269136353506,1,2,ctd,logistic_regression,42
P26793,P53604,1,0.46479672446934345,0,2,ctd,logistic_regression,42
P31244,P40164,1,0.49188868024888105,0,2,ctd,logistic_regression,42
P12383,P25357,1,0.6846809038372893,1,2,ctd,logistic_regression,42
P05626,P57744,1,0.17590084841686474,0,2,ctd,logistic_regression,42
P25646,P38339,1,0.7092906376796082,1,2,ctd,logistic_regression,42
P53859,Q12499,1,0.584092122345356,1,2,ctd,logistic_regression,42
P25370,Q04307,1,0.05824316577634696,0,2,ctd,logistic_regression,42
P17555,P47068,1,0.4389343171276135,0,2,ctd,logistic_regression,42
P17536,P36015,1,0.4185785405273252,0,2,ctd,logistic_regression,42
P33329,P39925,1,0.5771131937580476,1,2,ctd,logistic_regression,42
P28743,P38193,1,0.4583420488794432,0,2,ctd,logistic_regression,42
P38262,Q12026,1,0.7985271007314697,1,2,ctd,logistic_regression,42
P38861,P47160,1,0.43843406149352965,0,2,ctd,logistic_regression,42
P25441,Q03125,1,0.48753571817043045,0,2,ctd,logistic_regression,42
P21801,Q00246,1,0.30140637398451936,0,2,ctd,logistic_regression,42
P35181,Q04005,1,0.3229049586227341,0,2,ctd,logistic_regression,42
P38429,Q03280,1,0.6686849240426712,1,2,ctd,logistic_regression,42
P04147,P21965,1,0.5763777572182407,1,2,ctd,logistic_regression,42
P27514,P38129,1,0.2716530455768923,0,2,ctd,logistic_regression,42
P32450,P38821,1,0.5220147906084383,1,2,ctd,logistic_regression,42
P10869,P36005,1,0.7791514534788841,1,2,ctd,logistic_regression,42
P35178,P53082,1,0.4793459551205471,0,2,ctd,logistic_regression,42
P49573,Q6Q547,1,0.03347579284613693,0,2,ctd,logistic_regression,42
O13539,P36037,1,0.6245499554454383,1,2,ctd,logistic_regression,42
P32854,Q06704,1,0.6571404025239189,1,2,ctd,logistic_regression,42
P27515,Q04062,1,0.6682385801023393,1,2,ctd,logistic_regression,42
P12962,P50945,1,0.5713032342120381,1,2,ctd,logistic_regression,42
Q02767,Q04322,1,0.6690079356271007,1,2,ctd,logistic_regression,42
P08524,Q06409,1,0.6628717063273588,1,2,ctd,logistic_regression,42
P40496,P48568,1,0.37810694314130705,0,2,ctd,logistic_regression,42
P10659,P53965,1,0.552134808556593,1,2,ctd,logistic_regression,42
P53865,Q04562,1,0.31143964719890155,0,2,ctd,logistic_regression,42
P32471,P33311,1,0.39589069157235096,0,2,ctd,logistic_regression,42
P34252,P52488,1,0.6594690831178408,1,2,ctd,logistic_regression,42
P32578,P36103,1,0.462191100338363,0,2,ctd,logistic_regression,42
P38085,Q02895,1,0.4018331780326135,0,2,ctd,logistic_regression,42
P54860,Q02825,1,0.652171498962281,1,2,ctd,logistic_regression,42
P33204,P53248,1,0.5025695220601023,1,2,ctd,logistic_regression,42
P39704,Q12361,1,0.06548523107157099,0,2,ctd,logistic_regression,42
P23642,P52910,1,0.5537282595220513,1,2,ctd,logistic_regression,42
P32389,Q02555,1,0.5301456974229997,1,2,ctd,logistic_regression,42
P53939,Q99181,1,0.6548212570997128,1,2,ctd,logistic_regression,42
P53283,P53886,1,0.2725038490737975,0,2,ctd,logistic_regression,42
P32863,P53236,1,0.5706299250348917,1,2,ctd,logistic_regression,42
P20604,P36162,1,0.5495485363443812,1,2,ctd,logistic_regression,42
P32861,Q08446,1,0.6236421441837835,1,2,ctd,logistic_regression,42
P16862,P53297,1,0.6006014429279359,1,2,ctd,logistic_regression,42
P25615,Q08911,1,0.7358555732946116,1,2,ctd,logistic_regression,42
P13185,P13517,1,0.5363062679915216,1,2,ctd,logistic_regression,42
O13554,Q00416,1,0.4532219015485789,0,2,ctd,logistic_regression,42
P23642,P32591,1,0.48875405662365534,0,2,ctd,logistic_regression,42
P10081,P46947,1,0.6510624586881701,1,2,ctd,logistic_regression,42
P39998,Q03920,1,0.5584214494873195,1,2,ctd,logistic_regression,42
P26754,P39520,1,0.6180770806804313,1,2,ctd,logistic_regression,42
P25615,P47176,1,0.517985585993591,1,2,ctd,logistic_regression,42
P25357,P25555,1,0.7934920299273885,1,2,ctd,logistic_regression,42
P39705,P47176,1,0.31030135814468723,0,2,ctd,logistic_regression,42
P32854,P43619,1,0.8409748169553348,1,2,ctd,logistic_regression,42
P17214,P36144,1,0.5521302116490444,1,2,ctd,logistic_regression,42
P46949,Q02629,1,0.16099494430493147,0,2,ctd,logistic_regression,42
P34253,Q12420,1,0.4620747904116139,0,2,ctd,logistic_regression,42
P15108,P40515,1,0.4407802394645016,0,2,ctd,logistic_regression,42
P32793,P53840,1,0.2335372140569332,0,2,ctd,logistic_regression,42
P14737,Q06665,1,0.510442845111796,1,2,ctd,logistic_regression,42
P38692,P53043,1,0.7121766016083525,1,2,ctd,logistic_regression,42
P18963,P34221,1,0.5054124683999782,1,2,ctd,logistic_regression,42
P18961,P43574,1,0.8400193400726914,1,2,ctd,logistic_regression,42
P20604,P36018,1,0.5898616086764569,1,2,ctd,logistic_regression,42
P08638,P32828,1,0.5709321682474799,1,2,ctd,logistic_regression,42
P21672,P34223,1,0.2542408769475814,0,2,ctd,logistic_regression,42
P20449,P32591,1,0.5066445074918904,1,2,ctd,logistic_regression,42
P38620,Q12447,1,0.23816488902291716,0,2,ctd,logistic_regression,42
P32521,P33418,1,0.5051247554136954,1,2,ctd,logistic_regression,42
P39705,Q06164,1,0.23181339368010262,0,2,ctd,logistic_regression,42
Q02554,Q07657,1,0.6758185507866374,1,2,ctd,logistic_regression,42
P13517,Q08920,1,0.5368459176972833,1,2,ctd,logistic_regression,42
P07170,P11745,1,0.7184333274186545,1,2,ctd,logistic_regression,42
P52891,Q03774,1,0.6127271266869114,1,2,ctd,logistic_regression,42
P35729,Q12277,1,0.7598876800101273,1,2,ctd,logistic_regression,42
P11075,P34216,1,0.4347868138416495,0,2,ctd,logistic_regression,42
P53032,Q12318,1,0.537570872794543,1,2,ctd,logistic_regression,42
P19454,P38987,1,0.4608962992401645,0,2,ctd,logistic_regression,42
P53169,P53267,1,0.3869357830410404,0,2,ctd,logistic_regression,42
P22219,P33419,1,0.6485595991765842,1,2,ctd,logistic_regression,42
P00937,P53600,1,0.47532322175887004,0,2,ctd,logistic_regression,42
P16649,P34162,1,0.347517214521096,0,2,ctd,logistic_regression,42
O13559,P12612,1,0.6538675545568134,1,2,ctd,logistic_regression,42
P38266,Q03220,1,0.6315976258606338,1,2,ctd,logistic_regression,42
P32835,P53185,1,0.6126619206355044,1,2,ctd,logistic_regression,42
P38232,Q03956,1,0.7053490428773425,1,2,ctd,logistic_regression,42
P32505,Q12277,1,0.6335877337593655,1,2,ctd,logistic_regression,42
P38856,P42935,1,0.7420061012653693,1,2,ctd,logistic_regression,42
P32773,P39703,1,0.5011776573210659,1,2,ctd,logistic_regression,42
P53731,Q12129,1,0.5314376324079964,1,2,ctd,logistic_regression,42
P15436,P38624,1,0.6415574566087358,1,2,ctd,logistic_regression,42
P20424,P41805,1,0.5782842426912989,1,2,ctd,logistic_regression,42
P23639,Q08438,1,0.39745575246587495,0,2,ctd,logistic_regression,42
P24482,Q06604,1,0.3428403332706362,0,2,ctd,logistic_regression,42
P38276,Q12424,1,0.56166900094174,1,2,ctd,logistic_regression,42
P38113,P39998,1,0.6097153491933924,1,2,ctd,logistic_regression,42
P40070,P53939,1,0.6403042269121508,1,2,ctd,logistic_regression,42
P50094,P53953,1,0.49593530074504355,0,2,ctd,logistic_regression,42
P21965,Q06164,1,0.319698365591644,0,2,ctd,logistic_regression,42
Q12017,Q99260,1,0.22879874588973712,0,2,ctd,logistic_regression,42
P29056,P34238,1,0.09486027057510511,0,2,ctd,logistic_regression,42
P32600,P40096,1,0.34169299477814763,0,2,ctd,logistic_regression,42
P36047,Q12390,1,0.5512559018066137,1,2,ctd,logistic_regression,42
P20486,P53010,1,0.4043556600203048,0,2,ctd,logistic_regression,42
P33311,P40529,1,0.24343152567269694,0,2,ctd,logistic_regression,42
P02829,P40892,1,0.19971796672960387,0,2,ctd,logistic_regression,42
P40357,Q07986,1,0.0970957435745114,0,2,ctd,logistic_regression,42
P33750,Q03654,1,0.42838769892624473,0,2,ctd,logistic_regression,42
P32945,Q99207,1,0.39928560723863593,0,2,ctd,logistic_regression,42
Q04411,Q12165,1,0.45619505065083227,0,2,ctd,logistic_regression,42
P39707,Q04792,1,0.759130819193566,1,2,ctd,logistic_regression,42
P27692,Q12349,1,0.2148869301291607,0,2,ctd,logistic_regression,42
P33891,Q03690,1,0.6945391176341399,1,2,ctd,logistic_regression,42
P36131,Q03774,1,0.41217482140636136,0,2,ctd,logistic_regression,42
Q04868,Q04921,1,0.4025979133383876,0,2,ctd,logistic_regression,42
P16467,P34160,1,0.5908152740517876,1,2,ctd,logistic_regression,42
P34223,Q06708,1,0.4091661637692105,0,2,ctd,logistic_regression,42
P21339,Q12372,1,0.3527443966282358,0,2,ctd,logistic_regression,42
P38696,P40368,1,0.4983802578533564,0,2,ctd,logistic_regression,42
P38792,Q04934,1,0.6369567494072077,1,2,ctd,logistic_regression,42
P32898,P38793,1,0.4743625821997791,0,2,ctd,logistic_regression,42
P32898,Q07930,1,0.5300281350085019,1,2,ctd,logistic_regression,42
P38301,P43588,1,0.522108732703008,1,2,ctd,logistic_regression,42
P02994,P40541,1,0.6240624965841077,1,2,ctd,logistic_regression,42
P07991,P37296,1,0.7666760237304713,1,2,ctd,logistic_regression,42
Q03048,Q04067,1,0.5587285226080476,1,2,ctd,logistic_regression,42
P47912,Q08972,1,0.5821182347568563,1,2,ctd,logistic_regression,42
P17121,P40554,1,0.7013881178997908,1,2,ctd,logistic_regression,42
P21306,P32607,1,0.05395710519384499,0,2,ctd,logistic_regression,42
P36145,P45819,1,0.7466639420529771,1,2,ctd,logistic_regression,42
P29509,P50094,1,0.5365415455624568,1,2,ctd,logistic_regression,42
P22137,P31244,1,0.6181553052678894,1,2,ctd,logistic_regression,42
P38814,P53905,1,0.5915796217309565,1,2,ctd,logistic_regression,42
P25584,P32607,1,0.5030366940500971,1,2,ctd,logistic_regression,42
P36062,P53168,1,0.5932349036145552,1,2,ctd,logistic_regression,42
P00812,P35688,1,0.5407295301325832,1,2,ctd,logistic_regression,42
P36130,P38254,1,0.6069204911788963,1,2,ctd,logistic_regression,42
P00358,P39531,1,0.6413922591812075,1,2,ctd,logistic_regression,42
P22336,Q06436,1,0.5277959377956741,1,2,ctd,logistic_regression,42
Q04121,Q07896,1,0.16208825381336012,0,2,ctd,logistic_regression,42
P39967,Q05080,1,0.5526974288580148,1,2,ctd,logistic_regression,42
P43583,P46985,1,0.4941533831643496,0,2,ctd,logistic_regression,42
P29295,P36008,1,0.6509539635816767,1,2,ctd,logistic_regression,42
P25344,P30619,1,0.8269008371942862,1,2,ctd,logistic_regression,42
P11075,P36017,1,0.6717339300589608,1,2,ctd,logistic_regression,42
P15303,P25644,1,0.6597781338691777,1,2,ctd,logistic_regression,42
P40462,P43535,1,0.6466732789820461,1,2,ctd,logistic_regression,42
P32447,P33199,1,0.5537131020992411,1,2,ctd,logistic_regression,42
P53125,Q04437,1,0.42400920223012967,0,2,ctd,logistic_regression,42
P14904,P39008,1,0.7636134214343915,1,2,ctd,logistic_regression,42
P25649,P53968,1,0.8803436615485924,1,2,ctd,logistic_regression,42
P33339,P38319,1,0.368584976517196,0,2,ctd,logistic_regression,42
P21243,Q02629,1,0.22289492613191245,0,2,ctd,logistic_regression,42
P32457,P53974,1,0.7239518582741459,1,2,ctd,logistic_regression,42
P19736,P46954,1,0.4451207888610334,0,2,ctd,logistic_regression,42
P35172,P38932,1,0.5316157215904147,1,2,ctd,logistic_regression,42
P25043,P38959,1,0.5893447665428089,1,2,ctd,logistic_regression,42
P00817,P06101,1,0.5682246311097486,1,2,ctd,logistic_regression,42
P53112,P53867,1,0.5130778359448852,1,2,ctd,logistic_regression,42
P38276,P49687,1,0.7324012713302411,1,2,ctd,logistic_regression,42
P35169,P38153,1,0.5574840413060527,1,2,ctd,logistic_regression,42
P35197,P38862,1,0.5083076481967446,1,2,ctd,logistic_regression,42
P10961,P89105,1,0.6644891065085353,1,2,ctd,logistic_regression,42
P35203,Q03973,1,0.4009039359131512,0,2,ctd,logistic_regression,42
P36103,Q05785,1,0.8011731418524826,1,2,ctd,logistic_regression,42
P24279,Q06679,1,0.5910244638006779,1,2,ctd,logistic_regression,42
P20449,P32802,1,0.20279918188164273,0,2,ctd,logistic_regression,42
P38313,Q12028,1,0.784625038451151,1,2,ctd,logistic_regression,42
Q12260,Q12265,1,0.4313167127925003,0,2,ctd,logistic_regression,42
P38287,P47029,1,0.35515870584829,0,2,ctd,logistic_regression,42
P17065,Q06665,1,0.5760710233280495,1,2,ctd,logistic_regression,42
P40477,P47083,1,0.2762948764581566,0,2,ctd,logistic_regression,42
P09064,P41921,1,0.39300015870130567,0,2,ctd,logistic_regression,42
P29465,P40013,1,0.37592969789287806,0,2,ctd,logistic_regression,42
P27637,P40554,1,0.7435924017129946,1,2,ctd,logistic_regression,42
P40061,Q02825,1,0.5444277859712839,1,2,ctd,logistic_regression,42
P51601,P53755,1,0.5882673410144851,1,2,ctd,logistic_regression,42
P40009,Q03012,1,0.37134682049438444,0,2,ctd,logistic_regression,42
P06242,Q03862,1,0.5149011337121565,1,2,ctd,logistic_regression,42
P05986,P53100,1,0.7703295234498104,1,2,ctd,logistic_regression,42
P21268,P36022,1,0.5835450123525612,1,2,ctd,logistic_regression,42
P32525,P38555,1,0.6070011540417521,1,2,ctd,logistic_regression,42
P38193,P52919,1,0.3513636361112332,0,2,ctd,logistic_regression,42
P05085,P38636,1,0.5629442150729241,1,2,ctd,logistic_regression,42
P00359,Q04693,1,0.46165407934775804,0,2,ctd,logistic_regression,42
P38696,Q03330,1,0.6152923998759394,1,2,ctd,logistic_regression,42
O13539,P32502,1,0.6872412056862751,1,2,ctd,logistic_regression,42
P53091,P53202,1,0.5031702414740438,1,2,ctd,logistic_regression,42
P11484,P25389,1,0.44931018766254804,0,2,ctd,logistic_regression,42
Q04749,Q12315,1,0.6355735976903599,1,2,ctd,logistic_regression,42
P32490,P40186,1,0.7585479085893535,1,2,ctd,logistic_regression,42
P27796,P38871,1,0.6970956499476795,1,2,ctd,logistic_regression,42
P34234,P47064,1,0.7777717067200265,1,2,ctd,logistic_regression,42
P38871,P47134,1,0.7296712174341328,1,2,ctd,logistic_regression,42
P36018,Q07657,1,0.48720870077497686,0,2,ctd,logistic_regression,42
P38853,P39715,1,0.7138406548019559,1,2,ctd,logistic_regression,42
P32505,P36080,1,0.6949505066800139,1,2,ctd,logistic_regression,42
P40554,Q02804,1,0.0983473117275008,0,2,ctd,logistic_regression,42
P33313,P53049,1,0.2770370328103616,0,2,ctd,logistic_regression,42
P23639,Q06163,1,0.28315420891904236,0,2,ctd,logistic_regression,42
P50105,Q12495,1,0.8032388664011118,1,2,ctd,logistic_regression,42
P12868,P32458,1,0.4216526734173133,0,2,ctd,logistic_regression,42
P40564,Q03220,1,0.19342375479999432,0,2,ctd,logistic_regression,42
P24871,P38889,1,0.6881583582636502,1,2,ctd,logistic_regression,42
P23639,Q02825,1,0.41730323138240355,0,2,ctd,logistic_regression,42
P39904,P40574,1,0.5322361551959232,1,2,ctd,logistic_regression,42
P43562,P50090,1,0.1596358690838203,0,2,ctd,logistic_regression,42
P38806,P40555,1,0.7119644991022883,1,2,ctd,logistic_regression,42
P34909,P39936,1,0.5389656088250097,1,2,ctd,logistic_regression,42
P23202,Q12206,1,0.4006469054627119,0,2,ctd,logistic_regression,42
P00812,Q12134,1,0.7602058933698227,1,2,ctd,logistic_regression,42
P53743,Q05900,1,0.7391843860968639,1,2,ctd,logistic_regression,42
P40494,Q02630,1,0.48829987647588535,0,2,ctd,logistic_regression,42
P05085,P09032,1,0.4349424598036309,0,2,ctd,logistic_regression,42
P09032,Q03322,1,0.6607910612976855,1,2,ctd,logistic_regression,42
P36421,P53829,1,0.5944090523033033,1,2,ctd,logistic_regression,42
P35728,Q92317,1,0.1714953409530515,0,2,ctd,logistic_regression,42
P26263,P40078,1,0.702994809392461,1,2,ctd,logistic_regression,42
P29366,P53965,1,0.5404751144900344,1,2,ctd,logistic_regression,42
P39723,Q06102,1,0.3451571441355017,0,2,ctd,logistic_regression,42
P20434,P42841,1,0.6434337401198222,1,2,ctd,logistic_regression,42
P40055,Q06151,1,0.5155930494277632,1,2,ctd,logistic_regression,42
P32562,Q00776,1,0.6116767727276919,1,2,ctd,logistic_regression,42
P32895,P39925,1,0.2870659429916298,0,2,ctd,logistic_regression,42
P19454,P19735,1,0.6436034952431582,1,2,ctd,logistic_regression,42
P53604,Q07376,1,0.4009431683035277,0,2,ctd,logistic_regression,42
P29340,P32911,1,0.7991306115762583,1,2,ctd,logistic_regression,42
P38863,P47176,1,0.3877301880858299,0,2,ctd,logistic_regression,42
P08153,Q06151,1,0.5579619341945699,1,2,ctd,logistic_regression,42
P36015,Q04264,1,0.3126387357279947,0,2,ctd,logistic_regression,42
Q03497,Q06696,1,0.6826892443549566,1,2,ctd,logistic_regression,42
P49166,Q04562,1,0.770769191277572,1,2,ctd,logistic_regression,42
P09734,P39111,1,0.6989034994445774,1,2,ctd,logistic_regression,42
P39547,P53176,1,0.36315742069305906,0,2,ctd,logistic_regression,42
P38149,P53953,1,0.540992645158409,1,2,ctd,logistic_regression,42
P38293,P38793,1,0.7142721785383438,1,2,ctd,logistic_regression,42
P38862,Q02196,1,0.660284177781689,1,2,ctd,logistic_regression,42
P36094,P38705,1,0.37049563221536397,0,2,ctd,logistic_regression,42
P11745,P22202,1,0.7598302681432014,1,2,ctd,logistic_regression,42
Q04005,Q12469,1,0.37211230521385996,0,2,ctd,logistic_regression,42
P40482,Q99181,1,0.5377148486719143,1,2,ctd,logistic_regression,42
P14359,Q06340,1,0.8064169254675398,1,2,ctd,logistic_regression,42
P32349,P53552,1,0.48901035485604816,0,2,ctd,logistic_regression,42
P27515,Q12468,1,0.6911205032458111,1,2,ctd,logistic_regression,42
P46957,P53277,1,0.5057494702420194,1,2,ctd,logistic_regression,42
P23301,P36080,1,0.5025173029358287,1,2,ctd,logistic_regression,42
P32495,Q08144,1,0.6178973801913947,1,2,ctd,logistic_regression,42
P23059,P40468,1,0.7445861766541516,1,2,ctd,logistic_regression,42
P32588,P40960,1,0.30192709228738424,0,2,ctd,logistic_regression,42
P32345,P35182,1,0.5718342321387495,1,2,ctd,logistic_regression,42
P34253,P38863,1,0.43941681207957883,0,2,ctd,logistic_regression,42
P33301,P47166,1,0.46734601414909255,0,2,ctd,logistic_regression,42
P53622,Q06142,1,0.5191032292899794,1,2,ctd,logistic_regression,42
P41277,Q06324,1,0.44609036488159104,0,2,ctd,logistic_regression,42
P32504,P40991,1,0.4869758007777308,0,2,ctd,logistic_regression,42
P32581,P53252,1,0.4565048888430271,0,2,ctd,logistic_regression,42
P33419,Q99181,1,0.6126376441211667,1,2,ctd,logistic_regression,42
P38261,P53313,1,0.5006494529905473,1,2,ctd,logistic_regression,42
P04819,P16547,1,0.3892162264336288,0,2,ctd,logistic_regression,42
P38165,Q05785,1,0.6785025761770249,1,2,ctd,logistic_regression,42
Q00772,Q08902,1,0.1485315154613982,0,2,ctd,logistic_regression,42
P32598,P38301,1,0.5952723433871586,1,2,ctd,logistic_regression,42
P25451,P47068,1,0.3570032904308568,0,2,ctd,logistic_regression,42
P09624,P19414,1,0.7531144283825375,1,2,ctd,logistic_regression,42
P39079,P53941,1,0.49853302986104525,0,2,ctd,logistic_regression,42
P15873,P53082,1,0.4149243874828804,0,2,ctd,logistic_regression,42
P33299,P38273,1,0.48263544903695527,0,2,ctd,logistic_regression,42
P20433,P46985,1,0.3707201106262289,0,2,ctd,logistic_regression,42
P53855,Q12280,1,0.6966274530947725,1,2,ctd,logistic_regression,42
P21268,Q12518,1,0.5082519142286076,1,2,ctd,logistic_regression,42
P29465,Q03897,1,0.4794930752690438,0,2,ctd,logistic_regression,42
P16522,Q04226,1,0.4746026674507735,0,2,ctd,logistic_regression,42
P53209,P53740,1,0.44354679184124507,0,2,ctd,logistic_regression,42
P32854,Q12206,1,0.5267274666837911,1,2,ctd,logistic_regression,42
P26793,P38042,1,0.48973310354917243,0,2,ctd,logistic_regression,42
P02309,P39954,1,0.1107884642240039,0,2,ctd,logistic_regression,42
P10869,P38200,1,0.5857713027134894,1,2,ctd,logistic_regression,42
P11978,Q08685,1,0.4995176011434828,0,2,ctd,logistic_regression,42
P05318,Q07528,1,0.8279977045409452,1,2,ctd,logistic_regression,42
P38723,Q12450,1,0.047726923468852704,0,2,ctd,logistic_regression,42
Q00362,Q12142,1,0.5450174943090991,1,2,ctd,logistic_regression,42
P00817,P32786,1,0.49258335898145655,0,2,ctd,logistic_regression,42
P38555,Q06108,1,0.5942056898031878,1,2,ctd,logistic_regression,42
P38636,Q07732,1,0.4757424800713572,0,2,ctd,logistic_regression,42
P18888,P52910,1,0.4301258569609765,0,2,ctd,logistic_regression,42
P46672,Q03071,1,0.7505850293603905,1,2,ctd,logistic_regression,42
P40202,Q05610,1,0.44199622850261816,0,2,ctd,logistic_regression,42
P00958,P19735,1,0.5228004675608658,1,2,ctd,logistic_regression,42
P40054,Q07478,1,0.811722217162369,1,2,ctd,logistic_regression,42
P35181,P41813,1,0.4060094397921965,0,2,ctd,logistic_regression,42
P22213,Q04921,1,0.633796569468313,1,2,ctd,logistic_regression,42
Q00684,Q05785,1,0.6946650855064064,1,2,ctd,logistic_regression,42
P38631,Q06673,1,0.41010818920101544,0,2,ctd,logistic_regression,42
P33399,P40303,1,0.17653597612609695,0,2,ctd,logistic_regression,42
P36027,P38130,1,0.04200911499124845,0,2,ctd,logistic_regression,42
P33891,Q04053,1,0.7675030597426553,1,2,ctd,logistic_regression,42
P32601,Q12118,1,0.5974892549636273,1,2,ctd,logistic_regression,42
P47135,Q12055,1,0.8437197903829423,1,2,ctd,logistic_regression,42
P17065,Q04411,1,0.5296902104553497,1,2,ctd,logistic_regression,42
P40087,P40314,1,0.6299936536469308,1,2,ctd,logistic_regression,42
P25558,Q04067,1,0.738800179861868,1,2,ctd,logistic_regression,42
P25491,P38697,1,0.5614632976525923,1,2,ctd,logistic_regression,42
P21705,P33122,1,0.5601983166826062,1,2,ctd,logistic_regression,42
P20433,P49955,1,0.41685011300846403,0,2,ctd,logistic_regression,42
Q00955,Q03010,1,0.7117346910573915,1,2,ctd,logistic_regression,42
P28795,P53290,1,0.6910847599312284,1,2,ctd,logistic_regression,42
P32861,P53124,1,0.5037780241698532,1,2,ctd,logistic_regression,42
P14904,P25657,1,0.4856176418968154,0,2,ctd,logistic_regression,42
P04076,P40204,1,0.7091126625148055,1,2,ctd,logistic_regression,42
P19097,P53290,1,0.8439712464970992,1,2,ctd,logistic_regression,42
P33201,P36068,1,0.5445103240499279,1,2,ctd,logistic_regression,42
P25515,Q04439,1,0.6067958437499613,1,2,ctd,logistic_regression,42
P00359,Q06412,1,0.6144807790066883,1,2,ctd,logistic_regression,42
P26793,P40573,1,0.3737086540432209,0,2,ctd,logistic_regression,42
P40991,Q00723,1,0.6446132301916914,1,2,ctd,logistic_regression,42
P12954,Q08096,1,0.3779485567447494,0,2,ctd,logistic_regression,42
P34223,Q03784,1,0.3279691806278401,0,2,ctd,logistic_regression,42
P21306,P41921,1,0.07720013072199752,0,2,ctd,logistic_regression,42
P38622,P53197,1,0.6305017836764774,1,2,ctd,logistic_regression,42
Q02554,Q04087,1,0.400156179420196,0,2,ctd,logistic_regression,42
P14126,Q06406,1,0.6830173149423796,1,2,ctd,logistic_regression,42
P53974,Q04651,1,0.3417713422537574,0,2,ctd,logistic_regression,42
P32867,P40461,1,0.7086196840321828,1,2,ctd,logistic_regression,42
P38850,P39563,1,0.2699290800772132,0,2,ctd,logistic_regression,42
P30283,P39101,1,0.5560183039224595,1,2,ctd,logistic_regression,42
P35194,P53893,1,0.6030178941844143,1,2,ctd,logistic_regression,42
P41808,Q12045,1,0.6418249655697377,1,2,ctd,logistic_regression,42
P23255,P36120,1,0.57029693555354,1,2,ctd,logistic_regression,42
P17065,Q03012,1,0.6149705138240773,1,2,ctd,logistic_regression,42
P38886,P53859,1,0.6725365718143648,1,2,ctd,logistic_regression,42
P13186,P38737,1,0.6364163843009708,1,2,ctd,logistic_regression,42
O14467,P40529,1,0.7562859235084428,1,2,ctd,logistic_regression,42
P47079,Q03782,1,0.5011623797431426,1,2,ctd,logistic_regression,42
P25648,P52491,1,0.46778657562147785,0,2,ctd,logistic_regression,42
P28007,P39531,1,0.35456478090130367,0,2,ctd,logistic_regression,42
P46954,P54784,1,0.4001068699782671,0,2,ctd,logistic_regression,42
P32500,Q06708,1,0.37588089094789917,0,2,ctd,logistic_regression,42
P16140,P23644,1,0.3875919943039345,0,2,ctd,logistic_regression,42
P27999,P53212,1,0.25729070671896764,0,2,ctd,logistic_regression,42
P08018,P39523,1,0.6759990408356731,1,2,ctd,logistic_regression,42
P35177,P36121,1,0.4514270874916452,0,2,ctd,logistic_regression,42
P38788,P40507,1,0.549696334994863,1,2,ctd,logistic_regression,42
P43637,P53169,1,0.6153776632751962,1,2,ctd,logistic_regression,42
P32867,Q08972,1,0.6644338733284494,1,2,ctd,logistic_regression,42
P29340,P33334,1,0.781978780813277,1,2,ctd,logistic_regression,42
P17123,P48606,1,0.2836939190138706,0,2,ctd,logistic_regression,42
P48582,P53905,1,0.25857578581630425,0,2,ctd,logistic_regression,42
P38316,Q08956,1,0.8511568960890811,1,2,ctd,logistic_regression,42
P07269,P20604,1,0.6072015424393925,1,2,ctd,logistic_regression,42
P32495,P53905,1,0.6486362906608807,1,2,ctd,logistic_regression,42
P40484,P53861,1,0.7188348058182229,1,2,ctd,logistic_regression,42
P16861,P32523,1,0.3190802697685556,0,2,ctd,logistic_regression,42
P09440,P38883,1,0.6445584984003269,1,2,ctd,logistic_regression,42
P50111,P53859,1,0.6111375627621592,1,2,ctd,logistic_regression,42
P32807,Q08204,1,0.5929811317042829,1,2,ctd,logistic_regression,42
P32366,P32497,1,0.5312480114437704,1,2,ctd,logistic_regression,42
P14907,P39682,1,0.29917527004603367,0,2,ctd,logistic_regression,42
P46655,Q04264,1,0.5504409732481488,1,2,ctd,logistic_regression,42
P39682,P40483,1,0.4882942093668249,0,2,ctd,logistic_regression,42
P36012,P52891,1,0.5625294140149109,1,2,ctd,logistic_regression,42
P09959,P36000,1,0.599591161704418,1,2,ctd,logistic_regression,42
P20438,P48239,1,0.7830471065370319,1,2,ctd,logistic_regression,42
P32607,Q12433,1,0.25283338849347914,0,2,ctd,logistic_regression,42
P34217,P41697,1,0.7802698156359321,1,2,ctd,logistic_regression,42
P21374,P38726,1,0.194115266632717,0,2,ctd,logistic_regression,42
P25558,P38247,1,0.78464262650267,1,2,ctd,logistic_regression,42
P32447,Q12473,1,0.47078159330531427,0,2,ctd,logistic_regression,42
P09798,P48582,1,0.5440843476415879,1,2,ctd,logistic_regression,42
P25584,P33891,1,0.5555770392687334,1,2,ctd,logistic_regression,42
P38339,P50113,1,0.6826519536996252,1,2,ctd,logistic_regression,42
P38310,Q03162,1,0.5158006252627739,1,2,ctd,logistic_regression,42
P32598,Q07887,1,0.4942719568434187,0,2,ctd,logistic_regression,42
P25342,P32773,1,0.5255612473243023,1,2,ctd,logistic_regression,42
Q03330,Q03792,1,0.6030661752890923,1,2,ctd,logistic_regression,42
P53145,Q03654,1,0.4658463992041713,0,2,ctd,logistic_regression,42
P39735,Q12495,1,0.5551597050422133,1,2,ctd,logistic_regression,42
P07149,P07258,1,0.5332707154197335,1,2,ctd,logistic_regression,42
P26755,Q03208,1,0.5759089058737592,1,2,ctd,logistic_regression,42
Q04233,Q99207,1,0.4996710809170098,0,2,ctd,logistic_regression,42
O13559,P47165,1,0.619302682121513,1,2,ctd,logistic_regression,42
P21691,P36100,1,0.31439959587305233,0,2,ctd,logistic_regression,42
P32895,P32945,1,0.590128490280464,1,2,ctd,logistic_regression,42
P08678,P28239,1,0.7525476670056127,1,2,ctd,logistic_regression,42
P25515,P47150,1,0.5751992423422017,1,2,ctd,logistic_regression,42
P32908,Q08387,1,0.598121737860865,1,2,ctd,logistic_regression,42
P39111,Q12236,1,0.5076926056639767,1,2,ctd,logistic_regression,42
P04386,P43572,1,0.5573624007980628,1,2,ctd,logistic_regression,42
P42846,P53886,1,0.4143188479707363,0,2,ctd,logistic_regression,42
P00958,P02829,1,0.544615781229288,1,2,ctd,logistic_regression,42
P42846,Q12517,1,0.49589029300800147,0,2,ctd,logistic_regression,42
P38757,P38837,1,0.2588710340579741,0,2,ctd,logistic_regression,42
P35688,Q00416,1,0.45621414918954617,0,2,ctd,logistic_regression,42
P21182,P49435,1,0.6669178991153581,1,2,ctd,logistic_regression,42
P32485,P53254,1,0.6174283518725108,1,2,ctd,logistic_regression,42
P40091,Q12018,1,0.734590503205021,1,2,ctd,logistic_regression,42
P31384,P53082,1,0.7771523860567274,1,2,ctd,logistic_regression,42
P35734,P39929,1,0.8401907832656855,1,2,ctd,logistic_regression,42
P20081,Q07915,1,0.7124064208526556,1,2,ctd,logistic_regression,42
P38999,Q00582,1,0.5951360774854798,1,2,ctd,logistic_regression,42
P39723,Q12494,1,0.6739593772489895,1,2,ctd,logistic_regression,42
P53886,Q12518,1,0.535884544414484,1,2,ctd,logistic_regression,42
P18961,P39107,1,0.7504127554719324,1,2,ctd,logistic_regression,42
P41800,P50086,1,0.828927168955448,1,2,ctd,logistic_regression,42
P13712,P46947,1,0.446346350775326,0,2,ctd,logistic_regression,42
P38301,P47089,1,0.4874033208407546,0,2,ctd,logistic_regression,42
P13856,P53256,1,0.5330661724974031,1,2,ctd,logistic_regression,42
Q02892,Q06108,1,0.5716805825664184,1,2,ctd,logistic_regression,42
P24870,Q00582,1,0.4083911187339476,0,2,ctd,logistic_regression,42
P43612,P53010,1,0.5633593350773141,1,2,ctd,logistic_regression,42
Q04199,Q12417,1,0.7621420891247231,1,2,ctd,logistic_regression,42
P13185,P46985,1,0.599453501053655,1,2,ctd,logistic_regression,42
P22216,P47057,1,0.7313517477540383,1,2,ctd,logistic_regression,42
Q03768,Q12276,1,0.8195961290803422,1,2,ctd,logistic_regression,42
P00560,P53754,1,0.7384664808389778,1,2,ctd,logistic_regression,42
P38261,Q12186,1,0.6752412815545984,1,2,ctd,logistic_regression,42
Q03898,Q05670,1,0.5364550124494215,1,2,ctd,logistic_regression,42
P33331,P50278,1,0.8659323066070765,1,2,ctd,logistic_regression,42
P38042,Q12494,1,0.47659504373897293,0,2,ctd,logistic_regression,42
P40959,P47029,1,0.6196573397014575,1,2,ctd,logistic_regression,42
Q08729,Q12009,1,0.35168986784828277,0,2,ctd,logistic_regression,42
P34223,Q06704,1,0.5901774099854374,1,2,ctd,logistic_regression,42
P32836,Q04110,1,0.5117002995070022,1,2,ctd,logistic_regression,42
P32527,P36139,1,0.3840776320350851,0,2,ctd,logistic_regression,42
P32328,Q07623,1,0.8446954089986477,1,2,ctd,logistic_regression,42
P23644,Q03900,1,0.4358407138528778,0,2,ctd,logistic_regression,42
P38291,P53731,1,0.39748295399817907,0,2,ctd,logistic_regression,42
P32328,Q12318,1,0.5349149089122054,1,2,ctd,logistic_regression,42
P32945,P50091,1,0.3192183079470565,0,2,ctd,logistic_regression,42
P37012,P53604,1,0.4960731568347326,0,2,ctd,logistic_regression,42
P01120,P47120,1,0.6316751091398939,1,2,ctd,logistic_regression,42
P46675,P46963,1,0.7024773138519645,1,2,ctd,logistic_regression,42
P33891,P38634,1,0.523959196096828,1,2,ctd,logistic_regression,42
P32610,P35729,1,0.6209234330393217,1,2,ctd,logistic_regression,42
P11747,P47049,1,0.4006381658399267,0,2,ctd,logistic_regression,42
P18961,P40038,1,0.7424371912039733,1,2,ctd,logistic_regression,42
P20606,P47113,1,0.7688271937056862,1,2,ctd,logistic_regression,42
P38623,P38716,1,0.5695814609921972,1,2,ctd,logistic_regression,42
P33891,P39984,1,0.7386353371140371,1,2,ctd,logistic_regression,42
P43321,Q12390,1,0.27450588744525173,0,2,ctd,logistic_regression,42
P19097,P40965,1,0.7568982104660268,1,2,ctd,logistic_regression,42
P17555,P40565,1,0.6146760725910416,1,2,ctd,logistic_regression,42
P32471,P36085,1,0.5570701826273275,1,2,ctd,logistic_regression,42
P19145,Q04003,1,0.3072095820347265,0,2,ctd,logistic_regression,42
P34240,P35056,1,0.6415408977954233,1,2,ctd,logistic_regression,42
P02994,P38726,1,0.39358089850613565,0,2,ctd,logistic_regression,42
P14907,Q12241,1,0.32254171563976386,0,2,ctd,logistic_regression,42
P38203,P48566,1,0.20305348428252282,0,2,ctd,logistic_regression,42
P40328,P40567,1,0.7192396924538946,1,2,ctd,logistic_regression,42
P46655,Q6Q547,1,0.8072432724979028,1,2,ctd,logistic_regression,42
P11978,P40958,1,0.5390846986998098,1,2,ctd,logistic_regression,42
P53743,Q99394,1,0.8664279011787532,1,2,ctd,logistic_regression,42
P32854,P36145,1,0.6857517872794786,1,2,ctd,logistic_regression,42
P17536,P47083,1,0.5707784002668828,1,2,ctd,logistic_regression,42
P19145,P25655,1,0.3349858916276796,0,2,ctd,logistic_regression,42
P38324,P50278,1,0.6181642719926312,1,2,ctd,logistic_regression,42
P34160,Q99394,1,0.6325745909566735,1,2,ctd,logistic_regression,42
P38889,Q06160,1,0.6511745894811364,1,2,ctd,logistic_regression,42
P36118,Q12151,1,0.5854620482725239,1,2,ctd,logistic_regression,42
P32581,Q12518,1,0.705670265136404,1,2,ctd,logistic_regression,42
P25360,P48837,1,0.2038641921883776,0,2,ctd,logistic_regression,42
P34164,P47041,1,0.5930652232996689,1,2,ctd,logistic_regression,42
P20604,P25367,1,0.562054357158842,1,2,ctd,logistic_regression,42
Q03455,Q06815,1,0.3723309248178988,0,2,ctd,logistic_regression,42
P15790,P46672,1,0.7462126754412888,1,2,ctd,logistic_regression,42
Q07508,Q12341,1,0.6124897912966636,1,2,ctd,logistic_regression,42
P39960,Q12276,1,0.6033692927482964,1,2,ctd,logistic_regression,42
P15790,P38627,1,0.7283379167636467,1,2,ctd,logistic_regression,42
P13663,P25294,1,0.663447357254567,1,2,ctd,logistic_regression,42
P25604,P32855,1,0.6758703478951973,1,2,ctd,logistic_regression,42
P48234,Q06554,1,0.47823160582360585,0,2,ctd,logistic_regression,42
P40202,P42935,1,0.5404574451816123,1,2,ctd,logistic_regression,42
P10964,P52488,1,0.5627186719738486,1,2,ctd,logistic_regression,42
P17255,P39723,1,0.49064177883916227,0,2,ctd,logistic_regression,42
P07834,P52919,1,0.6054014893704693,1,2,ctd,logistic_regression,42
P53094,P53845,1,0.45105624637042724,0,2,ctd,logistic_regression,42
P25360,P43637,1,0.5653077798302437,1,2,ctd,logistic_regression,42
P20424,P53965,1,0.49424405210359995,0,2,ctd,logistic_regression,42
Q12006,Q12372,1,0.3547043624591489,0,2,ctd,logistic_regression,42
P38132,Q08963,1,0.7116739518786299,1,2,ctd,logistic_regression,42
P47005,Q08496,1,0.5774793364205079,1,2,ctd,logistic_regression,42
Q08746,Q99176,1,0.7785597252170083,1,2,ctd,logistic_regression,42
P23255,P38867,1,0.5393056845267267,1,2,ctd,logistic_regression,42
P32345,Q00582,1,0.35245140563530275,0,2,ctd,logistic_regression,42
P40079,Q07786,1,0.6597405084590325,1,2,ctd,logistic_regression,42
P53145,Q04264,1,0.5499462403902537,1,2,ctd,logistic_regression,42
Q04675,Q06436,1,0.46809917353461006,0,2,ctd,logistic_regression,42
P38013,P52286,1,0.5707475134185226,1,2,ctd,logistic_regression,42
P17555,P53011,1,0.5774147498461107,1,2,ctd,logistic_regression,42
P25303,P50275,1,0.6211929404212111,1,2,ctd,logistic_regression,42
P00445,P53254,1,0.2662401223264223,0,2,ctd,logistic_regression,42
P53750,Q08562,1,0.5174470833127139,1,2,ctd,logistic_regression,42
P19145,Q12256,1,0.39326517880661266,0,2,ctd,logistic_regression,42
Q08285,Q12220,1,0.5680724897987567,1,2,ctd,logistic_regression,42
P41807,Q08951,1,0.6138605691657526,1,2,ctd,logistic_regression,42
P25299,P26755,1,0.3082186659567201,0,2,ctd,logistic_regression,42
P38829,Q07471,1,0.5520605987647735,1,2,ctd,logistic_regression,42
P38358,P38631,1,0.21256951662036844,0,2,ctd,logistic_regression,42
P13663,P53286,1,0.4002096191703643,0,2,ctd,logistic_regression,42
P07270,Q03656,1,0.43645148544425916,0,2,ctd,logistic_regression,42
P36034,Q92316,1,0.1292510155108606,0,2,ctd,logistic_regression,42
P06242,P38208,1,0.3884978381632622,0,2,ctd,logistic_regression,42
P21192,P38904,1,0.6447722116994759,1,2,ctd,logistic_regression,42
P38862,Q04491,1,0.6456513056974743,1,2,ctd,logistic_regression,42
P47165,Q05947,1,0.5432262246213,1,2,ctd,logistic_regression,42
P32525,P48566,1,0.35155870606747225,0,2,ctd,logistic_regression,42
P34241,P38931,1,0.4756897838701686,0,2,ctd,logistic_regression,42
P08524,P38283,1,0.6957052083082895,1,2,ctd,logistic_regression,42
P16862,P40507,1,0.4512725946394323,0,2,ctd,logistic_regression,42
P22133,Q02630,1,0.3443335017587835,0,2,ctd,logistic_regression,42
P16521,P36103,1,0.6159377641748743,1,2,ctd,logistic_regression,42
P32916,P35210,1,0.43219248106535524,0,2,ctd,logistic_regression,42
P14164,P22336,1,0.6261857797605537,1,2,ctd,logistic_regression,42
P35688,Q00764,1,0.5051272600846556,1,2,ctd,logistic_regression,42
P25649,P40362,1,0.752437133601847,1,2,ctd,logistic_regression,42
P38265,P47049,1,0.30695593223148404,0,2,ctd,logistic_regression,42
P11710,P32319,1,0.11165074739158817,0,2,ctd,logistic_regression,42
P32354,P47822,1,0.6283146069159438,1,2,ctd,logistic_regression,42
P38720,P43568,1,0.48961143057794065,0,2,ctd,logistic_regression,42
P35194,P36047,1,0.4978839579900959,0,2,ctd,logistic_regression,42
P06100,P23059,1,0.7335399467049717,1,2,ctd,logistic_regression,42
P15705,Q08921,1,0.3742150284113729,0,2,ctd,logistic_regression,42
P06773,P33399,1,0.4748286869248862,0,2,ctd,logistic_regression,42
Q03619,Q04978,1,0.7609121223447947,1,2,ctd,logistic_regression,42
P22141,P53277,1,0.3424501333001163,0,2,ctd,logistic_regression,42
P07347,P14747,1,0.5310306622447049,1,2,ctd,logistic_regression,42
P41810,Q03900,1,0.5762325263793181,1,2,ctd,logistic_regression,42
P00812,Q03790,1,0.4373457002302872,0,2,ctd,logistic_regression,42
P15790,P50275,1,0.7278415412419837,1,2,ctd,logistic_regression,42
P04147,P33338,1,0.668195147955578,1,2,ctd,logistic_regression,42
P53955,Q08729,1,0.5654659892904607,1,2,ctd,logistic_regression,42
P25575,P27895,1,0.5301807764752023,1,2,ctd,logistic_regression,42
P32939,P40561,1,0.32760798886189874,0,2,ctd,logistic_regression,42
P38996,Q12241,1,0.6811491568664966,1,2,ctd,logistic_regression,42
P40563,P47122,1,0.4691865858420408,0,2,ctd,logistic_regression,42
P38555,Q07824,1,0.2864372641896662,0,2,ctd,logistic_regression,42
P40078,P53930,1,0.7147435432131803,1,2,ctd,logistic_regression,42
P36103,P53064,1,0.4568388606876937,0,2,ctd,logistic_regression,42
P53971,Q00776,1,0.2567887658891442,0,2,ctd,logistic_regression,42
P40512,Q08444,1,0.4098776863919813,0,2,ctd,logistic_regression,42
P30619,Q03503,1,0.3714029628881975,0,2,ctd,logistic_regression,42
P12695,Q01217,1,0.40417533969661623,0,2,ctd,logistic_regression,42
P27692,P40456,1,0.43466547502860164,0,2,ctd,logistic_regression,42
P32634,Q12329,1,0.4353654773169058,0,2,ctd,logistic_regression,42
P53750,Q12102,1,0.6382158990227671,1,2,ctd,logistic_regression,42
P10659,Q04031,1,0.4846316832221033,0,2,ctd,logistic_regression,42
P32565,P38989,1,0.6640813897429191,1,2,ctd,logistic_regression,42
P28708,P47017,1,0.3020938403293424,0,2,ctd,logistic_regression,42
O13539,Q08491,1,0.6498122185043893,1,2,ctd,logistic_regression,42
P40328,Q03558,1,0.7213610713310752,1,2,ctd,logistic_regression,42
P36124,Q04217,1,0.42446684990811834,0,2,ctd,logistic_regression,42
P32591,P38749,1,0.5488705090628162,1,2,ctd,logistic_regression,42
Q04002,Q07468,1,0.5213134814414518,1,2,ctd,logistic_regression,42
P25341,P38785,1,0.6423460933554022,1,2,ctd,logistic_regression,42
P38329,P51996,1,0.4492501349191859,0,2,ctd,logistic_regression,42
P38999,P40465,1,0.6875497287613176,1,2,ctd,logistic_regression,42
P36068,Q08119,1,0.7295348874861827,1,2,ctd,logistic_regression,42
P38264,Q12349,1,0.12476491426003251,0,2,ctd,logistic_regression,42
P38998,Q12306,1,0.35683431255667847,0,2,ctd,logistic_regression,42
P37370,P38634,1,0.4400229500113251,0,2,ctd,logistic_regression,42
P39079,P43592,1,0.5372493547903202,1,2,ctd,logistic_regression,42
P40079,Q04272,1,0.841914216630029,1,2,ctd,logistic_regression,42
P23202,P32873,1,0.6796436799620966,1,2,ctd,logistic_regression,42
P43639,Q04199,1,0.7207964374055379,1,2,ctd,logistic_regression,42
P41896,Q12004,1,0.5464848166962912,1,2,ctd,logistic_regression,42
P40479,Q12433,1,0.3262229153310281,0,2,ctd,logistic_regression,42
P32773,P40517,1,0.48504642599240083,0,2,ctd,logistic_regression,42
P32917,Q03503,1,0.6223479714804645,1,2,ctd,logistic_regression,42
P39962,Q08235,1,0.7223592321558856,1,2,ctd,logistic_regression,42
P35197,P39682,1,0.38691814431274246,0,2,ctd,logistic_regression,42
P00812,P53043,1,0.7542902049021508,1,2,ctd,logistic_regression,42
P09032,P19882,1,0.7109162184294577,1,2,ctd,logistic_regression,42
P15442,P53159,1,0.6071475806173448,1,2,ctd,logistic_regression,42
P34730,P38324,1,0.8167259657398508,1,2,ctd,logistic_regression,42
P04147,Q01939,1,0.7729844574026623,1,2,ctd,logistic_regression,42
P30902,P38874,1,0.31327403733750664,0,2,ctd,logistic_regression,42
P22137,P40541,1,0.6576376701470665,1,2,ctd,logistic_regression,42
P32481,P35181,1,0.5815838692143475,1,2,ctd,logistic_regression,42
P40492,Q03330,1,0.6948627948323043,1,2,ctd,logistic_regression,42
P32366,Q05874,1,0.7212159931746213,1,2,ctd,logistic_regression,42
P38072,Q08749,1,0.054375474991255654,0,2,ctd,logistic_regression,42
P00330,P38334,1,0.6090143970737435,1,2,ctd,logistic_regression,42
P38810,Q12418,1,0.4244130758004432,0,2,ctd,logistic_regression,42
P25357,P39743,1,0.8191307731739325,1,2,ctd,logistic_regression,42
P23201,P33311,1,0.41814362426835266,0,2,ctd,logistic_regression,42
P18851,P32364,1,0.5609419924884983,1,2,ctd,logistic_regression,42
P39946,P53834,1,0.4371896101306451,0,2,ctd,logistic_regression,42
P06103,P38339,1,0.6136611775857318,1,2,ctd,logistic_regression,42
P31374,P38697,1,0.5928879858433119,1,2,ctd,logistic_regression,42
P32490,Q12168,1,0.43260366714088866,0,2,ctd,logistic_regression,42
P09032,P38748,1,0.6220857908424051,1,2,ctd,logistic_regression,42
P32264,Q06673,1,0.719390687685646,1,2,ctd,logistic_regression,42
P35197,P39940,1,0.7007616427338267,1,2,ctd,logistic_regression,42
P32944,Q03976,1,0.4695432658383992,0,2,ctd,logistic_regression,42
P53068,Q03919,1,0.006046602226516492,0,2,ctd,logistic_regression,42
P18759,P33203,1,0.6506384202338334,1,2,ctd,logistic_regression,42
P05318,P35178,1,0.6927335162747094,1,2,ctd,logistic_regression,42
P15790,P53258,1,0.6403802138973104,1,2,ctd,logistic_regression,42
P38903,Q12163,1,0.4416709304714906,0,2,ctd,logistic_regression,42
P32835,P38801,1,0.6983835134949471,1,2,ctd,logistic_regression,42
P21268,P39929,1,0.6333199781504595,1,2,ctd,logistic_regression,42
P32911,Q04511,1,0.7218959638541148,1,2,ctd,logistic_regression,42
P20081,P27472,1,0.7981081824424713,1,2,ctd,logistic_regression,42
P38310,Q02884,1,0.4184004740317836,0,2,ctd,logistic_regression,42
P32800,Q00539,1,0.39707454232824646,0,2,ctd,logistic_regression,42
P39940,Q03957,1,0.4017891349559395,0,2,ctd,logistic_regression,42
P53738,Q03784,1,0.7769461727351116,1,2,ctd,logistic_regression,42
Q07528,Q12527,1,0.5929674111812123,1,2,ctd,logistic_regression,42
P38112,P53538,1,0.6936981775827636,1,2,ctd,logistic_regression,42
P36168,Q00873,1,0.5546928780159782,1,2,ctd,logistic_regression,42
P33199,P38232,1,0.8920707989221804,1,2,ctd,logistic_regression,42
P38823,P53731,1,0.766954462413905,1,2,ctd,logistic_regression,42
P39742,Q06102,1,0.6948532736619192,1,2,ctd,logistic_regression,42
P40479,Q03558,1,0.5705942973893442,1,2,ctd,logistic_regression,42
P10591,Q12098,1,0.5550407156497243,1,2,ctd,logistic_regression,42
P23059,Q03956,1,0.7185292804468818,1,2,ctd,logistic_regression,42
P09232,P24004,1,0.7123811057704437,1,2,ctd,logistic_regression,42
P39968,P41277,1,0.5664680207136595,1,2,ctd,logistic_regression,42
P12962,P39014,1,0.3515094818438188,0,2,ctd,logistic_regression,42
Q02197,Q12469,1,0.37981952105685407,0,2,ctd,logistic_regression,42
Q02196,Q99207,1,0.34338408722075703,0,2,ctd,logistic_regression,42
P28274,P38911,1,0.21064437487606236,0,2,ctd,logistic_regression,42
P23585,P38717,1,0.17753835248074257,0,2,ctd,logistic_regression,42
P18962,P48837,1,0.24527807121379414,0,2,ctd,logistic_regression,42
P32909,P36048,1,0.5653648030050533,1,2,ctd,logistic_regression,42
P40090,Q03373,1,0.4174475212977419,0,2,ctd,logistic_regression,42
P08458,P32527,1,0.3210469145457883,0,2,ctd,logistic_regression,42
P53388,P53389,1,0.31710637701376176,0,2,ctd,logistic_regression,42
Q04373,Q12034,1,0.49019570394785844,0,2,ctd,logistic_regression,42
P32589,Q08965,1,0.6878089161820106,1,2,ctd,logistic_regression,42
P40518,Q04031,1,0.47839662898598495,0,2,ctd,logistic_regression,42
P09798,Q08492,1,0.20241806091168926,0,2,ctd,logistic_regression,42
P28004,P38112,1,0.6751552059517733,1,2,ctd,logistic_regression,42
P09435,P39715,1,0.643919983431745,1,2,ctd,logistic_regression,42
P30902,P40574,1,0.5963372110408331,1,2,ctd,logistic_regression,42
P33399,P53082,1,0.4091151926899014,0,2,ctd,logistic_regression,42
P38153,P39990,1,0.45890921277078056,0,2,ctd,logistic_regression,42
P41318,Q06177,1,0.5207540054005682,1,2,ctd,logistic_regression,42
P32599,Q12460,1,0.5646666270096009,1,2,ctd,logistic_regression,42
P25584,P38208,1,0.7665415614483732,1,2,ctd,logistic_regression,42
P25582,P42951,1,0.7003936454045229,1,2,ctd,logistic_regression,42
P38352,P53081,1,0.7032355275643497,1,2,ctd,logistic_regression,42
P36161,P43587,1,0.539020483896727,1,2,ctd,logistic_regression,42
P47120,Q12024,1,0.7657946471492584,1,2,ctd,logistic_regression,42
P38228,P39730,1,0.6162345598348546,1,2,ctd,logistic_regression,42
P38249,P47165,1,0.6946783454965033,1,2,ctd,logistic_regression,42
P17119,P39730,1,0.8275006882019483,1,2,ctd,logistic_regression,42
Q00416,Q02100,1,0.5676859652380061,1,2,ctd,logistic_regression,42
Q03940,Q12050,1,0.42247630484656157,0,2,ctd,logistic_regression,42
P21538,Q04636,1,0.5612787889633463,1,2,ctd,logistic_regression,42
P32600,P43561,1,0.6876545191174058,1,2,ctd,logistic_regression,42
P29509,Q12417,1,0.5287868176224223,1,2,ctd,logistic_regression,42
P20081,P41813,1,0.4914941544879084,0,2,ctd,logistic_regression,42
P40857,Q06648,1,0.16469672890950313,0,2,ctd,logistic_regression,42
P07269,P32379,1,0.613897973850925,1,2,ctd,logistic_regression,42
P35688,Q06479,1,0.5290580162841684,1,2,ctd,logistic_regression,42
P07866,Q06706,1,0.4631524410111818,0,2,ctd,logistic_regression,42
P39744,P54786,1,0.45686440001506984,0,2,ctd,logistic_regression,42
P22137,P39969,1,0.731915306271377,1,2,ctd,logistic_regression,42
P32639,Q12473,1,0.33715162161669704,0,2,ctd,logistic_regression,42
P39904,Q04868,1,0.5166061066283241,1,2,ctd,logistic_regression,42
P38334,Q08746,1,0.9232091947345251,1,2,ctd,logistic_regression,42
P10659,Q02948,1,0.5101425176538521,1,2,ctd,logistic_regression,42
P14242,P40090,1,0.5238886974299413,1,2,ctd,logistic_regression,42
P13517,Q12044,1,0.25543612850190545,0,2,ctd,logistic_regression,42
P00549,P14737,1,0.5655908253032536,1,2,ctd,logistic_regression,42
Q01560,Q12310,1,0.5672388326362673,1,2,ctd,logistic_regression,42
P20053,P51534,1,0.7523316124062659,1,2,ctd,logistic_regression,42
P00830,P32562,1,0.5641884219387566,1,2,ctd,logistic_regression,42
O13553,Q04411,1,0.4231935343877927,0,2,ctd,logistic_regression,42
P32863,P53211,1,0.46395246878019053,0,2,ctd,logistic_regression,42
P38237,P38793,1,0.6575530219325973,1,2,ctd,logistic_regression,42
P22224,P47103,1,0.35049230649946544,0,2,ctd,logistic_regression,42
P36024,Q12017,1,0.5271754093303355,1,2,ctd,logistic_regression,42
P14904,Q12018,1,0.7649635566505822,1,2,ctd,logistic_regression,42
P07866,P50944,1,0.18395688835581492,0,2,ctd,logistic_regression,42
P39073,P40561,1,0.5389436393380715,1,2,ctd,logistic_regression,42
P35184,P38929,1,0.5253722892238257,1,2,ctd,logistic_regression,42
P38132,P53064,1,0.5682890905530723,1,2,ctd,logistic_regression,42
P10961,P47074,1,0.6033655163014954,1,2,ctd,logistic_regression,42
P39563,P41816,1,0.4612111761770831,0,2,ctd,logistic_regression,42
P43588,P53742,1,0.6010506002719992,1,2,ctd,logistic_regression,42
P21192,P23638,1,0.5834398230138815,1,2,ctd,logistic_regression,42
P38431,P52286,1,0.778267746537592,1,2,ctd,logistic_regression,42
P04046,P47012,1,0.46053391603264715,0,2,ctd,logistic_regression,42
P20795,P53829,1,0.3950696816539698,0,2,ctd,logistic_regression,42
P31109,P38696,1,0.6997488786877375,1,2,ctd,logistic_regression,42
P39001,Q08923,1,0.1375009508758407,0,2,ctd,logistic_regression,42
P40335,Q12009,1,0.34469743623721116,0,2,ctd,logistic_regression,42
P13365,Q04121,1,0.361388864147013,0,2,ctd,logistic_regression,42
P09734,Q12344,1,0.6289609790902188,1,2,ctd,logistic_regression,42
P00950,P38208,1,0.7643044978388958,1,2,ctd,logistic_regression,42
P53283,Q12368,1,0.2744447838047684,0,2,ctd,logistic_regression,42
P32945,P53185,1,0.5288717863461135,1,2,ctd,logistic_regression,42
P39990,Q00618,1,0.42477413883734033,0,2,ctd,logistic_regression,42
P22216,Q05568,1,0.3597351875818781,0,2,ctd,logistic_regression,42
O14455,P15891,1,0.3364670833078507,0,2,ctd,logistic_regression,42
P27801,P32562,1,0.7356602261823436,1,2,ctd,logistic_regression,42
P02293,P43568,1,0.2624592717843769,0,2,ctd,logistic_regression,42
P10862,P42935,1,0.31064844259052327,0,2,ctd,logistic_regression,42
P31384,P32523,1,0.5050406103617096,1,2,ctd,logistic_regression,42
P53930,Q07508,1,0.5044135030598257,1,2,ctd,logistic_regression,42
P35169,P38291,1,0.560936615947643,1,2,ctd,logistic_regression,42
P41832,Q03862,1,0.5062698918769987,1,2,ctd,logistic_regression,42
P40069,P42884,1,0.7616667604440487,1,2,ctd,logistic_regression,42
P40477,P41911,1,0.5943276731490172,1,2,ctd,logistic_regression,42
P23642,Q08438,1,0.49351236974769763,0,2,ctd,logistic_regression,42
P27514,P53082,1,0.4917494557860086,0,2,ctd,logistic_regression,42
P27614,P53238,1,0.5806395989607435,1,2,ctd,logistic_regression,42
P10363,P40561,1,0.47594906904920037,0,2,ctd,logistic_regression,42
P32899,P39967,1,0.28018429048707655,0,2,ctd,logistic_regression,42
P39720,P41895,1,0.27105698718496934,0,2,ctd,logistic_regression,42
P30283,Q01684,1,0.2829336356467806,0,2,ctd,logistic_regression,42
P43583,Q00539,1,0.5923271902301817,1,2,ctd,logistic_regression,42
P32564,P43682,1,0.11206447679643258,0,2,ctd,logistic_regression,42
P10964,P40090,1,0.5836845201907316,1,2,ctd,logistic_regression,42
P30624,Q02256,1,0.4982954726465188,0,2,ctd,logistic_regression,42
P27796,P40167,1,0.6089265974047382,1,2,ctd,logistic_regression,42
P02557,P41816,1,0.6746649040572157,1,2,ctd,logistic_regression,42
P33329,Q06440,1,0.6363223438878582,1,2,ctd,logistic_regression,42
Q00816,Q06251,1,0.40115123498112426,0,2,ctd,logistic_regression,42
P38229,P47120,1,0.7228463770824154,1,2,ctd,logistic_regression,42
P25491,P47124,1,0.40758039722514094,0,2,ctd,logistic_regression,42
P07260,P32485,1,0.733669673272104,1,2,ctd,logistic_regression,42
P38872,Q06628,1,0.25934606613452055,0,2,ctd,logistic_regression,42
P25808,P50278,1,0.49578798609794317,0,2,ctd,logistic_regression,42
P50942,Q03018,1,0.6296947799946765,1,2,ctd,logistic_regression,42
P39718,Q08236,1,0.3594008949970823,0,2,ctd,logistic_regression,42
P28000,Q12019,1,0.418673536326095,0,2,ctd,logistic_regression,42
P38063,P53283,1,0.4608188905452278,0,2,ctd,logistic_regression,42
P34077,P53834,1,0.5546855335743671,1,2,ctd,logistic_regression,42
P52891,P60010,1,0.5947814443013583,1,2,ctd,logistic_regression,42
P28707,Q06679,1,0.586293693421721,1,2,ctd,logistic_regression,42
P21965,P40087,1,0.5739596611282605,1,2,ctd,logistic_regression,42
P32801,Q07084,1,0.5715139480952003,1,2,ctd,logistic_regression,42
P32464,P38077,1,0.3150221643893686,0,2,ctd,logistic_regression,42
P53252,Q05946,1,0.47491649431045624,0,2,ctd,logistic_regression,42
P53067,Q03081,1,0.5434415761430189,1,2,ctd,logistic_regression,42
P21672,P38631,1,0.3522740120639035,0,2,ctd,logistic_regression,42
P24783,Q03897,1,0.6569942426858605,1,2,ctd,logistic_regression,42
P07272,P07273,1,0.23489502418600366,0,2,ctd,logistic_regression,42
P10869,P32523,1,0.36463691324914993,0,2,ctd,logistic_regression,42
P32450,Q04368,1,0.49351021151071445,0,2,ctd,logistic_regression,42
P15436,P25558,1,0.5250772965566045,1,2,ctd,logistic_regression,42
P13517,Q08273,1,0.8807470369882414,1,2,ctd,logistic_regression,42
P12612,Q04062,1,0.6802564073178664,1,2,ctd,logistic_regression,42
Q04322,Q06568,1,0.6333546805921614,1,2,ctd,logistic_regression,42
P14680,Q06604,1,0.33247191410282245,0,2,ctd,logistic_regression,42
P02994,P53974,1,0.7812685641211655,1,2,ctd,logistic_regression,42
P30606,P40319,1,0.2868759632931586,0,2,ctd,logistic_regression,42
P39108,Q04660,1,0.34914392782434434,0,2,ctd,logistic_regression,42
P39969,Q00582,1,0.533157063301852,1,2,ctd,logistic_regression,42
P27614,Q08581,1,0.71586321135589,1,2,ctd,logistic_regression,42
P32589,P36049,1,0.7305544609489338,1,2,ctd,logistic_regression,42
P16140,Q99260,1,0.37213932180536624,0,2,ctd,logistic_regression,42
P25367,P47912,1,0.2366962432786428,0,2,ctd,logistic_regression,42
P43593,P53829,1,0.3839846463652316,0,2,ctd,logistic_regression,42
P46675,Q05947,1,0.4608517715703826,0,2,ctd,logistic_regression,42
P38346,Q03656,1,0.5466857407204647,1,2,ctd,logistic_regression,42
P47093,P47116,1,0.5866402272152055,1,2,ctd,logistic_regression,42
P02293,Q08962,1,0.40148876590136684,0,2,ctd,logistic_regression,42
P32855,Q08726,1,0.5155969706998219,1,2,ctd,logistic_regression,42
P15891,Q07376,1,0.29050488308791106,0,2,ctd,logistic_regression,42
P25343,P53924,1,0.860627556433423,1,2,ctd,logistic_regression,42
P43321,Q12483,1,0.5694922691077544,1,2,ctd,logistic_regression,42
P27472,P38344,1,0.6823155832688262,1,2,ctd,logistic_regression,42
P08964,P29366,1,0.5206812109132817,1,2,ctd,logistic_regression,42
P32900,P33306,1,0.4242323730427732,0,2,ctd,logistic_regression,42
P38146,Q02199,1,0.25453312578136794,0,2,ctd,logistic_regression,42
P39969,P40217,1,0.5236809487262487,1,2,ctd,logistic_regression,42
P07260,P32581,1,0.5553202577963704,1,2,ctd,logistic_regression,42
P14682,P53032,1,0.2918461885367472,0,2,ctd,logistic_regression,42
P38757,P40103,1,0.40473780737725834,0,2,ctd,logistic_regression,42
P23724,P53738,1,0.8589589300256478,1,2,ctd,logistic_regression,42
P19454,Q05778,1,0.6244690539467987,1,2,ctd,logistic_regression,42
P07262,P33314,1,0.5517575216666355,1,2,ctd,logistic_regression,42
P38872,P54861,1,0.5054760005826587,1,2,ctd,logistic_regression,42
P40204,Q06178,1,0.8397342787975022,1,2,ctd,logistic_regression,42
P39717,P54786,1,0.30516727281891975,0,2,ctd,logistic_regression,42
P11709,P42935,1,0.5370464356597846,1,2,ctd,logistic_regression,42
P40036,P53067,1,0.690846961178295,1,2,ctd,logistic_regression,42
Q00776,Q03071,1,0.6420970212851592,1,2,ctd,logistic_regression,42
P25454,P38757,1,0.5298906507849616,1,2,ctd,logistic_regression,42
P25294,Q12055,1,0.48628765793119144,0,2,ctd,logistic_regression,42
P31383,Q00578,1,0.668924192136621,1,2,ctd,logistic_regression,42
P16467,Q03956,1,0.6039522274906428,1,2,ctd,logistic_regression,42
P38850,Q12236,1,0.511244849000854,1,2,ctd,logistic_regression,42
P38989,P53313,1,0.5066639786282702,1,2,ctd,logistic_regression,42
P24868,P53883,1,0.7859827927363344,1,2,ctd,logistic_regression,42
P04076,P12962,1,0.7144346585195172,1,2,ctd,logistic_regression,42
Q03096,Q12163,1,0.6125878222525553,1,2,ctd,logistic_regression,42
P40350,Q12118,1,0.6867205903793822,1,2,ctd,logistic_regression,42
P25341,Q04031,1,0.4064020894799171,0,2,ctd,logistic_regression,42
P20606,P38132,1,0.7075773374120096,1,2,ctd,logistic_regression,42
P47050,P48412,1,0.3264199813634904,0,2,ctd,logistic_regression,42
P22203,Q00416,1,0.642990488906267,1,2,ctd,logistic_regression,42
P36015,P42945,1,0.2375728860838027,0,2,ctd,logistic_regression,42
P38328,P39077,1,0.46646670519797795,0,2,ctd,logistic_regression,42
P23561,P23642,1,0.6370614108362952,1,2,ctd,logistic_regression,42
P27351,Q07471,1,0.5948304092274576,1,2,ctd,logistic_regression,42
P32786,P47012,1,0.5755018208507641,1,2,ctd,logistic_regression,42
Q06640,Q12477,1,0.3093719020530317,0,2,ctd,logistic_regression,42
P39940,P40477,1,0.687820323241778,1,2,ctd,logistic_regression,42
P23968,Q03761,0,0.20151984803939044,0,2,ctd,logistic_regression,42
P33339,P40494,0,0.5237443698724235,1,2,ctd,logistic_regression,42
P52960,P53163,0,0.7114042442982365,1,2,ctd,logistic_regression,42
P38699,Q04493,0,0.5403061977163333,1,2,ctd,logistic_regression,42
P34161,Q03081,0,0.7814780375998731,1,2,ctd,logistic_regression,42
P38265,P47129,0,0.5257371618168178,1,2,ctd,logistic_regression,42
P29469,P39112,0,0.3980945455766608,0,2,ctd,logistic_regression,42
P25454,P38138,0,0.5641595832051379,1,2,ctd,logistic_regression,42
P32337,Q03944,0,0.5680518138033466,1,2,ctd,logistic_regression,42
P09440,Q02204,0,0.3449720037888703,0,2,ctd,logistic_regression,42
P40971,P46655,0,0.5909815838023453,1,2,ctd,logistic_regression,42
P40073,Q06412,0,0.1916737619781954,0,2,ctd,logistic_regression,42
P26343,P53549,0,0.5372890543962909,1,2,ctd,logistic_regression,42
P53286,Q08975,0,0.47749913524766713,0,2,ctd,logistic_regression,42
P33297,Q05931,0,0.6280179081581923,1,2,ctd,logistic_regression,42
P22140,P40089,0,0.18779307707964515,0,2,ctd,logistic_regression,42
P36104,P43588,0,0.3703868953223325,0,2,ctd,logistic_regression,42
P21339,P33199,0,0.6595092135292256,1,2,ctd,logistic_regression,42
P36121,Q08438,0,0.3991574520033752,0,2,ctd,logistic_regression,42
P25342,Q06344,0,0.5308814056359624,1,2,ctd,logistic_regression,42
P36017,P38264,0,0.5393377157534812,1,2,ctd,logistic_regression,42
P40457,P43604,0,0.4567124213260867,0,2,ctd,logistic_regression,42
P38717,Q03897,0,0.5918583760595474,1,2,ctd,logistic_regression,42
P39734,P54861,0,0.6159609720832163,1,2,ctd,logistic_regression,42
P39944,Q03944,0,0.5449193100304313,1,2,ctd,logistic_regression,42
P00899,P34238,0,0.178609911545015,0,2,ctd,logistic_regression,42
P17505,Q06078,0,0.47847828978057594,0,2,ctd,logistic_regression,42
P32368,P53032,0,0.49534212380656184,0,2,ctd,logistic_regression,42
P36100,Q03081,0,0.5843899224940304,1,2,ctd,logistic_regression,42
P21957,P32504,0,0.466322237056967,0,2,ctd,logistic_regression,42
P32333,Q12255,0,0.37033897191456033,0,2,ctd,logistic_regression,42
P20435,Q12224,0,0.7924904884859517,1,2,ctd,logistic_regression,42
P37303,P40478,0,0.32200832159400894,0,2,ctd,logistic_regression,42
Q06436,Q12233,0,0.10690704105868294,0,2,ctd,logistic_regression,42
P53032,Q02516,0,0.25677195627779964,0,2,ctd,logistic_regression,42
Q08096,Q99299,0,0.31773945738878906,0,2,ctd,logistic_regression,42
P07261,P26570,0,0.7725288620078131,1,2,ctd,logistic_regression,42
P40892,P49956,0,0.18736249731430354,0,2,ctd,logistic_regression,42
P38801,Q02775,0,0.5781184614032282,1,2,ctd,logistic_regression,42
P39958,Q01217,0,0.6743998879977573,1,2,ctd,logistic_regression,42
P23585,P30657,0,0.47914114056901924,0,2,ctd,logistic_regression,42
P38637,P40456,0,0.48743665637071165,0,2,ctd,logistic_regression,42
P21691,Q12443,0,0.614755670523643,1,2,ctd,logistic_regression,42
P40360,Q04511,0,0.4875923186536438,0,2,ctd,logistic_regression,42
P43609,Q12199,0,0.7282775597151324,1,2,ctd,logistic_regression,42
P09938,P43594,0,0.7047147893424391,1,2,ctd,logistic_regression,42
P14741,P53244,0,0.41315338518141387,0,2,ctd,logistic_regression,42
P20448,Q07623,0,0.7923129502559026,1,2,ctd,logistic_regression,42
P33335,P39723,0,0.24939721718933033,0,2,ctd,logistic_regression,42
Q02892,Q12309,0,0.569049245028571,1,2,ctd,logistic_regression,42
P28274,P40857,0,0.07273323201710023,0,2,ctd,logistic_regression,42
P32788,Q06673,0,0.3844506536858179,0,2,ctd,logistic_regression,42
P13434,Q02774,0,0.10261968033757675,0,2,ctd,logistic_regression,42
P29468,P38089,0,0.47124910426759936,0,2,ctd,logistic_regression,42
P39992,Q03220,0,0.6084258083120461,1,2,ctd,logistic_regression,42
P32797,Q04749,0,0.5423121907969575,1,2,ctd,logistic_regression,42
P25376,P36000,0,0.4080129695972695,0,2,ctd,logistic_regression,42
P38826,P40693,0,0.6602483735271207,1,2,ctd,logistic_regression,42
P31382,Q99190,0,0.3100273314882022,0,2,ctd,logistic_regression,42
P38132,P43609,0,0.5958359605199125,1,2,ctd,logistic_regression,42
P07258,P13433,0,0.3922354884667831,0,2,ctd,logistic_regression,42
P40555,P47038,0,0.2686565401627996,0,2,ctd,logistic_regression,42
P11978,P40555,0,0.8128105976098132,1,2,ctd,logistic_regression,42
P14737,P53209,0,0.359234550067006,0,2,ctd,logistic_regression,42
P25046,P39515,0,0.8404411476105563,1,2,ctd,logistic_regression,42
P09733,P46956,0,0.47965244802082646,0,2,ctd,logistic_regression,42
P14682,Q08096,0,0.335050933386653,0,2,ctd,logistic_regression,42
P23293,Q03750,0,0.6040180122170064,1,2,ctd,logistic_regression,42
P39011,P53893,0,0.6707588107867806,1,2,ctd,logistic_regression,42
P53142,Q04964,0,0.16349570539820546,0,2,ctd,logistic_regression,42
P31380,P33411,0,0.5720991455085387,1,2,ctd,logistic_regression,42
P32381,P39720,0,0.6506152602342452,1,2,ctd,logistic_regression,42
P53070,P53755,0,0.44199734042042604,0,2,ctd,logistic_regression,42
P00950,P38784,0,0.49806404482460664,0,2,ctd,logistic_regression,42
P32793,P34162,0,0.28777289634992237,0,2,ctd,logistic_regression,42
P04050,Q06169,0,0.39561169485460657,0,2,ctd,logistic_regression,42
P12753,P49956,0,0.5411819050247795,1,2,ctd,logistic_regression,42
P25297,P53124,0,0.5536870389999912,1,2,ctd,logistic_regression,42
P30771,P47027,0,0.46228907122634966,0,2,ctd,logistic_regression,42
P00546,Q12372,0,0.2589151336678893,0,2,ctd,logistic_regression,42
Q03654,Q12004,0,0.33541262636730607,0,2,ctd,logistic_regression,42
Q02948,Q12157,0,0.5694874604428088,1,2,ctd,logistic_regression,42
P29496,P40077,0,0.5464214693270265,1,2,ctd,logistic_regression,42
P53238,Q05787,0,0.5069658256258662,1,2,ctd,logistic_regression,42
Q02795,Q05580,0,0.4453928037192461,0,2,ctd,logistic_regression,42
P32529,Q12285,0,0.4494018186429166,0,2,ctd,logistic_regression,42
P19358,Q07084,0,0.45003909752557625,0,2,ctd,logistic_regression,42
P39730,Q01159,0,0.7022191229303134,1,2,ctd,logistic_regression,42
P38337,Q12389,0,0.4905944661373546,0,2,ctd,logistic_regression,42
P33401,P53236,0,0.5481402178009377,1,2,ctd,logistic_regression,42
Q03373,Q03655,0,0.19371301738107294,0,2,ctd,logistic_regression,42
P10863,P38989,0,0.31370347324310005,0,2,ctd,logistic_regression,42
P41544,Q07824,0,0.3911526207280703,0,2,ctd,logistic_regression,42
P47038,Q03834,0,0.08312042060646321,0,2,ctd,logistic_regression,42
P40969,Q08004,0,0.12899747550268512,0,2,ctd,logistic_regression,42
P32558,Q12365,0,0.3959953698835926,0,2,ctd,logistic_regression,42
P06784,Q12270,0,0.09959235385873731,0,2,ctd,logistic_regression,42
P02557,Q03323,0,0.6303392260653906,1,2,ctd,logistic_regression,42
P32796,P43682,0,0.3243408044707299,0,2,ctd,logistic_regression,42
P40527,Q06108,0,0.5209351337275908,1,2,ctd,logistic_regression,42
P27796,Q12402,0,0.5922772153224906,1,2,ctd,logistic_regression,42
P07347,Q02795,0,0.3436341700589593,0,2,ctd,logistic_regression,42
P41834,Q12309,0,0.6385127778217843,1,2,ctd,logistic_regression,42
P38070,Q06630,0,0.33057061581205216,0,2,ctd,logistic_regression,42
P10863,P31688,0,0.3583350178871872,0,2,ctd,logistic_regression,42
Q03758,Q08683,0,0.6357736134448639,1,2,ctd,logistic_regression,42
P39998,Q12138,0,0.3533830988577102,0,2,ctd,logistic_regression,42
P32829,P40509,0,0.5983799145652928,1,2,ctd,logistic_regression,42
P32259,P36017,0,0.5257821483712403,1,2,ctd,logistic_regression,42
P47038,Q12102,0,0.07615063343706513,0,2,ctd,logistic_regression,42
P32911,Q03063,0,0.3146293679689335,0,2,ctd,logistic_regression,42
P39685,Q08236,0,0.3946279254855131,0,2,ctd,logistic_regression,42
P38692,Q12309,0,0.6969380721558883,1,2,ctd,logistic_regression,42
P25346,P40327,0,0.26766126403065865,0,2,ctd,logistic_regression,42
P32318,P53070,0,0.43114671826513623,0,2,ctd,logistic_regression,42
P50623,Q00711,0,0.25452675282753884,0,2,ctd,logistic_regression,42
P10823,P47019,0,0.509771288166769,1,2,ctd,logistic_regression,42
P43593,P47074,0,0.5601880017170886,1,2,ctd,logistic_regression,42
P10834,P38717,0,0.30784274248892346,0,2,ctd,logistic_regression,42
Q03976,Q08773,0,0.446531975181913,0,2,ctd,logistic_regression,42
P19955,Q03063,0,0.10339730368079036,0,2,ctd,logistic_regression,42
P38191,P40340,0,0.5618103296790484,1,2,ctd,logistic_regression,42
P40573,P53093,0,0.15303213727630044,0,2,ctd,logistic_regression,42
P30606,Q12035,0,0.28153478800924264,0,2,ctd,logistic_regression,42
P14737,P38860,0,0.7121686255499364,1,2,ctd,logistic_regression,42
P53322,Q08287,0,0.2101693676361758,0,2,ctd,logistic_regression,42
P25358,P25390,0,0.09140795101133299,0,2,ctd,logistic_regression,42
P17123,P38064,0,0.4477841492425881,0,2,ctd,logistic_regression,42
P32564,P39550,0,0.24325297459796344,0,2,ctd,logistic_regression,42
P39010,Q12447,0,0.17347269829959894,0,2,ctd,logistic_regression,42
P48562,Q99382,0,0.07748502668998854,0,2,ctd,logistic_regression,42
P22082,Q04002,0,0.49789358515401455,0,2,ctd,logistic_regression,42
P18759,P54784,0,0.646970218475503,1,2,ctd,logistic_regression,42
P40509,Q06091,0,0.26500597585373287,0,2,ctd,logistic_regression,42
P38968,Q99278,0,0.6090562950454712,1,2,ctd,logistic_regression,42
P32491,P47027,0,0.5410175937877446,1,2,ctd,logistic_regression,42
P22213,P32319,0,0.40069769646571196,0,2,ctd,logistic_regression,42
P17695,Q08975,0,0.5053245482179375,1,2,ctd,logistic_regression,42
P16649,P36022,0,0.6493424089986195,1,2,ctd,logistic_regression,42
P38811,P47089,0,0.6763356570132788,1,2,ctd,logistic_regression,42
P13433,Q08817,0,0.6929317616090317,1,2,ctd,logistic_regression,42
P53883,Q08773,0,0.5983803991151937,1,2,ctd,logistic_regression,42
P12887,Q08873,0,0.445266004736841,0,2,ctd,logistic_regression,42
P20457,P39994,0,0.4106158609242045,0,2,ctd,logistic_regression,42
P32529,P38930,0,0.31325967421102635,0,2,ctd,logistic_regression,42
P04050,P12753,0,0.5585578598984132,1,2,ctd,logistic_regression,42
P36120,P53863,0,0.34371417681861965,0,2,ctd,logistic_regression,42
P40352,P53949,0,0.8291311306254362,1,2,ctd,logistic_regression,42
P36027,Q08966,0,0.05578713086219937,0,2,ctd,logistic_regression,42
P04807,Q05016,0,0.6399193451275426,1,2,ctd,logistic_regression,42
P13586,P37366,0,0.5054797203711257,1,2,ctd,logistic_regression,42
P46675,Q12432,0,0.5403183228465234,1,2,ctd,logistic_regression,42
P36131,Q12372,0,0.21453931296021506,0,2,ctd,logistic_regression,42
P17629,P26343,0,0.49062175056143986,0,2,ctd,logistic_regression,42
P22139,Q03690,0,0.5936034207184681,1,2,ctd,logistic_regression,42
P33204,P41912,0,0.3511849430538348,0,2,ctd,logistic_regression,42
P38204,Q00246,0,0.3680020355742436,0,2,ctd,logistic_regression,42
Q02795,Q06490,0,0.1713130648508741,0,2,ctd,logistic_regression,42
P38262,P38929,0,0.7468102705149381,1,2,ctd,logistic_regression,42
P34227,P38793,0,0.47712684905909897,0,2,ctd,logistic_regression,42
P38251,P53181,0,0.11403114626859945,0,2,ctd,logistic_regression,42
P46965,Q02804,0,0.06615560514380782,0,2,ctd,logistic_regression,42
P38111,P38691,0,0.5837592648468642,1,2,ctd,logistic_regression,42
P06778,Q06405,0,0.0994160989058405,0,2,ctd,logistic_regression,42
P25649,P38121,0,0.8209565892159617,1,2,ctd,logistic_regression,42
Q04031,Q07921,0,0.2680344326654611,0,2,ctd,logistic_regression,42
P35817,P38070,0,0.4155554497860914,0,2,ctd,logistic_regression,42
P12753,P46676,0,0.7010563610073601,1,2,ctd,logistic_regression,42
P53685,P54854,0,0.3326267547828068,0,2,ctd,logistic_regression,42
P21651,Q03533,0,0.3367861664102185,0,2,ctd,logistic_regression,42
P39927,Q03125,0,0.5885364323028549,1,2,ctd,logistic_regression,42
P32582,P49334,0,0.522729958511514,1,2,ctd,logistic_regression,42
P08518,P39927,0,0.6802346134584045,1,2,ctd,logistic_regression,42
P22579,P46962,0,0.6520998569811131,1,2,ctd,logistic_regression,42
P38993,P53259,0,0.22546804792195618,0,2,ctd,logistic_regression,42
P04051,Q08732,0,0.7671037711180685,1,2,ctd,logistic_regression,42
P08678,P19454,0,0.8261043000506447,1,2,ctd,logistic_regression,42
P32802,P48510,0,0.3801455812636368,0,2,ctd,logistic_regression,42
P17106,P20052,0,0.2715168261746744,0,2,ctd,logistic_regression,42
P39540,P42935,0,0.1555519312618228,0,2,ctd,logistic_regression,42
Q08986,Q12142,0,0.24379863623285733,0,2,ctd,logistic_regression,42
P32387,Q12310,0,0.5294525831233196,1,2,ctd,logistic_regression,42
P32807,Q05471,0,0.5284257915535437,1,2,ctd,logistic_regression,42
P39954,P53181,0,0.06123304744428517,0,2,ctd,logistic_regression,42
P53061,Q06815,0,0.2967488857243876,0,2,ctd,logistic_regression,42
P38085,Q07993,0,0.5056208268709046,1,2,ctd,logistic_regression,42
P01123,P52960,0,0.6215001854066571,1,2,ctd,logistic_regression,42
P29055,P53965,0,0.43870491199791845,0,2,ctd,logistic_regression,42
Q02516,Q99207,0,0.48720905358795086,0,2,ctd,logistic_regression,42
P10834,P33760,0,0.42939274403238703,0,2,ctd,logistic_regression,42
P36068,P53096,0,0.8431760731593375,1,2,ctd,logistic_regression,42
P23337,P43321,0,0.5629422856768219,1,2,ctd,logistic_regression,42
P25301,P53742,0,0.7026112484252877,1,2,ctd,logistic_regression,42
P48415,P80428,0,0.47488524176540386,0,2,ctd,logistic_regression,42
Q00723,Q04958,0,0.5542836888431038,1,2,ctd,logistic_regression,42
P25559,P38842,0,0.12879559455972686,0,2,ctd,logistic_regression,42
P50875,P53941,0,0.3579821841401057,0,2,ctd,logistic_regression,42
P31539,P38703,0,0.31937166399005446,0,2,ctd,logistic_regression,42
P28496,Q06648,0,0.2473636451832704,0,2,ctd,logistic_regression,42
P00854,P18961,0,0.14371468575597457,0,2,ctd,logistic_regression,42
P40529,P43555,0,0.19644718110389567,0,2,ctd,logistic_regression,42
P12695,P38138,0,0.4212604538114288,0,2,ctd,logistic_regression,42
P38251,P47012,0,0.6892286530853199,1,2,ctd,logistic_regression,42
P32562,P38156,0,0.40699667241425336,0,2,ctd,logistic_regression,42
P36034,Q05024,0,0.22630464859973085,0,2,ctd,logistic_regression,42
P39706,Q08886,0,0.5236285887745188,1,2,ctd,logistic_regression,42
P13434,Q03656,0,0.6766777065767584,1,2,ctd,logistic_regression,42
P25567,P40969,0,0.2285668801142272,0,2,ctd,logistic_regression,42
P38953,P53323,0,0.553158355722732,1,2,ctd,logistic_regression,42
P00410,P24719,0,0.45701502124778254,0,2,ctd,logistic_regression,42
P05030,Q04958,0,0.46139948867522573,0,2,ctd,logistic_regression,42
P39682,Q03661,0,0.2136239354248548,0,2,ctd,logistic_regression,42
P34161,Q03920,0,0.5162224528491332,1,2,ctd,logistic_regression,42
Q08683,Q99257,0,0.5838192212721048,1,2,ctd,logistic_regression,42
P25441,Q12483,0,0.6229230180312614,1,2,ctd,logistic_regression,42
P38842,Q02100,0,0.07436464784276768,0,2,ctd,logistic_regression,42
P35497,Q12060,0,0.5244440130081959,1,2,ctd,logistic_regression,42
P38962,Q07478,0,0.2875203514581705,0,2,ctd,logistic_regression,42
P24867,Q02204,0,0.1800130734263887,0,2,ctd,logistic_regression,42
P40187,Q12469,0,0.4999671123283663,0,2,ctd,logistic_regression,42
P08638,P38987,0,0.3414552383591226,0,2,ctd,logistic_regression,42
P08518,P53043,0,0.6803640628347756,1,2,ctd,logistic_regression,42
P36116,Q01852,0,0.3047196705788553,0,2,ctd,logistic_regression,42
P21801,Q06005,0,0.12839135113856212,0,2,ctd,logistic_regression,42
Q02775,Q04217,0,0.6302845214091696,1,2,ctd,logistic_regression,42
P32333,Q12018,0,0.6744012055427637,1,2,ctd,logistic_regression,42
P38814,Q08018,0,0.45910227496699,0,2,ctd,logistic_regression,42
Q08229,Q08553,0,0.626678911370768,1,2,ctd,logistic_regression,42
P18494,P53061,0,0.5411151342171115,1,2,ctd,logistic_regression,42
P16661,P53061,0,0.22544244342978084,0,2,ctd,logistic_regression,42
P33421,P36010,0,0.2683355097855938,0,2,ctd,logistic_regression,42
P33328,P40355,0,0.6321330395695052,1,2,ctd,logistic_regression,42
P39551,P48234,0,0.3990586965976637,0,2,ctd,logistic_regression,42
P37838,P89102,0,0.4242759438193895,0,2,ctd,logistic_regression,42
P53540,Q12082,0,0.39977172542154504,0,2,ctd,logistic_regression,42
P53147,Q12220,0,0.48622811858818765,0,2,ctd,logistic_regression,42
P46954,Q03899,0,0.45254856721799946,0,2,ctd,logistic_regression,42
P81450,Q00539,0,0.08564397337247083,0,2,ctd,logistic_regression,42
P25382,P33754,0,0.5931940344695724,1,2,ctd,logistic_regression,42
P39992,Q08966,0,0.5999641990405072,1,2,ctd,logistic_regression,42
P13259,P40465,0,0.3851921810720904,0,2,ctd,logistic_regression,42
Q05359,Q12024,0,0.47679729926393855,0,2,ctd,logistic_regression,42
P38523,Q03957,0,0.7046047133366005,1,2,ctd,logistic_regression,42
P07342,Q03697,0,0.25522507735081995,0,2,ctd,logistic_regression,42
P38810,P47025,0,0.5797616634348369,1,2,ctd,logistic_regression,42
P53272,Q12124,0,0.19079462578493583,0,2,ctd,logistic_regression,42
P40038,Q01852,0,0.5296604710344067,1,2,ctd,logistic_regression,42
P39547,Q08245,0,0.2175406106597532,0,2,ctd,logistic_regression,42
P39702,P53953,0,0.5526142143756039,1,2,ctd,logistic_regression,42
P40314,P53740,0,0.48727163161225695,0,2,ctd,logistic_regression,42
P00546,P38072,0,0.508448333705727,1,2,ctd,logistic_regression,42
P32502,P38272,0,0.6303429582567042,1,2,ctd,logistic_regression,42
Q03956,Q06205,0,0.3114418105680251,0,2,ctd,logistic_regression,42
P35842,P53163,0,0.4567222114062747,0,2,ctd,logistic_regression,42
P38702,P53437,0,0.4841241772608617,0,2,ctd,logistic_regression,42
P07262,P38881,0,0.3161476978876872,0,2,ctd,logistic_regression,42
P33301,Q12270,0,0.16400954859929906,0,2,ctd,logistic_regression,42
Q05568,Q08980,0,0.2726406519880739,0,2,ctd,logistic_regression,42
P17106,Q03940,0,0.2887750647416871,0,2,ctd,logistic_regression,42
P11747,P36018,0,0.08627797432708498,0,2,ctd,logistic_regression,42
P01119,P53939,0,0.5645693913920091,1,2,ctd,logistic_regression,42
P36034,Q03973,0,0.23225754176514857,0,2,ctd,logistic_regression,42
P38181,P42846,0,0.3994591713064925,0,2,ctd,logistic_regression,42
P06244,P47049,0,0.6047813971836326,1,2,ctd,logistic_regression,42
Q06091,Q12082,0,0.11883830881500539,0,2,ctd,logistic_regression,42
P40038,P47132,0,0.2155868645474235,0,2,ctd,logistic_regression,42
Q04749,Q08032,0,0.6069361715704384,1,2,ctd,logistic_regression,42
P53215,Q05670,0,0.5088119671847116,1,2,ctd,logistic_regression,42
P23255,P38228,0,0.48561182189371327,0,2,ctd,logistic_regression,42
P24867,P38429,0,0.49998031688974176,0,2,ctd,logistic_regression,42
P39935,P42941,0,0.8275043914849891,1,2,ctd,logistic_regression,42
P38768,P39548,0,0.49317365595801355,0,2,ctd,logistic_regression,42
Q03834,Q12199,0,0.5934211817089439,1,2,ctd,logistic_regression,42
P14741,Q06339,0,0.5620108782553468,1,2,ctd,logistic_regression,42
P28707,Q12243,0,0.11963572465473366,0,2,ctd,logistic_regression,42
P36080,Q01217,0,0.7277266492606445,1,2,ctd,logistic_regression,42
P08456,P38953,0,0.5770293763064666,1,2,ctd,logistic_regression,42
P23179,P53286,0,0.2527536611434748,0,2,ctd,logistic_regression,42
P10863,P31244,0,0.34341315435574526,0,2,ctd,logistic_regression,42
P22140,Q04089,0,0.2850426403377699,0,2,ctd,logistic_regression,42
P38329,Q12450,0,0.08119183569573894,0,2,ctd,logistic_regression,42
Q08817,Q12035,0,0.421707104014478,0,2,ctd,logistic_regression,42
P45819,P53337,0,0.11242080320254277,0,2,ctd,logistic_regression,42
P35177,P53549,0,0.5949988077944091,1,2,ctd,logistic_regression,42
P00817,P15367,0,0.31191875307060024,0,2,ctd,logistic_regression,42
P25043,Q02795,0,0.4984723475275528,0,2,ctd,logistic_regression,42
P47135,Q12019,0,0.7143647750557928,1,2,ctd,logistic_regression,42
P23285,P53549,0,0.6119133294899847,1,2,ctd,logistic_regression,42
P23285,P36121,0,0.37147605388776817,0,2,ctd,logistic_regression,42
P19659,P35207,0,0.5715625016663374,1,2,ctd,logistic_regression,42
P36165,P41543,0,0.4435712087799418,0,2,ctd,logistic_regression,42
P38138,P53191,0,0.6866888504490882,1,2,ctd,logistic_regression,42
P18238,P53064,0,0.23335524029892354,0,2,ctd,logistic_regression,42
P32793,P47167,0,0.4463910936977528,0,2,ctd,logistic_regression,42
P38817,P46964,0,0.580252557708851,1,2,ctd,logistic_regression,42
P47165,Q12450,0,0.21625071139594915,0,2,ctd,logistic_regression,42
P04821,P20484,0,0.5358069825786178,1,2,ctd,logistic_regression,42
P22141,P32585,0,0.6476127883078703,1,2,ctd,logistic_regression,42
P13259,P38080,0,0.3592078174144536,0,2,ctd,logistic_regression,42
P32830,P38729,0,0.40148759937618006,0,2,ctd,logistic_regression,42
P53616,Q06696,0,0.5330704643839801,1,2,ctd,logistic_regression,42
P35203,Q12035,0,0.5098226645852116,1,2,ctd,logistic_regression,42
P26343,P32912,0,0.7184655330616599,1,2,ctd,logistic_regression,42
P38272,P53250,0,0.30984141541779614,0,2,ctd,logistic_regression,42
P38696,P38988,0,0.5461164632942593,1,2,ctd,logistic_regression,42
P36224,P39515,0,0.6139829028692475,1,2,ctd,logistic_regression,42
P23595,P47912,0,0.5949688423103137,1,2,ctd,logistic_regression,42
P43574,Q08685,0,0.539937587323573,1,2,ctd,logistic_regression,42
P33204,Q12102,0,0.43662952245149733,0,2,ctd,logistic_regression,42
P02309,P32389,0,0.09966403049168696,0,2,ctd,logistic_regression,42
P32583,Q03758,0,0.2130701187682663,0,2,ctd,logistic_regression,42
P15303,Q03148,0,0.6685276234476952,1,2,ctd,logistic_regression,42
P40167,Q03579,0,0.13007917157709287,0,2,ctd,logistic_regression,42
P27515,Q04636,0,0.7581379163348267,1,2,ctd,logistic_regression,42
P38690,P39734,0,0.6139631471742772,1,2,ctd,logistic_regression,42
P16474,P50111,0,0.5753753034908538,1,2,ctd,logistic_regression,42
P38708,Q07800,0,0.6556096602629691,1,2,ctd,logistic_regression,42
P36125,P38860,0,0.15996658834625746,0,2,ctd,logistic_regression,42
P40340,P47053,0,0.5534252997828145,1,2,ctd,logistic_regression,42
P38156,P40092,0,0.6981505420360342,1,2,ctd,logistic_regression,42
P00431,P53628,0,0.44187230603289185,0,2,ctd,logistic_regression,42
P33200,Q02892,0,0.4282540322519728,0,2,ctd,logistic_regression,42
P54791,Q06102,0,0.3148002264937759,0,2,ctd,logistic_regression,42
P39987,P41811,0,0.5360083435787633,1,2,ctd,logistic_regression,42
Q02805,Q08817,0,0.6297978323114445,1,2,ctd,logistic_regression,42
P32521,P80428,0,0.4515029828750352,0,2,ctd,logistic_regression,42
P00958,P38264,0,0.4381208847605799,0,2,ctd,logistic_regression,42
P11154,Q00772,0,0.6202708445132473,1,2,ctd,logistic_regression,42
P01119,P22517,0,0.6115406035907676,1,2,ctd,logistic_regression,42
P24384,P40073,0,0.12871089576844577,0,2,ctd,logistic_regression,42
P23337,Q12328,0,0.738908041841161,1,2,ctd,logistic_regression,42
Q03103,Q12460,0,0.4871418892240006,0,2,ctd,logistic_regression,42
P40020,P53145,0,0.6894881142270589,1,2,ctd,logistic_regression,42
P33441,Q06665,0,0.480787438689962,0,2,ctd,logistic_regression,42
P29468,Q08119,0,0.46552894841588033,0,2,ctd,logistic_regression,42
P25579,P29311,0,0.6363974636520078,1,2,ctd,logistic_regression,42
P53750,Q12256,0,0.4331494093369738,0,2,ctd,logistic_regression,42
P32855,P47152,0,0.5156615542227455,1,2,ctd,logistic_regression,42
P16370,Q08217,0,0.7753986842450312,1,2,ctd,logistic_regression,42
P38265,Q08162,0,0.4307761964945224,0,2,ctd,logistic_regression,42
P53253,Q99186,0,0.3318227234868289,0,2,ctd,logistic_regression,42
P32367,P47120,0,0.7675962816584103,1,2,ctd,logistic_regression,42
P38429,P41912,0,0.6104510283280107,1,2,ctd,logistic_regression,42
Q04003,Q12335,0,0.7256741665318187,1,2,ctd,logistic_regression,42
P23287,P45818,0,0.665256124337139,1,2,ctd,logistic_regression,42
Q03323,Q03862,0,0.3905475696762631,0,2,ctd,logistic_regression,42
P53171,Q06549,0,0.6116798936726479,1,2,ctd,logistic_regression,42
P43572,P53754,0,0.5436253090761459,1,2,ctd,logistic_regression,42
P33411,P38702,0,0.36348863733247155,0,2,ctd,logistic_regression,42
P40480,Q02204,0,0.3083801257079784,0,2,ctd,logistic_regression,42
P13712,P38811,0,0.6609041373344948,1,2,ctd,logistic_regression,42
P23585,Q01560,0,0.2940876278789114,0,2,ctd,logistic_regression,42
P31378,P32829,0,0.6310617323397302,1,2,ctd,logistic_regression,42
P06700,P32334,0,0.3989669900951283,0,2,ctd,logistic_regression,42
P32328,P48568,0,0.4541642798414356,0,2,ctd,logistic_regression,42
P38310,Q00873,0,0.6148333499511062,1,2,ctd,logistic_regression,42
P32453,Q12004,0,0.376631037554415,0,2,ctd,logistic_regression,42
P40335,P50106,0,0.24849313241418308,0,2,ctd,logistic_regression,42
P53299,Q03954,0,0.7488014062121208,1,2,ctd,logistic_regression,42
P14737,P25358,0,0.10448492252435433,0,2,ctd,logistic_regression,42
P38703,P43603,0,0.48098540475597007,0,2,ctd,logistic_regression,42
P38988,P53163,0,0.601718465423473,1,2,ctd,logistic_regression,42
P38262,Q12063,0,0.6977088316092013,1,2,ctd,logistic_regression,42
P38960,P41546,0,0.5635069282292837,1,2,ctd,logistic_regression,42
Q03935,Q04048,0,0.370515809836623,0,2,ctd,logistic_regression,42
P57743,Q02608,0,0.32635512051668836,0,2,ctd,logistic_regression,42
P28000,Q06651,0,0.15613506511458308,0,2,ctd,logistic_regression,42
P47042,Q02875,0,0.4765566595554722,0,2,ctd,logistic_regression,42
P19358,Q12518,0,0.5007917314702416,1,2,ctd,logistic_regression,42
Q06339,Q08004,0,0.20036945477389184,0,2,ctd,logistic_regression,42
P12887,Q06160,0,0.39913678309793466,0,2,ctd,logistic_regression,42
P25046,P36024,0,0.2726317848421843,0,2,ctd,logistic_regression,42
P33201,Q04461,0,0.5366484012595993,1,2,ctd,logistic_regression,42
P12294,Q12019,0,0.0438154476841696,0,2,ctd,logistic_regression,42
P32578,Q01080,0,0.7027175177855837,1,2,ctd,logistic_regression,42
P53823,Q06640,0,0.3899917057900438,0,2,ctd,logistic_regression,42
P40095,Q99190,0,0.11346428092757598,0,2,ctd,logistic_regression,42
P00830,P21538,0,0.5027053536921083,1,2,ctd,logistic_regression,42
P33311,P43545,0,0.5441675748348263,1,2,ctd,logistic_regression,42
P32601,P39011,0,0.7676518736280248,1,2,ctd,logistic_regression,42
P34216,P52488,0,0.5515224190939764,1,2,ctd,logistic_regression,42
P53973,Q03919,0,0.1869047810963778,0,2,ctd,logistic_regression,42
P11746,P35189,0,0.503942860081363,1,2,ctd,logistic_regression,42
Q12019,Q12527,0,0.5076188361989146,1,2,ctd,logistic_regression,42
P10834,P43609,0,0.5507594440836201,1,2,ctd,logistic_regression,42
P42944,P57743,0,0.44383745918537487,0,2,ctd,logistic_regression,42
P25575,P46954,0,0.32412597185515,0,2,ctd,logistic_regression,42
P25297,P38153,0,0.6528337617372255,1,2,ctd,logistic_regression,42
P38276,Q06224,0,0.7425470629097215,1,2,ctd,logistic_regression,42
P53933,Q03761,0,0.2939140563647935,0,2,ctd,logistic_regression,42
P32494,P38153,0,0.4480026249764848,0,2,ctd,logistic_regression,42
P40960,P47171,0,0.4547646309411183,0,2,ctd,logistic_regression,42
P38334,P53389,0,0.7059450706032668,1,2,ctd,logistic_regression,42
P47123,P48524,0,0.6385140407550438,1,2,ctd,logistic_regression,42
P12887,P20438,0,0.5893343974495187,1,2,ctd,logistic_regression,42
P07249,P38555,0,0.5454364988477317,1,2,ctd,logistic_regression,42
P38827,P38956,0,0.5997519005506893,1,2,ctd,logistic_regression,42
P53171,P53740,0,0.3367411782947872,0,2,ctd,logistic_regression,42
P02294,P36161,0,0.3185290656290937,0,2,ctd,logistic_regression,42
P30606,P32944,0,0.3627535433149676,0,2,ctd,logistic_regression,42
Q12270,Q99176,0,0.04732739957082274,0,2,ctd,logistic_regression,42
P25605,Q06644,0,0.3509257641885165,0,2,ctd,logistic_regression,42
P31412,P57744,0,0.49797976798222343,0,2,ctd,logistic_regression,42
P15992,P43594,0,0.744869831070788,1,2,ctd,logistic_regression,42
Q03656,Q12321,0,0.5034805767508882,1,2,ctd,logistic_regression,42
P00359,Q12174,0,0.24742218970770477,0,2,ctd,logistic_regression,42
P04786,P34162,0,0.32145683478607084,0,2,ctd,logistic_regression,42
P39081,Q06344,0,0.538044576824935,1,2,ctd,logistic_regression,42
P38121,P39929,0,0.7371732802526871,1,2,ctd,logistic_regression,42
P38627,P53877,0,0.7290604021474515,1,2,ctd,logistic_regression,42
Q03406,Q03455,0,0.48492979403010134,0,2,ctd,logistic_regression,42
P39073,Q12159,0,0.5900563981689315,1,2,ctd,logistic_regression,42
P00128,P38861,0,0.6562199687569109,1,2,ctd,logistic_regression,42
P32366,P33335,0,0.305132789302873,0,2,ctd,logistic_regression,42
P16661,P21691,0,0.2806668153729283,0,2,ctd,logistic_regression,42
P07834,P32479,0,0.7229300359448582,1,2,ctd,logistic_regression,42
P08456,Q12692,0,0.2443948123725729,0,2,ctd,logistic_regression,42
P18851,Q12262,0,0.8353108256029537,1,2,ctd,logistic_regression,42
P38627,Q06168,0,0.4270344784853635,0,2,ctd,logistic_regression,42
P25656,P40956,0,0.37687184196767587,0,2,ctd,logistic_regression,42
P04912,P46673,0,0.2294192713144466,0,2,ctd,logistic_regression,42
P11710,P49166,0,0.5983633000353288,1,2,ctd,logistic_regression,42
P38208,P43545,0,0.6975282503151568,1,2,ctd,logistic_regression,42
P14242,Q04964,0,0.7354501416210729,1,2,ctd,logistic_regression,42
P32499,Q04964,0,0.49723851244178713,0,2,ctd,logistic_regression,42
P17555,P38068,0,0.2765513670190345,0,2,ctd,logistic_regression,42
P06700,Q06628,0,0.4763515287776825,0,2,ctd,logistic_regression,42
P17119,P43562,0,0.3679221393062661,0,2,ctd,logistic_regression,42
P27351,Q12321,0,0.5715916850134793,1,2,ctd,logistic_regression,42
P36036,P40963,0,0.17413307852420873,0,2,ctd,logistic_regression,42
P38301,Q02574,0,0.535082067722749,1,2,ctd,logistic_regression,42
P09959,Q04636,0,0.7158949595820804,1,2,ctd,logistic_regression,42
P27692,P53313,0,0.5404979098851979,1,2,ctd,logistic_regression,42
P53883,Q12161,0,0.46504599518492534,0,2,ctd,logistic_regression,42
Q02776,Q06628,0,0.3428322972523616,0,2,ctd,logistic_regression,42
P21827,Q12417,0,0.5200299756128619,1,2,ctd,logistic_regression,42
P26798,P39987,0,0.6978414452854049,1,2,ctd,logistic_regression,42
P38998,P50104,0,0.5886767100472847,1,2,ctd,logistic_regression,42
Q01560,Q12066,0,0.42098688612261614,0,2,ctd,logistic_regression,42
P39112,P53742,0,0.5647368997954785,1,2,ctd,logistic_regression,42
P40009,P53176,0,0.2623052116089809,0,2,ctd,logistic_regression,42
P04050,Q08921,0,0.259738683490133,0,2,ctd,logistic_regression,42
P47037,Q12154,0,0.6763781369706557,1,2,ctd,logistic_regression,42
P40070,Q05016,0,0.6274320264910886,1,2,ctd,logistic_regression,42
P81450,P87284,0,0.18577076872042228,0,2,ctd,logistic_regression,42
Q04673,Q12098,0,0.34442108807181404,0,2,ctd,logistic_regression,42
P38821,P53116,0,0.07130786017694667,0,2,ctd,logistic_regression,42
P23639,P32570,0,0.4106506097826447,0,2,ctd,logistic_regression,42
P00420,P42945,0,0.34390171238704936,0,2,ctd,logistic_regression,42
P53840,Q03213,0,0.5263587095857756,1,2,ctd,logistic_regression,42
P07248,P54861,0,0.6602959865769361,1,2,ctd,logistic_regression,42
P38262,P46680,0,0.6704112775368211,1,2,ctd,logistic_regression,42
P32349,P53740,0,0.41374887767826635,0,2,ctd,logistic_regression,42
P17214,P33301,0,0.4165141142179421,0,2,ctd,logistic_regression,42
P32492,Q12102,0,0.5893824143573213,1,2,ctd,logistic_regression,42
P04817,Q12330,0,0.19574331121122507,0,2,ctd,logistic_regression,42
P35187,P47042,0,0.38888283931935025,0,2,ctd,logistic_regression,42
P00899,P47185,0,0.3796599881404126,0,2,ctd,logistic_regression,42
P15891,P18238,0,0.13786440724415713,0,2,ctd,logistic_regression,42
P16151,P53974,0,0.2958222391010508,0,2,ctd,logistic_regression,42
P05453,Q12059,0,0.606455216344037,1,2,ctd,logistic_regression,42
P49955,Q12406,0,0.5586265094172711,1,2,ctd,logistic_regression,42
P39940,P47090,0,0.22723021022108322,0,2,ctd,logistic_regression,42
P04911,P40574,0,0.18095814748530153,0,2,ctd,logistic_regression,42
P40314,P53551,0,0.681209223671257,1,2,ctd,logistic_regression,42
P35203,P40360,0,0.5931285886039859,1,2,ctd,logistic_regression,42
P25371,P38636,0,0.437458630199363,0,2,ctd,logistic_regression,42
P40187,Q02354,0,0.6922493511034882,1,2,ctd,logistic_regression,42
P28241,P53389,0,0.5071159838462603,1,2,ctd,logistic_regression,42
P38251,P47176,0,0.5214642243905474,1,2,ctd,logistic_regression,42
P06700,P53954,0,0.4731293565023649,0,2,ctd,logistic_regression,42
P36027,Q05583,0,0.10444530609336333,0,2,ctd,logistic_regression,42
P32641,P35198,0,0.5256335190647362,1,2,ctd,logistic_regression,42
P21651,P80667,0,0.5054825231421605,1,2,ctd,logistic_regression,42
P02309,Q12255,0,0.09864866351058618,0,2,ctd,logistic_regression,42
P34241,Q03012,0,0.4368804573528456,0,2,ctd,logistic_regression,42
P32581,P43572,0,0.6954638183266207,1,2,ctd,logistic_regression,42
P38696,Q12026,0,0.4337830586355085,0,2,ctd,logistic_regression,42
P38723,P41815,0,0.255163292157839,0,2,ctd,logistic_regression,42
P39101,P40507,0,0.42570697492622495,0,2,ctd,logistic_regression,42
P53277,P53901,0,0.6243130654479052,1,2,ctd,logistic_regression,42
P51601,P87108,0,0.32247556674517214,0,2,ctd,logistic_regression,42
P32838,P32899,0,0.023011586047960088,0,2,ctd,logistic_regression,42
P17442,Q03373,0,0.6922711997468002,1,2,ctd,logistic_regression,42
P32863,P38254,0,0.42357533555490046,0,2,ctd,logistic_regression,42
P28004,Q08911,0,0.7295587253607669,1,2,ctd,logistic_regression,42
P38842,Q07914,0,0.056221673995991456,0,2,ctd,logistic_regression,42
Q03455,Q05021,0,0.4738414900842216,0,2,ctd,logistic_regression,42
P40314,P53878,0,0.47279200345697064,0,2,ctd,logistic_regression,42
P32524,P53750,0,0.4992871851394806,0,2,ctd,logistic_regression,42
P35178,P42934,0,0.39975047731631197,0,2,ctd,logistic_regression,42
Q03691,Q99394,0,0.43361508706282453,0,2,ctd,logistic_regression,42
P06774,P41815,0,0.180796584853382,0,2,ctd,logistic_regression,42
P38112,P53081,0,0.6427419500771071,1,2,ctd,logistic_regression,42
P38627,Q12083,0,0.6686342886518287,1,2,ctd,logistic_regression,42
P16151,P38339,0,0.3395810603557725,0,2,ctd,logistic_regression,42
Q12035,Q12341,0,0.6748567573764429,1,2,ctd,logistic_regression,42
P13259,P23285,0,0.3490756431625551,0,2,ctd,logistic_regression,42
P32504,Q03373,0,0.31240164775618406,0,2,ctd,logistic_regression,42
P06774,P53048,0,0.2514649154265066,0,2,ctd,logistic_regression,42
P53858,Q04231,0,0.5349935488140153,1,2,ctd,logistic_regression,42
P22213,P24384,0,0.5241800065813678,1,2,ctd,logistic_regression,42
Q08096,Q12236,0,0.5036122511574338,1,2,ctd,logistic_regression,42
P48439,Q03558,0,0.27948491729199154,0,2,ctd,logistic_regression,42
P38219,Q06632,0,0.7889196685813445,1,2,ctd,logistic_regression,42
P27692,P38774,0,0.5293278458099249,1,2,ctd,logistic_regression,42
P25441,P36224,0,0.6419177795370358,1,2,ctd,logistic_regression,42
P32588,Q7LIF1,0,0.15293385074549695,0,2,ctd,logistic_regression,42
P52553,P87284,0,0.5421511985137776,1,2,ctd,logistic_regression,42
P39081,P53108,0,0.3852733639595118,0,2,ctd,logistic_regression,42
P04786,Q06410,0,0.6503456162832043,1,2,ctd,logistic_regression,42
P19736,P40091,0,0.8185058903637507,1,2,ctd,logistic_regression,42
P53150,Q03455,0,0.42032650198804355,0,2,ctd,logistic_regression,42
Q12100,Q12192,0,0.5610073590010868,1,2,ctd,logistic_regression,42
P07703,P37303,0,0.591456636577094,1,2,ctd,logistic_regression,42
P13433,P29468,0,0.45565198117369404,0,2,ctd,logistic_regression,42
P12383,Q12066,0,0.3532931556608319,0,2,ctd,logistic_regression,42
P32807,Q12107,0,0.587791145100503,1,2,ctd,logistic_regression,42
P40339,Q12327,0,0.3729003233387743,0,2,ctd,logistic_regression,42
P02293,Q12749,0,0.5939374292215578,1,2,ctd,logistic_regression,42
P36147,Q06525,0,0.3144755108563974,0,2,ctd,logistic_regression,42
P26343,Q02866,0,0.37863648072654826,0,2,ctd,logistic_regression,42
P25441,P34730,0,0.7521858437850908,1,2,ctd,logistic_regression,42
P06775,P35207,0,0.36352831459620505,0,2,ctd,logistic_regression,42
Q01852,Q06665,0,0.46203331209851617,0,2,ctd,logistic_regression,42
Q06102,Q08902,0,0.1305751746417835,0,2,ctd,logistic_regression,42
P23337,P53755,0,0.6129784003089647,1,2,ctd,logistic_regression,42
P25382,P32913,0,0.3941599498415772,0,2,ctd,logistic_regression,42
Q02159,Q12335,0,0.31047631596210323,0,2,ctd,logistic_regression,42
P41544,Q03071,0,0.2813335642427622,0,2,ctd,logistic_regression,42
P23285,P49435,0,0.7307811606930233,1,2,ctd,logistic_regression,42
P32334,P35207,0,0.44264362359345344,0,2,ctd,logistic_regression,42
P35184,Q08109,0,0.5819896305988431,1,2,ctd,logistic_regression,42
P23291,P25569,0,0.4545311266374516,0,2,ctd,logistic_regression,42
P38990,Q08923,0,0.20575911073907402,0,2,ctd,logistic_regression,42
Q01939,Q06644,0,0.34059687721098514,0,2,ctd,logistic_regression,42
P38782,P40573,0,0.4987058897890445,0,2,ctd,logistic_regression,42
P20050,P53141,0,0.5454190262044734,1,2,ctd,logistic_regression,42
P38699,Q04053,0,0.6340184749862144,1,2,ctd,logistic_regression,42
P53032,P53044,0,0.4108121332947984,0,2,ctd,logistic_regression,42
P23594,P48813,0,0.4839013614983938,0,2,ctd,logistic_regression,42
P38337,P38992,0,0.2413192180960712,0,2,ctd,logistic_regression,42
P21705,P33203,0,0.7135457039197818,1,2,ctd,logistic_regression,42
P54854,Q03148,0,0.3789022838016223,0,2,ctd,logistic_regression,42
P32610,P54784,0,0.45660858843204044,0,2,ctd,logistic_regression,42
P14682,Q03976,0,0.20768385947493462,0,2,ctd,logistic_regression,42
P09440,P38915,0,0.29127070145132766,0,2,ctd,logistic_regression,42
P40518,P43562,0,0.17960684748950548,0,2,ctd,logistic_regression,42
P18759,P46678,0,0.5846258300693652,1,2,ctd,logistic_regression,42
P27705,P38776,0,0.19494861249151324,0,2,ctd,logistic_regression,42
P32842,P40509,0,0.10722934502743448,0,2,ctd,logistic_regression,42
P40341,P53254,0,0.48670600062169334,0,2,ctd,logistic_regression,42
P25376,Q03308,0,0.4309280828959752,0,2,ctd,logistic_regression,42
P01123,P10863,0,0.4889778671495338,0,2,ctd,logistic_regression,42
P53823,Q02908,0,0.7597360584266715,1,2,ctd,logistic_regression,42
P43592,Q01159,0,0.44992021414474936,0,2,ctd,logistic_regression,42
Q02721,Q08972,0,0.5716522563854788,1,2,ctd,logistic_regression,42
P38717,Q12446,0,0.6186976969648859,1,2,ctd,logistic_regression,42
Q03103,Q12129,0,0.4984610146784398,0,2,ctd,logistic_regression,42
P26755,Q12264,0,0.1738113780951144,0,2,ctd,logistic_regression,42
P22214,Q08208,0,0.2967681124754844,0,2,ctd,logistic_regression,42
P09440,P47166,0,0.5112414809569429,1,2,ctd,logistic_regression,42
P40988,Q12059,0,0.49525867086460185,0,2,ctd,logistic_regression,42
P42941,P43682,0,0.2567235440180459,0,2,ctd,logistic_regression,42
P12294,P25644,0,0.05026019002216187,0,2,ctd,logistic_regression,42
Q06632,Q12124,0,0.35638737589742375,0,2,ctd,logistic_regression,42
P41817,Q03735,0,0.613241242391794,1,2,ctd,logistic_regression,42
P33399,Q12300,0,0.2354405788633906,0,2,ctd,logistic_regression,42
P22214,P50106,0,0.28917646572715466,0,2,ctd,logistic_regression,42
P20436,P25360,0,0.19070906491210735,0,2,ctd,logistic_regression,42
P20050,P54999,0,0.6413959477257294,1,2,ctd,logistic_regression,42
P38304,Q02630,0,0.3253665589626787,0,2,ctd,logistic_regression,42
Q06616,Q08553,0,0.847839019695637,1,2,ctd,logistic_regression,42
P32602,P40352,0,0.6465171674670991,1,2,ctd,logistic_regression,42
P32914,P48240,0,0.5499016423276566,1,2,ctd,logistic_regression,42
P14922,P47185,0,0.20055095293200315,0,2,ctd,logistic_regression,42
P04817,Q08683,0,0.30972415441977275,0,2,ctd,logistic_regression,42
P32559,Q12321,0,0.36343699456523854,0,2,ctd,logistic_regression,42
P48568,Q02100,0,0.5659009569054824,1,2,ctd,logistic_regression,42
P16522,P38276,0,0.6730313006460447,1,2,ctd,logistic_regression,42
P04786,Q06411,0,0.6258375057633896,1,2,ctd,logistic_regression,42
P11746,P38992,0,0.4763524044708296,0,2,ctd,logistic_regression,42
P23337,Q08109,0,0.5547220234484178,1,2,ctd,logistic_regression,42
P38788,Q03661,0,0.41847422334333184,0,2,ctd,logistic_regression,42
Q05874,Q12161,0,0.4512256996255163,0,2,ctd,logistic_regression,42
P02557,P38703,0,0.45074671906030395,0,2,ctd,logistic_regression,42
P53973,Q12306,0,0.31972177102918536,0,2,ctd,logistic_regression,42
P33754,Q05874,0,0.6042487691359372,1,2,ctd,logistic_regression,42
P38811,P43562,0,0.1525668239269338,0,2,ctd,logistic_regression,42
P38138,P47037,0,0.6584791181695191,1,2,ctd,logistic_regression,42
P36160,P42935,0,0.4356977449745737,0,2,ctd,logistic_regression,42
P36161,P48568,0,0.6101133051628371,1,2,ctd,logistic_regression,42
P33328,P40890,0,0.731677871824389,1,2,ctd,logistic_regression,42
P38735,Q12443,0,0.6846388480611231,1,2,ctd,logistic_regression,42
P25045,Q03337,0,0.34021171202863876,0,2,ctd,logistic_regression,42
P34161,Q06628,0,0.587781617844412,1,2,ctd,logistic_regression,42
P38859,Q02721,0,0.35021144963152284,0,2,ctd,logistic_regression,42
Q06102,Q12349,0,0.27672427954465545,0,2,ctd,logistic_regression,42
P08679,P32914,0,0.5746774181957828,1,2,ctd,logistic_regression,42
P23833,P53286,0,0.20340932863410194,0,2,ctd,logistic_regression,42
P33760,P53171,0,0.4909398612125925,0,2,ctd,logistic_regression,42
Q02767,Q12450,0,0.07564344613075377,0,2,ctd,logistic_regression,42
P05375,P32589,0,0.46050597960472356,0,2,ctd,logistic_regression,42
Q08208,Q12300,0,0.5176059288681247,1,2,ctd,logistic_regression,42
P39992,P47134,0,0.7672686201285152,1,2,ctd,logistic_regression,42
P25301,P32319,0,0.42817338755830847,0,2,ctd,logistic_regression,42
P07703,P48568,0,0.5191170573015641,1,2,ctd,logistic_regression,42
P23585,P42935,0,0.20826314208763513,0,2,ctd,logistic_regression,42
P25655,P54837,0,0.23017696725074221,0,2,ctd,logistic_regression,42
P39955,P40164,0,0.4890169294706499,0,2,ctd,logistic_regression,42
P41920,P53750,0,0.6052560859829124,1,2,ctd,logistic_regression,42
P06784,P08539,0,0.357622902757626,0,2,ctd,logistic_regression,42
P19097,P36168,0,0.5784059908309175,1,2,ctd,logistic_regression,42
Q02931,Q12060,0,0.5173177603332854,1,2,ctd,logistic_regression,42
P26263,P54862,0,0.31212832813686986,0,2,ctd,logistic_regression,42
P39682,Q03373,0,0.28855179935503356,0,2,ctd,logistic_regression,42
P53914,Q08208,0,0.6951971710492869,1,2,ctd,logistic_regression,42
P32797,P39524,0,0.5513280225870948,1,2,ctd,logistic_regression,42
P04786,Q99383,0,0.5364381583621012,1,2,ctd,logistic_regression,42
P23202,P53265,0,0.6232082406814047,1,2,ctd,logistic_regression,42
P40529,Q03697,0,0.23769432181722241,0,2,ctd,logistic_regression,42
P40048,P40450,0,0.638041756373766,1,2,ctd,logistic_regression,42
Q03935,Q07904,0,0.085029962870086,0,2,ctd,logistic_regression,42
P26755,Q01590,0,0.41502014043484486,0,2,ctd,logistic_regression,42
P07248,P38879,0,0.670372441928876,1,2,ctd,logistic_regression,42
P38041,Q12194,0,0.4643193021266917,0,2,ctd,logistic_regression,42
P40969,P46963,0,0.2837876367480774,0,2,ctd,logistic_regression,42
Q06490,Q08287,0,0.3214514455450832,0,2,ctd,logistic_regression,42
P13902,P25657,0,0.5869404656767693,1,2,ctd,logistic_regression,42
P27692,P27801,0,0.6904935918157686,1,2,ctd,logistic_regression,42
P40032,P53968,0,0.6313437368753441,1,2,ctd,logistic_regression,42
P37366,P60010,0,0.5862751117022178,1,2,ctd,logistic_regression,42
P10355,P32783,0,0.4016603702719453,0,2,ctd,logistic_regression,42
P39101,P46677,0,0.47576823095076587,0,2,ctd,logistic_regression,42
P09798,Q03691,0,0.4332395570947661,0,2,ctd,logistic_regression,42
P16474,P38165,0,0.5476022498122878,1,2,ctd,logistic_regression,42
P35187,P53939,0,0.6503867702611119,1,2,ctd,logistic_regression,42
P26449,P53754,0,0.1682900917838615,0,2,ctd,logistic_regression,42
P35207,Q12216,0,0.5730060708787567,1,2,ctd,logistic_regression,42
P25648,P26570,0,0.6862765826454661,1,2,ctd,logistic_regression,42
P23291,P32790,0,0.46778978276945377,0,2,ctd,logistic_regression,42
P53108,Q08956,0,0.5316936183503108,1,2,ctd,logistic_regression,42
P11745,P20434,0,0.7981256095718802,1,2,ctd,logistic_regression,42
Q05787,Q06339,0,0.3917278705642825,0,2,ctd,logistic_regression,42
P33755,P53337,0,0.05917856504582347,0,2,ctd,logistic_regression,42
P13574,P40478,0,0.21514578425469305,0,2,ctd,logistic_regression,42
P52919,Q02805,0,0.4423554968028695,0,2,ctd,logistic_regression,42
P20448,Q04121,0,0.2995398316684959,0,2,ctd,logistic_regression,42
P34216,P53877,0,0.5246283573531041,1,2,ctd,logistic_regression,42
P05694,Q05027,0,0.3467728303845394,0,2,ctd,logistic_regression,42
P53115,Q12390,0,0.3364297739019352,0,2,ctd,logistic_regression,42
P36104,Q99299,0,0.24970543703388196,0,2,ctd,logistic_regression,42
P23337,P38265,0,0.348060319165482,0,2,ctd,logistic_regression,42
P47042,P53738,0,0.8007190093097336,1,2,ctd,logistic_regression,42
P13574,P43569,0,0.7517326694637423,1,2,ctd,logistic_regression,42
P32504,P40478,0,0.3958198830815719,0,2,ctd,logistic_regression,42
P53131,P53540,0,0.4649524948579428,0,2,ctd,logistic_regression,42
P32914,P47090,0,0.37453111860890803,0,2,ctd,logistic_regression,42
P38842,Q00618,0,0.09249760333639717,0,2,ctd,logistic_regression,42
P21651,Q04004,0,0.600158522362448,1,2,ctd,logistic_regression,42
P05375,P38313,0,0.6117510723534447,1,2,ctd,logistic_regression,42
P25342,P38439,0,0.3428312158221887,0,2,ctd,logistic_regression,42
P02294,P25046,0,0.22233599301236376,0,2,ctd,logistic_regression,42
P27895,Q03280,0,0.5313007371394524,1,2,ctd,logistic_regression,42
P39744,Q03579,0,0.1623083882654816,0,2,ctd,logistic_regression,42
P40958,Q02773,0,0.32892064355210004,0,2,ctd,logistic_regression,42
P38822,P53851,0,0.5369308899734513,1,2,ctd,logistic_regression,42
P39735,P43622,0,0.3733622773973919,0,2,ctd,logistic_regression,42
Q06665,Q12060,0,0.47955081553426426,0,2,ctd,logistic_regression,42
P33760,P46954,0,0.40583227278764245,0,2,ctd,logistic_regression,42
P43621,P53851,0,0.3445320326399624,0,2,ctd,logistic_regression,42
O13297,P00924,0,0.6300183400908628,1,2,ctd,logistic_regression,42
P08678,P15992,0,0.7437706160547096,1,2,ctd,logistic_regression,42
P40343,P46671,0,0.5773875910423742,1,2,ctd,logistic_regression,42
P01120,P40151,0,0.5883281978369557,1,2,ctd,logistic_regression,42
P38999,Q02895,0,0.7396677963245581,1,2,ctd,logistic_regression,42
P38113,Q12432,0,0.5045320093100284,1,2,ctd,logistic_regression,42
Q03920,Q12157,0,0.45189503734630115,0,2,ctd,logistic_regression,42
P54837,Q08491,0,0.28351042332909554,0,2,ctd,logistic_regression,42
P38779,Q06405,0,0.14510399379006986,0,2,ctd,logistic_regression,42
P12383,P36129,0,0.04740416514036094,0,2,ctd,logistic_regression,42
P35179,P52491,0,2.9798120391726317e-05,0,2,ctd,logistic_regression,42
Q08562,Q08886,0,0.6166663243288347,1,2,ctd,logistic_regression,42
P53824,Q12152,0,0.6279956175002945,1,2,ctd,logistic_regression,42
P39547,P40564,0,0.1775053114098824,0,2,ctd,logistic_regression,42
P39685,Q99176,0,0.33826267027302764,0,2,ctd,logistic_regression,42
P25303,Q02555,0,0.4857245397590044,0,2,ctd,logistic_regression,42
P38324,Q07980,0,0.7042670844130186,1,2,ctd,logistic_regression,42
P32793,Q12233,0,0.12698086324673166,0,2,ctd,logistic_regression,42
P38315,P50104,0,0.4673246348574442,0,2,ctd,logistic_regression,42
P25336,P40957,0,0.6912818530390098,1,2,ctd,logistic_regression,42
Q06208,Q12260,0,0.5279947106036275,1,2,ctd,logistic_regression,42
P27895,Q06488,0,0.5705282178597118,1,2,ctd,logistic_regression,42
P40020,P53221,0,0.7890210601560942,1,2,ctd,logistic_regression,42
Q04603,Q08235,0,0.5331193654415572,1,2,ctd,logistic_regression,42
P36013,P38085,0,0.31739313048902196,0,2,ctd,logistic_regression,42
Q08193,Q99189,0,0.7164026170905649,1,2,ctd,logistic_regression,42
P38041,Q12321,0,0.581859718220704,1,2,ctd,logistic_regression,42
P53253,Q04921,0,0.4350212119140499,0,2,ctd,logistic_regression,42
P11484,P47123,0,0.7083770672365749,1,2,ctd,logistic_regression,42
P25341,P53538,0,0.5018517269392166,1,2,ctd,logistic_regression,42
P40507,P47110,0,0.3068251354152352,0,2,ctd,logistic_regression,42
Q08886,Q12223,0,0.3367923539859395,0,2,ctd,logistic_regression,42
P09064,P49334,0,0.3184763490353264,0,2,ctd,logistic_regression,42
P25045,Q07688,0,0.6258466125681731,1,2,ctd,logistic_regression,42
P32328,P38826,0,0.6423851612949855,1,2,ctd,logistic_regression,42
P32915,P53322,0,0.2957391512952215,0,2,ctd,logistic_regression,42
P48813,Q06205,0,0.2108415711554743,0,2,ctd,logistic_regression,42
P07390,Q06032,0,0.4715900888562206,0,2,ctd,logistic_regression,42
P39003,Q12107,0,0.29003889418168444,0,2,ctd,logistic_regression,42
P36016,Q08975,0,0.4367289477582438,0,2,ctd,logistic_regression,42
P38768,P38957,0,0.7049852915777699,1,2,ctd,logistic_regression,42
Q02721,Q12129,0,0.493220102159603,0,2,ctd,logistic_regression,42
P11075,P35842,0,0.29366879624835596,0,2,ctd,logistic_regression,42
P16451,P38766,0,0.2891400519497805,0,2,ctd,logistic_regression,42
P12385,P38085,0,0.29594739655597563,0,2,ctd,logistic_regression,42
O74700,Q00955,0,0.8172999647201274,1,2,ctd,logistic_regression,42
Q05580,Q12102,0,0.6083448211194247,1,2,ctd,logistic_regression,42
P32805,Q12389,0,0.5347635943362742,1,2,ctd,logistic_regression,42
P38112,P53265,0,0.7272013163819513,1,2,ctd,logistic_regression,42
P26798,P53142,0,0.13128478807690183,0,2,ctd,logistic_regression,42
P38072,P54860,0,0.5093584335562409,1,2,ctd,logistic_regression,42
P32367,P39548,0,0.48665914279020744,0,2,ctd,logistic_regression,42
P00359,P35189,0,0.3859405868085265,0,2,ctd,logistic_regression,42
P25567,Q12361,0,0.38547471747331663,0,2,ctd,logistic_regression,42
P22202,P25648,0,0.6256473367125908,1,2,ctd,logistic_regression,42
P04076,P38288,0,0.6015534692719235,1,2,ctd,logistic_regression,42
P09119,Q12033,0,0.5505982094652173,1,2,ctd,logistic_regression,42
P11914,Q07904,0,0.13231576538697462,0,2,ctd,logistic_regression,42
P25579,Q03330,0,0.6868683716197173,1,2,ctd,logistic_regression,42
P38903,P46964,0,0.29029872909394083,0,2,ctd,logistic_regression,42
P35194,P43572,0,0.5791526527993854,1,2,ctd,logistic_regression,42
P41805,P53142,0,0.1283276160114906,0,2,ctd,logistic_regression,42
P53952,Q03774,0,0.5960696871627076,1,2,ctd,logistic_regression,42
P39548,P46680,0,0.5595558436917821,1,2,ctd,logistic_regression,42
P06700,P23285,0,0.46957935176715765,0,2,ctd,logistic_regression,42
P16661,Q04264,0,0.289679376107534,0,2,ctd,logistic_regression,42
P38819,P53169,0,0.36782250547168976,0,2,ctd,logistic_regression,42
P16140,Q02795,0,0.25788286367193153,0,2,ctd,logistic_regression,42
P01149,P46949,0,0.1183242734370707,0,2,ctd,logistic_regression,42
P53167,Q07442,0,0.2970704783226902,0,2,ctd,logistic_regression,42
P25635,P38319,0,0.48951432945541745,0,2,ctd,logistic_regression,42
Q04847,Q12100,0,0.7394037022738319,1,2,ctd,logistic_regression,42
P39946,P53740,0,0.25454869427268156,0,2,ctd,logistic_regression,42
P32830,P39730,0,0.6879706938645044,1,2,ctd,logistic_regression,42
P32573,P40582,0,0.6797793763799266,1,2,ctd,logistic_regression,42
P38915,Q07993,0,0.4503800124833387,0,2,ctd,logistic_regression,42
P32564,Q12267,0,0.1650295936140303,0,2,ctd,logistic_regression,42
P00331,Q12415,0,0.3518484757101836,0,2,ctd,logistic_regression,42
P18963,P38782,0,0.6375712719036079,1,2,ctd,logistic_regression,42
P22202,P47037,0,0.7288933034720037,1,2,ctd,logistic_regression,42
P28241,P40202,0,0.4434474985467772,0,2,ctd,logistic_regression,42
P39007,Q08278,0,0.34242001212426165,0,2,ctd,logistic_regression,42
P25382,P32911,0,0.6766043153116514,1,2,ctd,logistic_regression,42
P38123,P47064,0,0.6581963453375227,1,2,ctd,logistic_regression,42
P39962,Q12224,0,0.690988623396688,1,2,ctd,logistic_regression,42
P30822,P38068,0,0.44917113182613116,0,2,ctd,logistic_regression,42
P05626,P46947,0,0.5120739982762826,1,2,ctd,logistic_regression,42
P06779,Q02775,0,0.4296838029674939,0,2,ctd,logistic_regression,42
P42941,Q01649,0,0.7884012165007874,1,2,ctd,logistic_regression,42
P39008,Q07986,0,0.41385433704458313,0,2,ctd,logistic_regression,42
P22276,P27636,0,0.6659053568582145,1,2,ctd,logistic_regression,42
Q05998,Q12243,0,0.04519887237047043,0,2,ctd,logistic_regression,42
P50108,P87108,0,0.42089315100576863,0,2,ctd,logistic_regression,42
P06784,P32828,0,0.3776910554635821,0,2,ctd,logistic_regression,42
P26798,Q07732,0,0.7746228644848955,1,2,ctd,logistic_regression,42
P40475,P46954,0,0.16869071369873537,0,2,ctd,logistic_regression,42
P42946,Q12518,0,0.2798881626371589,0,2,ctd,logistic_regression,42
P32350,P53344,0,0.21741778465159758,0,2,ctd,logistic_regression,42
P40038,P43609,0,0.7545552548965618,1,2,ctd,logistic_regression,42
P38859,Q03455,0,0.3806479769467188,0,2,ctd,logistic_regression,42
P43594,P48524,0,0.696318085060358,1,2,ctd,logistic_regression,42
P13393,P33892,0,0.5559019921396083,1,2,ctd,logistic_regression,42
P33754,Q12024,0,0.658663226735655,1,2,ctd,logistic_regression,42
P53552,Q03435,0,0.476831907178225,0,2,ctd,logistic_regression,42
P46669,Q04002,0,0.4700619665891204,0,2,ctd,logistic_regression,42
P39713,P43542,0,0.3201327464824166,0,2,ctd,logistic_regression,42
P08458,P10834,0,0.326220277836469,0,2,ctd,logistic_regression,42
P05626,P42073,0,0.5809666727471978,1,2,ctd,logistic_regression,42
P53233,Q12452,0,0.20127620740753263,0,2,ctd,logistic_regression,42
P20486,P53211,0,0.7033244731064855,1,2,ctd,logistic_regression,42
P43682,Q00816,0,0.1393500268123008,0,2,ctd,logistic_regression,42
P25569,Q03148,0,0.599387564937079,1,2,ctd,logistic_regression,42
P35201,P39994,0,0.4243302280602378,0,2,ctd,logistic_regression,42
O13565,P38911,0,0.3997799850107464,0,2,ctd,logistic_regression,42
P38842,Q12495,0,0.09458261604335094,0,2,ctd,logistic_regression,42
P04046,Q08902,0,0.21777298154148653,0,2,ctd,logistic_regression,42
P50113,Q12482,0,0.6727002257937085,1,2,ctd,logistic_regression,42
P38315,P40455,0,0.40623259605306866,0,2,ctd,logistic_regression,42
P09959,Q07980,0,0.5309568649978121,1,2,ctd,logistic_regression,42
P52917,P53750,0,0.426416211618749,0,2,ctd,logistic_regression,42
P07261,Q12250,0,0.6233681861020626,1,2,ctd,logistic_regression,42
P16661,P53855,0,0.430794856965537,0,2,ctd,logistic_regression,42
P32529,Q04868,0,0.3300277947371255,0,2,ctd,logistic_regression,42
P32641,Q02100,0,0.45923376828822143,0,2,ctd,logistic_regression,42
P32571,Q04673,0,0.4357995012570451,0,2,ctd,logistic_regression,42
P16474,P22579,0,0.5349202289683981,1,2,ctd,logistic_regression,42
P35191,Q06679,0,0.4724897339372658,0,2,ctd,logistic_regression,42
P41805,Q12262,0,0.7440533435443099,1,2,ctd,logistic_regression,42
P53845,Q07904,0,0.174068847213055,0,2,ctd,logistic_regression,42
P32368,P45976,0,0.37849980829381424,0,2,ctd,logistic_regression,42
P25453,P33891,0,0.561307251815429,1,2,ctd,logistic_regression,42
P36049,P40970,0,0.7197653434805035,1,2,ctd,logistic_regression,42
Q03691,Q12494,0,0.29095376828649805,0,2,ctd,logistic_regression,42
P40187,Q03785,0,0.6069220710270522,1,2,ctd,logistic_regression,42
P02309,P47185,0,0.05691991372913613,0,2,ctd,logistic_regression,42
P06774,Q12055,0,0.5702815514710834,1,2,ctd,logistic_regression,42
P53389,Q03323,0,0.3640257755230317,0,2,ctd,logistic_regression,42
P03965,P38085,0,0.4400590976373992,0,2,ctd,logistic_regression,42
P43569,Q03465,0,0.8467982377661274,1,2,ctd,logistic_regression,42
P07276,P23642,0,0.5170540571094298,1,2,ctd,logistic_regression,42
P40073,P53886,0,0.18133720119721408,0,2,ctd,logistic_regression,42
P12383,P53044,0,0.41152401988671755,0,2,ctd,logistic_regression,42
P39925,P41544,0,0.1487682188365042,0,2,ctd,logistic_regression,42
P07264,P53108,0,0.44652080970712654,0,2,ctd,logistic_regression,42
P15367,Q06488,0,0.455950386937329,0,2,ctd,logistic_regression,42
P34241,P47064,0,0.6348674512334631,1,2,ctd,logistic_regression,42
P48566,P53851,0,0.35247540133229344,0,2,ctd,logistic_regression,42
P04786,P53941,0,0.5817451076989572,1,2,ctd,logistic_regression,42
P15891,P42941,0,0.5041152864323849,1,2,ctd,logistic_regression,42
P23644,Q01454,0,0.4763736972739765,0,2,ctd,logistic_regression,42
P32629,P38144,0,0.5908378424780668,1,2,ctd,logistic_regression,42
P16451,P32864,0,0.38345044012182306,0,2,ctd,logistic_regression,42
P06844,P40090,0,0.5079190987272875,1,2,ctd,logistic_regression,42
P28000,P38726,0,0.12745178978759517,0,2,ctd,logistic_regression,42
P18238,P39984,0,0.4051534338203271,0,2,ctd,logistic_regression,42
P08018,P28519,0,0.7328962507701249,1,2,ctd,logistic_regression,42
P07170,P40475,0,0.26059113282800134,0,2,ctd,logistic_regression,42
P14724,P21705,0,0.5260229862924163,1,2,ctd,logistic_regression,42
P12887,P15807,0,0.2932340164072894,0,2,ctd,logistic_regression,42
P29311,P40319,0,0.24063264720540992,0,2,ctd,logistic_regression,42
P25453,Q07657,0,0.56795485182531,1,2,ctd,logistic_regression,42
P07149,P43621,0,0.42335492138924785,0,2,ctd,logistic_regression,42
P38907,Q07468,0,0.5407193900955493,1,2,ctd,logistic_regression,42
P33303,P53316,0,0.4604774724780491,0,2,ctd,logistic_regression,42
P00331,P38337,0,0.6720209132134485,1,2,ctd,logistic_regression,42
P43569,Q03940,0,0.6719264878819584,1,2,ctd,logistic_regression,42
P10507,P39523,0,0.5319805190001609,1,2,ctd,logistic_regression,42
P36053,P38784,0,0.31360899923733626,0,2,ctd,logistic_regression,42
P04817,P42884,0,0.40565611685140646,0,2,ctd,logistic_regression,42
P12684,P40555,0,0.5320134938417361,1,2,ctd,logistic_regression,42
P36034,P52488,0,0.30961586017710513,0,2,ctd,logistic_regression,42
P40529,Q08278,0,0.6243425395433874,1,2,ctd,logistic_regression,42
Q06675,Q12300,0,0.43546238422504935,0,2,ctd,logistic_regression,42
P22579,P43568,0,0.5316723098266326,1,2,ctd,logistic_regression,42
P38261,P53961,0,0.1590296788892673,0,2,ctd,logistic_regression,42
P53079,P53886,0,0.7003936337067214,1,2,ctd,logistic_regression,42
P36084,P39935,0,0.7504740844732334,1,2,ctd,logistic_regression,42
P38163,P38702,0,0.609296526904383,1,2,ctd,logistic_regression,42
P04050,P40091,0,0.5355824313409561,1,2,ctd,logistic_regression,42
P46974,P53840,0,0.6117252438116271,1,2,ctd,logistic_regression,42
P33297,Q08902,0,0.18518411072280191,0,2,ctd,logistic_regression,42
P53010,P54784,0,0.47974313017884795,0,2,ctd,logistic_regression,42
P46947,Q12406,0,0.428250950684298,0,2,ctd,logistic_regression,42
P38931,P40479,0,0.43729999933112396,0,2,ctd,logistic_regression,42
P10834,P32589,0,0.6462434543618858,1,2,ctd,logistic_regression,42
P23639,P29539,0,0.4702693917891532,0,2,ctd,logistic_regression,42
P32945,P53735,0,0.47763069274621084,0,2,ctd,logistic_regression,42
P20050,P33307,0,0.4580877859557361,0,2,ctd,logistic_regression,42
P23285,P31383,0,0.7007947282052462,1,2,ctd,logistic_regression,42
P33760,P53253,0,0.34777953403144996,0,2,ctd,logistic_regression,42
P15938,P47083,0,0.2153760458929861,0,2,ctd,logistic_regression,42
P30902,P39678,0,0.6704249265135969,1,2,ctd,logistic_regression,42
P36520,P40518,0,0.4548192776682203,0,2,ctd,logistic_regression,42
P27472,Q12443,0,0.8352396156598362,1,2,ctd,logistic_regression,42
P32787,Q12124,0,0.18104009524228026,0,2,ctd,logistic_regression,42
Q04002,Q12749,0,0.564017925458571,1,2,ctd,logistic_regression,42
P11747,P31244,0,0.16219088517247046,0,2,ctd,logistic_regression,42
P36130,Q04935,0,0.6697320007997439,1,2,ctd,logistic_regression,42
P38627,P38781,0,0.48184699734843134,0,2,ctd,logistic_regression,42
P30771,P38251,0,0.5372433855486424,1,2,ctd,logistic_regression,42
P23595,P53191,0,0.8235955691025303,1,2,ctd,logistic_regression,42
P43545,Q12255,0,0.37933386962247034,0,2,ctd,logistic_regression,42
P06102,Q08465,0,0.537407498709441,1,2,ctd,logistic_regression,42
P45818,P48361,0,0.5997211725424202,1,2,ctd,logistic_regression,42
Q02892,Q03323,0,0.5520167252791869,1,2,ctd,logistic_regression,42
P40032,Q12361,0,0.3601061855399677,0,2,ctd,logistic_regression,42
P32600,P38993,0,0.5401867500131795,1,2,ctd,logistic_regression,42
P53750,Q06449,0,0.6492700169307805,1,2,ctd,logistic_regression,42
P07278,Q12464,0,0.49128921848237167,0,2,ctd,logistic_regression,42
P09119,Q03406,0,0.45828396846618563,0,2,ctd,logistic_regression,42
P38699,P38998,0,0.5531692258930502,1,2,ctd,logistic_regression,42
P07256,P39994,0,0.4548522834623211,0,2,ctd,logistic_regression,42
P32387,P53010,0,0.4994306863768576,0,2,ctd,logistic_regression,42
P46677,P53344,0,0.21741298345075008,0,2,ctd,logistic_regression,42
P43545,Q00955,0,0.7526850083327,1,2,ctd,logistic_regression,42
P40453,P47123,0,0.6436884164565256,1,2,ctd,logistic_regression,42
P00854,Q05027,0,0.02207569680640184,0,2,ctd,logistic_regression,42
P52488,Q04601,0,0.670178066472965,1,2,ctd,logistic_regression,42
P28004,Q08109,0,0.44524964023404284,0,2,ctd,logistic_regression,42
P29295,Q12035,0,0.41455234759068044,0,2,ctd,logistic_regression,42
P22140,P80428,0,0.26284054953776753,0,2,ctd,logistic_regression,42
P38903,Q04847,0,0.7492193117528723,1,2,ctd,logistic_regression,42
P14306,Q12216,0,0.3672184989959385,0,2,ctd,logistic_regression,42
P32803,P53905,0,0.06915048217788224,0,2,ctd,logistic_regression,42
P32902,P36094,0,0.43686103445076924,0,2,ctd,logistic_regression,42
P33767,P40574,0,0.5549284454926727,1,2,ctd,logistic_regression,42
P32578,P40475,0,0.27227606488949785,0,2,ctd,logistic_regression,42
P32479,Q12335,0,0.5330355499040296,1,2,ctd,logistic_regression,42
P36016,Q08096,0,0.4087262091299181,0,2,ctd,logistic_regression,42
P38705,Q03940,0,0.3850411397985653,0,2,ctd,logistic_regression,42
P08539,Q03897,0,0.6256685090019882,1,2,ctd,logistic_regression,42
Q07921,Q12082,0,0.410899548257443,0,2,ctd,logistic_regression,42
P38302,Q08732,0,0.6235197676556388,1,2,ctd,logistic_regression,42
P53207,Q07509,0,0.1856372443518005,0,2,ctd,logistic_regression,42
P38636,P46965,0,0.8528834838929222,1,2,ctd,logistic_regression,42
P38962,Q08491,0,0.3884180272117523,0,2,ctd,logistic_regression,42
P20676,P41921,0,0.5107311349038142,1,2,ctd,logistic_regression,42
P38883,P47821,0,0.4653640000104637,0,2,ctd,logistic_regression,42
P38615,Q12006,0,0.6870632944821682,1,2,ctd,logistic_regression,42
P22140,Q01080,0,0.29288578574157037,0,2,ctd,logistic_regression,42
P33313,P53096,0,0.5639297715929819,1,2,ctd,logistic_regression,42
P08431,P40075,0,0.5259062769128389,1,2,ctd,logistic_regression,42
P32939,P35191,0,0.49182386649253257,0,2,ctd,logistic_regression,42
P52553,P53181,0,0.15438150018589036,0,2,ctd,logistic_regression,42
P25299,Q02932,0,0.6413442822967638,1,2,ctd,logistic_regression,42
P05986,P53735,0,0.4904551701464828,0,2,ctd,logistic_regression,42
P17442,P23833,0,0.38058611191894137,0,2,ctd,logistic_regression,42
P32325,Q12060,0,0.5530173871914422,1,2,ctd,logistic_regression,42
P33334,P34227,0,0.5079190883735858,1,2,ctd,logistic_regression,42
P04147,Q06490,0,0.4498289289206603,0,2,ctd,logistic_regression,42
P25045,Q07442,0,0.47718098978892143,0,2,ctd,logistic_regression,42
P26570,P53211,0,0.5784814772523034,1,2,ctd,logistic_regression,42
P32898,P47166,0,0.5547993277418467,1,2,ctd,logistic_regression,42
P43682,Q04675,0,0.100677980865595,0,2,ctd,logistic_regression,42
P32494,P42884,0,0.5905080553280577,1,2,ctd,logistic_regression,42
P40066,P40496,0,0.196154364021363,0,2,ctd,logistic_regression,42
P20434,P34217,0,0.5595780914534364,1,2,ctd,logistic_regression,42
P53941,P54862,0,0.2263310971138071,0,2,ctd,logistic_regression,42
P32618,Q08004,0,0.22099721924848165,0,2,ctd,logistic_regression,42
P14922,P38273,0,0.367370867084341,0,2,ctd,logistic_regression,42
P40357,Q05871,0,0.20632156503386523,0,2,ctd,logistic_regression,42
P47912,Q03761,0,0.41708827723420716,0,2,ctd,logistic_regression,42
P23394,P36520,0,0.7291707613675873,1,2,ctd,logistic_regression,42
P38810,P53616,0,0.6247648041120067,1,2,ctd,logistic_regression,42
Q02805,Q04067,0,0.8110371747309465,1,2,ctd,logistic_regression,42
P50105,Q06708,0,0.8424147331392573,1,2,ctd,logistic_regression,42
P53437,Q12335,0,0.5809162303702136,1,2,ctd,logistic_regression,42
P29295,Q07509,0,0.21420452555231886,0,2,ctd,logistic_regression,42
Q04089,Q12100,0,0.674905202497413,1,2,ctd,logistic_regression,42
P38817,P53269,0,0.36414691800890614,0,2,ctd,logistic_regression,42
P22035,P33338,0,0.6158608798432874,1,2,ctd,logistic_regression,42
P38627,P38907,0,0.7375061002427739,1,2,ctd,logistic_regression,42
Q02516,Q03455,0,0.2640800637504969,0,2,ctd,logistic_regression,42
P10869,P24384,0,0.5385404393962745,1,2,ctd,logistic_regression,42
P29496,P32479,0,0.6467982007553769,1,2,ctd,logistic_regression,42
Q03690,Q05359,0,0.3765307603970211,0,2,ctd,logistic_regression,42
P16370,P38805,0,0.6608108485499505,1,2,ctd,logistic_regression,42
P32916,P40485,0,0.5215430508017747,1,2,ctd,logistic_regression,42
Q03697,Q12034,0,0.3468682509730723,0,2,ctd,logistic_regression,42
P32939,Q12161,0,0.2676609674371391,0,2,ctd,logistic_regression,42
P54790,Q06103,0,0.7026849194837235,1,2,ctd,logistic_regression,42
P38089,P38827,0,0.5920988504887046,1,2,ctd,logistic_regression,42
P46964,Q04307,0,0.0479268665050508,0,2,ctd,logistic_regression,42
P40565,Q12071,0,0.4998005048453099,0,2,ctd,logistic_regression,42
P32832,P47012,0,0.7467099997708262,1,2,ctd,logistic_regression,42
P02294,P19812,0,0.4273871633834397,0,2,ctd,logistic_regression,42
P32859,P53890,0,0.32448203577354423,0,2,ctd,logistic_regression,42
P10834,Q00582,0,0.21059696229725677,0,2,ctd,logistic_regression,42
P07560,P38723,0,0.4889163952105755,0,2,ctd,logistic_regression,42
Q03213,Q06102,0,0.4501119464645383,0,2,ctd,logistic_regression,42
P26754,Q08235,0,0.7666303529361456,1,2,ctd,logistic_regression,42
P36049,P47061,0,0.5769187836952611,1,2,ctd,logistic_regression,42
P26755,Q02932,0,0.6748913773296771,1,2,ctd,logistic_regression,42
Q00772,Q07657,0,0.7338777196357323,1,2,ctd,logistic_regression,42
P23179,Q05874,0,0.3975467596981736,0,2,ctd,logistic_regression,42
P28000,P35497,0,0.42171262790187714,0,2,ctd,logistic_regression,42
P09119,P36006,0,0.5760152089866549,1,2,ctd,logistic_regression,42
P32628,P39704,0,0.12163458905125436,0,2,ctd,logistic_regression,42
P43562,P53236,0,0.145431182550728,0,2,ctd,logistic_regression,42
P00420,P40164,0,0.3296254895567016,0,2,ctd,logistic_regression,42
P00330,P53857,0,0.5468388286684386,1,2,ctd,logistic_regression,42
P20436,Q06405,0,0.17334750752059594,0,2,ctd,logistic_regression,42
P04386,P41800,0,0.5058683331364137,1,2,ctd,logistic_regression,42
P53136,Q12030,0,0.3961531303172387,0,2,ctd,logistic_regression,42
P16658,P19736,0,0.7533702544272589,1,2,ctd,logistic_regression,42
Q03655,Q07508,0,0.5506277906801006,1,2,ctd,logistic_regression,42
P32634,P39101,0,0.4512170488010962,0,2,ctd,logistic_regression,42
O13565,P53740,0,0.4844686591970196,0,2,ctd,logistic_regression,42
P02557,P47027,0,0.6446320534322806,1,2,ctd,logistic_regression,42
P11076,Q06208,0,0.14916699513857223,0,2,ctd,logistic_regression,42
P40064,P53877,0,0.6019349203610397,1,2,ctd,logistic_regression,42
P32334,P40956,0,0.1213686666482487,0,2,ctd,logistic_regression,42
P53959,Q12045,0,0.6611939624273373,1,2,ctd,logistic_regression,42
P14741,Q05998,0,0.27944657606420314,0,2,ctd,logistic_regression,42
P09440,Q12495,0,0.6525548684236313,1,2,ctd,logistic_regression,42
P14164,Q99278,0,0.6116836302784946,1,2,ctd,logistic_regression,42
P33418,P54837,0,0.11126144672140223,0,2,ctd,logistic_regression,42
P32566,P43594,0,0.4262073057442645,0,2,ctd,logistic_regression,42
P32634,P33303,0,0.4171997555024573,0,2,ctd,logistic_regression,42
P47090,P47116,0,0.17658525374373502,0,2,ctd,logistic_regression,42
P24813,P38286,0,0.1564737117385911,0,2,ctd,logistic_regression,42
P12294,P20436,0,0.09910541822677474,0,2,ctd,logistic_regression,42
P39107,Q08562,0,0.6144014476395471,1,2,ctd,logistic_regression,42
Q06160,Q12050,0,0.4843945546000017,0,2,ctd,logistic_regression,42
P27999,P32525,0,0.1694663768681561,0,2,ctd,logistic_regression,42
P30657,P80428,0,0.7487926908156091,1,2,ctd,logistic_regression,42
P10622,Q12336,0,0.8399944473979546,1,2,ctd,logistic_regression,42
P08678,Q08208,0,0.8335816027045395,1,2,ctd,logistic_regression,42
P10823,P48559,0,0.6213574416896787,1,2,ctd,logistic_regression,42
P38744,Q06624,0,0.6602903299650632,1,2,ctd,logistic_regression,42
P38829,P39001,0,0.5566975992610803,1,2,ctd,logistic_regression,42
P54199,Q12066,0,0.5683199874814479,1,2,ctd,logistic_regression,42
P06100,P40151,0,0.554288922988651,1,2,ctd,logistic_regression,42
P38959,Q06208,0,0.3782983284790658,0,2,ctd,logistic_regression,42
P10659,P15938,0,0.5223046061356593,1,2,ctd,logistic_regression,42
P38910,P47035,0,0.3228751992601661,0,2,ctd,logistic_regression,42
P38930,P39007,0,0.4180588637929226,0,2,ctd,logistic_regression,42
Q02555,Q12009,0,0.47972984502377275,0,2,ctd,logistic_regression,42
P13574,P38282,0,0.6483120120421428,1,2,ctd,logistic_regression,42
P53861,Q06208,0,0.5421227087620175,1,2,ctd,logistic_regression,42
P16522,Q02794,0,0.4837931980040191,0,2,ctd,logistic_regression,42
P39011,Q04048,0,0.520039473513784,1,2,ctd,logistic_regression,42
P40518,Q02336,0,0.42058080256317615,0,2,ctd,logistic_regression,42
P21339,Q08550,0,0.7689132099135563,1,2,ctd,logistic_regression,42
P32849,P38784,0,0.26923997445461906,0,2,ctd,logistic_regression,42
P21957,P25296,0,0.35929606576929307,0,2,ctd,logistic_regression,42
Q02908,Q07540,0,0.578013759372784,1,2,ctd,logistic_regression,42
P32334,P53086,0,0.5375705203218987,1,2,ctd,logistic_regression,42
P32499,P38727,0,0.3489727121115396,0,2,ctd,logistic_regression,42
Q12380,Q99344,0,0.2412706336070362,0,2,ctd,logistic_regression,42
P33329,P33335,0,0.39371518721023024,0,2,ctd,logistic_regression,42
P38789,Q02336,0,0.5472453317163608,1,2,ctd,logistic_regression,42
P23287,P38699,0,0.4796968356636131,0,2,ctd,logistic_regression,42
P29311,P38993,0,0.5221679963270686,1,2,ctd,logistic_regression,42
Q03213,Q05580,0,0.5660444860979272,1,2,ctd,logistic_regression,42
P12683,P37370,0,0.41632277187254635,0,2,ctd,logistic_regression,42
P32783,P40510,0,0.5815944828267877,1,2,ctd,logistic_regression,42
P38272,P39713,0,0.46419653473575817,0,2,ctd,logistic_regression,42
P45818,P53171,0,0.5470733507692378,1,2,ctd,logistic_regression,42
P47110,Q08911,0,0.784351908819975,1,2,ctd,logistic_regression,42
P38191,Q04359,0,0.7333509257701757,1,2,ctd,logistic_regression,42
P53337,Q08492,0,0.04175228159509069,0,2,ctd,logistic_regression,42
P32367,Q04005,0,0.4174156652478578,0,2,ctd,logistic_regression,42
P32571,P38429,0,0.7449946655509807,1,2,ctd,logistic_regression,42
P32499,P46957,0,0.43091017788697555,0,2,ctd,logistic_regression,42
P53196,Q06405,0,0.28338801282624165,0,2,ctd,logistic_regression,42
P40528,P87108,0,0.29620073604237884,0,2,ctd,logistic_regression,42
P00729,P23595,0,0.49878483117287015,0,2,ctd,logistic_regression,42
P35056,Q08204,0,0.7764194440794305,1,2,ctd,logistic_regression,42
P87108,Q12129,0,0.3648213474097308,0,2,ctd,logistic_regression,42
P02294,P38837,0,0.06976102345101093,0,2,ctd,logistic_regression,42
O13530,P36145,0,0.013718378899484568,0,2,ctd,logistic_regression,42
P53740,Q03785,0,0.4138306923734682,0,2,ctd,logistic_regression,42
P12683,Q04225,0,0.312416181385655,0,2,ctd,logistic_regression,42
P32610,P38967,0,0.1548046838519774,0,2,ctd,logistic_regression,42
P25651,P40971,0,0.46571195937269855,0,2,ctd,logistic_regression,42
P19145,P54784,0,0.2367209096402757,0,2,ctd,logistic_regression,42
P53258,P53952,0,0.5999329563248849,1,2,ctd,logistic_regression,42
P53032,Q03691,0,0.25178272791558903,0,2,ctd,logistic_regression,42
P12945,P39875,0,0.4485538514554669,0,2,ctd,logistic_regression,42
Q08732,Q12174,0,0.25514962922523365,0,2,ctd,logistic_regression,42
P14736,P38957,0,0.564533847989724,1,2,ctd,logistic_regression,42
P12294,P53130,0,0.010717685531774681,0,2,ctd,logistic_regression,42
P38351,P40302,0,0.31170882543780326,0,2,ctd,logistic_regression,42
P24867,Q12223,0,0.30485733760729883,0,2,ctd,logistic_regression,42
P39113,Q12206,0,0.33323421867030606,0,2,ctd,logistic_regression,42
P25376,P25659,0,0.5623671742836666,1,2,ctd,logistic_regression,42
P34241,P48559,0,0.4814569361209962,0,2,ctd,logistic_regression,42
P26309,P38266,0,0.48505532949495034,0,2,ctd,logistic_regression,42
P23287,Q00772,0,0.6056384530153099,1,2,ctd,logistic_regression,42
Q07921,Q12151,0,0.8061982762427281,1,2,ctd,logistic_regression,42
P43561,P47090,0,0.2249759803730851,0,2,ctd,logistic_regression,42
P28004,P53265,0,0.6068633674961629,1,2,ctd,logistic_regression,42
P32559,Q06411,0,0.4991999170057178,0,2,ctd,logistic_regression,42
P32485,P53910,0,0.5939822270936126,1,2,ctd,logistic_regression,42
P32828,Q12208,0,0.5507963565251329,1,2,ctd,logistic_regression,42
P20437,P41695,0,0.5852733416975137,1,2,ctd,logistic_regression,42
P21304,P39010,0,0.385962396930409,0,2,ctd,logistic_regression,42
P13185,P16522,0,0.7402038659693474,1,2,ctd,logistic_regression,42
P38960,Q08962,0,0.3853220839013184,0,2,ctd,logistic_regression,42
P32836,P36162,0,0.8016712133705601,1,2,ctd,logistic_regression,42
P33335,P41813,0,0.2855573598032721,0,2,ctd,logistic_regression,42
P34252,P40561,0,0.3787408892512627,0,2,ctd,logistic_regression,42
P17505,P38313,0,0.5533042476161829,1,2,ctd,logistic_regression,42
P00445,P46678,0,0.21186432162507698,0,2,ctd,logistic_regression,42
P21951,P40355,0,0.433380393201741,0,2,ctd,logistic_regression,42
P25580,Q08217,0,0.5365851380471318,1,2,ctd,logistic_regression,42
P25298,Q06525,0,0.33560838068799087,0,2,ctd,logistic_regression,42
P39967,Q03940,0,0.4568706071984102,0,2,ctd,logistic_regression,42
P53388,Q08004,0,0.0947523565796964,0,2,ctd,logistic_regression,42
P11747,P39944,0,0.34393960596042084,0,2,ctd,logistic_regression,42
P10081,P39011,0,0.6826146305459397,1,2,ctd,logistic_regression,42
Q06679,Q07914,0,0.2633063648191732,0,2,ctd,logistic_regression,42
P35203,Q12336,0,0.4587112490065789,0,2,ctd,logistic_regression,42
P40960,P53209,0,0.3040051993593548,0,2,ctd,logistic_regression,42
P47052,Q05080,0,0.5890431067767903,1,2,ctd,logistic_regression,42
P33441,P36049,0,0.7547730129324313,1,2,ctd,logistic_regression,42
P21651,Q06616,0,0.6111329096670042,1,2,ctd,logistic_regression,42
P30902,P38967,0,0.19234385050741065,0,2,ctd,logistic_regression,42
Q04322,Q12157,0,0.3652956262216126,0,2,ctd,logistic_regression,42
P00958,P21651,0,0.5865465843577667,1,2,ctd,logistic_regression,42
P06700,P32525,0,0.5437093571873166,1,2,ctd,logistic_regression,42
P10355,P35179,0,0.09712662524642811,0,2,ctd,logistic_regression,42
P01123,P21657,0,0.7661310430875021,1,2,ctd,logistic_regression,42
P25346,P29469,0,0.19042583646856584,0,2,ctd,logistic_regression,42
P20457,P53912,0,0.47223318521514074,0,2,ctd,logistic_regression,42
P33296,P41834,0,0.5087197741949878,1,2,ctd,logistic_regression,42
P17106,Q12154,0,0.443081412093672,0,2,ctd,logistic_regression,42
P38274,Q12035,0,0.3811529563045163,0,2,ctd,logistic_regression,42
P08518,P22141,0,0.695253425686851,1,2,ctd,logistic_regression,42
P47176,Q06135,0,0.3443845082774413,0,2,ctd,logistic_regression,42
P19097,P47027,0,0.5387339667704417,1,2,ctd,logistic_regression,42
P13259,Q12159,0,0.4340835438465522,0,2,ctd,logistic_regression,42
Q02890,Q12402,0,0.21374722501397683,0,2,ctd,logistic_regression,42
P07703,P19145,0,0.35209997978604635,0,2,ctd,logistic_regression,42
P30605,P32450,0,0.20690038887262108,0,2,ctd,logistic_regression,42
P14907,P32558,0,0.27169399303173924,0,2,ctd,logistic_regression,42
P54861,Q12050,0,0.4909181621362599,0,2,ctd,logistic_regression,42
P41546,P48606,0,0.24836330065039816,0,2,ctd,logistic_regression,42
P38302,P41805,0,0.20023066872165798,0,2,ctd,logistic_regression,42
P13586,P23291,0,0.34599463506497646,0,2,ctd,logistic_regression,42
P33754,P46677,0,0.46461811739459374,0,2,ctd,logistic_regression,42
P29509,Q03290,0,0.48345047151712855,0,2,ctd,logistic_regression,42
P32074,Q12402,0,0.4645694780245869,0,2,ctd,logistic_regression,42
P40075,P53865,0,0.5779706074445355,1,2,ctd,logistic_regression,42
P32356,Q12194,0,0.269929061591802,0,2,ctd,logistic_regression,42
P09435,P53049,1,0.36795189305342907,0,3,ctd,logistic_regression,42
P00044,P32450,1,0.8756469606916542,1,3,ctd,logistic_regression,42
O14467,P32565,1,0.7825928865079781,1,3,ctd,logistic_regression,42
P25559,Q02875,1,0.5656626270884233,1,3,ctd,logistic_regression,42
P09232,P39958,1,0.7430015837799689,1,3,ctd,logistic_regression,42
P42841,P53147,1,0.4491295998242207,0,3,ctd,logistic_regression,42
P38789,Q12483,1,0.565914513833692,1,3,ctd,logistic_regression,42
P27614,P39076,1,0.6648783574388805,1,3,ctd,logistic_regression,42
P08431,Q06142,1,0.6494102085832103,1,3,ctd,logistic_regression,42
P25357,P32480,1,0.6145519892157358,1,3,ctd,logistic_regression,42
P17123,Q06679,1,0.39126726293861175,0,3,ctd,logistic_regression,42
P19145,P38149,1,0.39502998832250497,0,3,ctd,logistic_regression,42
P07270,P38801,1,0.32709097609086163,0,3,ctd,logistic_regression,42
P53067,Q03957,1,0.5098061285319808,1,3,ctd,logistic_regression,42
P00359,P32864,1,0.4450858432828016,0,3,ctd,logistic_regression,42
P38805,P40335,1,0.3148423154074656,0,3,ctd,logistic_regression,42
P32504,Q04411,1,0.3102601209350414,0,3,ctd,logistic_regression,42
P47104,Q07915,1,0.5830151002887747,1,3,ctd,logistic_regression,42
P38293,P51601,1,0.7782294755878191,1,3,ctd,logistic_regression,42
P40007,Q08217,1,0.5306334971282294,1,3,ctd,logistic_regression,42
P12753,P30771,1,0.6316924148205607,1,3,ctd,logistic_regression,42
P41318,Q04660,1,0.48307396466131175,0,3,ctd,logistic_regression,42
P33299,Q12264,1,0.14247609407023232,0,3,ctd,logistic_regression,42
P40965,Q12152,1,0.7416080968078709,1,3,ctd,logistic_regression,42
P06103,Q03898,1,0.4888616524524761,0,3,ctd,logistic_regression,42
P47113,Q00582,1,0.39544806671495303,0,3,ctd,logistic_regression,42
P32492,Q08949,1,0.59574267877561,1,3,ctd,logistic_regression,42
P36094,Q12084,1,0.4529194050230387,0,3,ctd,logistic_regression,42
P49687,Q03322,1,0.5542298444937643,1,3,ctd,logistic_regression,42
P38682,P39940,1,0.5918224667810389,1,3,ctd,logistic_regression,42
P05317,P05453,1,0.8756156251996641,1,3,ctd,logistic_regression,42
P39742,Q12344,1,0.6117059318362389,1,3,ctd,logistic_regression,42
P40091,Q07930,1,0.7710047604962907,1,3,ctd,logistic_regression,42
P00931,P39563,1,0.7467302092386118,1,3,ctd,logistic_regression,42
P35177,P39534,1,0.4532283450013149,0,3,ctd,logistic_regression,42
P39926,P53628,1,0.2646398253462389,0,3,ctd,logistic_regression,42
P16451,P31378,1,0.34270073948995905,0,3,ctd,logistic_regression,42
P38827,P50104,1,0.6444196825668448,1,3,ctd,logistic_regression,42
P47135,P53949,1,0.8682813645058024,1,3,ctd,logistic_regression,42
P27895,P53011,1,0.48635252787545935,0,3,ctd,logistic_regression,42
P38788,P40009,1,0.7218927929685293,1,3,ctd,logistic_regression,42
P32802,Q12124,1,0.06699992691693517,0,3,ctd,logistic_regression,42
P12868,P16140,1,0.5846671178905186,1,3,ctd,logistic_regression,42
P36172,P51862,1,0.4644745564665641,0,3,ctd,logistic_regression,42
P29703,Q02875,1,0.7567035999120444,1,3,ctd,logistic_regression,42
P41811,Q12063,1,0.4552301903947157,0,3,ctd,logistic_regression,42
P06738,P18562,1,0.4285116038841196,0,3,ctd,logistic_regression,42
P32471,P38859,1,0.667807781936042,1,3,ctd,logistic_regression,42
P15442,P39718,1,0.3978016151327496,0,3,ctd,logistic_regression,42
P25515,P38757,1,0.5515469179099214,1,3,ctd,logistic_regression,42
P11484,P32898,1,0.6611784712391754,1,3,ctd,logistic_regression,42
Q05949,Q12460,1,0.4873505105612992,0,3,ctd,logistic_regression,42
P14724,P36049,1,0.5887950926845477,1,3,ctd,logistic_regression,42
P11484,P33895,1,0.6401308897108778,1,3,ctd,logistic_regression,42
P12385,P38208,1,0.5230448249381797,1,3,ctd,logistic_regression,42
P29509,Q12452,1,0.3832927984797731,0,3,ctd,logistic_regression,42
P25649,P39904,1,0.776859392912225,1,3,ctd,logistic_regression,42
P47129,Q05636,1,0.5921902776838047,1,3,ctd,logistic_regression,42
P25333,P53968,1,0.7452192336475438,1,3,ctd,logistic_regression,42
P38883,P50091,1,0.6248326351666837,1,3,ctd,logistic_regression,42
P22336,P39926,1,0.3357104348865542,0,3,ctd,logistic_regression,42
P38720,P50091,1,0.545187220874775,1,3,ctd,logistic_regression,42
P38903,Q04651,1,0.517940097287416,1,3,ctd,logistic_regression,42
P33400,P46677,1,0.41059151045268844,0,3,ctd,logistic_regression,42
P18898,P51601,1,0.7481544196475878,1,3,ctd,logistic_regression,42
P16521,P39008,1,0.6845490485256541,1,3,ctd,logistic_regression,42
P28000,Q7LIF1,1,0.16389473846363134,0,3,ctd,logistic_regression,42
P12754,P42839,1,0.5218690294427781,1,3,ctd,logistic_regression,42
Q03048,Q04739,1,0.8283068156744603,1,3,ctd,logistic_regression,42
P19882,P25390,1,0.705499224231016,1,3,ctd,logistic_regression,42
O13553,P02994,1,0.4977192668953801,0,3,ctd,logistic_regression,42
Q03435,Q12415,1,0.5015609074634336,1,3,ctd,logistic_regression,42
P36100,P39875,1,0.3329655795976291,0,3,ctd,logistic_regression,42
P32481,P40471,1,0.7296227880761774,1,3,ctd,logistic_regression,42
P12611,P53256,1,0.6982495862079734,1,3,ctd,logistic_regression,42
P33760,Q12418,1,0.39343676788635684,0,3,ctd,logistic_regression,42
P32324,P49166,1,0.9439301771161074,1,3,ctd,logistic_regression,42
P20604,P53185,1,0.5699048221129966,1,3,ctd,logistic_regression,42
P32802,P47113,1,0.20445469016518242,0,3,ctd,logistic_regression,42
P18961,P38041,1,0.8124221320879934,1,3,ctd,logistic_regression,42
P13712,Q04894,1,0.5459665896204481,1,3,ctd,logistic_regression,42
P23287,Q06216,1,0.6342622202931707,1,3,ctd,logistic_regression,42
P25659,Q03899,1,0.61473845613731,1,3,ctd,logistic_regression,42
P27614,P40573,1,0.548553789252972,1,3,ctd,logistic_regression,42
P13712,Q99383,1,0.7209893605147656,1,3,ctd,logistic_regression,42
P32600,P39713,1,0.5667328370097445,1,3,ctd,logistic_regression,42
P40518,P47079,1,0.6045843589855416,1,3,ctd,logistic_regression,42
P24871,P40473,1,0.7346417753542752,1,3,ctd,logistic_regression,42
P20435,P53104,1,0.6629875328727685,1,3,ctd,logistic_regression,42
P32796,P38872,1,0.4493444707473101,0,3,ctd,logistic_regression,42
P02293,P40316,1,0.26098998187452804,0,3,ctd,logistic_regression,42
P34730,P38768,1,0.7336646396555133,1,3,ctd,logistic_regression,42
P13365,P47104,1,0.42827150888767246,0,3,ctd,logistic_regression,42
P17157,P30771,1,0.5593945234422302,1,3,ctd,logistic_regression,42
P35190,P38874,1,0.7028902017951275,1,3,ctd,logistic_regression,42
P14681,P24867,1,0.5176299233298077,1,3,ctd,logistic_regression,42
P47122,P48837,1,0.36456466311923685,0,3,ctd,logistic_regression,42
P41805,Q12151,1,0.6803707632709469,1,3,ctd,logistic_regression,42
P26755,Q07913,1,0.7227531311996123,1,3,ctd,logistic_regression,42
P32581,Q08162,1,0.64904635715067,1,3,ctd,logistic_regression,42
P32855,P38991,1,0.6356303127534993,1,3,ctd,logistic_regression,42
P53258,Q12154,1,0.6447610259702723,1,3,ctd,logistic_regression,42
P32523,P47019,1,0.30767935132283386,0,3,ctd,logistic_regression,42
P26448,P38070,1,0.36405814479553855,0,3,ctd,logistic_regression,42
P38627,P53912,1,0.7242115127825154,1,3,ctd,logistic_regression,42
P19880,Q04053,1,0.6591359206979297,1,3,ctd,logistic_regression,42
P06843,Q04359,1,0.8630057509643625,1,3,ctd,logistic_regression,42
P19145,Q06479,1,0.4128315271741508,0,3,ctd,logistic_regression,42
P32327,P32793,1,0.32601606889256796,0,3,ctd,logistic_regression,42
P25333,P80667,1,0.5384965052523206,1,3,ctd,logistic_regression,42
P32524,Q12045,1,0.6630606426681492,1,3,ctd,logistic_regression,42
P17555,P38283,1,0.4750758617776203,0,3,ctd,logistic_regression,42
P20606,P53829,1,0.5649732084682701,1,3,ctd,logistic_regression,42
P43592,Q05080,1,0.6623801615598045,1,3,ctd,logistic_regression,42
P33329,Q08931,1,0.8986102340604278,1,3,ctd,logistic_regression,42
P32495,Q03690,1,0.6741599056746337,1,3,ctd,logistic_regression,42
P22133,P53632,1,0.45272106486743535,0,3,ctd,logistic_regression,42
Q06628,Q07376,1,0.3408265506791244,0,3,ctd,logistic_regression,42
P32573,Q02199,1,0.4431619428539824,0,3,ctd,logistic_regression,42
P39713,Q12045,1,0.5719921052931302,1,3,ctd,logistic_regression,42
P53933,Q12168,1,0.38961740063387446,0,3,ctd,logistic_regression,42
P38806,P50095,1,0.7488292187687262,1,3,ctd,logistic_regression,42
P19262,P36149,1,0.34486806442390255,0,3,ctd,logistic_regression,42
P32945,Q12084,1,0.6284195192273354,1,3,ctd,logistic_regression,42
P32634,P57743,1,0.3561290031068054,0,3,ctd,logistic_regression,42
P14681,P31382,1,0.6261488552652128,1,3,ctd,logistic_regression,42
P53743,Q02793,1,0.7116901238528764,1,3,ctd,logistic_regression,42
P13711,P23642,1,0.5036060361922434,1,3,ctd,logistic_regression,42
P38348,P53755,1,0.6785709292133785,1,3,ctd,logistic_regression,42
P38726,P38829,1,0.330235667812817,0,3,ctd,logistic_regression,42
P53036,Q08558,1,0.4747355119838609,0,3,ctd,logistic_regression,42
P28834,P31109,1,0.7086924908375841,1,3,ctd,logistic_regression,42
P33895,P38814,1,0.6767192364101414,1,3,ctd,logistic_regression,42
P47083,Q02866,1,0.20206247774168098,0,3,ctd,logistic_regression,42
Q02199,Q04217,1,0.40101924994730076,0,3,ctd,logistic_regression,42
P21242,P53900,1,0.7531794108292721,1,3,ctd,logistic_regression,42
Q03323,Q7LIF1,1,0.16257837133470668,0,3,ctd,logistic_regression,42
P16862,P47150,1,0.4480759871549671,0,3,ctd,logistic_regression,42
P32380,P39929,1,0.8019756320961807,1,3,ctd,logistic_regression,42
P32801,Q12045,1,0.5382649697194013,1,3,ctd,logistic_regression,42
P40468,Q00362,1,0.4422860183649631,0,3,ctd,logistic_regression,42
P11433,P40555,1,0.6222077384079655,1,3,ctd,logistic_regression,42
P38789,P53924,1,0.6339998568547045,1,3,ctd,logistic_regression,42
Q00245,Q04921,1,0.5453119285935427,1,3,ctd,logistic_regression,42
P20081,Q06103,1,0.7812643339952778,1,3,ctd,logistic_regression,42
P23287,Q00764,1,0.5007971389347671,1,3,ctd,logistic_regression,42
Q07657,Q99299,1,0.5534783563360239,1,3,ctd,logistic_regression,42
P47129,P53941,1,0.6645674416482235,1,3,ctd,logistic_regression,42
P32496,P50111,1,0.6014160155223477,1,3,ctd,logistic_regression,42
Q03497,Q12038,1,0.45673433166878596,0,3,ctd,logistic_regression,42
P34253,P53550,1,0.47057627813721725,0,3,ctd,logistic_regression,42
P38077,Q02804,1,0.32594828996835806,0,3,ctd,logistic_regression,42
P38801,Q04868,1,0.24298287029843718,0,3,ctd,logistic_regression,42
P38874,Q06551,1,0.1912643150539271,0,3,ctd,logistic_regression,42
P32492,P38346,1,0.5925174073809945,1,3,ctd,logistic_regression,42
P38228,P40024,1,0.516964895799067,1,3,ctd,logistic_regression,42
P04840,P33338,1,0.36046398602419016,0,3,ctd,logistic_regression,42
P38691,Q03792,1,0.5943177080116002,1,3,ctd,logistic_regression,42
P53893,Q07844,1,0.6316075148411258,1,3,ctd,logistic_regression,42
P30619,P36224,1,0.5186318641807458,1,3,ctd,logistic_regression,42
P53091,Q07896,1,0.5777001984256555,1,3,ctd,logistic_regression,42
P27796,P32900,1,0.5872493350470387,1,3,ctd,logistic_regression,42
P26309,P32863,1,0.5869123012946366,1,3,ctd,logistic_regression,42
P23542,P32525,1,0.5201333626425632,1,3,ctd,logistic_regression,42
P19812,Q99189,1,0.59827759596295,1,3,ctd,logistic_regression,42
P39935,P40541,1,0.7589064225930708,1,3,ctd,logistic_regression,42
P32796,P53322,1,0.21506270084072535,0,3,ctd,logistic_regression,42
P00899,P23638,1,0.4504523791836866,0,3,ctd,logistic_regression,42
P53124,P53277,1,0.5332564962359729,1,3,ctd,logistic_regression,42
P08431,P53974,1,0.6603295545553554,1,3,ctd,logistic_regression,42
P29469,P31377,1,0.5182096641470553,1,3,ctd,logistic_regression,42
P53930,Q06673,1,0.47206537342589666,0,3,ctd,logistic_regression,42
P36010,P40473,1,0.48715948917359475,0,3,ctd,logistic_regression,42
P33331,Q12522,1,0.6682922789339389,1,3,ctd,logistic_regression,42
P35198,Q02892,1,0.6644044437730459,1,3,ctd,logistic_regression,42
P08018,P38198,1,0.5232474775961665,1,3,ctd,logistic_regression,42
P25333,P38705,1,0.6558602892296271,1,3,ctd,logistic_regression,42
P25454,Q12390,1,0.4503702511588121,0,3,ctd,logistic_regression,42
P39705,P39743,1,0.6423804719416742,1,3,ctd,logistic_regression,42
Q02208,Q06632,1,0.5060732992113213,1,3,ctd,logistic_regression,42
P20424,Q08601,1,0.6330736160415368,1,3,ctd,logistic_regression,42
P38301,Q06163,1,0.4012093594384231,0,3,ctd,logistic_regression,42
P53855,P53861,1,0.6126344596150574,1,3,ctd,logistic_regression,42
P53965,Q08558,1,0.3683306048945276,0,3,ctd,logistic_regression,42
P10363,Q02199,1,0.47962301983728867,0,3,ctd,logistic_regression,42
P47150,Q07834,1,0.3278870270378321,0,3,ctd,logistic_regression,42
P40469,Q03010,1,0.602177066530319,1,3,ctd,logistic_regression,42
P32450,P48361,1,0.6399678443574438,1,3,ctd,logistic_regression,42
P38699,P53236,1,0.3681106631238903,0,3,ctd,logistic_regression,42
P10592,Q03330,1,0.7701678706833724,1,3,ctd,logistic_regression,42
P05085,P38708,1,0.7177948316324831,1,3,ctd,logistic_regression,42
P52286,Q08966,1,0.5378297525826226,1,3,ctd,logistic_regression,42
Q04217,Q06580,1,0.5007901031082118,1,3,ctd,logistic_regression,42
P40518,Q03818,1,0.5299170053508092,1,3,ctd,logistic_regression,42
P17555,P53834,1,0.6069481735668771,1,3,ctd,logistic_regression,42
P06787,P39730,1,0.7955727638612188,1,3,ctd,logistic_regression,42
P36172,Q03619,1,0.4174284955791176,0,3,ctd,logistic_regression,42
P05694,P41811,1,0.5221080832110464,1,3,ctd,logistic_regression,42
P49687,P89102,1,0.6412818508011497,1,3,ctd,logistic_regression,42
P17709,P39718,1,0.5226231478366254,1,3,ctd,logistic_regression,42
P53280,P53840,1,0.4489372744717721,0,3,ctd,logistic_regression,42
P40350,P43568,1,0.559609299870767,1,3,ctd,logistic_regression,42
P40960,Q12241,1,0.18597760202057248,0,3,ctd,logistic_regression,42
P32905,Q02199,1,0.6729594117198585,1,3,ctd,logistic_regression,42
P11746,P53298,1,0.4260277023384013,0,3,ctd,logistic_regression,42
P12753,Q12330,1,0.5847054986631454,1,3,ctd,logistic_regression,42
P32387,P38910,1,0.7630086167085247,1,3,ctd,logistic_regression,42
P32582,P36131,1,0.41956429278271995,0,3,ctd,logistic_regression,42
P46678,P53115,1,0.7182375442767195,1,3,ctd,logistic_regression,42
P25649,P38270,1,0.6308276493853399,1,3,ctd,logistic_regression,42
P35184,Q00578,1,0.5068060360465615,1,3,ctd,logistic_regression,42
P14736,Q02908,1,0.6528069941329704,1,3,ctd,logistic_regression,42
P33203,P46970,1,0.502535692013071,1,3,ctd,logistic_regression,42
Q00916,Q12280,1,0.6194766978662055,1,3,ctd,logistic_regression,42
P22137,Q12377,1,0.5545925605663521,1,3,ctd,logistic_regression,42
P38634,P53965,1,0.5042738497459134,1,3,ctd,logistic_regression,42
P53112,P53185,1,0.356761509834861,0,3,ctd,logistic_regression,42
P53739,Q12017,1,0.6391548851957917,1,3,ctd,logistic_regression,42
P01120,Q04491,1,0.39364382577833407,0,3,ctd,logistic_regression,42
P32802,P52553,1,0.5573803000569817,1,3,ctd,logistic_regression,42
P06777,Q12159,1,0.6564444016226965,1,3,ctd,logistic_regression,42
P32867,P39940,1,0.4618189969723575,0,3,ctd,logistic_regression,42
P06777,P32805,1,0.6342438905267604,1,3,ctd,logistic_regression,42
P52593,Q07418,1,0.6000769466700067,1,3,ctd,logistic_regression,42
Q08492,Q12260,1,0.30931991680830484,0,3,ctd,logistic_regression,42
P47176,Q08162,1,0.4722255598516716,0,3,ctd,logistic_regression,42
P36012,Q05958,1,0.532000557655177,1,3,ctd,logistic_regression,42
P25655,Q06409,1,0.602944588218439,1,3,ctd,logistic_regression,42
P40512,P53847,1,0.6879959037707811,1,3,ctd,logistic_regression,42
P07283,Q08144,1,0.615569555910707,1,3,ctd,logistic_regression,42
P02294,P10566,1,0.23747565730664844,0,3,ctd,logistic_regression,42
P39551,P40357,1,0.3837812089968931,0,3,ctd,logistic_regression,42
P10592,P38287,1,0.3341389283571524,0,3,ctd,logistic_regression,42
P23293,P50944,1,0.25630271174429703,0,3,ctd,logistic_regression,42
P36003,Q12263,1,0.535996509567369,1,3,ctd,logistic_regression,42
P40485,Q12055,1,0.7870952292831991,1,3,ctd,logistic_regression,42
P33328,P38871,1,0.6461484148349146,1,3,ctd,logistic_regression,42
Q05949,Q12344,1,0.5967935103151282,1,3,ctd,logistic_regression,42
P40005,P42845,1,0.6932427832090003,1,3,ctd,logistic_regression,42
P53032,Q12107,1,0.39765440354203113,0,3,ctd,logistic_regression,42
P28817,P39929,1,0.584466639003874,1,3,ctd,logistic_regression,42
P12688,P25341,1,0.5339425619702056,1,3,ctd,logistic_regression,42
P25336,P39969,1,0.5718184639698028,1,3,ctd,logistic_regression,42
P25584,Q02892,1,0.5750470918720091,1,3,ctd,logistic_regression,42
P00724,P32074,1,0.4128384555272714,0,3,ctd,logistic_regression,42
P38203,P38886,1,0.3893451605315427,0,3,ctd,logistic_regression,42
P12611,P53927,1,0.8148537642905918,1,3,ctd,logistic_regression,42
P19524,P48363,1,0.4362643030216953,0,3,ctd,logistic_regression,42
P39707,Q12469,1,0.6584732276591292,1,3,ctd,logistic_regression,42
P17536,P53048,1,0.6266246388948838,1,3,ctd,logistic_regression,42
Q12034,Q99299,1,0.4722153590463765,0,3,ctd,logistic_regression,42
P25604,P41808,1,0.6532647921110448,1,3,ctd,logistic_regression,42
P38862,P53924,1,0.7746441215419155,1,3,ctd,logistic_regression,42
P06169,P53258,1,0.5995017438452666,1,3,ctd,logistic_regression,42
P53549,Q05946,1,0.6525966706139429,1,3,ctd,logistic_regression,42
P33311,Q03012,1,0.36934567119713035,0,3,ctd,logistic_regression,42
P48232,P48415,1,0.6268734099780663,1,3,ctd,logistic_regression,42
P38113,P53549,1,0.6022680890194579,1,3,ctd,logistic_regression,42
P25043,Q00381,1,0.479186408436286,0,3,ctd,logistic_regression,42
P22137,Q12276,1,0.7185442719924653,1,3,ctd,logistic_regression,42
P17255,P18480,1,0.3494113444027987,0,3,ctd,logistic_regression,42
P36015,P38970,1,0.5418941058367519,1,3,ctd,logistic_regression,42
P36124,P47113,1,0.5177432831199463,1,3,ctd,logistic_regression,42
P32527,P38840,1,0.3057192382645442,0,3,ctd,logistic_regression,42
P40066,Q12176,1,0.3454273553721519,0,3,ctd,logistic_regression,42
P00931,Q06160,1,0.7082299945879722,1,3,ctd,logistic_regression,42
P32639,P53104,1,0.5389851256256488,1,3,ctd,logistic_regression,42
P38716,Q03558,1,0.728744430825789,1,3,ctd,logistic_regression,42
P38689,P50278,1,0.7021704797941309,1,3,ctd,logistic_regression,42
P27515,Q12418,1,0.6658734107485724,1,3,ctd,logistic_regression,42
Q04272,Q08245,1,0.6211908522384154,1,3,ctd,logistic_regression,42
P07262,Q08873,1,0.49460751770760863,0,3,ctd,logistic_regression,42
P14742,P40563,1,0.6287028585107902,1,3,ctd,logistic_regression,42
P32500,Q04005,1,0.19287648318664577,0,3,ctd,logistic_regression,42
P38801,P40096,1,0.4194671748272943,0,3,ctd,logistic_regression,42
P36049,Q00381,1,0.3474015975570183,0,3,ctd,logistic_regression,42
Q04087,Q06624,1,0.651693716389179,1,3,ctd,logistic_regression,42
P31385,Q02890,1,0.5081851561730096,1,3,ctd,logistic_regression,42
P05453,Q04062,1,0.6772379061796527,1,3,ctd,logistic_regression,42
P53147,Q08287,1,0.4414985791194831,0,3,ctd,logistic_regression,42
P12962,P51601,1,0.6627230638242237,1,3,ctd,logistic_regression,42
P40483,Q06409,1,0.5289689585845505,1,3,ctd,logistic_regression,42
P33297,P49435,1,0.6471677991889675,1,3,ctd,logistic_regression,42
P14164,Q04338,1,0.6151339355482343,1,3,ctd,logistic_regression,42
P36120,P89105,1,0.3271977240035492,0,3,ctd,logistic_regression,42
P25694,Q12754,1,0.5753415532892812,1,3,ctd,logistic_regression,42
P12945,P53278,1,0.5882985485088997,1,3,ctd,logistic_regression,42
P40473,Q00245,1,0.576709805138772,1,3,ctd,logistic_regression,42
P32328,P36029,1,0.3936223535961862,0,3,ctd,logistic_regression,42
P35203,Q08963,1,0.5925141999380579,1,3,ctd,logistic_regression,42
P30771,P36145,1,0.5480791762896282,1,3,ctd,logistic_regression,42
P12962,P47165,1,0.7548211319426656,1,3,ctd,logistic_regression,42
Q02100,Q05568,1,0.4678060502421831,0,3,ctd,logistic_regression,42
P20053,P38217,1,0.7534517399586568,1,3,ctd,logistic_regression,42
P38838,Q02574,1,0.577634035593244,1,3,ctd,logistic_regression,42
P38310,P53258,1,0.33996095206117943,0,3,ctd,logistic_regression,42
P38247,P38823,1,0.8056145857309003,1,3,ctd,logistic_regression,42
P40092,Q12129,1,0.7136237663921984,1,3,ctd,logistic_regression,42
P14306,Q08746,1,0.589968608259177,1,3,ctd,logistic_regression,42
P38859,P53847,1,0.4755253088083037,0,3,ctd,logistic_regression,42
P38696,P53064,1,0.3921246364743129,0,3,ctd,logistic_regression,42
P32263,P38837,1,0.30218104935168544,0,3,ctd,logistic_regression,42
P13185,P38989,1,0.6482295182251347,1,3,ctd,logistic_regression,42
O13553,P32793,1,0.205923204316283,0,3,ctd,logistic_regression,42
P50945,Q12038,1,0.554700289220069,1,3,ctd,logistic_regression,42
P35193,Q04368,1,0.8282511021024268,1,3,ctd,logistic_regression,42
P32581,P39703,1,0.27921181663412037,0,3,ctd,logistic_regression,42
P20095,P38204,1,0.5505884099053211,1,3,ctd,logistic_regression,42
P38333,Q03322,1,0.6332477074525874,1,3,ctd,logistic_regression,42
P00924,P47089,1,0.6898354192200793,1,3,ctd,logistic_regression,42
P07560,P40009,1,0.44118390856228523,0,3,ctd,logistic_regression,42
Q07657,Q12449,1,0.5850746645656734,1,3,ctd,logistic_regression,42
P07149,P33892,1,0.6275415078899377,1,3,ctd,logistic_regression,42
Q03957,Q12449,1,0.6112788474580698,1,3,ctd,logistic_regression,42
P46677,Q12024,1,0.49442991276746684,0,3,ctd,logistic_regression,42
P31382,P38861,1,0.5368576308736634,1,3,ctd,logistic_regression,42
P53248,Q04978,1,0.5968746818421903,1,3,ctd,logistic_regression,42
P53924,Q12250,1,0.7993379166637499,1,3,ctd,logistic_regression,42
Q02260,Q08746,1,0.7375842604073032,1,3,ctd,logistic_regression,42
P38247,P46682,1,0.734394338866246,1,3,ctd,logistic_regression,42
P27636,P53256,1,0.72888965627927,1,3,ctd,logistic_regression,42
P28817,P48415,1,0.37533700149047944,0,3,ctd,logistic_regression,42
P15303,Q06412,1,0.5794573798844551,1,3,ctd,logistic_regression,42
P11938,Q04675,1,0.47630020412647567,0,3,ctd,logistic_regression,42
P40956,Q12151,1,0.41414937242000877,0,3,ctd,logistic_regression,42
P40151,Q99314,1,0.5560338245545506,1,3,ctd,logistic_regression,42
P40339,P54999,1,0.6403925404418336,1,3,ctd,logistic_regression,42
P32898,P53685,1,0.7071643087334242,1,3,ctd,logistic_regression,42
P25515,P33297,1,0.3998511654724509,0,3,ctd,logistic_regression,42
P40339,P46988,1,0.5410023567937315,1,3,ctd,logistic_regression,42
P07149,P39083,1,0.45598134618126196,0,3,ctd,logistic_regression,42
P32264,Q00362,1,0.6570441193907698,1,3,ctd,logistic_regression,42
P06244,P48415,1,0.6893298667366131,1,3,ctd,logistic_regression,42
P41832,Q01649,1,0.7287129436656851,1,3,ctd,logistic_regression,42
P38358,Q05080,1,0.2827090269953615,0,3,ctd,logistic_regression,42
P30665,P53323,1,0.5551527613557656,1,3,ctd,logistic_regression,42
P20676,Q07980,1,0.4101306228433978,0,3,ctd,logistic_regression,42
P38838,Q04307,1,0.062105854938057516,0,3,ctd,logistic_regression,42
P13185,Q07915,1,0.7125177535374009,1,3,ctd,logistic_regression,42
P32350,P33401,1,0.6350097899561635,1,3,ctd,logistic_regression,42
P38339,Q12377,1,0.5909743185404815,1,3,ctd,logistic_regression,42
P40302,Q05947,1,0.4293365079784875,0,3,ctd,logistic_regression,42
P38328,P46672,1,0.5534150450400683,1,3,ctd,logistic_regression,42
P33313,P50094,1,0.37359801863525915,0,3,ctd,logistic_regression,42
Q02629,Q06451,1,0.12057967042842904,0,3,ctd,logistic_regression,42
P34087,Q12328,1,0.45506517697531,0,3,ctd,logistic_regression,42
P25586,Q12469,1,0.5228835920613768,1,3,ctd,logistic_regression,42
P25385,P32481,1,0.5781684197428822,1,3,ctd,logistic_regression,42
P40573,Q12163,1,0.36957482511373846,0,3,ctd,logistic_regression,42
P25558,P32324,1,0.5382549215758963,1,3,ctd,logistic_regression,42
P53691,Q08236,1,0.6261697514119984,1,3,ctd,logistic_regression,42
P53281,Q05166,1,0.7300610581874064,1,3,ctd,logistic_regression,42
P38774,P41805,1,0.3621508609834549,0,3,ctd,logistic_regression,42
P32471,Q05568,1,0.6410705672840163,1,3,ctd,logistic_regression,42
P07278,P32525,1,0.2999953741910494,0,3,ctd,logistic_regression,42
P22804,P25045,1,0.4622726610175978,0,3,ctd,logistic_regression,42
P12611,P33411,1,0.5700471247144193,1,3,ctd,logistic_regression,42
P32529,Q01722,1,0.339952979795876,0,3,ctd,logistic_regression,42
P25293,P40061,1,0.5326574676893964,1,3,ctd,logistic_regression,42
P32349,Q04149,1,0.6187480541420318,1,3,ctd,logistic_regression,42
P33399,P41814,1,0.5979265653095363,1,3,ctd,logistic_regression,42
P32350,Q12449,1,0.6028634962336777,1,3,ctd,logistic_regression,42
P18961,P38334,1,0.8206260472356273,1,3,ctd,logistic_regression,42
Q03897,Q06679,1,0.6199944009571955,1,3,ctd,logistic_regression,42
P31412,Q00416,1,0.5959829430821805,1,3,ctd,logistic_regression,42
O13297,P34161,1,0.4745878728327776,0,3,ctd,logistic_regression,42
P13186,P53010,1,0.6202103116841133,1,3,ctd,logistic_regression,42
P09734,P39523,1,0.5836743777806062,1,3,ctd,logistic_regression,42
P15436,Q05881,1,0.5442259100393565,1,3,ctd,logistic_regression,42
P39720,Q08287,1,0.4090582692069655,0,3,ctd,logistic_regression,42
P30624,P32447,1,0.6083465241615011,1,3,ctd,logistic_regression,42
P12753,P32912,1,0.741555270311438,1,3,ctd,logistic_regression,42
Q03071,Q06679,1,0.5035347952687401,1,3,ctd,logistic_regression,42
P06843,P34216,1,0.6183717642560677,1,3,ctd,logistic_regression,42
Q03957,Q12513,1,0.5455539645439081,1,3,ctd,logistic_regression,42
P38697,Q08215,1,0.5356869528114295,1,3,ctd,logistic_regression,42
P32563,P37302,1,0.5911871586213683,1,3,ctd,logistic_regression,42
P38788,P40956,1,0.3309590547463196,0,3,ctd,logistic_regression,42
P06103,P54999,1,0.4514146633741146,0,3,ctd,logistic_regression,42
P36118,P38801,1,0.4946024369885264,0,3,ctd,logistic_regression,42
P47122,Q12318,1,0.27624579741518707,0,3,ctd,logistic_regression,42
P53086,Q00362,1,0.6012668111690866,1,3,ctd,logistic_regression,42
P34077,Q12277,1,0.712096144553992,1,3,ctd,logistic_regression,42
P05453,Q06251,1,0.7021154179018051,1,3,ctd,logistic_regression,42
P25294,P38555,1,0.7938638495410242,1,3,ctd,logistic_regression,42
P19454,Q08119,1,0.4943374785711917,0,3,ctd,logistic_regression,42
P20081,P48837,1,0.22236382051548464,0,3,ctd,logistic_regression,42
Q03308,Q04493,1,0.560736525729621,1,3,ctd,logistic_regression,42
P36062,P40155,1,0.36776904332404164,0,3,ctd,logistic_regression,42
P38829,Q04491,1,0.6737567014349173,1,3,ctd,logistic_regression,42
P53064,Q04264,1,0.33315297436045865,0,3,ctd,logistic_regression,42
P35718,P42942,1,0.6326985121318796,1,3,ctd,logistic_regression,42
P25390,P32912,1,0.7129306962598502,1,3,ctd,logistic_regression,42
P40992,P41817,1,0.31396987712297714,0,3,ctd,logistic_regression,42
P19524,Q03973,1,0.553080936463259,1,3,ctd,logistic_regression,42
P25657,P38806,1,0.6498523364199712,1,3,ctd,logistic_regression,42
P39016,P40055,1,0.6826270294582557,1,3,ctd,logistic_regression,42
P40529,Q04199,1,0.4914237350890599,0,3,ctd,logistic_regression,42
P53322,Q03630,1,0.13375631384111472,0,3,ctd,logistic_regression,42
P32501,P38229,1,0.3653507626264962,0,3,ctd,logistic_regression,42
P13902,P38751,1,0.27054548742700446,0,3,ctd,logistic_regression,42
P22202,P37296,1,0.7312787632999753,1,3,ctd,logistic_regression,42
Q03981,Q06624,1,0.5657626051367871,1,3,ctd,logistic_regression,42
Q01329,Q08562,1,0.5436688582244128,1,3,ctd,logistic_regression,42
P06844,P53691,1,0.6664693938602253,1,3,ctd,logistic_regression,42
P40055,P46949,1,0.4136570744126023,0,3,ctd,logistic_regression,42
P38194,Q12152,1,0.46106663889946586,0,3,ctd,logistic_regression,42
P15705,Q12380,1,0.3412769070568215,0,3,ctd,logistic_regression,42
P24813,P40055,1,0.6166798333697836,1,3,ctd,logistic_regression,42
P33203,P53552,1,0.6032552678180622,1,3,ctd,logistic_regression,42
P47053,P53551,1,0.541013322584293,1,3,ctd,logistic_regression,42
P32855,P49573,1,0.49999402715743485,0,3,ctd,logistic_regression,42
P27705,P53261,1,0.6084546260851453,1,3,ctd,logistic_regression,42
P25390,Q03782,1,0.38642837910089095,0,3,ctd,logistic_regression,42
P08458,P25657,1,0.588871598442078,1,3,ctd,logistic_regression,42
P27705,P40092,1,0.8377835717458012,1,3,ctd,logistic_regression,42
Q04373,Q12277,1,0.6560105592902848,1,3,ctd,logistic_regression,42
P16370,Q12149,1,0.5434946522202774,1,3,ctd,logistic_regression,42
P14741,P41800,1,0.6370549573713933,1,3,ctd,logistic_regression,42
P38333,Q12440,1,0.4722811685715011,0,3,ctd,logistic_regression,42
P07270,Q07887,1,0.2963100018446037,0,3,ctd,logistic_regression,42
P38257,Q05946,1,0.5479872250630992,1,3,ctd,logistic_regression,42
P35201,Q12415,1,0.3069660435866825,0,3,ctd,logistic_regression,42
P06169,Q08911,1,0.7246140774979408,1,3,ctd,logistic_regression,42
P32491,P38348,1,0.8244245475553115,1,3,ctd,logistic_regression,42
P53927,Q05871,1,0.7885741273774806,1,3,ctd,logistic_regression,42
P23776,P43622,1,0.4309727419259154,0,3,ctd,logistic_regression,42
P32478,P50095,1,0.21471636756781823,0,3,ctd,logistic_regression,42
P53739,P54199,1,0.639928368198506,1,3,ctd,logistic_regression,42
P46677,P54999,1,0.3198611811757417,0,3,ctd,logistic_regression,42
Q00539,Q03898,1,0.32626502986458145,0,3,ctd,logistic_regression,42
P53010,Q03758,1,0.4936447889121228,0,3,ctd,logistic_regression,42
P43563,Q06137,1,0.4866200851960986,0,3,ctd,logistic_regression,42
Q02100,Q08235,1,0.6230006213524887,1,3,ctd,logistic_regression,42
P08431,P38237,1,0.6775026685083695,1,3,ctd,logistic_regression,42
P46957,Q12020,1,0.6881467743042384,1,3,ctd,logistic_regression,42
P37012,Q08965,1,0.5785567151861671,1,3,ctd,logistic_regression,42
P34077,P39723,1,0.5158020627519866,1,3,ctd,logistic_regression,42
P53191,Q06407,1,0.8108357207996537,1,3,ctd,logistic_regression,42
P14742,Q03503,1,0.6561701303086162,1,3,ctd,logistic_regression,42
P20433,P38129,1,0.453243742181378,0,3,ctd,logistic_regression,42
P28006,P50944,1,0.19088126587344867,0,3,ctd,logistic_regression,42
P30657,P38113,1,0.8037314484793553,1,3,ctd,logistic_regression,42
P53104,Q05775,1,0.5919378597092466,1,3,ctd,logistic_regression,42
P05986,P38631,1,0.5761181382711644,1,3,ctd,logistic_regression,42
P20459,Q12390,1,0.6229266811449337,1,3,ctd,logistic_regression,42
P39682,Q00618,1,0.2615492005428962,0,3,ctd,logistic_regression,42
P09938,Q08446,1,0.4642923516125728,0,3,ctd,logistic_regression,42
P43588,Q08732,1,0.8087267666349215,1,3,ctd,logistic_regression,42
P38990,P53280,1,0.6493391126632612,1,3,ctd,logistic_regression,42
P22139,P36084,1,0.40251345317128834,0,3,ctd,logistic_regression,42
P38793,P39960,1,0.6166760014577178,1,3,ctd,logistic_regression,42
P07283,Q05568,1,0.3319527447909477,0,3,ctd,logistic_regression,42
P39935,Q12363,1,0.6114493583483821,1,3,ctd,logistic_regression,42
P33331,P38889,1,0.7472860684344522,1,3,ctd,logistic_regression,42
Q03782,Q12241,1,0.27855123951402583,0,3,ctd,logistic_regression,42
P20486,P23293,1,0.8991406304833809,1,3,ctd,logistic_regression,42
P10081,P46948,1,0.7356000896661202,1,3,ctd,logistic_regression,42
P31385,P38352,1,0.45071416489820354,0,3,ctd,logistic_regression,42
P06243,P42845,1,0.45886769338785843,0,3,ctd,logistic_regression,42
P38769,P39958,1,0.3788721418430747,0,3,ctd,logistic_regression,42
P16522,P41817,1,0.5198311473616201,1,3,ctd,logistic_regression,42
P18851,P32563,1,0.5505630330754995,1,3,ctd,logistic_regression,42
P42073,Q99299,1,0.525852802799137,1,3,ctd,logistic_regression,42
P27614,P32504,1,0.5556206526572486,1,3,ctd,logistic_regression,42
P51534,Q06616,1,0.8231926602577908,1,3,ctd,logistic_regression,42
P53941,Q03619,1,0.5389028974475697,1,3,ctd,logistic_regression,42
P40518,P50108,1,0.5978388215261147,1,3,ctd,logistic_regression,42
P06779,P41814,1,0.5851418267748791,1,3,ctd,logistic_regression,42
P39547,P43555,1,0.2770505403926801,0,3,ctd,logistic_regression,42
O74700,P38111,1,0.6958695327503834,1,3,ctd,logistic_regression,42
P32468,P43616,1,0.3092535488721405,0,3,ctd,logistic_regression,42
P39008,Q06679,1,0.45352496335700127,0,3,ctd,logistic_regression,42
P24868,P40055,1,0.6372034963615524,1,3,ctd,logistic_regression,42
P32569,Q12102,1,0.46374941123335245,0,3,ctd,logistic_regression,42
P38264,Q07914,1,0.17540741388243122,0,3,ctd,logistic_regression,42
P15790,Q03785,1,0.5629787352150457,1,3,ctd,logistic_regression,42
P47057,P53168,1,0.7476670162357235,1,3,ctd,logistic_regression,42
P32350,P38149,1,0.48241838837001,0,3,ctd,logistic_regression,42
P35203,Q04121,1,0.38668159515933326,0,3,ctd,logistic_regression,42
P33419,P38871,1,0.8341762927179519,1,3,ctd,logistic_regression,42
P32642,P38624,1,0.37380385598251203,0,3,ctd,logistic_regression,42
P13574,P40060,1,0.5799745831540162,1,3,ctd,logistic_regression,42
P53116,Q05021,1,0.06232123917845387,0,3,ctd,logistic_regression,42
P35193,P47176,1,0.557823749620783,1,3,ctd,logistic_regression,42
P40479,P41814,1,0.44639502802389114,0,3,ctd,logistic_regression,42
P46995,Q08965,1,0.6141630348652957,1,3,ctd,logistic_regression,42
P28708,P32573,1,0.7736196674878585,1,3,ctd,logistic_regression,42
P06839,P12612,1,0.6436493639688263,1,3,ctd,logistic_regression,42
P19263,Q12004,1,0.5222117717810976,1,3,ctd,logistic_regression,42
P38301,Q08726,1,0.4662794661846221,0,3,ctd,logistic_regression,42
P12611,P21182,1,0.4095559769303248,0,3,ctd,logistic_regression,42
P38785,P53754,1,0.5265862400264787,1,3,ctd,logistic_regression,42
P11154,P41811,1,0.6043432005054927,1,3,ctd,logistic_regression,42
P33329,Q06704,1,0.5789608311335116,1,3,ctd,logistic_regression,42
P32628,P42839,1,0.4193269482234519,0,3,ctd,logistic_regression,42
P23644,P38872,1,0.39217308146220003,0,3,ctd,logistic_regression,42
P32776,Q12021,1,0.6240080830862342,1,3,ctd,logistic_regression,42
P35728,P52593,1,0.5882155803713719,1,3,ctd,logistic_regression,42
P28006,Q12260,1,0.4286525527484598,0,3,ctd,logistic_regression,42
P25333,P43638,1,0.6830861354641423,1,3,ctd,logistic_regression,42
P32380,P39994,1,0.5886216874287328,1,3,ctd,logistic_regression,42
P40469,Q12038,1,0.4863801602044562,0,3,ctd,logistic_regression,42
P18898,P41277,1,0.6333045124689729,1,3,ctd,logistic_regression,42
P26793,P40095,1,0.4264504569523563,0,3,ctd,logistic_regression,42
P40507,Q07688,1,0.575492401387489,1,3,ctd,logistic_regression,42
P32354,Q07458,1,0.7274519718411291,1,3,ctd,logistic_regression,42
P32496,Q08746,1,0.7754034439699681,1,3,ctd,logistic_regression,42
P13186,P43563,1,0.5104153289246162,1,3,ctd,logistic_regression,42
P34077,P38991,1,0.5610062744837051,1,3,ctd,logistic_regression,42
P53550,Q12045,1,0.544985657202398,1,3,ctd,logistic_regression,42
P21965,Q04439,1,0.5541664106904739,1,3,ctd,logistic_regression,42
Q12063,Q99260,1,0.2389788376172666,0,3,ctd,logistic_regression,42
P40564,Q03899,1,0.2231129849780066,0,3,ctd,logistic_regression,42
P32327,P33419,1,0.7290411751626451,1,3,ctd,logistic_regression,42
P40958,P48581,1,0.434004131797961,0,3,ctd,logistic_regression,42
P41911,Q08956,1,0.677116285539609,1,3,ctd,logistic_regression,42
P40350,Q06506,1,0.4107830218260481,0,3,ctd,logistic_regression,42
P00729,P07170,1,0.7279265352871734,1,3,ctd,logistic_regression,42
P47068,Q12449,1,0.7313076833366655,1,3,ctd,logistic_regression,42
P40473,P53599,1,0.7773170670969475,1,3,ctd,logistic_regression,42
P32783,P53739,1,0.5602449120876485,1,3,ctd,logistic_regression,42
P08524,P49166,1,0.939743188017063,1,3,ctd,logistic_regression,42
P14724,Q03973,1,0.6562968992121072,1,3,ctd,logistic_regression,42
P38960,Q12415,1,0.577118907507073,1,3,ctd,logistic_regression,42
P38862,P43638,1,0.6912771397807311,1,3,ctd,logistic_regression,42
P38283,Q06706,1,0.6508494966382937,1,3,ctd,logistic_regression,42
P50091,P50946,1,0.4114029432036969,0,3,ctd,logistic_regression,42
P47017,P53163,1,0.1951695338865101,0,3,ctd,logistic_regression,42
P38334,Q04338,1,0.5857259673537547,1,3,ctd,logistic_regression,42
P48559,P53883,1,0.6023728830755793,1,3,ctd,logistic_regression,42
P00958,P22336,1,0.4971509327978425,0,3,ctd,logistic_regression,42
P25342,P34160,1,0.6015448812433453,1,3,ctd,logistic_regression,42
P14306,P32350,1,0.4890115183446824,0,3,ctd,logistic_regression,42
P38783,P39008,1,0.5710969830123289,1,3,ctd,logistic_regression,42
P39076,Q04087,1,0.5904972358807135,1,3,ctd,logistic_regression,42
P53125,Q08204,1,0.5566681356896664,1,3,ctd,logistic_regression,42
P36005,P53955,1,0.6782390501177674,1,3,ctd,logistic_regression,42
P32783,P38822,1,0.5502244123620813,1,3,ctd,logistic_regression,42
P00812,Q04005,1,0.5506215187488062,1,3,ctd,logistic_regression,42
P20449,P25655,1,0.5094438337641988,1,3,ctd,logistic_regression,42
P23201,P39979,1,0.29061845341152515,0,3,ctd,logistic_regression,42
P32854,Q12263,1,0.6629890248103283,1,3,ctd,logistic_regression,42
P00546,P32571,1,0.6568487073920923,1,3,ctd,logistic_regression,42
P38769,P52553,1,0.7378903758035965,1,3,ctd,logistic_regression,42
P36018,P53250,1,0.3771301401492101,0,3,ctd,logistic_regression,42
Q03497,Q08144,1,0.737480468613216,1,3,ctd,logistic_regression,42
P10592,P33298,1,0.6188769877342419,1,3,ctd,logistic_regression,42
P13517,P53040,1,0.46661956119832865,0,3,ctd,logistic_regression,42
P53900,Q06551,1,0.27614945189547563,0,3,ctd,logistic_regression,42
P25453,P53437,1,0.5699661249906942,1,3,ctd,logistic_regression,42
P36019,P39990,1,0.41133649764879354,0,3,ctd,logistic_regression,42
P36057,P39551,1,0.44509099411736025,0,3,ctd,logistic_regression,42
P39875,Q03406,1,0.559676449810214,1,3,ctd,logistic_regression,42
Q02884,Q03899,1,0.5010791471827652,1,3,ctd,logistic_regression,42
P24279,Q03220,1,0.7309438238875822,1,3,ctd,logistic_regression,42
Q04477,Q12464,1,0.5706472369934614,1,3,ctd,logistic_regression,42
P28795,Q08438,1,0.47123300913374777,0,3,ctd,logistic_regression,42
P40048,Q03768,1,0.6820410478198248,1,3,ctd,logistic_regression,42
P22336,P43616,1,0.42941758183940715,0,3,ctd,logistic_regression,42
P19414,Q03899,1,0.623148613829493,1,3,ctd,logistic_regression,42
P33420,P38011,1,0.6421396783896062,1,3,ctd,logistic_regression,42
P40089,P40155,1,0.29567335757790814,0,3,ctd,logistic_regression,42
Q04511,Q12264,1,0.16889169235635043,0,3,ctd,logistic_regression,42
P40048,P53199,1,0.6115927627301261,1,3,ctd,logistic_regression,42
P40054,Q12192,1,0.37021884307244596,0,3,ctd,logistic_regression,42
P21374,P38748,1,0.8278105500269255,1,3,ctd,logistic_regression,42
P08018,P38348,1,0.7801553288884089,1,3,ctd,logistic_regression,42
Q04338,Q12151,1,0.678081344511418,1,3,ctd,logistic_regression,42
P43612,P53840,1,0.5213333147904224,1,3,ctd,logistic_regression,42
P39081,Q02629,1,0.2818429333852523,0,3,ctd,logistic_regression,42
P32864,P53048,1,0.45869265009816046,0,3,ctd,logistic_regression,42
P32468,P53256,1,0.6178718483577647,1,3,ctd,logistic_regression,42
P00359,P52553,1,0.8721448896337161,1,3,ctd,logistic_regression,42
P14736,Q06160,1,0.6093291348668023,1,3,ctd,logistic_regression,42
P41940,Q12241,1,0.2658541480639254,0,3,ctd,logistic_regression,42
P38013,P47079,1,0.5947719202107319,1,3,ctd,logistic_regression,42
P38324,P41834,1,0.7972711964979956,1,3,ctd,logistic_regression,42
P31374,Q06163,1,0.42828760666260157,0,3,ctd,logistic_regression,42
P40413,P40529,1,0.5705586677624606,1,3,ctd,logistic_regression,42
O13563,P32337,1,0.4732130654521576,0,3,ctd,logistic_regression,42
Q02100,Q08963,1,0.5858173219258112,1,3,ctd,logistic_regression,42
P32318,P38555,1,0.7480546434153762,1,3,ctd,logistic_regression,42
P38861,Q03690,1,0.5612380516332776,1,3,ctd,logistic_regression,42
P39515,P53824,1,0.7338971878556395,1,3,ctd,logistic_regression,42
P00175,Q12241,1,0.3803415654429583,0,3,ctd,logistic_regression,42
P00445,P47134,1,0.35785105771725795,0,3,ctd,logistic_regression,42
P33334,Q12417,1,0.5857755702030153,1,3,ctd,logistic_regression,42
P41816,Q04934,1,0.6431322692802758,1,3,ctd,logistic_regression,42
P32571,P34077,1,0.5698972315446746,1,3,ctd,logistic_regression,42
P00724,P24004,1,0.33133247059728343,0,3,ctd,logistic_regression,42
P02829,P32481,1,0.6245971061472562,1,3,ctd,logistic_regression,42
P34160,Q02199,1,0.44958786780076826,0,3,ctd,logistic_regression,42
P28707,Q12368,1,0.8603434228584705,1,3,ctd,logistic_regression,42
P40186,Q06543,1,0.5604594449533752,1,3,ctd,logistic_regression,42
P41277,P53250,1,0.5886201331872715,1,3,ctd,logistic_regression,42
P40187,P53115,1,0.6910654867686319,1,3,ctd,logistic_regression,42
P34160,Q05583,1,0.6265670798018287,1,3,ctd,logistic_regression,42
P36973,Q12527,1,0.5445081281170203,1,3,ctd,logistic_regression,42
P25559,P47019,1,0.48181152740470834,0,3,ctd,logistic_regression,42
P10869,P31244,1,0.5797841375681588,1,3,ctd,logistic_regression,42
P20437,P40541,1,0.589433823940018,1,3,ctd,logistic_regression,42
P07991,P38990,1,0.8248051222514012,1,3,ctd,logistic_regression,42
P46985,Q00582,1,0.27088008196009966,0,3,ctd,logistic_regression,42
P41813,Q03081,1,0.5945980643312988,1,3,ctd,logistic_regression,42
P43593,Q06549,1,0.5911262791214812,1,3,ctd,logistic_regression,42
P31377,Q02100,1,0.568687794898223,1,3,ctd,logistic_regression,42
P49334,Q12194,1,0.26039526028532956,0,3,ctd,logistic_regression,42
P04807,Q12527,1,0.5951375817163699,1,3,ctd,logistic_regression,42
P17536,Q12285,1,0.8190720243752171,1,3,ctd,logistic_regression,42
P53171,P53299,1,0.5728939462180779,1,3,ctd,logistic_regression,42
P36029,P39107,1,0.6339347131657918,1,3,ctd,logistic_regression,42
P40186,P50086,1,0.9178722816690074,1,3,ctd,logistic_regression,42
P39013,P42073,1,0.8389593005594964,1,3,ctd,logistic_regression,42
P38786,P38829,1,0.6278637687667482,1,3,ctd,logistic_regression,42
P25808,Q12462,1,0.45842732566801514,0,3,ctd,logistic_regression,42
P23624,Q06696,1,0.47128503468375016,0,3,ctd,logistic_regression,42
P53939,P54199,1,0.7084829113028662,1,3,ctd,logistic_regression,42
P50108,P53159,1,0.8084795630692636,1,3,ctd,logistic_regression,42
Q03792,Q12017,1,0.5634448622221788,1,3,ctd,logistic_regression,42
P22007,P38903,1,0.6963363502153517,1,3,ctd,logistic_regression,42
P30619,P40055,1,0.538195739265948,1,3,ctd,logistic_regression,42
P39108,P52910,1,0.480180413678068,0,3,ctd,logistic_regression,42
P36145,P39966,1,0.5724109505967696,1,3,ctd,logistic_regression,42
P08153,P33328,1,0.6323679549043235,1,3,ctd,logistic_regression,42
P26793,P41808,1,0.6057390135290873,1,3,ctd,logistic_regression,42
P22213,P38748,1,0.5028026836973779,1,3,ctd,logistic_regression,42
P00729,P40013,1,0.5901384135505173,1,3,ctd,logistic_regression,42
P33307,P40024,1,0.5381250356416836,1,3,ctd,logistic_regression,42
P16658,P40462,1,0.6750241625930893,1,3,ctd,logistic_regression,42
P22213,P32491,1,0.7314226313699272,1,3,ctd,logistic_regression,42
P14359,P40335,1,0.5977429925963454,1,3,ctd,logistic_regression,42
P21657,P47166,1,0.6582476356055666,1,3,ctd,logistic_regression,42
P18852,P38431,1,0.5617083267279701,1,3,ctd,logistic_regression,42
P38789,P53298,1,0.563235880299082,1,3,ctd,logistic_regression,42
P38792,P53316,1,0.7058773628991943,1,3,ctd,logistic_regression,42
P19073,P48524,1,0.4965642162821776,0,3,ctd,logistic_regression,42
P32325,Q00578,1,0.4890902934817644,0,3,ctd,logistic_regression,42
P47117,Q12513,1,0.596252401477334,1,3,ctd,logistic_regression,42
P11075,P53949,1,0.6472971304467836,1,3,ctd,logistic_regression,42
P43583,Q12033,1,0.5558036860858658,1,3,ctd,logistic_regression,42
Q03981,Q12033,1,0.6410876143548635,1,3,ctd,logistic_regression,42
Q07887,Q12045,1,0.6501973584230353,1,3,ctd,logistic_regression,42
P32599,P40095,1,0.43229398035750316,0,3,ctd,logistic_regression,42
P07834,P32864,1,0.6036617683358934,1,3,ctd,logistic_regression,42
P33418,P49704,1,0.4614488902094994,0,3,ctd,logistic_regression,42
P38794,P53082,1,0.8012828317044289,1,3,ctd,logistic_regression,42
P25333,P31688,1,0.6756177926397003,1,3,ctd,logistic_regression,42
P50104,P50105,1,0.6542849481349957,1,3,ctd,logistic_regression,42
P35193,P36124,1,0.6832591693247542,1,3,ctd,logistic_regression,42
P22133,Q04199,1,0.6714126117939602,1,3,ctd,logistic_regression,42
P32602,P36085,1,0.4453937357961114,0,3,ctd,logistic_regression,42
P19735,P25635,1,0.5627276799133998,1,3,ctd,logistic_regression,42
Q03308,Q08119,1,0.47671491156822327,0,3,ctd,logistic_regression,42
P08524,P32505,1,0.47232352507357755,0,3,ctd,logistic_regression,42
P38229,Q08726,1,0.3773120469124364,0,3,ctd,logistic_regression,42
P13712,P31377,1,0.42539806282307213,0,3,ctd,logistic_regression,42
P48525,P53540,1,0.6114917787775136,1,3,ctd,logistic_regression,42
P09624,P39727,1,0.7386398075977534,1,3,ctd,logistic_regression,42
P20795,Q03981,1,0.6452487228080761,1,3,ctd,logistic_regression,42
P30665,P38863,1,0.5777854936663319,1,3,ctd,logistic_regression,42
P32325,P40479,1,0.3321259258887962,0,3,ctd,logistic_regression,42
P40395,Q06549,1,0.595988853002252,1,3,ctd,logistic_regression,42
Q03337,Q06160,1,0.48446407006390474,0,3,ctd,logistic_regression,42
P09624,P28007,1,0.6797520367449964,1,3,ctd,logistic_regression,42
P00044,Q04359,1,0.5078733327790873,1,3,ctd,logistic_regression,42
P32259,Q06677,1,0.42416386383218607,0,3,ctd,logistic_regression,42
P23301,P31382,1,0.4735757352231122,0,3,ctd,logistic_regression,42
P32380,Q92317,1,0.6286010446456043,1,3,ctd,logistic_regression,42
P12868,Q06102,1,0.5519870224194174,1,3,ctd,logistic_regression,42
P39969,P53742,1,0.64183301811398,1,3,ctd,logistic_regression,42
P38716,P53281,1,0.646209580909127,1,3,ctd,logistic_regression,42
P32854,P43574,1,0.6942863311661299,1,3,ctd,logistic_regression,42
P23287,P35688,1,0.3801622041098762,0,3,ctd,logistic_regression,42
P27637,Q12411,1,0.6405529275037936,1,3,ctd,logistic_regression,42
P31374,P47068,1,0.7535860275461564,1,3,ctd,logistic_regression,42
P41816,Q08215,1,0.7112142429398157,1,3,ctd,logistic_regression,42
P09232,P46962,1,0.7333749740895964,1,3,ctd,logistic_regression,42
Q04868,Q12021,1,0.486360813918374,0,3,ctd,logistic_regression,42
P38788,P49704,1,0.6998216834619183,1,3,ctd,logistic_regression,42
P41805,Q12020,1,0.5316167549572286,1,3,ctd,logistic_regression,42
P38273,Q04004,1,0.45476212712761394,0,3,ctd,logistic_regression,42
P38689,P38821,1,0.8569402118614188,1,3,ctd,logistic_regression,42
P06100,P33307,1,0.544517108034128,1,3,ctd,logistic_regression,42
Q03900,Q04195,1,0.6094645050835544,1,3,ctd,logistic_regression,42
P32588,Q12469,1,0.5534937182265733,1,3,ctd,logistic_regression,42
P32917,P38129,1,0.588749715146502,1,3,ctd,logistic_regression,42
P50946,P53152,1,0.40312759241427676,0,3,ctd,logistic_regression,42
O14467,P07866,1,0.729545632258013,1,3,ctd,logistic_regression,42
P17442,Q08817,1,0.71530160426309,1,3,ctd,logistic_regression,42
P30902,Q03900,1,0.4972966767116234,0,3,ctd,logistic_regression,42
P17255,P52593,1,0.5339522324098053,1,3,ctd,logistic_regression,42
P40462,P40483,1,0.5577702750702571,1,3,ctd,logistic_regression,42
P38810,Q12277,1,0.6138493703134829,1,3,ctd,logistic_regression,42
P54885,Q03956,1,0.6532962575320576,1,3,ctd,logistic_regression,42
P47150,Q03954,1,0.5011024190328618,1,3,ctd,logistic_regression,42
P32381,Q02931,1,0.7413119809374922,1,3,ctd,logistic_regression,42
Q05933,Q06549,1,0.77698590794144,1,3,ctd,logistic_regression,42
P32364,P38276,1,0.7343628822607157,1,3,ctd,logistic_regression,42
P06838,P29539,1,0.46931502301496025,0,3,ctd,logistic_regression,42
P10081,P29366,1,0.6158680921186188,1,3,ctd,logistic_regression,42
P39979,P40096,1,0.2922677936447696,0,3,ctd,logistic_regression,42
P39107,Q02804,1,0.5352490828246209,1,3,ctd,logistic_regression,42
P16892,P53043,1,0.6476044440195892,1,3,ctd,logistic_regression,42
P43588,Q06704,1,0.5860505020414161,1,3,ctd,logistic_regression,42
P24871,P25615,1,0.6315504518039213,1,3,ctd,logistic_regression,42
P23394,P46655,1,0.5216354191726915,1,3,ctd,logistic_regression,42
P38622,P38785,1,0.7712943539087289,1,3,ctd,logistic_regression,42
P38631,Q07657,1,0.4042460016797026,0,3,ctd,logistic_regression,42
P14747,P32496,1,0.5192425863562787,1,3,ctd,logistic_regression,42
P19882,Q03735,1,0.7500870483296243,1,3,ctd,logistic_regression,42
O13297,P40151,1,0.5194902504700116,1,3,ctd,logistic_regression,42
P38823,Q05080,1,0.8133576894691404,1,3,ctd,logistic_regression,42
P32571,Q12427,1,0.6561214052443489,1,3,ctd,logistic_regression,42
O13565,P46672,1,0.5267193437605743,1,3,ctd,logistic_regression,42
P53199,Q02892,1,0.577864841498292,1,3,ctd,logistic_regression,42
P53093,P53344,1,0.24182152740345447,0,3,ctd,logistic_regression,42
P04912,Q03148,1,0.5373688106522881,1,3,ctd,logistic_regression,42
P38298,P39996,1,0.28248649275842497,0,3,ctd,logistic_regression,42
P40103,P54885,1,0.6396889127448478,1,3,ctd,logistic_regression,42
Q03774,Q04693,1,0.5344970994145567,1,3,ctd,logistic_regression,42
P53691,P89886,1,0.7841895144174323,1,3,ctd,logistic_regression,42
P53290,Q04062,1,0.5561974304946907,1,3,ctd,logistic_regression,42
P32566,Q08215,1,0.4466735526893271,0,3,ctd,logistic_regression,42
P26263,P43619,1,0.7605274790784833,1,3,ctd,logistic_regression,42
P38232,Q06449,1,0.5124449801359753,1,3,ctd,logistic_regression,42
Q02884,Q06160,1,0.5900657651118772,1,3,ctd,logistic_regression,42
P17121,P49704,1,0.6523399062270355,1,3,ctd,logistic_regression,42
P36000,P37302,1,0.7607142019502825,1,3,ctd,logistic_regression,42
P18962,P38862,1,0.677750138456229,1,3,ctd,logistic_regression,42
P40155,P51862,1,0.37712428077031596,0,3,ctd,logistic_regression,42
P38990,Q06216,1,0.7219092254042394,1,3,ctd,logistic_regression,42
P46954,Q12488,1,0.5030589213423654,1,3,ctd,logistic_regression,42
P18410,P39715,1,0.4370888706083299,0,3,ctd,logistic_regression,42
P38863,Q08746,1,0.7482646465583316,1,3,ctd,logistic_regression,42
P45819,P46673,1,0.5820167041467066,1,3,ctd,logistic_regression,42
P25655,P36012,1,0.5049236171521958,1,3,ctd,logistic_regression,42
P36010,Q06177,1,0.654897921675247,1,3,ctd,logistic_regression,42
P41807,P53185,1,0.6116815505841068,1,3,ctd,logistic_regression,42
P28004,Q08773,1,0.582854828987035,1,3,ctd,logistic_regression,42
P43616,P46655,1,0.5071016432848939,1,3,ctd,logistic_regression,42
P33760,P38329,1,0.32960627405612647,0,3,ctd,logistic_regression,42
P18963,P32447,1,0.5778658843624191,1,3,ctd,logistic_regression,42
P32910,Q12233,1,0.24538123521131905,0,3,ctd,logistic_regression,42
P38915,P52488,1,0.4187228963663724,0,3,ctd,logistic_regression,42
P10363,P25615,1,0.6026496622881822,1,3,ctd,logistic_regression,42
P38247,P53043,1,0.7886685161333695,1,3,ctd,logistic_regression,42
P06634,Q12347,1,0.6255081120470051,1,3,ctd,logistic_regression,42
P53104,Q12154,1,0.6884548905077087,1,3,ctd,logistic_regression,42
P38193,Q01389,1,0.6276475225656118,1,3,ctd,logistic_regression,42
P40187,Q12297,1,0.39943291661584523,0,3,ctd,logistic_regression,42
P13586,P43588,1,0.4828145007484451,0,3,ctd,logistic_regression,42
P40316,Q04412,1,0.5470442489101944,1,3,ctd,logistic_regression,42
P07213,P38957,1,0.5235238266411202,1,3,ctd,logistic_regression,42
P09959,P51996,1,0.5812383459585789,1,3,ctd,logistic_regression,42
P27796,Q12527,1,0.6446077523986709,1,3,ctd,logistic_regression,42
P25659,P53202,1,0.547741960848986,1,3,ctd,logistic_regression,42
P53550,Q12009,1,0.5128549591369549,1,3,ctd,logistic_regression,42
P26570,Q03497,1,0.6484733222729963,1,3,ctd,logistic_regression,42
P25635,P32629,1,0.6316810285919139,1,3,ctd,logistic_regression,42
P07342,Q12055,1,0.6250722736906639,1,3,ctd,logistic_regression,42
P00899,P39730,1,0.6168204580763578,1,3,ctd,logistic_regression,42
P50277,P53252,1,0.43069259588405917,0,3,ctd,logistic_regression,42
P13856,P40302,1,0.26650350081466806,0,3,ctd,logistic_regression,42
P26570,P38932,1,0.8367783799209366,1,3,ctd,logistic_regression,42
P32450,P38922,1,0.8742403420722575,1,3,ctd,logistic_regression,42
Q06549,Q07887,1,0.5394969935613195,1,3,ctd,logistic_regression,42
P10566,P28239,1,0.5224451716592553,1,3,ctd,logistic_regression,42
P15790,P36124,1,0.5375302432226163,1,3,ctd,logistic_regression,42
P14242,P21951,1,0.4751631741229706,0,3,ctd,logistic_regression,42
P00175,P53130,1,0.5329082801360981,1,3,ctd,logistic_regression,42
P33891,P38737,1,0.5416445033042045,1,3,ctd,logistic_regression,42
P14064,P21538,1,0.6643939455817973,1,3,ctd,logistic_regression,42
P40368,P40469,1,0.39697117582608943,0,3,ctd,logistic_regression,42
P50113,P53184,1,0.5322290990023518,1,3,ctd,logistic_regression,42
P18851,P53290,1,0.6237606291827023,1,3,ctd,logistic_regression,42
P38346,Q12518,1,0.6393339233815257,1,3,ctd,logistic_regression,42
P39958,P53129,1,0.5480619830615533,1,3,ctd,logistic_regression,42
P40484,Q04377,1,0.7524622251989438,1,3,ctd,logistic_regression,42
P15108,Q03792,1,0.6782906300427856,1,3,ctd,logistic_regression,42
P38716,P39998,1,0.6234407721560097,1,3,ctd,logistic_regression,42
Q06411,Q06549,1,0.7733632377744587,1,3,ctd,logistic_regression,42
O14455,P41911,1,0.5413296017259964,1,3,ctd,logistic_regression,42
P25343,P47104,1,0.6866871515069148,1,3,ctd,logistic_regression,42
P38853,Q12427,1,0.6891772394243879,1,3,ctd,logistic_regression,42
P38889,Q12267,1,0.6980469201161125,1,3,ctd,logistic_regression,42
P00175,P10622,1,0.8058350323208298,1,3,ctd,logistic_regression,42
P22213,P32582,1,0.7162891110299514,1,3,ctd,logistic_regression,42
P50105,Q08387,1,0.7196223002209317,1,3,ctd,logistic_regression,42
P32496,P41813,1,0.48094936951899886,0,3,ctd,logistic_regression,42
Q03954,Q12241,1,0.5745795062865798,1,3,ctd,logistic_regression,42
P15442,P33311,1,0.407626812967568,0,3,ctd,logistic_regression,42
P47176,Q07786,1,0.6054984177174354,1,3,ctd,logistic_regression,42
P11484,P48415,1,0.44431396464860157,0,3,ctd,logistic_regression,42
P36100,Q12343,1,0.5867576200721321,1,3,ctd,logistic_regression,42
P23724,P38871,1,0.6728247296391868,1,3,ctd,logistic_regression,42
P32867,Q08208,1,0.6312110131059554,1,3,ctd,logistic_regression,42
P32318,P39111,1,0.8845477974872273,1,3,ctd,logistic_regression,42
P38697,P39108,1,0.5529246116076931,1,3,ctd,logistic_regression,42
P39077,P47079,1,0.6442042098574073,1,3,ctd,logistic_regression,42
P46949,Q08245,1,0.513045915657343,1,3,ctd,logistic_regression,42
P06242,Q12446,1,0.7348802276510641,1,3,ctd,logistic_regression,42
P39958,Q04934,1,0.6678371055113491,1,3,ctd,logistic_regression,42
P32599,Q12499,1,0.6787265875083434,1,3,ctd,logistic_regression,42
P38237,P39729,1,0.7077020306208506,1,3,ctd,logistic_regression,42
P31382,P38998,1,0.651775241367843,1,3,ctd,logistic_regression,42
P12611,P32450,1,0.48124262989368644,0,3,ctd,logistic_regression,42
P06777,P32807,1,0.5244826754417466,1,3,ctd,logistic_regression,42
Q05471,Q12315,1,0.47849681943782585,0,3,ctd,logistic_regression,42
P32327,Q04377,1,0.5922430564902068,1,3,ctd,logistic_regression,42
P32337,P38283,1,0.6478948460940381,1,3,ctd,logistic_regression,42
P43638,Q07844,1,0.6218185184586924,1,3,ctd,logistic_regression,42
P39940,P54861,1,0.5349110085413936,1,3,ctd,logistic_regression,42
P38682,P43568,1,0.41660484299090084,0,3,ctd,logistic_regression,42
P38998,P40091,1,0.6707229906525024,1,3,ctd,logistic_regression,42
P25657,P49704,1,0.6358686486725126,1,3,ctd,logistic_regression,42
P08964,P53313,1,0.5023330894100085,1,3,ctd,logistic_regression,42
Q05022,Q12142,1,0.5048404932067734,1,3,ctd,logistic_regression,42
P17536,P53281,1,0.7825282500053428,1,3,ctd,logistic_regression,42
P23293,P54199,1,0.6720457432996467,1,3,ctd,logistic_regression,42
P25360,P33313,1,0.1819170699083271,0,3,ctd,logistic_regression,42
P38273,P46957,1,0.47729993566439305,0,3,ctd,logistic_regression,42
P32563,P39960,1,0.49573385169725936,0,3,ctd,logistic_regression,42
P39990,P40959,1,0.35163208455819417,0,3,ctd,logistic_regression,42
P15873,Q03081,1,0.5916516149091986,1,3,ctd,logistic_regression,42
P33307,P36145,1,0.4964320115662232,0,3,ctd,logistic_regression,42
P48240,Q02773,1,0.5637247262069794,1,3,ctd,logistic_regression,42
P53855,Q08491,1,0.5879084375630126,1,3,ctd,logistic_regression,42
P33750,P53150,1,0.621215973140472,1,3,ctd,logistic_regression,42
P53604,Q04175,1,0.2995639850039335,0,3,ctd,logistic_regression,42
P34160,P36049,1,0.42114994474169876,0,3,ctd,logistic_regression,42
P25367,P32491,1,0.5891657135770575,1,3,ctd,logistic_regression,42
P34110,P53738,1,0.8078299473140088,1,3,ctd,logistic_regression,42
P32796,P40202,1,0.5785827898436579,1,3,ctd,logistic_regression,42
P25441,P52488,1,0.5797371604237727,1,3,ctd,logistic_regression,42
P35207,P47113,1,0.5112551049050655,1,3,ctd,logistic_regression,42
P32855,P38149,1,0.6232565256194553,1,3,ctd,logistic_regression,42
P20438,Q02931,1,0.6506201756407621,1,3,ctd,logistic_regression,42
P17442,P23639,1,0.6403343643902452,1,3,ctd,logistic_regression,42
P40316,Q04868,1,0.5357953147359837,1,3,ctd,logistic_regression,42
P38814,P39990,1,0.4563371261257444,0,3,ctd,logistic_regression,42
P27636,Q04894,1,0.629456423126501,1,3,ctd,logistic_regression,42
P00950,P42845,1,0.641396911105005,1,3,ctd,logistic_regression,42
P23287,P34253,1,0.5491970291929258,1,3,ctd,logistic_regression,42
P41277,P53883,1,0.5006007540917067,1,3,ctd,logistic_regression,42
P23561,Q12220,1,0.6041575197740081,1,3,ctd,logistic_regression,42
P13434,Q06525,1,0.5483351524241725,1,3,ctd,logistic_regression,42
P38682,Q08491,1,0.5330463885045803,1,3,ctd,logistic_regression,42
P00937,P10591,1,0.5613224122049232,1,3,ctd,logistic_regression,42
P39927,Q04087,1,0.6804514812522569,1,3,ctd,logistic_regression,42
P22213,Q06708,1,0.6080309526743984,1,3,ctd,logistic_regression,42
P34217,P39935,1,0.8282929771813702,1,3,ctd,logistic_regression,42
P35817,P46974,1,0.4007395566534985,0,3,ctd,logistic_regression,42
P25582,P53124,1,0.4953332504330922,0,3,ctd,logistic_regression,42
P38282,P40328,1,0.4278635071454935,0,3,ctd,logistic_regression,42
P28007,P40339,1,0.5342972810369346,1,3,ctd,logistic_regression,42
P38247,P38431,1,0.7389765141138325,1,3,ctd,logistic_regression,42
P32563,P33420,1,0.5594656442292902,1,3,ctd,logistic_regression,42
P40018,Q00245,1,0.6006199454763664,1,3,ctd,logistic_regression,42
P32524,Q06479,1,0.6315293754054767,1,3,ctd,logistic_regression,42
P32328,Q12452,1,0.41177694437371287,0,3,ctd,logistic_regression,42
P07270,P53845,1,0.41238178609407733,0,3,ctd,logistic_regression,42
P18851,P40160,1,0.525878472000636,1,3,ctd,logistic_regression,42
P40988,P53316,1,0.4455645182679284,0,3,ctd,logistic_regression,42
P25604,Q04894,1,0.5916228346845024,1,3,ctd,logistic_regression,42
P27351,P36018,1,0.5649376003583396,1,3,ctd,logistic_regression,42
P35201,P47166,1,0.4054971180855263,0,3,ctd,logistic_regression,42
P38622,Q03735,1,0.6070947715003487,1,3,ctd,logistic_regression,42
P39960,Q08732,1,0.6138119342988956,1,3,ctd,logistic_regression,42
P52488,P53211,1,0.6134260522056177,1,3,ctd,logistic_regression,42
P38013,P38856,1,0.49585858419279244,0,3,ctd,logistic_regression,42
P38333,P38987,1,0.4027557522001576,0,3,ctd,logistic_regression,42
P29703,P40167,1,0.5294645182207908,1,3,ctd,logistic_regression,42
P32263,P41800,1,0.5039584560087348,1,3,ctd,logistic_regression,42
P53755,Q07824,1,0.302890614711601,0,3,ctd,logistic_regression,42
P34216,Q12034,1,0.5616569420646279,1,3,ctd,logistic_regression,42
P25357,P53036,1,0.769455350136425,1,3,ctd,logistic_regression,42
P53738,Q04067,1,0.8556523975140562,1,3,ctd,logistic_regression,42
P05085,P12754,1,0.670537874196562,1,3,ctd,logistic_regression,42
P46655,Q12241,1,0.2949171067939668,0,3,ctd,logistic_regression,42
P14832,Q99210,1,0.7309404723704475,1,3,ctd,logistic_regression,42
P40457,P47012,1,0.4914337953764094,0,3,ctd,logistic_regression,42
P32263,Q07381,1,0.34976986972096924,0,3,ctd,logistic_regression,42
P17555,P38333,1,0.4578253457633151,0,3,ctd,logistic_regression,42
P18494,P41808,1,0.5817574926205588,1,3,ctd,logistic_regression,42
P38748,Q12427,1,0.634677918339556,1,3,ctd,logistic_regression,42
P32528,P38555,1,0.5344073752328945,1,3,ctd,logistic_regression,42
P32599,P46985,1,0.4857834730304628,0,3,ctd,logistic_regression,42
P25502,P35817,1,0.35139758287078243,0,3,ctd,logistic_regression,42
P06781,P26448,1,0.5053976048805815,1,3,ctd,logistic_regression,42
P06778,P38751,1,0.3804811092084087,0,3,ctd,logistic_regression,42
P15807,Q08966,1,0.6209051771688622,1,3,ctd,logistic_regression,42
P36124,P39076,1,0.6293408385817983,1,3,ctd,logistic_regression,42
P25604,Q03782,1,0.4695829992261182,0,3,ctd,logistic_regression,42
P38682,P38855,1,0.45734721783982374,0,3,ctd,logistic_regression,42
P38291,Q04053,1,0.5414555208946177,1,3,ctd,logistic_regression,42
P38273,Q03322,1,0.5519672258136631,1,3,ctd,logistic_regression,42
P24867,P32480,1,0.45578035647689513,0,3,ctd,logistic_regression,42
P25591,P38348,1,0.7105432694045504,1,3,ctd,logistic_regression,42
P30619,P32796,1,0.6853790375387445,1,3,ctd,logistic_regression,42
P34758,Q05785,1,0.6770791798836409,1,3,ctd,logistic_regression,42
P32639,P53124,1,0.4547162544458326,0,3,ctd,logistic_regression,42
P40693,Q08962,1,0.6579979947928577,1,3,ctd,logistic_regression,42
P00358,Q08726,1,0.3094702097358369,0,3,ctd,logistic_regression,42
O74700,P48568,1,0.5903391164994944,1,3,ctd,logistic_regression,42
P36005,Q12241,1,0.402578814457984,0,3,ctd,logistic_regression,42
P38339,P41832,1,0.6630821890329391,1,3,ctd,logistic_regression,42
P39531,Q07442,1,0.5868127137942232,1,3,ctd,logistic_regression,42
P46961,P53344,1,0.05309601281418866,0,3,ctd,logistic_regression,42
P40988,P54885,1,0.3966451654721306,0,3,ctd,logistic_regression,42
P36005,Q12034,1,0.6302555696631396,1,3,ctd,logistic_regression,42
P47160,Q03162,1,0.48190525087428837,0,3,ctd,logistic_regression,42
P07262,P11709,1,0.6154394452570388,1,3,ctd,logistic_regression,42
P23542,P33400,1,0.5340051860097095,1,3,ctd,logistic_regression,42
P38149,P47050,1,0.5275246837080427,1,3,ctd,logistic_regression,42
P07283,P21306,1,0.21348701814703466,0,3,ctd,logistic_regression,42
P48363,P53150,1,0.6700041034633132,1,3,ctd,logistic_regression,42
Q03860,Q06644,1,0.4495876807786753,0,3,ctd,logistic_regression,42
P02400,P38229,1,0.6861545176032509,1,3,ctd,logistic_regression,42
Q05580,Q07084,1,0.5125200289369232,1,3,ctd,logistic_regression,42
P06782,P30902,1,0.6455546612971633,1,3,ctd,logistic_regression,42
P33338,P41800,1,0.5920395881017031,1,3,ctd,logistic_regression,42
Q00723,Q03088,1,0.516757316878385,1,3,ctd,logistic_regression,42
P38990,Q12165,1,0.6976261825735596,1,3,ctd,logistic_regression,42
P32380,P47045,1,0.5945736686543069,1,3,ctd,logistic_regression,42
P21951,P47167,1,0.5401810861689657,1,3,ctd,logistic_regression,42
P31383,Q02100,1,0.5270080088040138,1,3,ctd,logistic_regression,42
P19735,P39743,1,0.7257101960338694,1,3,ctd,logistic_regression,42
P26188,P46669,1,0.7846065534624306,1,3,ctd,logistic_regression,42
P40010,P47124,1,0.2888408876359737,0,3,ctd,logistic_regression,42
P06243,P37012,1,0.5016756524840262,1,3,ctd,logistic_regression,42
P16467,P38764,1,0.5625041090216493,1,3,ctd,logistic_regression,42
P14126,Q99181,1,0.693715824337894,1,3,ctd,logistic_regression,42
P25569,Q01590,1,0.5372355081604446,1,3,ctd,logistic_regression,42
P06844,P38801,1,0.25021965585523886,0,3,ctd,logistic_regression,42
P39706,P50875,1,0.20278835368878556,0,3,ctd,logistic_regression,42
P32324,P40005,1,0.6358155839235274,1,3,ctd,logistic_regression,42
P25719,P32490,1,0.3815060994618689,0,3,ctd,logistic_regression,42
P12904,P22213,1,0.6460126847359613,1,3,ctd,logistic_regression,42
P06786,P21651,1,0.5819488172673802,1,3,ctd,logistic_regression,42
P53549,Q12365,1,0.653901522174128,1,3,ctd,logistic_regression,42
P32939,P48239,1,0.5583059610246547,1,3,ctd,logistic_regression,42
P38329,P53112,1,0.2787228310362211,0,3,ctd,logistic_regression,42
P04840,Q05024,1,0.6074140321287124,1,3,ctd,logistic_regression,42
P50113,Q07786,1,0.4678768011592344,0,3,ctd,logistic_regression,42
P36085,P46985,1,0.4716885089287381,0,3,ctd,logistic_regression,42
P33201,P53743,1,0.5929068594782824,1,3,ctd,logistic_regression,42
P32911,P32917,1,0.7820362065186424,1,3,ctd,logistic_regression,42
P42935,Q92331,1,0.5060291078001764,1,3,ctd,logistic_regression,42
P25591,P53883,1,0.7045495835832153,1,3,ctd,logistic_regression,42
P18410,P47041,1,0.5951213265219194,1,3,ctd,logistic_regression,42
P41808,Q03782,1,0.4234135094401975,0,3,ctd,logistic_regression,42
P15646,P38346,1,0.7511844703418946,1,3,ctd,logistic_regression,42
P23776,P38288,1,0.5320333234530611,1,3,ctd,logistic_regression,42
P04456,P28795,1,0.3669005258944906,0,3,ctd,logistic_regression,42
Q08235,Q12009,1,0.4317124302512297,0,3,ctd,logistic_regression,42
P36049,P46673,1,0.4444070254910857,0,3,ctd,logistic_regression,42
P02293,P32790,1,0.6477659343663844,1,3,ctd,logistic_regression,42
P33411,Q07824,1,0.2544083309991267,0,3,ctd,logistic_regression,42
P53199,P53855,1,0.64973925343487,1,3,ctd,logistic_regression,42
P38810,P40010,1,0.41532545850456476,0,3,ctd,logistic_regression,42
P23968,P32909,1,0.5014556550754244,1,3,ctd,logistic_regression,42
P22224,Q06177,1,0.4889709277723069,0,3,ctd,logistic_regression,42
P38149,P38886,1,0.5645937341229843,1,3,ctd,logistic_regression,42
P32898,P38748,1,0.6467828123656238,1,3,ctd,logistic_regression,42
P33895,P53169,1,0.5002221234902231,1,3,ctd,logistic_regression,42
P11746,P47041,1,0.4945948182451636,0,3,ctd,logistic_regression,42
P40517,Q00916,1,0.7440294474481637,1,3,ctd,logistic_regression,42
P33411,Q12517,1,0.4532252299306275,0,3,ctd,logistic_regression,42
P42945,P53941,1,0.3416883642793201,0,3,ctd,logistic_regression,42
Q02629,Q03768,1,0.35949530818616,0,3,ctd,logistic_regression,42
P33314,P43587,1,0.3341281670382621,0,3,ctd,logistic_regression,42
P22515,P42073,1,0.616447793732324,1,3,ctd,logistic_regression,42
P07149,P24583,1,0.4350348311470277,0,3,ctd,logistic_regression,42
P41318,P43565,1,0.5370427529074114,1,3,ctd,logistic_regression,42
P39929,Q05080,1,0.8677695801378837,1,3,ctd,logistic_regression,42
P32336,P40314,1,0.8934955222967564,1,3,ctd,logistic_regression,42
P36068,P40096,1,0.5952888172507107,1,3,ctd,logistic_regression,42
P39077,P46947,1,0.3997197679470516,0,3,ctd,logistic_regression,42
P39705,P53185,1,0.3244512817053892,0,3,ctd,logistic_regression,42
P43561,Q04149,1,0.6195919503987095,1,3,ctd,logistic_regression,42
P09734,Q08649,1,0.5736793364743176,1,3,ctd,logistic_regression,42
P38970,P50278,1,0.7040917602776814,1,3,ctd,logistic_regression,42
P48836,Q12256,1,0.27200375166911306,0,3,ctd,logistic_regression,42
P03965,P53081,1,0.5108691130905544,1,3,ctd,logistic_regression,42
P15442,P53731,1,0.42429159674755124,0,3,ctd,logistic_regression,42
P19145,P40565,1,0.23295837891515228,0,3,ctd,logistic_regression,42
P38431,Q05874,1,0.8180552213583757,1,3,ctd,logistic_regression,42
P38861,P39936,1,0.4330718779727483,0,3,ctd,logistic_regression,42
P34758,Q99186,1,0.5191174766268472,1,3,ctd,logistic_regression,42
Q06164,Q07930,1,0.567945533717558,1,3,ctd,logistic_regression,42
P07866,P38013,1,0.501616010890476,1,3,ctd,logistic_regression,42
P48412,Q02892,1,0.46377643965050336,0,3,ctd,logistic_regression,42
P40462,Q07844,1,0.535641337213386,1,3,ctd,logistic_regression,42
P32773,P36149,1,0.37993732842869227,0,3,ctd,logistic_regression,42
P25646,P26793,1,0.5103495274054249,1,3,ctd,logistic_regression,42
P13711,P53691,1,0.4994111833793728,0,3,ctd,logistic_regression,42
P33767,P40509,1,0.37062390677488466,0,3,ctd,logistic_regression,42
P11484,P25569,1,0.5555858977674353,1,3,ctd,logistic_regression,42
P36022,P41814,1,0.5733905205276285,1,3,ctd,logistic_regression,42
P47045,P53196,1,0.5299044987491575,1,3,ctd,logistic_regression,42
P15891,P38555,1,0.5966059145372976,1,3,ctd,logistic_regression,42
P09938,Q07623,1,0.6399777273930836,1,3,ctd,logistic_regression,42
P38855,P53863,1,0.5247320076912659,1,3,ctd,logistic_regression,42
P20606,P29465,1,0.6572867353753205,1,3,ctd,logistic_regression,42
P47057,Q04411,1,0.5187300109640577,1,3,ctd,logistic_regression,42
P20676,Q7LIF1,1,0.33667657098832127,0,3,ctd,logistic_regression,42
P32895,P53040,1,0.4869937680781897,0,3,ctd,logistic_regression,42
P00729,P38555,1,0.5640876575055754,1,3,ctd,logistic_regression,42
Q00816,Q06673,1,0.34919889561261624,0,3,ctd,logistic_regression,42
P18480,Q00416,1,0.45357215420006725,0,3,ctd,logistic_regression,42
P25659,P38346,1,0.5827939947201529,1,3,ctd,logistic_regression,42
P47089,Q04978,1,0.6743843443602305,1,3,ctd,logistic_regression,42
O14455,P53112,1,0.28214235524607595,0,3,ctd,logistic_regression,42
P07149,P53939,1,0.6217799506493878,1,3,ctd,logistic_regression,42
P48240,P48582,1,0.43531435326247764,0,3,ctd,logistic_regression,42
P38760,Q08951,1,0.4092917667569332,0,3,ctd,logistic_regression,42
P32496,P38690,1,0.5325997469440833,1,3,ctd,logistic_regression,42
P08638,P53551,1,0.5411514039477262,1,3,ctd,logistic_regression,42
P34730,Q99385,1,0.6212923059788423,1,3,ctd,logistic_regression,42
P22224,P41813,1,0.4447434153129004,0,3,ctd,logistic_regression,42
Q03862,Q08920,1,0.5119579198573698,1,3,ctd,logistic_regression,42
Q04511,Q12754,1,0.527827797305091,1,3,ctd,logistic_regression,42
P07991,Q03790,1,0.6847278189556598,1,3,ctd,logistic_regression,42
P46682,Q12028,1,0.6082093543433413,1,3,ctd,logistic_regression,42
P32591,P51996,1,0.48653141670903444,0,3,ctd,logistic_regression,42
P24869,P38352,1,0.6544970839159536,1,3,ctd,logistic_regression,42
P11709,P18494,1,0.701328811802633,1,3,ctd,logistic_regression,42
Q02630,Q12055,1,0.66323217714577,1,3,ctd,logistic_regression,42
P34087,Q12124,1,0.15206715511636143,0,3,ctd,logistic_regression,42
P22515,Q12124,1,0.26417539901471454,0,3,ctd,logistic_regression,42
P32481,P47019,1,0.47649302158408824,0,3,ctd,logistic_regression,42
P32589,P41834,1,0.8377721864167148,1,3,ctd,logistic_regression,42
P04821,Q07824,1,0.3109029743608186,0,3,ctd,logistic_regression,42
P41805,Q12460,1,0.30783562053005403,0,3,ctd,logistic_regression,42
P31688,P38200,1,0.6051406151309994,1,3,ctd,logistic_regression,42
P25344,Q08215,1,0.7133955860861805,1,3,ctd,logistic_regression,42
P22543,P38930,1,0.5147032386804824,1,3,ctd,logistic_regression,42
P32496,P40055,1,0.48842315910756257,0,3,ctd,logistic_regression,42
P32588,Q12129,1,0.5834102647948964,1,3,ctd,logistic_regression,42
P38346,Q02100,1,0.6628625555651568,1,3,ctd,logistic_regression,42
P17555,P43637,1,0.4712520591097361,0,3,ctd,logistic_regression,42
P38042,Q12527,1,0.5769024915940543,1,3,ctd,logistic_regression,42
P04456,P23561,1,0.41945475363438106,0,3,ctd,logistic_regression,42
P13185,Q06406,1,0.5323705221274484,1,3,ctd,logistic_regression,42
P18962,Q12098,1,0.5403248297962359,1,3,ctd,logistic_regression,42
P38768,Q12411,1,0.7162150553663004,1,3,ctd,logistic_regression,42
P17121,Q12434,1,0.7427043061286609,1,3,ctd,logistic_regression,42
P26793,P40096,1,0.30837025420230163,0,3,ctd,logistic_regression,42
P23624,Q06616,1,0.7588947182303684,1,3,ctd,logistic_regression,42
P40512,P53168,1,0.7110913512411052,1,3,ctd,logistic_regression,42
P34244,Q04062,1,0.39868465310762263,0,3,ctd,logistic_regression,42
P43588,Q05785,1,0.5080640411359562,1,3,ctd,logistic_regression,42
P39743,Q02866,1,0.6017507142127214,1,3,ctd,logistic_regression,42
P23638,P32849,1,0.37682597572756193,0,3,ctd,logistic_regression,42
P15807,Q99176,1,0.3514622626686367,0,3,ctd,logistic_regression,42
P39937,Q12241,1,0.4368185412577972,0,3,ctd,logistic_regression,42
P04147,Q06549,1,0.6492162307398359,1,3,ctd,logistic_regression,42
P21801,Q07508,1,0.4558886264588116,0,3,ctd,logistic_regression,42
P29340,Q02773,1,0.7900165734916524,1,3,ctd,logistic_regression,42
P25615,P47045,1,0.6284322269202347,1,3,ctd,logistic_regression,42
P11745,P25694,1,0.8052900771676498,1,3,ctd,logistic_regression,42
P49955,Q08558,1,0.5052993558420436,1,3,ctd,logistic_regression,42
P38962,Q06001,1,0.20753125388553645,0,3,ctd,logistic_regression,42
P38735,P40327,1,0.40402768363814917,0,3,ctd,logistic_regression,42
P38988,Q02895,1,0.44349675420624335,0,3,ctd,logistic_regression,42
P38956,P40453,1,0.7115933213637373,1,3,ctd,logistic_regression,42
P49166,P53939,1,0.9684308553938628,1,3,ctd,logistic_regression,42
P38254,P39929,1,0.6496783710722194,1,3,ctd,logistic_regression,42
P07258,Q12256,1,0.41644611531204284,0,3,ctd,logistic_regression,42
P22202,Q08162,1,0.6582778704984205,1,3,ctd,logistic_regression,42
P00931,P38737,1,0.6197574790544146,1,3,ctd,logistic_regression,42
P12945,Q12460,1,0.5717479127155971,1,3,ctd,logistic_regression,42
P03965,P41834,1,0.7032193741907076,1,3,ctd,logistic_regression,42
P21242,P32366,1,0.7128429869582421,1,3,ctd,logistic_regression,42
P04046,P40461,1,0.6578337030757582,1,3,ctd,logistic_regression,42
Q03619,Q05080,1,0.6176629792976767,1,3,ctd,logistic_regression,42
Q04062,Q06142,1,0.5479135728820427,1,3,ctd,logistic_regression,42
P17709,P18963,1,0.6362831648864155,1,3,ctd,logistic_regression,42
Q00416,Q12380,1,0.3633218454420318,0,3,ctd,logistic_regression,42
P38729,P53176,1,0.2170244875494416,0,3,ctd,logistic_regression,42
P39101,Q12406,1,0.4422527556744373,0,3,ctd,logistic_regression,42
P15891,P17121,1,0.5443171781353641,1,3,ctd,logistic_regression,42
P08431,Q07418,1,0.715538266802615,1,3,ctd,logistic_regression,42
P14904,P34226,1,0.595634723979334,1,3,ctd,logistic_regression,42
P53169,P53295,1,0.6730826536913304,1,3,ctd,logistic_regression,42
Q04199,Q12241,1,0.4626266673319471,0,3,ctd,logistic_regression,42
P38806,Q07508,1,0.795594273251972,1,3,ctd,logistic_regression,42
P53163,Q12256,1,0.2586185863035865,0,3,ctd,logistic_regression,42
Q03900,Q06512,1,0.49016647622325593,0,3,ctd,logistic_regression,42
P14680,Q06216,1,0.6261632045562847,1,3,ctd,logistic_regression,42
P28007,Q00245,1,0.41657772854928676,0,3,ctd,logistic_regression,42
P19657,P35207,1,0.5029281020771459,1,3,ctd,logistic_regression,42
P20604,P47050,1,0.7087478623498337,1,3,ctd,logistic_regression,42
P11154,P32521,1,0.5665291905717565,1,3,ctd,logistic_regression,42
Q04792,Q08550,1,0.7140841988690327,1,3,ctd,logistic_regression,42
Q00246,Q06679,1,0.28023916078275796,0,3,ctd,logistic_regression,42
P48836,P53184,1,0.8062434607858925,1,3,ctd,logistic_regression,42
P03965,Q12368,1,0.6771539501394195,1,3,ctd,logistic_regression,42
P32525,P40055,1,0.39104826185945263,0,3,ctd,logistic_regression,42
P38077,P40573,1,0.40417766935862165,0,3,ctd,logistic_regression,42
P32492,P39723,1,0.4816914857290085,0,3,ctd,logistic_regression,42
P38339,P53316,1,0.6335008713433051,1,3,ctd,logistic_regression,42
P32607,P53971,1,0.2534539007969741,0,3,ctd,logistic_regression,42
P25604,P53855,1,0.5028695340359901,1,3,ctd,logistic_regression,42
P41921,P53068,1,0.5165183764341028,1,3,ctd,logistic_regression,42
P36029,P38959,1,0.3779438132325635,0,3,ctd,logistic_regression,42
P30656,Q08746,1,0.7338816132860067,1,3,ctd,logistic_regression,42
P38287,Q02931,1,0.3300888340381305,0,3,ctd,logistic_regression,42
P34909,Q12344,1,0.637078923943022,1,3,ctd,logistic_regression,42
P00931,Q07930,1,0.8090916945112098,1,3,ctd,logistic_regression,42
P32504,P40314,1,0.49482249914548904,0,3,ctd,logistic_regression,42
P32786,P41832,1,0.6898257195475439,1,3,ctd,logistic_regression,42
P32464,Q12440,1,0.6406058376912023,1,3,ctd,logistic_regression,42
P41318,Q12041,1,0.7320473243750263,1,3,ctd,logistic_regression,42
P38339,Q08726,1,0.45987840731480767,0,3,ctd,logistic_regression,42
P16370,P22224,0,0.6071142772909758,1,3,ctd,logistic_regression,42
P32479,P53735,0,0.3954896046798615,0,3,ctd,logistic_regression,42
P38637,P39011,0,0.7512846385671085,1,3,ctd,logistic_regression,42
P22804,P38262,0,0.809448134269295,1,3,ctd,logistic_regression,42
P38992,P53091,0,0.22350781578882423,0,3,ctd,logistic_regression,42
P32796,P46974,0,0.486389604678155,0,3,ctd,logistic_regression,42
P27476,Q03012,0,0.5572115634476543,1,3,ctd,logistic_regression,42
P25302,P53840,0,0.49755176111731664,0,3,ctd,logistic_regression,42
P16140,Q12223,0,0.2946984790372211,0,3,ctd,logistic_regression,42
P29055,Q04062,0,0.5197092694098219,1,3,ctd,logistic_regression,42
Q08096,Q12124,0,0.22212830993661553,0,3,ctd,logistic_regression,42
P40014,P53910,0,0.7218065591373902,1,3,ctd,logistic_regression,42
P17891,P33759,0,0.21338221377502808,0,3,ctd,logistic_regression,42
P38163,P40103,0,0.5598285478711928,1,3,ctd,logistic_regression,42
P33759,Q12306,0,0.2463661395260718,0,3,ctd,logistic_regression,42
P07866,P39550,0,0.07391388981073516,0,3,ctd,logistic_regression,42
P04050,Q05946,0,0.6697770236855589,1,3,ctd,logistic_regression,42
P14922,Q12309,0,0.49953496122179436,0,3,ctd,logistic_regression,42
P20438,Q12060,0,0.5642217585375058,1,3,ctd,logistic_regression,42
P11938,P39112,0,0.3544392501721311,0,3,ctd,logistic_regression,42
P25045,P32629,0,0.34342745955165155,0,3,ctd,logistic_regression,42
P22137,Q12083,0,0.6614755064379886,1,3,ctd,logistic_regression,42
P32499,Q03697,0,0.40862725523158927,0,3,ctd,logistic_regression,42
P38879,Q05931,0,0.6321232973616929,1,3,ctd,logistic_regression,42
P21951,P41811,0,0.5272282431964502,1,3,ctd,logistic_regression,42
P39990,Q03177,0,0.40290659154227493,0,3,ctd,logistic_regression,42
P38334,Q02555,0,0.7232991122602885,1,3,ctd,logistic_regression,42
Q02516,Q04233,0,0.26567859997830223,0,3,ctd,logistic_regression,42
P10591,P25648,0,0.551118425228888,1,3,ctd,logistic_regression,42
P37838,P48568,0,0.40836373758024674,0,3,ctd,logistic_regression,42
P38863,P54791,0,0.4998811910183528,0,3,ctd,logistic_regression,42
P39540,P48234,0,0.10227834728129595,0,3,ctd,logistic_regression,42
P25584,Q04697,0,0.6176762653500857,1,3,ctd,logistic_regression,42
P22133,P32585,0,0.3561753520889876,0,3,ctd,logistic_regression,42
P39962,P41695,0,0.5066353154631295,1,3,ctd,logistic_regression,42
P40352,Q08492,0,0.4542878296277391,0,3,ctd,logistic_regression,42
Q08683,Q6Q547,0,0.7676666846291373,1,3,ctd,logistic_regression,42
P33420,P38112,0,0.7414963590517634,1,3,ctd,logistic_regression,42
P25385,P39551,0,0.4557294233873615,0,3,ctd,logistic_regression,42
P38254,P38699,0,0.2922874022070784,0,3,ctd,logistic_regression,42
P03965,P38286,0,0.4779586914096197,0,3,ctd,logistic_regression,42
P19736,P43562,0,0.21750616853462904,0,3,ctd,logistic_regression,42
P25382,P36027,0,0.10062599574746829,0,3,ctd,logistic_regression,42
P38156,P40070,0,0.2828303693618558,0,3,ctd,logistic_regression,42
P53115,P53130,0,0.3791680775078711,0,3,ctd,logistic_regression,42
P22137,P32897,0,0.6656107239213679,1,3,ctd,logistic_regression,42
P15367,P50108,0,0.6311568790968074,1,3,ctd,logistic_regression,42
P25646,P47132,0,0.3175705462564978,0,3,ctd,logistic_regression,42
P32259,Q04493,0,0.4965828069972119,0,3,ctd,logistic_regression,42
P06775,P25632,0,0.4139300167966151,0,3,ctd,logistic_regression,42
P38735,P53823,0,0.5558776738094112,1,3,ctd,logistic_regression,42
P12611,P80428,0,0.4823225415562736,0,3,ctd,logistic_regression,42
P38811,Q06407,0,0.5603566076452231,1,3,ctd,logistic_regression,42
P35497,P40992,0,0.48916445959822624,0,3,ctd,logistic_regression,42
P38130,Q08949,0,0.5277410351753723,1,3,ctd,logistic_regression,42
P32319,P46970,0,0.5594163988586501,1,3,ctd,logistic_regression,42
P17629,P47822,0,0.5217691540421875,1,3,ctd,logistic_regression,42
P24482,P40187,0,0.49292947377490604,0,3,ctd,logistic_regression,42
P40357,Q12230,0,0.5487458788442473,1,3,ctd,logistic_regression,42
P53389,Q12034,0,0.2761726796481042,0,3,ctd,logistic_regression,42
P53894,Q03834,0,0.49797114049828406,0,3,ctd,logistic_regression,42
Q06168,Q12449,0,0.6643075777646572,1,3,ctd,logistic_regression,42
P20433,P34162,0,0.44530237230697844,0,3,ctd,logistic_regression,42
P33311,P43562,0,0.19208873484527328,0,3,ctd,logistic_regression,42
P33339,P38705,0,0.47545955121293626,0,3,ctd,logistic_regression,42
P32628,P32803,0,0.22672277742170494,0,3,ctd,logistic_regression,42
P38337,P38904,0,0.8310152992284702,1,3,ctd,logistic_regression,42
P48566,Q07800,0,0.6619014242466209,1,3,ctd,logistic_regression,42
P40573,P47115,0,0.5179005818034433,1,3,ctd,logistic_regression,42
Q08975,Q12138,0,0.3405636029371907,0,3,ctd,logistic_regression,42
P32389,P33401,0,0.564125999443773,1,3,ctd,logistic_regression,42
P06838,Q12329,0,0.6037762102048034,1,3,ctd,logistic_regression,42
P10961,P38792,0,0.7109558372695984,1,3,ctd,logistic_regression,42
P04911,P47167,0,0.32351429419265504,0,3,ctd,logistic_regression,42
P32833,Q03497,0,0.577481586150258,1,3,ctd,logistic_regression,42
P04386,Q05022,0,0.47948407160856416,0,3,ctd,logistic_regression,42
P04050,P53949,0,0.8190989615801377,1,3,ctd,logistic_regression,42
P13574,P33323,0,0.3522758269447031,0,3,ctd,logistic_regression,42
Q06598,Q06673,0,0.25615642743827205,0,3,ctd,logistic_regression,42
P41544,Q99181,0,0.2915211747242821,0,3,ctd,logistic_regression,42
P04386,P60010,0,0.4596287377612323,0,3,ctd,logistic_regression,42
P15108,P38968,0,0.7910310996115809,1,3,ctd,logistic_regression,42
P08678,P40965,0,0.628820259358711,1,3,ctd,logistic_regression,42
P40187,Q04338,0,0.45972122351935263,0,3,ctd,logistic_regression,42
P08678,P23059,0,0.7236039337724839,1,3,ctd,logistic_regression,42
P26188,P32480,0,0.6705921612588505,1,3,ctd,logistic_regression,42
P26754,P53974,0,0.7758323626068891,1,3,ctd,logistic_regression,42
P10961,P53124,0,0.5108228877002595,1,3,ctd,logistic_regression,42
P25342,P43596,0,0.46491775461897444,0,3,ctd,logistic_regression,42
P26754,P40095,0,0.7365376123273565,1,3,ctd,logistic_regression,42
P46655,P47822,0,0.554955429695105,1,3,ctd,logistic_regression,42
Q01560,Q08749,0,0.1264767304997742,0,3,ctd,logistic_regression,42
P00128,P25359,0,0.7375628443263427,1,3,ctd,logistic_regression,42
P47027,P53955,0,0.4920091498299437,0,3,ctd,logistic_regression,42
P39734,P53604,0,0.5303434673544339,1,3,ctd,logistic_regression,42
P07703,P23059,0,0.549428597853266,1,3,ctd,logistic_regression,42
P53238,Q05359,0,0.2963021959790389,0,3,ctd,logistic_regression,42
P23585,Q03973,0,0.3097236822554797,0,3,ctd,logistic_regression,42
Q08162,Q08387,0,0.5964066745558659,1,3,ctd,logistic_regression,42
P53147,Q06580,0,0.24340992659810856,0,3,ctd,logistic_regression,42
P16862,P41818,0,0.5587901408534828,1,3,ctd,logistic_regression,42
Q08986,Q7LIF1,0,0.2175958752123285,0,3,ctd,logistic_regression,42
P36017,Q02555,0,0.4776737056952286,0,3,ctd,logistic_regression,42
P38842,P48240,0,0.032324524419534456,0,3,ctd,logistic_regression,42
P20676,Q04894,0,0.41832994741346036,0,3,ctd,logistic_regression,42
P19454,P47187,0,0.2725158455077871,0,3,ctd,logistic_regression,42
P38751,Q05874,0,0.36784665436602565,0,3,ctd,logistic_regression,42
P40078,P47052,0,0.6970510144325255,1,3,ctd,logistic_regression,42
P11978,Q07904,0,0.17517660535219406,0,3,ctd,logistic_regression,42
P47052,P53927,0,0.7110608137307377,1,3,ctd,logistic_regression,42
P38068,P38861,0,0.4848157900778311,0,3,ctd,logistic_regression,42
P47104,P53174,0,0.451953691393903,0,3,ctd,logistic_regression,42
P18239,P38960,0,0.34528485759849264,0,3,ctd,logistic_regression,42
P12954,P18963,0,0.4944827271351857,0,3,ctd,logistic_regression,42
P38911,Q04964,0,0.3347999442815277,0,3,ctd,logistic_regression,42
P38333,P38995,0,0.2362164782070172,0,3,ctd,logistic_regression,42
P38086,Q07834,0,0.5190638190677818,1,3,ctd,logistic_regression,42
Q06169,Q12194,0,0.30235845605555617,0,3,ctd,logistic_regression,42
P38826,Q04305,0,0.512142674277199,1,3,ctd,logistic_regression,42
P22209,P53840,0,0.4145932136412654,0,3,ctd,logistic_regression,42
Q02159,Q03012,0,0.6260052545357889,1,3,ctd,logistic_regression,42
P49166,P53176,0,0.7849936091982543,1,3,ctd,logistic_regression,42
P39727,P43602,0,0.5905800205804459,1,3,ctd,logistic_regression,42
P07274,P28519,0,0.7193791504943611,1,3,ctd,logistic_regression,42
P43638,P47171,0,0.5870846407318643,1,3,ctd,logistic_regression,42
P00420,Q12368,0,0.27665326347963454,0,3,ctd,logistic_regression,42
P12904,P41912,0,0.5432186908463659,1,3,ctd,logistic_regression,42
P35817,P36103,0,0.4429009667608956,0,3,ctd,logistic_regression,42
Q06411,Q12174,0,0.16631028730632658,0,3,ctd,logistic_regression,42
P38439,P39727,0,0.4434731480804707,0,3,ctd,logistic_regression,42
P36103,Q02732,0,0.388609473010004,0,3,ctd,logistic_regression,42
Q03697,Q12163,0,0.18215346243652775,0,3,ctd,logistic_regression,42
P39967,P40890,0,0.43525512837511027,0,3,ctd,logistic_regression,42
P12611,P25302,0,0.618983652856171,1,3,ctd,logistic_regression,42
P20449,Q03940,0,0.6054418050454031,1,3,ctd,logistic_regression,42
Q12309,Q12462,0,0.43536134668856413,0,3,ctd,logistic_regression,42
P22579,P53298,0,0.49967491331661595,0,3,ctd,logistic_regression,42
P53096,Q03338,0,0.6589993829191371,1,3,ctd,logistic_regression,42
P25045,P25385,0,0.4129499813162293,0,3,ctd,logistic_regression,42
P39996,P52919,0,0.42371834613284726,0,3,ctd,logistic_regression,42
P08964,P47058,0,0.5189122015101959,1,3,ctd,logistic_regression,42
P07261,P32588,0,0.5761154829121983,1,3,ctd,logistic_regression,42
P39008,P49018,0,0.267711672990337,0,3,ctd,logistic_regression,42
P13902,P37302,0,0.6854028958749764,1,3,ctd,logistic_regression,42
P10863,Q03735,0,0.23822962409902418,0,3,ctd,logistic_regression,42
P22082,Q06676,0,0.1037673487128266,0,3,ctd,logistic_regression,42
P53824,Q12100,0,0.7850987243896116,1,3,ctd,logistic_regression,42
P32838,Q99344,0,0.20035390904655936,0,3,ctd,logistic_regression,42
P04050,P40357,0,0.40680811955043455,0,3,ctd,logistic_regression,42
P21339,Q99186,0,0.5132584083588952,1,3,ctd,logistic_regression,42
P14747,P53236,0,0.5648394687784014,1,3,ctd,logistic_regression,42
P33421,P38774,0,0.28347230533316103,0,3,ctd,logistic_regression,42
P38695,Q07915,0,0.21864824799543955,0,3,ctd,logistic_regression,42
P38708,Q12216,0,0.605376469489495,1,3,ctd,logistic_regression,42
P40496,Q02354,0,0.3896842556818096,0,3,ctd,logistic_regression,42
P25451,P43613,0,0.38923291562220425,0,3,ctd,logistic_regression,42
P34161,P35191,0,0.39071723839115996,0,3,ctd,logistic_regression,42
P25635,Q12194,0,0.46110997735473497,0,3,ctd,logistic_regression,42
P11914,P42846,0,0.5103614034617094,1,3,ctd,logistic_regression,42
P40066,P40475,0,0.23578729768335946,0,3,ctd,logistic_regression,42
P38232,P47166,0,0.4691280977737873,0,3,ctd,logistic_regression,42
P32902,P40469,0,0.4751674169388552,0,3,ctd,logistic_regression,42
P11076,P28743,0,0.46136437627037424,0,3,ctd,logistic_regression,42
Q02774,Q05016,0,0.2296369813358396,0,3,ctd,logistic_regression,42
P26343,P36123,0,0.4711804295732177,0,3,ctd,logistic_regression,42
P03069,P36145,0,0.49730508042417465,0,3,ctd,logistic_regression,42
P04076,P35179,0,0.32890329806425833,0,3,ctd,logistic_regression,42
P23594,P81449,0,0.793978154474468,1,3,ctd,logistic_regression,42
P19658,Q03935,0,0.5156358440508796,1,3,ctd,logistic_regression,42
P47037,Q00684,0,0.48170838293460055,0,3,ctd,logistic_regression,42
P00410,P19659,0,0.22156678373601899,0,3,ctd,logistic_regression,42
P53550,Q12138,0,0.4377519156905839,0,3,ctd,logistic_regression,42
P08431,Q12082,0,0.4532276766355214,0,3,ctd,logistic_regression,42
P21951,P53290,0,0.6285972222691649,1,3,ctd,logistic_regression,42
P36000,P53171,0,0.5251409053537218,1,3,ctd,logistic_regression,42
P32838,P49687,0,0.7537029666365537,1,3,ctd,logistic_regression,42
P07273,P22007,0,0.42301392654074466,0,3,ctd,logistic_regression,42
P19524,Q12349,0,0.389295231073188,0,3,ctd,logistic_regression,42
P30902,P32836,0,0.5289969597657358,1,3,ctd,logistic_regression,42
P47083,Q12174,0,0.06879711260419918,0,3,ctd,logistic_regression,42
P22133,P38163,0,0.4670923972736228,0,3,ctd,logistic_regression,42
P48415,Q12004,0,0.5576409143583964,1,3,ctd,logistic_regression,42
P32842,P38353,0,0.5451813602525589,1,3,ctd,logistic_regression,42
P26448,P29539,0,0.38976696313720405,0,3,ctd,logistic_regression,42
Q03338,Q06091,0,0.25466632439113573,0,3,ctd,logistic_regression,42
P20133,Q02208,0,0.5468388668949355,1,3,ctd,logistic_regression,42
P07866,P13382,0,0.44435580207530584,0,3,ctd,logistic_regression,42
P38302,Q12396,0,0.20137792965219112,0,3,ctd,logistic_regression,42
P36129,P53968,0,0.03745763621140537,0,3,ctd,logistic_regression,42
P33759,P40992,0,0.24917081964767296,0,3,ctd,logistic_regression,42
P20134,P81450,0,0.1203911435748354,0,3,ctd,logistic_regression,42
P16649,P35723,0,0.19595499379785739,0,3,ctd,logistic_regression,42
P10823,Q12734,0,0.5043267474825245,1,3,ctd,logistic_regression,42
P39524,Q12522,0,0.6566453236395452,1,3,ctd,logistic_regression,42
P04821,P10507,0,0.6000096508374168,1,3,ctd,logistic_regression,42
Q02825,Q12083,0,0.5216373310692105,1,3,ctd,logistic_regression,42
P25333,P32558,0,0.6893724323038068,1,3,ctd,logistic_regression,42
P46963,Q12026,0,0.6402624694382614,1,3,ctd,logistic_regression,42
P25298,P38439,0,0.23758811218325357,0,3,ctd,logistic_regression,42
P32468,P53044,0,0.5613745937613182,1,3,ctd,logistic_regression,42
P38962,Q06543,0,0.24586565535775176,0,3,ctd,logistic_regression,42
P48439,Q05022,0,0.18532954897467432,0,3,ctd,logistic_regression,42
P40352,P53685,0,0.5199181335399686,1,3,ctd,logistic_regression,42
P13393,P38353,0,0.44361473359902515,0,3,ctd,logistic_regression,42
P54867,Q04195,0,0.5292698303592575,1,3,ctd,logistic_regression,42
O14455,Q08278,0,0.12684822928107617,0,3,ctd,logistic_regression,42
P49334,Q05021,0,0.6188221034791782,1,3,ctd,logistic_regression,42
P36016,P53912,0,0.6969687112761891,1,3,ctd,logistic_regression,42
P23291,P50104,0,0.32859043757626166,0,3,ctd,logistic_regression,42
Q06340,Q12071,0,0.5095335693735168,1,3,ctd,logistic_regression,42
P22140,P38996,0,0.5665638213474447,1,3,ctd,logistic_regression,42
P50094,Q03406,0,0.4534534141713537,0,3,ctd,logistic_regression,42
P32601,P47167,0,0.7019298155923022,1,3,ctd,logistic_regression,42
P33303,Q04226,0,0.42755273547720973,0,3,ctd,logistic_regression,42
P39079,Q03435,0,0.4995305380150493,0,3,ctd,logistic_regression,42
P10081,Q03860,0,0.27048598757157727,0,3,ctd,logistic_regression,42
P20095,P31384,0,0.6876341888491355,1,3,ctd,logistic_regression,42
P52488,Q12222,0,0.5259335455971611,1,3,ctd,logistic_regression,42
O13297,P22209,0,0.5585500230427467,1,3,ctd,logistic_regression,42
P06838,Q12380,0,0.44088825936339787,0,3,ctd,logistic_regression,42
P46954,P49573,0,0.3380305940703488,0,3,ctd,logistic_regression,42
P13663,Q06554,0,0.6102246040707385,1,3,ctd,logistic_regression,42
P38217,P40475,0,0.34984906367763036,0,3,ctd,logistic_regression,42
P40438,P53081,0,0.4351994034538836,0,3,ctd,logistic_regression,42
P09119,P38769,0,0.3384541507691422,0,3,ctd,logistic_regression,42
P38428,Q08949,0,0.3123238357388279,0,3,ctd,logistic_regression,42
P36162,Q03976,0,0.37603968338009186,0,3,ctd,logistic_regression,42
P39729,Q03406,0,0.6642126321840217,1,3,ctd,logistic_regression,42
P47822,Q12336,0,0.41581292375148277,0,3,ctd,logistic_regression,42
P19880,P40151,0,0.5847365128074993,1,3,ctd,logistic_regression,42
P00410,Q99210,0,0.4311019969711634,0,3,ctd,logistic_regression,42
P49435,Q00711,0,0.6174040703367519,1,3,ctd,logistic_regression,42
P32618,P46675,0,0.5371453770678923,1,3,ctd,logistic_regression,42
P40343,Q12100,0,0.7472930968626742,1,3,ctd,logistic_regression,42
P54862,Q03071,0,0.26049632785182514,0,3,ctd,logistic_regression,42
P32910,P40507,0,0.3748501529056629,0,3,ctd,logistic_regression,42
P13574,P46682,0,0.4109072264288893,0,3,ctd,logistic_regression,42
P32589,P35817,0,0.6697945445961532,1,3,ctd,logistic_regression,42
P38991,P53961,0,0.24310107372932704,0,3,ctd,logistic_regression,42
P12684,Q12107,0,0.49225544711363767,0,3,ctd,logistic_regression,42
O74700,Q99278,0,0.45323390341648856,0,3,ctd,logistic_regression,42
P16521,P32787,0,0.6657935226906537,1,3,ctd,logistic_regression,42
P40495,P43604,0,0.47562235815615445,0,3,ctd,logistic_regression,42
P39702,Q08245,0,0.3813054528700915,0,3,ctd,logistic_regression,42
P01119,Q02630,0,0.48724241126546525,0,3,ctd,logistic_regression,42
P36131,P46678,0,0.4192086980344155,0,3,ctd,logistic_regression,42
P32832,P35210,0,0.4451235936479508,0,3,ctd,logistic_regression,42
P23585,P38792,0,0.35478387819738516,0,3,ctd,logistic_regression,42
Q02206,Q12306,0,0.4241597751036547,0,3,ctd,logistic_regression,42
P15303,Q02805,0,0.6095570179763947,1,3,ctd,logistic_regression,42
P22007,P38811,0,0.5907839925800504,1,3,ctd,logistic_regression,42
P34240,P35723,0,0.47183708745171127,0,3,ctd,logistic_regression,42
P38351,P53258,0,0.5338191923720039,1,3,ctd,logistic_regression,42
P50874,Q12522,0,0.6799622293347093,1,3,ctd,logistic_regression,42
P29469,P39004,0,0.27380306735292737,0,3,ctd,logistic_regression,42
P18238,P30624,0,0.26293887179418973,0,3,ctd,logistic_regression,42
P47027,Q12038,0,0.35327587315640174,0,3,ctd,logistic_regression,42
P28791,P40455,0,0.6800624856710772,1,3,ctd,logistic_regression,42
P07262,P53243,0,0.5328774385155287,1,3,ctd,logistic_regression,42
Q07887,Q12361,0,0.41579388812858875,0,3,ctd,logistic_regression,42
P47025,Q02555,0,0.6338837727024571,1,3,ctd,logistic_regression,42
P16649,P32571,0,0.40770051200946905,0,3,ctd,logistic_regression,42
P07250,P25303,0,0.5117561406398817,1,3,ctd,logistic_regression,42
Q03125,Q05166,0,0.6259910063103155,1,3,ctd,logistic_regression,42
P32618,P43563,0,0.41997866689228097,0,3,ctd,logistic_regression,42
P36057,P38786,0,0.41863848134823634,0,3,ctd,logistic_regression,42
P25451,P36116,0,0.22342471137298492,0,3,ctd,logistic_regression,42
P18562,P40890,0,0.3382190519579494,0,3,ctd,logistic_regression,42
P21965,P32341,0,0.45558951026071703,0,3,ctd,logistic_regression,42
P32917,Q01684,0,0.45803426943072517,0,3,ctd,logistic_regression,42
P36036,P40453,0,0.43846132707873925,0,3,ctd,logistic_regression,42
P40092,Q12415,0,0.807489356397235,1,3,ctd,logistic_regression,42
P40478,Q00582,0,0.3234192845982474,0,3,ctd,logistic_regression,42
P15367,P25344,0,0.6293359637089216,1,3,ctd,logistic_regression,42
Q04225,Q07986,0,0.18521364374712737,0,3,ctd,logistic_regression,42
P32341,Q04217,0,0.41966061104943914,0,3,ctd,logistic_regression,42
P22276,P53851,0,0.5554549738935755,1,3,ctd,logistic_regression,42
P53551,Q07887,0,0.37431058421188157,0,3,ctd,logistic_regression,42
P32480,Q99190,0,0.16221999795955538,0,3,ctd,logistic_regression,42
P25297,P53933,0,0.5792023035574515,1,3,ctd,logistic_regression,42
Q08550,Q08773,0,0.627538687319151,1,3,ctd,logistic_regression,42
P14359,Q02608,0,0.4399630210282397,0,3,ctd,logistic_regression,42
P25376,P53115,0,0.502041754442796,1,3,ctd,logistic_regression,42
P38759,P40020,0,0.5294731185921826,1,3,ctd,logistic_regression,42
Q03944,Q05881,0,0.5765593201191281,1,3,ctd,logistic_regression,42
P38329,P38817,0,0.37100432104128617,0,3,ctd,logistic_regression,42
P02293,P40890,0,0.44264873612061334,0,3,ctd,logistic_regression,42
P29703,P35723,0,0.25743764747478176,0,3,ctd,logistic_regression,42
P15442,Q04437,0,0.5104321313893894,1,3,ctd,logistic_regression,42
P09064,P20676,0,0.4178320097829557,0,3,ctd,logistic_regression,42
P17157,Q08773,0,0.5241939913288644,1,3,ctd,logistic_regression,42
O74700,P17536,0,0.7194359889752857,1,3,ctd,logistic_regression,42
P38817,P47134,0,0.7348559825199117,1,3,ctd,logistic_regression,42
P47185,Q08492,0,0.18809577070263803,0,3,ctd,logistic_regression,42
P25579,P32325,0,0.5195773315883794,1,3,ctd,logistic_regression,42
P40360,Q00578,0,0.45536725694049757,0,3,ctd,logistic_regression,42
P32939,P53259,0,0.3026426276717601,0,3,ctd,logistic_regression,42
P38111,P53930,0,0.43047829344326205,0,3,ctd,logistic_regression,42
P40970,Q08465,0,0.3640033345940384,0,3,ctd,logistic_regression,42
P11914,Q06624,0,0.6994809535144813,1,3,ctd,logistic_regression,42
P32836,P38863,0,0.6596906833352195,1,3,ctd,logistic_regression,42
P40970,P41896,0,0.37486271146047256,0,3,ctd,logistic_regression,42
P32836,P40512,0,0.6099235304691367,1,3,ctd,logistic_regression,42
P06773,P25847,0,0.747254649589752,1,3,ctd,logistic_regression,42
P43638,Q02776,0,0.4511433869970826,0,3,ctd,logistic_regression,42
P40465,Q04958,0,0.47066697263174334,0,3,ctd,logistic_regression,42
P40555,Q03691,0,0.27035959238296386,0,3,ctd,logistic_regression,42
P38719,P43594,0,0.3609007859685754,0,3,ctd,logistic_regression,42
P35184,Q12223,0,0.39229019337143817,0,3,ctd,logistic_regression,42
P42934,Q12222,0,0.30802088838588537,0,3,ctd,logistic_regression,42
P40094,Q08096,0,0.3148251789216441,0,3,ctd,logistic_regression,42
P40341,P53290,0,0.6350982464139923,1,3,ctd,logistic_regression,42
P25303,P33304,0,0.7509681224012928,1,3,ctd,logistic_regression,42
P38153,P53171,0,0.3699475191601102,0,3,ctd,logistic_regression,42
P26263,P39003,0,0.3236539650962337,0,3,ctd,logistic_regression,42
P36149,P38138,0,0.33876254351001933,0,3,ctd,logistic_regression,42
P32499,P46949,0,0.41416788442328384,0,3,ctd,logistic_regression,42
P53086,Q12443,0,0.6743952026196949,1,3,ctd,logistic_regression,42
P20436,P43581,0,0.0565271424600401,0,3,ctd,logistic_regression,42
P37303,Q05911,0,0.6619676531355904,1,3,ctd,logistic_regression,42
P20486,P38736,0,0.2900482381873392,0,3,ctd,logistic_regression,42
P38988,Q03330,0,0.5641469429658553,1,3,ctd,logistic_regression,42
P38077,Q04231,0,0.5556523383023456,1,3,ctd,logistic_regression,42
P00410,P09435,0,0.4862787211868031,0,3,ctd,logistic_regression,42
P39875,P53253,0,0.3600384421570653,0,3,ctd,logistic_regression,42
P12385,Q07914,0,0.26392698611183274,0,3,ctd,logistic_regression,42
P28320,P39107,0,0.5617851700695862,1,3,ctd,logistic_regression,42
P32379,Q07800,0,0.669492415673989,1,3,ctd,logistic_regression,42
P08638,P50278,0,0.7194546186361058,1,3,ctd,logistic_regression,42
P36129,Q12050,0,0.047130956079391856,0,3,ctd,logistic_regression,42
P25582,P40970,0,0.4546899770351566,0,3,ctd,logistic_regression,42
P14922,P32591,0,0.36816410025034646,0,3,ctd,logistic_regression,42
O13563,P33304,0,0.5756940971387371,1,3,ctd,logistic_regression,42
P04386,P36139,0,0.3795425190367337,0,3,ctd,logistic_regression,42
P32457,Q07904,0,0.17550429588008815,0,3,ctd,logistic_regression,42
P38819,Q06479,0,0.5883813131556769,1,3,ctd,logistic_regression,42
P32499,P40554,0,0.5571670150847268,1,3,ctd,logistic_regression,42
P28239,Q07915,0,0.7524827562539886,1,3,ctd,logistic_regression,42
P34224,Q04739,0,0.7416129036426609,1,3,ctd,logistic_regression,42
P47012,P53959,0,0.49501440887729375,0,3,ctd,logistic_regression,42
P26448,Q04958,0,0.4131338594791537,0,3,ctd,logistic_regression,42
P38113,P53633,0,0.18900200480716356,0,3,ctd,logistic_regression,42
P53552,Q01329,0,0.5070402956147368,1,3,ctd,logistic_regression,42
P38298,P39960,0,0.15307557088287985,0,3,ctd,logistic_regression,42
P11710,Q05775,0,0.2068194579620138,0,3,ctd,logistic_regression,42
Q08465,Q12341,0,0.40474679946700476,0,3,ctd,logistic_regression,42
P25346,Q00873,0,0.1745630939711596,0,3,ctd,logistic_regression,42
P39706,Q06651,0,0.30038767630184515,0,3,ctd,logistic_regression,42
P07250,P34162,0,0.40309676037117737,0,3,ctd,logistic_regression,42
P40155,Q00772,0,0.2963670592892549,0,3,ctd,logistic_regression,42
P38690,Q07904,0,0.1723234314799784,0,3,ctd,logistic_regression,42
P28743,P40352,0,0.6585054422498426,1,3,ctd,logistic_regression,42
P31412,P38286,0,0.3075683173075008,0,3,ctd,logistic_regression,42
P13186,P32494,0,0.5717499996477889,1,3,ctd,logistic_regression,42
P09119,P39520,0,0.30584592408527267,0,3,ctd,logistic_regression,42
Q02206,Q99383,0,0.6265497647408211,1,3,ctd,logistic_regression,42
P25632,P40003,0,0.5971075945965475,1,3,ctd,logistic_regression,42
P25604,P38920,0,0.7080277760532885,1,3,ctd,logistic_regression,42
P25580,P48525,0,0.49426323322192645,0,3,ctd,logistic_regression,42
P32838,P43535,0,0.6700154724155666,1,3,ctd,logistic_regression,42
P00359,P40341,0,0.3503595637902573,0,3,ctd,logistic_regression,42
P10566,P53538,0,0.3795994684302069,0,3,ctd,logistic_regression,42
P06701,Q05359,0,0.3460084369928062,0,3,ctd,logistic_regression,42
P25580,P42839,0,0.3472372568512389,0,3,ctd,logistic_regression,42
P32602,Q06598,0,0.1718265262738029,0,3,ctd,logistic_regression,42
P32558,Q12450,0,0.10385733966248323,0,3,ctd,logistic_regression,42
P46961,P53323,0,0.08545615303015079,0,3,ctd,logistic_regression,42
P36016,Q01939,0,0.5331210028480099,1,3,ctd,logistic_regression,42
P42846,Q04110,0,0.4323072843740243,0,3,ctd,logistic_regression,42
P38911,Q07915,0,0.22983549529958963,0,3,ctd,logistic_regression,42
P17629,Q08553,0,0.42895028539876207,0,3,ctd,logistic_regression,42
P06783,P38759,0,0.35414917274214236,0,3,ctd,logistic_regression,42
P01149,P39717,0,0.36874273842357824,0,3,ctd,logistic_regression,42
P33419,P40357,0,0.7046369367474593,1,3,ctd,logistic_regression,42
P21691,Q01560,0,0.539052163769202,1,3,ctd,logistic_regression,42
P38247,P38993,0,0.5937565279516928,1,3,ctd,logistic_regression,42
P01120,Q07350,0,0.48088776520401677,0,3,ctd,logistic_regression,42
P32559,Q04089,0,0.4257638103142285,0,3,ctd,logistic_regression,42
P47061,P53250,0,0.40432779709756256,0,3,ctd,logistic_regression,42
P07347,P36121,0,0.7728467535621888,1,3,ctd,logistic_regression,42
P13517,P46681,0,0.3616045243488889,0,3,ctd,logistic_regression,42
P23644,Q03455,0,0.35447557089505005,0,3,ctd,logistic_regression,42
P40970,P53971,0,0.17686628426638573,0,3,ctd,logistic_regression,42
P38806,P40151,0,0.7424079665051159,1,3,ctd,logistic_regression,42
P10862,P40422,0,0.2876870912526053,0,3,ctd,logistic_regression,42
P16521,P39003,0,0.36988956192708067,0,3,ctd,logistic_regression,42
P43682,Q05027,0,0.22291413360994466,0,3,ctd,logistic_regression,42
P39009,Q03655,0,0.5966678641239009,1,3,ctd,logistic_regression,42
P25656,Q02205,0,0.5750576242365674,1,3,ctd,logistic_regression,42
P10507,P32916,0,0.558855319325098,1,3,ctd,logistic_regression,42
P40302,P47187,0,0.2210615646827766,0,3,ctd,logistic_regression,42
P24482,P34218,0,0.3227289611351946,0,3,ctd,logistic_regression,42
P40020,P53236,0,0.5071638348778056,1,3,ctd,logistic_regression,42
P07257,Q03656,0,0.5659856203351191,1,3,ctd,logistic_regression,42
P39531,P53959,0,0.5890803242174131,1,3,ctd,logistic_regression,42
Q03148,Q03656,0,0.6115383287796028,1,3,ctd,logistic_regression,42
Q00873,Q12692,0,0.2533621147467378,0,3,ctd,logistic_regression,42
P14680,Q03976,0,0.3833600547584399,0,3,ctd,logistic_regression,42
P32504,P43602,0,0.4044735654732143,0,3,ctd,logistic_regression,42
P23255,P52910,0,0.5024558115037318,1,3,ctd,logistic_regression,42
P07261,P12383,0,0.46992076446139175,0,3,ctd,logistic_regression,42
P30822,P38123,0,0.6088528750486363,1,3,ctd,logistic_regression,42
P32581,Q06218,0,0.765602056259731,1,3,ctd,logistic_regression,42
P53952,Q07986,0,0.13119239553421816,0,3,ctd,logistic_regression,42
P09734,P41817,0,0.5396502874692575,1,3,ctd,logistic_regression,42
P10961,Q12071,0,0.6029015704956774,1,3,ctd,logistic_regression,42
P25649,P38337,0,0.8637510087823483,1,3,ctd,logistic_regression,42
Q03691,Q12159,0,0.370069266789396,0,3,ctd,logistic_regression,42
P07248,P23561,0,0.7654417563821934,1,3,ctd,logistic_regression,42
P38953,P40005,0,0.27536179295352803,0,3,ctd,logistic_regression,42
P40352,Q12018,0,0.7042565541966234,1,3,ctd,logistic_regression,42
P25441,P53086,0,0.5450362900283167,1,3,ctd,logistic_regression,42
P12294,Q12390,0,0.10222928446995946,0,3,ctd,logistic_regression,42
P07264,P38111,0,0.6487501919273984,1,3,ctd,logistic_regression,42
P32319,P47123,0,0.671377610820437,1,3,ctd,logistic_regression,42
P25604,P35842,0,0.3522293386233856,0,3,ctd,logistic_regression,42
P35210,P45818,0,0.6043718869766079,1,3,ctd,logistic_regression,42
P34160,P52917,0,0.5800938273751436,1,3,ctd,logistic_regression,42
P40434,Q03373,0,0.32798413234022156,0,3,ctd,logistic_regression,42
P33313,P46681,0,0.37075013367955717,0,3,ctd,logistic_regression,42
P43568,P43682,0,0.1550997059296986,0,3,ctd,logistic_regression,42
P21243,Q07800,0,0.557045474206995,1,3,ctd,logistic_regression,42
P22224,P25441,0,0.6053864949761559,1,3,ctd,logistic_regression,42
Q03323,Q06406,0,0.594197546768425,1,3,ctd,logistic_regression,42
P25360,P43621,0,0.37720591919786645,0,3,ctd,logistic_regression,42
P38867,Q08601,0,0.6493956805279723,1,3,ctd,logistic_regression,42
P53901,Q08465,0,0.6089492722747571,1,3,ctd,logistic_regression,42
P32529,P38988,0,0.28777626986073696,0,3,ctd,logistic_regression,42
P53202,Q06632,0,0.596581758827164,1,3,ctd,logistic_regression,42
P21691,Q06169,0,0.29744239987657617,0,3,ctd,logistic_regression,42
P38298,P50278,0,0.225006113152323,0,3,ctd,logistic_regression,42
P47050,Q12194,0,0.36414627299398233,0,3,ctd,logistic_regression,42
P38240,P40316,0,0.4320710530015478,0,3,ctd,logistic_regression,42
P36027,Q12363,0,0.12326833083326368,0,3,ctd,logistic_regression,42
P26798,P32528,0,0.5536374882729734,1,3,ctd,logistic_regression,42
P32588,Q12233,0,0.21665512968595113,0,3,ctd,logistic_regression,42
P47052,Q07471,0,0.35821444657614654,0,3,ctd,logistic_regression,42
P35842,P53961,0,0.2769183139476215,0,3,ctd,logistic_regression,42
P38811,P42846,0,0.40740720656757134,0,3,ctd,logistic_regression,42
P25301,Q06651,0,0.4490455722943694,0,3,ctd,logistic_regression,42
P06844,Q06168,0,0.7237372619893795,1,3,ctd,logistic_regression,42
P43602,P54791,0,0.4846416759748964,0,3,ctd,logistic_regression,42
P52488,Q02199,0,0.5285975135238681,1,3,ctd,logistic_regression,42
P04786,P25453,0,0.49082119326963936,0,3,ctd,logistic_regression,42
P34238,P38820,0,0.24587396231411912,0,3,ctd,logistic_regression,42
P31377,P53244,0,0.46368954357134107,0,3,ctd,logistic_regression,42
P35207,Q03455,0,0.3404209759209411,0,3,ctd,logistic_regression,42
P33759,Q05946,0,0.4812956705292777,0,3,ctd,logistic_regression,42
P52491,Q04562,0,0.18345511510438006,0,3,ctd,logistic_regression,42
P25657,P53209,0,0.32665076021342854,0,3,ctd,logistic_regression,42
P25344,Q02939,0,0.6634968913426542,1,3,ctd,logistic_regression,42
P05626,Q03898,0,0.35682614180848427,0,3,ctd,logistic_regression,42
P33400,Q92316,0,0.46035742534494656,0,3,ctd,logistic_regression,42
P07278,P25045,0,0.3755793117345273,0,3,ctd,logistic_regression,42
P00359,P06778,0,0.37262839936281433,0,3,ctd,logistic_regression,42
P00128,Q12449,0,0.7920832360247277,1,3,ctd,logistic_regression,42
P38907,P40069,0,0.665767573066623,1,3,ctd,logistic_regression,42
P33296,P34218,0,0.35524473182169014,0,3,ctd,logistic_regression,42
P02294,P32835,0,0.24010147069381835,0,3,ctd,logistic_regression,42
P32787,P40892,0,0.25366927554011454,0,3,ctd,logistic_regression,42
P38072,P53011,0,0.5542634402696222,1,3,ctd,logistic_regression,42
P39515,P53068,0,0.7395550992214858,1,3,ctd,logistic_regression,42
P07342,P28004,0,0.47201792926010855,0,3,ctd,logistic_regression,42
P01097,P24814,0,0.0629563390029378,0,3,ctd,logistic_regression,42
Q00381,Q06632,0,0.39479230051263897,0,3,ctd,logistic_regression,42
P39996,Q06580,0,0.4090415893644019,0,3,ctd,logistic_regression,42
P40325,P40356,0,0.7131511754941945,1,3,ctd,logistic_regression,42
P26449,P53691,0,0.49491266808862416,0,3,ctd,logistic_regression,42
P25371,P38760,0,0.3177466983486489,0,3,ctd,logistic_regression,42
P06700,Q06001,0,0.5829287805158581,1,3,ctd,logistic_regression,42
P07260,P53437,0,0.7479598023345949,1,3,ctd,logistic_regression,42
P25299,P47029,0,0.6117967167348269,1,3,ctd,logistic_regression,42
P40360,P53045,0,0.29828558291483354,0,3,ctd,logistic_regression,42
P39517,P39735,0,0.6413104750383128,1,3,ctd,logistic_regression,42
P39954,P40510,0,0.7398297932984477,1,3,ctd,logistic_regression,42
P10834,P53538,0,0.6796254605201512,1,3,ctd,logistic_regression,42
P39996,P54885,0,0.6298041390053104,1,3,ctd,logistic_regression,42
P21304,P38810,0,0.3680863999323939,0,3,ctd,logistic_regression,42
P03965,P33296,0,0.39914849918231193,0,3,ctd,logistic_regression,42
P38637,P39010,0,0.6597131406010371,1,3,ctd,logistic_regression,42
P39112,Q04601,0,0.4852971051018777,0,3,ctd,logistic_regression,42
P40495,P40513,0,0.4227471922876243,0,3,ctd,logistic_regression,42
P32787,Q03010,0,0.6031745051831227,1,3,ctd,logistic_regression,42
P38859,Q03579,0,0.18420797141674614,0,3,ctd,logistic_regression,42
P00950,P08456,0,0.39790352592469613,0,3,ctd,logistic_regression,42
P15790,P38995,0,0.48431541904788267,0,3,ctd,logistic_regression,42
P47054,Q12159,0,0.45652367566188584,0,3,ctd,logistic_regression,42
P28007,P40958,0,0.435717617433255,0,3,ctd,logistic_regression,42
P25567,P53735,0,0.18722570000206645,0,3,ctd,logistic_regression,42
P47124,Q01217,0,0.48693080000980016,0,3,ctd,logistic_regression,42
P21304,P32318,0,0.4272307564160598,0,3,ctd,logistic_regression,42
P39112,Q05933,0,0.5582468853431309,1,3,ctd,logistic_regression,42
P34241,P40328,0,0.40495217438079023,0,3,ctd,logistic_regression,42
P01120,P53209,0,0.43409811711234114,0,3,ctd,logistic_regression,42
P32915,P53847,0,0.3653537014042548,0,3,ctd,logistic_regression,42
P25298,P39113,0,0.39547492741705675,0,3,ctd,logistic_regression,42
P50277,Q03263,0,0.3459340460606291,0,3,ctd,logistic_regression,42
P38156,P49334,0,0.374820959128947,0,3,ctd,logistic_regression,42
P32909,P38068,0,0.1956781733525617,0,3,ctd,logistic_regression,42
P08431,P41543,0,0.3290807913600838,0,3,ctd,logistic_regression,42
P21192,P39720,0,0.6479067143339292,1,3,ctd,logistic_regression,42
P38273,P80428,0,0.586507858378243,1,3,ctd,logistic_regression,42
P22135,P53152,0,0.3946751334662911,0,3,ctd,logistic_regression,42
P40016,Q03263,0,0.21900997487317347,0,3,ctd,logistic_regression,42
P32559,P47822,0,0.4290343173645886,0,3,ctd,logistic_regression,42
P00817,Q06096,0,0.5426835906168733,1,3,ctd,logistic_regression,42
P04786,P05317,0,0.5658294391508569,1,3,ctd,logistic_regression,42
P38302,P40457,0,0.5179723490594784,1,3,ctd,logistic_regression,42
Q06200,Q12098,0,0.2559673145217683,0,3,ctd,logistic_regression,42
P43621,Q06697,0,0.5430129962724072,1,3,ctd,logistic_regression,42
P19659,P38903,0,0.5608775029156913,1,3,ctd,logistic_regression,42
P46956,Q01649,0,0.42419479466056664,0,3,ctd,logistic_regression,42
P40495,Q01722,0,0.5266653843620281,1,3,ctd,logistic_regression,42
P25441,P32639,0,0.5640677272076419,1,3,ctd,logistic_regression,42
P36121,P39967,0,0.6247647841756363,1,3,ctd,logistic_regression,42
P17709,Q12083,0,0.5736866502579572,1,3,ctd,logistic_regression,42
P22214,P38144,0,0.27349504660305346,0,3,ctd,logistic_regression,42
P22276,P32379,0,0.5824253338228772,1,3,ctd,logistic_regression,42
P43605,Q06409,0,0.5365712007474354,1,3,ctd,logistic_regression,42
P32832,Q07732,0,0.6066814340682714,1,3,ctd,logistic_regression,42
O14467,P32897,0,0.7666815035869403,1,3,ctd,logistic_regression,42
P13712,Q08287,0,0.6057707858160495,1,3,ctd,logistic_regression,42
P07149,Q12488,0,0.46163821253226445,0,3,ctd,logistic_regression,42
P34240,Q7LIF1,0,0.3669931068150269,0,3,ctd,logistic_regression,42
P09959,P46964,0,0.3112606631243368,0,3,ctd,logistic_regression,42
Q03976,Q08581,0,0.5409810946820344,1,3,ctd,logistic_regression,42
P10507,P25294,0,0.72965405214268,1,3,ctd,logistic_regression,42
P08679,P25346,0,0.2027707763011516,0,3,ctd,logistic_regression,42
P32325,Q03213,0,0.46617937420892225,0,3,ctd,logistic_regression,42
P53215,Q05166,0,0.693723075636597,1,3,ctd,logistic_regression,42
P19263,P53181,0,0.07139031280110063,0,3,ctd,logistic_regression,42
P32788,P41800,0,0.5362410222304341,1,3,ctd,logistic_regression,42
P24719,P38873,0,0.5356068196255838,1,3,ctd,logistic_regression,42
P53174,Q08749,0,0.14045993264992157,0,3,ctd,logistic_regression,42
P32447,P32832,0,0.7489448955072342,1,3,ctd,logistic_regression,42
P32773,Q03323,0,0.5264834794166425,1,3,ctd,logistic_regression,42
P22209,P32345,0,0.22981392356926655,0,3,ctd,logistic_regression,42
P40038,Q08018,0,0.4352230085236537,0,3,ctd,logistic_regression,42
P33304,P40541,0,0.6228886808766801,1,3,ctd,logistic_regression,42
P23776,Q12100,0,0.6646680204675927,1,3,ctd,logistic_regression,42
P07213,Q06200,0,0.42951431092767134,0,3,ctd,logistic_regression,42
P53237,Q03661,0,0.3321538637661465,0,3,ctd,logistic_regression,42
P38208,P38727,0,0.4905358289178929,0,3,ctd,logistic_regression,42
P17214,Q08204,0,0.3456932400237387,0,3,ctd,logistic_regression,42
P37838,P47176,0,0.4735362129184841,0,3,ctd,logistic_regression,42
P36100,P53011,0,0.5030153116019783,1,3,ctd,logistic_regression,42
P05626,P38257,0,0.23310129583064904,0,3,ctd,logistic_regression,42
Q02574,Q05933,0,0.673885768734226,1,3,ctd,logistic_regression,42
Q03691,Q06616,0,0.5272347947067764,1,3,ctd,logistic_regression,42
P25569,P46974,0,0.47356656584817436,0,3,ctd,logistic_regression,42
O13530,P50945,0,0.014777585793228609,0,3,ctd,logistic_regression,42
Q04930,Q12060,0,0.46409692428940763,0,3,ctd,logistic_regression,42
P40890,Q02784,0,0.39155185157152705,0,3,ctd,logistic_regression,42
Q03661,Q12518,0,0.6310968767809668,1,3,ctd,logistic_regression,42
P00560,Q07458,0,0.664822548037011,1,3,ctd,logistic_regression,42
P39715,P40971,0,0.573114605195064,1,3,ctd,logistic_regression,42
P29468,P53100,0,0.591141733225031,1,3,ctd,logistic_regression,42
P07261,Q02776,0,0.3003430807332931,0,3,ctd,logistic_regression,42
Q02795,Q08438,0,0.5135839864976076,1,3,ctd,logistic_regression,42
P50277,P53344,0,0.4861213264951051,0,3,ctd,logistic_regression,42
P50078,P52488,0,0.6240317529317049,1,3,ctd,logistic_regression,42
P38429,P40350,0,0.6913234544986008,1,3,ctd,logistic_regression,42
P32581,P47152,0,0.6708190694279772,1,3,ctd,logistic_regression,42
P49435,P53823,0,0.7508984391517066,1,3,ctd,logistic_regression,42
P33891,P47038,0,0.08234908604045017,0,3,ctd,logistic_regression,42
P19659,P28006,0,0.2809824448432331,0,3,ctd,logistic_regression,42
P38705,P42934,0,0.36531309262968625,0,3,ctd,logistic_regression,42
P38819,P39926,0,0.15011219196774228,0,3,ctd,logistic_regression,42
P07250,Q04697,0,0.4385044314669084,0,3,ctd,logistic_regression,42
P40090,P47011,0,0.683029176144477,1,3,ctd,logistic_regression,42
P31378,P39107,0,0.5683397822334484,1,3,ctd,logistic_regression,42
P11972,Q06640,0,0.3383996409101501,0,3,ctd,logistic_regression,42
Q06624,Q12349,0,0.4046696094176992,0,3,ctd,logistic_regression,42
P32833,P38287,0,0.3094200572051499,0,3,ctd,logistic_regression,42
P06838,Q03919,0,0.4589642078818585,0,3,ctd,logistic_regression,42
P32793,P38351,0,0.22530292254709752,0,3,ctd,logistic_regression,42
P34226,P40060,0,0.4709616324874067,0,3,ctd,logistic_regression,42
P21190,P32835,0,0.7364215119524343,1,3,ctd,logistic_regression,42
P32585,Q02793,0,0.42105963705342886,0,3,ctd,logistic_regression,42
P06701,Q06407,0,0.5379499333824325,1,3,ctd,logistic_regression,42
P22213,P43609,0,0.601740876162301,1,3,ctd,logistic_regression,42
P25580,Q05946,0,0.5651656068708414,1,3,ctd,logistic_regression,42
P14906,P46676,0,0.46979990663987914,0,3,ctd,logistic_regression,42
P38968,P53115,0,0.6777293433483222,1,3,ctd,logistic_regression,42
P53955,Q12050,0,0.666236049632354,1,3,ctd,logistic_regression,42
P39994,P48568,0,0.4344298918666379,0,3,ctd,logistic_regression,42
P04050,P36003,0,0.5053476624584893,1,3,ctd,logistic_regression,42
P07834,Q04110,0,0.5204932586614702,1,3,ctd,logistic_regression,42
P32793,P38251,0,0.20940099760159775,0,3,ctd,logistic_regression,42
P28496,Q04673,0,0.18093435173493078,0,3,ctd,logistic_regression,42
P22213,P47821,0,0.4890717902927984,0,3,ctd,logistic_regression,42
P38204,Q12248,0,0.5043620786379137,1,3,ctd,logistic_regression,42
P06780,P23337,0,0.549474599922728,1,3,ctd,logistic_regression,42
P38144,P39552,0,0.3171586387444597,0,3,ctd,logistic_regression,42
P17157,Q02574,0,0.6407664263694868,1,3,ctd,logistic_regression,42
P14922,Q04062,0,0.36628835402930804,0,3,ctd,logistic_regression,42
P39534,P40484,0,0.6987977537403427,1,3,ctd,logistic_regression,42
P35197,P81449,0,0.4945960478936753,0,3,ctd,logistic_regression,42
P38265,P40202,0,0.41582636433402564,0,3,ctd,logistic_regression,42
P32337,P38086,0,0.6315259883268497,1,3,ctd,logistic_regression,42
P32788,P53955,0,0.5523797061351666,1,3,ctd,logistic_regression,42
P07273,P32478,0,0.21104078592681713,0,3,ctd,logistic_regression,42
P04051,P08456,0,0.4873435419819758,0,3,ctd,logistic_regression,42
P38265,P38272,0,0.2789288789700659,0,3,ctd,logistic_regression,42
P53740,Q08685,0,0.3816352523644459,0,3,ctd,logistic_regression,42
P20795,Q02608,0,0.22460144190434658,0,3,ctd,logistic_regression,42
P34224,P38970,0,0.49860387969338665,0,3,ctd,logistic_regression,42
P40555,Q12262,0,0.6653355035229901,1,3,ctd,logistic_regression,42
P47152,P53159,0,0.5821312255647851,1,3,ctd,logistic_regression,42
P35718,P40509,0,0.40231005855154994,0,3,ctd,logistic_regression,42
P40328,Q02774,0,0.23538808514600806,0,3,ctd,logistic_regression,42
P38251,P49704,0,0.6877561886510752,1,3,ctd,logistic_regression,42
P53070,Q06102,0,0.429647784069126,0,3,ctd,logistic_regression,42
P26309,P34730,0,0.5429162647805371,1,3,ctd,logistic_regression,42
P21957,P49166,0,0.8808770858928345,1,3,ctd,logistic_regression,42
P09457,P49435,0,0.7487604030828798,1,3,ctd,logistic_regression,42
P25491,Q12321,0,0.7289322965038704,1,3,ctd,logistic_regression,42
P07256,Q01560,0,0.6120485682876001,1,3,ctd,logistic_regression,42
P20967,P47152,0,0.5235688488997046,1,3,ctd,logistic_regression,42
P21827,P49686,0,0.150213259549518,0,3,ctd,logistic_regression,42
O13530,P17891,0,0.012153579962563303,0,3,ctd,logistic_regression,42
P04807,P38351,0,0.5268661241833468,1,3,ctd,logistic_regression,42
P47176,P49018,0,0.27059398648413113,0,3,ctd,logistic_regression,42
P52553,Q07904,0,0.42084348800593935,0,3,ctd,logistic_regression,42
P08456,P52910,0,0.4163195095542875,0,3,ctd,logistic_regression,42
P06775,P46675,0,0.32661801002868807,0,3,ctd,logistic_regression,42
P35191,Q03048,0,0.21699235188187097,0,3,ctd,logistic_regression,42
P07251,P39004,0,0.19839683075431463,0,3,ctd,logistic_regression,42
P07703,P53893,0,0.5893270586820704,1,3,ctd,logistic_regression,42
P22135,P39713,0,0.4328758060872365,0,3,ctd,logistic_regression,42
P22082,Q12380,0,0.39120424792823105,0,3,ctd,logistic_regression,42
P32801,Q02336,0,0.37979073281339726,0,3,ctd,logistic_regression,42
P36116,P38769,0,0.2873076174538653,0,3,ctd,logistic_regression,42
P43594,Q02884,0,0.5476615800903926,1,3,ctd,logistic_regression,42
P39682,Q7LIF1,0,0.3183588940839838,0,3,ctd,logistic_regression,42
P53068,Q02208,0,0.5415784108539707,1,3,ctd,logistic_regression,42
P07273,P40529,0,0.4953122459415038,0,3,ctd,logistic_regression,42
P00854,P11747,0,0.013293818438075387,0,3,ctd,logistic_regression,42
P32471,P37366,0,0.7698660044867174,1,3,ctd,logistic_regression,42
P18239,Q12285,0,0.44488307246725534,0,3,ctd,logistic_regression,42
P20133,P43545,0,0.7025608060483732,1,3,ctd,logistic_regression,42
P16649,Q07509,0,0.13995520720963742,0,3,ctd,logistic_regression,42
Q02199,Q12233,0,0.35923028325638395,0,3,ctd,logistic_regression,42
P39723,P53259,0,0.20327187086580698,0,3,ctd,logistic_regression,42
P36027,Q06177,0,0.3831997821674038,0,3,ctd,logistic_regression,42
P20050,Q12206,0,0.34879418390801126,0,3,ctd,logistic_regression,42
P23285,P32364,0,0.557081675853918,1,3,ctd,logistic_regression,42
P00724,P38351,0,0.31513887462323076,0,3,ctd,logistic_regression,42
P35056,P50090,0,0.5959157948445949,1,3,ctd,logistic_regression,42
P19955,P28791,0,0.5589108507484847,1,3,ctd,logistic_regression,42
P39720,P41807,0,0.5068315145481204,1,3,ctd,logistic_regression,42
P25301,P25369,0,0.44279740825354363,0,3,ctd,logistic_regression,42
P33754,P34252,0,0.4628136318941938,0,3,ctd,logistic_regression,42
P53081,Q04231,0,0.6506716273834261,1,3,ctd,logistic_regression,42
P32336,P41818,0,0.7624796355579605,1,3,ctd,logistic_regression,42
P32900,P39552,0,0.42357110124680986,0,3,ctd,logistic_regression,42
P28707,P38988,0,0.5295502442202302,1,3,ctd,logistic_regression,42
P27705,Q12432,0,0.7199229879901937,1,3,ctd,logistic_regression,42
P09119,P16861,0,0.5231170935780957,1,3,ctd,logistic_regression,42
P14747,P28241,0,0.5896090584814139,1,3,ctd,logistic_regression,42
P38085,Q08446,0,0.15245949165919287,0,3,ctd,logistic_regression,42
P22137,P43581,0,0.2192872925966238,0,3,ctd,logistic_regression,42
P53045,Q03177,0,0.21151967450863654,0,3,ctd,logistic_regression,42
P38237,Q12464,0,0.5777223442611924,1,3,ctd,logistic_regression,42
P15424,P35189,0,0.5912076261440421,1,3,ctd,logistic_regression,42
P21304,P41921,0,0.4073326626466896,0,3,ctd,logistic_regression,42
P39994,P53857,0,0.5202394728212679,1,3,ctd,logistic_regression,42
P23639,Q08980,0,0.3767670685653478,0,3,ctd,logistic_regression,42
P26755,P53271,0,0.49360166540671047,0,3,ctd,logistic_regression,42
P38705,Q00772,0,0.4863836342143061,0,3,ctd,logistic_regression,42
P36130,P39928,0,0.5927995392497056,1,3,ctd,logistic_regression,42
P19454,P25453,0,0.6744082079235414,1,3,ctd,logistic_regression,42
P34161,P38720,0,0.6407937082078428,1,3,ctd,logistic_regression,42
P38995,P53893,0,0.543114329070202,1,3,ctd,logistic_regression,42
Q02574,Q02630,0,0.6140990169871358,1,3,ctd,logistic_regression,42
P32264,Q08902,0,0.2812555064441014,0,3,ctd,logistic_regression,42
P30283,P38200,0,0.7079694128164952,1,3,ctd,logistic_regression,42
P25376,P32588,0,0.391546757651643,0,3,ctd,logistic_regression,42
P08566,P10566,0,0.582292400713519,1,3,ctd,logistic_regression,42
P33304,P40492,0,0.7622513351971935,1,3,ctd,logistic_regression,42
P38082,Q02825,0,0.5692124539958631,1,3,ctd,logistic_regression,42
P35842,Q12241,0,0.2610617951797016,0,3,ctd,logistic_regression,42
P38132,Q02774,0,0.24896817329952176,0,3,ctd,logistic_regression,42
P32564,P36024,0,0.23746070030919314,0,3,ctd,logistic_regression,42
P53100,P53337,0,0.0891843543865477,0,3,ctd,logistic_regression,42
P35842,P38727,0,0.36667958890796004,0,3,ctd,logistic_regression,42
P32829,Q04149,0,0.6208746427658316,1,3,ctd,logistic_regression,42
P36094,P81450,0,0.08782787686984937,0,3,ctd,logistic_regression,42
P38821,Q04636,0,0.6844488677743709,1,3,ctd,logistic_regression,42
P38082,P60010,0,0.446944896235677,0,3,ctd,logistic_regression,42
P32803,P53316,0,0.25930118063481533,0,3,ctd,logistic_regression,42
P40890,P53010,0,0.5321432765315189,1,3,ctd,logistic_regression,42
P49334,Q06640,0,0.4901604542951718,0,3,ctd,logistic_regression,42
Q06644,Q12142,0,0.24219479371323416,0,3,ctd,logistic_regression,42
P16387,P38068,0,0.28523040040364056,0,3,ctd,logistic_regression,42
P23833,P30619,0,0.3641519505182881,0,3,ctd,logistic_regression,42
P02294,P40960,0,0.05676579873894091,0,3,ctd,logistic_regression,42
P46669,P46672,0,0.8309393106154378,1,3,ctd,logistic_regression,42
P17695,P40987,0,0.42349068039759075,0,3,ctd,logistic_regression,42
P40303,P40475,0,0.1840800962439373,0,3,ctd,logistic_regression,42
P36057,P40316,0,0.29202296993828863,0,3,ctd,logistic_regression,42
P09119,Q02776,0,0.1740475398477485,0,3,ctd,logistic_regression,42
P18239,Q03956,0,0.3092768160541567,0,3,ctd,logistic_regression,42
P36121,P54862,0,0.3342070893175564,0,3,ctd,logistic_regression,42
P39967,P53243,0,0.3668378510329348,0,3,ctd,logistic_regression,42
P46961,P46963,0,0.044191207278738785,0,3,ctd,logistic_regression,42
P32629,P38776,0,0.24408139758195593,0,3,ctd,logistic_regression,42
P00358,Q04958,0,0.5108330032646908,1,3,ctd,logistic_regression,42
P35203,Q07921,0,0.6616439700805373,1,3,ctd,logistic_regression,42
P27351,Q02206,0,0.4471932212096644,0,3,ctd,logistic_regression,42
P05030,P47061,0,0.4939879361378444,0,3,ctd,logistic_regression,42
P19658,P20457,0,0.4134239984999958,0,3,ctd,logistic_regression,42
P32491,P53231,0,0.2656057338566013,0,3,ctd,logistic_regression,42
P32803,P38720,0,0.3064722405825231,0,3,ctd,logistic_regression,42
P25344,P43602,0,0.759096887047397,1,3,ctd,logistic_regression,42
P16649,P38072,0,0.366740213173182,0,3,ctd,logistic_regression,42
P22276,P36019,0,0.6061409496108371,1,3,ctd,logistic_regression,42
P23585,Q07350,0,0.25180689343665125,0,3,ctd,logistic_regression,42
P14359,Q08986,0,0.583760004587481,1,3,ctd,logistic_regression,42
P05085,Q06644,0,0.3933640129128419,0,3,ctd,logistic_regression,42
P41544,Q03784,0,0.23179910082366778,0,3,ctd,logistic_regression,42
P36100,P38883,0,0.5376197706838176,1,3,ctd,logistic_regression,42
P14681,P39010,0,0.46654632001267304,0,3,ctd,logistic_regression,42
P04786,P25346,0,0.1224027672984165,0,3,ctd,logistic_regression,42
P06104,P53952,0,0.5585646021778247,1,3,ctd,logistic_regression,42
P38811,P42845,0,0.38484346545780407,0,3,ctd,logistic_regression,42
P40164,P53243,0,0.4250423440232446,0,3,ctd,logistic_regression,42
P10834,Q04477,0,0.5936993100982448,1,3,ctd,logistic_regression,42
P06169,Q00873,0,0.5380555781198708,1,3,ctd,logistic_regression,42
P33200,Q12063,0,0.38019437641093995,0,3,ctd,logistic_regression,42
P08456,Q06706,0,0.39714034763069267,0,3,ctd,logistic_regression,42
P14908,P39108,0,0.5613596088327237,1,3,ctd,logistic_regression,42
P40016,Q99278,0,0.5255379431939872,1,3,ctd,logistic_regression,42
P22336,P87284,0,0.5208527671382412,1,3,ctd,logistic_regression,42
P21306,P39552,0,0.1438403795459092,0,3,ctd,logistic_regression,42
P38881,Q04964,0,0.4354216274255501,0,3,ctd,logistic_regression,42
P38156,Q06488,0,0.4581035404854233,0,3,ctd,logistic_regression,42
P06778,P38288,0,0.4316865600508939,0,3,ctd,logistic_regression,42
P08431,P34227,0,0.36591546228496136,0,3,ctd,logistic_regression,42
P38072,Q07468,0,0.3658029602734361,0,3,ctd,logistic_regression,42
P10823,P23624,0,0.5813918824716338,1,3,ctd,logistic_regression,42
P32915,P33411,0,0.2841265791700665,0,3,ctd,logistic_regression,42
P17214,P26188,0,0.5240696756130917,1,3,ctd,logistic_regression,42
P25604,P38191,0,0.5766151725550525,1,3,ctd,logistic_regression,42
P38904,Q06224,0,0.6107953808124095,1,3,ctd,logistic_regression,42
Q02159,Q04930,0,0.3880058036030492,0,3,ctd,logistic_regression,42
P14242,P32916,0,0.4907997882639136,0,3,ctd,logistic_regression,42
P28006,P35187,0,0.6051433678804272,1,3,ctd,logistic_regression,42
P46956,Q12734,0,0.3824809836639659,0,3,ctd,logistic_regression,42
P06777,Q12059,0,0.49875489241455856,0,3,ctd,logistic_regression,42
P13259,P38194,0,0.4622219181846446,0,3,ctd,logistic_regression,42
P32902,P39744,0,0.4724042869687053,0,3,ctd,logistic_regression,42
P53538,Q07914,0,0.16592540463602357,0,3,ctd,logistic_regression,42
P38827,P38988,0,0.574175122391152,1,3,ctd,logistic_regression,42
P39936,P53551,0,0.48851986503359107,0,3,ctd,logistic_regression,42
P06243,Q12495,0,0.6088584254607698,1,3,ctd,logistic_regression,42
P14291,Q12059,0,0.451576041657587,0,3,ctd,logistic_regression,42
P38085,Q07376,0,0.5794152932282729,1,3,ctd,logistic_regression,42
P08518,P35056,0,0.765059937381346,1,3,ctd,logistic_regression,42
Q01217,Q12230,0,0.5859115059301825,1,3,ctd,logistic_regression,42
P02829,P38181,0,0.5054610868842214,1,3,ctd,logistic_regression,42
P32602,Q01217,0,0.5779773264001364,1,3,ctd,logistic_regression,42
P09435,P40187,0,0.6238160924716997,1,3,ctd,logistic_regression,42
P14832,P53212,0,0.7458995110224518,1,3,ctd,logistic_regression,42
P25580,Q02821,0,0.5394970016638633,1,3,ctd,logistic_regression,42
Q04964,Q07478,0,0.7106080989274852,1,3,ctd,logistic_regression,42
P38697,Q06631,0,0.502288984461608,1,3,ctd,logistic_regression,42
P40325,P53851,0,0.34752466022870965,0,3,ctd,logistic_regression,42
P38766,Q08923,0,0.19372246460510786,0,3,ctd,logistic_regression,42
P40475,P49573,0,0.6289221478949036,1,3,ctd,logistic_regression,42
P14922,P33301,0,0.33263700935646195,0,3,ctd,logistic_regression,42
P21672,Q05016,0,0.4934361094105917,0,3,ctd,logistic_regression,42
P07703,P24482,0,0.46761183613829127,0,3,ctd,logistic_regression,42
P46673,Q03263,0,0.23387431756128124,0,3,ctd,logistic_regression,42
P32529,P40483,0,0.29023287492374655,0,3,ctd,logistic_regression,42
P39014,P52960,0,0.40531292334396535,0,3,ctd,logistic_regression,42
P40438,P43638,0,0.5862605554019642,1,3,ctd,logistic_regression,42
P34218,Q06451,0,0.1149669011491352,0,3,ctd,logistic_regression,42
P38826,Q08162,0,0.5531578596564183,1,3,ctd,logistic_regression,42
P07250,P23179,0,0.24329142799178868,0,3,ctd,logistic_regression,42
P30606,Q04930,0,0.29183658070706203,0,3,ctd,logistic_regression,42
P22209,P38229,0,0.38836775978238797,0,3,ctd,logistic_regression,42
P53168,Q12692,0,0.09343663430881069,0,3,ctd,logistic_regression,42
P53281,Q08465,0,0.4868401212760672,0,3,ctd,logistic_regression,42
P00128,P06103,0,0.6908374413751824,1,3,ctd,logistic_regression,42
Q02948,Q12159,0,0.6034725969560091,1,3,ctd,logistic_regression,42
P23776,P38861,0,0.3488316367818589,0,3,ctd,logistic_regression,42
Q03690,Q12224,0,0.6261637519520675,1,3,ctd,logistic_regression,42
P07283,P14291,0,0.5325095591885927,1,3,ctd,logistic_regression,42
P39520,Q03862,0,0.4624644389324723,0,3,ctd,logistic_regression,42
P12904,P47090,0,0.17741189113980965,0,3,ctd,logistic_regression,42
P54791,Q04894,0,0.531649198098064,1,3,ctd,logistic_regression,42
Q06488,Q06490,0,0.26384012330400247,0,3,ctd,logistic_regression,42
P21951,P53550,0,0.4398419260633605,0,3,ctd,logistic_regression,42
P36165,Q12464,0,0.43087945974314423,0,3,ctd,logistic_regression,42
P04386,Q06001,0,0.5672608615906558,1,3,ctd,logistic_regression,42
P43605,P47120,0,0.6436929706949114,1,3,ctd,logistic_regression,42
P39112,P40073,0,0.12017813903853378,0,3,ctd,logistic_regression,42
P36100,P54786,0,0.5028622923349846,1,3,ctd,logistic_regression,42
P12753,P29311,0,0.7759210783385773,1,3,ctd,logistic_regression,42
P39552,Q06091,0,0.2448749821597261,0,3,ctd,logistic_regression,42
P31377,P32334,0,0.47136605098678225,0,3,ctd,logistic_regression,42
Q04921,Q06005,0,0.3614667902056836,0,3,ctd,logistic_regression,42
P40890,Q08729,0,0.39681487641781976,0,3,ctd,logistic_regression,42
P42841,Q12241,0,0.4661974081802708,0,3,ctd,logistic_regression,42
P39744,P43602,0,0.5950776439369951,1,3,ctd,logistic_regression,42
P46985,P53211,0,0.4711614691858507,0,3,ctd,logistic_regression,42
P21957,P41805,0,0.36641276366626535,0,3,ctd,logistic_regression,42
Q03944,Q03973,0,0.5517911943319198,1,3,ctd,logistic_regression,42
P08456,P32601,0,0.4898559585514466,0,3,ctd,logistic_regression,42
P22214,P35172,0,0.334780694764431,0,3,ctd,logistic_regression,42
P32366,P43560,0,0.836683463330454,1,3,ctd,logistic_regression,42
Q12030,Q99189,0,0.5017538043527804,1,3,ctd,logistic_regression,42
P25584,P38962,0,0.4793101430303361,0,3,ctd,logistic_regression,42
P13259,P50874,0,0.37968074947764585,0,3,ctd,logistic_regression,42
P06103,P26449,0,0.48744251542085837,0,3,ctd,logistic_regression,42
P40970,Q08966,0,0.5029748094987895,1,3,ctd,logistic_regression,42
P14922,P32900,0,0.5065763636951635,1,3,ctd,logistic_regression,42
P22140,P38082,0,0.3139199041377049,0,3,ctd,logistic_regression,42
P30606,P40103,0,0.518307838083959,1,3,ctd,logistic_regression,42
P05626,P38820,0,0.6265905019096402,1,3,ctd,logistic_regression,42
P36010,P53616,0,0.31490176311308027,0,3,ctd,logistic_regression,42
P40075,P40341,0,0.481107379244913,0,3,ctd,logistic_regression,42
P25719,P32486,0,0.40150777627955514,0,3,ctd,logistic_regression,42
P06782,P38351,0,0.5682997612634278,1,3,ctd,logistic_regression,42
P38063,P40527,0,0.695611163948555,1,3,ctd,logistic_regression,42
P33296,Q04004,0,0.2947187944818091,0,3,ctd,logistic_regression,42
P32494,Q12380,0,0.3400636165181692,0,3,ctd,logistic_regression,42
P32618,P36421,0,0.5867001929477542,1,3,ctd,logistic_regression,42
P12684,P23202,0,0.386432268858119,0,3,ctd,logistic_regression,42
P40319,P40517,0,0.22034788518314827,0,3,ctd,logistic_regression,42
P34224,Q12038,0,0.32164414207377634,0,3,ctd,logistic_regression,42
P35718,P38883,0,0.7563697639974225,1,3,ctd,logistic_regression,42
P32657,P34226,0,0.5357898200578368,1,3,ctd,logistic_regression,42
P29056,P47005,0,0.6329259478467079,1,3,ctd,logistic_regression,42
P06781,P38712,0,0.5017482503641643,1,3,ctd,logistic_regression,42
P53061,Q12452,0,0.3187433131716926,0,3,ctd,logistic_regression,42
P46674,Q05610,0,0.47026371668689637,0,3,ctd,logistic_regression,42
P35728,P39552,0,0.46210507531541095,0,3,ctd,logistic_regression,42
P26793,P32902,0,0.5384305846264215,1,3,ctd,logistic_regression,42
P09624,P50623,0,0.5917317755535665,1,3,ctd,logistic_regression,42
P42841,P53863,0,0.5140279145733649,1,3,ctd,logistic_regression,42
P34227,P39904,0,0.5644514018101796,1,3,ctd,logistic_regression,42
P40492,P40513,0,0.3100612286844811,0,3,ctd,logistic_regression,42
P38352,P40094,0,0.6499440062144063,1,3,ctd,logistic_regression,42
P34162,P38904,0,0.29952227117893565,0,3,ctd,logistic_regression,42
P32496,P53272,0,0.39471285092719904,0,3,ctd,logistic_regression,42
P36147,P40565,0,0.23744524108350507,0,3,ctd,logistic_regression,42
P32432,P33339,0,0.5865932714621365,1,3,ctd,logistic_regression,42
P38304,Q06200,0,0.18932780838463273,0,3,ctd,logistic_regression,42
P25293,Q04307,0,0.14672740561530562,0,3,ctd,logistic_regression,42
P47042,P53091,0,0.45606313516139174,0,3,ctd,logistic_regression,42
P32387,Q04368,0,0.8532666999518511,1,3,ctd,logistic_regression,42
P22138,P41318,0,0.6045769148014231,1,3,ctd,logistic_regression,42
P10834,Q08119,0,0.5463510873967155,1,3,ctd,logistic_regression,42
P32529,P38829,0,0.26168752741805296,0,3,ctd,logistic_regression,42
P35180,P38822,0,0.4587859983846346,0,3,ctd,logistic_regression,42
P09232,P23285,0,0.5339743755594885,1,3,ctd,logistic_regression,42
P11938,P53115,0,0.6263620672868381,1,3,ctd,logistic_regression,42
P32447,P34224,0,0.5778011064746862,1,3,ctd,logistic_regression,42
P43586,P53093,0,0.12249227701323498,0,3,ctd,logistic_regression,42
P32605,P46964,0,0.35701985860037616,0,3,ctd,logistic_regression,42
P13433,P50945,0,0.5430938903136419,1,3,ctd,logistic_regression,42
P36120,P53267,0,0.48183444602788134,0,3,ctd,logistic_regression,42
P38149,P50874,0,0.6196549035675809,1,3,ctd,logistic_regression,42
P14291,Q06440,0,0.5873394189783725,1,3,ctd,logistic_regression,42
P19659,P40988,0,0.30490410437205845,0,3,ctd,logistic_regression,42
P09734,P36027,0,0.13293205769652702,0,3,ctd,logistic_regression,42
P38883,P40582,0,0.5231088269738873,1,3,ctd,logistic_regression,42
P20433,P39996,0,0.438127693610894,0,3,ctd,logistic_regression,42
P39987,P40453,0,0.44943980989565196,0,3,ctd,logistic_regression,42
P22007,Q03661,0,0.40147095741301064,0,3,ctd,logistic_regression,42
P39009,P41697,0,0.6344024710462111,1,3,ctd,logistic_regression,42
P34240,P47042,0,0.6300967649450014,1,3,ctd,logistic_regression,42
P15705,Q08287,0,0.6555320019665976,1,3,ctd,logistic_regression,42
Q12349,Q12527,0,0.3087014662063008,0,3,ctd,logistic_regression,42
P53861,Q08683,0,0.6864537570383398,1,3,ctd,logistic_regression,42
P19657,P48568,0,0.36082674723765706,0,3,ctd,logistic_regression,42
P38695,P40555,0,0.28710971793019596,0,3,ctd,logistic_regression,42
P00128,P32480,0,0.5622434527050326,1,3,ctd,logistic_regression,42
P14242,P38850,0,0.4654846964530192,0,3,ctd,logistic_regression,42
P38257,P39996,0,0.4711555811052738,0,3,ctd,logistic_regression,42
P32566,Q02794,0,0.45992491349335873,0,3,ctd,logistic_regression,42
P53847,Q06631,0,0.5565797853756702,1,3,ctd,logistic_regression,42
P38817,Q03782,0,0.6476871121142856,1,3,ctd,logistic_regression,42
P24384,Q99207,0,0.4831588255612417,0,3,ctd,logistic_regression,42
P07170,P47115,0,0.5625895768612068,1,3,ctd,logistic_regression,42
P35497,P38353,0,0.5957935214219106,1,3,ctd,logistic_regression,42
P38826,P41544,0,0.20780523352429842,0,3,ctd,logistic_regression,42
P14680,P53735,0,0.4212685537062326,0,3,ctd,logistic_regression,42
P34244,P47074,0,0.47897163766994927,0,3,ctd,logistic_regression,42
P32368,P53900,0,0.6637286588265024,1,3,ctd,logistic_regression,42
P23641,P39723,0,0.24601587097645986,0,3,ctd,logistic_regression,42
P38358,P53176,0,0.19466710583731248,0,3,ctd,logistic_regression,42
P16658,P40971,0,0.6444911885645761,1,3,ctd,logistic_regression,42
P35206,P40518,0,0.1889184359136463,0,3,ctd,logistic_regression,42
P53551,Q08886,0,0.6144644564426583,1,3,ctd,logistic_regression,42
P07991,P48510,0,0.7665799111797748,1,3,ctd,logistic_regression,42
P51601,Q12300,0,0.6985354083693577,1,3,ctd,logistic_regression,42
P18963,P53269,0,0.5300003477001062,1,3,ctd,logistic_regression,42
P23285,P34240,0,0.549534412913508,1,3,ctd,logistic_regression,42
P36062,P38907,0,0.5551678044348665,1,3,ctd,logistic_regression,42
P00420,Q00764,0,0.5863817526530012,1,3,ctd,logistic_regression,42
P20436,Q12527,0,0.47058593000260696,0,3,ctd,logistic_regression,42
O14467,Q12349,0,0.41316107120889123,0,3,ctd,logistic_regression,42
P25584,P40513,0,0.5653607473633265,1,3,ctd,logistic_regression,42
P38261,P53231,0,0.27371705045275513,0,3,ctd,logistic_regression,42
Q05933,Q12224,0,0.6155599128665774,1,3,ctd,logistic_regression,42
P46676,P50090,0,0.5117659898244116,1,3,ctd,logistic_regression,42
P21306,P38744,0,0.15980942620056704,0,3,ctd,logistic_regression,42
P41896,P53171,0,0.3415717947638554,0,3,ctd,logistic_regression,42
P38247,Q02574,0,0.7559140880009034,1,3,ctd,logistic_regression,42
P32610,Q04461,0,0.5988856551191329,1,3,ctd,logistic_regression,42
P53142,Q06639,0,0.18684765211841248,0,3,ctd,logistic_regression,42
P32641,P40965,0,0.5274473603396898,1,3,ctd,logistic_regression,42
P38867,P40485,0,0.5588926037905043,1,3,ctd,logistic_regression,42
P38316,Q02784,0,0.47329766330138223,0,3,ctd,logistic_regression,42
P33296,Q02629,0,0.3718619045406329,0,3,ctd,logistic_regression,42
P32836,Q06137,0,0.689176880675311,1,3,ctd,logistic_regression,42
P40478,P53859,0,0.4651457039743318,0,3,ctd,logistic_regression,42
P00950,P43596,0,0.6403100184604891,1,3,ctd,logistic_regression,42
P35210,P47110,0,0.5002907529682578,1,3,ctd,logistic_regression,42
P12683,Q12243,0,0.11111447524525189,0,3,ctd,logistic_regression,42
P06778,Q03071,0,0.6833613851873339,1,3,ctd,logistic_regression,42
P08678,Q06135,0,0.5830955807382607,1,3,ctd,logistic_regression,42
P15367,P19882,0,0.6938876515775314,1,3,ctd,logistic_regression,42
Q03702,Q04958,0,0.470903280610475,0,3,ctd,logistic_regression,42
P43622,Q07824,0,0.6152392164074026,1,3,ctd,logistic_regression,42
P40094,P40960,0,0.3248070199404378,0,3,ctd,logistic_regression,42
P06839,P25376,0,0.3053478009729109,0,3,ctd,logistic_regression,42
P47050,Q01159,0,0.4772959583228908,0,3,ctd,logistic_regression,42
P47165,P53176,0,0.3044001464051535,0,3,ctd,logistic_regression,42
P38992,P40515,0,0.5641597335210141,1,3,ctd,logistic_regression,42
P32797,P38720,0,0.6475775582252372,1,3,ctd,logistic_regression,42
P43682,Q02630,0,0.2442699923385035,0,3,ctd,logistic_regression,42
P11710,P38877,0,0.10422779782492661,0,3,ctd,logistic_regression,42
P39990,P47123,0,0.7220494757249822,1,3,ctd,logistic_regression,42
P40434,Q06616,0,0.6174141510083265,1,3,ctd,logistic_regression,42
Q06405,Q12336,0,0.0646796024597279,0,3,ctd,logistic_regression,42
P53163,P53633,0,0.2239186506453216,0,3,ctd,logistic_regression,42
P18888,P32479,0,0.5253029066461848,1,3,ctd,logistic_regression,42
P32494,P47185,0,0.32260541875255255,0,3,ctd,logistic_regression,42
P08539,P11075,0,0.6404641315074144,1,3,ctd,logistic_regression,42
P24813,P32332,0,0.46397518828917833,0,3,ctd,logistic_regression,42
P32486,Q02775,0,0.3983998715488319,0,3,ctd,logistic_regression,42
P14908,P23394,0,0.3450504243147538,0,3,ctd,logistic_regression,42
P40075,Q99394,0,0.6381967655468443,1,3,ctd,logistic_regression,42
P33754,P37838,0,0.426917977024558,0,3,ctd,logistic_regression,42
P19073,P38085,0,0.4764799744809075,0,3,ctd,logistic_regression,42
P10961,P21242,0,0.8096728709772276,1,3,ctd,logistic_regression,42
O13297,Q12176,0,0.5304464389808718,1,3,ctd,logistic_regression,42
P40352,Q06648,0,0.6260426781009711,1,3,ctd,logistic_regression,42
P25301,P25615,0,0.6626553449896234,1,3,ctd,logistic_regression,42
P23968,Q03435,0,0.14752510906999602,0,3,ctd,logistic_regression,42
P34161,Q02608,0,0.18367040855058706,0,3,ctd,logistic_regression,42
P20133,P32829,0,0.5577758160799497,1,3,ctd,logistic_regression,42
P25591,P38265,0,0.4943467063507804,0,3,ctd,logistic_regression,42
P20676,P53267,0,0.4317133786672273,0,3,ctd,logistic_regression,42
P12945,P35191,0,0.4874475753386328,0,3,ctd,logistic_regression,42
P13099,Q04978,0,0.6127687471710115,1,3,ctd,logistic_regression,42
P38615,P53961,0,0.2921054568923094,0,3,ctd,logistic_regression,42
P53176,Q12363,0,0.39963807417118224,0,3,ctd,logistic_regression,42
P07276,P38748,0,0.5844043137834426,1,3,ctd,logistic_regression,42
P36018,Q06218,0,0.6336638184840744,1,3,ctd,logistic_regression,42
P39682,Q04089,0,0.38050427540803305,0,3,ctd,logistic_regression,42
P40356,Q04195,0,0.49267626048236285,0,3,ctd,logistic_regression,42
P38860,P40482,0,0.6630967560941301,1,3,ctd,logistic_regression,42
P21339,Q04477,0,0.6412970478440263,1,3,ctd,logistic_regression,42
P20433,P38723,0,0.15137612253132063,0,3,ctd,logistic_regression,42
P07251,P32570,0,0.2663596818228582,0,3,ctd,logistic_regression,42
P25694,P38842,0,0.06799883718351171,0,3,ctd,logistic_regression,42
P36053,Q12059,0,0.33061704020917354,0,3,ctd,logistic_regression,42
P39954,P54861,0,0.7007052229466875,1,3,ctd,logistic_regression,42
Q01722,Q07442,0,0.5670701262724674,1,3,ctd,logistic_regression,42
P35178,Q02516,0,0.40458714528911704,0,3,ctd,logistic_regression,42
P47134,Q08214,0,0.40558248631855903,0,3,ctd,logistic_regression,42
P38353,P40507,0,0.2603343561469118,0,3,ctd,logistic_regression,42
P10961,P32642,0,0.6606397617620888,1,3,ctd,logistic_regression,42
P04786,P39960,0,0.536723073106291,1,3,ctd,logistic_regression,42
P06777,Q00362,0,0.5581162205983735,1,3,ctd,logistic_regression,42
P13365,P33339,0,0.3629891495740448,0,3,ctd,logistic_regression,42
P39717,Q01852,0,0.5193920746533353,1,3,ctd,logistic_regression,42
P36147,Q04847,0,0.2928131899560063,0,3,ctd,logistic_regression,42
P39998,P43562,0,0.16722806188616834,0,3,ctd,logistic_regression,42
P30656,P32354,0,0.6200366294830071,1,3,ctd,logistic_regression,42
P22139,Q12071,0,0.5154695312634577,1,3,ctd,logistic_regression,42
P35718,P53169,0,0.5541020591604259,1,3,ctd,logistic_regression,42
P32597,P38886,0,0.6675649790645796,1,3,ctd,logistic_regression,42
P35193,P36121,0,0.6841958455280223,1,3,ctd,logistic_regression,42
P07272,P41810,0,0.36439714042480403,0,3,ctd,logistic_regression,42
P38702,Q06324,0,0.3397405305604599,0,3,ctd,logistic_regression,42
P40357,P53965,0,0.4466809106084204,0,3,ctd,logistic_regression,42
P21691,P53628,0,0.4078204595713287,0,3,ctd,logistic_regression,42
P39875,P39935,0,0.5819251525812231,1,3,ctd,logistic_regression,42
P12954,P32945,0,0.5252521041534569,1,3,ctd,logistic_regression,42
P40014,Q07622,0,0.6635176313719634,1,3,ctd,logistic_regression,42
P32588,Q04697,0,0.6096469682481154,1,3,ctd,logistic_regression,42
P38826,Q04491,0,0.5137022456980865,1,3,ctd,logistic_regression,42
P19735,Q06200,0,0.3430258101061782,0,3,ctd,logistic_regression,42
P39524,Q12347,0,0.5653530169995726,1,3,ctd,logistic_regression,42
P29539,P38264,0,0.32365025186247615,0,3,ctd,logistic_regression,42
P47165,Q12161,0,0.43774900731616023,0,3,ctd,logistic_regression,42
P36130,Q12349,0,0.47267258803300405,0,3,ctd,logistic_regression,42
P38960,P47083,0,0.4140878155943902,0,3,ctd,logistic_regression,42
P19659,P22135,0,0.26343300445678614,0,3,ctd,logistic_regression,42
P39954,P41277,0,0.6416320196846204,1,3,ctd,logistic_regression,42
P35182,Q06488,0,0.5270650089895708,1,3,ctd,logistic_regression,42
P16370,P38692,0,0.5063389513832336,1,3,ctd,logistic_regression,42
P37366,P40096,0,0.44001049649095825,0,3,ctd,logistic_regression,42
P33200,Q08902,0,0.19616777961510087,0,3,ctd,logistic_regression,42
P04821,P29468,0,0.5697475512979416,1,3,ctd,logistic_regression,42
P40077,P48836,0,0.46325134779579563,0,3,ctd,logistic_regression,42
Q02159,Q07350,0,0.5985709293325265,1,3,ctd,logistic_regression,42
P32913,P38719,0,0.2691960404057153,0,3,ctd,logistic_regression,42
P47120,Q07986,0,0.3346905976367258,0,3,ctd,logistic_regression,42
P53211,Q12347,0,0.45643828418845994,0,3,ctd,logistic_regression,42
P25297,Q12018,0,0.5772795053431911,1,3,ctd,logistic_regression,42
P21339,Q12018,0,0.6487054234097825,1,3,ctd,logistic_regression,42
P32786,P38920,0,0.6544187206918196,1,3,ctd,logistic_regression,42
P35201,P38283,0,0.5979883641027219,1,3,ctd,logistic_regression,42
P45819,Q12361,0,0.42344775311809485,0,3,ctd,logistic_regression,42
P18852,P53045,0,0.27944187016226074,0,3,ctd,logistic_regression,42
P04817,Q07732,0,0.3638141817040627,0,3,ctd,logistic_regression,42
P40496,P42841,0,0.258759452008966,0,3,ctd,logistic_regression,42
P35842,Q12341,0,0.5369549963428774,1,3,ctd,logistic_regression,42
P10566,P53834,0,0.6208622149677928,1,3,ctd,logistic_regression,42
P32859,Q9URQ3,0,0.6175974072826033,1,3,ctd,logistic_regression,42
P23624,Q08773,0,0.4694769691199639,0,3,ctd,logistic_regression,42
P38121,P49166,0,0.8868482847408461,1,3,ctd,logistic_regression,42
P32558,P36029,0,0.3362258588699539,0,3,ctd,logistic_regression,42
P25575,P53337,0,0.1018884360879786,0,3,ctd,logistic_regression,42
P50086,Q12327,0,0.5681966756906695,1,3,ctd,logistic_regression,42
P22276,Q07084,0,0.5718722315378817,1,3,ctd,logistic_regression,42
P40009,Q12083,0,0.563885142565023,1,3,ctd,logistic_regression,42
P53905,Q12161,0,0.23282195908705222,0,3,ctd,logistic_regression,42
Q08018,Q12477,0,0.2767698982583654,0,3,ctd,logistic_regression,42
P53094,Q12030,0,0.40085973008576503,0,3,ctd,logistic_regression,42
P53313,Q08387,0,0.44407988350827055,0,3,ctd,logistic_regression,42
P50105,Q06001,0,0.45567733210303185,0,3,ctd,logistic_regression,42
P31111,P35172,0,0.47621782009696484,0,3,ctd,logistic_regression,42
P38727,P40453,0,0.41321495114028456,0,3,ctd,logistic_regression,42
P11914,P20436,0,0.3653527453000191,0,3,ctd,logistic_regression,42
P37302,Q06815,0,0.6659346536601353,1,3,ctd,logistic_regression,42
P53142,Q08287,0,0.220197405891574,0,3,ctd,logistic_regression,42
P38629,P40032,0,0.6783471758329593,1,3,ctd,logistic_regression,42
P22515,P38085,0,0.375451917390539,0,3,ctd,logistic_regression,42
Q02939,Q07844,0,0.49695435034882546,0,3,ctd,logistic_regression,42
P12683,P46678,0,0.38623581000380075,0,3,ctd,logistic_regression,42
P38324,P40151,0,0.7459109766485895,1,3,ctd,logistic_regression,42
P16661,P31378,0,0.46321260664754865,0,3,ctd,logistic_regression,42
P22137,Q06644,0,0.3983037664327988,0,3,ctd,logistic_regression,42
P39992,P40395,0,0.4266941262035241,0,3,ctd,logistic_regression,42
P04817,P40010,0,0.26192720451406554,0,3,ctd,logistic_regression,42
P36049,P39101,0,0.6499632445908814,1,3,ctd,logistic_regression,42
P39706,Q08273,0,0.839586079931022,1,3,ctd,logistic_regression,42
P30657,P38811,0,0.7044066876127325,1,3,ctd,logistic_regression,42
P32319,P35198,0,0.3938991655463597,0,3,ctd,logistic_regression,42
P32367,P46947,0,0.520266562092249,1,3,ctd,logistic_regression,42
P06786,P15303,0,0.4704639841043841,0,3,ctd,logistic_regression,42
P25649,P34238,0,0.37975953411356045,0,3,ctd,logistic_regression,42
P30606,Q08004,0,0.2973362410026361,0,3,ctd,logistic_regression,42
P43542,P43569,0,0.3168431564402173,0,3,ctd,logistic_regression,42
P05626,Q04195,0,0.5683918345788213,1,3,ctd,logistic_regression,42
P38726,Q01217,0,0.342315307086283,0,3,ctd,logistic_regression,42
P50101,Q01852,0,0.6014889359593381,1,3,ctd,logistic_regression,42
P23202,Q08773,0,0.4559283673616867,0,3,ctd,logistic_regression,42
P18759,P32897,0,0.4807258030455317,0,3,ctd,logistic_regression,42
P21192,Q06630,0,0.6445432452509318,1,3,ctd,logistic_regression,42
P40892,Q06815,0,0.2519546317922753,0,3,ctd,logistic_regression,42
Q05787,Q99181,0,0.551919278343467,1,3,ctd,logistic_regression,42
P11745,P34227,0,0.6292528207536561,1,3,ctd,logistic_regression,42
P38814,Q02895,0,0.6419364473349881,1,3,ctd,logistic_regression,42
P42944,P53168,0,0.5945662492201172,1,3,ctd,logistic_regression,42
P07256,P25358,0,0.06734239638094061,0,3,ctd,logistic_regression,42
P01149,P38590,0,0.2828581119051562,0,3,ctd,logistic_regression,42
P39016,Q00711,0,0.5259269666297909,1,3,ctd,logistic_regression,42
P38064,Q12335,0,0.33457292584841336,0,3,ctd,logistic_regression,42
P14742,P38302,0,0.4199461642581202,0,3,ctd,logistic_regression,42
P35207,P53259,0,0.41602527440450354,0,3,ctd,logistic_regression,42
P27692,P39940,0,0.5529815849590634,1,3,ctd,logistic_regression,42
P47135,Q08387,0,0.7105013232589054,1,3,ctd,logistic_regression,42
P04912,Q12477,0,0.5234509393020016,1,3,ctd,logistic_regression,42
P54862,Q03220,0,0.2606292220694733,0,3,ctd,logistic_regression,42
Q03860,Q06408,0,0.17799362253525347,0,3,ctd,logistic_regression,42
P36036,Q06177,0,0.7830989299668862,1,3,ctd,logistic_regression,42
P38082,Q08109,0,0.47613588455184297,0,3,ctd,logistic_regression,42
P07256,P33399,0,0.5131398255062144,1,3,ctd,logistic_regression,42
P38063,Q02732,0,0.7858465809956096,1,3,ctd,logistic_regression,42
P13259,Q12460,0,0.32041467582678107,0,3,ctd,logistic_regression,42
P48361,Q12082,0,0.3002790173584042,0,3,ctd,logistic_regression,42
P30656,P32319,0,0.5310883703525141,1,3,ctd,logistic_regression,42
P25046,Q04934,0,0.5198527000575071,1,3,ctd,logistic_regression,42
P04912,P13433,0,0.35834111338751584,0,3,ctd,logistic_regression,42
Q00711,Q04368,0,0.509406927888144,1,3,ctd,logistic_regression,42
P43622,Q01454,0,0.46979251235075453,0,3,ctd,logistic_regression,42
P50875,P53045,0,0.1514448154582685,0,3,ctd,logistic_regression,42
P48234,P52490,0,0.2827791663052097,0,3,ctd,logistic_regression,42
P20676,P47005,0,0.42632218170498737,0,3,ctd,logistic_regression,42
P32264,P40343,0,0.6245079719961258,1,3,ctd,logistic_regression,42
P53147,Q04697,0,0.4521210541094476,0,3,ctd,logistic_regression,42
P38759,P40438,0,0.5328741688301329,1,3,ctd,logistic_regression,42
P38138,P38902,0,0.4814847008616568,0,3,ctd,logistic_regression,42
P38427,P47025,0,0.5684481109177442,1,3,ctd,logistic_regression,42
P23285,Q12107,0,0.5577154187674556,1,3,ctd,logistic_regression,42
P38240,Q6Q547,0,0.21579823702112103,0,3,ctd,logistic_regression,42
P32838,P39715,0,0.4679743213024336,0,3,ctd,logistic_regression,42
Q04272,Q12157,0,0.6638700735973216,1,3,ctd,logistic_regression,42
P22214,P25558,0,0.37015061613016487,0,3,ctd,logistic_regression,42
P40492,Q12158,0,0.5627578253799035,1,3,ctd,logistic_regression,42
P28274,Q12341,0,0.6690674690718279,1,3,ctd,logistic_regression,42
P29056,Q6Q547,0,0.8021035348732073,1,3,ctd,logistic_regression,42
P34218,Q08235,0,0.39997176377571814,0,3,ctd,logistic_regression,42
P38842,P39723,0,0.043057202765275714,0,3,ctd,logistic_regression,42
P06838,P32939,0,0.3376072265787589,0,3,ctd,logistic_regression,42
P25376,Q03697,0,0.3728800441564699,0,3,ctd,logistic_regression,42
P39702,P40314,0,0.6792026338930759,1,3,ctd,logistic_regression,42
P48581,Q12035,0,0.35266457843567167,0,3,ctd,logistic_regression,42
P38089,Q08949,1,0.5366799372335926,1,4,ctd,logistic_regression,42
P16140,Q12199,1,0.6223382787851716,1,4,ctd,logistic_regression,42
P11154,Q01590,1,0.6578122681566032,1,4,ctd,logistic_regression,42
P32527,P40473,1,0.37801885604072216,0,4,ctd,logistic_regression,42
P22203,P43603,1,0.5380636071124099,1,4,ctd,logistic_regression,42
Q08558,Q99189,1,0.482217258873807,0,4,ctd,logistic_regression,42
P39730,Q06549,1,0.8404647032632969,1,4,ctd,logistic_regression,42
Q07657,Q12447,1,0.3495020057615752,0,4,ctd,logistic_regression,42
P32501,P36107,1,0.22995154381401667,0,4,ctd,logistic_regression,42
P16862,P48232,1,0.4717940248559969,0,4,ctd,logistic_regression,42
P38751,P45976,1,0.3208429586400222,0,4,ctd,logistic_regression,42
P05317,P38696,1,0.7073719427499084,1,4,ctd,logistic_regression,42
P23293,Q07786,1,0.7082671788333115,1,4,ctd,logistic_regression,42
P25644,Q04964,1,0.4154447728557034,0,4,ctd,logistic_regression,42
P39967,Q05636,1,0.4418649004240393,0,4,ctd,logistic_regression,42
P22517,P38315,1,0.4705427333851981,0,4,ctd,logistic_regression,42
Q00955,Q08144,1,0.6364900089708595,1,4,ctd,logistic_regression,42
P32898,P53863,1,0.41609222873305385,0,4,ctd,logistic_regression,42
P02293,Q03010,1,0.4813170650582381,0,4,ctd,logistic_regression,42
P12611,P43535,1,0.7456376961212055,1,4,ctd,logistic_regression,42
P25342,Q00246,1,0.3456769444521652,0,4,ctd,logistic_regression,42
P39523,P51601,1,0.6455785016372858,1,4,ctd,logistic_regression,42
P06784,P29340,1,0.4055579694590369,0,4,ctd,logistic_regression,42
P38810,Q06665,1,0.47503760608517254,0,4,ctd,logistic_regression,42
P46970,P53159,1,0.6518421193092847,1,4,ctd,logistic_regression,42
P32912,Q00916,1,0.7434358422976708,1,4,ctd,logistic_regression,42
P32589,P49687,1,0.6724763042856329,1,4,ctd,logistic_regression,42
P11075,Q04491,1,0.5104309667522483,1,4,ctd,logistic_regression,42
P00958,P09435,1,0.6927045675275325,1,4,ctd,logistic_regression,42
P30656,P32566,1,0.49292317178115785,0,4,ctd,logistic_regression,42
P32855,P39927,1,0.783266122359383,1,4,ctd,logistic_regression,42
P32349,P35691,1,0.4657692223376109,0,4,ctd,logistic_regression,42
P11484,P25369,1,0.4609787782122789,0,4,ctd,logistic_regression,42
P13711,P41834,1,0.5900768670014459,1,4,ctd,logistic_regression,42
P32458,Q00245,1,0.5164053338824232,1,4,ctd,logistic_regression,42
P53847,Q04493,1,0.498604625585144,0,4,ctd,logistic_regression,42
P37370,Q04651,1,0.2723339425749143,0,4,ctd,logistic_regression,42
P38690,P38692,1,0.6206778174098976,1,4,ctd,logistic_regression,42
P46673,P47093,1,0.3397428546479975,0,4,ctd,logistic_regression,42
P05318,P38697,1,0.8006991862483414,1,4,ctd,logistic_regression,42
P32264,P32864,1,0.7210677455279326,1,4,ctd,logistic_regression,42
P38041,P53685,1,0.5961626947165228,1,4,ctd,logistic_regression,42
P38810,P53261,1,0.2920811442707774,0,4,ctd,logistic_regression,42
P40484,P42843,1,0.6470756638250043,1,4,ctd,logistic_regression,42
P27895,P32573,1,0.5913581019397612,1,4,ctd,logistic_regression,42
P29366,Q06616,1,0.6683336433742894,1,4,ctd,logistic_regression,42
P38070,P38334,1,0.5457105335719726,1,4,ctd,logistic_regression,42
P32790,Q05933,1,0.7888141952865568,1,4,ctd,logistic_regression,42
P13712,P27614,1,0.675465703617673,1,4,ctd,logistic_regression,42
P40202,Q07786,1,0.6149684559849612,1,4,ctd,logistic_regression,42
P29056,P36160,1,0.5777734539582794,1,4,ctd,logistic_regression,42
P80667,Q03973,1,0.4369277196263122,0,4,ctd,logistic_regression,42
P31383,P32835,1,0.4700085003908135,0,4,ctd,logistic_regression,42
P38689,Q02354,1,0.5910417486757689,1,4,ctd,logistic_regression,42
P38358,Q07381,1,0.1405250667030304,0,4,ctd,logistic_regression,42
P38182,P39563,1,0.6700359768941286,1,4,ctd,logistic_regression,42
Q08245,Q08956,1,0.449641020708823,0,4,ctd,logistic_regression,42
P36029,Q06648,1,0.41768155480023383,0,4,ctd,logistic_regression,42
P04050,Q12262,1,0.6606663147917302,1,4,ctd,logistic_regression,42
P22007,P22203,1,0.5176367217043891,1,4,ctd,logistic_regression,42
P43535,P49704,1,0.7137181268000949,1,4,ctd,logistic_regression,42
Q03768,Q04062,1,0.4738360122674446,0,4,ctd,logistic_regression,42
P34110,P38042,1,0.4621019641632364,0,4,ctd,logistic_regression,42
P38692,Q06436,1,0.4722787282472355,0,4,ctd,logistic_regression,42
P22082,P53212,1,0.4898068639332488,0,4,ctd,logistic_regression,42
P39935,Q12017,1,0.8352855733008188,1,4,ctd,logistic_regression,42
P53865,Q00246,1,0.4133059720834612,0,4,ctd,logistic_regression,42
P25644,P35497,1,0.5208161869457993,1,4,ctd,logistic_regression,42
P00358,P25303,1,0.5105075635393644,1,4,ctd,logistic_regression,42
P32578,P40362,1,0.655534428286224,1,4,ctd,logistic_regression,42
P46957,P53691,1,0.5885140630281454,1,4,ctd,logistic_regression,42
P17891,P33418,1,0.35406770557569295,0,4,ctd,logistic_regression,42
P39517,P40988,1,0.486170305297501,0,4,ctd,logistic_regression,42
P38793,P46675,1,0.6521726875302245,1,4,ctd,logistic_regression,42
P38874,P45819,1,0.577251159249357,1,4,ctd,logistic_regression,42
P26263,P47045,1,0.561464492652867,1,4,ctd,logistic_regression,42
P14242,P38191,1,0.6125817078409016,1,4,ctd,logistic_regression,42
P23624,P53743,1,0.6787499358088882,1,4,ctd,logistic_regression,42
P14736,P40202,1,0.4786499549100722,0,4,ctd,logistic_regression,42
P09938,P29469,1,0.6879033213760981,1,4,ctd,logistic_regression,42
P32471,P43639,1,0.6809478919696829,1,4,ctd,logistic_regression,42
P43593,P50094,1,0.5728640298937755,1,4,ctd,logistic_regression,42
P32581,Q08921,1,0.4189437963345185,0,4,ctd,logistic_regression,42
P25584,P38313,1,0.5351856923554642,1,4,ctd,logistic_regression,42
P17119,P21182,1,0.5955666355094649,1,4,ctd,logistic_regression,42
P06782,P25694,1,0.7314967982130539,1,4,ctd,logistic_regression,42
P25357,Q08215,1,0.7418625003312671,1,4,ctd,logistic_regression,42
P40959,Q05636,1,0.5783093888318581,1,4,ctd,logistic_regression,42
P18494,P46962,1,0.6175768383854731,1,4,ctd,logistic_regression,42
P43583,Q06640,1,0.3321147356085556,0,4,ctd,logistic_regression,42
P07149,P25296,1,0.585962036927823,1,4,ctd,logistic_regression,42
P53043,Q08285,1,0.5787930599894158,1,4,ctd,logistic_regression,42
P18410,P32629,1,0.418576566847944,0,4,ctd,logistic_regression,42
P19735,Q12028,1,0.5858249362249996,1,4,ctd,logistic_regression,42
P07283,P38182,1,0.3725253427910428,0,4,ctd,logistic_regression,42
Q03081,Q07468,1,0.5441596241086715,1,4,ctd,logistic_regression,42
P32562,P36139,1,0.5352833210654965,1,4,ctd,logistic_regression,42
P53067,Q12055,1,0.6284771699542909,1,4,ctd,logistic_regression,42
P38776,Q06200,1,0.11354617808464026,0,4,ctd,logistic_regression,42
P07347,P25293,1,0.7472159769650398,1,4,ctd,logistic_regression,42
P17157,P53900,1,0.6100013453860633,1,4,ctd,logistic_regression,42
P24867,P33199,1,0.2539330910322964,0,4,ctd,logistic_regression,42
P32945,P38757,1,0.36734510812529564,0,4,ctd,logistic_regression,42
P32571,Q00539,1,0.5543766665536031,1,4,ctd,logistic_regression,42
P38705,P53313,1,0.3554914443802986,0,4,ctd,logistic_regression,42
Q06651,Q12347,1,0.3461583659362291,0,4,ctd,logistic_regression,42
P04046,P28795,1,0.38988731278435546,0,4,ctd,logistic_regression,42
P40460,P53115,1,0.7352846127802035,1,4,ctd,logistic_regression,42
P29295,Q08119,1,0.5120153958923422,1,4,ctd,logistic_regression,42
P53959,Q7LIF1,1,0.15264003454028102,0,4,ctd,logistic_regression,42
P19262,P53145,1,0.5769218927770423,1,4,ctd,logistic_regression,42
Q03898,Q12199,1,0.4959650098103627,0,4,ctd,logistic_regression,42
P47041,Q08581,1,0.6953494531771746,1,4,ctd,logistic_regression,42
P29461,P39531,1,0.5353584138551082,1,4,ctd,logistic_regression,42
P38850,P40007,1,0.4372141166146951,0,4,ctd,logistic_regression,42
Q02260,Q03862,1,0.2105049726938539,0,4,ctd,logistic_regression,42
P38962,P39704,1,0.040616848440252755,0,4,ctd,logistic_regression,42
P11746,P53295,1,0.4782656556990919,0,4,ctd,logistic_regression,42
P25333,P53540,1,0.7149121279127257,1,4,ctd,logistic_regression,42
P38257,P40344,1,0.4031696447376466,0,4,ctd,logistic_regression,42
Q06525,Q12159,1,0.40142703497323867,0,4,ctd,logistic_regression,42
P11746,P53968,1,0.6447081421448253,1,4,ctd,logistic_regression,42
Q00776,Q06151,1,0.6496300122947133,1,4,ctd,logistic_regression,42
Q07623,Q07915,1,0.8419222573323715,1,4,ctd,logistic_regression,42
P16661,P22804,1,0.2778638269189126,0,4,ctd,logistic_regression,42
P24783,P39563,1,0.502919126732648,1,4,ctd,logistic_regression,42
P32786,P38208,1,0.6635411316541214,1,4,ctd,logistic_regression,42
P32642,P53886,1,0.485919846918218,0,4,ctd,logistic_regression,42
P32457,P43593,1,0.6867522559435411,1,4,ctd,logistic_regression,42
P53237,P53740,1,0.44477717126714233,0,4,ctd,logistic_regression,42
P50095,Q06624,1,0.6699089137758284,1,4,ctd,logistic_regression,42
P06704,Q04660,1,0.30820259554012575,0,4,ctd,logistic_regression,42
P32349,Q00723,1,0.45827564240676644,0,4,ctd,logistic_regression,42
P38999,Q12018,1,0.6266559183342925,1,4,ctd,logistic_regression,42
P36124,Q04749,1,0.5413978591159807,1,4,ctd,logistic_regression,42
P04821,Q12477,1,0.4826886389750214,0,4,ctd,logistic_regression,42
P02557,P34758,1,0.7196972639871929,1,4,ctd,logistic_regression,42
P23644,P32909,1,0.43095506379477355,0,4,ctd,logistic_regression,42
P34758,P53112,1,0.7504288236896077,1,4,ctd,logistic_regression,42
P00044,P33333,1,0.17128579938272973,0,4,ctd,logistic_regression,42
P32561,P48361,1,0.5339131874325126,1,4,ctd,logistic_regression,42
P36005,P60010,1,0.6721717616257912,1,4,ctd,logistic_regression,42
Q00582,Q06616,1,0.7285826591403238,1,4,ctd,logistic_regression,42
P34909,P53691,1,0.6202276034580421,1,4,ctd,logistic_regression,42
P25301,Q04089,1,0.6778813218316213,1,4,ctd,logistic_regression,42
P27514,P38146,1,0.3317978151028018,0,4,ctd,logistic_regression,42
P08524,P39707,1,0.663924736878707,1,4,ctd,logistic_regression,42
P53011,Q03792,1,0.5206472810259548,1,4,ctd,logistic_regression,42
P19414,P34160,1,0.564830610835306,1,4,ctd,logistic_regression,42
P25659,P38872,1,0.511554626015616,1,4,ctd,logistic_regression,42
Q04675,Q12024,1,0.611802571925244,1,4,ctd,logistic_regression,42
P27637,P31377,1,0.643245790233654,1,4,ctd,logistic_regression,42
P42846,Q12154,1,0.48361429001115713,0,4,ctd,logistic_regression,42
P36006,P47050,1,0.47283188760915773,0,4,ctd,logistic_regression,42
P35207,P48566,1,0.4682857167264028,0,4,ctd,logistic_regression,42
P40024,P47045,1,0.4773696076084812,0,4,ctd,logistic_regression,42
P38959,Q00723,1,0.5779508310337954,1,4,ctd,logistic_regression,42
P24870,P38786,1,0.7435565760047189,1,4,ctd,logistic_regression,42
P16658,Q12446,1,0.7797155042539546,1,4,ctd,logistic_regression,42
P12754,P32867,1,0.6066179502565259,1,4,ctd,logistic_regression,42
P39984,Q12347,1,0.6222327825126568,1,4,ctd,logistic_regression,42
P32912,Q12285,1,0.8400637402108652,1,4,ctd,logistic_regression,42
P30657,P42846,1,0.6017917199769549,1,4,ctd,logistic_regression,42
P22515,P25649,1,0.7195811737009893,1,4,ctd,logistic_regression,42
P32379,P53941,1,0.48130411318318006,0,4,ctd,logistic_regression,42
P32571,Q06440,1,0.6043823469063454,1,4,ctd,logistic_regression,42
P14741,P33401,1,0.6140560658320088,1,4,ctd,logistic_regression,42
P40453,P47134,1,0.5075287052474482,1,4,ctd,logistic_regression,42
P32432,Q03656,1,0.5903106936445659,1,4,ctd,logistic_regression,42
P25655,Q00916,1,0.5378704820706228,1,4,ctd,logistic_regression,42
P36084,Q07980,1,0.4556070982005444,0,4,ctd,logistic_regression,42
P06101,P36172,1,0.32266098728341963,0,4,ctd,logistic_regression,42
P38200,P38270,1,0.8283029007866718,1,4,ctd,logistic_regression,42
P06103,Q12377,1,0.4279771501297824,0,4,ctd,logistic_regression,42
P07283,P25694,1,0.5915825115601696,1,4,ctd,logistic_regression,42
P17119,Q99385,1,0.5924256255605636,1,4,ctd,logistic_regression,42
P09064,P38080,1,0.44539710742096905,0,4,ctd,logistic_regression,42
P43619,Q00776,1,0.7746041037850396,1,4,ctd,logistic_regression,42
P20606,Q08723,1,0.8531311943864069,1,4,ctd,logistic_regression,42
P14724,P32525,1,0.12822219998056683,0,4,ctd,logistic_regression,42
P25591,P38806,1,0.7662436753399584,1,4,ctd,logistic_regression,42
P09733,Q08229,1,0.5648208192604927,1,4,ctd,logistic_regression,42
Q04338,Q08956,1,0.4671024601486588,0,4,ctd,logistic_regression,42
P38193,Q05670,1,0.4411578236577766,0,4,ctd,logistic_regression,42
P32854,Q12033,1,0.6127854168815654,1,4,ctd,logistic_regression,42
P00044,P33199,1,0.7102181503541066,1,4,ctd,logistic_regression,42
P38850,Q12522,1,0.6440580702447146,1,4,ctd,logistic_regression,42
P14747,P15705,1,0.33730021443383285,0,4,ctd,logistic_regression,42
P50113,Q05874,1,0.4591581101607145,0,4,ctd,logistic_regression,42
P43592,Q12468,1,0.4067215914002786,0,4,ctd,logistic_regression,42
P25336,P46672,1,0.6118304294435644,1,4,ctd,logistic_regression,42
P32855,P50113,1,0.4868140529887685,0,4,ctd,logistic_regression,42
P35497,P43593,1,0.58401502258612,1,4,ctd,logistic_regression,42
P47122,Q06411,1,0.7086266413382121,1,4,ctd,logistic_regression,42
P33301,Q04636,1,0.7127572808098668,1,4,ctd,logistic_regression,42
P28320,P46674,1,0.48256124604097206,0,4,ctd,logistic_regression,42
P32854,P40963,1,0.223124970978751,0,4,ctd,logistic_regression,42
P19735,P52286,1,0.4037125762552316,0,4,ctd,logistic_regression,42
P40483,P53271,1,0.651312104727826,1,4,ctd,logistic_regression,42
P31539,Q04031,1,0.4889421953750747,0,4,ctd,logistic_regression,42
P32524,P40453,1,0.6521275566507981,1,4,ctd,logistic_regression,42
P19524,P52919,1,0.5672590237979436,1,4,ctd,logistic_regression,42
P53281,Q03656,1,0.5666954195378785,1,4,ctd,logistic_regression,42
P33328,Q04493,1,0.23612396510076772,0,4,ctd,logistic_regression,42
P14724,Q99189,1,0.36589446604045994,0,4,ctd,logistic_regression,42
P32600,Q03338,1,0.5492909779044421,1,4,ctd,logistic_regression,42
P08524,P53221,1,0.8095355719116778,1,4,ctd,logistic_regression,42
P32842,Q12754,1,0.1707854226582638,0,4,ctd,logistic_regression,42
P08518,Q07921,1,0.46530691065489777,0,4,ctd,logistic_regression,42
P53867,Q04562,1,0.3817043361404898,0,4,ctd,logistic_regression,42
Q12473,Q12477,1,0.5924464604285368,1,4,ctd,logistic_regression,42
P32801,P46673,1,0.5019830183987767,1,4,ctd,logistic_regression,42
P33755,P53286,1,0.34489289942888873,0,4,ctd,logistic_regression,42
P13185,P18480,1,0.6119797296987355,1,4,ctd,logistic_regression,42
P39925,P39946,1,0.4089524257690196,0,4,ctd,logistic_regression,42
P12962,P41834,1,0.8413192610054958,1,4,ctd,logistic_regression,42
P40457,Q92331,1,0.6721576149531521,1,4,ctd,logistic_regression,42
Q02196,Q05930,1,0.5191207580847104,1,4,ctd,logistic_regression,42
P36103,P40564,1,0.14373460860176876,0,4,ctd,logistic_regression,42
P05694,P38247,1,0.699536138077512,1,4,ctd,logistic_regression,42
P33329,Q00723,1,0.6640223244320141,1,4,ctd,logistic_regression,42
P17536,P20459,1,0.8134748936571188,1,4,ctd,logistic_regression,42
P53067,P53280,1,0.623259324333927,1,4,ctd,logistic_regression,42
P48412,Q08444,1,0.1524638077776796,0,4,ctd,logistic_regression,42
P32897,Q01454,1,0.5686333546032254,1,4,ctd,logistic_regression,42
P53150,Q08558,1,0.4971071866989487,0,4,ctd,logistic_regression,42
P39998,P47165,1,0.6034950033969606,1,4,ctd,logistic_regression,42
P32591,P40350,1,0.49362814715104214,0,4,ctd,logistic_regression,42
P38931,P42942,1,0.7537254882750808,1,4,ctd,logistic_regression,42
Q12107,Q12518,1,0.704540654267319,1,4,ctd,logistic_regression,42
P10659,P36062,1,0.5618684588608533,1,4,ctd,logistic_regression,42
P47134,Q12518,1,0.6251809656998664,1,4,ctd,logistic_regression,42
P46949,Q12691,1,0.40555021434279825,0,4,ctd,logistic_regression,42
P17065,P19882,1,0.740389372922334,1,4,ctd,logistic_regression,42
P28707,Q02100,1,0.8044338875660906,1,4,ctd,logistic_regression,42
P35497,P40457,1,0.6445639372500177,1,4,ctd,logistic_regression,42
P36013,P38768,1,0.4782540930903373,0,4,ctd,logistic_regression,42
P41807,Q99189,1,0.7279699937248032,1,4,ctd,logistic_regression,42
P34730,P36047,1,0.7444391829838679,1,4,ctd,logistic_regression,42
P38690,Q06078,1,0.6391757377310602,1,4,ctd,logistic_regression,42
P47029,Q12433,1,0.5905555094370672,1,4,ctd,logistic_regression,42
P09064,P43637,1,0.5901179038857226,1,4,ctd,logistic_regression,42
P38827,P53973,1,0.548114411810101,1,4,ctd,logistic_regression,42
P09798,P40465,1,0.5382402497588903,1,4,ctd,logistic_regression,42
Q06102,Q08492,1,0.4330024472779302,0,4,ctd,logistic_regression,42
P53267,Q08873,1,0.5320777650116687,1,4,ctd,logistic_regression,42
P01123,P53855,1,0.6316370882269856,1,4,ctd,logistic_regression,42
P28817,Q06549,1,0.38853235069107855,0,4,ctd,logistic_regression,42
P38630,P54790,1,0.7453323172500524,1,4,ctd,logistic_regression,42
P53112,Q03081,1,0.6175183003972121,1,4,ctd,logistic_regression,42
P49956,Q01722,1,0.5578086475606691,1,4,ctd,logistic_regression,42
P38757,Q05024,1,0.5362438638981873,1,4,ctd,logistic_regression,42
P47104,P53933,1,0.4140340384626678,0,4,ctd,logistic_regression,42
P40087,Q12044,1,0.475487862619935,0,4,ctd,logistic_regression,42
P46672,Q12365,1,0.6070833674811692,1,4,ctd,logistic_regression,42
P38805,Q12411,1,0.5338583818551235,1,4,ctd,logistic_regression,42
P16140,P32854,1,0.5530438408055286,1,4,ctd,logistic_regression,42
P25657,Q99257,1,0.6167938482288677,1,4,ctd,logistic_regression,42
P23255,P35718,1,0.5267204573347848,1,4,ctd,logistic_regression,42
P32800,P42945,1,0.2052371672021005,0,4,ctd,logistic_regression,42
P20967,Q12468,1,0.5359193578357698,1,4,ctd,logistic_regression,42
P19658,P32318,1,0.6757334568773983,1,4,ctd,logistic_regression,42
P32790,Q05785,1,0.5771879601212218,1,4,ctd,logistic_regression,42
P32491,Q04493,1,0.6427331652290053,1,4,ctd,logistic_regression,42
P38070,Q07963,1,0.5227906766055642,1,4,ctd,logistic_regression,42
P53941,Q06408,1,0.5959567195673545,1,4,ctd,logistic_regression,42
P35729,P48524,1,0.609987758363499,1,4,ctd,logistic_regression,42
P39996,P54837,1,0.41675037310395857,0,4,ctd,logistic_regression,42
P09624,Q03784,1,0.8028488762152965,1,4,ctd,logistic_regression,42
Q04978,Q06177,1,0.35578003259735935,0,4,ctd,logistic_regression,42
P07260,P38348,1,0.8061492747176169,1,4,ctd,logistic_regression,42
P00724,Q12276,1,0.4237233480121073,0,4,ctd,logistic_regression,42
P23776,Q12335,1,0.5863237067513131,1,4,ctd,logistic_regression,42
P25333,Q12347,1,0.7712953799875463,1,4,ctd,logistic_regression,42
P39904,P39969,1,0.5589755902084991,1,4,ctd,logistic_regression,42
P38742,Q03018,1,0.559099497366212,1,4,ctd,logistic_regression,42
P38217,P40541,1,0.58494656592199,1,4,ctd,logistic_regression,42
P23968,P39936,1,0.27606895935664527,0,4,ctd,logistic_regression,42
P11154,P43565,1,0.6143406921496177,1,4,ctd,logistic_regression,42
P11709,P36145,1,0.5933971351510122,1,4,ctd,logistic_regression,42
P32783,P47093,1,0.35031669284736744,0,4,ctd,logistic_regression,42
P02557,P04456,1,0.31215225504146976,0,4,ctd,logistic_regression,42
P11746,Q03900,1,0.3259430998162999,0,4,ctd,logistic_regression,42
P40344,Q01590,1,0.31433252268107,0,4,ctd,logistic_regression,42
P25293,P33334,1,0.5959414414903428,1,4,ctd,logistic_regression,42
P26570,P40567,1,0.8258487774726098,1,4,ctd,logistic_regression,42
P15873,P38785,1,0.6584211329530752,1,4,ctd,logistic_regression,42
P38820,P38872,1,0.46983207921104264,0,4,ctd,logistic_regression,42
P25043,Q99210,1,0.5867465732670601,1,4,ctd,logistic_regression,42
P29366,P49166,1,0.8872074848870452,1,4,ctd,logistic_regression,42
P53032,Q07896,1,0.3041413863693961,0,4,ctd,logistic_regression,42
P05453,P25343,1,0.8800598306635686,1,4,ctd,logistic_regression,42
P10081,P43565,1,0.5505195042571164,1,4,ctd,logistic_regression,42
P29295,Q12390,1,0.33319216600247653,0,4,ctd,logistic_regression,42
P40965,P42945,1,0.6468069646969999,1,4,ctd,logistic_regression,42
P36013,Q08746,1,0.5668801615016152,1,4,ctd,logistic_regression,42
P40548,P47012,1,0.4085458011282414,0,4,ctd,logistic_regression,42
P32447,P38822,1,0.6879226841276053,1,4,ctd,logistic_regression,42
P02293,P38822,1,0.5344381410177514,1,4,ctd,logistic_regression,42
P46957,Q08236,1,0.5600058217618589,1,4,ctd,logistic_regression,42
P28791,Q02205,1,0.9461455243997893,1,4,ctd,logistic_regression,42
P06839,P13856,1,0.385107150091684,0,4,ctd,logistic_regression,42
P16862,P43561,1,0.5749629930749465,1,4,ctd,logistic_regression,42
P53036,Q03322,1,0.742816400691243,1,4,ctd,logistic_regression,42
P14306,Q05610,1,0.4969464967132222,0,4,ctd,logistic_regression,42
P20486,Q03981,1,0.7514033649516223,1,4,ctd,logistic_regression,42
P53939,Q07930,1,0.7603919830649393,1,4,ctd,logistic_regression,42
P27705,P53196,1,0.6914440084675034,1,4,ctd,logistic_regression,42
P17442,P38821,1,0.8490102515030957,1,4,ctd,logistic_regression,42
P33750,Q08601,1,0.5562923843573189,1,4,ctd,logistic_regression,42
P43602,Q02795,1,0.38537567175799103,0,4,ctd,logistic_regression,42
P00724,Q03322,1,0.49405223255661046,0,4,ctd,logistic_regression,42
Q05947,Q99299,1,0.3498643902346747,0,4,ctd,logistic_regression,42
P40092,Q06628,1,0.45143089603757053,0,4,ctd,logistic_regression,42
P46682,Q12044,1,0.30261162246990375,0,4,ctd,logistic_regression,42
P53743,Q04439,1,0.6184810403825987,1,4,ctd,logistic_regression,42
P41813,P50094,1,0.47001941220983934,0,4,ctd,logistic_regression,42
P29056,P33122,1,0.685431917627842,1,4,ctd,logistic_regression,42
P25646,P41921,1,0.5402843029588169,1,4,ctd,logistic_regression,42
P38862,Q08438,1,0.5520829930804015,1,4,ctd,logistic_regression,42
P40302,Q03338,1,0.4963633734963655,0,4,ctd,logistic_regression,42
P32800,P40563,1,0.28051882071038553,0,4,ctd,logistic_regression,42
P00330,P11484,1,0.3416386865712344,0,4,ctd,logistic_regression,42
P25367,Q04411,1,0.42989700484464366,0,4,ctd,logistic_regression,42
P27796,P38903,1,0.7183720934474841,1,4,ctd,logistic_regression,42
P53930,Q12220,1,0.3776043454672817,0,4,ctd,logistic_regression,42
P14741,Q12020,1,0.7350193793940487,1,4,ctd,logistic_regression,42
P12612,P53939,1,0.6776984818102209,1,4,ctd,logistic_regression,42
P39994,P47912,1,0.584507857223776,1,4,ctd,logistic_regression,42
Q02554,Q06704,1,0.5917861343732124,1,4,ctd,logistic_regression,42
P47017,Q12186,1,0.3253411361340805,0,4,ctd,logistic_regression,42
P35169,Q08245,1,0.4966280466893547,0,4,ctd,logistic_regression,42
P08458,P43619,1,0.5665384251787281,1,4,ctd,logistic_regression,42
P25808,Q03337,1,0.5599377712451679,1,4,ctd,logistic_regression,42
P32767,Q12154,1,0.47542009935398105,0,4,ctd,logistic_regression,42
P38283,Q00955,1,0.8001883847376057,1,4,ctd,logistic_regression,42
P32464,Q06604,1,0.6221108901810495,1,4,ctd,logistic_regression,42
P39081,Q12175,1,0.5891271128640855,1,4,ctd,logistic_regression,42
P19735,Q06708,1,0.5533856228146038,1,4,ctd,logistic_regression,42
P40167,Q02100,1,0.5987531369730051,1,4,ctd,logistic_regression,42
P11075,P43321,1,0.5259217314245893,1,4,ctd,logistic_regression,42
P53258,Q12118,1,0.5927818856535028,1,4,ctd,logistic_regression,42
P33338,P36018,1,0.511185138660784,1,4,ctd,logistic_regression,42
P16370,P39955,1,0.6644432739335617,1,4,ctd,logistic_regression,42
P24482,Q12151,1,0.6829352108419299,1,4,ctd,logistic_regression,42
P39682,P53130,1,0.28197709767582557,0,4,ctd,logistic_regression,42
P22133,P39935,1,0.5897777327296984,1,4,ctd,logistic_regression,42
P27796,Q12734,1,0.6124597713387852,1,4,ctd,logistic_regression,42
P40422,Q08562,1,0.23342297139394128,0,4,ctd,logistic_regression,42
P14741,Q06819,1,0.5683570494835013,1,4,ctd,logistic_regression,42
P38853,P39729,1,0.6214030286930043,1,4,ctd,logistic_regression,42
P13574,Q05027,1,0.39445775649611925,0,4,ctd,logistic_regression,42
P12754,P54885,1,0.678661938749968,1,4,ctd,logistic_regression,42
P04456,P38615,1,0.4299079236818741,0,4,ctd,logistic_regression,42
P53256,Q03558,1,0.8464545966366012,1,4,ctd,logistic_regression,42
P19658,Q12255,1,0.38067999498905447,0,4,ctd,logistic_regression,42
P38998,Q12347,1,0.6104615235204265,1,4,ctd,logistic_regression,42
P21243,Q06624,1,0.4706637417269691,0,4,ctd,logistic_regression,42
P32573,P33307,1,0.7073822467947944,1,4,ctd,logistic_regression,42
P38237,Q06411,1,0.82135983557823,1,4,ctd,logistic_regression,42
P22141,P25294,1,0.4841334278091321,0,4,ctd,logistic_regression,42
P20435,P32471,1,0.6091851182306235,1,4,ctd,logistic_regression,42
P39927,Q12330,1,0.5388673873868863,1,4,ctd,logistic_regression,42
P14747,Q04195,1,0.5084215418176864,1,4,ctd,logistic_regression,42
P16521,Q12468,1,0.5489793263792011,1,4,ctd,logistic_regression,42
P39962,Q07471,1,0.5027596503340204,1,4,ctd,logistic_regression,42
P34077,Q12518,1,0.5760704554410949,1,4,ctd,logistic_regression,42
P36019,P38805,1,0.6571328027610865,1,4,ctd,logistic_regression,42
P05318,Q07915,1,0.7264714843979938,1,4,ctd,logistic_regression,42
P49960,Q08729,1,0.5564482798740615,1,4,ctd,logistic_regression,42
P15646,Q08492,1,0.6228130771964071,1,4,ctd,logistic_regression,42
Q02939,Q03940,1,0.5393166705325245,1,4,ctd,logistic_regression,42
P22007,P41807,1,0.6177192310778603,1,4,ctd,logistic_regression,42
P32453,P39515,1,0.6171974186469107,1,4,ctd,logistic_regression,42
P20449,P38346,1,0.7741070117727301,1,4,ctd,logistic_regression,42
P00358,P25584,1,0.7106152135230874,1,4,ctd,logistic_regression,42
P38692,Q03774,1,0.6057504045851887,1,4,ctd,logistic_regression,42
P36047,Q06648,1,0.571074644236551,1,4,ctd,logistic_regression,42
P38696,P38956,1,0.5251663596774819,1,4,ctd,logistic_regression,42
Q06640,Q12754,1,0.33607078072055296,0,4,ctd,logistic_regression,42
P07991,P20433,1,0.5676212149759935,1,4,ctd,logistic_regression,42
P38785,P39994,1,0.6912806917745262,1,4,ctd,logistic_regression,42
P06784,Q06543,1,0.4659887666862717,0,4,ctd,logistic_regression,42
P38129,Q04491,1,0.494193275736513,0,4,ctd,logistic_regression,42
Q06340,Q08931,1,0.7430677060363211,1,4,ctd,logistic_regression,42
P36013,P39073,1,0.5879466567824699,1,4,ctd,logistic_regression,42
P04821,P29461,1,0.5058797893104434,1,4,ctd,logistic_regression,42
P12945,P36018,1,0.48602776482047394,0,4,ctd,logistic_regression,42
P47160,P53202,1,0.3080615274043188,0,4,ctd,logistic_regression,42
Q04693,Q08446,1,0.4376546856429411,0,4,ctd,logistic_regression,42
P39531,Q06251,1,0.5903822535520203,1,4,ctd,logistic_regression,42
P39682,Q06648,1,0.35059455791960276,0,4,ctd,logistic_regression,42
P38247,P53904,1,0.6961586364076,1,4,ctd,logistic_regression,42
P09440,Q12250,1,0.6823169073428549,1,4,ctd,logistic_regression,42
P11433,P41816,1,0.6612830460161553,1,4,ctd,logistic_regression,42
P38995,Q05998,1,0.35529976205628466,0,4,ctd,logistic_regression,42
P25569,P53834,1,0.5327903617386164,1,4,ctd,logistic_regression,42
P11154,P24583,1,0.6144881622364258,1,4,ctd,logistic_regression,42
P32450,Q12315,1,0.16175984442475017,0,4,ctd,logistic_regression,42
P11927,Q04511,1,0.3830999279343025,0,4,ctd,logistic_regression,42
P13185,P38823,1,0.781326120941211,1,4,ctd,logistic_regression,42
P32561,P52286,1,0.5413504830754361,1,4,ctd,logistic_regression,42
Q03220,Q03957,1,0.6006014007506282,1,4,ctd,logistic_regression,42
P47054,P48836,1,0.3637481739912317,0,4,ctd,logistic_regression,42
P40095,P48361,1,0.5546478440032958,1,4,ctd,logistic_regression,42
P32913,P53941,1,0.5412421411742401,1,4,ctd,logistic_regression,42
P32527,P32588,1,0.24648831919068356,0,4,ctd,logistic_regression,42
P15790,P33418,1,0.46229747647457026,0,4,ctd,logistic_regression,42
P31412,P40091,1,0.6201175664085754,1,4,ctd,logistic_regression,42
P30822,P48363,1,0.5367414983858143,1,4,ctd,logistic_regression,42
P19882,P35181,1,0.7549036256166669,1,4,ctd,logistic_regression,42
P40016,Q12264,1,0.15623954686523348,0,4,ctd,logistic_regression,42
P32610,Q12276,1,0.6922302001266294,1,4,ctd,logistic_regression,42
P07991,P35169,1,0.6954928555761982,1,4,ctd,logistic_regression,42
P00330,P06843,1,0.5221669241277496,1,4,ctd,logistic_regression,42
P09232,P52286,1,0.6817220490729222,1,4,ctd,logistic_regression,42
P25341,Q12018,1,0.5912457528195796,1,4,ctd,logistic_regression,42
P20967,P32491,1,0.6008873430988146,1,4,ctd,logistic_regression,42
P40096,Q04359,1,0.5675245881960024,1,4,ctd,logistic_regression,42
P38690,Q03010,1,0.6582642480239895,1,4,ctd,logistic_regression,42
P32800,P38077,1,0.10871126044131474,0,4,ctd,logistic_regression,42
P32432,P40079,1,0.624451305964177,1,4,ctd,logistic_regression,42
P32801,P50944,1,0.22374387261278605,0,4,ctd,logistic_regression,42
P18851,P49435,1,0.6197577402209666,1,4,ctd,logistic_regression,42
P25632,P50104,1,0.4746778095341428,0,4,ctd,logistic_regression,42
P40477,P40565,1,0.5843029171321539,1,4,ctd,logistic_regression,42
P50095,P53893,1,0.705735512723976,1,4,ctd,logistic_regression,42
P49166,Q12318,1,0.5956468355408449,1,4,ctd,logistic_regression,42
P32505,Q08229,1,0.6352958038618192,1,4,ctd,logistic_regression,42
P03965,Q05610,1,0.48255936374928343,0,4,ctd,logistic_regression,42
P18962,P38861,1,0.5514780250576676,1,4,ctd,logistic_regression,42
Q04934,Q06819,1,0.7228860720918736,1,4,ctd,logistic_regression,42
P38695,P47132,1,0.12994046132444426,0,4,ctd,logistic_regression,42
P25298,P38631,1,0.2368362835808744,0,4,ctd,logistic_regression,42
P00546,P23287,1,0.5739444054832946,1,4,ctd,logistic_regression,42
P38757,Q12033,1,0.44310742104209877,0,4,ctd,logistic_regression,42
Q07657,Q12045,1,0.3824775926284154,0,4,ctd,logistic_regression,42
P22140,P46965,1,0.06506539436355974,0,4,ctd,logistic_regression,42
P32578,P35734,1,0.6728208526510505,1,4,ctd,logistic_regression,42
P40061,Q05778,1,0.6186561355423797,1,4,ctd,logistic_regression,42
P39936,Q00816,1,0.535890319366465,1,4,ctd,logistic_regression,42
P30665,P43603,1,0.47039186242477177,0,4,ctd,logistic_regression,42
P38883,Q04048,1,0.5209889620459606,1,4,ctd,logistic_regression,42
P32366,Q04373,1,0.5492518916298531,1,4,ctd,logistic_regression,42
P00724,Q04217,1,0.3582828041243469,0,4,ctd,logistic_regression,42
P32481,Q99260,1,0.5813993839160242,1,4,ctd,logistic_regression,42
P06782,P53549,1,0.7588643992628192,1,4,ctd,logistic_regression,42
P17709,P53068,1,0.7337994708988025,1,4,ctd,logistic_regression,42
P13663,P32364,1,0.6869750958497818,1,4,ctd,logistic_regression,42
O13559,P11154,1,0.6003535901850399,1,4,ctd,logistic_regression,42
P32899,Q04562,1,0.3430725343030605,0,4,ctd,logistic_regression,42
P48582,Q08920,1,0.6747785078812915,1,4,ctd,logistic_regression,42
P38774,Q06163,1,0.5032562578231355,1,4,ctd,logistic_regression,42
P46962,Q05670,1,0.7191035154019567,1,4,ctd,logistic_regression,42
P53941,Q08723,1,0.5481129126440824,1,4,ctd,logistic_regression,42
P38339,Q00816,1,0.5584433148362337,1,4,ctd,logistic_regression,42
P53840,P53883,1,0.5722084110887536,1,4,ctd,logistic_regression,42
P51601,Q05471,1,0.7641724537138139,1,4,ctd,logistic_regression,42
P25649,P53847,1,0.7982595053685124,1,4,ctd,logistic_regression,42
P15108,Q12142,1,0.6196009598276017,1,4,ctd,logistic_regression,42
P02400,P04387,1,0.8369944195026348,1,4,ctd,logistic_regression,42
P35198,P40892,1,0.15762537585848319,0,4,ctd,logistic_regression,42
P38337,P40090,1,0.5703715421307395,1,4,ctd,logistic_regression,42
P33329,Q00416,1,0.6661219968162392,1,4,ctd,logistic_regression,42
P27514,P32588,1,0.26057518556844844,0,4,ctd,logistic_regression,42
P25293,P37296,1,0.6642220067846134,1,4,ctd,logistic_regression,42
P53883,Q02825,1,0.49431339855238177,0,4,ctd,logistic_regression,42
P25299,P32354,1,0.7210273435960297,1,4,ctd,logistic_regression,42
P37296,Q99189,1,0.6778271002310126,1,4,ctd,logistic_regression,42
P28274,Q12060,1,0.5138669127943458,1,4,ctd,logistic_regression,42
P39107,Q00578,1,0.47761448595713796,0,4,ctd,logistic_regression,42
O14455,P35056,1,0.19075183185407263,0,4,ctd,logistic_regression,42
P38089,Q12118,1,0.5171353849814591,1,4,ctd,logistic_regression,42
P17536,P38956,1,0.9325501743642857,1,4,ctd,logistic_regression,42
P00359,P40515,1,0.72215354642612,1,4,ctd,logistic_regression,42
P39723,P53168,1,0.645963834224503,1,4,ctd,logistic_regression,42
P36017,P53032,1,0.45384991114716533,0,4,ctd,logistic_regression,42
P32521,P38883,1,0.4938347956523695,0,4,ctd,logistic_regression,42
P06844,P38631,1,0.4237432859121497,0,4,ctd,logistic_regression,42
P32861,P36015,1,0.383842341441736,0,4,ctd,logistic_regression,42
P16467,P54860,1,0.6510953597829071,1,4,ctd,logistic_regression,42
P09798,P39563,1,0.2668483868701255,0,4,ctd,logistic_regression,42
P25294,Q12368,1,0.4203097646995906,0,4,ctd,logistic_regression,42
P19735,P25586,1,0.48685192919893006,0,4,ctd,logistic_regression,42
P20433,P48415,1,0.5270082345959323,1,4,ctd,logistic_regression,42
Q06512,Q12301,1,0.22976482106699178,0,4,ctd,logistic_regression,42
P13712,Q03322,1,0.3999516891964167,0,4,ctd,logistic_regression,42
P47176,P48606,1,0.2846929304837302,0,4,ctd,logistic_regression,42
P40991,P47064,1,0.7582380156697069,1,4,ctd,logistic_regression,42
P24482,Q04053,1,0.6309638590146623,1,4,ctd,logistic_regression,42
P34164,P53924,1,0.5629693139517917,1,4,ctd,logistic_regression,42
P25719,Q00416,1,0.3536425651654157,0,4,ctd,logistic_regression,42
P09798,P38339,1,0.7224029370915798,1,4,ctd,logistic_regression,42
P38257,P53845,1,0.29701532710647305,0,4,ctd,logistic_regression,42
P06100,P25644,1,0.5087774696601859,1,4,ctd,logistic_regression,42
P25294,P53280,1,0.5643966471360307,1,4,ctd,logistic_regression,42
P53068,Q08229,1,0.589614378433194,1,4,ctd,logistic_regression,42
P47176,Q12328,1,0.5983725863440302,1,4,ctd,logistic_regression,42
P33760,P47054,1,0.3643636981226033,0,4,ctd,logistic_regression,42
P19735,P24869,1,0.7174564971141218,1,4,ctd,logistic_regression,42
P32490,Q00582,1,0.4022707962162286,0,4,ctd,logistic_regression,42
P46655,Q08963,1,0.7186052129697871,1,4,ctd,logistic_regression,42
P23624,P47912,1,0.35971869847948484,0,4,ctd,logistic_regression,42
P38313,Q00816,1,0.7398655598539651,1,4,ctd,logistic_regression,42
P34240,P53261,1,0.5182399158678963,1,4,ctd,logistic_regression,42
Q06344,Q12149,1,0.5836588380817167,1,4,ctd,logistic_regression,42
P38429,P41817,1,0.7039949170658946,1,4,ctd,logistic_regression,42
P05986,P38768,1,0.6783790653416495,1,4,ctd,logistic_regression,42
P11745,P30624,1,0.5152185722912164,1,4,ctd,logistic_regression,42
P12612,P89102,1,0.6590002518212877,1,4,ctd,logistic_regression,42
P26754,Q12495,1,0.7236590576267683,1,4,ctd,logistic_regression,42
P43587,Q99385,1,0.38196860837841,0,4,ctd,logistic_regression,42
P09798,P13185,1,0.7195688546603202,1,4,ctd,logistic_regression,42
P28007,Q04048,1,0.5364520482113585,1,4,ctd,logistic_regression,42
P32911,Q04149,1,0.7316964914327319,1,4,ctd,logistic_regression,42
P53840,Q03690,1,0.5939230301198021,1,4,ctd,logistic_regression,42
P18961,P36012,1,0.6811468538691541,1,4,ctd,logistic_regression,42
P11484,Q06704,1,0.5877990975529979,1,4,ctd,logistic_regression,42
P27895,P53978,1,0.611954059085313,1,4,ctd,logistic_regression,42
P23624,Q07508,1,0.7096586116119492,1,4,ctd,logistic_regression,42
P31688,P40567,1,0.47614403461884724,0,4,ctd,logistic_regression,42
P39678,Q03750,1,0.5073278352032475,1,4,ctd,logistic_regression,42
P17119,Q06408,1,0.8114280999167705,1,4,ctd,logistic_regression,42
P32773,Q06142,1,0.5253726491365255,1,4,ctd,logistic_regression,42
P39990,P50944,1,0.22070406786992403,0,4,ctd,logistic_regression,42
P53865,Q07381,1,0.7453721372304296,1,4,ctd,logistic_regression,42
P38873,P42951,1,0.6560851452348122,1,4,ctd,logistic_regression,42
P07991,P25298,1,0.4809095039297837,0,4,ctd,logistic_regression,42
P38871,Q03018,1,0.5115347469998656,1,4,ctd,logistic_regression,42
P36421,P53298,1,0.5043242516598522,1,4,ctd,logistic_regression,42
P33313,Q12460,1,0.437103350232207,0,4,ctd,logistic_regression,42
P38737,P41940,1,0.3783618794896078,0,4,ctd,logistic_regression,42
P38690,Q99385,1,0.5012515534629545,1,4,ctd,logistic_regression,42
P40988,P42073,1,0.5592851749581899,1,4,ctd,logistic_regression,42
P35169,P35194,1,0.5293750464498403,1,4,ctd,logistic_regression,42
P25357,Q08729,1,0.750756470183695,1,4,ctd,logistic_regression,42
P40014,P53877,1,0.7609631342777928,1,4,ctd,logistic_regression,42
P38217,Q08119,1,0.5562319154950388,1,4,ctd,logistic_regression,42
P10961,P32597,1,0.646269927960447,1,4,ctd,logistic_regression,42
P07260,Q07732,1,0.7736613401282837,1,4,ctd,logistic_regression,42
P38631,Q12100,1,0.5424114127655051,1,4,ctd,logistic_regression,42
P07273,Q12149,1,0.562738475866494,1,4,ctd,logistic_regression,42
P40087,P53238,1,0.6088452401813549,1,4,ctd,logistic_regression,42
P32849,P47134,1,0.6640272229329724,1,4,ctd,logistic_regression,42
P32490,P34077,1,0.5532304681281384,1,4,ctd,logistic_regression,42
P18898,P23624,1,0.5404994553563386,1,4,ctd,logistic_regression,42
P18759,P40480,1,0.6336609945983722,1,4,ctd,logistic_regression,42
P40003,Q03308,1,0.6999721031737229,1,4,ctd,logistic_regression,42
Q00684,Q12330,1,0.4596345742403651,0,4,ctd,logistic_regression,42
P29469,P46948,1,0.7183949872554506,1,4,ctd,logistic_regression,42
P40554,P53036,1,0.7513269605223185,1,4,ctd,logistic_regression,42
P53600,Q05024,1,0.7117491627265642,1,4,ctd,logistic_regression,42
P36139,Q02866,1,0.3431276027597481,0,4,ctd,logistic_regression,42
P32793,Q12424,1,0.1979104610329552,0,4,ctd,logistic_regression,42
P39990,P48363,1,0.36409812075908027,0,4,ctd,logistic_regression,42
P41940,P53549,1,0.48100637668884083,0,4,ctd,logistic_regression,42
P38153,Q12754,1,0.5982771256974021,1,4,ctd,logistic_regression,42
P50108,P53280,1,0.6672070086119032,1,4,ctd,logistic_regression,42
P43616,P53886,1,0.4096146516418826,0,4,ctd,logistic_regression,42
P53248,Q04305,1,0.6068742028153064,1,4,ctd,logistic_regression,42
P00560,P17709,1,0.8085643100975107,1,4,ctd,logistic_regression,42
P38301,P38774,1,0.6448171459862759,1,4,ctd,logistic_regression,42
P21801,P53830,1,0.21707665503099735,0,4,ctd,logistic_regression,42
P25591,Q06704,1,0.6878032468582246,1,4,ctd,logistic_regression,42
P38348,Q04660,1,0.6628761985023848,1,4,ctd,logistic_regression,42
P00830,Q12038,1,0.44916432324026423,0,4,ctd,logistic_regression,42
P29509,P36080,1,0.44628758232863014,0,4,ctd,logistic_regression,42
P54199,Q12363,1,0.547972276755589,1,4,ctd,logistic_regression,42
P38879,P53261,1,0.4034074223384397,0,4,ctd,logistic_regression,42
P22515,Q08438,1,0.4765658652022422,0,4,ctd,logistic_regression,42
P07251,P17119,1,0.7054864033441075,1,4,ctd,logistic_regression,42
P25657,Q04005,1,0.5860173115324375,1,4,ctd,logistic_regression,42
P33201,P36013,1,0.5407397068115066,1,4,ctd,logistic_regression,42
P33399,P53068,1,0.512139126992214,1,4,ctd,logistic_regression,42
P53738,Q12045,1,0.8880010639617997,1,4,ctd,logistic_regression,42
O14455,P36048,1,0.2926650326050268,0,4,ctd,logistic_regression,42
P09734,P32074,1,0.7289095809997086,1,4,ctd,logistic_regression,42
P36125,P43581,1,0.05093586491293945,0,4,ctd,logistic_regression,42
P10363,P23287,1,0.6302677783386951,1,4,ctd,logistic_regression,42
P25342,P47113,1,0.4931191012463579,0,4,ctd,logistic_regression,42
P36520,Q03177,1,0.6853294351358565,1,4,ctd,logistic_regression,42
P40339,Q12505,1,0.5484422235353941,1,4,ctd,logistic_regression,42
P32528,P36005,1,0.6676329190812327,1,4,ctd,logistic_regression,42
P00830,P29366,1,0.44648688174733836,0,4,ctd,logistic_regression,42
P25045,P33296,1,0.30652862746002596,0,4,ctd,logistic_regression,42
P53131,Q03280,1,0.4608026178768847,0,4,ctd,logistic_regression,42
P38781,Q06168,1,0.30018831451926203,0,4,ctd,logistic_regression,42
P23624,Q02866,1,0.42532594695645903,0,4,ctd,logistic_regression,42
P00830,P35198,1,0.3428560080631448,0,4,ctd,logistic_regression,42
P46680,Q03758,1,0.5086007571374365,1,4,ctd,logistic_regression,42
P21801,P40217,1,0.35651072060043665,0,4,ctd,logistic_regression,42
P22204,P53281,1,0.6224098231300327,1,4,ctd,logistic_regression,42
P32525,Q07896,1,0.3222685310216939,0,4,ctd,logistic_regression,42
P38840,P47012,1,0.4154241702491736,0,4,ctd,logistic_regression,42
P24870,P38774,1,0.7300530173096711,1,4,ctd,logistic_regression,42
P36048,P53048,1,0.3036349404301382,0,4,ctd,logistic_regression,42
P39730,P53036,1,0.7561654869363545,1,4,ctd,logistic_regression,42
P50095,P51534,1,0.6195604166686703,1,4,ctd,logistic_regression,42
P02829,Q06103,1,0.46128571562439197,0,4,ctd,logistic_regression,42
P27796,Q01649,1,0.6990631225464247,1,4,ctd,logistic_regression,42
P40495,Q02804,1,0.4278357491796318,0,4,ctd,logistic_regression,42
P28707,P32917,1,0.7434990241113987,1,4,ctd,logistic_regression,42
P19524,P40335,1,0.32461063238132426,0,4,ctd,logistic_regression,42
P14359,P53731,1,0.5035201197028027,1,4,ctd,logistic_regression,42
P22517,Q12477,1,0.5173398480158449,1,4,ctd,logistic_regression,42
P35817,P38867,1,0.4549650356805753,0,4,ctd,logistic_regression,42
P40395,P53847,1,0.4165608841352094,0,4,ctd,logistic_regression,42
P40055,P53145,1,0.7450950926557596,1,4,ctd,logistic_regression,42
P00958,P32905,1,0.6867568130820797,1,4,ctd,logistic_regression,42
P07273,Q12327,1,0.29290435247306834,0,4,ctd,logistic_regression,42
P27895,P32873,1,0.6394491016006902,1,4,ctd,logistic_regression,42
P06243,Q06108,1,0.6023232463394683,1,4,ctd,logistic_regression,42
P32571,P43616,1,0.4304682370608197,0,4,ctd,logistic_regression,42
P39081,P39517,1,0.7161241412880414,1,4,ctd,logistic_regression,42
P14126,P42935,1,0.7353311929382967,1,4,ctd,logistic_regression,42
P32328,P40089,1,0.5843233182801715,1,4,ctd,logistic_regression,42
P39717,Q03071,1,0.6206030963259687,1,4,ctd,logistic_regression,42
P12688,P35203,1,0.649002693699072,1,4,ctd,logistic_regression,42
P10823,P43613,1,0.5955056808635375,1,4,ctd,logistic_regression,42
P43619,P43638,1,0.8030063356369908,1,4,ctd,logistic_regression,42
P02400,P38837,1,0.8351057312059307,1,4,ctd,logistic_regression,42
P38903,P42843,1,0.6185989016906397,1,4,ctd,logistic_regression,42
P04786,P39954,1,0.5421502436367064,1,4,ctd,logistic_regression,42
P20437,P36012,1,0.6814801960629302,1,4,ctd,logistic_regression,42
P30624,P53971,1,0.35586273718746175,0,4,ctd,logistic_regression,42
P32802,P36003,1,0.19315092358490862,0,4,ctd,logistic_regression,42
P36049,P40468,1,0.6076464162016113,1,4,ctd,logistic_regression,42
P08566,P34164,1,0.5730495493163822,1,4,ctd,logistic_regression,42
P38070,P42846,1,0.3137630084079165,0,4,ctd,logistic_regression,42
P25605,P50086,1,0.8123941531300649,1,4,ctd,logistic_regression,42
P06844,Q05775,1,0.6936525246396776,1,4,ctd,logistic_regression,42
P43603,Q04067,1,0.5955848446626212,1,4,ctd,logistic_regression,42
P20459,P53894,1,0.7552127639523375,1,4,ctd,logistic_regression,42
P04147,P47122,1,0.5340876977799859,1,4,ctd,logistic_regression,42
Q06137,Q12255,1,0.5270799049484536,1,4,ctd,logistic_regression,42
P25655,Q03981,1,0.7309068852444366,1,4,ctd,logistic_regression,42
P39925,P40856,1,0.4827200331171497,0,4,ctd,logistic_regression,42
P30656,P40518,1,0.6378393678804984,1,4,ctd,logistic_regression,42
P07272,Q04673,1,0.27515876043473514,0,4,ctd,logistic_regression,42
P25454,P38861,1,0.34604640070199727,0,4,ctd,logistic_regression,42
P38165,Q06679,1,0.6386200432659169,1,4,ctd,logistic_regression,42
Q00816,Q06411,1,0.7083416457313524,1,4,ctd,logistic_regression,42
P18759,Q12084,1,0.6041507214119867,1,4,ctd,logistic_regression,42
P33895,P39073,1,0.5424359611489759,1,4,ctd,logistic_regression,42
P00830,P32263,1,0.5103944759735346,1,4,ctd,logistic_regression,42
P21192,Q06451,1,0.39519746824088037,0,4,ctd,logistic_regression,42
P22515,P32566,1,0.43557700990600073,0,4,ctd,logistic_regression,42
P09119,P50090,1,0.26860176597197327,0,4,ctd,logistic_regression,42
P35728,Q99383,1,0.409642902130794,0,4,ctd,logistic_regression,42
P38182,Q08550,1,0.3242841128892088,0,4,ctd,logistic_regression,42
P32570,P43132,1,0.4291110176968697,0,4,ctd,logistic_regression,42
P38113,P40186,1,0.7238047856863564,1,4,ctd,logistic_regression,42
P04147,P53124,1,0.5876353313369487,1,4,ctd,logistic_regression,42
P24279,Q04439,1,0.6293968387247149,1,4,ctd,logistic_regression,42
Q08162,Q12363,1,0.5150533386560388,1,4,ctd,logistic_regression,42
P20081,Q08921,1,0.5455503649138885,1,4,ctd,logistic_regression,42
P33760,Q06263,1,0.3540541707294821,0,4,ctd,logistic_regression,42
Q07468,Q07834,1,0.40842910269792443,0,4,ctd,logistic_regression,42
P53322,P53742,1,0.1918897719437738,0,4,ctd,logistic_regression,42
P22147,P43569,1,0.7461480879184031,1,4,ctd,logistic_regression,42
P39743,Q12513,1,0.7470556673911514,1,4,ctd,logistic_regression,42
P12385,P46655,1,0.6386034638389887,1,4,ctd,logistic_regression,42
P40095,P53150,1,0.5240518678693941,1,4,ctd,logistic_regression,42
P40494,Q12440,1,0.5665334312433098,1,4,ctd,logistic_regression,42
P50108,P53100,1,0.7776921107308946,1,4,ctd,logistic_regression,42
P28006,Q12310,1,0.517929993045209,1,4,ctd,logistic_regression,42
P38319,Q12060,1,0.3707812676616488,0,4,ctd,logistic_regression,42
P25336,Q06340,1,0.5726790154495612,1,4,ctd,logistic_regression,42
P00331,P36047,1,0.5666473442936215,1,4,ctd,logistic_regression,42
P36068,P40339,1,0.8003411487772353,1,4,ctd,logistic_regression,42
P40555,Q04921,1,0.6282911521956404,1,4,ctd,logistic_regression,42
O13554,P48582,1,0.5904556704943129,1,4,ctd,logistic_regression,42
P32380,P32591,1,0.7746888441797762,1,4,ctd,logistic_regression,42
Q04305,Q05900,1,0.46248930025654733,0,4,ctd,logistic_regression,42
P34223,P35727,1,0.5723285708171274,1,4,ctd,logistic_regression,42
P12753,P40010,1,0.6624728192406095,1,4,ctd,logistic_regression,42
P23301,Q07471,1,0.3717779381027659,0,4,ctd,logistic_regression,42
P36017,Q05471,1,0.7342053892705032,1,4,ctd,logistic_regression,42
P32502,P47019,1,0.5194523802120714,1,4,ctd,logistic_regression,42
P38273,Q07896,1,0.3986288825681894,0,4,ctd,logistic_regression,42
P38792,P47912,1,0.6124580895431043,1,4,ctd,logistic_regression,42
P38820,Q12330,1,0.3815651691504854,0,4,ctd,logistic_regression,42
P04147,P32776,1,0.696523241831892,1,4,ctd,logistic_regression,42
P24813,P53159,1,0.6770700616299014,1,4,ctd,logistic_regression,42
P38352,P53754,1,0.43163291810672105,0,4,ctd,logistic_regression,42
P09959,P39925,1,0.527497169895946,1,4,ctd,logistic_regression,42
Q02773,Q12255,1,0.3719891545544958,0,4,ctd,logistic_regression,42
P34162,P38082,1,0.46529510829375637,0,4,ctd,logistic_regression,42
P38615,Q06708,1,0.5665253576290973,1,4,ctd,logistic_regression,42
P10592,P25491,1,0.7400055394034758,1,4,ctd,logistic_regression,42
P08431,P12962,1,0.8942468364041163,1,4,ctd,logistic_regression,42
P35197,P52593,1,0.6588342253616042,1,4,ctd,logistic_regression,42
P40515,Q12163,1,0.43405034711239476,0,4,ctd,logistic_regression,42
P53847,P89886,1,0.7954662388340052,1,4,ctd,logistic_regression,42
P38822,P43321,1,0.49528685654751353,0,4,ctd,logistic_regression,42
P36068,Q12477,1,0.5493444780957721,1,4,ctd,logistic_regression,42
P33338,P47104,1,0.44661562718246206,0,4,ctd,logistic_regression,42
P43321,P43574,1,0.5800089356586553,1,4,ctd,logistic_regression,42
P38766,P43563,1,0.33322507447370636,0,4,ctd,logistic_regression,42
P10592,Q05024,1,0.6245954417403303,1,4,ctd,logistic_regression,42
P25385,Q04562,1,0.1884114103759578,0,4,ctd,logistic_regression,42
P22517,Q12347,1,0.5750295462827618,1,4,ctd,logistic_regression,42
P35172,P40013,1,0.5763374661153556,1,4,ctd,logistic_regression,42
P49687,Q06436,1,0.5927556867568415,1,4,ctd,logistic_regression,42
P10964,P53212,1,0.49787763170858657,0,4,ctd,logistic_regression,42
P32074,P38990,1,0.7511271126289946,1,4,ctd,logistic_regression,42
P25454,P25644,1,0.4035617576605624,0,4,ctd,logistic_regression,42
P23639,Q12041,1,0.6161871596752606,1,4,ctd,logistic_regression,42
Q06568,Q6Q547,1,0.009236281783665605,0,4,ctd,logistic_regression,42
P32447,Q05946,1,0.423207941342317,0,4,ctd,logistic_regression,42
P52286,Q04067,1,0.6826692344984009,1,4,ctd,logistic_regression,42
P41920,P48240,1,0.5693535207413176,1,4,ctd,logistic_regression,42
P40527,P40890,1,0.426582247378949,0,4,ctd,logistic_regression,42
P38692,P40856,1,0.5302637031585377,1,4,ctd,logistic_regression,42
P16861,Q06673,1,0.583382947504708,1,4,ctd,logistic_regression,42
P38855,P41697,1,0.6075007462734637,1,4,ctd,logistic_regression,42
P07560,Q06648,1,0.6145016853316654,1,4,ctd,logistic_regression,42
O13539,P18759,1,0.7259342842708597,1,4,ctd,logistic_regression,42
P47041,Q03322,1,0.5589088376018869,1,4,ctd,logistic_regression,42
P12385,Q12285,1,0.6395029017964512,1,4,ctd,logistic_regression,42
P32657,Q12030,1,0.6097606869319206,1,4,ctd,logistic_regression,42
Q12100,Q12236,1,0.7980570797601321,1,4,ctd,logistic_regression,42
P36123,Q02767,1,0.6102658948105407,1,4,ctd,logistic_regression,42
Q04894,Q08965,1,0.5387527739931127,1,4,ctd,logistic_regression,42
P29509,P43603,1,0.489856915024058,0,4,ctd,logistic_regression,42
Q01684,Q08278,1,0.18108189306260197,0,4,ctd,logistic_regression,42
P32480,P53930,1,0.21737597954400167,0,4,ctd,logistic_regression,42
P14126,P53256,1,0.7585355807954256,1,4,ctd,logistic_regression,42
P38217,P53159,1,0.7014469109712468,1,4,ctd,logistic_regression,42
P13586,P38749,1,0.36957151489196194,0,4,ctd,logistic_regression,42
P32590,P36018,1,0.7353380687681104,1,4,ctd,logistic_regression,42
P38996,P52910,1,0.5552373148356327,1,4,ctd,logistic_regression,42
P39904,P89886,1,0.760135379626801,1,4,ctd,logistic_regression,42
P39742,Q03899,1,0.6408533751780838,1,4,ctd,logistic_regression,42
P33311,P39079,1,0.42683239230238995,0,4,ctd,logistic_regression,42
P25719,P46655,1,0.454262708174308,0,4,ctd,logistic_regression,42
P10659,P40494,1,0.4770134941835554,0,4,ctd,logistic_regression,42
P11709,P53159,1,0.6862097303650804,1,4,ctd,logistic_regression,42
P06634,P53600,1,0.8404500203550059,1,4,ctd,logistic_regression,42
P36012,Q06436,1,0.5357436883615943,1,4,ctd,logistic_regression,42
Q03497,Q12186,1,0.692992306209112,1,4,ctd,logistic_regression,42
P25343,P25584,1,0.7032773064029867,1,4,ctd,logistic_regression,42
P19736,P38265,1,0.4635069209159646,0,4,ctd,logistic_regression,42
P32944,P40020,1,0.5451818412894686,1,4,ctd,logistic_regression,42
P23293,P23642,1,0.6494479044888797,1,4,ctd,logistic_regression,42
P50108,Q04377,1,0.6601956145649546,1,4,ctd,logistic_regression,42
P15442,P46963,1,0.5652530285970643,1,4,ctd,logistic_regression,42
P38793,P40078,1,0.7607041140849171,1,4,ctd,logistic_regression,42
P25555,P32450,1,0.2676270963481637,0,4,ctd,logistic_regression,42
P36107,Q04439,1,0.198540087888356,0,4,ctd,logistic_regression,42
P35169,P46962,1,0.7113845369666641,1,4,ctd,logistic_regression,42
P18410,P53152,1,0.5052300778013006,1,4,ctd,logistic_regression,42
P00812,Q12449,1,0.7099620891651571,1,4,ctd,logistic_regression,42
P07149,P14737,1,0.435836929782535,0,4,ctd,logistic_regression,42
P23644,P45819,1,0.5289839703411376,1,4,ctd,logistic_regression,42
P17898,P40434,1,0.11451644502822558,0,4,ctd,logistic_regression,42
P00359,P41814,1,0.6060507622851534,1,4,ctd,logistic_regression,42
P23724,Q12265,1,0.49509230331927934,0,4,ctd,logistic_regression,42
P38273,Q06628,1,0.4294023332145136,0,4,ctd,logistic_regression,42
P24870,P32905,1,0.7176819236446582,1,4,ctd,logistic_regression,42
P49686,Q12154,1,0.4037506528569658,0,4,ctd,logistic_regression,42
P32490,P53949,1,0.6997891380278591,1,4,ctd,logistic_regression,42
P38990,Q02199,1,0.6166720301467729,1,4,ctd,logistic_regression,42
P31382,P34253,1,0.6613524122408415,1,4,ctd,logistic_regression,42
P18962,P32801,1,0.6618329667773571,1,4,ctd,logistic_regression,42
P26263,Q03162,1,0.6596240455131606,1,4,ctd,logistic_regression,42
P06100,P28791,1,0.6623496681011325,1,4,ctd,logistic_regression,42
P36162,Q08444,1,0.49781646549355096,0,4,ctd,logistic_regression,42
P32854,Q05900,1,0.4572976173096502,0,4,ctd,logistic_regression,42
P54999,Q04005,1,0.13877289578023816,0,4,ctd,logistic_regression,42
P38631,Q08931,1,0.5519110298314975,1,4,ctd,logistic_regression,42
P40413,Q02197,1,0.4893699517315795,0,4,ctd,logistic_regression,42
Q04048,Q08444,1,0.43281448429428304,0,4,ctd,logistic_regression,42
P20052,P25582,1,0.6552800291028463,1,4,ctd,logistic_regression,42
P53091,Q06217,1,0.751144907651594,1,4,ctd,logistic_regression,42
P12684,Q04697,1,0.5713600694435738,1,4,ctd,logistic_regression,42
P36024,P47129,1,0.593180207518486,1,4,ctd,logistic_regression,42
P06103,P40164,1,0.48866218278754325,0,4,ctd,logistic_regression,42
P46963,Q99257,1,0.624829250082459,1,4,ctd,logistic_regression,42
P06169,Q05568,1,0.512389396415635,1,4,ctd,logistic_regression,42
P38631,Q00955,1,0.553722663047766,1,4,ctd,logistic_regression,42
P18410,P32345,1,0.6109568863268297,1,4,ctd,logistic_regression,42
P38970,P53322,1,0.16687575571270086,0,4,ctd,logistic_regression,42
P18962,P38922,1,0.7439373162914338,1,4,ctd,logistic_regression,42
P40892,Q04067,1,0.5518969300122216,1,4,ctd,logistic_regression,42
P53974,Q12078,1,0.29563938291062597,0,4,ctd,logistic_regression,42
P46673,Q04894,1,0.46508444973751856,0,4,ctd,logistic_regression,42
P25646,P40471,1,0.4926650727731478,0,4,ctd,logistic_regression,42
P25441,P32558,1,0.5237629073911193,1,4,ctd,logistic_regression,42
Q03792,Q04675,1,0.5361880669768001,1,4,ctd,logistic_regression,42
P36085,P39940,1,0.5577659001737815,1,4,ctd,logistic_regression,42
P00044,P21374,1,0.6257378194487687,1,4,ctd,logistic_regression,42
P36000,P38132,1,0.6360711193421618,1,4,ctd,logistic_regression,42
P17536,P32911,1,0.7503900579393141,1,4,ctd,logistic_regression,42
P25294,Q12142,1,0.5628791856437814,1,4,ctd,logistic_regression,42
P12945,P35178,1,0.4298506934536819,0,4,ctd,logistic_regression,42
P39682,P40092,1,0.6157629934282517,1,4,ctd,logistic_regression,42
P07347,P24870,1,0.6827656931867425,1,4,ctd,logistic_regression,42
P32356,Q12277,1,0.7372789213285799,1,4,ctd,logistic_regression,42
P39523,Q06324,1,0.6176912085855211,1,4,ctd,logistic_regression,42
P53129,Q02199,1,0.44748515448194487,0,4,ctd,logistic_regression,42
P10869,P22202,1,0.6957363066585667,1,4,ctd,logistic_regression,42
P13434,P25453,1,0.4959841720214971,0,4,ctd,logistic_regression,42
P41940,Q06506,1,0.38219084346096377,0,4,ctd,logistic_regression,42
P20052,P37302,1,0.7471932957269589,1,4,ctd,logistic_regression,42
P32835,P39944,1,0.42487992285624987,0,4,ctd,logistic_regression,42
P23287,P36130,1,0.7005672498364933,1,4,ctd,logistic_regression,42
P80667,Q08229,1,0.3984556811781484,0,4,ctd,logistic_regression,42
P25344,Q12420,1,0.7925492553901778,1,4,ctd,logistic_regression,42
P35688,Q06604,1,0.5303845281389933,1,4,ctd,logistic_regression,42
Q01939,Q03048,1,0.4062619785958002,0,4,ctd,logistic_regression,42
Q03322,Q99210,1,0.5757234980737688,1,4,ctd,logistic_regression,42
P53159,Q01590,1,0.7421297088688208,1,4,ctd,logistic_regression,42
P15992,P53743,1,0.8330393155909692,1,4,ctd,logistic_regression,42
P35207,P52919,1,0.6007481862912546,1,4,ctd,logistic_regression,42
P40344,P40453,1,0.4162680080115388,0,4,ctd,logistic_regression,42
P36008,P38753,1,0.6743980298221088,1,4,ctd,logistic_regression,42
P25719,P33891,1,0.3747822838889313,0,4,ctd,logistic_regression,42
P23594,Q04121,1,0.3445441684836209,0,4,ctd,logistic_regression,42
P13574,P40090,1,0.578160704887665,1,4,ctd,logistic_regression,42
P53883,Q02892,1,0.6268602540368747,1,4,ctd,logistic_regression,42
P32578,Q03220,1,0.741357783200347,1,4,ctd,logistic_regression,42
P25454,P53100,1,0.6815867259705909,1,4,ctd,logistic_regression,42
P06100,Q12420,1,0.43634872076780207,0,4,ctd,logistic_regression,42
Q02795,Q12174,1,0.5815673899146637,1,4,ctd,logistic_regression,42
P32074,P53136,1,0.7149607079665742,1,4,ctd,logistic_regression,42
P17123,P25635,1,0.6493091584064333,1,4,ctd,logistic_regression,42
P06839,P52286,1,0.41974535263305496,0,4,ctd,logistic_regression,42
P53271,Q04368,1,0.7531802313735557,1,4,ctd,logistic_regression,42
P40078,P50278,1,0.7923886584155624,1,4,ctd,logistic_regression,42
P19262,Q03774,1,0.3899123561485295,0,4,ctd,logistic_regression,42
Q05670,Q12018,1,0.5369818376242681,1,4,ctd,logistic_regression,42
P38339,P48837,1,0.4789563400601629,0,4,ctd,logistic_regression,42
P48524,Q00416,1,0.6634178253855958,1,4,ctd,logistic_regression,42
P36017,P40069,1,0.7730739586619617,1,4,ctd,logistic_regression,42
P05986,Q06177,1,0.45284152174852677,0,4,ctd,logistic_regression,42
P23394,P43568,1,0.5323269034679088,1,4,ctd,logistic_regression,42
P36130,Q06340,1,0.7469060514571964,1,4,ctd,logistic_regression,42
P39523,P42843,1,0.48123935600606416,0,4,ctd,logistic_regression,42
P34253,P40095,1,0.4590385102651503,0,4,ctd,logistic_regression,42
P40991,Q05881,1,0.5644161218984007,1,4,ctd,logistic_regression,42
P27999,P42942,1,0.4990074895464476,0,4,ctd,logistic_regression,42
P32490,P40327,1,0.6234745434786229,1,4,ctd,logistic_regression,42
P36029,P39742,1,0.48591522432137935,0,4,ctd,logistic_regression,42
P38792,Q00916,1,0.6677097179878609,1,4,ctd,logistic_regression,42
P32914,P50874,1,0.6505019653939006,1,4,ctd,logistic_regression,42
P32629,Q04964,1,0.444970657571446,0,4,ctd,logistic_regression,42
O13539,P39994,1,0.6771258961150173,1,4,ctd,logistic_regression,42
P09734,P21192,1,0.7037511331162489,1,4,ctd,logistic_regression,42
P16521,Q12199,1,0.7840583869210469,1,4,ctd,logistic_regression,42
P06844,P28795,1,0.5817037854295525,1,4,ctd,logistic_regression,42
P40507,Q05881,1,0.46028135809942994,0,4,ctd,logistic_regression,42
P23642,Q06651,1,0.37394225642638773,0,4,ctd,logistic_regression,42
P29496,P50275,1,0.61646374050647,1,4,ctd,logistic_regression,42
P06242,P53600,1,0.6762189136314134,1,4,ctd,logistic_regression,42
P36130,Q04660,1,0.7077519015977445,1,4,ctd,logistic_regression,42
Q04934,Q07084,1,0.5326266461751635,1,4,ctd,logistic_regression,42
P33401,P38705,1,0.4939601488758568,0,4,ctd,logistic_regression,42
P30656,Q08951,1,0.5111635820552477,1,4,ctd,logistic_regression,42
P22202,Q04031,1,0.5057332905373928,1,4,ctd,logistic_regression,42
P23337,P38084,1,0.3133237350910959,0,4,ctd,logistic_regression,42
P38873,P41810,1,0.5737769416194017,1,4,ctd,logistic_regression,42
P32591,P41814,1,0.5968834985638347,1,4,ctd,logistic_regression,42
P47029,Q02793,1,0.5562679454049572,1,4,ctd,logistic_regression,42
P53968,Q08873,1,0.5372975053272917,1,4,ctd,logistic_regression,42
P25558,P40574,1,0.6092395030034373,1,4,ctd,logistic_regression,42
P43574,Q01560,1,0.39995284612396437,0,4,ctd,logistic_regression,42
Q03010,Q08285,1,0.6321892669781618,1,4,ctd,logistic_regression,42
P32800,P53953,1,0.255222350915914,0,4,ctd,logistic_regression,42
P20437,P39960,1,0.6200083837405821,1,4,ctd,logistic_regression,42
Q05958,Q08911,1,0.5159601612699289,1,4,ctd,logistic_regression,42
P38276,Q01590,1,0.5552530751494636,1,4,ctd,logistic_regression,42
P25719,Q12248,1,0.15190386458239286,0,4,ctd,logistic_regression,42
P37302,P41911,1,0.7832415448375104,1,4,ctd,logistic_regression,42
P43535,Q12264,1,0.2100753038384276,0,4,ctd,logistic_regression,42
P24482,Q06324,1,0.41926189258056823,0,4,ctd,logistic_regression,42
P00830,P17629,1,0.44696209524871505,0,4,ctd,logistic_regression,42
P53064,Q03071,1,0.6824590839669624,1,4,ctd,logistic_regression,42
P49166,Q06651,1,0.5557927436671083,1,4,ctd,logistic_regression,42
O13530,Q03860,1,0.09841671471881679,0,4,ctd,logistic_regression,42
P43568,P47150,1,0.2827133062589914,0,4,ctd,logistic_regression,42
P38063,P53738,1,0.3723193718598569,0,4,ctd,logistic_regression,42
P18759,Q04601,1,0.6067348268250914,1,4,ctd,logistic_regression,42
P06242,P25343,1,0.7151775375162892,1,4,ctd,logistic_regression,42
P16892,P40091,1,0.8266394106142119,1,4,ctd,logistic_regression,42
P35194,P42845,1,0.35849127286688776,0,4,ctd,logistic_regression,42
P33333,Q03619,1,0.2056214750104988,0,4,ctd,logistic_regression,42
P28791,P43587,1,0.3035104473160899,0,4,ctd,logistic_regression,42
Q01939,Q12098,1,0.6252154187420602,1,4,ctd,logistic_regression,42
P47019,P50108,1,0.34813808865917095,0,4,ctd,logistic_regression,42
P32783,Q12363,1,0.5816800370229958,1,4,ctd,logistic_regression,42
P10862,P12962,1,0.6130223984833888,1,4,ctd,logistic_regression,42
P38705,Q01389,1,0.5615581929435133,1,4,ctd,logistic_regression,42
P32867,P38622,1,0.5044802090515468,1,4,ctd,logistic_regression,42
P06775,P40970,1,0.30251343377213197,0,4,ctd,logistic_regression,42
P16892,P48606,1,0.49988851475258467,0,4,ctd,logistic_regression,42
P36165,P38764,1,0.6094300885640553,1,4,ctd,logistic_regression,42
P15873,Q12020,1,0.7006310216042648,1,4,ctd,logistic_regression,42
Q04199,Q12285,1,0.6279237850363054,1,4,ctd,logistic_regression,42
P36224,Q12447,1,0.3526333992637925,0,4,ctd,logistic_regression,42
P35184,Q12411,1,0.5901224489798597,1,4,ctd,logistic_regression,42
P06782,P31244,1,0.6341906154439989,1,4,ctd,logistic_regression,42
P07274,P38959,1,0.4466317273026286,0,4,ctd,logistic_regression,42
P36162,P38801,1,0.5752573236014352,1,4,ctd,logistic_regression,42
P40555,Q08726,1,0.658855592768343,1,4,ctd,logistic_regression,42
P33204,Q04601,1,0.36457736703002547,0,4,ctd,logistic_regression,42
Q08438,Q99383,1,0.3182191310639249,0,4,ctd,logistic_regression,42
P07264,P38861,1,0.574122380385506,1,4,ctd,logistic_regression,42
P25584,Q03619,1,0.49298721552110536,0,4,ctd,logistic_regression,42
P19882,P38764,1,0.780230638580751,1,4,ctd,logistic_regression,42
P30619,P47912,1,0.5156361566867707,1,4,ctd,logistic_regression,42
P38555,P38631,1,0.37293462764688695,0,4,ctd,logistic_regression,42
P40186,Q12380,1,0.48789897249747205,0,4,ctd,logistic_regression,42
P32800,P36047,1,0.4586167661098931,0,4,ctd,logistic_regression,42
P37303,P42846,1,0.410841222460061,0,4,ctd,logistic_regression,42
P53043,Q06412,1,0.6387797937513243,1,4,ctd,logistic_regression,42
P29366,P32849,1,0.4851126583394055,0,4,ctd,logistic_regression,42
P00729,P40507,1,0.3364493536292023,0,4,ctd,logistic_regression,42
P40456,P53259,1,0.2696487099902907,0,4,ctd,logistic_regression,42
P28007,Q12517,1,0.39040322240328634,0,4,ctd,logistic_regression,42
P02294,P08456,1,0.3039889155235988,0,4,ctd,logistic_regression,42
P18962,Q99176,1,0.39523352289408487,0,4,ctd,logistic_regression,42
P53043,Q03973,1,0.6811565389928383,1,4,ctd,logistic_regression,42
Q00723,Q05610,1,0.625557569944798,1,4,ctd,logistic_regression,42
P15303,Q12009,1,0.572870963132371,1,4,ctd,logistic_regression,42
P32895,P53278,1,0.45410324790016243,0,4,ctd,logistic_regression,42
P32324,P40328,1,0.5062336037861078,1,4,ctd,logistic_regression,42
P38590,Q07930,1,0.7040132983107872,1,4,ctd,logistic_regression,42
P33411,P43583,1,0.4476910519067054,0,4,ctd,logistic_regression,42
P08524,P32325,1,0.49231239062999227,0,4,ctd,logistic_regression,42
P38759,P53238,1,0.5885685553075882,1,4,ctd,logistic_regression,42
P32581,P54786,1,0.47473210206544963,0,4,ctd,logistic_regression,42
P40512,Q12199,1,0.7985287362206062,1,4,ctd,logistic_regression,42
P38862,Q08215,1,0.7040656049613911,1,4,ctd,logistic_regression,42
P09624,P38636,1,0.8489663076868713,1,4,ctd,logistic_regression,42
P15646,P46655,1,0.8894809679465618,1,4,ctd,logistic_regression,42
P38749,Q01939,1,0.41534810326318317,0,4,ctd,logistic_regression,42
P31109,Q12044,1,0.7801964375516947,1,4,ctd,logistic_regression,42
P36017,P38805,1,0.5505784408870892,1,4,ctd,logistic_regression,42
P40186,Q04964,1,0.5656495359035784,1,4,ctd,logistic_regression,42
O13559,Q06408,1,0.4859874204663356,0,4,ctd,logistic_regression,42
Q06224,Q08553,1,0.6111537222472851,1,4,ctd,logistic_regression,42
P15424,P38817,1,0.728240963027893,1,4,ctd,logistic_regression,42
P06782,Q06440,1,0.7468518059603827,1,4,ctd,logistic_regression,42
Q06651,Q07376,1,0.3444804072062596,0,4,ctd,logistic_regression,42
P38623,P53974,1,0.6872286533446363,1,4,ctd,logistic_regression,42
P39523,Q03096,1,0.8112318117403776,1,4,ctd,logistic_regression,42
P28707,P43637,1,0.7519872746850801,1,4,ctd,logistic_regression,42
P19524,Q12175,1,0.5696992937680925,1,4,ctd,logistic_regression,42
P20484,P53269,1,0.3177731383819887,0,4,ctd,logistic_regression,42
Q04921,Q05610,1,0.7197089060849434,1,4,ctd,logistic_regression,42
P40461,Q12055,1,0.6497508246879167,1,4,ctd,logistic_regression,42
P32525,P36062,1,0.43293874522291925,0,4,ctd,logistic_regression,42
P32571,Q00578,1,0.5383723668329519,1,4,ctd,logistic_regression,42
P38181,Q06676,1,0.05756121699000208,0,4,ctd,logistic_regression,42
P32328,P46680,1,0.5573720540085678,1,4,ctd,logistic_regression,42
P12754,P21672,1,0.5946334760730033,1,4,ctd,logistic_regression,42
P08518,P38719,1,0.472011549456534,0,4,ctd,logistic_regression,42
P32628,P53955,1,0.7016174501637592,1,4,ctd,logistic_regression,42
P33332,P53150,1,0.7209675829346422,1,4,ctd,logistic_regression,42
P36520,P38860,1,0.6070015687955425,1,4,ctd,logistic_regression,42
P48582,Q08965,1,0.5240973545433506,1,4,ctd,logistic_regression,42
P38922,Q12310,1,0.7250828595976225,1,4,ctd,logistic_regression,42
P33314,P49704,1,0.7077523779606008,1,4,ctd,logistic_regression,42
P08964,P46680,1,0.5432099749749407,1,4,ctd,logistic_regression,42
P11433,P40471,1,0.6170783313906052,1,4,ctd,logistic_regression,42
P28495,P36010,1,0.596217589177683,1,4,ctd,logistic_regression,42
P36029,P36062,1,0.5476842664279632,1,4,ctd,logistic_regression,42
P32589,P40413,1,0.7424223176046874,1,4,ctd,logistic_regression,42
P38181,Q03691,1,0.28306228810909123,0,4,ctd,logistic_regression,42
P32495,Q07508,1,0.850469515263035,1,4,ctd,logistic_regression,42
P40510,Q9URQ3,1,0.5899376505320955,1,4,ctd,logistic_regression,42
P35177,Q12157,1,0.482289253657683,0,4,ctd,logistic_regression,42
Q04412,Q08817,1,0.5349321182356116,1,4,ctd,logistic_regression,42
P19145,Q04978,1,0.5347070754534419,1,4,ctd,logistic_regression,42
P14291,Q04089,1,0.44136636125259543,0,4,ctd,logistic_regression,42
P25558,P27472,1,0.6373138722928977,1,4,ctd,logistic_regression,42
P33895,Q06604,1,0.6211869675468964,1,4,ctd,logistic_regression,42
P32873,P39107,1,0.6996694068891433,1,4,ctd,logistic_regression,42
P38198,Q12220,1,0.47471116172053374,0,4,ctd,logistic_regression,42
Q03654,Q99210,1,0.4921305525786021,0,4,ctd,logistic_regression,42
P53313,Q06624,1,0.5733255762107721,1,4,ctd,logistic_regression,42
P40096,P47050,1,0.33024110133684875,0,4,ctd,logistic_regression,42
P32802,P53845,1,0.20111238649520258,0,4,ctd,logistic_regression,42
P19414,P40548,1,0.654028891378355,1,4,ctd,logistic_regression,42
P32838,P47822,1,0.7003789519246904,1,4,ctd,logistic_regression,42
P53859,Q03785,1,0.5737996923007396,1,4,ctd,logistic_regression,42
P35197,P42951,1,0.7593745141146474,1,4,ctd,logistic_regression,42
P40303,P40555,1,0.4284293676844075,0,4,ctd,logistic_regression,42
P33760,Q12165,1,0.484813072769487,0,4,ctd,logistic_regression,42
P13517,P32464,1,0.4362440952738221,0,4,ctd,logistic_regression,42
P34909,Q05949,1,0.4966896547160043,0,4,ctd,logistic_regression,42
P40018,Q04792,1,0.6914542700351982,1,4,ctd,logistic_regression,42
P32600,P38555,1,0.6562746935816126,1,4,ctd,logistic_regression,42
P15938,P29468,1,0.5393901571305049,1,4,ctd,logistic_regression,42
P40079,Q03897,1,0.5322797805181775,1,4,ctd,logistic_regression,42
P53313,Q6Q547,1,0.46889079961446845,0,4,ctd,logistic_regression,42
P29496,P33332,1,0.7052721863835176,1,4,ctd,logistic_regression,42
P50101,P53834,1,0.6543946174144901,1,4,ctd,logistic_regression,42
Q04675,Q06819,1,0.5948246480370201,1,4,ctd,logistic_regression,42
P12868,P16664,1,0.5707034887363504,1,4,ctd,logistic_regression,42
P38624,Q03018,1,0.3538281648500407,0,4,ctd,logistic_regression,42
P38249,Q08119,1,0.6136960971287174,1,4,ctd,logistic_regression,42
P39563,Q12020,1,0.33189330335726563,0,4,ctd,logistic_regression,42
P40204,P43565,1,0.6715180653456068,1,4,ctd,logistic_regression,42
P35203,P39966,1,0.7721642736174571,1,4,ctd,logistic_regression,42
P14742,Q04934,1,0.6368705674498291,1,4,ctd,logistic_regression,42
P04387,P38063,1,0.5189435081793236,1,4,ctd,logistic_regression,42
P39969,P40204,1,0.5830555339176945,1,4,ctd,logistic_regression,42
P21242,P53731,1,0.5645429637998473,1,4,ctd,logistic_regression,42
P20967,P38348,1,0.6768750053834934,1,4,ctd,logistic_regression,42
P25591,P39079,1,0.6918500161081577,1,4,ctd,logistic_regression,42
P33298,P51996,1,0.6374595401165176,1,4,ctd,logistic_regression,42
P38769,Q12236,1,0.35701780421436785,0,4,ctd,logistic_regression,42
P23561,P46675,1,0.7734855891972443,1,4,ctd,logistic_regression,42
P38089,P41807,1,0.5516070426742969,1,4,ctd,logistic_regression,42
P49955,Q08972,1,0.6735596321310624,1,4,ctd,logistic_regression,42
P32900,P38324,1,0.7240163738570665,1,4,ctd,logistic_regression,42
P38783,P40565,1,0.4161019636315451,0,4,ctd,logistic_regression,42
P25567,P38352,1,0.381748194307898,0,4,ctd,logistic_regression,42
P10659,P21192,1,0.670448022486977,1,4,ctd,logistic_regression,42
P32561,P49687,1,0.6354710985237362,1,4,ctd,logistic_regression,42
P18494,P32505,1,0.7011082961450361,1,4,ctd,logistic_regression,42
P25390,P34160,1,0.4316228362868329,0,4,ctd,logistic_regression,42
P40339,P43583,1,0.5597649741484845,1,4,ctd,logistic_regression,42
P41544,Q03860,1,0.20927947757755816,0,4,ctd,logistic_regression,42
Q06340,Q92331,1,0.6344934280890585,1,4,ctd,logistic_regression,42
P32805,Q08975,1,0.49237763447810645,0,4,ctd,logistic_regression,42
P32634,P52553,1,0.8164601707824812,1,4,ctd,logistic_regression,42
P32909,P38283,1,0.5809379157402351,1,4,ctd,logistic_regression,42
P51996,Q04651,1,0.5062976692809993,1,4,ctd,logistic_regression,42
P54199,Q12473,1,0.39622654230219523,0,4,ctd,logistic_regression,42
P53855,Q03081,1,0.6347151472034483,1,4,ctd,logistic_regression,42
P13712,Q12021,1,0.739033516694446,1,4,ctd,logistic_regression,42
P33298,P40064,1,0.4783480128914683,0,4,ctd,logistic_regression,42
Q01159,Q02775,1,0.39028137533484314,0,4,ctd,logistic_regression,42
P35169,P53968,1,0.643113012202568,1,4,ctd,logistic_regression,42
P23642,P53930,1,0.3425534373162541,0,4,ctd,logistic_regression,42
Q00578,Q08215,1,0.6018983187624516,1,4,ctd,logistic_regression,42
P40016,Q04264,1,0.5478565700102106,1,4,ctd,logistic_regression,42
P22202,P53091,1,0.7385813740424559,1,4,ctd,logistic_regression,42
P38624,P39929,1,0.5506784166211988,1,4,ctd,logistic_regression,42
P25303,P38634,1,0.3963229623140685,0,4,ctd,logistic_regression,42
P48412,Q12329,1,0.7004830871937096,1,4,ctd,logistic_regression,42
P28834,Q06169,1,0.5404054376199049,1,4,ctd,logistic_regression,42
P06738,P53549,1,0.6701701350673307,1,4,ctd,logistic_regression,42
P32605,P32895,1,0.6010061890758284,1,4,ctd,logistic_regression,42
P32485,P38287,1,0.403274478842678,0,4,ctd,logistic_regression,42
P38121,Q06218,1,0.6274096295089507,1,4,ctd,logistic_regression,42
P38217,Q08723,1,0.6543650929583226,1,4,ctd,logistic_regression,42
P41832,Q99207,1,0.6698268148046082,1,4,ctd,logistic_regression,42
P25808,P38788,1,0.7283768487663355,1,4,ctd,logistic_regression,42
P43565,P52490,1,0.2948160037615494,0,4,ctd,logistic_regression,42
P33334,Q12468,1,0.42759150431975984,0,4,ctd,logistic_regression,42
P21243,P25043,1,0.4975271300348649,0,4,ctd,logistic_regression,42
Q06108,Q08491,1,0.6541036928708205,1,4,ctd,logistic_regression,42
P22204,P40567,1,0.6341751066750532,1,4,ctd,logistic_regression,42
P38793,Q06160,1,0.6103796462182531,1,4,ctd,logistic_regression,42
P43638,Q06706,1,0.5901755039620536,1,4,ctd,logistic_regression,42
P32327,P32380,1,0.7343823254557946,1,4,ctd,logistic_regression,42
P17065,P41811,1,0.5793359467315933,1,4,ctd,logistic_regression,42
P38328,P39016,1,0.5120582430396512,1,4,ctd,logistic_regression,42
P00359,P32601,1,0.43743765805606705,0,4,ctd,logistic_regression,42
P25582,P31382,1,0.4822506217243818,0,4,ctd,logistic_regression,42
P25569,P32602,1,0.3993325674609343,0,4,ctd,logistic_regression,42
P36047,Q05580,1,0.7439356082015129,1,4,ctd,logistic_regression,42
P06102,P23542,1,0.6234468380582674,1,4,ctd,logistic_regression,42
P38228,P38310,1,0.4618066938280685,0,4,ctd,logistic_regression,42
P38692,P39729,1,0.6669225661600516,1,4,ctd,logistic_regression,42
P37296,P38149,1,0.6129749769089943,1,4,ctd,logistic_regression,42
P35189,P49956,1,0.4199031196562069,0,4,ctd,logistic_regression,42
P25567,P31412,1,0.34520131722423913,0,4,ctd,logistic_regression,42
P38760,Q12206,1,0.4289885586866695,0,4,ctd,logistic_regression,42
P40957,P48234,1,0.4934592212246291,0,4,ctd,logistic_regression,42
P18759,P21243,1,0.4520816312135447,0,4,ctd,logistic_regression,42
P33892,Q07844,1,0.5822907117564298,1,4,ctd,logistic_regression,42
P28320,P47053,1,0.6521268687140381,1,4,ctd,logistic_regression,42
P20133,P38237,1,0.5642634532785618,1,4,ctd,logistic_regression,42
P38042,P53295,1,0.7703699113377204,1,4,ctd,logistic_regression,42
P32639,P40517,1,0.6813717639172693,1,4,ctd,logistic_regression,42
P53283,Q02256,1,0.20843116949405763,0,4,ctd,logistic_regression,42
P09624,P32849,1,0.7887101195475704,1,4,ctd,logistic_regression,42
P32450,P40202,1,0.3878913369029145,0,4,ctd,logistic_regression,42
P50094,Q06108,1,0.5494409091185158,1,4,ctd,logistic_regression,42
P22216,P38690,1,0.6509561717772752,1,4,ctd,logistic_regression,42
P38729,P43621,1,0.13633411175274468,0,4,ctd,logistic_regression,42
P33332,P53290,1,0.7182587279864644,1,4,ctd,logistic_regression,42
Q00381,Q04048,1,0.47783916856135944,0,4,ctd,logistic_regression,42
P09938,P35691,1,0.674812297026743,1,4,ctd,logistic_regression,42
Q04792,Q12347,1,0.5870378377177345,1,4,ctd,logistic_regression,42
Q02260,Q08956,1,0.20814764804731867,0,4,ctd,logistic_regression,42
P38132,P38742,1,0.6598394745719822,1,4,ctd,logistic_regression,42
P29496,P53086,1,0.6566927126799024,1,4,ctd,logistic_regression,42
P32356,P38293,1,0.5877397480623567,1,4,ctd,logistic_regression,42
P25389,Q12276,1,0.6050384644977863,1,4,ctd,logistic_regression,42
P32318,Q07468,1,0.6590946657938664,1,4,ctd,logistic_regression,42
Q05021,Q7LIF1,1,0.5124281979746343,1,4,ctd,logistic_regression,42
Q04373,Q06324,1,0.5772639744794639,1,4,ctd,logistic_regression,42
P53914,Q06677,1,0.5491443661116238,1,4,ctd,logistic_regression,42
P41318,P53271,1,0.6040292719129099,1,4,ctd,logistic_regression,42
P24867,P38631,1,0.4498398591804293,0,4,ctd,logistic_regression,42
P25385,P25694,1,0.41940810060980027,0,4,ctd,logistic_regression,42
P11927,Q07786,1,0.4701691140066114,0,4,ctd,logistic_regression,42
P35728,Q02354,1,0.6335148644125985,1,4,ctd,logistic_regression,42
P24004,P32642,1,0.6433910360642163,1,4,ctd,logistic_regression,42
P39076,Q07896,1,0.5549663749121261,1,4,ctd,logistic_regression,42
P07264,P48559,1,0.6041423616469276,1,4,ctd,logistic_regression,42
P36103,P47129,1,0.5499703485526674,1,4,ctd,logistic_regression,42
P34241,P38082,1,0.4484653421963681,0,4,ctd,logistic_regression,42
P36048,P41805,1,0.6654206968269408,1,4,ctd,logistic_regression,42
P06787,P38622,1,0.6905580527041143,1,4,ctd,logistic_regression,42
P12753,P20795,1,0.6334031428852922,1,4,ctd,logistic_regression,42
P38873,P39517,1,0.6009903625594154,1,4,ctd,logistic_regression,42
P29465,P40314,1,0.511946056898489,1,4,ctd,logistic_regression,42
P09734,P53893,1,0.6985866450067558,1,4,ctd,logistic_regression,42
P12611,P40515,1,0.6011291106983716,1,4,ctd,logistic_regression,42
P38682,Q12335,0,0.5418773899630055,1,4,ctd,logistic_regression,42
P09798,P53215,0,0.4256338541680076,0,4,ctd,logistic_regression,42
P11076,P39904,0,0.27656745012957856,0,4,ctd,logistic_regression,42
P38967,P47089,0,0.21331246619009986,0,4,ctd,logistic_regression,42
P06777,Q04675,0,0.44957679268979894,0,4,ctd,logistic_regression,42
P25582,P38272,0,0.5435249714866861,1,4,ctd,logistic_regression,42
P06775,P39713,0,0.44965576471217455,0,4,ctd,logistic_regression,42
P47187,P52286,0,0.1630696384284134,0,4,ctd,logistic_regression,42
P25294,P40341,0,0.48237144220080064,0,4,ctd,logistic_regression,42
P24384,P40462,0,0.49426337218573374,0,4,ctd,logistic_regression,42
P25376,P50875,0,0.2308402155513608,0,4,ctd,logistic_regression,42
P38788,P47090,0,0.30052710600505483,0,4,ctd,logistic_regression,42
P33399,P34252,0,0.5239215707012082,1,4,ctd,logistic_regression,42
Q12233,Q12318,0,0.2671582040047131,0,4,ctd,logistic_regression,42
P36147,P53244,0,0.19033112393060578,0,4,ctd,logistic_regression,42
P25808,P36104,0,0.43379996605596466,0,4,ctd,logistic_regression,42
P38064,P39929,0,0.7216065672188984,1,4,ctd,logistic_regression,42
O13554,P40957,0,0.7814250253242497,1,4,ctd,logistic_regression,42
Q06324,Q12102,0,0.4724974744277846,0,4,ctd,logistic_regression,42
P36168,P40512,0,0.6519614293953353,1,4,ctd,logistic_regression,42
P18963,P35179,0,0.228693122442154,0,4,ctd,logistic_regression,42
P32783,P39003,0,0.24806242975185328,0,4,ctd,logistic_regression,42
P48439,Q07963,0,0.18201812538284706,0,4,ctd,logistic_regression,42
P32559,P38871,0,0.5141547145016283,1,4,ctd,logistic_regression,42
P38627,P38902,0,0.5842680266350414,1,4,ctd,logistic_regression,42
P00330,P53176,0,0.24007923216411733,0,4,ctd,logistic_regression,42
P40092,P47052,0,0.5976155174408347,1,4,ctd,logistic_regression,42
P16370,Q08749,0,0.20108116194107886,0,4,ctd,logistic_regression,42
P53252,Q12083,0,0.5396521374941966,1,4,ctd,logistic_regression,42
P23179,P38622,0,0.4593008380023798,0,4,ctd,logistic_regression,42
P22579,P33313,0,0.5723955667201022,1,4,ctd,logistic_regression,42
P37838,P38774,0,0.5368205992015913,1,4,ctd,logistic_regression,42
Q03103,Q03981,0,0.6690456402836071,1,4,ctd,logistic_regression,42
P22209,P35172,0,0.4244553595175868,0,4,ctd,logistic_regression,42
P40014,Q06708,0,0.7588648179352178,1,4,ctd,logistic_regression,42
P38827,Q08746,0,0.6381747031458486,1,4,ctd,logistic_regression,42
P38346,P52960,0,0.6935658089024644,1,4,ctd,logistic_regression,42
P40395,Q12102,0,0.5335258236611101,1,4,ctd,logistic_regression,42
P38203,P45976,0,0.5473637567918805,1,4,ctd,logistic_regression,42
P32332,P32563,0,0.5391972489046325,1,4,ctd,logistic_regression,42
P00420,P17536,0,0.38456568743811204,0,4,ctd,logistic_regression,42
P39111,Q12343,0,0.6520584989415447,1,4,ctd,logistic_regression,42
P07250,P53855,0,0.5245291221524623,1,4,ctd,logistic_regression,42
P39704,P87108,0,0.0526753302446652,0,4,ctd,logistic_regression,42
P40565,P46954,0,0.40410576804012255,0,4,ctd,logistic_regression,42
Q06169,Q08980,0,0.25965475391360776,0,4,ctd,logistic_regression,42
P43535,Q08018,0,0.3060590658037435,0,4,ctd,logistic_regression,42
P36015,P39706,0,0.27102178790002274,0,4,ctd,logistic_regression,42
P40965,Q02784,0,0.6274093771851214,1,4,ctd,logistic_regression,42
P32582,P36057,0,0.45506287639898413,0,4,ctd,logistic_regression,42
P08638,P53824,0,0.5802481309770041,1,4,ctd,logistic_regression,42
P06781,P32569,0,0.4550568654540547,0,4,ctd,logistic_regression,42
P28791,P33339,0,0.6786358986859381,1,4,ctd,logistic_regression,42
P25558,P53259,0,0.30205322086055647,0,4,ctd,logistic_regression,42
P07703,Q06436,0,0.4431992751496642,0,4,ctd,logistic_regression,42
P32490,Q08683,0,0.5748185709159073,1,4,ctd,logistic_regression,42
P30771,P38523,0,0.7925928378309589,1,4,ctd,logistic_regression,42
P38859,Q06677,0,0.5154523667090899,1,4,ctd,logistic_regression,42
P32495,P32499,0,0.6279245863845944,1,4,ctd,logistic_regression,42
P17695,Q03177,0,0.3497758444787749,0,4,ctd,logistic_regression,42
O13297,Q06096,0,0.6540715191552539,1,4,ctd,logistic_regression,42
P23179,P33328,0,0.5701117956719173,1,4,ctd,logistic_regression,42
O13539,Q02516,0,0.58236496058986,1,4,ctd,logistic_regression,42
P21691,P47061,0,0.38265377356739866,0,4,ctd,logistic_regression,42
P32500,Q06525,0,0.30652052567547694,0,4,ctd,logistic_regression,42
P18239,P33307,0,0.32443819353956643,0,4,ctd,logistic_regression,42
P32944,Q04562,0,0.20862656249513972,0,4,ctd,logistic_regression,42
P32334,P38682,0,0.2532642253279153,0,4,ctd,logistic_regression,42
P41920,P46954,0,0.6448412216752519,1,4,ctd,logistic_regression,42
P34217,P40890,0,0.5406453263092925,1,4,ctd,logistic_regression,42
P12683,P47079,0,0.58707292652559,1,4,ctd,logistic_regression,42
P29295,P32334,0,0.5001560994418742,1,4,ctd,logistic_regression,42
P11914,P30619,0,0.49052222861571965,0,4,ctd,logistic_regression,42
P17065,Q12006,0,0.5107905383025811,1,4,ctd,logistic_regression,42
P24813,P40356,0,0.5422368930657206,1,4,ctd,logistic_regression,42
P47129,Q99344,0,0.41868636349355504,0,4,ctd,logistic_regression,42
P11710,P53280,0,0.1939274853719212,0,4,ctd,logistic_regression,42
P20434,Q12222,0,0.2936508730192651,0,4,ctd,logistic_regression,42
P36053,P53971,0,0.22660352753843446,0,4,ctd,logistic_regression,42
P33750,Q08683,0,0.6015238567835671,1,4,ctd,logistic_regression,42
P22135,Q06137,0,0.5404576266078865,1,4,ctd,logistic_regression,42
P15303,Q04307,0,0.08401123788221301,0,4,ctd,logistic_regression,42
P11747,Q02804,0,0.103116731292729,0,4,ctd,logistic_regression,42
P40475,P40565,0,0.21903557208819785,0,4,ctd,logistic_regression,42
P53115,Q07468,0,0.4789853257999046,0,4,ctd,logistic_regression,42
P22139,Q07471,0,0.5866068749279072,1,4,ctd,logistic_regression,42
P22204,Q12026,0,0.6531923039832183,1,4,ctd,logistic_regression,42
P04051,P38344,0,0.36193239444407566,0,4,ctd,logistic_regression,42
Q05016,Q05933,0,0.6711309896297426,1,4,ctd,logistic_regression,42
P05030,Q02795,0,0.6197147529308656,1,4,ctd,logistic_regression,42
P24813,Q12223,0,0.3241457804101117,0,4,ctd,logistic_regression,42
P38298,Q04511,0,0.13178860863429137,0,4,ctd,logistic_regression,42
P32566,Q12464,0,0.5678094071277583,1,4,ctd,logistic_regression,42
P34218,P36013,0,0.3638450462058635,0,4,ctd,logistic_regression,42
P10355,P27999,0,0.45163436669119733,0,4,ctd,logistic_regression,42
P39735,Q08965,0,0.4907003470495477,0,4,ctd,logistic_regression,42
P53045,P53549,0,0.25862938250144596,0,4,ctd,logistic_regression,42
Q04461,Q12066,0,0.3480383787318614,0,4,ctd,logistic_regression,42
P46678,P49018,0,0.40877415558556973,0,4,ctd,logistic_regression,42
P53863,Q12158,0,0.4156695046366685,0,4,ctd,logistic_regression,42
P87284,Q08911,0,0.22551187749117538,0,4,ctd,logistic_regression,42
P14907,Q9URQ3,0,0.45901794656627515,0,4,ctd,logistic_regression,42
P37370,Q07921,0,0.35199336891126326,0,4,ctd,logistic_regression,42
P40475,P53207,0,0.36105290073560375,0,4,ctd,logistic_regression,42
P01149,P53622,0,0.39962942387505,0,4,ctd,logistic_regression,42
P32354,P38967,0,0.2718884135614344,0,4,ctd,logistic_regression,42
P19658,P53233,0,0.4562676995064086,0,4,ctd,logistic_regression,42
P38163,Q12522,0,0.588759396592505,1,4,ctd,logistic_regression,42
P25441,P38805,0,0.3299104039859958,0,4,ctd,logistic_regression,42
P29295,P50106,0,0.5144199274126322,1,4,ctd,logistic_regression,42
P53961,Q04978,0,0.2880715848591339,0,4,ctd,logistic_regression,42
P23179,Q12517,0,0.42836150218831387,0,4,ctd,logistic_regression,42
P22139,P23968,0,0.19219710160309164,0,4,ctd,logistic_regression,42
P38705,Q06205,0,0.24312516568906326,0,4,ctd,logistic_regression,42
P20050,Q02196,0,0.42633644605088467,0,4,ctd,logistic_regression,42
P32833,P53011,0,0.6445951048393536,1,4,ctd,logistic_regression,42
P20050,Q06819,0,0.5510812982771752,1,4,ctd,logistic_regression,42
P07250,P39968,0,0.7236841411128095,1,4,ctd,logistic_regression,42
P32832,P41901,0,0.583293045398859,1,4,ctd,logistic_regression,42
P32832,Q12028,0,0.5575441366713212,1,4,ctd,logistic_regression,42
P07703,P40160,0,0.6411632258270549,1,4,ctd,logistic_regression,42
P38085,Q06632,0,0.3527559775188008,0,4,ctd,logistic_regression,42
P03069,P13663,0,0.7369511278513649,1,4,ctd,logistic_regression,42
P08456,P43562,0,0.25877536687152286,0,4,ctd,logistic_regression,42
P02400,P33122,0,0.7849067848692687,1,4,ctd,logistic_regression,42
P54790,Q05080,0,0.782917563173845,1,4,ctd,logistic_regression,42
P16547,P39735,0,0.5543687628131483,1,4,ctd,logistic_regression,42
P06782,P25045,0,0.5281224948301803,1,4,ctd,logistic_regression,42
P38827,P53840,0,0.6155199891460441,1,4,ctd,logistic_regression,42
P39952,P53323,0,0.5412767378311101,1,4,ctd,logistic_regression,42
P08456,Q99278,0,0.18565097306264597,0,4,ctd,logistic_regression,42
P07256,P38316,0,0.6026132122818115,1,4,ctd,logistic_regression,42
P25582,P32597,0,0.553383557839667,1,4,ctd,logistic_regression,42
P21242,P53272,0,0.5005293856950862,1,4,ctd,logistic_regression,42
P21339,P50091,0,0.6214442606881073,1,4,ctd,logistic_regression,42
P14242,Q12365,0,0.5136725196966676,1,4,ctd,logistic_regression,42
P00331,Q03125,0,0.5200269306572263,1,4,ctd,logistic_regression,42
P39515,P48239,0,0.8253310536566898,1,4,ctd,logistic_regression,42
P25453,P28743,0,0.6879118586682301,1,4,ctd,logistic_regression,42
P11076,P54791,0,0.32475315038143027,0,4,ctd,logistic_regression,42
P53011,Q12321,0,0.447866755419357,0,4,ctd,logistic_regression,42
P20435,P53973,0,0.5100249202719347,1,4,ctd,logistic_regression,42
P40090,Q04921,0,0.49239809114365835,0,4,ctd,logistic_regression,42
Q05778,Q12035,0,0.5683002551909938,1,4,ctd,logistic_regression,42
P53389,P53904,0,0.4009503852202283,0,4,ctd,logistic_regression,42
P10566,P16862,0,0.4623739359007795,0,4,ctd,logistic_regression,42
P50113,Q08032,0,0.42853592568201304,0,4,ctd,logistic_regression,42
P32529,Q03103,0,0.318585043659795,0,4,ctd,logistic_regression,42
P38911,P43587,0,0.09472234307393364,0,4,ctd,logistic_regression,42
P32657,Q99260,0,0.43306040086351516,0,4,ctd,logistic_regression,42
P53236,Q04373,0,0.48498515322831054,0,4,ctd,logistic_regression,42
P07149,P32828,0,0.5403735959516096,1,4,ctd,logistic_regression,42
P38623,Q12262,0,0.7260522814597077,1,4,ctd,logistic_regression,42
P10507,Q06216,0,0.6753185622422214,1,4,ctd,logistic_regression,42
P38265,Q99207,0,0.49863655547157865,0,4,ctd,logistic_regression,42
P32641,P38328,0,0.47198575479020666,0,4,ctd,logistic_regression,42
P26343,P54885,0,0.4529362810731881,0,4,ctd,logistic_regression,42
P40450,P48361,0,0.6127136044202743,1,4,ctd,logistic_regression,42
P23642,Q08986,0,0.24269976021637105,0,4,ctd,logistic_regression,42
P33441,Q99394,0,0.7341711558544142,1,4,ctd,logistic_regression,42
P32387,P32479,0,0.4886201119010632,0,4,ctd,logistic_regression,42
P38182,P53171,0,0.15104044730255028,0,4,ctd,logistic_regression,42
P36036,Q04175,0,0.412570641566013,0,4,ctd,logistic_regression,42
P40971,Q00539,0,0.5948759073352028,1,4,ctd,logistic_regression,42
P13902,P39727,0,0.3078894745773614,0,4,ctd,logistic_regression,42
P21705,P53197,0,0.6941641708916394,1,4,ctd,logistic_regression,42
P16151,P25808,0,0.2505321770011899,0,4,ctd,logistic_regression,42
P38121,Q12424,0,0.4099297318204201,0,4,ctd,logistic_regression,42
P32367,P40217,0,0.5687914046633166,1,4,ctd,logistic_regression,42
P30605,P34909,0,0.5099899583083815,1,4,ctd,logistic_regression,42
O13539,P47110,0,0.8503260432608853,1,4,ctd,logistic_regression,42
Q03834,Q03860,0,0.19189427755346905,0,4,ctd,logistic_regression,42
P23639,P40496,0,0.29771367339387755,0,4,ctd,logistic_regression,42
P33441,Q06644,0,0.38744124707630845,0,4,ctd,logistic_regression,42
P16474,P53388,0,0.22423080401553672,0,4,ctd,logistic_regression,42
P38785,P38957,0,0.7143833804117129,1,4,ctd,logistic_regression,42
P34226,Q02608,0,0.1923445525940394,0,4,ctd,logistic_regression,42
P10961,P53136,0,0.6869676660010503,1,4,ctd,logistic_regression,42
P28496,Q08966,0,0.16466845103933048,0,4,ctd,logistic_regression,42
P36068,P40992,0,0.44595144421839533,0,4,ctd,logistic_regression,42
P06777,P07560,0,0.470262059500222,0,4,ctd,logistic_regression,42
P39955,Q03081,0,0.7019572487506806,1,4,ctd,logistic_regression,42
P00431,P35718,0,0.6033993799903506,1,4,ctd,logistic_regression,42
P25579,P40069,0,0.5655252809057384,1,4,ctd,logistic_regression,42
P28241,Q12473,0,0.640754691693972,1,4,ctd,logistic_regression,42
P38962,Q06675,0,0.1872178681077453,0,4,ctd,logistic_regression,42
P08539,P40087,0,0.6108573164931694,1,4,ctd,logistic_regression,42
P21705,P38682,0,0.6306369329001099,1,4,ctd,logistic_regression,42
P39744,P53116,0,0.24309931560450704,0,4,ctd,logistic_regression,42
P32486,P38254,0,0.4354591162448185,0,4,ctd,logistic_regression,42
P21576,Q12050,0,0.4362079089326555,0,4,ctd,logistic_regression,42
P32807,P47083,0,0.2660422445353941,0,4,ctd,logistic_regression,42
P35206,Q08245,0,0.25956291869378834,0,4,ctd,logistic_regression,42
P20434,P53286,0,0.3649713040771461,0,4,ctd,logistic_regression,42
P00830,P03069,0,0.5408170862262437,1,4,ctd,logistic_regression,42
P32867,Q03455,0,0.39598714834239984,0,4,ctd,logistic_regression,42
P33304,P43637,0,0.608339264164395,1,4,ctd,logistic_regression,42
P40960,Q04226,0,0.3920012644062536,0,4,ctd,logistic_regression,42
P46672,P47187,0,0.3077183914723938,0,4,ctd,logistic_regression,42
P04076,P38911,0,0.3374251846794035,0,4,ctd,logistic_regression,42
P07250,P38911,0,0.24576302837108766,0,4,ctd,logistic_regression,42
P38696,P47074,0,0.3432178211978755,0,4,ctd,logistic_regression,42
P53061,Q07442,0,0.36388085220944144,0,4,ctd,logistic_regression,42
P07261,Q12208,0,0.40340497675017656,0,4,ctd,logistic_regression,42
P38821,Q05911,0,0.7567582826871535,1,4,ctd,logistic_regression,42
P36037,Q12158,0,0.40360551342488354,0,4,ctd,logistic_regression,42
Q02795,Q12224,0,0.5133772386182641,1,4,ctd,logistic_regression,42
P25847,P48606,0,0.5268451444820168,1,4,ctd,logistic_regression,42
P11710,P12868,0,0.21874588199440545,0,4,ctd,logistic_regression,42
P34161,Q05998,0,0.38196079927720084,0,4,ctd,logistic_regression,42
P23337,P38333,0,0.43680985269349176,0,4,ctd,logistic_regression,42
P40455,Q04062,0,0.3857122021464045,0,4,ctd,logistic_regression,42
P32797,Q03944,0,0.5258797395428106,1,4,ctd,logistic_regression,42
P32558,Q06251,0,0.40271360282051183,0,4,ctd,logistic_regression,42
P48606,P53108,0,0.27522252776694894,0,4,ctd,logistic_regression,42
P07149,P36027,0,0.1585378305325796,0,4,ctd,logistic_regression,42
P35184,P38264,0,0.38947013142520504,0,4,ctd,logistic_regression,42
P13185,P40475,0,0.3736618378654907,0,4,ctd,logistic_regression,42
P10863,Q01217,0,0.2690442285478764,0,4,ctd,logistic_regression,42
P31539,P38911,0,0.3269962840192671,0,4,ctd,logistic_regression,42
P05085,P32333,0,0.6392828077880948,1,4,ctd,logistic_regression,42
P32807,P33333,0,0.10725401057026551,0,4,ctd,logistic_regression,42
P13434,P21192,0,0.8085907283149025,1,4,ctd,logistic_regression,42
P18480,Q7LIF1,0,0.20785714128404736,0,4,ctd,logistic_regression,42
P38702,Q08271,0,0.3870135954220485,0,4,ctd,logistic_regression,42
P07278,P32583,0,0.11474270863196386,0,4,ctd,logistic_regression,42
P11484,Q07914,0,0.24363040957382648,0,4,ctd,logistic_regression,42
P23833,P39958,0,0.3982111047901982,0,4,ctd,logistic_regression,42
P21705,P32945,0,0.6406853984303161,1,4,ctd,logistic_regression,42
P32828,P49573,0,0.47357889685518684,0,4,ctd,logistic_regression,42
P25045,P38798,0,0.4045764491872574,0,4,ctd,logistic_regression,42
P39011,Q12488,0,0.5984333940447996,1,4,ctd,logistic_regression,42
P16661,P38523,0,0.4832698770370426,0,4,ctd,logistic_regression,42
P53633,Q12208,0,0.20707750590417104,0,4,ctd,logistic_regression,42
P11747,Q03862,0,0.20515239887142905,0,4,ctd,logistic_regression,42
P40959,P53096,0,0.653280192716365,1,4,ctd,logistic_regression,42
P29340,Q12006,0,0.8107667792069521,1,4,ctd,logistic_regression,42
P40992,Q12341,0,0.46122658667057936,0,4,ctd,logistic_regression,42
P20133,P38072,0,0.43279442225423465,0,4,ctd,logistic_regression,42
P39101,Q06163,0,0.21277462275193967,0,4,ctd,logistic_regression,42
P20606,P36121,0,0.6876197194578821,1,4,ctd,logistic_regression,42
P12695,P40186,0,0.6059509008106261,1,4,ctd,logistic_regression,42
P18410,P53750,0,0.504107272085254,1,4,ctd,logistic_regression,42
P14906,Q12009,0,0.33972925162037204,0,4,ctd,logistic_regression,42
P11076,Q12223,0,0.29991221907143384,0,4,ctd,logistic_regression,42
P03069,Q12494,0,0.530016467486617,1,4,ctd,logistic_regression,42
P38272,P53867,0,0.6356370274939952,1,4,ctd,logistic_regression,42
P40348,P53900,0,0.57035759100391,1,4,ctd,logistic_regression,42
P22138,P40078,0,0.7545579188498509,1,4,ctd,logistic_regression,42
P02293,P20676,0,0.7152865781175294,1,4,ctd,logistic_regression,42
P39001,Q12424,0,0.48739422870746035,0,4,ctd,logistic_regression,42
P25336,Q12415,0,0.33463187506355707,0,4,ctd,logistic_regression,42
P36009,P40055,0,0.398531913340055,0,4,ctd,logistic_regression,42
P25382,P48524,0,0.5457855923590414,1,4,ctd,logistic_regression,42
P10507,P38313,0,0.5947120025202591,1,4,ctd,logistic_regression,42
P21190,P39960,0,0.5826735440230361,1,4,ctd,logistic_regression,42
P32333,P50875,0,0.38874746583253267,0,4,ctd,logistic_regression,42
P25808,Q00772,0,0.7551575480492051,1,4,ctd,logistic_regression,42
P41912,P53905,0,0.5635111686044616,1,4,ctd,logistic_regression,42
P28834,P35210,0,0.5251416625539349,1,4,ctd,logistic_regression,42
P50111,Q02776,0,0.33651864608420706,0,4,ctd,logistic_regression,42
P21965,P36125,0,0.16912797901851395,0,4,ctd,logistic_regression,42
P40518,P47185,0,0.2666749755804169,0,4,ctd,logistic_regression,42
P32829,Q06679,0,0.5638740197124557,1,4,ctd,logistic_regression,42
P38286,P40496,0,0.18889743560386654,0,4,ctd,logistic_regression,42
P16387,Q03940,0,0.5322311029984703,1,4,ctd,logistic_regression,42
P32788,P53299,0,0.5945409488613278,1,4,ctd,logistic_regression,42
P53538,Q05946,0,0.49687203247579115,0,4,ctd,logistic_regression,42
P20448,P42839,0,0.2656411421323004,0,4,ctd,logistic_regression,42
P14242,P36006,0,0.5554224963929595,1,4,ctd,logistic_regression,42
P53930,Q04477,0,0.47137238202826454,0,4,ctd,logistic_regression,42
P25579,Q07084,0,0.34256182310724287,0,4,ctd,logistic_regression,42
P38163,P39966,0,0.45364125211659817,0,4,ctd,logistic_regression,42
P04819,P53924,0,0.6816426618869483,1,4,ctd,logistic_regression,42
P06701,P39704,0,0.10542234622364097,0,4,ctd,logistic_regression,42
P32898,P38911,0,0.28513194671292785,0,4,ctd,logistic_regression,42
P10566,Q12411,0,0.37219549277249453,0,4,ctd,logistic_regression,42
P14736,P38429,0,0.7226877705876437,1,4,ctd,logistic_regression,42
P38819,P53250,0,0.6303945544339014,1,4,ctd,logistic_regression,42
P33301,P36129,0,0.05191087624969824,0,4,ctd,logistic_regression,42
P35189,P40340,0,0.4100300758402094,0,4,ctd,logistic_regression,42
P40357,Q99181,0,0.42990569717402216,0,4,ctd,logistic_regression,42
P46949,Q03290,0,0.7023370130047182,1,4,ctd,logistic_regression,42
P07256,Q06091,0,0.20894974938220823,0,4,ctd,logistic_regression,42
P25579,Q04749,0,0.39268506809532666,0,4,ctd,logistic_regression,42
P38823,P47025,0,0.7729249973552991,1,4,ctd,logistic_regression,42
P32479,Q12396,0,0.4091770283963504,0,4,ctd,logistic_regression,42
P41818,Q12427,0,0.6627582896623531,1,4,ctd,logistic_regression,42
P38776,Q06580,0,0.10604764627585447,0,4,ctd,logistic_regression,42
P39007,P48412,0,0.2625803457785696,0,4,ctd,logistic_regression,42
Q08923,Q12418,0,0.24915645174156792,0,4,ctd,logistic_regression,42
P32807,P46675,0,0.5523252695830496,1,4,ctd,logistic_regression,42
P40548,P80428,0,0.46059357699957965,0,4,ctd,logistic_regression,42
P39875,P52918,0,0.5455802747758457,1,4,ctd,logistic_regression,42
P07260,P25302,0,0.6461465958403732,1,4,ctd,logistic_regression,42
P47134,Q03103,0,0.5723601284542256,1,4,ctd,logistic_regression,42
P42941,Q04307,0,0.17304076241308097,0,4,ctd,logistic_regression,42
P53551,Q12418,0,0.6064643646642501,1,4,ctd,logistic_regression,42
P28004,Q05785,0,0.6808071087642452,1,4,ctd,logistic_regression,42
P53043,P53910,0,0.443192570958379,0,4,ctd,logistic_regression,42
P53044,Q02908,0,0.4963092233506854,0,4,ctd,logistic_regression,42
P25043,P41546,0,0.6998395228106052,1,4,ctd,logistic_regression,42
P29469,Q03290,0,0.6783059527972617,1,4,ctd,logistic_regression,42
P08524,P39534,0,0.676079627274202,1,4,ctd,logistic_regression,42
P46949,Q02208,0,0.49827839755874215,0,4,ctd,logistic_regression,42
P31380,P53628,0,0.5661108395350182,1,4,ctd,logistic_regression,42
O13565,P22214,0,0.20810235018575673,0,4,ctd,logistic_regression,42
P38727,Q06412,0,0.43737052302772655,0,4,ctd,logistic_regression,42
P06775,P38998,0,0.5521472190529346,1,4,ctd,logistic_regression,42
P01119,P49686,0,0.2533895004919511,0,4,ctd,logistic_regression,42
P16521,P42934,0,0.47669386735452063,0,4,ctd,logistic_regression,42
Q04368,Q06224,0,0.738246484445269,1,4,ctd,logistic_regression,42
P38353,P53297,0,0.4959512245765915,0,4,ctd,logistic_regression,42
P36008,Q03323,0,0.5270707361440942,1,4,ctd,logistic_regression,42
P10355,P53865,0,0.6822592033761216,1,4,ctd,logistic_regression,42
P17106,Q12300,0,0.5051508920688141,1,4,ctd,logistic_regression,42
P19735,P40352,0,0.6437637750738431,1,4,ctd,logistic_regression,42
P07261,Q06200,0,0.2587561064145876,0,4,ctd,logistic_regression,42
Q12071,Q12236,0,0.6817005306114469,1,4,ctd,logistic_regression,42
P47104,Q06631,0,0.513212179125685,1,4,ctd,logistic_regression,42
P32529,Q05949,0,0.47992569134442087,0,4,ctd,logistic_regression,42
P38794,P53824,0,0.7978156899281038,1,4,ctd,logistic_regression,42
Q03322,Q99382,0,0.09650826626218055,0,4,ctd,logistic_regression,42
P40360,P40395,0,0.2687762730585284,0,4,ctd,logistic_regression,42
P39723,Q03750,0,0.7309267943127139,1,4,ctd,logistic_regression,42
P49334,P53863,0,0.5185696915101541,1,4,ctd,logistic_regression,42
P11972,P53081,0,0.552482123256641,1,4,ctd,logistic_regression,42
P25046,P53061,0,0.4485839043262387,0,4,ctd,logistic_regression,42
P38842,Q00416,0,0.08181006925396668,0,4,ctd,logistic_regression,42
Q05933,Q06677,0,0.668640882526337,1,4,ctd,logistic_regression,42
P33754,P38910,0,0.7307045655192531,1,4,ctd,logistic_regression,42
P09733,P32319,0,0.4945417258066689,0,4,ctd,logistic_regression,42
Q12264,Q12297,0,0.1366293804809723,0,4,ctd,logistic_regression,42
P38111,Q03010,0,0.6649432139710809,1,4,ctd,logistic_regression,42
P40434,P40892,0,0.14514680327827875,0,4,ctd,logistic_regression,42
P24867,Q02208,0,0.2875718798761949,0,4,ctd,logistic_regression,42
P21957,Q12243,0,0.04809617314247709,0,4,ctd,logistic_regression,42
P53930,Q04935,0,0.17693939568019187,0,4,ctd,logistic_regression,42
P19658,P32499,0,0.5319602922873989,1,4,ctd,logistic_regression,42
P14242,P22336,0,0.5316164505981009,1,4,ctd,logistic_regression,42
P16649,P36107,0,0.16858652415560632,0,4,ctd,logistic_regression,42
P39955,Q03919,0,0.19791174900969627,0,4,ctd,logistic_regression,42
P21672,P38123,0,0.32976077550887534,0,4,ctd,logistic_regression,42
P18851,Q08975,0,0.3699513992545631,0,4,ctd,logistic_regression,42
P38286,P53271,0,0.477636858140357,0,4,ctd,logistic_regression,42
P08539,P43603,0,0.39153403146699695,0,4,ctd,logistic_regression,42
Q04673,Q07904,0,0.10868662268690153,0,4,ctd,logistic_regression,42
P32767,P38298,0,0.21184055086579992,0,4,ctd,logistic_regression,42
P38204,Q12494,0,0.6894152137534979,1,4,ctd,logistic_regression,42
P13856,P40356,0,0.6416549792291778,1,4,ctd,logistic_regression,42
P26755,P38789,0,0.6339101664662737,1,4,ctd,logistic_regression,42
P52917,Q12129,0,0.6619416466439572,1,4,ctd,logistic_regression,42
P53735,Q01217,0,0.6026861047243933,1,4,ctd,logistic_regression,42
P26798,P39998,0,0.6867484731232503,1,4,ctd,logistic_regression,42
P46956,P48234,0,0.2121628308867022,0,4,ctd,logistic_regression,42
P53823,Q03785,0,0.5507255075396639,1,4,ctd,logistic_regression,42
P19524,P40969,0,0.3375670532860107,0,4,ctd,logistic_regression,42
P38068,P53256,0,0.7320156660197356,1,4,ctd,logistic_regression,42
P39955,P53953,0,0.6135487524388912,1,4,ctd,logistic_regression,42
P00128,Q04199,0,0.5635696036317042,1,4,ctd,logistic_regression,42
P26755,P40094,0,0.553718921010035,1,4,ctd,logistic_regression,42
P25357,P40957,0,0.7710100568559471,1,4,ctd,logistic_regression,42
P06786,Q08581,0,0.6934508686895015,1,4,ctd,logistic_regression,42
P32558,Q06551,0,0.2481075596378882,0,4,ctd,logistic_regression,42
P53740,Q03162,0,0.3560249752484111,0,4,ctd,logistic_regression,42
P14908,Q03654,0,0.24067991277243006,0,4,ctd,logistic_regression,42
P19657,P41912,0,0.5856516286332509,1,4,ctd,logistic_regression,42
P15367,P32855,0,0.2884052771206096,0,4,ctd,logistic_regression,42
P38627,P53236,0,0.5543472561870888,1,4,ctd,logistic_regression,42
P27514,Q08562,0,0.4058365919552724,0,4,ctd,logistic_regression,42
Q12335,Q12462,0,0.3603061486432845,0,4,ctd,logistic_regression,42
P23285,P38149,0,0.5475320342956221,1,4,ctd,logistic_regression,42
P38794,Q04673,0,0.5410542163805199,1,4,ctd,logistic_regression,42
P13382,P47057,0,0.6229675014575781,1,4,ctd,logistic_regression,42
P46682,Q12343,0,0.5559410747443867,1,4,ctd,logistic_regression,42
P07256,P38703,0,0.3606140443992715,0,4,ctd,logistic_regression,42
P53924,Q06200,0,0.6362666878280996,1,4,ctd,logistic_regression,42
P00724,P35842,0,0.25335913936737053,0,4,ctd,logistic_regression,42
P11154,P47052,0,0.546934731033827,1,4,ctd,logistic_regression,42
P40968,Q03558,0,0.7413134498528392,1,4,ctd,logistic_regression,42
P16387,P25657,0,0.34532230061577807,0,4,ctd,logistic_regression,42
P38995,P45818,0,0.4676280819453039,0,4,ctd,logistic_regression,42
P40456,P53271,0,0.49758142418962314,0,4,ctd,logistic_regression,42
P39717,P50875,0,0.22151687501951287,0,4,ctd,logistic_regression,42
P50275,Q12233,0,0.2225147222925624,0,4,ctd,logistic_regression,42
P27476,Q07834,0,0.7557183102296116,1,4,ctd,logistic_regression,42
P38957,Q04693,0,0.560738523314792,1,4,ctd,logistic_regression,42
P38152,Q05874,0,0.828745149765594,1,4,ctd,logistic_regression,42
P46680,Q12059,0,0.5783260702680878,1,4,ctd,logistic_regression,42
P38082,P52917,0,0.569228701097777,1,4,ctd,logistic_regression,42
P08456,P53032,0,0.3904063163956031,0,4,ctd,logistic_regression,42
P08524,Q03290,0,0.6075219315686188,1,4,ctd,logistic_regression,42
P38826,P40155,0,0.28020640390522583,0,4,ctd,logistic_regression,42
P36120,P41815,0,0.29602406386713326,0,4,ctd,logistic_regression,42
P20434,P53886,0,0.5243534323771903,1,4,ctd,logistic_regression,42
P39706,Q08965,0,0.40562091313988274,0,4,ctd,logistic_regression,42
P22082,Q04005,0,0.6401243217718098,1,4,ctd,logistic_regression,42
P38764,P53265,0,0.5228579861586268,1,4,ctd,logistic_regression,42
P40455,Q12176,0,0.6451067960863581,1,4,ctd,logistic_regression,42
P00854,Q03337,0,0.03973094964077708,0,4,ctd,logistic_regression,42
P32829,Q04272,0,0.6051502905977746,1,4,ctd,logistic_regression,42
Q03661,Q03790,0,0.5004074277464998,1,4,ctd,logistic_regression,42
P32328,P32387,0,0.5323376807540957,1,4,ctd,logistic_regression,42
P47132,P53731,0,0.11494388905389046,0,4,ctd,logistic_regression,42
P34227,P54861,0,0.44664719351635046,0,4,ctd,logistic_regression,42
Q04603,Q06251,0,0.5613261230988255,1,4,ctd,logistic_regression,42
P15436,P40341,0,0.40895935572117176,0,4,ctd,logistic_regression,42
P29311,P43545,0,0.7380215435362406,1,4,ctd,logistic_regression,42
P32803,Q08214,0,0.12726613279559443,0,4,ctd,logistic_regression,42
O13565,Q07350,0,0.6172797999648051,1,4,ctd,logistic_regression,42
Q12335,Q92331,0,0.5602164079085638,1,4,ctd,logistic_regression,42
P47025,Q06164,0,0.5839705282703989,1,4,ctd,logistic_regression,42
P14242,P40480,0,0.5773150266454682,1,4,ctd,logistic_regression,42
P07257,P53010,0,0.44585032774704375,0,4,ctd,logistic_regression,42
P53045,P53865,0,0.4424791082106759,0,4,ctd,logistic_regression,42
P36168,P40529,0,0.43078387318259165,0,4,ctd,logistic_regression,42
P32327,Q12004,0,0.6478470953234882,1,4,ctd,logistic_regression,42
P10961,P25390,0,0.5099902145812029,1,4,ctd,logistic_regression,42
P39004,Q08496,0,0.10464392444265194,0,4,ctd,logistic_regression,42
P46669,Q06440,0,0.6774941278847613,1,4,ctd,logistic_regression,42
Q02199,Q06344,0,0.3674062622561302,0,4,ctd,logistic_regression,42
P40480,Q08465,0,0.3677459982214082,0,4,ctd,logistic_regression,42
P38867,P39702,0,0.5927794815843505,1,4,ctd,logistic_regression,42
P12688,P38819,0,0.5518766325054363,1,4,ctd,logistic_regression,42
P06634,Q02516,0,0.4112029490704945,0,4,ctd,logistic_regression,42
P02309,P32562,0,0.5470485650805759,1,4,ctd,logistic_regression,42
P53973,Q06568,0,0.5369177571884972,1,4,ctd,logistic_regression,42
P39112,Q04004,0,0.4594098372119805,0,4,ctd,logistic_regression,42
P38717,P38930,0,0.5467315340731377,1,4,ctd,logistic_regression,42
P25346,Q03322,0,0.1645459491727977,0,4,ctd,logistic_regression,42
Q02825,Q08683,0,0.5415314429254285,1,4,ctd,logistic_regression,42
P39705,P54867,0,0.24322381382021604,0,4,ctd,logistic_regression,42
P36104,Q12138,0,0.35952730560188306,0,4,ctd,logistic_regression,42
P48837,Q06208,0,0.2638515581595748,0,4,ctd,logistic_regression,42
P30656,P39521,0,0.6158385155579352,1,4,ctd,logistic_regression,42
P08431,P87108,0,0.3932018931785848,0,4,ctd,logistic_regression,42
P33335,P38929,0,0.19132101253039083,0,4,ctd,logistic_regression,42
Q02776,Q12230,0,0.5139164044479634,1,4,ctd,logistic_regression,42
P13186,P38319,0,0.5541120726641494,1,4,ctd,logistic_regression,42
P47083,P54854,0,0.19343820361657926,0,4,ctd,logistic_regression,42
P23644,Q12297,0,0.2669534658348851,0,4,ctd,logistic_regression,42
P46964,Q03048,0,0.425296137101975,0,4,ctd,logistic_regression,42
P53552,Q02206,0,0.46376198737663404,0,4,ctd,logistic_regression,42
P35206,P38788,0,0.3258300985760045,0,4,ctd,logistic_regression,42
P07703,P53238,0,0.4996278106286897,0,4,ctd,logistic_regression,42
P21538,P39713,0,0.5988598658424635,1,4,ctd,logistic_regression,42
P38313,Q03435,0,0.8876716557799849,1,4,ctd,logistic_regression,42
P19955,P25502,0,0.2974458817023695,0,4,ctd,logistic_regression,42
P42841,Q12044,0,0.33172372307345455,0,4,ctd,logistic_regression,42
P07276,Q05568,0,0.2828505430018878,0,4,ctd,logistic_regression,42
P32842,P43609,0,0.18240851997149113,0,4,ctd,logistic_regression,42
Q03758,Q06344,0,0.48532271786937653,0,4,ctd,logistic_regression,42
P32478,P39702,0,0.5559476191530905,1,4,ctd,logistic_regression,42
P53344,Q12691,0,0.31653029412992556,0,4,ctd,logistic_regression,42
P39952,P40355,0,0.2165109708147719,0,4,ctd,logistic_regression,42
Q07084,Q12361,0,0.3111831782071795,0,4,ctd,logistic_regression,42
P22213,P50105,0,0.758311317315511,1,4,ctd,logistic_regression,42
P25644,Q12432,0,0.5566400668129191,1,4,ctd,logistic_regression,42
P25515,Q04958,0,0.6711967185274951,1,4,ctd,logistic_regression,42
P38863,P41817,0,0.5387075794615874,1,4,ctd,logistic_regression,42
Q03337,Q04226,0,0.3622041987942018,0,4,ctd,logistic_regression,42
P38692,P46676,0,0.4962408878533109,0,4,ctd,logistic_regression,42
P06102,P46678,0,0.608249142847126,1,4,ctd,logistic_regression,42
Q03897,Q99190,0,0.24500219950987223,0,4,ctd,logistic_regression,42
P30822,Q12450,0,0.15984287060066474,0,4,ctd,logistic_regression,42
P10622,Q06200,0,0.8472915303842025,1,4,ctd,logistic_regression,42
P50078,P53244,0,0.36197182669618216,0,4,ctd,logistic_regression,42
P53168,P53259,0,0.29366570487418575,0,4,ctd,logistic_regression,42
P32629,P38703,0,0.22549310106688997,0,4,ctd,logistic_regression,42
P39702,P47135,0,0.6815213281018155,1,4,ctd,logistic_regression,42
Q03435,Q12045,0,0.8290671553586696,1,4,ctd,logistic_regression,42
P38337,Q06245,0,0.6207454612628227,1,4,ctd,logistic_regression,42
P38298,P53104,0,0.10685563830553302,0,4,ctd,logistic_regression,42
P38144,Q05610,0,0.5522588247139669,1,4,ctd,logistic_regression,42
P16151,P38254,0,0.12403877050454767,0,4,ctd,logistic_regression,42
P22219,Q12223,0,0.3851179287063009,0,4,ctd,logistic_regression,42
P35497,Q06675,0,0.44614216772228577,0,4,ctd,logistic_regression,42
P25301,P25336,0,0.5932445677220044,1,4,ctd,logistic_regression,42
Q06409,Q12432,0,0.6087910375304235,1,4,ctd,logistic_regression,42
P22224,P22804,0,0.5824452691789929,1,4,ctd,logistic_regression,42
P22138,Q03697,0,0.32031469537834584,0,4,ctd,logistic_regression,42
P38719,Q08492,0,0.27502111105842425,0,4,ctd,logistic_regression,42
P38077,P42941,0,0.6370199634875019,1,4,ctd,logistic_regression,42
P32899,Q08032,0,0.5561220481294674,1,4,ctd,logistic_regression,42
P25567,P36125,0,0.11470748496551258,0,4,ctd,logistic_regression,42
P38736,Q03792,0,0.2677088747570267,0,4,ctd,logistic_regression,42
P41815,Q02205,0,0.3986833868505562,0,4,ctd,logistic_regression,42
P36118,P54784,0,0.3939986618089036,0,4,ctd,logistic_regression,42
P32892,P38751,0,0.17774768873808644,0,4,ctd,logistic_regression,42
P23337,Q99207,0,0.3483076958311434,0,4,ctd,logistic_regression,42
P11710,P24719,0,0.2407788282722022,0,4,ctd,logistic_regression,42
P32641,P39073,0,0.5489839866341315,1,4,ctd,logistic_regression,42
P17505,P39682,0,0.29168339716553254,0,4,ctd,logistic_regression,42
P33335,P53914,0,0.16676893517491478,0,4,ctd,logistic_regression,42
P04819,P32432,0,0.5966317446531162,1,4,ctd,logistic_regression,42
P32341,P32381,0,0.5617472300059636,1,4,ctd,logistic_regression,42
P13711,P53174,0,0.43370106115205703,0,4,ctd,logistic_regression,42
P18239,Q12159,0,0.2499320594720918,0,4,ctd,logistic_regression,42
P38084,Q12418,0,0.2610386399664835,0,4,ctd,logistic_regression,42
P25369,P38121,0,0.47471837954038687,0,4,ctd,logistic_regression,42
P40319,P53082,0,0.21380323476007346,0,4,ctd,logistic_regression,42
P38915,Q12336,0,0.1287015940682881,0,4,ctd,logistic_regression,42
P14906,P32349,0,0.38173188667226327,0,4,ctd,logistic_regression,42
P22276,P39524,0,0.5788740531259436,1,4,ctd,logistic_regression,42
P38344,P42944,0,0.6033832856905789,1,4,ctd,logistic_regression,42
P15992,Q03263,0,0.15093521736496546,0,4,ctd,logistic_regression,42
P32354,P53633,0,0.17025360315649277,0,4,ctd,logistic_regression,42
P23255,P38957,0,0.5266592827001422,1,4,ctd,logistic_regression,42
P42942,P47135,0,0.8226075517561121,1,4,ctd,logistic_regression,42
P34161,P60010,0,0.5116696573353464,1,4,ctd,logistic_regression,42
P25847,Q12420,0,0.6982862966183463,1,4,ctd,logistic_regression,42
P53971,Q03935,0,0.3066530926032084,0,4,ctd,logistic_regression,42
P40217,Q02516,0,0.18534141781529978,0,4,ctd,logistic_regression,42
Q06200,Q07442,0,0.34426511559253714,0,4,ctd,logistic_regression,42
P26755,Q12449,0,0.6611615430993752,1,4,ctd,logistic_regression,42
P01149,Q02555,0,0.24920371084469786,0,4,ctd,logistic_regression,42
P07260,P52488,0,0.6821613553065418,1,4,ctd,logistic_regression,42
Q04958,Q12327,0,0.36625441042190016,0,4,ctd,logistic_regression,42
Q06604,Q12321,0,0.31876586091988196,0,4,ctd,logistic_regression,42
P38853,P50106,0,0.378411609820776,0,4,ctd,logistic_regression,42
P12695,P38792,0,0.7110119654136119,1,4,ctd,logistic_regression,42
P35184,P40987,0,0.5930957284968927,1,4,ctd,logistic_regression,42
Q06525,Q08215,0,0.4253885965271186,0,4,ctd,logistic_regression,42
P53901,Q04003,0,0.7664026512563928,1,4,ctd,logistic_regression,42
Q08986,Q12192,0,0.1715642026402467,0,4,ctd,logistic_regression,42
P32838,P40079,0,0.6219028324659988,1,4,ctd,logistic_regression,42
P30283,Q03655,0,0.5563344792801184,1,4,ctd,logistic_regression,42
P17065,P41544,0,0.41759436992776566,0,4,ctd,logistic_regression,42
P40003,P53740,0,0.3998721595724493,0,4,ctd,logistic_regression,42
P43621,P52910,0,0.41965615699062075,0,4,ctd,logistic_regression,42
P36116,P53313,0,0.34104631747970565,0,4,ctd,logistic_regression,42
P10863,Q12060,0,0.1575497477713516,0,4,ctd,logistic_regression,42
P18239,P38774,0,0.5118331994230555,1,4,ctd,logistic_regression,42
P00899,P16474,0,0.49704707817897714,0,4,ctd,logistic_regression,42
P25648,Q06001,0,0.6242574399206229,1,4,ctd,logistic_regression,42
P25632,P25656,0,0.25265091081496505,0,4,ctd,logistic_regression,42
P24869,Q00711,0,0.4792893122366458,0,4,ctd,logistic_regression,42
P49956,P53632,0,0.4540068670697846,0,4,ctd,logistic_regression,42
P43574,P50875,0,0.5409669557712208,1,4,ctd,logistic_regression,42
P22517,Q02204,0,0.43414675713811307,0,4,ctd,logistic_regression,42
P08539,P25657,0,0.6090564323294457,1,4,ctd,logistic_regression,42
P06773,P32863,0,0.5541085802194459,1,4,ctd,logistic_regression,42
P46681,P53212,0,0.5072932542533306,1,4,ctd,logistic_regression,42
P25651,Q12327,0,0.18393633239827584,0,4,ctd,logistic_regression,42
Q07732,Q12050,0,0.5774345459803832,1,4,ctd,logistic_regression,42
P04076,P32916,0,0.5308174799839377,1,4,ctd,logistic_regression,42
P32354,Q04439,0,0.5888929625751059,1,4,ctd,logistic_regression,42
P36130,Q03691,0,0.3683002331702565,0,4,ctd,logistic_regression,42
P46671,Q03768,0,0.6149589424795651,1,4,ctd,logistic_regression,42
P40693,P47025,0,0.7972603667290205,1,4,ctd,logistic_regression,42
P38041,P38181,0,0.6145488884907814,1,4,ctd,logistic_regression,42
P28000,P38070,0,0.5963863526787296,1,4,ctd,logistic_regression,42
P38298,Q06142,0,0.22312886643523824,0,4,ctd,logistic_regression,42
P40005,Q07478,0,0.7867719083462155,1,4,ctd,logistic_regression,42
P47061,Q04491,0,0.5561912046355778,1,4,ctd,logistic_regression,42
P40079,Q02574,0,0.5391768259392009,1,4,ctd,logistic_regression,42
P07390,P43602,0,0.3728021141968478,0,4,ctd,logistic_regression,42
P29468,Q12082,0,0.23199483967706502,0,4,ctd,logistic_regression,42
P00549,P34224,0,0.4437736036050036,0,4,ctd,logistic_regression,42
P00330,P39010,0,0.34036813656848414,0,4,ctd,logistic_regression,42
P12611,P39534,0,0.4127461293817356,0,4,ctd,logistic_regression,42
Q00873,Q12446,0,0.6032769224003072,1,4,ctd,logistic_regression,42
P30606,P38872,0,0.3606604787677633,0,4,ctd,logistic_regression,42
P16862,Q08214,0,0.4916773439932073,0,4,ctd,logistic_regression,42
Q07376,Q99190,0,0.1757139454237297,0,4,ctd,logistic_regression,42
P40456,P48562,0,0.3680714523683736,0,4,ctd,logistic_regression,42
P32334,Q12469,0,0.5040479024910429,1,4,ctd,logistic_regression,42
P38910,Q02939,0,0.6548825054978423,1,4,ctd,logistic_regression,42
P40518,Q07986,0,0.3088545499905914,0,4,ctd,logistic_regression,42
P04817,P39107,0,0.3193905773832774,0,4,ctd,logistic_regression,42
P04051,P17065,0,0.4295564923149728,0,4,ctd,logistic_regression,42
P38751,Q08004,0,0.0651563869284648,0,4,ctd,logistic_regression,42
P01097,Q99314,0,0.10523614080396193,0,4,ctd,logistic_regression,42
P12904,Q07509,0,0.23946825475848255,0,4,ctd,logistic_regression,42
P38431,Q03761,0,0.5167442596361865,1,4,ctd,logistic_regression,42
P37366,P38319,0,0.2739112361097765,0,4,ctd,logistic_regression,42
P40167,P53171,0,0.412196551802185,0,4,ctd,logistic_regression,42
P25367,P53265,0,0.49178529998973713,0,4,ctd,logistic_regression,42
P40469,P47061,0,0.5243249137816842,1,4,ctd,logistic_regression,42
P24719,Q02794,0,0.47107371254484054,0,4,ctd,logistic_regression,42
P38203,Q03935,0,0.17082926425210448,0,4,ctd,logistic_regression,42
P36015,P38838,0,0.4576915220186796,0,4,ctd,logistic_regression,42
P14922,Q04195,0,0.25400127112993637,0,4,ctd,logistic_regression,42
P42942,P48415,0,0.7531337414207845,1,4,ctd,logistic_regression,42
P43545,Q06673,0,0.5933178809768519,1,4,ctd,logistic_regression,42
P34162,P47017,0,0.19438611255932536,0,4,ctd,logistic_regression,42
P32571,P38086,0,0.5276282798257507,1,4,ctd,logistic_regression,42
P38086,P80667,0,0.5787093318059,1,4,ctd,logistic_regression,42
P25299,P33419,0,0.704933437443257,1,4,ctd,logistic_regression,42
P32486,Q03503,0,0.5644901103849121,1,4,ctd,logistic_regression,42
P53061,P53886,0,0.49476534375035097,0,4,ctd,logistic_regression,42
Q02948,Q05911,0,0.681007538373063,1,4,ctd,logistic_regression,42
P12695,P38769,0,0.2992465798897167,0,4,ctd,logistic_regression,42
P33332,P40496,0,0.6282001672787458,1,4,ctd,logistic_regression,42
P35206,P41816,0,0.37282265593744235,0,4,ctd,logistic_regression,42
P11972,Q04121,0,0.37379928801194795,0,4,ctd,logistic_regression,42
P38719,P40103,0,0.7426779989028064,1,4,ctd,logistic_regression,42
P39563,P46678,0,0.2767279237011754,0,4,ctd,logistic_regression,42
P39966,Q02775,0,0.7270947180600761,1,4,ctd,logistic_regression,42
P16892,P38072,0,0.48496654304486664,0,4,ctd,logistic_regression,42
P53954,Q03900,0,0.31877818874679187,0,4,ctd,logistic_regression,42
P53269,Q02630,0,0.3338219836484277,0,4,ctd,logistic_regression,42
P17709,P43609,0,0.7523039023256791,1,4,ctd,logistic_regression,42
P19097,P38827,0,0.7199567316761624,1,4,ctd,logistic_regression,42
P07703,P38689,0,0.4813182611173134,0,4,ctd,logistic_regression,42
P39685,Q12349,0,0.21222358311972644,0,4,ctd,logistic_regression,42
P11978,P33332,0,0.7667047826058969,1,4,ctd,logistic_regression,42
P06780,P46954,0,0.48463138088251084,0,4,ctd,logistic_regression,42
P47025,Q07986,0,0.2709959738358192,0,4,ctd,logistic_regression,42
P53959,Q06151,0,0.5168684893610694,1,4,ctd,logistic_regression,42
P00549,P38712,0,0.5582723792775014,1,4,ctd,logistic_regression,42
P02400,Q02775,0,0.6240667718041064,1,4,ctd,logistic_regression,42
P11709,P38811,0,0.5574680089947484,1,4,ctd,logistic_regression,42
P40956,P40970,0,0.3538687572941623,0,4,ctd,logistic_regression,42
P53633,Q04004,0,0.2547851927010298,0,4,ctd,logistic_regression,42
P39101,Q06411,0,0.5697883299027062,1,4,ctd,logistic_regression,42
P00431,P50946,0,0.6785499113333764,1,4,ctd,logistic_regression,42
P07257,P12385,0,0.40416761135037854,0,4,ctd,logistic_regression,42
Q05933,Q12050,0,0.6957658637322826,1,4,ctd,logistic_regression,42
P28320,P38872,0,0.3881196418615211,0,4,ctd,logistic_regression,42
P07213,P13574,0,0.6740669387563076,1,4,ctd,logistic_regression,42
P38751,P38759,0,0.3872875114638912,0,4,ctd,logistic_regression,42
P39707,Q08980,0,0.4353030139868626,0,4,ctd,logistic_regression,42
P39552,P47093,0,0.29710319166927923,0,4,ctd,logistic_regression,42
P35172,P36116,0,0.32898727687415663,0,4,ctd,logistic_regression,42
P37302,P53824,0,0.797113240957787,1,4,ctd,logistic_regression,42
P28743,Q12216,0,0.5245625040863241,1,4,ctd,logistic_regression,42
Q00582,Q99382,0,0.05123515318295493,0,4,ctd,logistic_regression,42
P00729,P45818,0,0.5814589030643613,1,4,ctd,logistic_regression,42
Q02774,Q06624,0,0.3795276270780192,0,4,ctd,logistic_regression,42
P31382,Q12233,0,0.1998653921949196,0,4,ctd,logistic_regression,42
P22517,P35180,0,0.48116133776965764,0,4,ctd,logistic_regression,42
P41805,P53973,0,0.5730699727578891,1,4,ctd,logistic_regression,42
P21827,Q03792,0,0.5747422731600381,1,4,ctd,logistic_regression,42
P38702,P47053,0,0.7130169830050583,1,4,ctd,logistic_regression,42
P32629,P39113,0,0.559080452419656,1,4,ctd,logistic_regression,42
P32468,Q02795,0,0.3292270591952713,0,4,ctd,logistic_regression,42
P53061,Q06644,0,0.2399464884155855,0,4,ctd,logistic_regression,42
P35201,P52593,0,0.493081276707247,0,4,ctd,logistic_regression,42
P40527,Q04636,0,0.4388460765630397,0,4,ctd,logistic_regression,42
Q12363,Q99314,0,0.6015697290555447,1,4,ctd,logistic_regression,42
P20484,P53973,0,0.4602953020422318,0,4,ctd,logistic_regression,42
P38700,Q99190,0,0.14751034108825578,0,4,ctd,logistic_regression,42
O13297,P46961,0,0.1026626235790485,0,4,ctd,logistic_regression,42
P32583,P33306,0,0.28028619562208357,0,4,ctd,logistic_regression,42
P41911,P42934,0,0.5508190083946831,1,4,ctd,logistic_regression,42
P33296,Q04693,0,0.2699881819514363,0,4,ctd,logistic_regression,42
P47038,Q12692,0,0.2004304321746979,0,4,ctd,logistic_regression,42
P25297,P25491,0,0.4968014416811825,0,4,ctd,logistic_regression,42
P25293,P31380,0,0.6356073290912553,1,4,ctd,logistic_regression,42
P15646,P32597,0,0.9163261794147975,1,4,ctd,logistic_regression,42
P53215,Q12434,0,0.5337662939818567,1,4,ctd,logistic_regression,42
P08431,Q01217,0,0.5444596915551729,1,4,ctd,logistic_regression,42
P32588,P47027,0,0.5962163726191265,1,4,ctd,logistic_regression,42
P53258,Q04461,0,0.48656070446197,0,4,ctd,logistic_regression,42
P53169,Q12262,0,0.6900103027834302,1,4,ctd,logistic_regression,42
P32499,P40507,0,0.28477547703117806,0,4,ctd,logistic_regression,42
Q06339,Q12264,0,0.20812437101603096,0,4,ctd,logistic_regression,42
P27895,P38910,0,0.654787246602386,1,4,ctd,logistic_regression,42
Q03750,Q12206,0,0.29608587624192506,0,4,ctd,logistic_regression,42
P19882,Q04673,0,0.719725585380793,1,4,ctd,logistic_regression,42
P53295,Q05911,0,0.8336184696501835,1,4,ctd,logistic_regression,42
P32790,P53181,0,0.4929877072338995,0,4,ctd,logistic_regression,42
P47005,Q03373,0,0.38173967271773457,0,4,ctd,logistic_regression,42
P53209,Q12427,0,0.5568147476388615,1,4,ctd,logistic_regression,42
P38699,Q06549,0,0.5560321364893204,1,4,ctd,logistic_regression,42
P38156,P53081,0,0.3052303812810634,0,4,ctd,logistic_regression,42
P32797,Q99260,0,0.45341380247625157,0,4,ctd,logistic_regression,42
P17255,Q03280,0,0.5035873882884924,1,4,ctd,logistic_regression,42
P28239,P39734,0,0.44246941707158777,0,4,ctd,logistic_regression,42
P40319,P43612,0,0.10878267894476716,0,4,ctd,logistic_regression,42
P41817,Q92331,0,0.5820535872635291,1,4,ctd,logistic_regression,42
P27614,Q04636,0,0.5734091902236049,1,4,ctd,logistic_regression,42
P02309,P38129,0,0.5652852808230823,1,4,ctd,logistic_regression,42
Q04110,Q92317,0,0.374862610774776,0,4,ctd,logistic_regression,42
P32350,P38695,0,0.30215467820679853,0,4,ctd,logistic_regression,42
P25294,P25453,0,0.5338703522497374,1,4,ctd,logistic_regression,42
P40475,P47124,0,0.20358137840587312,0,4,ctd,logistic_regression,42
P32485,P34161,0,0.7475950357175971,1,4,ctd,logistic_regression,42
P18961,P20676,0,0.7895533584375328,1,4,ctd,logistic_regression,42
P40496,P53152,0,0.16732125368335574,0,4,ctd,logistic_regression,42
P33895,P53269,0,0.2139095817394227,0,4,ctd,logistic_regression,42
P32598,P53125,0,0.542150714252494,1,4,ctd,logistic_regression,42
P42934,Q12044,0,0.20979382364148416,0,4,ctd,logistic_regression,42
P35193,P53044,0,0.4488738909980828,0,4,ctd,logistic_regression,42
P43638,Q03750,0,0.6807290512933235,1,4,ctd,logistic_regression,42
P20434,P40103,0,0.5285572220283173,1,4,ctd,logistic_regression,42
P25046,Q12241,0,0.5311559822815708,1,4,ctd,logistic_regression,42
P33411,P38163,0,0.27826080580292056,0,4,ctd,logistic_regression,42
P38272,Q12045,0,0.7346191355354943,1,4,ctd,logistic_regression,42
P25389,P40478,0,0.35511478791333656,0,4,ctd,logistic_regression,42
P49573,Q06675,0,0.37291420842304596,0,4,ctd,logistic_regression,42
P53191,Q03263,0,0.2718276486142358,0,4,ctd,logistic_regression,42
P43132,Q12513,0,0.7396496086595842,1,4,ctd,logistic_regression,42
P48813,P51862,0,0.507710045030834,1,4,ctd,logistic_regression,42
P40075,P40473,0,0.5085081041649101,1,4,ctd,logistic_regression,42
P38351,P51601,0,0.6851091324288965,1,4,ctd,logistic_regression,42
P53900,Q02775,0,0.5482517089476096,1,4,ctd,logistic_regression,42
Q03935,Q12691,0,0.3775834648029232,0,4,ctd,logistic_regression,42
P36123,P53616,0,0.4561553765692411,0,4,ctd,logistic_regression,42
P04050,Q12468,0,0.25214908558614896,0,4,ctd,logistic_regression,42
P33314,P34252,0,0.620773754479434,1,4,ctd,logistic_regression,42
P39727,P53389,0,0.3793930637430167,0,4,ctd,logistic_regression,42
P06100,Q12495,0,0.6473925524253376,1,4,ctd,logistic_regression,42
P32334,Q06697,0,0.3902199328859429,0,4,ctd,logistic_regression,42
Q03860,Q99176,0,0.05579827381893478,0,4,ctd,logistic_regression,42
P04817,Q04359,0,0.33553307837641577,0,4,ctd,logistic_regression,42
P14291,P38727,0,0.3368104172198779,0,4,ctd,logistic_regression,42
P36094,P47115,0,0.43907509696586605,0,4,ctd,logistic_regression,42
P32618,P81449,0,0.48444467013563997,0,4,ctd,logistic_regression,42
P26309,Q06673,0,0.5240510646135597,1,4,ctd,logistic_regression,42
P39958,P53231,0,0.2102734998789895,0,4,ctd,logistic_regression,42
P52910,Q12300,0,0.601756898291883,1,4,ctd,logistic_regression,42
P40202,Q07914,0,0.1814615965410536,0,4,ctd,logistic_regression,42
P53163,P54854,0,0.33116628944738663,0,4,ctd,logistic_regression,42
P33421,Q06631,0,0.31922888545269745,0,4,ctd,logistic_regression,42
Q03935,Q99382,0,0.03557190609146245,0,4,ctd,logistic_regression,42
P06242,P35817,0,0.41235940334556526,0,4,ctd,logistic_regression,42
Q00723,Q02336,0,0.4794925147181494,0,4,ctd,logistic_regression,42
Q05785,Q12194,0,0.37547681331154026,0,4,ctd,logistic_regression,42
P32349,Q08749,0,0.1298293722485847,0,4,ctd,logistic_regression,42
P38817,P57743,0,0.6825961913232057,1,4,ctd,logistic_regression,42
P43555,Q06340,0,0.40535910317262397,0,4,ctd,logistic_regression,42
P40857,P43622,0,0.5207741510527781,1,4,ctd,logistic_regression,42
P39996,P40360,0,0.5165041296476287,1,4,ctd,logistic_regression,42
Q00618,Q08387,0,0.24379660540832176,0,4,ctd,logistic_regression,42
P34234,P39550,0,0.1814831110219025,0,4,ctd,logistic_regression,42
P11972,P40468,0,0.5625614913820266,1,4,ctd,logistic_regression,42
P39534,Q06245,0,0.4882410393981683,0,4,ctd,logistic_regression,42
P19658,P41912,0,0.6457942103658164,1,4,ctd,logistic_regression,42
P41895,Q08956,0,0.27928884654559877,0,4,ctd,logistic_regression,42
P15424,P32796,0,0.7552480523916119,1,4,ctd,logistic_regression,42
P20052,P25376,0,0.409411676909324,0,4,ctd,logistic_regression,42
Q01722,Q12734,0,0.45989339006861996,0,4,ctd,logistic_regression,42
P32898,P36520,0,0.5521431584738425,1,4,ctd,logistic_regression,42
P36125,Q06616,0,0.3051711955371493,0,4,ctd,logistic_regression,42
P35189,P46675,0,0.5107614749888206,1,4,ctd,logistic_regression,42
P38068,P38837,0,0.34760578801535014,0,4,ctd,logistic_regression,42
Q04636,Q06440,0,0.7671455876308063,1,4,ctd,logistic_regression,42
Q03702,Q07528,0,0.5557125283515942,1,4,ctd,logistic_regression,42
P38523,Q03784,0,0.8196945498957494,1,4,ctd,logistic_regression,42
P22204,Q06675,0,0.3892368221544007,0,4,ctd,logistic_regression,42
P42935,P50104,0,0.4209285827796537,0,4,ctd,logistic_regression,42
P08458,P38288,0,0.49497852611362214,0,4,ctd,logistic_regression,42
P19358,Q03503,0,0.6241849814073204,1,4,ctd,logistic_regression,42
P47822,P53974,0,0.6788659588211741,1,4,ctd,logistic_regression,42
P53142,Q06178,0,0.2865435765755885,0,4,ctd,logistic_regression,42
P41895,P47160,0,0.5049847519449481,1,4,ctd,logistic_regression,42
P22579,P38293,0,0.5179527630677627,1,4,ctd,logistic_regression,42
P19812,P54854,0,0.25079819190219405,0,4,ctd,logistic_regression,42
P38086,Q08273,0,0.8096735242400155,1,4,ctd,logistic_regression,42
P43542,Q02908,0,0.44519004606188356,0,4,ctd,logistic_regression,42
P32566,P46956,0,0.3168606335948464,0,4,ctd,logistic_regression,42
P32328,P35201,0,0.3555631544352551,0,4,ctd,logistic_regression,42
P25656,P32788,0,0.3771840001073846,0,4,ctd,logistic_regression,42
P43545,Q03280,0,0.5562974484920447,1,4,ctd,logistic_regression,42
P40453,P53823,0,0.48554699414588104,0,4,ctd,logistic_regression,42
P23639,P34241,0,0.3820704941365762,0,4,ctd,logistic_regression,42
P14737,P32805,0,0.6585650988489875,1,4,ctd,logistic_regression,42
P12754,P20436,0,0.46847691008604087,0,4,ctd,logistic_regression,42
P38991,P53299,0,0.6168765298819251,1,4,ctd,logistic_regression,42
P32464,P32559,0,0.30041204343370115,0,4,ctd,logistic_regression,42
P25346,Q06631,0,0.1874020975590034,0,4,ctd,logistic_regression,42
P00359,P07248,0,0.5079648587986172,1,4,ctd,logistic_regression,42
P42942,P53174,0,0.573785123580748,1,4,ctd,logistic_regression,42
P32486,P40563,0,0.6307532576312467,1,4,ctd,logistic_regression,42
P04051,P54837,0,0.21494779492262692,0,4,ctd,logistic_regression,42
P13259,P36036,0,0.6427250520134195,1,4,ctd,logistic_regression,42
P00359,P46956,0,0.28038045330430694,0,4,ctd,logistic_regression,42
P32859,P47058,0,0.5362059520685681,1,4,ctd,logistic_regression,42
O14467,Q02608,0,0.5514495837938737,1,4,ctd,logistic_regression,42
P40343,Q06245,0,0.5712116785128667,1,4,ctd,logistic_regression,42
P06783,P38757,0,0.1475866463444093,0,4,ctd,logistic_regression,42
P32334,P53893,0,0.5360405599821727,1,4,ctd,logistic_regression,42
P32569,P38070,0,0.5578322146728629,1,4,ctd,logistic_regression,42
P20457,Q05871,0,0.3078931069623213,0,4,ctd,logistic_regression,42
P04076,P38781,0,0.46910293148800813,0,4,ctd,logistic_regression,42
P31111,P40357,0,0.5928379390712422,1,4,ctd,logistic_regression,42
P38886,P53344,0,0.42777617980870886,0,4,ctd,logistic_regression,42
P38111,P53236,0,0.5031997122250566,1,4,ctd,logistic_regression,42
P04786,P41813,0,0.5128237554745638,1,4,ctd,logistic_regression,42
P25346,Q12527,0,0.18828253023226862,0,4,ctd,logistic_regression,42
P23291,P53277,0,0.6743474826375527,1,4,ctd,logistic_regression,42
Q02630,Q03406,0,0.3456720411214346,0,4,ctd,logistic_regression,42
P36116,P47049,0,0.6101407717155589,1,4,ctd,logistic_regression,42
P06774,P39003,0,0.13347095618221108,0,4,ctd,logistic_regression,42
P32447,Q12161,0,0.2948867050802592,0,4,ctd,logistic_regression,42
P22203,Q08923,0,0.44257738412503106,0,4,ctd,logistic_regression,42
P40554,Q12059,0,0.4231003351197374,0,4,ctd,logistic_regression,42
P02293,P07272,0,0.31428822454257827,0,4,ctd,logistic_regression,42
P47167,Q12241,0,0.6027042594992573,1,4,ctd,logistic_regression,42
P32897,P34758,0,0.5735082735189577,1,4,ctd,logistic_regression,42
P21957,P32605,0,0.30944718720728986,0,4,ctd,logistic_regression,42
Q12285,Q99278,0,0.6046510898974474,1,4,ctd,logistic_regression,42
P40217,P53039,0,0.26659103848448773,0,4,ctd,logistic_regression,42
P06780,P35180,0,0.36247134198549114,0,4,ctd,logistic_regression,42
P12683,P36022,0,0.5520830847113153,1,4,ctd,logistic_regression,42
P21672,P40020,0,0.4058854742108507,0,4,ctd,logistic_regression,42
P29055,P53202,0,0.42225205996289883,0,4,ctd,logistic_regression,42
P25359,P48581,0,0.6127026721087018,1,4,ctd,logistic_regression,42
P40316,P53823,0,0.5525839343197894,1,4,ctd,logistic_regression,42
P40352,Q00246,0,0.46294978337468234,0,4,ctd,logistic_regression,42
P22135,P32319,0,0.24170626622148603,0,4,ctd,logistic_regression,42
P10355,P39083,0,0.41969710267164545,0,4,ctd,logistic_regression,42
P17106,P38282,0,0.610819948718935,1,4,ctd,logistic_regression,42
P16370,Q03532,0,0.6314890372539294,1,4,ctd,logistic_regression,42
Q02204,Q03898,0,0.2912352249528866,0,4,ctd,logistic_regression,42
Q04233,Q12030,0,0.5985554578417943,1,4,ctd,logistic_regression,42
P54786,Q03125,0,0.4183813651243852,0,4,ctd,logistic_regression,42
P17123,P53750,0,0.38158670554683843,0,4,ctd,logistic_regression,42
Q03088,Q06001,0,0.7841622021460216,1,4,ctd,logistic_regression,42
P22147,Q12192,0,0.4666744099134687,0,4,ctd,logistic_regression,42
P39009,P53824,0,0.720180700952784,1,4,ctd,logistic_regression,42
P38264,P38273,0,0.4138682133863993,0,4,ctd,logistic_regression,42
P38261,P53973,0,0.4475479954957045,0,4,ctd,logistic_regression,42
P27692,P38989,0,0.5731077480610806,1,4,ctd,logistic_regression,42
P06777,Q12154,0,0.6600991230489097,1,4,ctd,logistic_regression,42
P80428,Q02767,0,0.6416912179193264,1,4,ctd,logistic_regression,42
P07250,Q12152,0,0.5326420529429925,1,4,ctd,logistic_regression,42
P33335,Q08558,0,0.32275548811996385,0,4,ctd,logistic_regression,42
P53233,Q12045,0,0.23589672563097136,0,4,ctd,logistic_regression,42
P46678,Q03920,0,0.5510082137504743,1,4,ctd,logistic_regression,42
P53901,Q04305,0,0.6444215318764693,1,4,ctd,logistic_regression,42
P19812,P38703,0,0.2464218815103983,0,4,ctd,logistic_regression,42
P53211,Q12174,0,0.5671667677417791,1,4,ctd,logistic_regression,42
P38863,P38968,0,0.45195738289586945,0,4,ctd,logistic_regression,42
P38819,Q12208,0,0.3943419926810428,0,4,ctd,logistic_regression,42
P38204,Q06676,0,0.01357987227475191,0,4,ctd,logistic_regression,42
P39966,Q99314,0,0.823365524725361,1,4,ctd,logistic_regression,42
P39744,P54837,0,0.2821541525258851,0,4,ctd,logistic_regression,42
P18900,P41697,0,0.4304671943832567,0,4,ctd,logistic_regression,42
P10355,P32836,0,0.3729211714392335,0,4,ctd,logistic_regression,42
P33401,Q02208,0,0.449290220186384,0,4,ctd,logistic_regression,42
P25046,P25604,0,0.474461987599015,0,4,ctd,logistic_regression,42
P10961,P38720,0,0.5526368626302537,1,4,ctd,logistic_regression,42
P27895,P39547,0,0.4291897486376594,0,4,ctd,logistic_regression,42
P25293,P53272,0,0.5945599833864194,1,4,ctd,logistic_regression,42
P06775,P13517,0,0.4032221148861622,0,4,ctd,logistic_regression,42
P16151,P33311,0,0.24334059363134564,0,4,ctd,logistic_regression,42
P33892,Q12216,0,0.45142990235502817,0,4,ctd,logistic_regression,42
P33767,P47150,0,0.3010609741967775,0,4,ctd,logistic_regression,42
P38112,Q04003,0,0.47623837029560834,0,4,ctd,logistic_regression,42
P18238,P47090,0,0.23268597107492553,0,4,ctd,logistic_regression,42
P23644,Q03702,0,0.43051055525315873,0,4,ctd,logistic_regression,42
P09938,Q06697,0,0.5385049838357693,1,4,ctd,logistic_regression,42
P04786,P19454,0,0.6141749245997569,1,4,ctd,logistic_regression,42
P24870,P53231,0,0.36027609369067304,0,4,ctd,logistic_regression,42
P32447,Q02775,0,0.2861351559158708,0,4,ctd,logistic_regression,42
P38358,Q08271,0,0.2119733563903008,0,4,ctd,logistic_regression,42
P41940,P48439,0,0.14302322681966256,0,4,ctd,logistic_regression,42
P25046,P38629,0,0.6434331955949821,1,4,ctd,logistic_regression,42
P48582,P53910,0,0.3746107750970068,0,4,ctd,logistic_regression,42
P53253,Q12343,0,0.3598167026581701,0,4,ctd,logistic_regression,42
P38953,Q03081,0,0.5141584915334474,1,4,ctd,logistic_regression,42
P06786,P12684,0,0.556222176859351,1,4,ctd,logistic_regression,42
P23255,P38717,0,0.45547734002377327,0,4,ctd,logistic_regression,42
P14742,P39996,0,0.7204716325416806,1,4,ctd,logistic_regression,42
P40090,Q05785,0,0.6145456992311622,1,4,ctd,logistic_regression,42
P36118,P38181,0,0.4281220720426706,0,4,ctd,logistic_regression,42
P38910,Q03338,0,0.5822419139235324,1,4,ctd,logistic_regression,42
P16151,P38932,0,0.17762998783422113,0,4,ctd,logistic_regression,42
P23641,Q04491,0,0.32630433447847873,0,4,ctd,logistic_regression,42
P09457,Q06551,0,0.4417345635798881,0,4,ctd,logistic_regression,42
P18759,P43132,0,0.44141290445523473,0,4,ctd,logistic_regression,42
P40360,P40509,0,0.2990498638166171,0,4,ctd,logistic_regression,42
P46947,P89105,0,0.48450454794147557,0,4,ctd,logistic_regression,42
P40069,Q07350,0,0.6931011977476372,1,4,ctd,logistic_regression,42
P07834,P53954,0,0.6742142286772952,1,4,ctd,logistic_regression,42
P38147,P53091,0,0.5586257013989783,1,4,ctd,logistic_regression,42
P40434,P48412,0,0.2794300087683909,0,4,ctd,logistic_regression,42
P04050,P12612,0,0.5403958424048468,1,4,ctd,logistic_regression,42
P36131,Q08562,0,0.53232380355886,1,4,ctd,logistic_regression,42
P89105,Q04264,0,0.3866593252022415,0,4,ctd,logistic_regression,42
P23255,P41815,0,0.2870866504795332,0,4,ctd,logistic_regression,42
P05318,P52960,0,0.8316901800078063,1,4,ctd,logistic_regression,42
P06774,Q08649,0,0.4329657166892484,0,4,ctd,logistic_regression,42
P39936,Q03661,0,0.5587839662020975,1,4,ctd,logistic_regression,42
P40507,Q06344,0,0.44665368891341584,0,4,ctd,logistic_regression,42
P29295,P54790,0,0.6223014211364353,1,4,ctd,logistic_regression,42
P32914,P52490,0,0.5107980684142364,1,4,ctd,logistic_regression,42
P27476,P40316,0,0.7835277916602591,1,4,ctd,logistic_regression,42
P32529,Q04930,0,0.3157667083545166,0,4,ctd,logistic_regression,42
P39705,Q12161,0,0.4088956581771676,0,4,ctd,logistic_regression,42
P38744,Q06644,0,0.5178560524937158,1,4,ctd,logistic_regression,42
P28519,Q06216,0,0.8787506457835169,1,4,ctd,logistic_regression,42
P32913,Q12149,0,0.5910057688278877,1,4,ctd,logistic_regression,42
P23642,P35206,0,0.2573905267108489,0,4,ctd,logistic_regression,42
P31380,P47019,0,0.43052700582305603,0,4,ctd,logistic_regression,42
P43555,Q12328,0,0.34444316669176445,0,4,ctd,logistic_regression,42
P25298,P35191,0,0.32951108083149544,0,4,ctd,logistic_regression,42
P30605,Q12406,0,0.29576183245751797,0,4,ctd,logistic_regression,42
P35180,Q04226,0,0.20852678871467548,0,4,ctd,logistic_regression,42
P46948,Q9URQ3,0,0.6751895120716335,1,4,ctd,logistic_regression,42
P25579,P41800,0,0.5143572011977571,1,4,ctd,logistic_regression,42
P37370,P39987,0,0.2515614904396058,0,4,ctd,logistic_regression,42
P06704,Q06490,0,0.058266435917547967,0,4,ctd,logistic_regression,42
P38270,P39704,0,0.11703440693847604,0,4,ctd,logistic_regression,42
P32364,P43621,0,0.6255465728600983,1,4,ctd,logistic_regression,42
P40885,P48837,0,0.2088991370625668,0,4,ctd,logistic_regression,42
P21827,Q08972,0,0.7583111665921549,1,4,ctd,logistic_regression,42
P32453,P47074,0,0.39886301677478403,0,4,ctd,logistic_regression,42
P40987,Q08208,0,0.6092966590632998,1,4,ctd,logistic_regression,42
Q03784,Q07980,0,0.599663346211153,1,4,ctd,logistic_regression,42
P13663,P53851,0,0.6153445534195008,1,4,ctd,logistic_regression,42
Q00873,Q06604,0,0.5176719217447229,1,4,ctd,logistic_regression,42
P07248,Q05931,0,0.6894304031005379,1,4,ctd,logistic_regression,42
P08518,Q05930,0,0.5655406068955025,1,4,ctd,logistic_regression,42
P33301,P53912,0,0.6089588274028553,1,4,ctd,logistic_regression,42
P21827,Q06815,0,0.5301066694757506,1,4,ctd,logistic_regression,42
P11978,P32601,0,0.6253124983070675,1,4,ctd,logistic_regression,42
P35191,P36139,0,0.3786199825380355,0,4,ctd,logistic_regression,42
P25046,P38717,0,0.4719556919921761,0,4,ctd,logistic_regression,42
Q04067,Q07350,0,0.8398627888356752,1,4,ctd,logistic_regression,42
P53070,Q04964,0,0.23687528516672499,0,4,ctd,logistic_regression,42
P26754,P38700,0,0.7558633210352438,1,4,ctd,logistic_regression,42
P53552,Q04225,0,0.43178101745388925,0,4,ctd,logistic_regression,42
P40957,Q06512,0,0.5868447939517949,1,4,ctd,logistic_regression,42
P36121,P38820,0,0.5613799135727123,1,4,ctd,logistic_regression,42
P43574,Q03834,0,0.8228630638271682,1,4,ctd,logistic_regression,42
P36224,Q12270,0,0.14099955235940867,0,4,ctd,logistic_regression,42
P13902,P38682,0,0.5756351440865465,1,4,ctd,logistic_regression,42
P22543,Q06339,0,0.5228488635507625,1,4,ctd,logistic_regression,42
P38112,P40453,0,0.5061161151026425,1,4,ctd,logistic_regression,42
P35177,Q00245,0,0.509704186624786,1,4,ctd,logistic_regression,42
Q03834,Q06108,0,0.6745808059225539,1,4,ctd,logistic_regression,42
Q02895,Q04675,0,0.4512461042224355,0,4,ctd,logistic_regression,42
P14908,P53313,0,0.2744068612974122,0,4,ctd,logistic_regression,42
P02557,Q12749,0,0.6282219535090794,1,4,ctd,logistic_regression,42
P50104,Q06616,0,0.7882501327878817,1,4,ctd,logistic_regression,42
P53212,Q06628,0,0.4993552462634671,0,4,ctd,logistic_regression,42
Q06344,Q12175,0,0.47884721368345173,0,4,ctd,logistic_regression,42
P25655,P38877,0,0.44164977340017497,0,4,ctd,logistic_regression,42
P16892,P40090,0,0.7421574557791826,1,4,ctd,logistic_regression,42
P32366,P42942,0,0.7262871933652364,1,4,ctd,logistic_regression,42
P53150,Q02776,0,0.34310258828579737,0,4,ctd,logistic_regression,42
P23585,Q12301,0,0.23008352517010444,0,4,ctd,logistic_regression,42
P06738,P40343,0,0.6220108401667064,1,4,ctd,logistic_regression,42
P41810,P50106,0,0.6370119426859383,1,4,ctd,logistic_regression,42
P38699,P40960,0,0.2637470831882681,0,4,ctd,logistic_regression,42
P38902,P54885,0,0.8074154417155817,1,4,ctd,logistic_regression,42
P26309,P38883,0,0.5577470539329282,1,4,ctd,logistic_regression,42
P19358,P48361,0,0.4894625520472649,0,4,ctd,logistic_regression,42
P32578,P32597,0,0.6670425793708649,1,4,ctd,logistic_regression,42
P38992,P39730,0,0.3941160386002663,0,4,ctd,logistic_regression,42
P32599,Q12019,0,0.5494855696583241,1,4,ctd,logistic_regression,42
P47160,Q08975,0,0.30237836971373505,0,4,ctd,logistic_regression,42
P42073,Q12157,0,0.5362506138096792,1,4,ctd,logistic_regression,42
P47090,Q08746,0,0.28971196392936954,0,4,ctd,logistic_regression,42
P38690,P46674,0,0.5072472950420186,1,4,ctd,logistic_regression,42
P23301,Q07509,0,0.13586705293019016,0,4,ctd,logistic_regression,42
Q03148,Q05900,0,0.6068291591174719,1,4,ctd,logistic_regression,42
P11972,P43682,0,0.3242930719577369,0,4,ctd,logistic_regression,42
P32916,P39990,0,0.39254242308060067,0,4,ctd,logistic_regression,42
P38149,P38699,0,0.5237033476718967,1,4,ctd,logistic_regression,42
P39955,Q92331,0,0.5668656269674597,1,4,ctd,logistic_regression,42
P43638,P49334,0,0.4998488573250847,0,4,ctd,logistic_regression,42
P32499,Q04958,0,0.5319383308504386,1,4,ctd,logistic_regression,42
P32496,P40478,0,0.41100732208123086,0,4,ctd,logistic_regression,42
P27614,P36129,0,0.07749196538637572,0,4,ctd,logistic_regression,42
P04912,Q12396,0,0.313806209944498,0,4,ctd,logistic_regression,42
P33301,Q04370,0,0.32262388211286724,0,4,ctd,logistic_regression,42
P07272,P40496,0,0.23683915733413718,0,4,ctd,logistic_regression,42
P32805,P53865,0,0.7518055959310304,1,4,ctd,logistic_regression,42
P33297,Q03944,0,0.7122698853827306,1,4,ctd,logistic_regression,42
P53237,Q03063,0,0.3919539615798308,0,4,ctd,logistic_regression,42
P39730,P46676,0,0.5224400657457265,1,4,ctd,logistic_regression,42
P32912,P38719,0,0.6068728811297545,1,4,ctd,logistic_regression,42
P38072,P38346,0,0.5406863828605849,1,4,ctd,logistic_regression,42
Q00873,Q04322,0,0.5698950283133951,1,4,ctd,logistic_regression,42
P38720,P50078,0,0.5469765192807367,1,4,ctd,logistic_regression,42
P26754,Q02260,0,0.5318715753314534,1,4,ctd,logistic_regression,42
P37366,P43682,0,0.1779456821082093,0,4,ctd,logistic_regression,42
P28274,P38837,0,0.36030214818061657,0,4,ctd,logistic_regression,42
P22804,P34218,0,0.3465553999909959,0,4,ctd,logistic_regression,42
P40460,P53256,0,0.8777545555492898,1,4,ctd,logistic_regression,42
P51534,Q03280,0,0.6249112784147869,1,4,ctd,logistic_regression,42
P39515,Q04217,0,0.7791391668206518,1,4,ctd,logistic_regression,42
P38920,P39076,0,0.744283976200775,1,4,ctd,logistic_regression,42
P40087,P53857,0,0.6778886620794138,1,4,ctd,logistic_regression,42
P33418,Q12102,0,0.5248931152034235,1,4,ctd,logistic_regression,42
P53248,Q02795,0,0.5914928326451678,1,4,ctd,logistic_regression,42
P38823,Q04089,0,0.7033498176512648,1,4,ctd,logistic_regression,42
P32641,P38077,0,0.3459243014545528,0,4,ctd,logistic_regression,42
P38153,Q07458,0,0.6486033213482932,1,4,ctd,logistic_regression,42
P25045,P80667,0,0.4038164126939879,0,4,ctd,logistic_regression,42
P39678,P40517,0,0.660581752759717,1,4,ctd,logistic_regression,42
P25655,P38702,0,0.5882218598369141,1,4,ctd,logistic_regression,42
P40339,Q06677,0,0.6818831121399482,1,4,ctd,logistic_regression,42
P34226,P38881,0,0.4588133988222191,0,4,ctd,logistic_regression,42
P32597,P32618,0,0.502958965264853,1,4,ctd,logistic_regression,42
P38953,Q08601,0,0.6208150775572046,1,4,ctd,logistic_regression,42
P34240,P43560,0,0.8397503767656256,1,4,ctd,logistic_regression,42
P21691,P38301,0,0.2624188135482577,0,4,ctd,logistic_regression,42
P22135,P40010,0,0.39050610362198973,0,4,ctd,logistic_regression,42
P39550,P40988,0,0.0908124833593251,0,4,ctd,logistic_regression,42
P38792,P42944,0,0.7413149810192706,1,4,ctd,logistic_regression,42
P33338,P54862,0,0.22281868854715492,0,4,ctd,logistic_regression,42
P12684,P47166,0,0.45044762144023814,0,4,ctd,logistic_regression,42
P10659,P25371,0,0.4014120037419818,0,4,ctd,logistic_regression,42
P04050,P23561,0,0.5583391355114915,1,4,ctd,logistic_regression,42
P22133,Q08980,0,0.2591916751658704,0,4,ctd,logistic_regression,42
P40060,Q08109,0,0.4066617456304094,0,4,ctd,logistic_regression,42
P33301,Q06651,0,0.41352946534343615,0,4,ctd,logistic_regression,42
P22202,Q02608,0,0.2733970585021248,0,4,ctd,logistic_regression,42
P43603,P53181,0,0.22200561558336,0,4,ctd,logistic_regression,42
P36018,P52491,0,0.6579021189813717,1,4,ctd,logistic_regression,42
P47052,Q12402,0,0.1694169626701694,0,4,ctd,logistic_regression,42
P38879,P39534,0,0.5701107673272237,1,4,ctd,logistic_regression,42
Q04231,Q08902,0,0.22035983850609392,0,4,ctd,logistic_regression,42
P08518,P40564,0,0.2403623350143781,0,4,ctd,logistic_regression,42
P21304,P38204,0,0.5281577096830901,1,4,ctd,logistic_regression,42
P36047,Q01080,0,0.7791325866324601,1,4,ctd,logistic_regression,42
P25615,P35718,0,0.69393682913504,1,4,ctd,logistic_regression,42
P38194,Q06675,0,0.20526497576139344,0,4,ctd,logistic_regression,42
P24384,Q08723,0,0.545909812126177,1,4,ctd,logistic_regression,42
P38968,Q12224,0,0.548616468316597,1,4,ctd,logistic_regression,42
P32801,P39534,0,0.6329372613998868,1,4,ctd,logistic_regression,42
P38904,Q00772,0,0.47753711847569347,0,4,ctd,logistic_regression,42
P07250,P38774,0,0.5473685660801874,1,4,ctd,logistic_regression,42
P00724,P47167,0,0.3129160542290001,0,4,ctd,logistic_regression,42
P34160,P53253,0,0.3656900417618167,0,4,ctd,logistic_regression,42
P43588,P47052,0,0.5307727631153618,1,4,ctd,logistic_regression,42
P34252,P57744,0,0.4448138669538781,0,4,ctd,logistic_regression,42
P40340,P47115,0,0.5134478326832969,1,4,ctd,logistic_regression,42
P32578,P53633,0,0.2678782477744946,0,4,ctd,logistic_regression,42
P33332,P53877,0,0.618767260192353,1,4,ctd,logistic_regression,42
P36125,P49955,0,0.26059676264838655,0,4,ctd,logistic_regression,42
P32263,P47074,0,0.36911723571884303,0,4,ctd,logistic_regression,42
P22543,P52960,0,0.4843762193744997,0,4,ctd,logistic_regression,42
P39112,P47171,0,0.44385374779323555,0,4,ctd,logistic_regression,42
P36009,Q06096,0,0.43851824073970264,0,4,ctd,logistic_regression,42
P19736,P40005,0,0.7257593689961745,1,4,ctd,logistic_regression,42
P31385,P35817,0,0.4612022838759772,0,4,ctd,logistic_regression,42
P33322,P39101,0,0.3408232207784752,0,4,ctd,logistic_regression,42
P04076,P53299,0,0.6929333356297354,1,4,ctd,logistic_regression,42
P38838,Q99176,0,0.5855026100800313,1,4,ctd,logistic_regression,42
P38138,Q00916,0,0.35544450040370995,0,4,ctd,logistic_regression,42
P22133,P32807,0,0.39064951698278494,0,4,ctd,logistic_regression,42
P21190,P53070,0,0.32865846297248946,0,4,ctd,logistic_regression,42
P11978,P53032,0,0.3120826962017062,0,4,ctd,logistic_regression,42
P38682,Q02776,0,0.3524127425872567,0,4,ctd,logistic_regression,42
P39928,Q12285,0,0.43652471554479044,0,4,ctd,logistic_regression,42
P43560,P53953,0,0.5838602558748983,1,4,ctd,logistic_regression,42
P32803,Q03790,0,0.16917547152292023,0,4,ctd,logistic_regression,42
P32859,P53552,0,0.6395050665049228,1,4,ctd,logistic_regression,42
P07250,P19454,0,0.5700697097414923,1,4,ctd,logistic_regression,42
P00410,P36010,0,0.1561745997279961,0,4,ctd,logistic_regression,42
P53280,Q05016,0,0.5026756809112445,1,4,ctd,logistic_regression,42
P38867,P41546,0,0.5172717222177129,1,4,ctd,logistic_regression,42
P32794,P35201,0,0.4184983341707345,0,4,ctd,logistic_regression,42
P39960,Q08562,0,0.5996884588863516,1,4,ctd,logistic_regression,42
Q06631,Q06644,0,0.3377918923398228,0,4,ctd,logistic_regression,42
P12954,Q03735,0,0.6783461406086898,1,4,ctd,logistic_regression,42
P35728,Q01080,0,0.5057039742053869,1,4,ctd,logistic_regression,42
P38622,P38811,0,0.5896297435741245,1,4,ctd,logistic_regression,42
P38822,P40510,0,0.6512978680363407,1,4,ctd,logistic_regression,42
P19454,Q99382,0,0.16672337232570184,0,4,ctd,logistic_regression,42
P04911,Q03656,0,0.41548384833068186,0,4,ctd,logistic_regression,42
P13393,Q03661,0,0.2699612836253483,0,4,ctd,logistic_regression,42
Q08496,Q12262,0,0.6346393430617332,1,4,ctd,logistic_regression,42
P23202,P40360,0,0.54189954861405,1,4,ctd,logistic_regression,42
P34160,P40014,0,0.6912966232912547,1,4,ctd,logistic_regression,42
P07248,Q04978,0,0.7044221760316874,1,4,ctd,logistic_regression,42
P22804,Q12224,0,0.7786656444364563,1,4,ctd,logistic_regression,42
P39875,P46961,0,0.05811103609677644,0,4,ctd,logistic_regression,42
P32805,Q02793,0,0.6080120674983256,1,4,ctd,logistic_regression,42
P01119,P32563,0,0.349571353937205,0,4,ctd,logistic_regression,42
P14359,P38744,0,0.08422395987066006,0,4,ctd,logistic_regression,42
P29468,P53685,0,0.4520164345735626,0,4,ctd,logistic_regression,42
P25357,P35191,0,0.6525588971151131,1,4,ctd,logistic_regression,42
P10961,P38070,0,0.5207841990295897,1,4,ctd,logistic_regression,42
P06782,P40032,0,0.7124150661043881,1,4,ctd,logistic_regression,42
P36165,Q05911,0,0.6541519805468048,1,4,ctd,logistic_regression,42
P33892,P53823,0,0.5527339755002615,1,4,ctd,logistic_regression,42
P28707,P38068,0,0.47904106904656735,0,4,ctd,logistic_regression,42
P23594,Q03280,0,0.6592517819886449,1,4,ctd,logistic_regression,42
P42934,P53243,0,0.41635056002792126,0,4,ctd,logistic_regression,42
P53259,P53323,0,0.4628950334396253,0,4,ctd,logistic_regression,42
P45976,P53297,0,0.47879634199868243,0,4,ctd,logistic_regression,42
P01097,P40509,0,0.023487061600059485,0,4,ctd,logistic_regression,42
P40018,P53231,0,0.3088519483233551,0,4,ctd,logistic_regression,42
P21182,Q12004,0,0.4347730815668843,0,4,ctd,logistic_regression,42
P53115,Q12138,0,0.46575763815347726,0,4,ctd,logistic_regression,42
P33401,Q12321,0,0.4145587478313145,0,4,ctd,logistic_regression,42
O13559,P28274,0,0.6308222682852165,1,4,ctd,logistic_regression,42
P32832,P42934,0,0.3828868648882178,0,4,ctd,logistic_regression,42
P32341,P38629,0,0.5429227348151374,1,4,ctd,logistic_regression,42
P38855,P39534,0,0.41783100712215115,0,4,ctd,logistic_regression,42
P07260,P28241,0,0.6539103695841282,1,4,ctd,logistic_regression,42
P39548,P50104,0,0.4774462903155815,0,4,ctd,logistic_regression,42
P48439,Q08215,0,0.3925987128480082,0,4,ctd,logistic_regression,42
P46674,Q07442,0,0.33124607364176606,0,4,ctd,logistic_regression,42
P09119,P22203,0,0.6633055187174277,1,4,ctd,logistic_regression,42
P38439,P53919,0,0.7727742224307107,1,4,ctd,logistic_regression,42
P25376,P25575,0,0.5085995192198735,1,4,ctd,logistic_regression,42
P32524,Q9URQ3,0,0.5626431605260668,1,4,ctd,logistic_regression,42
P11433,P25346,0,0.21931936311029301,0,4,ctd,logistic_regression,42
P40478,P41940,0,0.2978920602987832,0,4,ctd,logistic_regression,42
P28239,P32805,0,0.6324473669363188,1,4,ctd,logistic_regression,42
P16370,P36973,0,0.5512078697136583,1,4,ctd,logistic_regression,42
P39010,P53313,0,0.3094014494529886,0,4,ctd,logistic_regression,42
P38249,P52491,0,0.4047420294065608,0,4,ctd,logistic_regression,42
P35184,P40341,0,0.4276318594354224,0,4,ctd,logistic_regression,42
P24783,P53824,0,0.7899597759521488,1,4,ctd,logistic_regression,42
P14682,P40456,0,0.24334458593620475,0,4,ctd,logistic_regression,42
P37012,P41546,0,0.5921452708869964,1,4,ctd,logistic_regression,42
P10507,P36008,0,0.5931976202018424,1,4,ctd,logistic_regression,42
P38783,P43609,0,0.5074312164067164,1,4,ctd,logistic_regression,42
P31382,Q03661,0,0.44658667978394784,0,4,ctd,logistic_regression,42
P27999,P33311,0,0.32322898872798705,0,4,ctd,logistic_regression,42
P38165,Q03834,0,0.7025558154853947,1,4,ctd,logistic_regression,42
P48234,Q08921,0,0.4538886586420963,0,4,ctd,logistic_regression,42
P15938,P40328,0,0.46912891771170334,0,4,ctd,logistic_regression,42
P39008,P47110,0,0.6592120492338739,1,4,ctd,logistic_regression,42
P05986,P40032,0,0.6944243187217998,1,4,ctd,logistic_regression,42
P00358,P30283,0,0.548446624293766,1,4,ctd,logistic_regression,42
