protein_a,protein_b,y_true,y_probability,y_pred,split,model,representation,seed
P09435,P53049,1,0.5833333333333334,1,one_unseen,random_forest,aac_ctd,42
P16140,Q12199,1,0.5266666666666666,1,one_unseen,random_forest,aac_ctd,42
P22203,P43603,1,0.37333333333333335,0,one_unseen,random_forest,aac_ctd,42
Q08558,Q99189,1,0.45666666666666667,0,one_unseen,random_forest,aac_ctd,42
P08431,Q06142,1,0.6033333333333334,1,one_unseen,random_forest,aac_ctd,42
P32573,P40956,1,0.5066666666666667,1,one_unseen,random_forest,aac_ctd,42
P01149,P33303,1,0.37666666666666665,0,one_unseen,random_forest,aac_ctd,42
P07270,P38801,1,0.5366666666666666,1,one_unseen,random_forest,aac_ctd,42
P00359,P32864,1,0.43666666666666665,0,one_unseen,random_forest,aac_ctd,42
P18963,P20438,1,0.49333333333333335,0,one_unseen,random_forest,aac_ctd,42
P38805,P40335,1,0.4766666666666667,0,one_unseen,random_forest,aac_ctd,42
P22204,P50086,1,0.58,1,one_unseen,random_forest,aac_ctd,42
P32605,P38798,1,0.5033333333333333,1,one_unseen,random_forest,aac_ctd,42
P25515,P39966,1,0.45,0,one_unseen,random_forest,aac_ctd,42
P35182,Q03785,1,0.6066666666666667,1,one_unseen,random_forest,aac_ctd,42
P47104,Q07915,1,0.46,0,one_unseen,random_forest,aac_ctd,42
P18494,Q12477,1,0.56,1,one_unseen,random_forest,aac_ctd,42
P29340,P43563,1,0.44666666666666666,0,one_unseen,random_forest,aac_ctd,42
P38874,P50277,1,0.5533333333333333,1,one_unseen,random_forest,aac_ctd,42
P40007,Q08217,1,0.44,0,one_unseen,random_forest,aac_ctd,42
P20435,Q04978,1,0.5366666666666666,1,one_unseen,random_forest,aac_ctd,42
P22007,Q12285,1,0.5666666666666667,1,one_unseen,random_forest,aac_ctd,42
P22517,P38315,1,0.5833333333333334,1,one_unseen,random_forest,aac_ctd,42
P21243,Q08119,1,0.61,1,one_unseen,random_forest,aac_ctd,42
P25303,P53267,1,0.58,1,one_unseen,random_forest,aac_ctd,42
P22203,P53163,1,0.5066666666666667,1,one_unseen,random_forest,aac_ctd,42
P32898,P53863,1,0.4533333333333333,0,one_unseen,random_forest,aac_ctd,42
P02293,Q03010,1,0.48,0,one_unseen,random_forest,aac_ctd,42
P25580,P38272,1,0.45666666666666667,0,one_unseen,random_forest,aac_ctd,42
P25342,Q00246,1,0.4866666666666667,0,one_unseen,random_forest,aac_ctd,42
P33299,Q12264,1,0.22333333333333333,0,one_unseen,random_forest,aac_ctd,42
P04912,P53211,1,0.49,0,one_unseen,random_forest,aac_ctd,42
P06784,P29340,1,0.48333333333333334,0,one_unseen,random_forest,aac_ctd,42
P11484,P53600,1,0.52,1,one_unseen,random_forest,aac_ctd,42
P46970,P53159,1,0.6233333333333333,1,one_unseen,random_forest,aac_ctd,42
P16140,P53283,1,0.33,0,one_unseen,random_forest,aac_ctd,42
P00937,Q04031,1,0.47,0,one_unseen,random_forest,aac_ctd,42
P32912,Q00916,1,0.5333333333333333,1,one_unseen,random_forest,aac_ctd,42
P32589,P49687,1,0.58,1,one_unseen,random_forest,aac_ctd,42
Q04562,Q08886,1,0.5433333333333333,1,one_unseen,random_forest,aac_ctd,42
P00175,P32642,1,0.55,1,one_unseen,random_forest,aac_ctd,42
P11484,P25369,1,0.5333333333333333,1,one_unseen,random_forest,aac_ctd,42
P40160,P40479,1,0.4066666666666667,0,one_unseen,random_forest,aac_ctd,42
P25655,P36131,1,0.5633333333333334,1,one_unseen,random_forest,aac_ctd,42
P36084,Q08685,1,0.5533333333333333,1,one_unseen,random_forest,aac_ctd,42
P36094,Q12084,1,0.5566666666666666,1,one_unseen,random_forest,aac_ctd,42
P32458,Q00245,1,0.55,1,one_unseen,random_forest,aac_ctd,42
P32855,P47093,1,0.5233333333333333,1,one_unseen,random_forest,aac_ctd,42
P06839,P40007,1,0.46,0,one_unseen,random_forest,aac_ctd,42
P53250,Q08949,1,0.48,0,one_unseen,random_forest,aac_ctd,42
P41834,Q12390,1,0.48333333333333334,0,one_unseen,random_forest,aac_ctd,42
P00931,P39563,1,0.49,0,one_unseen,random_forest,aac_ctd,42
P05318,P38697,1,0.44,0,one_unseen,random_forest,aac_ctd,42
P21192,P52593,1,0.5733333333333334,1,one_unseen,random_forest,aac_ctd,42
Q05471,Q06436,1,0.6166666666666667,1,one_unseen,random_forest,aac_ctd,42
P38789,Q06169,1,0.36333333333333334,0,one_unseen,random_forest,aac_ctd,42
P38041,P53685,1,0.5833333333333334,1,one_unseen,random_forest,aac_ctd,42
P33199,P53552,1,0.63,1,one_unseen,random_forest,aac_ctd,42
P27895,P32573,1,0.5366666666666666,1,one_unseen,random_forest,aac_ctd,42
P24279,P32899,1,0.5833333333333334,1,one_unseen,random_forest,aac_ctd,42
P32790,Q05933,1,0.38333333333333336,0,one_unseen,random_forest,aac_ctd,42
P32628,P40480,1,0.5266666666666666,1,one_unseen,random_forest,aac_ctd,42
P12688,P39563,1,0.45666666666666667,0,one_unseen,random_forest,aac_ctd,42
P27895,P53011,1,0.5566666666666666,1,one_unseen,random_forest,aac_ctd,42
P53930,Q06406,1,0.43,0,one_unseen,random_forest,aac_ctd,42
P80667,Q03973,1,0.38333333333333336,0,one_unseen,random_forest,aac_ctd,42
P50086,Q08966,1,0.63,1,one_unseen,random_forest,aac_ctd,42
P35718,P38960,1,0.39666666666666667,0,one_unseen,random_forest,aac_ctd,42
P24004,Q04675,1,0.5066666666666667,1,one_unseen,random_forest,aac_ctd,42
P12868,P16140,1,0.53,1,one_unseen,random_forest,aac_ctd,42
O14455,Q03220,1,0.3933333333333333,0,one_unseen,random_forest,aac_ctd,42
P31383,P32835,1,0.58,1,one_unseen,random_forest,aac_ctd,42
P38786,Q03758,1,0.5366666666666666,1,one_unseen,random_forest,aac_ctd,42
P18494,P32905,1,0.5333333333333333,1,one_unseen,random_forest,aac_ctd,42
P00931,P38153,1,0.6333333333333333,1,one_unseen,random_forest,aac_ctd,42
P36094,P38276,1,0.49666666666666665,0,one_unseen,random_forest,aac_ctd,42
P32471,P38859,1,0.5566666666666666,1,one_unseen,random_forest,aac_ctd,42
P15442,P39718,1,0.49666666666666665,0,one_unseen,random_forest,aac_ctd,42
P38182,P39563,1,0.4666666666666667,0,one_unseen,random_forest,aac_ctd,42
P25655,P32849,1,0.5566666666666666,1,one_unseen,random_forest,aac_ctd,42
P33331,Q12329,1,0.47,0,one_unseen,random_forest,aac_ctd,42
P24004,P24870,1,0.63,1,one_unseen,random_forest,aac_ctd,42
P36029,Q06648,1,0.29,0,one_unseen,random_forest,aac_ctd,42
P11154,P23394,1,0.6466666666666666,1,one_unseen,random_forest,aac_ctd,42
P03965,Q12176,1,0.5133333333333333,1,one_unseen,random_forest,aac_ctd,42
P25515,P38757,1,0.31666666666666665,0,one_unseen,random_forest,aac_ctd,42
P11938,Q04749,1,0.62,1,one_unseen,random_forest,aac_ctd,42
P17119,P32786,1,0.5366666666666666,1,one_unseen,random_forest,aac_ctd,42
P39935,Q12017,1,0.56,1,one_unseen,random_forest,aac_ctd,42
Q03063,Q12327,1,0.4,0,one_unseen,random_forest,aac_ctd,42
P11484,P33895,1,0.5566666666666666,1,one_unseen,random_forest,aac_ctd,42
P42884,P43568,1,0.5633333333333334,1,one_unseen,random_forest,aac_ctd,42
P53865,Q12277,1,0.6033333333333334,1,one_unseen,random_forest,aac_ctd,42
P53094,Q05024,1,0.49,0,one_unseen,random_forest,aac_ctd,42
P29509,Q12452,1,0.41333333333333333,0,one_unseen,random_forest,aac_ctd,42
P25584,P32468,1,0.4066666666666667,0,one_unseen,random_forest,aac_ctd,42
P17536,P27351,1,0.58,1,one_unseen,random_forest,aac_ctd,42
P38879,P40003,1,0.53,1,one_unseen,random_forest,aac_ctd,42
Q04493,Q05933,1,0.4033333333333333,0,one_unseen,random_forest,aac_ctd,42
P32578,P40362,1,0.53,1,one_unseen,random_forest,aac_ctd,42
P36022,Q12365,1,0.45,0,one_unseen,random_forest,aac_ctd,42
P04456,Q12265,1,0.5366666666666666,1,one_unseen,random_forest,aac_ctd,42
P39967,P53081,1,0.58,1,one_unseen,random_forest,aac_ctd,42
P40066,P53197,1,0.4533333333333333,0,one_unseen,random_forest,aac_ctd,42
P12612,P53221,1,0.47,0,one_unseen,random_forest,aac_ctd,42
P25333,P53968,1,0.54,1,one_unseen,random_forest,aac_ctd,42
P07248,P38429,1,0.5233333333333333,1,one_unseen,random_forest,aac_ctd,42
P20486,P32898,1,0.5166666666666667,1,one_unseen,random_forest,aac_ctd,42
P38874,P45819,1,0.52,1,one_unseen,random_forest,aac_ctd,42
P26263,P47045,1,0.5933333333333334,1,one_unseen,random_forest,aac_ctd,42
P14242,P38191,1,0.4766666666666667,0,one_unseen,random_forest,aac_ctd,42
P27614,P39077,1,0.6933333333333334,1,one_unseen,random_forest,aac_ctd,42
P39008,P53267,1,0.5566666666666666,1,one_unseen,random_forest,aac_ctd,42
P02400,Q07657,1,0.4633333333333333,0,one_unseen,random_forest,aac_ctd,42
P38699,Q12309,1,0.56,1,one_unseen,random_forest,aac_ctd,42
P16892,P38959,1,0.6233333333333333,1,one_unseen,random_forest,aac_ctd,42
P38620,P53855,1,0.63,1,one_unseen,random_forest,aac_ctd,42
P12754,Q12452,1,0.43,0,one_unseen,random_forest,aac_ctd,42
P38329,P80667,1,0.49,0,one_unseen,random_forest,aac_ctd,42
P53604,Q12315,1,0.5,1,one_unseen,random_forest,aac_ctd,42
P38801,P53904,1,0.62,1,one_unseen,random_forest,aac_ctd,42
P07834,P32523,1,0.59,1,one_unseen,random_forest,aac_ctd,42
P20484,P38428,1,0.4633333333333333,0,one_unseen,random_forest,aac_ctd,42
P14907,P39715,1,0.44,0,one_unseen,random_forest,aac_ctd,42
Q03048,Q04739,1,0.5233333333333333,1,one_unseen,random_forest,aac_ctd,42
P25303,P38856,1,0.5433333333333333,1,one_unseen,random_forest,aac_ctd,42
P25584,P38313,1,0.4033333333333333,0,one_unseen,random_forest,aac_ctd,42
P16892,P32911,1,0.5566666666666666,1,one_unseen,random_forest,aac_ctd,42
O13553,P02994,1,0.5566666666666666,1,one_unseen,random_forest,aac_ctd,42
P17119,P21182,1,0.5566666666666666,1,one_unseen,random_forest,aac_ctd,42
P38805,Q99299,1,0.5133333333333333,1,one_unseen,random_forest,aac_ctd,42
P36068,Q08491,1,0.64,1,one_unseen,random_forest,aac_ctd,42
P18494,P46962,1,0.5266666666666666,1,one_unseen,random_forest,aac_ctd,42
P24867,Q12265,1,0.5366666666666666,1,one_unseen,random_forest,aac_ctd,42
P53043,Q08285,1,0.48333333333333334,0,one_unseen,random_forest,aac_ctd,42
P47124,P53086,1,0.5166666666666667,1,one_unseen,random_forest,aac_ctd,42
P32590,Q08285,1,0.44,0,one_unseen,random_forest,aac_ctd,42
P07283,P38182,1,0.39666666666666667,0,one_unseen,random_forest,aac_ctd,42
P33332,P40395,1,0.6333333333333333,1,one_unseen,random_forest,aac_ctd,42
P32794,P38333,1,0.6,1,one_unseen,random_forest,aac_ctd,42
P16658,Q00578,1,0.6233333333333333,1,one_unseen,random_forest,aac_ctd,42
P38063,P53048,1,0.45,0,one_unseen,random_forest,aac_ctd,42
P33892,P47124,1,0.51,1,one_unseen,random_forest,aac_ctd,42
P33401,P38427,1,0.6033333333333334,1,one_unseen,random_forest,aac_ctd,42
P53067,Q12055,1,0.53,1,one_unseen,random_forest,aac_ctd,42
P38152,P53299,1,0.42333333333333334,0,one_unseen,random_forest,aac_ctd,42
P28817,Q03956,1,0.55,1,one_unseen,random_forest,aac_ctd,42
P02829,Q07376,1,0.3466666666666667,0,one_unseen,random_forest,aac_ctd,42
P33760,Q12418,1,0.5566666666666666,1,one_unseen,random_forest,aac_ctd,42
P38254,P53221,1,0.43666666666666665,0,one_unseen,random_forest,aac_ctd,42
P39935,P47079,1,0.5233333333333333,1,one_unseen,random_forest,aac_ctd,42
P38011,Q06696,1,0.5333333333333333,1,one_unseen,random_forest,aac_ctd,42
P11745,P32628,1,0.5966666666666667,1,one_unseen,random_forest,aac_ctd,42
P15108,P48562,1,0.52,1,one_unseen,random_forest,aac_ctd,42
P21192,P34077,1,0.59,1,one_unseen,random_forest,aac_ctd,42
Q06651,Q12347,1,0.48,0,one_unseen,random_forest,aac_ctd,42
P39962,P41814,1,0.5466666666666666,1,one_unseen,random_forest,aac_ctd,42
P25659,Q03899,1,0.63,1,one_unseen,random_forest,aac_ctd,42
P53267,P53283,1,0.3233333333333333,0,one_unseen,random_forest,aac_ctd,42
P43605,Q12495,1,0.43666666666666665,0,one_unseen,random_forest,aac_ctd,42
P40460,P53115,1,0.5666666666666667,1,one_unseen,random_forest,aac_ctd,42
P32468,P39717,1,0.5966666666666667,1,one_unseen,random_forest,aac_ctd,42
P22007,P32504,1,0.47,0,one_unseen,random_forest,aac_ctd,42
P38856,P53322,1,0.31,0,one_unseen,random_forest,aac_ctd,42
P29295,Q08119,1,0.5466666666666666,1,one_unseen,random_forest,aac_ctd,42
P13186,P14904,1,0.6066666666666667,1,one_unseen,random_forest,aac_ctd,42
P40518,P47079,1,0.56,1,one_unseen,random_forest,aac_ctd,42
P53959,Q7LIF1,1,0.41333333333333333,0,one_unseen,random_forest,aac_ctd,42
P24871,P40473,1,0.61,1,one_unseen,random_forest,aac_ctd,42
P19262,P53145,1,0.5433333333333333,1,one_unseen,random_forest,aac_ctd,42
P30619,P38182,1,0.46,0,one_unseen,random_forest,aac_ctd,42
P05986,P53124,1,0.63,1,one_unseen,random_forest,aac_ctd,42
P39984,P89102,1,0.6433333333333333,1,one_unseen,random_forest,aac_ctd,42
P38850,P40007,1,0.41333333333333333,0,one_unseen,random_forest,aac_ctd,42
P13365,P47104,1,0.5133333333333333,1,one_unseen,random_forest,aac_ctd,42
P04076,P39935,1,0.56,1,one_unseen,random_forest,aac_ctd,42
P43619,Q06164,1,0.6666666666666666,1,one_unseen,random_forest,aac_ctd,42
P32478,P38788,1,0.33666666666666667,0,one_unseen,random_forest,aac_ctd,42
Q00955,Q12427,1,0.6133333333333333,1,one_unseen,random_forest,aac_ctd,42
P25296,Q12154,1,0.5233333333333333,1,one_unseen,random_forest,aac_ctd,42
P18494,P31109,1,0.53,1,one_unseen,random_forest,aac_ctd,42
P25333,P53540,1,0.6,1,one_unseen,random_forest,aac_ctd,42
P34241,Q08923,1,0.46,0,one_unseen,random_forest,aac_ctd,42
P53323,Q06604,1,0.54,1,one_unseen,random_forest,aac_ctd,42
P40103,P53865,1,0.3933333333333333,0,one_unseen,random_forest,aac_ctd,42
P38703,Q12402,1,0.43,0,one_unseen,random_forest,aac_ctd,42
P32855,P38991,1,0.5566666666666666,1,one_unseen,random_forest,aac_ctd,42
P47120,Q03956,1,0.6566666666666666,1,one_unseen,random_forest,aac_ctd,42
P33334,P43563,1,0.49333333333333335,0,one_unseen,random_forest,aac_ctd,42
P24783,P39563,1,0.43666666666666665,0,one_unseen,random_forest,aac_ctd,42
P38627,P53912,1,0.48333333333333334,0,one_unseen,random_forest,aac_ctd,42
P19880,Q04053,1,0.6066666666666667,1,one_unseen,random_forest,aac_ctd,42
P32642,P53886,1,0.58,1,one_unseen,random_forest,aac_ctd,42
P25333,P40339,1,0.6066666666666667,1,one_unseen,random_forest,aac_ctd,42
P06843,Q04359,1,0.58,1,one_unseen,random_forest,aac_ctd,42
P19145,Q06479,1,0.35,0,one_unseen,random_forest,aac_ctd,42
Q08562,Q08923,1,0.5633333333333334,1,one_unseen,random_forest,aac_ctd,42
P32327,P32793,1,0.5233333333333333,1,one_unseen,random_forest,aac_ctd,42
P17555,P40512,1,0.63,1,one_unseen,random_forest,aac_ctd,42
P53389,Q08902,1,0.49666666666666665,0,one_unseen,random_forest,aac_ctd,42
P06844,P40395,1,0.6366666666666667,1,one_unseen,random_forest,aac_ctd,42
P06244,P25344,1,0.61,1,one_unseen,random_forest,aac_ctd,42
P02557,P34758,1,0.57,1,one_unseen,random_forest,aac_ctd,42
P34758,P53112,1,0.5633333333333334,1,one_unseen,random_forest,aac_ctd,42
P05030,P53043,1,0.6,1,one_unseen,random_forest,aac_ctd,42
P36005,P60010,1,0.56,1,one_unseen,random_forest,aac_ctd,42
P53196,P53552,1,0.5333333333333333,1,one_unseen,random_forest,aac_ctd,42
P27801,P53136,1,0.46,0,one_unseen,random_forest,aac_ctd,42
P33892,P39968,1,0.5566666666666666,1,one_unseen,random_forest,aac_ctd,42
P32327,Q04493,1,0.5766666666666667,1,one_unseen,random_forest,aac_ctd,42
P25359,Q08004,1,0.35,0,one_unseen,random_forest,aac_ctd,42
P53933,Q12168,1,0.5033333333333333,1,one_unseen,random_forest,aac_ctd,42
P21190,P38902,1,0.5233333333333333,1,one_unseen,random_forest,aac_ctd,42
P40960,P53082,1,0.5633333333333334,1,one_unseen,random_forest,aac_ctd,42
P27637,P31377,1,0.5766666666666667,1,one_unseen,random_forest,aac_ctd,42
P17255,P36029,1,0.4033333333333333,0,one_unseen,random_forest,aac_ctd,42
P05986,P38708,1,0.6033333333333334,1,one_unseen,random_forest,aac_ctd,42
Q06604,Q6Q547,1,0.5633333333333334,1,one_unseen,random_forest,aac_ctd,42
P31688,Q05933,1,0.4533333333333333,0,one_unseen,random_forest,aac_ctd,42
P24279,Q04217,1,0.57,1,one_unseen,random_forest,aac_ctd,42
P14681,P31382,1,0.3933333333333333,0,one_unseen,random_forest,aac_ctd,42
P35207,P48566,1,0.61,1,one_unseen,random_forest,aac_ctd,42
P40024,P47045,1,0.7033333333333334,1,one_unseen,random_forest,aac_ctd,42
P35691,P40064,1,0.6033333333333334,1,one_unseen,random_forest,aac_ctd,42
P13711,P23642,1,0.68,1,one_unseen,random_forest,aac_ctd,42
P00560,P39014,1,0.5333333333333333,1,one_unseen,random_forest,aac_ctd,42
P53036,Q08558,1,0.45,0,one_unseen,random_forest,aac_ctd,42
P35207,P38705,1,0.58,1,one_unseen,random_forest,aac_ctd,42
P32481,P53141,1,0.62,1,one_unseen,random_forest,aac_ctd,42
P30657,P42846,1,0.48333333333333334,0,one_unseen,random_forest,aac_ctd,42
P40413,Q04264,1,0.58,1,one_unseen,random_forest,aac_ctd,42
P28707,Q03308,1,0.6266666666666667,1,one_unseen,random_forest,aac_ctd,42
P06242,Q07471,1,0.4066666666666667,0,one_unseen,random_forest,aac_ctd,42
Q03323,Q7LIF1,1,0.4866666666666667,0,one_unseen,random_forest,aac_ctd,42
P35203,Q07993,1,0.6133333333333333,1,one_unseen,random_forest,aac_ctd,42
P38203,Q03081,1,0.49666666666666665,0,one_unseen,random_forest,aac_ctd,42
P13712,Q12168,1,0.58,1,one_unseen,random_forest,aac_ctd,42
P14747,P32505,1,0.5333333333333333,1,one_unseen,random_forest,aac_ctd,42
P32774,Q12265,1,0.5033333333333333,1,one_unseen,random_forest,aac_ctd,42
P40473,P48412,1,0.53,1,one_unseen,random_forest,aac_ctd,42
P40468,Q00362,1,0.5933333333333334,1,one_unseen,random_forest,aac_ctd,42
P38063,P53250,1,0.5366666666666666,1,one_unseen,random_forest,aac_ctd,42
P40453,P47134,1,0.58,1,one_unseen,random_forest,aac_ctd,42
P38789,P53924,1,0.43333333333333335,0,one_unseen,random_forest,aac_ctd,42
P32491,Q01560,1,0.51,1,one_unseen,random_forest,aac_ctd,42
Q00245,Q04921,1,0.5566666666666666,1,one_unseen,random_forest,aac_ctd,42
P32327,P53011,1,0.6566666666666666,1,one_unseen,random_forest,aac_ctd,42
P53965,Q05778,1,0.35,0,one_unseen,random_forest,aac_ctd,42
P06101,P36172,1,0.22666666666666666,0,one_unseen,random_forest,aac_ctd,42
P07283,P25694,1,0.6433333333333333,1,one_unseen,random_forest,aac_ctd,42
P17119,Q99385,1,0.36,0,one_unseen,random_forest,aac_ctd,42
P38077,Q02804,1,0.5033333333333333,1,one_unseen,random_forest,aac_ctd,42
P38716,Q12306,1,0.5166666666666667,1,one_unseen,random_forest,aac_ctd,42
P09064,P38080,1,0.49666666666666665,0,one_unseen,random_forest,aac_ctd,42
Q00684,Q04359,1,0.47333333333333333,0,one_unseen,random_forest,aac_ctd,42
P32578,P40095,1,0.5633333333333334,1,one_unseen,random_forest,aac_ctd,42
P38042,P40413,1,0.6266666666666667,1,one_unseen,random_forest,aac_ctd,42
P38801,Q04868,1,0.54,1,one_unseen,random_forest,aac_ctd,42
P32502,Q04233,1,0.56,1,one_unseen,random_forest,aac_ctd,42
P38874,Q06551,1,0.36,0,one_unseen,random_forest,aac_ctd,42
P38344,P40477,1,0.51,1,one_unseen,random_forest,aac_ctd,42
P38228,P40024,1,0.5633333333333334,1,one_unseen,random_forest,aac_ctd,42
P53136,Q08979,1,0.52,1,one_unseen,random_forest,aac_ctd,42
P38310,P40089,1,0.4033333333333333,0,one_unseen,random_forest,aac_ctd,42
P08679,P40303,1,0.49333333333333335,0,one_unseen,random_forest,aac_ctd,42
P30619,P36224,1,0.6066666666666667,1,one_unseen,random_forest,aac_ctd,42
P14724,Q06406,1,0.5066666666666667,1,one_unseen,random_forest,aac_ctd,42
P46948,Q12390,1,0.49333333333333335,0,one_unseen,random_forest,aac_ctd,42
Q04338,Q08956,1,0.53,1,one_unseen,random_forest,aac_ctd,42
P38193,Q05670,1,0.5733333333333334,1,one_unseen,random_forest,aac_ctd,42
P40095,P40327,1,0.6,1,one_unseen,random_forest,aac_ctd,42
P36017,P39742,1,0.51,1,one_unseen,random_forest,aac_ctd,42
P35207,P46985,1,0.5266666666666666,1,one_unseen,random_forest,aac_ctd,42
P06787,P34758,1,0.59,1,one_unseen,random_forest,aac_ctd,42
P40960,P47089,1,0.56,1,one_unseen,random_forest,aac_ctd,42
P53152,P53622,1,0.36333333333333334,0,one_unseen,random_forest,aac_ctd,42
P14904,Q12168,1,0.5833333333333334,1,one_unseen,random_forest,aac_ctd,42
P39107,Q05610,1,0.5133333333333333,1,one_unseen,random_forest,aac_ctd,42
Q08235,Q12250,1,0.68,1,one_unseen,random_forest,aac_ctd,42
P05694,P08566,1,0.59,1,one_unseen,random_forest,aac_ctd,42
Q06137,Q12163,1,0.53,1,one_unseen,random_forest,aac_ctd,42
P08431,P53974,1,0.5633333333333334,1,one_unseen,random_forest,aac_ctd,42
P32855,P50113,1,0.4,0,one_unseen,random_forest,aac_ctd,42
P38283,P53136,1,0.61,1,one_unseen,random_forest,aac_ctd,42
P40561,Q00816,1,0.48,0,one_unseen,random_forest,aac_ctd,42
P00359,P29340,1,0.4533333333333333,0,one_unseen,random_forest,aac_ctd,42
P05318,Q08962,1,0.42333333333333334,0,one_unseen,random_forest,aac_ctd,42
P33331,Q12522,1,0.49666666666666665,0,one_unseen,random_forest,aac_ctd,42
Q04002,Q08963,1,0.5133333333333333,1,one_unseen,random_forest,aac_ctd,42
P20133,P32528,1,0.57,1,one_unseen,random_forest,aac_ctd,42
P27636,P53152,1,0.4066666666666667,0,one_unseen,random_forest,aac_ctd,42
P33301,Q04636,1,0.52,1,one_unseen,random_forest,aac_ctd,42
P28320,P46674,1,0.6366666666666667,1,one_unseen,random_forest,aac_ctd,42
P25333,P38705,1,0.5933333333333334,1,one_unseen,random_forest,aac_ctd,42
P03965,P53322,1,0.41,0,one_unseen,random_forest,aac_ctd,42
P25454,Q12390,1,0.5,1,one_unseen,random_forest,aac_ctd,42
P32854,P40963,1,0.42333333333333334,0,one_unseen,random_forest,aac_ctd,42
P25333,P37012,1,0.67,1,one_unseen,random_forest,aac_ctd,42
P19735,P52286,1,0.55,1,one_unseen,random_forest,aac_ctd,42
P00899,P05318,1,0.51,1,one_unseen,random_forest,aac_ctd,42
P32602,Q05636,1,0.63,1,one_unseen,random_forest,aac_ctd,42
P20424,Q08601,1,0.5866666666666667,1,one_unseen,random_forest,aac_ctd,42
P31539,Q04031,1,0.57,1,one_unseen,random_forest,aac_ctd,42
Q01560,Q06624,1,0.52,1,one_unseen,random_forest,aac_ctd,42
P19145,P25333,1,0.49,0,one_unseen,random_forest,aac_ctd,42
Q08285,Q12017,1,0.48333333333333334,0,one_unseen,random_forest,aac_ctd,42
Q01590,Q12098,1,0.5966666666666667,1,one_unseen,random_forest,aac_ctd,42
P53965,Q08558,1,0.4066666666666667,0,one_unseen,random_forest,aac_ctd,42
P10363,Q02199,1,0.6,1,one_unseen,random_forest,aac_ctd,42
P08524,P53221,1,0.48,0,one_unseen,random_forest,aac_ctd,42
P09435,P23394,1,0.67,1,one_unseen,random_forest,aac_ctd,42
P32842,Q12754,1,0.5133333333333333,1,one_unseen,random_forest,aac_ctd,42
P38967,P40528,1,0.4666666666666667,0,one_unseen,random_forest,aac_ctd,42
P40573,P53152,1,0.5566666666666666,1,one_unseen,random_forest,aac_ctd,42
P40469,Q03010,1,0.7,1,one_unseen,random_forest,aac_ctd,42
P36010,P38590,1,0.51,1,one_unseen,random_forest,aac_ctd,42
Q07887,Q12063,1,0.44,0,one_unseen,random_forest,aac_ctd,42
P25655,Q00723,1,0.5433333333333333,1,one_unseen,random_forest,aac_ctd,42
P10592,Q03330,1,0.59,1,one_unseen,random_forest,aac_ctd,42
P52286,Q08966,1,0.6,1,one_unseen,random_forest,aac_ctd,42
Q04217,Q06580,1,0.5466666666666666,1,one_unseen,random_forest,aac_ctd,42
P40518,Q03818,1,0.53,1,one_unseen,random_forest,aac_ctd,42
P13185,P18480,1,0.65,1,one_unseen,random_forest,aac_ctd,42
P49687,P89102,1,0.62,1,one_unseen,random_forest,aac_ctd,42
P23394,P53755,1,0.5166666666666667,1,one_unseen,random_forest,aac_ctd,42
P40960,Q12241,1,0.61,1,one_unseen,random_forest,aac_ctd,42
P81450,Q12035,1,0.45,0,one_unseen,random_forest,aac_ctd,42
P27705,P53168,1,0.5166666666666667,1,one_unseen,random_forest,aac_ctd,42
P50277,Q06137,1,0.5866666666666667,1,one_unseen,random_forest,aac_ctd,42
P38757,P40512,1,0.5066666666666667,1,one_unseen,random_forest,aac_ctd,42
P34087,P53924,1,0.5266666666666666,1,one_unseen,random_forest,aac_ctd,42
P14680,Q12434,1,0.55,1,one_unseen,random_forest,aac_ctd,42
P52593,P53145,1,0.6066666666666667,1,one_unseen,random_forest,aac_ctd,42
P52910,Q12241,1,0.5866666666666667,1,one_unseen,random_forest,aac_ctd,42
P47150,Q02804,1,0.44333333333333336,0,one_unseen,random_forest,aac_ctd,42
P46678,P53115,1,0.5366666666666666,1,one_unseen,random_forest,aac_ctd,42
P39904,P43563,1,0.49333333333333335,0,one_unseen,random_forest,aac_ctd,42
P17536,P20459,1,0.5933333333333334,1,one_unseen,random_forest,aac_ctd,42
P35184,Q00578,1,0.49666666666666665,0,one_unseen,random_forest,aac_ctd,42
P38931,P53125,1,0.49333333333333335,0,one_unseen,random_forest,aac_ctd,42
P53904,Q08285,1,0.5633333333333334,1,one_unseen,random_forest,aac_ctd,42
P33203,P46970,1,0.48,0,one_unseen,random_forest,aac_ctd,42
Q06479,Q99385,1,0.4,0,one_unseen,random_forest,aac_ctd,42
Q00916,Q12280,1,0.5266666666666666,1,one_unseen,random_forest,aac_ctd,42
P38634,P53965,1,0.51,1,one_unseen,random_forest,aac_ctd,42
P31109,P40479,1,0.6266666666666667,1,one_unseen,random_forest,aac_ctd,42
P25591,P40512,1,0.5433333333333333,1,one_unseen,random_forest,aac_ctd,42
Q02775,Q06631,1,0.5366666666666666,1,one_unseen,random_forest,aac_ctd,42
P38805,P40096,1,0.55,1,one_unseen,random_forest,aac_ctd,42
P13185,Q12044,1,0.6066666666666667,1,one_unseen,random_forest,aac_ctd,42
P20438,P32468,1,0.55,1,one_unseen,random_forest,aac_ctd,42
P32639,P36019,1,0.5666666666666667,1,one_unseen,random_forest,aac_ctd,42
P06777,P32805,1,0.6133333333333333,1,one_unseen,random_forest,aac_ctd,42
P52593,Q07418,1,0.55,1,one_unseen,random_forest,aac_ctd,42
P41920,Q12389,1,0.53,1,one_unseen,random_forest,aac_ctd,42
P28007,P39940,1,0.45,0,one_unseen,random_forest,aac_ctd,42
P36053,P40014,1,0.43666666666666665,0,one_unseen,random_forest,aac_ctd,42
P28707,P30665,1,0.54,1,one_unseen,random_forest,aac_ctd,42
Q03280,Q12406,1,0.5033333333333333,1,one_unseen,random_forest,aac_ctd,42
P47134,Q12518,1,0.59,1,one_unseen,random_forest,aac_ctd,42
P07274,Q06406,1,0.47333333333333333,0,one_unseen,random_forest,aac_ctd,42
Q00578,Q07732,1,0.5366666666666666,1,one_unseen,random_forest,aac_ctd,42
P22213,P35194,1,0.43333333333333335,0,one_unseen,random_forest,aac_ctd,42
P28707,Q02100,1,0.5166666666666667,1,one_unseen,random_forest,aac_ctd,42
P32607,P48239,1,0.43,0,one_unseen,random_forest,aac_ctd,42
P20459,P35178,1,0.5133333333333333,1,one_unseen,random_forest,aac_ctd,42
P53267,Q04195,1,0.5233333333333333,1,one_unseen,random_forest,aac_ctd,42
P12612,P53141,1,0.58,1,one_unseen,random_forest,aac_ctd,42
P25655,Q06409,1,0.5966666666666667,1,one_unseen,random_forest,aac_ctd,42
P40512,P53847,1,0.5866666666666667,1,one_unseen,random_forest,aac_ctd,42
P07283,Q08144,1,0.54,1,one_unseen,random_forest,aac_ctd,42
P41807,Q99189,1,0.6166666666666667,1,one_unseen,random_forest,aac_ctd,42
P31539,P34234,1,0.52,1,one_unseen,random_forest,aac_ctd,42
P41895,P46974,1,0.5366666666666666,1,one_unseen,random_forest,aac_ctd,42
P32610,P39927,1,0.5933333333333334,1,one_unseen,random_forest,aac_ctd,42
P36421,P38620,1,0.59,1,one_unseen,random_forest,aac_ctd,42
P02294,P10566,1,0.45,0,one_unseen,random_forest,aac_ctd,42
P38193,Q12248,1,0.51,1,one_unseen,random_forest,aac_ctd,42
P38111,P53171,1,0.38666666666666666,0,one_unseen,random_forest,aac_ctd,42
P14680,P35691,1,0.5766666666666667,1,one_unseen,random_forest,aac_ctd,42
P06244,Q08963,1,0.62,1,one_unseen,random_forest,aac_ctd,42
P32528,Q00723,1,0.46,0,one_unseen,random_forest,aac_ctd,42
P39551,P40357,1,0.41333333333333333,0,one_unseen,random_forest,aac_ctd,42
P38427,P52553,1,0.6833333333333333,1,one_unseen,random_forest,aac_ctd,42
P48525,Q12118,1,0.59,1,one_unseen,random_forest,aac_ctd,42
P10592,P38287,1,0.52,1,one_unseen,random_forest,aac_ctd,42
P09064,P43637,1,0.5933333333333334,1,one_unseen,random_forest,aac_ctd,42
P25303,P25342,1,0.57,1,one_unseen,random_forest,aac_ctd,42
P40485,Q12055,1,0.5033333333333333,1,one_unseen,random_forest,aac_ctd,42
P38080,Q00816,1,0.4866666666666667,0,one_unseen,random_forest,aac_ctd,42
Q05785,Q12186,1,0.51,1,one_unseen,random_forest,aac_ctd,42
P39940,P40515,1,0.4666666666666667,0,one_unseen,random_forest,aac_ctd,42
P53604,Q12248,1,0.5766666666666667,1,one_unseen,random_forest,aac_ctd,42
P53267,Q08873,1,0.5666666666666667,1,one_unseen,random_forest,aac_ctd,42
P53032,Q12107,1,0.41333333333333333,0,one_unseen,random_forest,aac_ctd,42
Q04225,Q06675,1,0.5166666666666667,1,one_unseen,random_forest,aac_ctd,42
P12688,P25341,1,0.6166666666666667,1,one_unseen,random_forest,aac_ctd,42
P17555,Q05933,1,0.4666666666666667,0,one_unseen,random_forest,aac_ctd,42
P24004,P38768,1,0.62,1,one_unseen,random_forest,aac_ctd,42
P25584,Q02892,1,0.37333333333333335,0,one_unseen,random_forest,aac_ctd,42
P24004,P32492,1,0.5433333333333333,1,one_unseen,random_forest,aac_ctd,42
P38203,P38886,1,0.4866666666666667,0,one_unseen,random_forest,aac_ctd,42
P39707,Q12469,1,0.6266666666666667,1,one_unseen,random_forest,aac_ctd,42
P00817,P41810,1,0.56,1,one_unseen,random_forest,aac_ctd,42
P06242,P24583,1,0.5633333333333334,1,one_unseen,random_forest,aac_ctd,42
P40413,P47005,1,0.65,1,one_unseen,random_forest,aac_ctd,42
P38757,Q05024,1,0.56,1,one_unseen,random_forest,aac_ctd,42
P47104,P53933,1,0.5233333333333333,1,one_unseen,random_forest,aac_ctd,42
P46672,Q12365,1,0.5066666666666667,1,one_unseen,random_forest,aac_ctd,42
P40988,P41808,1,0.49,0,one_unseen,random_forest,aac_ctd,42
P38987,P40515,1,0.38,0,one_unseen,random_forest,aac_ctd,42
P38862,P53924,1,0.6133333333333333,1,one_unseen,random_forest,aac_ctd,42
P38805,Q12411,1,0.55,1,one_unseen,random_forest,aac_ctd,42
P16140,P32854,1,0.58,1,one_unseen,random_forest,aac_ctd,42
P23255,P35718,1,0.3933333333333333,0,one_unseen,random_forest,aac_ctd,42
P32562,P53049,1,0.5033333333333333,1,one_unseen,random_forest,aac_ctd,42
P32800,P42945,1,0.4066666666666667,0,one_unseen,random_forest,aac_ctd,42
P30657,P39079,1,0.5766666666666667,1,one_unseen,random_forest,aac_ctd,42
P32528,Q04693,1,0.58,1,one_unseen,random_forest,aac_ctd,42
P33311,Q03012,1,0.42333333333333334,0,one_unseen,random_forest,aac_ctd,42
P05453,P32497,1,0.5966666666666667,1,one_unseen,random_forest,aac_ctd,42
P02400,P38194,1,0.5066666666666667,1,one_unseen,random_forest,aac_ctd,42
P37012,Q12452,1,0.5033333333333333,1,one_unseen,random_forest,aac_ctd,42
P48232,P48415,1,0.5166666666666667,1,one_unseen,random_forest,aac_ctd,42
P32790,Q05785,1,0.5233333333333333,1,one_unseen,random_forest,aac_ctd,42
P38805,Q12165,1,0.5166666666666667,1,one_unseen,random_forest,aac_ctd,42
P00330,P06102,1,0.5566666666666666,1,one_unseen,random_forest,aac_ctd,42
P16892,Q00381,1,0.4,0,one_unseen,random_forest,aac_ctd,42
P24004,P38886,1,0.5833333333333334,1,one_unseen,random_forest,aac_ctd,42
P39996,P54837,1,0.38,0,one_unseen,random_forest,aac_ctd,42
P18852,P38203,1,0.5033333333333333,1,one_unseen,random_forest,aac_ctd,42
P25357,Q06604,1,0.5766666666666667,1,one_unseen,random_forest,aac_ctd,42
P32628,Q05947,1,0.5466666666666666,1,one_unseen,random_forest,aac_ctd,42
Q04978,Q06177,1,0.5066666666666667,1,one_unseen,random_forest,aac_ctd,42
P39962,Q12208,1,0.5766666666666667,1,one_unseen,random_forest,aac_ctd,42
P32527,P38840,1,0.45666666666666667,0,one_unseen,random_forest,aac_ctd,42
P40066,Q12176,1,0.48,0,one_unseen,random_forest,aac_ctd,42
P00931,Q06160,1,0.64,1,one_unseen,random_forest,aac_ctd,42
P22147,P25333,1,0.6233333333333333,1,one_unseen,random_forest,aac_ctd,42
P38716,Q03558,1,0.64,1,one_unseen,random_forest,aac_ctd,42
P25333,Q12347,1,0.5433333333333333,1,one_unseen,random_forest,aac_ctd,42
P32366,Q03790,1,0.5466666666666666,1,one_unseen,random_forest,aac_ctd,42
P38742,Q03018,1,0.58,1,one_unseen,random_forest,aac_ctd,42
P38217,P40541,1,0.5366666666666666,1,one_unseen,random_forest,aac_ctd,42
P33891,P39935,1,0.57,1,one_unseen,random_forest,aac_ctd,42
P36094,Q12236,1,0.5566666666666666,1,one_unseen,random_forest,aac_ctd,42
P53081,Q05881,1,0.62,1,one_unseen,random_forest,aac_ctd,42
P43583,Q04359,1,0.5066666666666667,1,one_unseen,random_forest,aac_ctd,42
P11154,P43565,1,0.5033333333333333,1,one_unseen,random_forest,aac_ctd,42
P40303,Q07084,1,0.5333333333333333,1,one_unseen,random_forest,aac_ctd,42
P14742,P40563,1,0.5966666666666667,1,one_unseen,random_forest,aac_ctd,42
P23059,Q99385,1,0.41,0,one_unseen,random_forest,aac_ctd,42
P11709,P36145,1,0.5466666666666666,1,one_unseen,random_forest,aac_ctd,42
P33419,P40335,1,0.6066666666666667,1,one_unseen,random_forest,aac_ctd,42
P33760,Q03088,1,0.48333333333333334,0,one_unseen,random_forest,aac_ctd,42
P25293,P33334,1,0.52,1,one_unseen,random_forest,aac_ctd,42
P07260,P38805,1,0.5866666666666667,1,one_unseen,random_forest,aac_ctd,42
P05085,P40413,1,0.6266666666666667,1,one_unseen,random_forest,aac_ctd,42
P38801,P40096,1,0.6266666666666667,1,one_unseen,random_forest,aac_ctd,42
Q04087,Q06624,1,0.5,1,one_unseen,random_forest,aac_ctd,42
P03965,P22137,1,0.5933333333333334,1,one_unseen,random_forest,aac_ctd,42
Q03661,Q12194,1,0.48333333333333334,0,one_unseen,random_forest,aac_ctd,42
P33401,P39014,1,0.5933333333333334,1,one_unseen,random_forest,aac_ctd,42
P36005,Q03012,1,0.6033333333333334,1,one_unseen,random_forest,aac_ctd,42
P42884,Q08911,1,0.64,1,one_unseen,random_forest,aac_ctd,42
P17891,P47104,1,0.62,1,one_unseen,random_forest,aac_ctd,42
P22517,P36003,1,0.6033333333333334,1,one_unseen,random_forest,aac_ctd,42
P25586,P32364,1,0.5133333333333333,1,one_unseen,random_forest,aac_ctd,42
P21965,P38998,1,0.62,1,one_unseen,random_forest,aac_ctd,42
P46962,Q04792,1,0.56,1,one_unseen,random_forest,aac_ctd,42
P40340,P53290,1,0.6066666666666667,1,one_unseen,random_forest,aac_ctd,42
P17119,P40856,1,0.4866666666666667,0,one_unseen,random_forest,aac_ctd,42
P33297,P49435,1,0.5066666666666667,1,one_unseen,random_forest,aac_ctd,42
P29469,P47134,1,0.54,1,one_unseen,random_forest,aac_ctd,42
P14164,Q04338,1,0.5366666666666666,1,one_unseen,random_forest,aac_ctd,42
P25694,Q12754,1,0.6066666666666667,1,one_unseen,random_forest,aac_ctd,42
P12945,P53278,1,0.4633333333333333,0,one_unseen,random_forest,aac_ctd,42
P53032,Q07896,1,0.48,0,one_unseen,random_forest,aac_ctd,42
P32328,P36029,1,0.27666666666666667,0,one_unseen,random_forest,aac_ctd,42
P10081,P43565,1,0.66,1,one_unseen,random_forest,aac_ctd,42
P29295,Q12390,1,0.57,1,one_unseen,random_forest,aac_ctd,42
P35203,Q08963,1,0.52,1,one_unseen,random_forest,aac_ctd,42
P40965,P42945,1,0.5766666666666667,1,one_unseen,random_forest,aac_ctd,42
P33333,P40473,1,0.3333333333333333,0,one_unseen,random_forest,aac_ctd,42
P06242,P38822,1,0.54,1,one_unseen,random_forest,aac_ctd,42
P46957,Q08236,1,0.66,1,one_unseen,random_forest,aac_ctd,42
P28791,Q02205,1,0.49333333333333335,0,one_unseen,random_forest,aac_ctd,42
P27515,P38879,1,0.5533333333333333,1,one_unseen,random_forest,aac_ctd,42
P35198,P40495,1,0.5466666666666666,1,one_unseen,random_forest,aac_ctd,42
P38310,P53258,1,0.44,0,one_unseen,random_forest,aac_ctd,42
P32263,P39935,1,0.4666666666666667,0,one_unseen,random_forest,aac_ctd,42
P19812,P36017,1,0.5166666666666667,1,one_unseen,random_forest,aac_ctd,42
P38310,P46963,1,0.31666666666666665,0,one_unseen,random_forest,aac_ctd,42
P40563,Q05947,1,0.47,0,one_unseen,random_forest,aac_ctd,42
P14306,Q05610,1,0.4166666666666667,0,one_unseen,random_forest,aac_ctd,42
P27705,P53196,1,0.5466666666666666,1,one_unseen,random_forest,aac_ctd,42
P40462,Q08931,1,0.6633333333333333,1,one_unseen,random_forest,aac_ctd,42
P37370,P39014,1,0.4533333333333333,0,one_unseen,random_forest,aac_ctd,42
P13185,P38989,1,0.5566666666666666,1,one_unseen,random_forest,aac_ctd,42
P40495,Q04272,1,0.6,1,one_unseen,random_forest,aac_ctd,42
P53538,Q12161,1,0.36333333333333334,0,one_unseen,random_forest,aac_ctd,42
P33750,Q08601,1,0.5033333333333333,1,one_unseen,random_forest,aac_ctd,42
Q04121,Q12129,1,0.30333333333333334,0,one_unseen,random_forest,aac_ctd,42
P35193,Q04368,1,0.6166666666666667,1,one_unseen,random_forest,aac_ctd,42
P47042,P53142,1,0.20666666666666667,0,one_unseen,random_forest,aac_ctd,42
Q04307,Q12050,1,0.2733333333333333,0,one_unseen,random_forest,aac_ctd,42
P39936,Q08729,1,0.6233333333333333,1,one_unseen,random_forest,aac_ctd,42
P40010,P40362,1,0.5166666666666667,1,one_unseen,random_forest,aac_ctd,42
P28007,Q12009,1,0.4766666666666667,0,one_unseen,random_forest,aac_ctd,42
P26793,P53604,1,0.5266666666666666,1,one_unseen,random_forest,aac_ctd,42
P32787,P39954,1,0.44666666666666666,0,one_unseen,random_forest,aac_ctd,42
P32074,P36010,1,0.54,1,one_unseen,random_forest,aac_ctd,42
P25299,P53236,1,0.4266666666666667,0,one_unseen,random_forest,aac_ctd,42
P40092,Q06628,1,0.37333333333333335,0,one_unseen,random_forest,aac_ctd,42
P05626,P57744,1,0.44333333333333336,0,one_unseen,random_forest,aac_ctd,42
P28707,P38768,1,0.6266666666666667,1,one_unseen,random_forest,aac_ctd,42
P02400,P40693,1,0.5033333333333333,1,one_unseen,random_forest,aac_ctd,42
P17505,P53142,1,0.25,0,one_unseen,random_forest,aac_ctd,42
P35194,Q05775,1,0.5533333333333333,1,one_unseen,random_forest,aac_ctd,42
P22141,Q08236,1,0.6466666666666666,1,one_unseen,random_forest,aac_ctd,42
P17555,P47068,1,0.6266666666666667,1,one_unseen,random_forest,aac_ctd,42
P17536,P36015,1,0.5666666666666667,1,one_unseen,random_forest,aac_ctd,42
P31382,P38861,1,0.3333333333333333,0,one_unseen,random_forest,aac_ctd,42
P53248,Q04978,1,0.4266666666666667,0,one_unseen,random_forest,aac_ctd,42
P33892,Q12163,1,0.4866666666666667,0,one_unseen,random_forest,aac_ctd,42
P35723,P38727,1,0.34,0,one_unseen,random_forest,aac_ctd,42
P53924,Q12250,1,0.5666666666666667,1,one_unseen,random_forest,aac_ctd,42
P38705,Q12168,1,0.5066666666666667,1,one_unseen,random_forest,aac_ctd,42
P53959,P53973,1,0.6,1,one_unseen,random_forest,aac_ctd,42
P28743,P38193,1,0.45,0,one_unseen,random_forest,aac_ctd,42
P15108,Q99210,1,0.56,1,one_unseen,random_forest,aac_ctd,42
P38262,Q12026,1,0.48,0,one_unseen,random_forest,aac_ctd,42
P32800,P40563,1,0.33,0,one_unseen,random_forest,aac_ctd,42
P28817,P48415,1,0.5466666666666666,1,one_unseen,random_forest,aac_ctd,42
P00330,P11484,1,0.58,1,one_unseen,random_forest,aac_ctd,42
P11938,Q04675,1,0.5166666666666667,1,one_unseen,random_forest,aac_ctd,42
P10869,P36005,1,0.6166666666666667,1,one_unseen,random_forest,aac_ctd,42
P19658,P49435,1,0.49333333333333335,0,one_unseen,random_forest,aac_ctd,42
P25341,P33328,1,0.49333333333333335,0,one_unseen,random_forest,aac_ctd,42
P35178,P53082,1,0.6,1,one_unseen,random_forest,aac_ctd,42
P25515,P33297,1,0.31,0,one_unseen,random_forest,aac_ctd,42
P40103,P53254,1,0.3333333333333333,0,one_unseen,random_forest,aac_ctd,42
P07149,P39083,1,0.5266666666666666,1,one_unseen,random_forest,aac_ctd,42
P43574,Q06251,1,0.55,1,one_unseen,random_forest,aac_ctd,42
P54790,Q01159,1,0.5533333333333333,1,one_unseen,random_forest,aac_ctd,42
P32264,Q00362,1,0.6633333333333333,1,one_unseen,random_forest,aac_ctd,42
P06244,P48415,1,0.5833333333333334,1,one_unseen,random_forest,aac_ctd,42
P32464,Q06604,1,0.43666666666666665,0,one_unseen,random_forest,aac_ctd,42
P37296,Q00245,1,0.5466666666666666,1,one_unseen,random_forest,aac_ctd,42
P40496,P48568,1,0.4533333333333333,0,one_unseen,random_forest,aac_ctd,42
P25644,P40495,1,0.56,1,one_unseen,random_forest,aac_ctd,42
P33338,P36018,1,0.5566666666666666,1,one_unseen,random_forest,aac_ctd,42
P38826,Q02732,1,0.5933333333333334,1,one_unseen,random_forest,aac_ctd,42
P13185,Q07915,1,0.46,0,one_unseen,random_forest,aac_ctd,42
P30822,Q03048,1,0.51,1,one_unseen,random_forest,aac_ctd,42
P24482,Q12151,1,0.5833333333333334,1,one_unseen,random_forest,aac_ctd,42
P35197,Q04031,1,0.5233333333333333,1,one_unseen,random_forest,aac_ctd,42
P40494,P40495,1,0.47,0,one_unseen,random_forest,aac_ctd,42
P25586,Q12469,1,0.57,1,one_unseen,random_forest,aac_ctd,42
P39682,P53130,1,0.5033333333333333,1,one_unseen,random_forest,aac_ctd,42
P22133,P39935,1,0.35333333333333333,0,one_unseen,random_forest,aac_ctd,42
P39704,Q12361,1,0.38666666666666666,0,one_unseen,random_forest,aac_ctd,42
P53691,Q08236,1,0.6366666666666667,1,one_unseen,random_forest,aac_ctd,42
P38774,P41805,1,0.47333333333333333,0,one_unseen,random_forest,aac_ctd,42
P32471,Q05568,1,0.5566666666666666,1,one_unseen,random_forest,aac_ctd,42
P14741,Q06819,1,0.4533333333333333,0,one_unseen,random_forest,aac_ctd,42
P02829,P38329,1,0.35,0,one_unseen,random_forest,aac_ctd,42
P25344,P37012,1,0.6533333333333333,1,one_unseen,random_forest,aac_ctd,42
P12611,P33411,1,0.59,1,one_unseen,random_forest,aac_ctd,42
P25293,P40061,1,0.5933333333333334,1,one_unseen,random_forest,aac_ctd,42
P07272,Q08685,1,0.5066666666666667,1,one_unseen,random_forest,aac_ctd,42
P38811,Q12026,1,0.4766666666666667,0,one_unseen,random_forest,aac_ctd,42
P32863,P53236,1,0.5733333333333334,1,one_unseen,random_forest,aac_ctd,42
P38932,P54199,1,0.7,1,one_unseen,random_forest,aac_ctd,42
P38998,Q12347,1,0.4866666666666667,0,one_unseen,random_forest,aac_ctd,42
P25656,P53337,1,0.17,0,one_unseen,random_forest,aac_ctd,42
P13186,P53010,1,0.6033333333333334,1,one_unseen,random_forest,aac_ctd,42
P20435,P32471,1,0.5033333333333333,1,one_unseen,random_forest,aac_ctd,42
P13185,P13517,1,0.6833333333333333,1,one_unseen,random_forest,aac_ctd,42
P39927,Q12330,1,0.55,1,one_unseen,random_forest,aac_ctd,42
P22204,Q00362,1,0.6233333333333333,1,one_unseen,random_forest,aac_ctd,42
P39962,Q07471,1,0.46,0,one_unseen,random_forest,aac_ctd,42
Q03957,Q12513,1,0.47,0,one_unseen,random_forest,aac_ctd,42
P34758,Q02948,1,0.6133333333333333,1,one_unseen,random_forest,aac_ctd,42
P26449,P39520,1,0.4666666666666667,0,one_unseen,random_forest,aac_ctd,42
P05318,Q07915,1,0.5566666666666666,1,one_unseen,random_forest,aac_ctd,42
P38788,P40956,1,0.5266666666666666,1,one_unseen,random_forest,aac_ctd,42
P49960,Q08729,1,0.6433333333333333,1,one_unseen,random_forest,aac_ctd,42
P43565,P48559,1,0.6466666666666666,1,one_unseen,random_forest,aac_ctd,42
P04807,P53685,1,0.49666666666666665,0,one_unseen,random_forest,aac_ctd,42
P36118,P38801,1,0.5666666666666667,1,one_unseen,random_forest,aac_ctd,42
Q07887,Q99394,1,0.43333333333333335,0,one_unseen,random_forest,aac_ctd,42
P23642,P32591,1,0.56,1,one_unseen,random_forest,aac_ctd,42
Q02939,Q03940,1,0.64,1,one_unseen,random_forest,aac_ctd,42
P26754,P39520,1,0.5766666666666667,1,one_unseen,random_forest,aac_ctd,42
P34077,Q12277,1,0.6466666666666666,1,one_unseen,random_forest,aac_ctd,42
P17214,P36144,1,0.5566666666666666,1,one_unseen,random_forest,aac_ctd,42
P19454,Q08119,1,0.5666666666666667,1,one_unseen,random_forest,aac_ctd,42
P34253,Q12420,1,0.4766666666666667,0,one_unseen,random_forest,aac_ctd,42
P00358,P25584,1,0.37333333333333335,0,one_unseen,random_forest,aac_ctd,42
Q06640,Q12754,1,0.58,1,one_unseen,random_forest,aac_ctd,42
P14737,Q06665,1,0.5433333333333333,1,one_unseen,random_forest,aac_ctd,42
P38744,Q12082,1,0.44,0,one_unseen,random_forest,aac_ctd,42
P23594,P53221,1,0.5033333333333333,1,one_unseen,random_forest,aac_ctd,42
P18963,P34221,1,0.58,1,one_unseen,random_forest,aac_ctd,42
P40992,P41817,1,0.5366666666666666,1,one_unseen,random_forest,aac_ctd,42
P07991,P20433,1,0.5433333333333333,1,one_unseen,random_forest,aac_ctd,42
P18961,P43574,1,0.58,1,one_unseen,random_forest,aac_ctd,42
P08638,P32828,1,0.56,1,one_unseen,random_forest,aac_ctd,42
P06784,Q06543,1,0.52,1,one_unseen,random_forest,aac_ctd,42
P36005,Q12021,1,0.62,1,one_unseen,random_forest,aac_ctd,42
P25453,P38877,1,0.49666666666666665,0,one_unseen,random_forest,aac_ctd,42
P38620,Q12447,1,0.44666666666666666,0,one_unseen,random_forest,aac_ctd,42
P39705,Q06164,1,0.59,1,one_unseen,random_forest,aac_ctd,42
P32832,P38262,1,0.5766666666666667,1,one_unseen,random_forest,aac_ctd,42
P06103,P22007,1,0.42333333333333334,0,one_unseen,random_forest,aac_ctd,42
P13517,Q08920,1,0.5733333333333334,1,one_unseen,random_forest,aac_ctd,42
P21242,P39944,1,0.57,1,one_unseen,random_forest,aac_ctd,42
P12945,P36018,1,0.5033333333333333,1,one_unseen,random_forest,aac_ctd,42
P41808,Q06217,1,0.45666666666666667,0,one_unseen,random_forest,aac_ctd,42
P52891,Q03774,1,0.7033333333333334,1,one_unseen,random_forest,aac_ctd,42
P41800,P43563,1,0.46,0,one_unseen,random_forest,aac_ctd,42
P22202,P37296,1,0.6,1,one_unseen,random_forest,aac_ctd,42
P00431,P38957,1,0.43,0,one_unseen,random_forest,aac_ctd,42
P35729,Q12277,1,0.6066666666666667,1,one_unseen,random_forest,aac_ctd,42
P25559,Q06449,1,0.44666666666666666,0,one_unseen,random_forest,aac_ctd,42
P39682,Q06648,1,0.5666666666666667,1,one_unseen,random_forest,aac_ctd,42
P53032,Q12318,1,0.4633333333333333,0,one_unseen,random_forest,aac_ctd,42
P00359,P13045,1,0.45,0,one_unseen,random_forest,aac_ctd,42
P06101,Q06410,1,0.6133333333333333,1,one_unseen,random_forest,aac_ctd,42
Q08245,Q12267,1,0.6466666666666666,1,one_unseen,random_forest,aac_ctd,42
P33203,P53552,1,0.5133333333333333,1,one_unseen,random_forest,aac_ctd,42
P47053,P53551,1,0.4266666666666667,0,one_unseen,random_forest,aac_ctd,42
P53169,P53267,1,0.5633333333333334,1,one_unseen,random_forest,aac_ctd,42
P22219,P33419,1,0.56,1,one_unseen,random_forest,aac_ctd,42
P33411,Q08746,1,0.56,1,one_unseen,random_forest,aac_ctd,42
P32855,P49573,1,0.48333333333333334,0,one_unseen,random_forest,aac_ctd,42
P38282,Q00578,1,0.54,1,one_unseen,random_forest,aac_ctd,42
P53150,Q12483,1,0.52,1,one_unseen,random_forest,aac_ctd,42
P27705,P53261,1,0.4666666666666667,0,one_unseen,random_forest,aac_ctd,42
P46963,Q04031,1,0.48333333333333334,0,one_unseen,random_forest,aac_ctd,42
P38801,P39744,1,0.58,1,one_unseen,random_forest,aac_ctd,42
P53685,Q03338,1,0.4866666666666667,0,one_unseen,random_forest,aac_ctd,42
P13185,P38823,1,0.6366666666666667,1,one_unseen,random_forest,aac_ctd,42
Q04373,Q12277,1,0.5566666666666666,1,one_unseen,random_forest,aac_ctd,42
P38232,Q03956,1,0.56,1,one_unseen,random_forest,aac_ctd,42
Q06624,Q12420,1,0.5533333333333333,1,one_unseen,random_forest,aac_ctd,42
P33331,P35688,1,0.4166666666666667,0,one_unseen,random_forest,aac_ctd,42
P32797,P38957,1,0.5566666666666666,1,one_unseen,random_forest,aac_ctd,42
P07270,Q07887,1,0.4533333333333333,0,one_unseen,random_forest,aac_ctd,42
P38856,P42935,1,0.62,1,one_unseen,random_forest,aac_ctd,42
P32561,P52286,1,0.51,1,one_unseen,random_forest,aac_ctd,42
P53731,Q12129,1,0.4,0,one_unseen,random_forest,aac_ctd,42
P20424,P41805,1,0.51,1,one_unseen,random_forest,aac_ctd,42
P25371,P25580,1,0.51,1,one_unseen,random_forest,aac_ctd,42
P24482,Q06604,1,0.5366666666666666,1,one_unseen,random_forest,aac_ctd,42
P40095,P48361,1,0.5133333333333333,1,one_unseen,random_forest,aac_ctd,42
P38735,Q04370,1,0.5133333333333333,1,one_unseen,random_forest,aac_ctd,42
P32527,P32588,1,0.48,0,one_unseen,random_forest,aac_ctd,42
P02293,Q12427,1,0.5033333333333333,1,one_unseen,random_forest,aac_ctd,42
P38856,P53323,1,0.6066666666666667,1,one_unseen,random_forest,aac_ctd,42
P15790,P33418,1,0.4266666666666667,0,one_unseen,random_forest,aac_ctd,42
P32478,P50095,1,0.35,0,one_unseen,random_forest,aac_ctd,42
P21965,Q06164,1,0.5966666666666667,1,one_unseen,random_forest,aac_ctd,42
P53010,Q03758,1,0.53,1,one_unseen,random_forest,aac_ctd,42
P36047,Q12390,1,0.6166666666666667,1,one_unseen,random_forest,aac_ctd,42
Q02100,Q08235,1,0.5533333333333333,1,one_unseen,random_forest,aac_ctd,42
P53086,P53859,1,0.62,1,one_unseen,random_forest,aac_ctd,42
P40016,Q12264,1,0.15,0,one_unseen,random_forest,aac_ctd,42
P22219,P38310,1,0.43333333333333335,0,one_unseen,random_forest,aac_ctd,42
P33311,P40529,1,0.48,0,one_unseen,random_forest,aac_ctd,42
P38867,P40356,1,0.5,1,one_unseen,random_forest,aac_ctd,42
P32496,Q12277,1,0.5766666666666667,1,one_unseen,random_forest,aac_ctd,42
P36068,Q08931,1,0.5833333333333334,1,one_unseen,random_forest,aac_ctd,42
P09232,P52286,1,0.5933333333333334,1,one_unseen,random_forest,aac_ctd,42
P02829,P40892,1,0.43,0,one_unseen,random_forest,aac_ctd,42
P25341,Q12018,1,0.6533333333333333,1,one_unseen,random_forest,aac_ctd,42
P20433,P48361,1,0.48333333333333334,0,one_unseen,random_forest,aac_ctd,42
P13185,P28817,1,0.5533333333333333,1,one_unseen,random_forest,aac_ctd,42
P38153,P40314,1,0.55,1,one_unseen,random_forest,aac_ctd,42
Q00684,Q05778,1,0.45666666666666667,0,one_unseen,random_forest,aac_ctd,42
P40096,Q04359,1,0.41333333333333333,0,one_unseen,random_forest,aac_ctd,42
P38690,Q03010,1,0.62,1,one_unseen,random_forest,aac_ctd,42
P53248,Q00916,1,0.47,0,one_unseen,random_forest,aac_ctd,42
P23624,Q06169,1,0.5033333333333333,1,one_unseen,random_forest,aac_ctd,42
P38634,P41277,1,0.47333333333333333,0,one_unseen,random_forest,aac_ctd,42
P20433,P38129,1,0.59,1,one_unseen,random_forest,aac_ctd,42
P38310,P53196,1,0.5166666666666667,1,one_unseen,random_forest,aac_ctd,42
P39707,Q04792,1,0.5633333333333334,1,one_unseen,random_forest,aac_ctd,42
P30657,P38113,1,0.49666666666666665,0,one_unseen,random_forest,aac_ctd,42
P53104,Q05775,1,0.56,1,one_unseen,random_forest,aac_ctd,42
P18851,P49435,1,0.44333333333333336,0,one_unseen,random_forest,aac_ctd,42
P05986,P38631,1,0.6,1,one_unseen,random_forest,aac_ctd,42
P40477,P40565,1,0.44666666666666666,0,one_unseen,random_forest,aac_ctd,42
P07251,Q03010,1,0.4666666666666667,0,one_unseen,random_forest,aac_ctd,42
P21339,Q12372,1,0.31333333333333335,0,one_unseen,random_forest,aac_ctd,42
P38152,P39987,1,0.3233333333333333,0,one_unseen,random_forest,aac_ctd,42
P20459,Q12390,1,0.5466666666666666,1,one_unseen,random_forest,aac_ctd,42
P32898,P38793,1,0.4766666666666667,0,one_unseen,random_forest,aac_ctd,42
P32898,Q07930,1,0.63,1,one_unseen,random_forest,aac_ctd,42
P32505,Q08229,1,0.49,0,one_unseen,random_forest,aac_ctd,42
P18962,P38861,1,0.6033333333333334,1,one_unseen,random_forest,aac_ctd,42
P38990,P53280,1,0.5333333333333333,1,one_unseen,random_forest,aac_ctd,42
P38793,P39960,1,0.5833333333333334,1,one_unseen,random_forest,aac_ctd,42
Q03048,Q04067,1,0.4766666666666667,0,one_unseen,random_forest,aac_ctd,42
Q04934,Q06819,1,0.49666666666666665,0,one_unseen,random_forest,aac_ctd,42
P07283,Q05568,1,0.4866666666666667,0,one_unseen,random_forest,aac_ctd,42
P39935,Q12363,1,0.4766666666666667,0,one_unseen,random_forest,aac_ctd,42
P13856,P47045,1,0.5066666666666667,1,one_unseen,random_forest,aac_ctd,42
P10964,P41818,1,0.44666666666666666,0,one_unseen,random_forest,aac_ctd,42
P14832,Q08886,1,0.49,0,one_unseen,random_forest,aac_ctd,42
P17121,P40554,1,0.5366666666666666,1,one_unseen,random_forest,aac_ctd,42
P38429,Q06168,1,0.47333333333333333,0,one_unseen,random_forest,aac_ctd,42
P38889,Q03956,1,0.5733333333333334,1,one_unseen,random_forest,aac_ctd,42
P33331,P38889,1,0.49666666666666665,0,one_unseen,random_forest,aac_ctd,42
P38871,P41920,1,0.5633333333333334,1,one_unseen,random_forest,aac_ctd,42
P25646,Q12513,1,0.46,0,one_unseen,random_forest,aac_ctd,42
P38871,Q04792,1,0.5966666666666667,1,one_unseen,random_forest,aac_ctd,42
Q08920,Q12276,1,0.5166666666666667,1,one_unseen,random_forest,aac_ctd,42
P21306,P32607,1,0.44666666666666666,0,one_unseen,random_forest,aac_ctd,42
P14680,P19145,1,0.38333333333333336,0,one_unseen,random_forest,aac_ctd,42
P16522,P41817,1,0.5833333333333334,1,one_unseen,random_forest,aac_ctd,42
P42073,Q99299,1,0.5233333333333333,1,one_unseen,random_forest,aac_ctd,42
P02994,P13663,1,0.5833333333333334,1,one_unseen,random_forest,aac_ctd,42
P54885,Q08886,1,0.6466666666666666,1,one_unseen,random_forest,aac_ctd,42
P40061,Q05778,1,0.4066666666666667,0,one_unseen,random_forest,aac_ctd,42
P40518,P50108,1,0.5366666666666666,1,one_unseen,random_forest,aac_ctd,42
P36130,P38254,1,0.59,1,one_unseen,random_forest,aac_ctd,42
P39547,P43555,1,0.4,0,one_unseen,random_forest,aac_ctd,42
P32366,Q04373,1,0.55,1,one_unseen,random_forest,aac_ctd,42
O74700,P38111,1,0.47,0,one_unseen,random_forest,aac_ctd,42
P32468,P43616,1,0.53,1,one_unseen,random_forest,aac_ctd,42
P32607,P32854,1,0.5266666666666666,1,one_unseen,random_forest,aac_ctd,42
P30902,P34240,1,0.49666666666666665,0,one_unseen,random_forest,aac_ctd,42
P11075,P36017,1,0.5466666666666666,1,one_unseen,random_forest,aac_ctd,42
P13663,P32364,1,0.5033333333333333,1,one_unseen,random_forest,aac_ctd,42
P38011,Q12477,1,0.47333333333333333,0,one_unseen,random_forest,aac_ctd,42
P29703,P38863,1,0.48,0,one_unseen,random_forest,aac_ctd,42
P40462,P43535,1,0.6266666666666667,1,one_unseen,random_forest,aac_ctd,42
P48582,Q08920,1,0.49666666666666665,0,one_unseen,random_forest,aac_ctd,42
P38627,P39968,1,0.5266666666666666,1,one_unseen,random_forest,aac_ctd,42
P53125,Q04437,1,0.5466666666666666,1,one_unseen,random_forest,aac_ctd,42
P53685,Q06696,1,0.48,0,one_unseen,random_forest,aac_ctd,42
P53010,Q04359,1,0.4666666666666667,0,one_unseen,random_forest,aac_ctd,42
P33419,P38871,1,0.64,1,one_unseen,random_forest,aac_ctd,42
Q05022,Q06142,1,0.53,1,one_unseen,random_forest,aac_ctd,42
P32642,P38624,1,0.49,0,one_unseen,random_forest,aac_ctd,42
P38339,Q00816,1,0.6533333333333333,1,one_unseen,random_forest,aac_ctd,42
P30619,P42846,1,0.5766666666666667,1,one_unseen,random_forest,aac_ctd,42
P51601,Q05471,1,0.6266666666666667,1,one_unseen,random_forest,aac_ctd,42
P07262,Q03899,1,0.56,1,one_unseen,random_forest,aac_ctd,42
P33339,P38319,1,0.6,1,one_unseen,random_forest,aac_ctd,42
P40479,P41814,1,0.52,1,one_unseen,random_forest,aac_ctd,42
P53952,Q12343,1,0.5166666666666667,1,one_unseen,random_forest,aac_ctd,42
P32457,P53974,1,0.56,1,one_unseen,random_forest,aac_ctd,42
P15108,Q12142,1,0.5166666666666667,1,one_unseen,random_forest,aac_ctd,42
P32628,P36049,1,0.5533333333333333,1,one_unseen,random_forest,aac_ctd,42
P02400,P04387,1,0.41333333333333333,0,one_unseen,random_forest,aac_ctd,42
P38310,P38823,1,0.55,1,one_unseen,random_forest,aac_ctd,42
P35169,P38153,1,0.6366666666666667,1,one_unseen,random_forest,aac_ctd,42
P38785,P53754,1,0.58,1,one_unseen,random_forest,aac_ctd,42
P53068,P53267,1,0.6066666666666667,1,one_unseen,random_forest,aac_ctd,42
P25293,P37296,1,0.43,0,one_unseen,random_forest,aac_ctd,42
P32628,P42839,1,0.43666666666666665,0,one_unseen,random_forest,aac_ctd,42
P10961,P89105,1,0.44333333333333336,0,one_unseen,random_forest,aac_ctd,42
P36103,Q05785,1,0.5133333333333333,1,one_unseen,random_forest,aac_ctd,42
P38276,Q00816,1,0.57,1,one_unseen,random_forest,aac_ctd,42
P20438,Q06078,1,0.6166666666666667,1,one_unseen,random_forest,aac_ctd,42
P27472,P38615,1,0.48,0,one_unseen,random_forest,aac_ctd,42
P39107,Q00578,1,0.49,0,one_unseen,random_forest,aac_ctd,42
P24279,Q06679,1,0.6066666666666667,1,one_unseen,random_forest,aac_ctd,42
P17119,Q08746,1,0.5266666666666666,1,one_unseen,random_forest,aac_ctd,42
O14455,P35056,1,0.39666666666666667,0,one_unseen,random_forest,aac_ctd,42
Q12260,Q12265,1,0.6333333333333333,1,one_unseen,random_forest,aac_ctd,42
P25584,P32571,1,0.36333333333333334,0,one_unseen,random_forest,aac_ctd,42
P31383,P38850,1,0.58,1,one_unseen,random_forest,aac_ctd,42
P17536,P38956,1,0.49666666666666665,0,one_unseen,random_forest,aac_ctd,42
P40477,P47083,1,0.4666666666666667,0,one_unseen,random_forest,aac_ctd,42
P09064,P41921,1,0.5466666666666666,1,one_unseen,random_forest,aac_ctd,42
P40303,Q03532,1,0.5,1,one_unseen,random_forest,aac_ctd,42
P26793,P40095,1,0.5233333333333333,1,one_unseen,random_forest,aac_ctd,42
P32354,Q07458,1,0.56,1,one_unseen,random_forest,aac_ctd,42
P30619,Q12473,1,0.33,0,one_unseen,random_forest,aac_ctd,42
P06242,Q03862,1,0.5266666666666666,1,one_unseen,random_forest,aac_ctd,42
P09798,P39563,1,0.43,0,one_unseen,random_forest,aac_ctd,42
P05986,P53100,1,0.64,1,one_unseen,random_forest,aac_ctd,42
P40564,Q03899,1,0.4866666666666667,0,one_unseen,random_forest,aac_ctd,42
P27705,P38873,1,0.5366666666666666,1,one_unseen,random_forest,aac_ctd,42
P38193,P52919,1,0.5233333333333333,1,one_unseen,random_forest,aac_ctd,42
P00359,Q04693,1,0.48333333333333334,0,one_unseen,random_forest,aac_ctd,42
P47068,Q12449,1,0.6,1,one_unseen,random_forest,aac_ctd,42
P40473,P53599,1,0.56,1,one_unseen,random_forest,aac_ctd,42
P34164,P53924,1,0.5533333333333333,1,one_unseen,random_forest,aac_ctd,42
P10592,P35688,1,0.6533333333333333,1,one_unseen,random_forest,aac_ctd,42
O13539,P32502,1,0.5866666666666667,1,one_unseen,random_forest,aac_ctd,42
P28791,P32264,1,0.6133333333333333,1,one_unseen,random_forest,aac_ctd,42
P38960,Q12415,1,0.5466666666666666,1,one_unseen,random_forest,aac_ctd,42
P40395,Q03898,1,0.5966666666666667,1,one_unseen,random_forest,aac_ctd,42
P38862,P43638,1,0.6733333333333333,1,one_unseen,random_forest,aac_ctd,42
P34234,P47064,1,0.5166666666666667,1,one_unseen,random_forest,aac_ctd,42
P33760,P47054,1,0.58,1,one_unseen,random_forest,aac_ctd,42
P38871,P47134,1,0.6666666666666666,1,one_unseen,random_forest,aac_ctd,42
P36165,Q12176,1,0.43333333333333335,0,one_unseen,random_forest,aac_ctd,42
P38853,P39715,1,0.5333333333333333,1,one_unseen,random_forest,aac_ctd,42
P46655,Q08963,1,0.54,1,one_unseen,random_forest,aac_ctd,42
P32505,P36080,1,0.5933333333333334,1,one_unseen,random_forest,aac_ctd,42
P38313,Q00816,1,0.55,1,one_unseen,random_forest,aac_ctd,42
P33313,P53049,1,0.6033333333333334,1,one_unseen,random_forest,aac_ctd,42
P11709,P40483,1,0.5166666666666667,1,one_unseen,random_forest,aac_ctd,42
P16140,Q04305,1,0.5266666666666666,1,one_unseen,random_forest,aac_ctd,42
P05986,P38768,1,0.55,1,one_unseen,random_forest,aac_ctd,42
P12612,P89102,1,0.61,1,one_unseen,random_forest,aac_ctd,42
P26754,Q12495,1,0.5866666666666667,1,one_unseen,random_forest,aac_ctd,42
P38334,Q04338,1,0.5333333333333333,1,one_unseen,random_forest,aac_ctd,42
P39904,P40574,1,0.5133333333333333,1,one_unseen,random_forest,aac_ctd,42
P09798,P13185,1,0.5766666666666667,1,one_unseen,random_forest,aac_ctd,42
P28007,Q04048,1,0.47333333333333333,0,one_unseen,random_forest,aac_ctd,42
P25342,P34160,1,0.5933333333333334,1,one_unseen,random_forest,aac_ctd,42
P11484,Q06704,1,0.5266666666666666,1,one_unseen,random_forest,aac_ctd,42
P15108,P35197,1,0.6433333333333333,1,one_unseen,random_forest,aac_ctd,42
P27895,P53978,1,0.63,1,one_unseen,random_forest,aac_ctd,42
P34909,P39936,1,0.6166666666666667,1,one_unseen,random_forest,aac_ctd,42
P39076,Q04087,1,0.5433333333333333,1,one_unseen,random_forest,aac_ctd,42
P15108,P26263,1,0.5266666666666666,1,one_unseen,random_forest,aac_ctd,42
P17119,Q06408,1,0.59,1,one_unseen,random_forest,aac_ctd,42
P53125,Q08204,1,0.5066666666666667,1,one_unseen,random_forest,aac_ctd,42
P36005,P53955,1,0.57,1,one_unseen,random_forest,aac_ctd,42
P16892,Q06704,1,0.5733333333333334,1,one_unseen,random_forest,aac_ctd,42
P00812,Q12134,1,0.53,1,one_unseen,random_forest,aac_ctd,42
P36019,P53184,1,0.6,1,one_unseen,random_forest,aac_ctd,42
P05318,P15436,1,0.58,1,one_unseen,random_forest,aac_ctd,42
P22216,Q12754,1,0.45666666666666667,0,one_unseen,random_forest,aac_ctd,42
P32773,Q06142,1,0.5433333333333333,1,one_unseen,random_forest,aac_ctd,42
P53743,Q05900,1,0.5566666666666666,1,one_unseen,random_forest,aac_ctd,42
P38219,P43574,1,0.5766666666666667,1,one_unseen,random_forest,aac_ctd,42
P20449,P25655,1,0.6033333333333334,1,one_unseen,random_forest,aac_ctd,42
P38427,Q12280,1,0.5866666666666667,1,one_unseen,random_forest,aac_ctd,42
P38310,Q04493,1,0.33,0,one_unseen,random_forest,aac_ctd,42
P20434,P42841,1,0.6133333333333333,1,one_unseen,random_forest,aac_ctd,42
P38871,Q03018,1,0.57,1,one_unseen,random_forest,aac_ctd,42
P50113,Q04031,1,0.44333333333333336,0,one_unseen,random_forest,aac_ctd,42
P40563,P41800,1,0.5033333333333333,1,one_unseen,random_forest,aac_ctd,42
P53604,Q07376,1,0.36333333333333334,0,one_unseen,random_forest,aac_ctd,42
P39743,P40574,1,0.5433333333333333,1,one_unseen,random_forest,aac_ctd,42
P24279,Q06549,1,0.61,1,one_unseen,random_forest,aac_ctd,42
P38863,P47176,1,0.5166666666666667,1,one_unseen,random_forest,aac_ctd,42
P21672,P43574,1,0.5766666666666667,1,one_unseen,random_forest,aac_ctd,42
P36018,P53250,1,0.5066666666666667,1,one_unseen,random_forest,aac_ctd,42
P38737,P41940,1,0.56,1,one_unseen,random_forest,aac_ctd,42
P32563,P36029,1,0.4066666666666667,0,one_unseen,random_forest,aac_ctd,42
P33311,Q12518,1,0.56,1,one_unseen,random_forest,aac_ctd,42
P40988,P42073,1,0.55,1,one_unseen,random_forest,aac_ctd,42
P40014,P53877,1,0.57,1,one_unseen,random_forest,aac_ctd,42
P38217,Q08119,1,0.5433333333333333,1,one_unseen,random_forest,aac_ctd,42
P10961,P32597,1,0.45666666666666667,0,one_unseen,random_forest,aac_ctd,42
P10592,P33298,1,0.6233333333333333,1,one_unseen,random_forest,aac_ctd,42
P41813,P43565,1,0.51,1,one_unseen,random_forest,aac_ctd,42
P25453,P53437,1,0.5,1,one_unseen,random_forest,aac_ctd,42
P36019,P39990,1,0.51,1,one_unseen,random_forest,aac_ctd,42
P34234,Q08732,1,0.5266666666666666,1,one_unseen,random_forest,aac_ctd,42
P39875,Q03406,1,0.6633333333333333,1,one_unseen,random_forest,aac_ctd,42
Q02884,Q03899,1,0.59,1,one_unseen,random_forest,aac_ctd,42
P24279,Q03220,1,0.6966666666666667,1,one_unseen,random_forest,aac_ctd,42
P38631,Q12100,1,0.5566666666666666,1,one_unseen,random_forest,aac_ctd,42
P32485,Q12134,1,0.53,1,one_unseen,random_forest,aac_ctd,42
P07273,Q12149,1,0.6533333333333333,1,one_unseen,random_forest,aac_ctd,42
P36094,P38705,1,0.5,1,one_unseen,random_forest,aac_ctd,42
P32849,P47134,1,0.55,1,one_unseen,random_forest,aac_ctd,42
P11745,P22202,1,0.6766666666666666,1,one_unseen,random_forest,aac_ctd,42
P22336,P43616,1,0.68,1,one_unseen,random_forest,aac_ctd,42
Q04005,Q12469,1,0.5433333333333333,1,one_unseen,random_forest,aac_ctd,42
P38737,P40018,1,0.4866666666666667,0,one_unseen,random_forest,aac_ctd,42
P19414,Q03899,1,0.64,1,one_unseen,random_forest,aac_ctd,42
P06839,Q12129,1,0.5566666666666666,1,one_unseen,random_forest,aac_ctd,42
P00817,P12868,1,0.5833333333333334,1,one_unseen,random_forest,aac_ctd,42
P32349,P53552,1,0.5,1,one_unseen,random_forest,aac_ctd,42
P40554,P53036,1,0.49666666666666665,0,one_unseen,random_forest,aac_ctd,42
P53600,Q05024,1,0.61,1,one_unseen,random_forest,aac_ctd,42
P33420,P38011,1,0.56,1,one_unseen,random_forest,aac_ctd,42
P23059,P40468,1,0.5033333333333333,1,one_unseen,random_forest,aac_ctd,42
P32588,P40960,1,0.54,1,one_unseen,random_forest,aac_ctd,42
Q04087,Q08949,1,0.5166666666666667,1,one_unseen,random_forest,aac_ctd,42
P34253,P38863,1,0.54,1,one_unseen,random_forest,aac_ctd,42
Q04511,Q12264,1,0.16333333333333333,0,one_unseen,random_forest,aac_ctd,42
P32610,Q05580,1,0.5733333333333334,1,one_unseen,random_forest,aac_ctd,42
P18410,P53604,1,0.45,0,one_unseen,random_forest,aac_ctd,42
P23642,P52593,1,0.62,1,one_unseen,random_forest,aac_ctd,42
P15790,P50094,1,0.4666666666666667,0,one_unseen,random_forest,aac_ctd,42
P38793,Q12277,1,0.51,1,one_unseen,random_forest,aac_ctd,42
P43616,P53886,1,0.5766666666666667,1,one_unseen,random_forest,aac_ctd,42
P53622,Q06142,1,0.6333333333333333,1,one_unseen,random_forest,aac_ctd,42
P02829,P15646,1,0.48,0,one_unseen,random_forest,aac_ctd,42
P00830,Q12038,1,0.47,0,one_unseen,random_forest,aac_ctd,42
P33419,Q99181,1,0.48333333333333334,0,one_unseen,random_forest,aac_ctd,42
P32864,P53048,1,0.41333333333333333,0,one_unseen,random_forest,aac_ctd,42
P25615,P25655,1,0.5933333333333334,1,one_unseen,random_forest,aac_ctd,42
P20424,Q07418,1,0.5666666666666667,1,one_unseen,random_forest,aac_ctd,42
P38165,Q05785,1,0.5033333333333333,1,one_unseen,random_forest,aac_ctd,42
Q00772,Q08902,1,0.24,0,one_unseen,random_forest,aac_ctd,42
P20459,P53081,1,0.65,1,one_unseen,random_forest,aac_ctd,42
P38879,P53261,1,0.5933333333333334,1,one_unseen,random_forest,aac_ctd,42
P00359,P52553,1,0.5066666666666667,1,one_unseen,random_forest,aac_ctd,42
P07251,P17119,1,0.5133333333333333,1,one_unseen,random_forest,aac_ctd,42
P23644,Q00916,1,0.51,1,one_unseen,random_forest,aac_ctd,42
P32502,P53867,1,0.5966666666666667,1,one_unseen,random_forest,aac_ctd,42
P14736,Q06160,1,0.5966666666666667,1,one_unseen,random_forest,aac_ctd,42
P25451,P47068,1,0.43,0,one_unseen,random_forest,aac_ctd,42
P39563,Q08208,1,0.4766666666666667,0,one_unseen,random_forest,aac_ctd,42
P32527,Q08217,1,0.53,1,one_unseen,random_forest,aac_ctd,42
P38013,P47079,1,0.49333333333333335,0,one_unseen,random_forest,aac_ctd,42
O14455,P36048,1,0.3466666666666667,0,one_unseen,random_forest,aac_ctd,42
P10363,P23287,1,0.5833333333333334,1,one_unseen,random_forest,aac_ctd,42
P40413,P40529,1,0.5166666666666667,1,one_unseen,random_forest,aac_ctd,42
P20433,P46985,1,0.5033333333333333,1,one_unseen,random_forest,aac_ctd,42
Q02100,Q08963,1,0.5433333333333333,1,one_unseen,random_forest,aac_ctd,42
P36017,Q04004,1,0.5566666666666666,1,one_unseen,random_forest,aac_ctd,42
P53894,Q08931,1,0.6233333333333333,1,one_unseen,random_forest,aac_ctd,42
P26793,P38998,1,0.58,1,one_unseen,random_forest,aac_ctd,42
P25342,P47113,1,0.6166666666666667,1,one_unseen,random_forest,aac_ctd,42
P39515,P53824,1,0.3566666666666667,0,one_unseen,random_forest,aac_ctd,42
P40339,Q12505,1,0.5966666666666667,1,one_unseen,random_forest,aac_ctd,42
P00445,P47134,1,0.51,1,one_unseen,random_forest,aac_ctd,42
P17536,P22141,1,0.5433333333333333,1,one_unseen,random_forest,aac_ctd,42
P00724,P24004,1,0.4866666666666667,0,one_unseen,random_forest,aac_ctd,42
P02829,P32481,1,0.6466666666666666,1,one_unseen,random_forest,aac_ctd,42
P00830,P29366,1,0.4666666666666667,0,one_unseen,random_forest,aac_ctd,42
P28707,Q12368,1,0.5533333333333333,1,one_unseen,random_forest,aac_ctd,42
P38634,Q08446,1,0.35333333333333333,0,one_unseen,random_forest,aac_ctd,42
P41277,P53250,1,0.35333333333333333,0,one_unseen,random_forest,aac_ctd,42
P11978,Q08685,1,0.5533333333333333,1,one_unseen,random_forest,aac_ctd,42
P05318,Q07528,1,0.59,1,one_unseen,random_forest,aac_ctd,42
P40187,P53115,1,0.5266666666666666,1,one_unseen,random_forest,aac_ctd,42
P38723,Q12450,1,0.24,0,one_unseen,random_forest,aac_ctd,42
Q00362,Q12142,1,0.6166666666666667,1,one_unseen,random_forest,aac_ctd,42
P00830,P35198,1,0.4633333333333333,0,one_unseen,random_forest,aac_ctd,42
P36973,Q12527,1,0.44333333333333336,0,one_unseen,random_forest,aac_ctd,42
P00817,P32786,1,0.56,1,one_unseen,random_forest,aac_ctd,42
P46680,Q03758,1,0.6033333333333334,1,one_unseen,random_forest,aac_ctd,42
P20437,P40541,1,0.6466666666666666,1,one_unseen,random_forest,aac_ctd,42
P18888,P52910,1,0.5,1,one_unseen,random_forest,aac_ctd,42
P15705,P40956,1,0.56,1,one_unseen,random_forest,aac_ctd,42
P04076,P40956,1,0.58,1,one_unseen,random_forest,aac_ctd,42
P38310,P48836,1,0.5433333333333333,1,one_unseen,random_forest,aac_ctd,42
P00560,Q05775,1,0.5633333333333334,1,one_unseen,random_forest,aac_ctd,42
P25655,Q12033,1,0.5433333333333333,1,one_unseen,random_forest,aac_ctd,42
P40202,Q05610,1,0.64,1,one_unseen,random_forest,aac_ctd,42
P07991,P38990,1,0.62,1,one_unseen,random_forest,aac_ctd,42
P36118,P53604,1,0.49333333333333335,0,one_unseen,random_forest,aac_ctd,42
P22213,Q04921,1,0.56,1,one_unseen,random_forest,aac_ctd,42
P25582,P40092,1,0.42,0,one_unseen,random_forest,aac_ctd,42
Q00684,Q05785,1,0.5166666666666667,1,one_unseen,random_forest,aac_ctd,42
P33399,P40303,1,0.49,0,one_unseen,random_forest,aac_ctd,42
P36027,P38130,1,0.3433333333333333,0,one_unseen,random_forest,aac_ctd,42
P15442,Q02260,1,0.52,1,one_unseen,random_forest,aac_ctd,42
P05318,P53163,1,0.47,0,one_unseen,random_forest,aac_ctd,42
P36048,P53048,1,0.4766666666666667,0,one_unseen,random_forest,aac_ctd,42
P25694,P53032,1,0.52,1,one_unseen,random_forest,aac_ctd,42
P47135,Q12055,1,0.54,1,one_unseen,random_forest,aac_ctd,42
P02829,Q06103,1,0.5333333333333333,1,one_unseen,random_forest,aac_ctd,42
P38634,P53036,1,0.46,0,one_unseen,random_forest,aac_ctd,42
P17536,Q12285,1,0.5733333333333334,1,one_unseen,random_forest,aac_ctd,42
P28707,P32917,1,0.6066666666666667,1,one_unseen,random_forest,aac_ctd,42
P53171,P53299,1,0.4066666666666667,0,one_unseen,random_forest,aac_ctd,42
P36029,P39107,1,0.2733333333333333,0,one_unseen,random_forest,aac_ctd,42
P40186,P50086,1,0.5466666666666666,1,one_unseen,random_forest,aac_ctd,42
P20433,P49955,1,0.55,1,one_unseen,random_forest,aac_ctd,42
P38856,P47122,1,0.5633333333333334,1,one_unseen,random_forest,aac_ctd,42
P39013,P42073,1,0.5733333333333334,1,one_unseen,random_forest,aac_ctd,42
Q00955,Q03010,1,0.67,1,one_unseen,random_forest,aac_ctd,42
P32345,P32794,1,0.6233333333333333,1,one_unseen,random_forest,aac_ctd,42
P19657,P38996,1,0.48,0,one_unseen,random_forest,aac_ctd,42
P28795,P53290,1,0.5766666666666667,1,one_unseen,random_forest,aac_ctd,42
P22517,Q12477,1,0.5533333333333333,1,one_unseen,random_forest,aac_ctd,42
Q00816,Q05874,1,0.5133333333333333,1,one_unseen,random_forest,aac_ctd,42
P05318,Q08581,1,0.5866666666666667,1,one_unseen,random_forest,aac_ctd,42
P02400,Q06679,1,0.53,1,one_unseen,random_forest,aac_ctd,42
P40395,P53847,1,0.6333333333333333,1,one_unseen,random_forest,aac_ctd,42
P40055,P53145,1,0.55,1,one_unseen,random_forest,aac_ctd,42
P19097,P53290,1,0.6533333333333333,1,one_unseen,random_forest,aac_ctd,42
P22007,P38903,1,0.5666666666666667,1,one_unseen,random_forest,aac_ctd,42
P30619,P40055,1,0.6266666666666667,1,one_unseen,random_forest,aac_ctd,42
P39108,P52910,1,0.4633333333333333,0,one_unseen,random_forest,aac_ctd,42
P33201,P36068,1,0.5133333333333333,1,one_unseen,random_forest,aac_ctd,42
P27895,P32873,1,0.5433333333333333,1,one_unseen,random_forest,aac_ctd,42
P32571,P43616,1,0.61,1,one_unseen,random_forest,aac_ctd,42
P25515,Q04439,1,0.39666666666666667,0,one_unseen,random_forest,aac_ctd,42
P39682,P40316,1,0.5066666666666667,1,one_unseen,random_forest,aac_ctd,42
P00359,Q06412,1,0.42,0,one_unseen,random_forest,aac_ctd,42
P39717,Q03071,1,0.6466666666666666,1,one_unseen,random_forest,aac_ctd,42
P43619,P43638,1,0.6266666666666667,1,one_unseen,random_forest,aac_ctd,42
P02400,P38837,1,0.4,0,one_unseen,random_forest,aac_ctd,42
P21576,P53743,1,0.62,1,one_unseen,random_forest,aac_ctd,42
P40013,Q03533,1,0.5466666666666666,1,one_unseen,random_forest,aac_ctd,42
P10869,P52286,1,0.52,1,one_unseen,random_forest,aac_ctd,42
P26793,P41808,1,0.5366666666666666,1,one_unseen,random_forest,aac_ctd,42
Q02554,Q04087,1,0.5533333333333333,1,one_unseen,random_forest,aac_ctd,42
P22213,P38748,1,0.5766666666666667,1,one_unseen,random_forest,aac_ctd,42
P14126,Q06406,1,0.4033333333333333,0,one_unseen,random_forest,aac_ctd,42
P16658,P40462,1,0.58,1,one_unseen,random_forest,aac_ctd,42
P22213,P32491,1,0.6066666666666667,1,one_unseen,random_forest,aac_ctd,42
P27636,P40960,1,0.5766666666666667,1,one_unseen,random_forest,aac_ctd,42
P18961,P33311,1,0.5066666666666667,1,one_unseen,random_forest,aac_ctd,42
P53974,Q04651,1,0.49333333333333335,0,one_unseen,random_forest,aac_ctd,42
P32599,Q07418,1,0.5633333333333334,1,one_unseen,random_forest,aac_ctd,42
P38850,P39563,1,0.43333333333333335,0,one_unseen,random_forest,aac_ctd,42
P38208,P40960,1,0.63,1,one_unseen,random_forest,aac_ctd,42
P08566,P34164,1,0.6033333333333334,1,one_unseen,random_forest,aac_ctd,42
P32325,Q00578,1,0.6133333333333333,1,one_unseen,random_forest,aac_ctd,42
P47117,Q12513,1,0.4066666666666667,0,one_unseen,random_forest,aac_ctd,42
P25605,P50086,1,0.45666666666666667,0,one_unseen,random_forest,aac_ctd,42
P11709,Q12341,1,0.49,0,one_unseen,random_forest,aac_ctd,42
P30283,P39101,1,0.5033333333333333,1,one_unseen,random_forest,aac_ctd,42
P20438,P39743,1,0.5566666666666666,1,one_unseen,random_forest,aac_ctd,42
P06844,Q05775,1,0.57,1,one_unseen,random_forest,aac_ctd,42
P38555,P39927,1,0.6266666666666667,1,one_unseen,random_forest,aac_ctd,42
Q07887,Q12045,1,0.45666666666666667,0,one_unseen,random_forest,aac_ctd,42
P20459,P53894,1,0.6233333333333333,1,one_unseen,random_forest,aac_ctd,42
P41808,Q12045,1,0.5033333333333333,1,one_unseen,random_forest,aac_ctd,42
P32599,P40095,1,0.62,1,one_unseen,random_forest,aac_ctd,42
P07834,P32864,1,0.61,1,one_unseen,random_forest,aac_ctd,42
P23255,P36120,1,0.62,1,one_unseen,random_forest,aac_ctd,42
Q06137,Q12255,1,0.43,0,one_unseen,random_forest,aac_ctd,42
P25655,Q03981,1,0.6466666666666666,1,one_unseen,random_forest,aac_ctd,42
P25333,P31688,1,0.6666666666666666,1,one_unseen,random_forest,aac_ctd,42
P50104,P50105,1,0.62,1,one_unseen,random_forest,aac_ctd,42
P28007,P39531,1,0.45,0,one_unseen,random_forest,aac_ctd,42
P30656,P40518,1,0.52,1,one_unseen,random_forest,aac_ctd,42
P25296,P36037,1,0.5366666666666666,1,one_unseen,random_forest,aac_ctd,42
P22517,P39718,1,0.44333333333333336,0,one_unseen,random_forest,aac_ctd,42
P00431,P33303,1,0.44,0,one_unseen,random_forest,aac_ctd,42
P40092,Q02875,1,0.39,0,one_unseen,random_forest,aac_ctd,42
P09938,P53924,1,0.55,1,one_unseen,random_forest,aac_ctd,42
Q00816,Q06411,1,0.5866666666666667,1,one_unseen,random_forest,aac_ctd,42
P16140,P23644,1,0.56,1,one_unseen,random_forest,aac_ctd,42
P53039,Q12300,1,0.46,0,one_unseen,random_forest,aac_ctd,42
P00830,P32263,1,0.5733333333333334,1,one_unseen,random_forest,aac_ctd,42
P35190,P53277,1,0.5066666666666667,1,one_unseen,random_forest,aac_ctd,42
P21192,Q06451,1,0.39,0,one_unseen,random_forest,aac_ctd,42
P32366,P53941,1,0.5333333333333333,1,one_unseen,random_forest,aac_ctd,42
Q03308,Q08119,1,0.6233333333333333,1,one_unseen,random_forest,aac_ctd,42
P08524,P32505,1,0.59,1,one_unseen,random_forest,aac_ctd,42
P38266,P43638,1,0.52,1,one_unseen,random_forest,aac_ctd,42
P48525,P53540,1,0.4866666666666667,0,one_unseen,random_forest,aac_ctd,42
P32570,P43132,1,0.36333333333333334,0,one_unseen,random_forest,aac_ctd,42
P30665,P38863,1,0.6133333333333333,1,one_unseen,random_forest,aac_ctd,42
P10363,Q08732,1,0.55,1,one_unseen,random_forest,aac_ctd,42
P24279,Q04439,1,0.57,1,one_unseen,random_forest,aac_ctd,42
P32325,P40479,1,0.4166666666666667,0,one_unseen,random_forest,aac_ctd,42
P38768,P40092,1,0.4,0,one_unseen,random_forest,aac_ctd,42
P40395,Q06549,1,0.4266666666666667,0,one_unseen,random_forest,aac_ctd,42
P33760,Q06263,1,0.5033333333333333,1,one_unseen,random_forest,aac_ctd,42
Q03337,Q06160,1,0.6166666666666667,1,one_unseen,random_forest,aac_ctd,42
P09624,P28007,1,0.49666666666666665,0,one_unseen,random_forest,aac_ctd,42
P00044,Q04359,1,0.49,0,one_unseen,random_forest,aac_ctd,42
P39925,P40095,1,0.5633333333333334,1,one_unseen,random_forest,aac_ctd,42
P40564,Q06160,1,0.5866666666666667,1,one_unseen,random_forest,aac_ctd,42
Q02732,Q08465,1,0.5166666666666667,1,one_unseen,random_forest,aac_ctd,42
P23301,P31382,1,0.47333333333333333,0,one_unseen,random_forest,aac_ctd,42
P14907,P39682,1,0.46,0,one_unseen,random_forest,aac_ctd,42
P22147,P43569,1,0.6033333333333334,1,one_unseen,random_forest,aac_ctd,42
P39743,Q12513,1,0.49666666666666665,0,one_unseen,random_forest,aac_ctd,42
P39682,P40483,1,0.59,1,one_unseen,random_forest,aac_ctd,42
P36012,P52891,1,0.5933333333333334,1,one_unseen,random_forest,aac_ctd,42
P14680,Q07688,1,0.49666666666666665,0,one_unseen,random_forest,aac_ctd,42
P33419,P46675,1,0.5633333333333334,1,one_unseen,random_forest,aac_ctd,42
P38716,P53281,1,0.5333333333333333,1,one_unseen,random_forest,aac_ctd,42
P32854,P43574,1,0.4866666666666667,0,one_unseen,random_forest,aac_ctd,42
O13563,P53049,1,0.42,0,one_unseen,random_forest,aac_ctd,42
P32794,P38287,1,0.47333333333333333,0,one_unseen,random_forest,aac_ctd,42
P20438,P48239,1,0.55,1,one_unseen,random_forest,aac_ctd,42
P32607,Q12433,1,0.5333333333333333,1,one_unseen,random_forest,aac_ctd,42
P27637,Q12411,1,0.5166666666666667,1,one_unseen,random_forest,aac_ctd,42
P31374,P47068,1,0.5733333333333334,1,one_unseen,random_forest,aac_ctd,42
P22203,P22543,1,0.5933333333333334,1,one_unseen,random_forest,aac_ctd,42
P41805,Q12020,1,0.48333333333333334,0,one_unseen,random_forest,aac_ctd,42
P38319,Q12060,1,0.5066666666666667,1,one_unseen,random_forest,aac_ctd,42
P36068,P40339,1,0.6066666666666667,1,one_unseen,random_forest,aac_ctd,42
P32832,P53959,1,0.51,1,one_unseen,random_forest,aac_ctd,42
Q04305,Q05900,1,0.5266666666666666,1,one_unseen,random_forest,aac_ctd,42
P32495,Q08558,1,0.38,0,one_unseen,random_forest,aac_ctd,42
P06244,P36085,1,0.5933333333333334,1,one_unseen,random_forest,aac_ctd,42
P32588,Q12469,1,0.6233333333333333,1,one_unseen,random_forest,aac_ctd,42
P25584,P33891,1,0.38666666666666666,0,one_unseen,random_forest,aac_ctd,42
P50946,P53152,1,0.45,0,one_unseen,random_forest,aac_ctd,42
P32502,P47019,1,0.4766666666666667,0,one_unseen,random_forest,aac_ctd,42
P30902,Q03900,1,0.4533333333333333,0,one_unseen,random_forest,aac_ctd,42
P38310,Q03162,1,0.4,0,one_unseen,random_forest,aac_ctd,42
P07834,Q08732,1,0.52,1,one_unseen,random_forest,aac_ctd,42
P32598,Q07887,1,0.43,0,one_unseen,random_forest,aac_ctd,42
P25342,P32773,1,0.55,1,one_unseen,random_forest,aac_ctd,42
P40462,P40483,1,0.6333333333333333,1,one_unseen,random_forest,aac_ctd,42
P53924,Q02866,1,0.53,1,one_unseen,random_forest,aac_ctd,42
P38810,Q12277,1,0.57,1,one_unseen,random_forest,aac_ctd,42
P54885,Q03956,1,0.62,1,one_unseen,random_forest,aac_ctd,42
P38352,P53754,1,0.6166666666666667,1,one_unseen,random_forest,aac_ctd,42
P53145,Q03654,1,0.5733333333333334,1,one_unseen,random_forest,aac_ctd,42
P12753,Q05785,1,0.55,1,one_unseen,random_forest,aac_ctd,42
P07149,P07258,1,0.51,1,one_unseen,random_forest,aac_ctd,42
Q05933,Q06549,1,0.37,0,one_unseen,random_forest,aac_ctd,42
P32364,P38276,1,0.5566666666666666,1,one_unseen,random_forest,aac_ctd,42
Q03785,Q08732,1,0.5166666666666667,1,one_unseen,random_forest,aac_ctd,42
P32642,Q99299,1,0.5266666666666666,1,one_unseen,random_forest,aac_ctd,42
P11433,P80667,1,0.5166666666666667,1,one_unseen,random_forest,aac_ctd,42
P39107,Q02804,1,0.43333333333333335,0,one_unseen,random_forest,aac_ctd,42
P10592,P25491,1,0.61,1,one_unseen,random_forest,aac_ctd,42
P16892,P53043,1,0.5766666666666667,1,one_unseen,random_forest,aac_ctd,42
P06243,P47104,1,0.5533333333333333,1,one_unseen,random_forest,aac_ctd,42
P38713,P50086,1,0.5933333333333334,1,one_unseen,random_forest,aac_ctd,42
P40515,Q12163,1,0.5466666666666666,1,one_unseen,random_forest,aac_ctd,42
P23394,P46655,1,0.7033333333333334,1,one_unseen,random_forest,aac_ctd,42
P36068,Q12477,1,0.45666666666666667,0,one_unseen,random_forest,aac_ctd,42
P25515,P47150,1,0.39666666666666667,0,one_unseen,random_forest,aac_ctd,42
P43321,P43574,1,0.5166666666666667,1,one_unseen,random_forest,aac_ctd,42
P38766,P43563,1,0.4766666666666667,0,one_unseen,random_forest,aac_ctd,42
P40565,Q12168,1,0.4633333333333333,0,one_unseen,random_forest,aac_ctd,42
P24004,P39703,1,0.58,1,one_unseen,random_forest,aac_ctd,42
P32571,Q12427,1,0.5933333333333334,1,one_unseen,random_forest,aac_ctd,42
P32908,Q08387,1,0.5366666666666666,1,one_unseen,random_forest,aac_ctd,42
P22517,Q12347,1,0.52,1,one_unseen,random_forest,aac_ctd,42
P00958,P02829,1,0.5766666666666667,1,one_unseen,random_forest,aac_ctd,42
P53093,P53344,1,0.20666666666666667,0,one_unseen,random_forest,aac_ctd,42
P35172,P40013,1,0.68,1,one_unseen,random_forest,aac_ctd,42
P38298,P39996,1,0.34,0,one_unseen,random_forest,aac_ctd,42
P38720,P52910,1,0.6133333333333333,1,one_unseen,random_forest,aac_ctd,42
P40103,P54885,1,0.34,0,one_unseen,random_forest,aac_ctd,42
P32074,P38990,1,0.6033333333333334,1,one_unseen,random_forest,aac_ctd,42
P21182,P49435,1,0.5133333333333333,1,one_unseen,random_forest,aac_ctd,42
P32324,P36029,1,0.38666666666666666,0,one_unseen,random_forest,aac_ctd,42
P52286,Q04067,1,0.5733333333333334,1,one_unseen,random_forest,aac_ctd,42
P53152,Q08144,1,0.42,0,one_unseen,random_forest,aac_ctd,42
P53290,Q04062,1,0.56,1,one_unseen,random_forest,aac_ctd,42
P41920,P48240,1,0.5533333333333333,1,one_unseen,random_forest,aac_ctd,42
P40963,Q08217,1,0.47333333333333333,0,one_unseen,random_forest,aac_ctd,42
P38232,Q06449,1,0.5833333333333334,1,one_unseen,random_forest,aac_ctd,42
P21192,P32495,1,0.54,1,one_unseen,random_forest,aac_ctd,42
Q02884,Q06160,1,0.58,1,one_unseen,random_forest,aac_ctd,42
P38316,P40064,1,0.5633333333333334,1,one_unseen,random_forest,aac_ctd,42
P41800,P50086,1,0.6133333333333333,1,one_unseen,random_forest,aac_ctd,42
P23394,Q12044,1,0.6033333333333334,1,one_unseen,random_forest,aac_ctd,42
P18962,P38862,1,0.6633333333333333,1,one_unseen,random_forest,aac_ctd,42
P38319,Q06677,1,0.6333333333333333,1,one_unseen,random_forest,aac_ctd,42
P52910,Q04062,1,0.53,1,one_unseen,random_forest,aac_ctd,42
P32657,Q12030,1,0.5333333333333333,1,one_unseen,random_forest,aac_ctd,42
Q12100,Q12236,1,0.6033333333333334,1,one_unseen,random_forest,aac_ctd,42
P38990,Q06216,1,0.5933333333333334,1,one_unseen,random_forest,aac_ctd,42
P13185,P46985,1,0.5466666666666666,1,one_unseen,random_forest,aac_ctd,42
P18410,P39715,1,0.5066666666666667,1,one_unseen,random_forest,aac_ctd,42
P38863,Q08746,1,0.5166666666666667,1,one_unseen,random_forest,aac_ctd,42
P07261,P50104,1,0.4866666666666667,0,one_unseen,random_forest,aac_ctd,42
P00560,P53754,1,0.5466666666666666,1,one_unseen,random_forest,aac_ctd,42
P33331,P50278,1,0.5,1,one_unseen,random_forest,aac_ctd,42
P22224,P39929,1,0.5533333333333333,1,one_unseen,random_forest,aac_ctd,42
P53754,Q04217,1,0.5766666666666667,1,one_unseen,random_forest,aac_ctd,42
P32527,P36139,1,0.47333333333333333,0,one_unseen,random_forest,aac_ctd,42
P38011,P40036,1,0.52,1,one_unseen,random_forest,aac_ctd,42
P25655,P36012,1,0.5466666666666666,1,one_unseen,random_forest,aac_ctd,42
P38291,P53731,1,0.41333333333333333,0,one_unseen,random_forest,aac_ctd,42
Q01684,Q08278,1,0.41,0,one_unseen,random_forest,aac_ctd,42
P15646,P40103,1,0.44,0,one_unseen,random_forest,aac_ctd,42
P36010,Q06177,1,0.5633333333333334,1,one_unseen,random_forest,aac_ctd,42
P41807,P53185,1,0.5733333333333334,1,one_unseen,random_forest,aac_ctd,42
P25719,Q08963,1,0.47333333333333333,0,one_unseen,random_forest,aac_ctd,42
P28004,Q08773,1,0.57,1,one_unseen,random_forest,aac_ctd,42
P25344,P50111,1,0.5266666666666666,1,one_unseen,random_forest,aac_ctd,42
P43616,P46655,1,0.5866666666666667,1,one_unseen,random_forest,aac_ctd,42
P33760,P38329,1,0.5333333333333333,1,one_unseen,random_forest,aac_ctd,42
P09624,Q00916,1,0.47333333333333333,0,one_unseen,random_forest,aac_ctd,42
P36131,Q04087,1,0.5766666666666667,1,one_unseen,random_forest,aac_ctd,42
P37012,P53604,1,0.4066666666666667,0,one_unseen,random_forest,aac_ctd,42
P10363,P25615,1,0.6433333333333333,1,one_unseen,random_forest,aac_ctd,42
P33891,P38634,1,0.45666666666666667,0,one_unseen,random_forest,aac_ctd,42
P38823,P40963,1,0.5133333333333333,1,one_unseen,random_forest,aac_ctd,42
P28743,Q05933,1,0.48333333333333334,0,one_unseen,random_forest,aac_ctd,42
P04456,Q12754,1,0.54,1,one_unseen,random_forest,aac_ctd,42
P39742,Q03899,1,0.46,0,one_unseen,random_forest,aac_ctd,42
P38193,Q01389,1,0.5366666666666666,1,one_unseen,random_forest,aac_ctd,42
P39935,Q12280,1,0.5566666666666666,1,one_unseen,random_forest,aac_ctd,42
P33311,P39079,1,0.5233333333333333,1,one_unseen,random_forest,aac_ctd,42
P11709,P53159,1,0.55,1,one_unseen,random_forest,aac_ctd,42
P07213,P38957,1,0.4633333333333333,0,one_unseen,random_forest,aac_ctd,42
P38623,P38716,1,0.5766666666666667,1,one_unseen,random_forest,aac_ctd,42
P40061,P47011,1,0.4766666666666667,0,one_unseen,random_forest,aac_ctd,42
P43321,Q12390,1,0.51,1,one_unseen,random_forest,aac_ctd,42
P25567,P39935,1,0.5133333333333333,1,one_unseen,random_forest,aac_ctd,42
P25343,P25584,1,0.39,0,one_unseen,random_forest,aac_ctd,42
P23293,P23642,1,0.6033333333333334,1,one_unseen,random_forest,aac_ctd,42
P02994,P38726,1,0.2966666666666667,0,one_unseen,random_forest,aac_ctd,42
P15442,P46963,1,0.59,1,one_unseen,random_forest,aac_ctd,42
P38203,P48566,1,0.36666666666666664,0,one_unseen,random_forest,aac_ctd,42
P32336,P53221,1,0.5666666666666667,1,one_unseen,random_forest,aac_ctd,42
P40468,Q12420,1,0.4633333333333333,0,one_unseen,random_forest,aac_ctd,42
P00331,P39944,1,0.48333333333333334,0,one_unseen,random_forest,aac_ctd,42
P18410,P53152,1,0.4,0,one_unseen,random_forest,aac_ctd,42
P26570,P38932,1,0.69,1,one_unseen,random_forest,aac_ctd,42
P38637,P39936,1,0.6266666666666667,1,one_unseen,random_forest,aac_ctd,42
P20459,P33892,1,0.49666666666666665,0,one_unseen,random_forest,aac_ctd,42
P40956,Q04272,1,0.58,1,one_unseen,random_forest,aac_ctd,42
P11938,P46985,1,0.54,1,one_unseen,random_forest,aac_ctd,42
Q06549,Q07887,1,0.41333333333333333,0,one_unseen,random_forest,aac_ctd,42
Q12055,Q12344,1,0.5266666666666666,1,one_unseen,random_forest,aac_ctd,42
P00359,P41814,1,0.5,1,one_unseen,random_forest,aac_ctd,42
P23724,Q12265,1,0.5633333333333334,1,one_unseen,random_forest,aac_ctd,42
P17536,P47083,1,0.59,1,one_unseen,random_forest,aac_ctd,42
P40003,P40477,1,0.5666666666666667,1,one_unseen,random_forest,aac_ctd,42
P19145,P25655,1,0.26666666666666666,0,one_unseen,random_forest,aac_ctd,42
P10566,P28239,1,0.2866666666666667,0,one_unseen,random_forest,aac_ctd,42
P15790,P36124,1,0.57,1,one_unseen,random_forest,aac_ctd,42
P38990,Q02199,1,0.5433333333333333,1,one_unseen,random_forest,aac_ctd,42
P38889,Q06160,1,0.5666666666666667,1,one_unseen,random_forest,aac_ctd,42
P31382,P34253,1,0.35333333333333333,0,one_unseen,random_forest,aac_ctd,42
P18962,P32801,1,0.59,1,one_unseen,random_forest,aac_ctd,42
P39927,Q07442,1,0.5133333333333333,1,one_unseen,random_forest,aac_ctd,42
P36118,Q12151,1,0.5833333333333334,1,one_unseen,random_forest,aac_ctd,42
P53131,Q04673,1,0.6033333333333334,1,one_unseen,random_forest,aac_ctd,42
P33891,P38737,1,0.5766666666666667,1,one_unseen,random_forest,aac_ctd,42
P06100,P28791,1,0.45,0,one_unseen,random_forest,aac_ctd,42
P32854,Q05900,1,0.44,0,one_unseen,random_forest,aac_ctd,42
P30902,P38200,1,0.5,1,one_unseen,random_forest,aac_ctd,42
P18851,P53290,1,0.5766666666666667,1,one_unseen,random_forest,aac_ctd,42
P40413,Q02197,1,0.6033333333333334,1,one_unseen,random_forest,aac_ctd,42
P15790,P46672,1,0.5666666666666667,1,one_unseen,random_forest,aac_ctd,42
P40151,Q03323,1,0.6,1,one_unseen,random_forest,aac_ctd,42
P39958,P53129,1,0.6066666666666667,1,one_unseen,random_forest,aac_ctd,42
P15108,Q03792,1,0.5966666666666667,1,one_unseen,random_forest,aac_ctd,42
P38716,P39998,1,0.62,1,one_unseen,random_forest,aac_ctd,42
Q00916,Q07786,1,0.46,0,one_unseen,random_forest,aac_ctd,42
P39960,Q12276,1,0.5066666666666667,1,one_unseen,random_forest,aac_ctd,42
O14455,P41911,1,0.39,0,one_unseen,random_forest,aac_ctd,42
P25343,P47104,1,0.66,1,one_unseen,random_forest,aac_ctd,42
P49435,Q07623,1,0.6133333333333333,1,one_unseen,random_forest,aac_ctd,42
P38853,Q12427,1,0.61,1,one_unseen,random_forest,aac_ctd,42
P43638,Q03981,1,0.61,1,one_unseen,random_forest,aac_ctd,42
P48234,Q06554,1,0.5166666666666667,1,one_unseen,random_forest,aac_ctd,42
P38889,Q12267,1,0.57,1,one_unseen,random_forest,aac_ctd,42
Q05775,Q99189,1,0.49666666666666665,0,one_unseen,random_forest,aac_ctd,42
P22213,P32582,1,0.6133333333333333,1,one_unseen,random_forest,aac_ctd,42
P32074,P40395,1,0.5866666666666667,1,one_unseen,random_forest,aac_ctd,42
Q12098,Q12417,1,0.59,1,one_unseen,random_forest,aac_ctd,42
P18962,P38922,1,0.65,1,one_unseen,random_forest,aac_ctd,42
P38156,Q12402,1,0.31666666666666665,0,one_unseen,random_forest,aac_ctd,42
P36010,P38219,1,0.5366666666666666,1,one_unseen,random_forest,aac_ctd,42
P48239,P53086,1,0.6233333333333333,1,one_unseen,random_forest,aac_ctd,42
P50105,Q08387,1,0.6266666666666667,1,one_unseen,random_forest,aac_ctd,42
P53974,Q12078,1,0.35,0,one_unseen,random_forest,aac_ctd,42
P07834,P52919,1,0.5466666666666666,1,one_unseen,random_forest,aac_ctd,42
P36130,P41834,1,0.6766666666666666,1,one_unseen,random_forest,aac_ctd,42
Q07418,Q08245,1,0.5566666666666666,1,one_unseen,random_forest,aac_ctd,42
P14747,Q06479,1,0.57,1,one_unseen,random_forest,aac_ctd,42
P39077,P47079,1,0.6066666666666667,1,one_unseen,random_forest,aac_ctd,42
P38132,Q08963,1,0.64,1,one_unseen,random_forest,aac_ctd,42
P35497,P36019,1,0.6266666666666667,1,one_unseen,random_forest,aac_ctd,42
P06242,Q12446,1,0.5733333333333334,1,one_unseen,random_forest,aac_ctd,42
P36120,Q12157,1,0.5,1,one_unseen,random_forest,aac_ctd,42
Q08746,Q99176,1,0.45,0,one_unseen,random_forest,aac_ctd,42
P25441,P32558,1,0.5166666666666667,1,one_unseen,random_forest,aac_ctd,42
P36085,P39940,1,0.5066666666666667,1,one_unseen,random_forest,aac_ctd,42
P15891,P39998,1,0.58,1,one_unseen,random_forest,aac_ctd,42
P23255,P38867,1,0.57,1,one_unseen,random_forest,aac_ctd,42
P32602,Q03338,1,0.6733333333333333,1,one_unseen,random_forest,aac_ctd,42
P32505,Q08949,1,0.5333333333333333,1,one_unseen,random_forest,aac_ctd,42
P53145,Q04264,1,0.51,1,one_unseen,random_forest,aac_ctd,42
P17536,P32911,1,0.5733333333333334,1,one_unseen,random_forest,aac_ctd,42
P07347,P24870,1,0.52,1,one_unseen,random_forest,aac_ctd,42
P39979,Q12168,1,0.51,1,one_unseen,random_forest,aac_ctd,42
P13185,P32337,1,0.5733333333333334,1,one_unseen,random_forest,aac_ctd,42
P32356,Q12277,1,0.57,1,one_unseen,random_forest,aac_ctd,42
Q05471,Q12315,1,0.5366666666666666,1,one_unseen,random_forest,aac_ctd,42
P43569,Q12449,1,0.5666666666666667,1,one_unseen,random_forest,aac_ctd,42
P32327,Q04377,1,0.6733333333333333,1,one_unseen,random_forest,aac_ctd,42
P43638,Q07844,1,0.5666666666666667,1,one_unseen,random_forest,aac_ctd,42
P53129,Q02199,1,0.5566666666666666,1,one_unseen,random_forest,aac_ctd,42
P28495,P39946,1,0.5733333333333334,1,one_unseen,random_forest,aac_ctd,42
P10869,P22202,1,0.69,1,one_unseen,random_forest,aac_ctd,42
Q08285,Q12220,1,0.4866666666666667,0,one_unseen,random_forest,aac_ctd,42
P13434,P25453,1,0.52,1,one_unseen,random_forest,aac_ctd,42
P16892,P17629,1,0.5366666666666666,1,one_unseen,random_forest,aac_ctd,42
P38998,P40091,1,0.58,1,one_unseen,random_forest,aac_ctd,42
P41807,Q08951,1,0.5733333333333334,1,one_unseen,random_forest,aac_ctd,42
P23644,P38011,1,0.51,1,one_unseen,random_forest,aac_ctd,42
P47104,Q03654,1,0.5333333333333333,1,one_unseen,random_forest,aac_ctd,42
P32835,P39944,1,0.5366666666666666,1,one_unseen,random_forest,aac_ctd,42
P17536,P53281,1,0.5466666666666666,1,one_unseen,random_forest,aac_ctd,42
P23287,P36130,1,0.6633333333333333,1,one_unseen,random_forest,aac_ctd,42
P80667,Q08229,1,0.49333333333333335,0,one_unseen,random_forest,aac_ctd,42
P30657,Q05958,1,0.5133333333333333,1,one_unseen,random_forest,aac_ctd,42
P10592,Q02354,1,0.5866666666666667,1,one_unseen,random_forest,aac_ctd,42
P32563,P39960,1,0.5633333333333334,1,one_unseen,random_forest,aac_ctd,42
P38286,Q05787,1,0.44666666666666666,0,one_unseen,random_forest,aac_ctd,42
Q07623,Q12098,1,0.6066666666666667,1,one_unseen,random_forest,aac_ctd,42
P35688,Q06604,1,0.63,1,one_unseen,random_forest,aac_ctd,42
Q01939,Q03048,1,0.4666666666666667,0,one_unseen,random_forest,aac_ctd,42
P40963,Q07915,1,0.5266666666666666,1,one_unseen,random_forest,aac_ctd,42
P33750,P53150,1,0.4866666666666667,0,one_unseen,random_forest,aac_ctd,42
P35207,P52919,1,0.6233333333333333,1,one_unseen,random_forest,aac_ctd,42
P15108,Q12330,1,0.6,1,one_unseen,random_forest,aac_ctd,42
P06242,P38208,1,0.5633333333333334,1,one_unseen,random_forest,aac_ctd,42
P53604,Q04175,1,0.4766666666666667,0,one_unseen,random_forest,aac_ctd,42
P35207,P47113,1,0.58,1,one_unseen,random_forest,aac_ctd,42
P21192,P38904,1,0.52,1,one_unseen,random_forest,aac_ctd,42
P10622,P34758,1,0.5266666666666666,1,one_unseen,random_forest,aac_ctd,42
P06100,Q12420,1,0.47,0,one_unseen,random_forest,aac_ctd,42
P07560,Q12427,1,0.5566666666666666,1,one_unseen,random_forest,aac_ctd,42
P32855,P38149,1,0.6066666666666667,1,one_unseen,random_forest,aac_ctd,42
P20438,Q02931,1,0.5466666666666666,1,one_unseen,random_forest,aac_ctd,42
P15442,P39083,1,0.5433333333333333,1,one_unseen,random_forest,aac_ctd,42
P24783,P80667,1,0.5266666666666666,1,one_unseen,random_forest,aac_ctd,42
P32074,P53136,1,0.6666666666666666,1,one_unseen,random_forest,aac_ctd,42
P36012,Q12055,1,0.5133333333333333,1,one_unseen,random_forest,aac_ctd,42
P22007,P33297,1,0.5133333333333333,1,one_unseen,random_forest,aac_ctd,42
Q05166,Q06651,1,0.5166666666666667,1,one_unseen,random_forest,aac_ctd,42
P33760,Q12377,1,0.63,1,one_unseen,random_forest,aac_ctd,42
P09064,Q02256,1,0.65,1,one_unseen,random_forest,aac_ctd,42
P38786,P38990,1,0.5633333333333334,1,one_unseen,random_forest,aac_ctd,42
P35197,P47045,1,0.6266666666666667,1,one_unseen,random_forest,aac_ctd,42
P32915,Q03691,1,0.43333333333333335,0,one_unseen,random_forest,aac_ctd,42
P06839,P52286,1,0.56,1,one_unseen,random_forest,aac_ctd,42
P23059,P53965,1,0.5433333333333333,1,one_unseen,random_forest,aac_ctd,42
P25649,P40362,1,0.5633333333333334,1,one_unseen,random_forest,aac_ctd,42
P53271,Q04368,1,0.5533333333333333,1,one_unseen,random_forest,aac_ctd,42
P11710,P32319,1,0.4666666666666667,0,one_unseen,random_forest,aac_ctd,42
P06100,P23059,1,0.44,0,one_unseen,random_forest,aac_ctd,42
P36017,P40069,1,0.5233333333333333,1,one_unseen,random_forest,aac_ctd,42
P05986,Q06177,1,0.56,1,one_unseen,random_forest,aac_ctd,42
P38723,Q08193,1,0.36666666666666664,0,one_unseen,random_forest,aac_ctd,42
Q03619,Q04978,1,0.5066666666666667,1,one_unseen,random_forest,aac_ctd,42
P38013,Q04377,1,0.4066666666666667,0,one_unseen,random_forest,aac_ctd,42
P22213,Q06708,1,0.62,1,one_unseen,random_forest,aac_ctd,42
P34217,P39935,1,0.5766666666666667,1,one_unseen,random_forest,aac_ctd,42
P23394,P43568,1,0.5233333333333333,1,one_unseen,random_forest,aac_ctd,42
P39946,Q00578,1,0.6666666666666666,1,one_unseen,random_forest,aac_ctd,42
P36130,Q06340,1,0.57,1,one_unseen,random_forest,aac_ctd,42
P39563,Q08729,1,0.5033333333333333,1,one_unseen,random_forest,aac_ctd,42
P07347,P14747,1,0.5866666666666667,1,one_unseen,random_forest,aac_ctd,42
P28007,P40339,1,0.43666666666666665,0,one_unseen,random_forest,aac_ctd,42
P00830,P38623,1,0.4066666666666667,0,one_unseen,random_forest,aac_ctd,42
P34253,P40095,1,0.55,1,one_unseen,random_forest,aac_ctd,42
P15790,P50275,1,0.56,1,one_unseen,random_forest,aac_ctd,42
P04147,P33338,1,0.6266666666666667,1,one_unseen,random_forest,aac_ctd,42
P40018,Q00245,1,0.49,0,one_unseen,random_forest,aac_ctd,42
P32524,Q06479,1,0.6,1,one_unseen,random_forest,aac_ctd,42
P32328,Q12452,1,0.5133333333333333,1,one_unseen,random_forest,aac_ctd,42
P25575,P27895,1,0.4033333333333333,0,one_unseen,random_forest,aac_ctd,42
P24868,P27472,1,0.61,1,one_unseen,random_forest,aac_ctd,42
Q02629,Q05024,1,0.5233333333333333,1,one_unseen,random_forest,aac_ctd,42
P32502,P38555,1,0.6433333333333333,1,one_unseen,random_forest,aac_ctd,42
P36029,P39742,1,0.3566666666666667,0,one_unseen,random_forest,aac_ctd,42
P25604,Q04894,1,0.39,0,one_unseen,random_forest,aac_ctd,42
P38996,Q12241,1,0.65,1,one_unseen,random_forest,aac_ctd,42
P38792,Q00916,1,0.59,1,one_unseen,random_forest,aac_ctd,42
P40563,P47122,1,0.5133333333333333,1,one_unseen,random_forest,aac_ctd,42
P02400,Q02196,1,0.47333333333333333,0,one_unseen,random_forest,aac_ctd,42
Q00416,Q06169,1,0.5133333333333333,1,one_unseen,random_forest,aac_ctd,42
Q07963,Q08119,1,0.5366666666666666,1,one_unseen,random_forest,aac_ctd,42
P39960,Q08732,1,0.51,1,one_unseen,random_forest,aac_ctd,42
P32914,P50874,1,0.33666666666666667,0,one_unseen,random_forest,aac_ctd,42
P52488,P53211,1,0.38,0,one_unseen,random_forest,aac_ctd,42
P39960,P53540,1,0.6033333333333334,1,one_unseen,random_forest,aac_ctd,42
P40186,Q08601,1,0.5766666666666667,1,one_unseen,random_forest,aac_ctd,42
P40512,Q08444,1,0.47333333333333333,0,one_unseen,random_forest,aac_ctd,42
P30619,Q03503,1,0.55,1,one_unseen,random_forest,aac_ctd,42
P09734,P21192,1,0.6133333333333333,1,one_unseen,random_forest,aac_ctd,42
Q12390,Q99385,1,0.2633333333333333,0,one_unseen,random_forest,aac_ctd,42
P41800,P53032,1,0.49333333333333335,0,one_unseen,random_forest,aac_ctd,42
P27692,P40456,1,0.41333333333333333,0,one_unseen,random_forest,aac_ctd,42
P07262,P27472,1,0.6566666666666666,1,one_unseen,random_forest,aac_ctd,42
P06242,P53600,1,0.5466666666666666,1,one_unseen,random_forest,aac_ctd,42
P36130,Q04660,1,0.5966666666666667,1,one_unseen,random_forest,aac_ctd,42
P10659,Q04031,1,0.52,1,one_unseen,random_forest,aac_ctd,42
P38748,Q12427,1,0.4866666666666667,0,one_unseen,random_forest,aac_ctd,42
P32528,P38555,1,0.6866666666666666,1,one_unseen,random_forest,aac_ctd,42
P51996,Q04338,1,0.48,0,one_unseen,random_forest,aac_ctd,42
P06787,P07347,1,0.5866666666666667,1,one_unseen,random_forest,aac_ctd,42
P25369,P48415,1,0.4666666666666667,0,one_unseen,random_forest,aac_ctd,42
P07251,P40066,1,0.44,0,one_unseen,random_forest,aac_ctd,42
P16467,P38874,1,0.4866666666666667,0,one_unseen,random_forest,aac_ctd,42
P22203,P38276,1,0.47,0,one_unseen,random_forest,aac_ctd,42
P25558,P40574,1,0.51,1,one_unseen,random_forest,aac_ctd,42
P38879,P41816,1,0.5466666666666666,1,one_unseen,random_forest,aac_ctd,42
P22204,P40963,1,0.37,0,one_unseen,random_forest,aac_ctd,42
P25604,Q03782,1,0.4866666666666667,0,one_unseen,random_forest,aac_ctd,42
P36130,P40055,1,0.64,1,one_unseen,random_forest,aac_ctd,42
P38291,Q04053,1,0.43,0,one_unseen,random_forest,aac_ctd,42
P20437,P39960,1,0.51,1,one_unseen,random_forest,aac_ctd,42
P25341,P38785,1,0.64,1,one_unseen,random_forest,aac_ctd,42
P32364,P53011,1,0.5733333333333334,1,one_unseen,random_forest,aac_ctd,42
P22213,P38636,1,0.49,0,one_unseen,random_forest,aac_ctd,42
P32561,Q00618,1,0.49,0,one_unseen,random_forest,aac_ctd,42
P43535,Q12264,1,0.24333333333333335,0,one_unseen,random_forest,aac_ctd,42
P40395,P54860,1,0.59,1,one_unseen,random_forest,aac_ctd,42
Q03503,Q12264,1,0.27666666666666667,0,one_unseen,random_forest,aac_ctd,42
P30619,P32796,1,0.62,1,one_unseen,random_forest,aac_ctd,42
P22213,P42843,1,0.5366666666666666,1,one_unseen,random_forest,aac_ctd,42
P00830,P17629,1,0.4033333333333333,0,one_unseen,random_forest,aac_ctd,42
P38998,Q12306,1,0.5033333333333333,1,one_unseen,random_forest,aac_ctd,42
P37370,P38634,1,0.5033333333333333,1,one_unseen,random_forest,aac_ctd,42
P43639,Q04199,1,0.66,1,one_unseen,random_forest,aac_ctd,42
P32602,P40494,1,0.5866666666666667,1,one_unseen,random_forest,aac_ctd,42
P49166,Q06651,1,0.5766666666666667,1,one_unseen,random_forest,aac_ctd,42
O13530,Q03860,1,0.56,1,one_unseen,random_forest,aac_ctd,42
P89102,Q12021,1,0.56,1,one_unseen,random_forest,aac_ctd,42
P05986,P31385,1,0.4866666666666667,0,one_unseen,random_forest,aac_ctd,42
O74700,P48568,1,0.54,1,one_unseen,random_forest,aac_ctd,42
P36005,Q12241,1,0.66,1,one_unseen,random_forest,aac_ctd,42
P40479,Q12433,1,0.47333333333333333,0,one_unseen,random_forest,aac_ctd,42
P32642,P47054,1,0.5066666666666667,1,one_unseen,random_forest,aac_ctd,42
P38716,Q03774,1,0.5933333333333334,1,one_unseen,random_forest,aac_ctd,42
P06242,P25343,1,0.6166666666666667,1,one_unseen,random_forest,aac_ctd,42
P16892,P40091,1,0.53,1,one_unseen,random_forest,aac_ctd,42
P06784,P31412,1,0.43333333333333335,0,one_unseen,random_forest,aac_ctd,42
P35197,P39682,1,0.63,1,one_unseen,random_forest,aac_ctd,42
P36005,Q12034,1,0.6533333333333333,1,one_unseen,random_forest,aac_ctd,42
P38814,P40515,1,0.5533333333333333,1,one_unseen,random_forest,aac_ctd,42
P07262,P11709,1,0.5566666666666666,1,one_unseen,random_forest,aac_ctd,42
P38823,Q12100,1,0.5366666666666666,1,one_unseen,random_forest,aac_ctd,42
P15442,P53159,1,0.6,1,one_unseen,random_forest,aac_ctd,42
P28791,P43587,1,0.5033333333333333,1,one_unseen,random_forest,aac_ctd,42
Q01939,Q12098,1,0.62,1,one_unseen,random_forest,aac_ctd,42
P07283,P21306,1,0.43,0,one_unseen,random_forest,aac_ctd,42
P47017,Q03758,1,0.5833333333333334,1,one_unseen,random_forest,aac_ctd,42
P48363,P53150,1,0.5466666666666666,1,one_unseen,random_forest,aac_ctd,42
P46970,P47122,1,0.5033333333333333,1,one_unseen,random_forest,aac_ctd,42
P22137,P40541,1,0.55,1,one_unseen,random_forest,aac_ctd,42
P40164,Q12129,1,0.5,1,one_unseen,random_forest,aac_ctd,42
P02400,P38229,1,0.5133333333333333,1,one_unseen,random_forest,aac_ctd,42
Q05580,Q07084,1,0.6533333333333333,1,one_unseen,random_forest,aac_ctd,42
P47045,Q03532,1,0.55,1,one_unseen,random_forest,aac_ctd,42
P06782,P30902,1,0.49333333333333335,0,one_unseen,random_forest,aac_ctd,42
P32588,P35190,1,0.5133333333333333,1,one_unseen,random_forest,aac_ctd,42
P16892,P48606,1,0.5433333333333333,1,one_unseen,random_forest,aac_ctd,42
P33338,P41800,1,0.5933333333333334,1,one_unseen,random_forest,aac_ctd,42
P36165,P38764,1,0.5533333333333333,1,one_unseen,random_forest,aac_ctd,42
P38990,Q12165,1,0.45666666666666667,0,one_unseen,random_forest,aac_ctd,42
P36162,P38801,1,0.5766666666666667,1,one_unseen,random_forest,aac_ctd,42
P32380,P47045,1,0.56,1,one_unseen,random_forest,aac_ctd,42
P52286,P53622,1,0.49666666666666665,0,one_unseen,random_forest,aac_ctd,42
P31383,Q02100,1,0.5166666666666667,1,one_unseen,random_forest,aac_ctd,42
P32366,Q05874,1,0.51,1,one_unseen,random_forest,aac_ctd,42
P06844,P38801,1,0.6033333333333334,1,one_unseen,random_forest,aac_ctd,42
P23201,P33311,1,0.4,0,one_unseen,random_forest,aac_ctd,42
P18851,P32364,1,0.5033333333333333,1,one_unseen,random_forest,aac_ctd,42
P25344,P48606,1,0.5766666666666667,1,one_unseen,random_forest,aac_ctd,42
P14907,Q00245,1,0.49,0,one_unseen,random_forest,aac_ctd,42
P25584,Q03619,1,0.38,0,one_unseen,random_forest,aac_ctd,42
P40350,P42884,1,0.5166666666666667,1,one_unseen,random_forest,aac_ctd,42
P30902,P38922,1,0.57,1,one_unseen,random_forest,aac_ctd,42
P32490,Q12168,1,0.54,1,one_unseen,random_forest,aac_ctd,42
P30619,P47912,1,0.5933333333333334,1,one_unseen,random_forest,aac_ctd,42
P12904,P22213,1,0.5333333333333333,1,one_unseen,random_forest,aac_ctd,42
P38735,Q12199,1,0.4866666666666667,0,one_unseen,random_forest,aac_ctd,42
P32350,Q12420,1,0.5433333333333333,1,one_unseen,random_forest,aac_ctd,42
P53549,Q12365,1,0.5466666666666666,1,one_unseen,random_forest,aac_ctd,42
P15790,P53258,1,0.48,0,one_unseen,random_forest,aac_ctd,42
P32835,P38801,1,0.5366666666666666,1,one_unseen,random_forest,aac_ctd,42
P50946,Q12134,1,0.5033333333333333,1,one_unseen,random_forest,aac_ctd,42
P25389,P38287,1,0.59,1,one_unseen,random_forest,aac_ctd,42
P19657,P39014,1,0.4266666666666667,0,one_unseen,random_forest,aac_ctd,42
P20081,P27472,1,0.5866666666666667,1,one_unseen,random_forest,aac_ctd,42
P38310,Q02884,1,0.4633333333333333,0,one_unseen,random_forest,aac_ctd,42
P06101,P53112,1,0.5733333333333334,1,one_unseen,random_forest,aac_ctd,42
P36085,P46985,1,0.42333333333333334,0,one_unseen,random_forest,aac_ctd,42
Q04930,Q12513,1,0.48333333333333334,0,one_unseen,random_forest,aac_ctd,42
P32610,P38193,1,0.4533333333333333,0,one_unseen,random_forest,aac_ctd,42
P39927,P42843,1,0.5766666666666667,1,one_unseen,random_forest,aac_ctd,42
P38759,P40362,1,0.49666666666666665,0,one_unseen,random_forest,aac_ctd,42
P40456,P53259,1,0.2866666666666667,0,one_unseen,random_forest,aac_ctd,42
P47019,Q06169,1,0.46,0,one_unseen,random_forest,aac_ctd,42
P28007,Q12517,1,0.41333333333333333,0,one_unseen,random_forest,aac_ctd,42
P36048,Q02804,1,0.4766666666666667,0,one_unseen,random_forest,aac_ctd,42
P41808,Q03782,1,0.49666666666666665,0,one_unseen,random_forest,aac_ctd,42
Q00723,Q05610,1,0.5666666666666667,1,one_unseen,random_forest,aac_ctd,42
P40479,Q03558,1,0.44333333333333336,0,one_unseen,random_forest,aac_ctd,42
P10591,Q12098,1,0.6466666666666666,1,one_unseen,random_forest,aac_ctd,42
P03965,P50091,1,0.66,1,one_unseen,random_forest,aac_ctd,42
P53197,Q03956,1,0.6733333333333333,1,one_unseen,random_forest,aac_ctd,42
Q08235,Q12009,1,0.5766666666666667,1,one_unseen,random_forest,aac_ctd,42
P25646,Q03899,1,0.5833333333333334,1,one_unseen,random_forest,aac_ctd,42
P32366,Q05871,1,0.42,0,one_unseen,random_forest,aac_ctd,42
P33411,P43583,1,0.55,1,one_unseen,random_forest,aac_ctd,42
P33411,Q07824,1,0.43666666666666665,0,one_unseen,random_forest,aac_ctd,42
P28007,P32525,1,0.4533333333333333,0,one_unseen,random_forest,aac_ctd,42
P09232,P24004,1,0.65,1,one_unseen,random_forest,aac_ctd,42
P02829,P38871,1,0.5766666666666667,1,one_unseen,random_forest,aac_ctd,42
P12962,P39014,1,0.69,1,one_unseen,random_forest,aac_ctd,42
P23968,P32909,1,0.3,0,one_unseen,random_forest,aac_ctd,42
Q02197,Q12469,1,0.6366666666666667,1,one_unseen,random_forest,aac_ctd,42
P22224,Q06177,1,0.5633333333333334,1,one_unseen,random_forest,aac_ctd,42
P32898,P38748,1,0.5933333333333334,1,one_unseen,random_forest,aac_ctd,42
P23585,P38717,1,0.24333333333333335,0,one_unseen,random_forest,aac_ctd,42
P18962,P48837,1,0.47333333333333333,0,one_unseen,random_forest,aac_ctd,42
P40512,Q12199,1,0.59,1,one_unseen,random_forest,aac_ctd,42
P40517,Q00916,1,0.5433333333333333,1,one_unseen,random_forest,aac_ctd,42
P08458,P32527,1,0.57,1,one_unseen,random_forest,aac_ctd,42
P33411,Q12517,1,0.5266666666666666,1,one_unseen,random_forest,aac_ctd,42
P42945,P53941,1,0.56,1,one_unseen,random_forest,aac_ctd,42
Q02773,Q04978,1,0.4866666666666667,0,one_unseen,random_forest,aac_ctd,42
P32589,Q08965,1,0.5866666666666667,1,one_unseen,random_forest,aac_ctd,42
Q06224,Q08553,1,0.5633333333333334,1,one_unseen,random_forest,aac_ctd,42
P38283,P89102,1,0.5866666666666667,1,one_unseen,random_forest,aac_ctd,42
P28004,P38112,1,0.51,1,one_unseen,random_forest,aac_ctd,42
Q06651,Q07376,1,0.2833333333333333,0,one_unseen,random_forest,aac_ctd,42
P09435,P39715,1,0.5433333333333333,1,one_unseen,random_forest,aac_ctd,42
P38623,P53974,1,0.5166666666666667,1,one_unseen,random_forest,aac_ctd,42
P22515,P42073,1,0.6133333333333333,1,one_unseen,random_forest,aac_ctd,42
P07149,P24583,1,0.4666666666666667,0,one_unseen,random_forest,aac_ctd,42
P41318,P43565,1,0.6433333333333333,1,one_unseen,random_forest,aac_ctd,42
P38153,P39990,1,0.3933333333333333,0,one_unseen,random_forest,aac_ctd,42
P17119,Q12009,1,0.5466666666666666,1,one_unseen,random_forest,aac_ctd,42
P25584,P38208,1,0.41333333333333333,0,one_unseen,random_forest,aac_ctd,42
P28707,P43637,1,0.6433333333333333,1,one_unseen,random_forest,aac_ctd,42
P36068,P40096,1,0.5633333333333334,1,one_unseen,random_forest,aac_ctd,42
P39077,P46947,1,0.5466666666666666,1,one_unseen,random_forest,aac_ctd,42
P20484,P53269,1,0.26666666666666666,0,one_unseen,random_forest,aac_ctd,42
P38352,P53081,1,0.5733333333333334,1,one_unseen,random_forest,aac_ctd,42
P06779,P39944,1,0.6066666666666667,1,one_unseen,random_forest,aac_ctd,42
Q04921,Q05610,1,0.5233333333333333,1,one_unseen,random_forest,aac_ctd,42
Q06407,Q08963,1,0.6433333333333333,1,one_unseen,random_forest,aac_ctd,42
P15442,P53731,1,0.47,0,one_unseen,random_forest,aac_ctd,42
P38228,P39730,1,0.6033333333333334,1,one_unseen,random_forest,aac_ctd,42
P25296,P39904,1,0.58,1,one_unseen,random_forest,aac_ctd,42
P17119,P39730,1,0.51,1,one_unseen,random_forest,aac_ctd,42
P40461,Q12055,1,0.43666666666666665,0,one_unseen,random_forest,aac_ctd,42
P32571,Q00578,1,0.5733333333333334,1,one_unseen,random_forest,aac_ctd,42
P38861,P39936,1,0.55,1,one_unseen,random_forest,aac_ctd,42
P34758,Q99186,1,0.5833333333333334,1,one_unseen,random_forest,aac_ctd,42
P28791,P32905,1,0.5233333333333333,1,one_unseen,random_forest,aac_ctd,42
P32774,P48525,1,0.47,0,one_unseen,random_forest,aac_ctd,42
Q06164,Q07930,1,0.57,1,one_unseen,random_forest,aac_ctd,42
P07866,P38013,1,0.43666666666666665,0,one_unseen,random_forest,aac_ctd,42
P21538,Q04636,1,0.59,1,one_unseen,random_forest,aac_ctd,42
P32628,P53955,1,0.5866666666666667,1,one_unseen,random_forest,aac_ctd,42
P32873,Q08601,1,0.59,1,one_unseen,random_forest,aac_ctd,42
P33332,P53150,1,0.5666666666666667,1,one_unseen,random_forest,aac_ctd,42
P40462,Q07844,1,0.5666666666666667,1,one_unseen,random_forest,aac_ctd,42
P53032,P53955,1,0.44666666666666666,0,one_unseen,random_forest,aac_ctd,42
P38990,Q03898,1,0.5566666666666666,1,one_unseen,random_forest,aac_ctd,42
P36520,P38860,1,0.5233333333333333,1,one_unseen,random_forest,aac_ctd,42
P35207,P40453,1,0.5133333333333333,1,one_unseen,random_forest,aac_ctd,42
P32366,P36131,1,0.5133333333333333,1,one_unseen,random_forest,aac_ctd,42
P36029,P36062,1,0.56,1,one_unseen,random_forest,aac_ctd,42
P48361,Q12469,1,0.6066666666666667,1,one_unseen,random_forest,aac_ctd,42
P35177,Q12157,1,0.5166666666666667,1,one_unseen,random_forest,aac_ctd,42
Q02948,Q06137,1,0.5966666666666667,1,one_unseen,random_forest,aac_ctd,42
P15891,P32835,1,0.57,1,one_unseen,random_forest,aac_ctd,42
P06103,P40413,1,0.5966666666666667,1,one_unseen,random_forest,aac_ctd,42
P19145,Q04978,1,0.3233333333333333,0,one_unseen,random_forest,aac_ctd,42
P00175,P39077,1,0.6333333333333333,1,one_unseen,random_forest,aac_ctd,42
P25558,P27472,1,0.6,1,one_unseen,random_forest,aac_ctd,42
P35688,Q06479,1,0.57,1,one_unseen,random_forest,aac_ctd,42
P07991,Q03758,1,0.52,1,one_unseen,random_forest,aac_ctd,42
P33895,Q06604,1,0.58,1,one_unseen,random_forest,aac_ctd,42
P11484,P25569,1,0.6433333333333333,1,one_unseen,random_forest,aac_ctd,42
P14306,P38291,1,0.35,0,one_unseen,random_forest,aac_ctd,42
P27472,P32492,1,0.6033333333333334,1,one_unseen,random_forest,aac_ctd,42
P47045,P53196,1,0.6966666666666667,1,one_unseen,random_forest,aac_ctd,42
P15891,P38555,1,0.56,1,one_unseen,random_forest,aac_ctd,42
P47011,Q12514,1,0.5066666666666667,1,one_unseen,random_forest,aac_ctd,42
P00549,P14737,1,0.6466666666666666,1,one_unseen,random_forest,aac_ctd,42
P53859,Q03785,1,0.5433333333333333,1,one_unseen,random_forest,aac_ctd,42
P41834,P52286,1,0.61,1,one_unseen,random_forest,aac_ctd,42
Q01560,Q12310,1,0.5233333333333333,1,one_unseen,random_forest,aac_ctd,42
P40303,P40555,1,0.5966666666666667,1,one_unseen,random_forest,aac_ctd,42
P33760,Q12165,1,0.45,0,one_unseen,random_forest,aac_ctd,42
P40018,Q04792,1,0.4266666666666667,0,one_unseen,random_forest,aac_ctd,42
Q00816,Q06673,1,0.49666666666666665,0,one_unseen,random_forest,aac_ctd,42
P47089,Q04978,1,0.5733333333333334,1,one_unseen,random_forest,aac_ctd,42
P48566,Q03956,1,0.5933333333333334,1,one_unseen,random_forest,aac_ctd,42
O14455,P53112,1,0.47,0,one_unseen,random_forest,aac_ctd,42
P00830,P32562,1,0.48,0,one_unseen,random_forest,aac_ctd,42
P19073,Q00618,1,0.37333333333333335,0,one_unseen,random_forest,aac_ctd,42
P02829,P50108,1,0.57,1,one_unseen,random_forest,aac_ctd,42
P07149,P53939,1,0.5566666666666666,1,one_unseen,random_forest,aac_ctd,42
P32528,P33891,1,0.62,1,one_unseen,random_forest,aac_ctd,42
P38270,Q05778,1,0.38333333333333336,0,one_unseen,random_forest,aac_ctd,42
P32863,P53211,1,0.4033333333333333,0,one_unseen,random_forest,aac_ctd,42
P42846,Q05775,1,0.5466666666666666,1,one_unseen,random_forest,aac_ctd,42
P35056,Q06169,1,0.51,1,one_unseen,random_forest,aac_ctd,42
P10961,P47074,1,0.41,0,one_unseen,random_forest,aac_ctd,42
P39563,P41816,1,0.43333333333333335,0,one_unseen,random_forest,aac_ctd,42
P39077,Q04930,1,0.5733333333333334,1,one_unseen,random_forest,aac_ctd,42
P21192,P23638,1,0.55,1,one_unseen,random_forest,aac_ctd,42
P38431,P52286,1,0.5133333333333333,1,one_unseen,random_forest,aac_ctd,42
P22224,P41813,1,0.4866666666666667,0,one_unseen,random_forest,aac_ctd,42
P38863,Q08649,1,0.5566666666666666,1,one_unseen,random_forest,aac_ctd,42
Q04675,Q06819,1,0.4533333333333333,0,one_unseen,random_forest,aac_ctd,42
P20438,P37370,1,0.5233333333333333,1,one_unseen,random_forest,aac_ctd,42
P38624,Q03018,1,0.44666666666666666,0,one_unseen,random_forest,aac_ctd,42
P46948,Q00362,1,0.69,1,one_unseen,random_forest,aac_ctd,42
Q03862,Q08920,1,0.5066666666666667,1,one_unseen,random_forest,aac_ctd,42
P38249,Q08119,1,0.45666666666666667,0,one_unseen,random_forest,aac_ctd,42
Q04511,Q12754,1,0.4866666666666667,0,one_unseen,random_forest,aac_ctd,42
P39563,Q12020,1,0.45,0,one_unseen,random_forest,aac_ctd,42
P40204,P43565,1,0.7166666666666667,1,one_unseen,random_forest,aac_ctd,42
P53124,Q12168,1,0.5433333333333333,1,one_unseen,random_forest,aac_ctd,42
P39001,Q08923,1,0.4066666666666667,0,one_unseen,random_forest,aac_ctd,42
P17119,P53271,1,0.5333333333333333,1,one_unseen,random_forest,aac_ctd,42
P36005,P38219,1,0.6266666666666667,1,one_unseen,random_forest,aac_ctd,42
P50086,P53277,1,0.6033333333333334,1,one_unseen,random_forest,aac_ctd,42
Q02630,Q12055,1,0.41333333333333333,0,one_unseen,random_forest,aac_ctd,42
P39990,Q00618,1,0.4033333333333333,0,one_unseen,random_forest,aac_ctd,42
P43569,Q12418,1,0.6533333333333333,1,one_unseen,random_forest,aac_ctd,42
P32589,P41834,1,0.64,1,one_unseen,random_forest,aac_ctd,42
P36019,P53930,1,0.4633333333333333,0,one_unseen,random_forest,aac_ctd,42
P41805,Q12460,1,0.49,0,one_unseen,random_forest,aac_ctd,42
P25344,Q08215,1,0.5566666666666666,1,one_unseen,random_forest,aac_ctd,42
P32849,P35190,1,0.5166666666666667,1,one_unseen,random_forest,aac_ctd,42
P20433,Q03897,1,0.48,0,one_unseen,random_forest,aac_ctd,42
P43616,P53168,1,0.44666666666666666,0,one_unseen,random_forest,aac_ctd,42
P35169,P38291,1,0.44333333333333336,0,one_unseen,random_forest,aac_ctd,42
P32588,Q12129,1,0.5333333333333333,1,one_unseen,random_forest,aac_ctd,42
P40069,P42884,1,0.5866666666666667,1,one_unseen,random_forest,aac_ctd,42
P40477,P41911,1,0.53,1,one_unseen,random_forest,aac_ctd,42
P23642,Q08438,1,0.63,1,one_unseen,random_forest,aac_ctd,42
P38089,P41807,1,0.6266666666666667,1,one_unseen,random_forest,aac_ctd,42
P10363,P40561,1,0.5166666666666667,1,one_unseen,random_forest,aac_ctd,42
P38998,P53930,1,0.43,0,one_unseen,random_forest,aac_ctd,42
P39720,P41895,1,0.5833333333333334,1,one_unseen,random_forest,aac_ctd,42
P33895,P38932,1,0.54,1,one_unseen,random_forest,aac_ctd,42
P30283,Q01684,1,0.42,0,one_unseen,random_forest,aac_ctd,42
P10659,P21192,1,0.6333333333333333,1,one_unseen,random_forest,aac_ctd,42
P14747,P53129,1,0.6266666666666667,1,one_unseen,random_forest,aac_ctd,42
P21576,P53203,1,0.49333333333333335,0,one_unseen,random_forest,aac_ctd,42
P32564,P43682,1,0.39666666666666667,0,one_unseen,random_forest,aac_ctd,42
P32805,Q08975,1,0.5333333333333333,1,one_unseen,random_forest,aac_ctd,42
P41813,P47104,1,0.5066666666666667,1,one_unseen,random_forest,aac_ctd,42
P47027,Q03940,1,0.5466666666666666,1,one_unseen,random_forest,aac_ctd,42
P40512,P53168,1,0.5533333333333333,1,one_unseen,random_forest,aac_ctd,42
P28708,Q06479,1,0.6233333333333333,1,one_unseen,random_forest,aac_ctd,42
P02400,Q08921,1,0.5033333333333333,1,one_unseen,random_forest,aac_ctd,42
P36068,P53277,1,0.52,1,one_unseen,random_forest,aac_ctd,42
P43588,Q05785,1,0.51,1,one_unseen,random_forest,aac_ctd,42
P32628,P46995,1,0.6266666666666667,1,one_unseen,random_forest,aac_ctd,42
Q00816,Q06251,1,0.5733333333333334,1,one_unseen,random_forest,aac_ctd,42
P33298,P40064,1,0.5933333333333334,1,one_unseen,random_forest,aac_ctd,42
P38288,P38723,1,0.2733333333333333,0,one_unseen,random_forest,aac_ctd,42
P06775,Q08902,1,0.4633333333333333,0,one_unseen,random_forest,aac_ctd,42
Q01159,Q02775,1,0.5033333333333333,1,one_unseen,random_forest,aac_ctd,42
P15807,Q99176,1,0.43666666666666665,0,one_unseen,random_forest,aac_ctd,42
P23642,P53930,1,0.49666666666666665,0,one_unseen,random_forest,aac_ctd,42
P47821,P80428,1,0.44666666666666666,0,one_unseen,random_forest,aac_ctd,42
P50942,Q03018,1,0.48333333333333334,0,one_unseen,random_forest,aac_ctd,42
P39718,Q08236,1,0.5633333333333334,1,one_unseen,random_forest,aac_ctd,42
P38291,P50113,1,0.4,0,one_unseen,random_forest,aac_ctd,42
Q00578,Q08215,1,0.6033333333333334,1,one_unseen,random_forest,aac_ctd,42
P38768,Q12513,1,0.45666666666666667,0,one_unseen,random_forest,aac_ctd,42
P07251,Q04359,1,0.5466666666666666,1,one_unseen,random_forest,aac_ctd,42
P25615,P47045,1,0.5833333333333334,1,one_unseen,random_forest,aac_ctd,42
P52891,P60010,1,0.6333333333333333,1,one_unseen,random_forest,aac_ctd,42
P22202,P53091,1,0.6233333333333333,1,one_unseen,random_forest,aac_ctd,42
P28707,Q06679,1,0.59,1,one_unseen,random_forest,aac_ctd,42
P25303,P38634,1,0.3933333333333333,0,one_unseen,random_forest,aac_ctd,42
P06101,P53847,1,0.5833333333333334,1,one_unseen,random_forest,aac_ctd,42
P49955,Q08558,1,0.43666666666666665,0,one_unseen,random_forest,aac_ctd,42
P28834,Q06169,1,0.43666666666666665,0,one_unseen,random_forest,aac_ctd,42
P11746,P38013,1,0.43333333333333335,0,one_unseen,random_forest,aac_ctd,42
P32605,P32895,1,0.5266666666666666,1,one_unseen,random_forest,aac_ctd,42
P53040,P53267,1,0.6066666666666667,1,one_unseen,random_forest,aac_ctd,42
P38962,Q06001,1,0.27666666666666667,0,one_unseen,random_forest,aac_ctd,42
P38735,P40327,1,0.5866666666666667,1,one_unseen,random_forest,aac_ctd,42
P11154,Q08601,1,0.6533333333333333,1,one_unseen,random_forest,aac_ctd,42
P43565,P52490,1,0.42333333333333334,0,one_unseen,random_forest,aac_ctd,42
P20438,P39517,1,0.5733333333333334,1,one_unseen,random_forest,aac_ctd,42
P07272,P07273,1,0.58,1,one_unseen,random_forest,aac_ctd,42
P22202,Q08162,1,0.66,1,one_unseen,random_forest,aac_ctd,42
P38793,Q06160,1,0.6033333333333334,1,one_unseen,random_forest,aac_ctd,42
P32450,Q04368,1,0.63,1,one_unseen,random_forest,aac_ctd,42
P32589,P33203,1,0.5633333333333334,1,one_unseen,random_forest,aac_ctd,42
P00931,P38737,1,0.58,1,one_unseen,random_forest,aac_ctd,42
P12945,Q12460,1,0.6366666666666667,1,one_unseen,random_forest,aac_ctd,42
P43638,Q06706,1,0.59,1,one_unseen,random_forest,aac_ctd,42
P32327,P32380,1,0.49,0,one_unseen,random_forest,aac_ctd,42
P03965,P41834,1,0.6266666666666667,1,one_unseen,random_forest,aac_ctd,42
P21242,P32366,1,0.57,1,one_unseen,random_forest,aac_ctd,42
P00359,P32601,1,0.44666666666666666,0,one_unseen,random_forest,aac_ctd,42
P25582,P31382,1,0.43666666666666665,0,one_unseen,random_forest,aac_ctd,42
P25569,P32602,1,0.6233333333333333,1,one_unseen,random_forest,aac_ctd,42
Q04062,Q06142,1,0.6033333333333334,1,one_unseen,random_forest,aac_ctd,42
P36047,Q05580,1,0.5733333333333334,1,one_unseen,random_forest,aac_ctd,42
P06102,P23542,1,0.5666666666666667,1,one_unseen,random_forest,aac_ctd,42
P00331,Q06819,1,0.32,0,one_unseen,random_forest,aac_ctd,42
P32589,P36049,1,0.6,1,one_unseen,random_forest,aac_ctd,42
O14455,P32634,1,0.4033333333333333,0,one_unseen,random_forest,aac_ctd,42
P32264,Q12100,1,0.6066666666666667,1,one_unseen,random_forest,aac_ctd,42
P16140,Q99260,1,0.5766666666666667,1,one_unseen,random_forest,aac_ctd,42
P39101,Q12406,1,0.54,1,one_unseen,random_forest,aac_ctd,42
P33411,P40314,1,0.5733333333333334,1,one_unseen,random_forest,aac_ctd,42
P15891,P17121,1,0.5366666666666666,1,one_unseen,random_forest,aac_ctd,42
P08431,Q07418,1,0.5433333333333333,1,one_unseen,random_forest,aac_ctd,42
P08638,P34252,1,0.5333333333333333,1,one_unseen,random_forest,aac_ctd,42
P32805,Q03125,1,0.4533333333333333,0,one_unseen,random_forest,aac_ctd,42
P40957,P48234,1,0.57,1,one_unseen,random_forest,aac_ctd,42
P14680,Q06216,1,0.6033333333333334,1,one_unseen,random_forest,aac_ctd,42
P32855,Q08726,1,0.6166666666666667,1,one_unseen,random_forest,aac_ctd,42
P33892,Q07844,1,0.5,1,one_unseen,random_forest,aac_ctd,42
P19657,P35207,1,0.51,1,one_unseen,random_forest,aac_ctd,42
P07283,P29469,1,0.6266666666666667,1,one_unseen,random_forest,aac_ctd,42
P53271,Q05580,1,0.6466666666666666,1,one_unseen,random_forest,aac_ctd,42
P15891,Q07376,1,0.4266666666666667,0,one_unseen,random_forest,aac_ctd,42
Q04792,Q08550,1,0.5166666666666667,1,one_unseen,random_forest,aac_ctd,42
P25343,P53924,1,0.56,1,one_unseen,random_forest,aac_ctd,42
P13711,P32605,1,0.62,1,one_unseen,random_forest,aac_ctd,42
P06787,P39962,1,0.51,1,one_unseen,random_forest,aac_ctd,42
P27472,P38344,1,0.5466666666666666,1,one_unseen,random_forest,aac_ctd,42
P39682,Q04493,1,0.53,1,one_unseen,random_forest,aac_ctd,42
P50094,Q12055,1,0.49333333333333335,0,one_unseen,random_forest,aac_ctd,42
P38792,P40495,1,0.5033333333333333,1,one_unseen,random_forest,aac_ctd,42
P14682,P53032,1,0.43666666666666665,0,one_unseen,random_forest,aac_ctd,42
P33332,P53290,1,0.6733333333333333,1,one_unseen,random_forest,aac_ctd,42
P38757,P40103,1,0.37666666666666665,0,one_unseen,random_forest,aac_ctd,42
P21268,P39960,1,0.6133333333333333,1,one_unseen,random_forest,aac_ctd,42
Q04792,Q12347,1,0.5,1,one_unseen,random_forest,aac_ctd,42
P40413,Q12517,1,0.55,1,one_unseen,random_forest,aac_ctd,42
P03965,Q12368,1,0.5833333333333334,1,one_unseen,random_forest,aac_ctd,42
P19454,Q05778,1,0.38,0,one_unseen,random_forest,aac_ctd,42
P05318,Q12433,1,0.52,1,one_unseen,random_forest,aac_ctd,42
P29496,P53086,1,0.59,1,one_unseen,random_forest,aac_ctd,42
P39717,P54786,1,0.6533333333333333,1,one_unseen,random_forest,aac_ctd,42
P11709,P42935,1,0.48,0,one_unseen,random_forest,aac_ctd,42
P25389,Q12276,1,0.6033333333333334,1,one_unseen,random_forest,aac_ctd,42
Q05021,Q7LIF1,1,0.44,0,one_unseen,random_forest,aac_ctd,42
P07258,P32478,1,0.45666666666666667,0,one_unseen,random_forest,aac_ctd,42
P14681,Q06479,1,0.5233333333333333,1,one_unseen,random_forest,aac_ctd,42
P38153,P47116,1,0.6633333333333333,1,one_unseen,random_forest,aac_ctd,42
P15891,P53094,1,0.5466666666666666,1,one_unseen,random_forest,aac_ctd,42
P32607,P53971,1,0.5633333333333334,1,one_unseen,random_forest,aac_ctd,42
P25604,P53855,1,0.44666666666666666,0,one_unseen,random_forest,aac_ctd,42
P31539,P53032,1,0.5433333333333333,1,one_unseen,random_forest,aac_ctd,42
P25294,Q12055,1,0.5333333333333333,1,one_unseen,random_forest,aac_ctd,42
P36029,P38959,1,0.36333333333333334,0,one_unseen,random_forest,aac_ctd,42
P32505,P38334,1,0.5166666666666667,1,one_unseen,random_forest,aac_ctd,42
P16467,Q03956,1,0.63,1,one_unseen,random_forest,aac_ctd,42
P43592,P53221,1,0.5466666666666666,1,one_unseen,random_forest,aac_ctd,42
P15873,Q06406,1,0.4066666666666667,0,one_unseen,random_forest,aac_ctd,42
P38768,Q12365,1,0.5733333333333334,1,one_unseen,random_forest,aac_ctd,42
P42839,P53894,1,0.5966666666666667,1,one_unseen,random_forest,aac_ctd,42
P38427,Q03735,1,0.5866666666666667,1,one_unseen,random_forest,aac_ctd,42
P38720,P42073,1,0.5633333333333334,1,one_unseen,random_forest,aac_ctd,42
P22203,Q00416,1,0.5733333333333334,1,one_unseen,random_forest,aac_ctd,42
P36015,P42945,1,0.5233333333333333,1,one_unseen,random_forest,aac_ctd,42
P38328,P39077,1,0.5433333333333333,1,one_unseen,random_forest,aac_ctd,42
P36048,P41805,1,0.44666666666666666,0,one_unseen,random_forest,aac_ctd,42
P10363,P17442,1,0.6066666666666667,1,one_unseen,random_forest,aac_ctd,42
P23561,P23642,1,0.6333333333333333,1,one_unseen,random_forest,aac_ctd,42
P27801,P38013,1,0.42,0,one_unseen,random_forest,aac_ctd,42
P24868,P38228,1,0.59,1,one_unseen,random_forest,aac_ctd,42
P39940,P40477,1,0.6033333333333334,1,one_unseen,random_forest,aac_ctd,42
P12611,P40515,1,0.57,1,one_unseen,random_forest,aac_ctd,42
P16370,P22224,0,0.59,1,one_unseen,random_forest,aac_ctd,42
P15367,P36005,0,0.35,0,one_unseen,random_forest,aac_ctd,42
P32479,P53735,0,0.51,1,one_unseen,random_forest,aac_ctd,42
P23968,Q03761,0,0.3,0,one_unseen,random_forest,aac_ctd,42
P48510,Q12098,0,0.5933333333333334,1,one_unseen,random_forest,aac_ctd,42
P22804,P38262,0,0.5233333333333333,1,one_unseen,random_forest,aac_ctd,42
P09798,P53215,0,0.37333333333333335,0,one_unseen,random_forest,aac_ctd,42
P38699,Q04493,0,0.5033333333333333,1,one_unseen,random_forest,aac_ctd,42
Q06005,Q06096,0,0.5,1,one_unseen,random_forest,aac_ctd,42
P38967,P47089,0,0.36,0,one_unseen,random_forest,aac_ctd,42
P06104,Q03063,0,0.48,0,one_unseen,random_forest,aac_ctd,42
P16140,Q12223,0,0.5366666666666666,1,one_unseen,random_forest,aac_ctd,42
P39081,P40885,0,0.2,0,one_unseen,random_forest,aac_ctd,42
P40014,P53910,0,0.5066666666666667,1,one_unseen,random_forest,aac_ctd,42
P47187,P52286,0,0.43,0,one_unseen,random_forest,aac_ctd,42
P38163,P40103,0,0.3566666666666667,0,one_unseen,random_forest,aac_ctd,42
P39987,Q06628,0,0.54,1,one_unseen,random_forest,aac_ctd,42
P40473,Q12102,0,0.53,1,one_unseen,random_forest,aac_ctd,42
P40073,Q06412,0,0.5033333333333333,1,one_unseen,random_forest,aac_ctd,42
P25294,P40341,0,0.4866666666666667,0,one_unseen,random_forest,aac_ctd,42
P27801,P38191,0,0.45666666666666667,0,one_unseen,random_forest,aac_ctd,42
P10863,P43563,0,0.38333333333333336,0,one_unseen,random_forest,aac_ctd,42
P24384,P40462,0,0.5366666666666666,1,one_unseen,random_forest,aac_ctd,42
P36165,P38776,0,0.22666666666666666,0,one_unseen,random_forest,aac_ctd,42
P25376,P50875,0,0.32666666666666666,0,one_unseen,random_forest,aac_ctd,42
P20438,Q12060,0,0.5566666666666666,1,one_unseen,random_forest,aac_ctd,42
P11938,P39112,0,0.5,1,one_unseen,random_forest,aac_ctd,42
P06784,P14242,0,0.48333333333333334,0,one_unseen,random_forest,aac_ctd,42
P36147,P53244,0,0.31666666666666665,0,one_unseen,random_forest,aac_ctd,42
P21339,P33199,0,0.6233333333333333,1,one_unseen,random_forest,aac_ctd,42
P25342,Q06344,0,0.5633333333333334,1,one_unseen,random_forest,aac_ctd,42
P53064,Q12321,0,0.58,1,one_unseen,random_forest,aac_ctd,42
P36017,P38264,0,0.47,0,one_unseen,random_forest,aac_ctd,42
P38064,P39929,0,0.5733333333333334,1,one_unseen,random_forest,aac_ctd,42
P25389,P47027,0,0.5166666666666667,1,one_unseen,random_forest,aac_ctd,42
P38879,Q05931,0,0.5733333333333334,1,one_unseen,random_forest,aac_ctd,42
P39944,Q03944,0,0.5166666666666667,1,one_unseen,random_forest,aac_ctd,42
P32368,P53032,0,0.42,0,one_unseen,random_forest,aac_ctd,42
P21957,P32504,0,0.5566666666666666,1,one_unseen,random_forest,aac_ctd,42
P40965,Q03940,0,0.62,1,one_unseen,random_forest,aac_ctd,42
P37838,P48568,0,0.5266666666666666,1,one_unseen,random_forest,aac_ctd,42
P36168,P40512,0,0.5733333333333334,1,one_unseen,random_forest,aac_ctd,42
P39540,P48234,0,0.27,0,one_unseen,random_forest,aac_ctd,42
P25584,Q04697,0,0.37666666666666665,0,one_unseen,random_forest,aac_ctd,42
P52919,P53096,0,0.5433333333333333,1,one_unseen,random_forest,aac_ctd,42
P32855,P38112,0,0.5166666666666667,1,one_unseen,random_forest,aac_ctd,42
P53032,Q02516,0,0.4266666666666667,0,one_unseen,random_forest,aac_ctd,42
P00420,P38723,0,0.32,0,one_unseen,random_forest,aac_ctd,42
P07347,Q02608,0,0.4033333333333333,0,one_unseen,random_forest,aac_ctd,42
P39962,P41695,0,0.55,1,one_unseen,random_forest,aac_ctd,42
P38826,Q08980,0,0.2633333333333333,0,one_unseen,random_forest,aac_ctd,42
P33306,P53344,0,0.43,0,one_unseen,random_forest,aac_ctd,42
P07261,P26570,0,0.54,1,one_unseen,random_forest,aac_ctd,42
P40352,Q08492,0,0.6066666666666667,1,one_unseen,random_forest,aac_ctd,42
P38801,Q02775,0,0.52,1,one_unseen,random_forest,aac_ctd,42
P23833,Q02908,0,0.38,0,one_unseen,random_forest,aac_ctd,42
P32628,P32641,0,0.6233333333333333,1,one_unseen,random_forest,aac_ctd,42
P38637,P40456,0,0.5766666666666667,1,one_unseen,random_forest,aac_ctd,42
P25385,P39551,0,0.4,0,one_unseen,random_forest,aac_ctd,42
P21691,Q12443,0,0.35333333333333333,0,one_unseen,random_forest,aac_ctd,42
P38254,P38699,0,0.5366666666666666,1,one_unseen,random_forest,aac_ctd,42
P03965,P38286,0,0.4666666666666667,0,one_unseen,random_forest,aac_ctd,42
P29461,P36016,0,0.5833333333333334,1,one_unseen,random_forest,aac_ctd,42
P40092,P47052,0,0.43333333333333335,0,one_unseen,random_forest,aac_ctd,42
P39996,Q03308,0,0.5166666666666667,1,one_unseen,random_forest,aac_ctd,42
P07347,P38112,0,0.5533333333333333,1,one_unseen,random_forest,aac_ctd,42
P14741,P53244,0,0.5833333333333334,1,one_unseen,random_forest,aac_ctd,42
P53115,P53130,0,0.5933333333333334,1,one_unseen,random_forest,aac_ctd,42
P22579,P33313,0,0.57,1,one_unseen,random_forest,aac_ctd,42
P27705,Q06168,0,0.5966666666666667,1,one_unseen,random_forest,aac_ctd,42
P38716,P38992,0,0.36333333333333334,0,one_unseen,random_forest,aac_ctd,42
P40014,Q06708,0,0.5666666666666667,1,one_unseen,random_forest,aac_ctd,42
P53857,Q06525,0,0.5633333333333334,1,one_unseen,random_forest,aac_ctd,42
P07283,P16661,0,0.33666666666666667,0,one_unseen,random_forest,aac_ctd,42
P09064,P47035,0,0.53,1,one_unseen,random_forest,aac_ctd,42
P10592,P19358,0,0.6833333333333333,1,one_unseen,random_forest,aac_ctd,42
P25045,P32602,0,0.56,1,one_unseen,random_forest,aac_ctd,42
P25376,P36000,0,0.35,0,one_unseen,random_forest,aac_ctd,42
P39702,Q05785,0,0.5366666666666666,1,one_unseen,random_forest,aac_ctd,42
P38826,P40693,0,0.6266666666666667,1,one_unseen,random_forest,aac_ctd,42
P31382,Q99190,0,0.35333333333333333,0,one_unseen,random_forest,aac_ctd,42
P40395,Q12102,0,0.5466666666666666,1,one_unseen,random_forest,aac_ctd,42
P38291,P39702,0,0.3933333333333333,0,one_unseen,random_forest,aac_ctd,42
P40555,P47038,0,0.29333333333333333,0,one_unseen,random_forest,aac_ctd,42
P32805,Q04930,0,0.5433333333333333,1,one_unseen,random_forest,aac_ctd,42
P38203,P45976,0,0.53,1,one_unseen,random_forest,aac_ctd,42
P00420,P17536,0,0.4266666666666667,0,one_unseen,random_forest,aac_ctd,42
P14737,P53209,0,0.47,0,one_unseen,random_forest,aac_ctd,42
P07250,P53855,0,0.6466666666666666,1,one_unseen,random_forest,aac_ctd,42
P12611,P80428,0,0.6233333333333333,1,one_unseen,random_forest,aac_ctd,42
P38811,Q06407,0,0.51,1,one_unseen,random_forest,aac_ctd,42
P23293,Q03750,0,0.46,0,one_unseen,random_forest,aac_ctd,42
P39704,P87108,0,0.38,0,one_unseen,random_forest,aac_ctd,42
P42944,Q12035,0,0.5533333333333333,1,one_unseen,random_forest,aac_ctd,42
P38272,Q07418,0,0.5533333333333333,1,one_unseen,random_forest,aac_ctd,42
P53142,Q04964,0,0.31333333333333335,0,one_unseen,random_forest,aac_ctd,42
P38130,Q08949,0,0.39666666666666667,0,one_unseen,random_forest,aac_ctd,42
Q06169,Q08980,0,0.26666666666666666,0,one_unseen,random_forest,aac_ctd,42
P31380,P33411,0,0.5233333333333333,1,one_unseen,random_forest,aac_ctd,42
P32319,P46970,0,0.48,0,one_unseen,random_forest,aac_ctd,42
P06169,Q12157,0,0.52,1,one_unseen,random_forest,aac_ctd,42
P34218,P43639,0,0.5266666666666666,1,one_unseen,random_forest,aac_ctd,42
P32582,P36057,0,0.38,0,one_unseen,random_forest,aac_ctd,42
P36027,Q03750,0,0.31666666666666665,0,one_unseen,random_forest,aac_ctd,42
Q06169,Q06205,0,0.4533333333333333,0,one_unseen,random_forest,aac_ctd,42
P28791,P33339,0,0.5566666666666666,1,one_unseen,random_forest,aac_ctd,42
P28000,Q03533,0,0.49333333333333335,0,one_unseen,random_forest,aac_ctd,42
P04050,Q06169,0,0.49333333333333335,0,one_unseen,random_forest,aac_ctd,42
P53894,Q03834,0,0.5933333333333334,1,one_unseen,random_forest,aac_ctd,42
P30771,P38523,0,0.39,0,one_unseen,random_forest,aac_ctd,42
P12887,Q03785,0,0.5466666666666666,1,one_unseen,random_forest,aac_ctd,42
O13297,Q06096,0,0.61,1,one_unseen,random_forest,aac_ctd,42
P20433,P34162,0,0.4666666666666667,0,one_unseen,random_forest,aac_ctd,42
P38266,P53116,0,0.5066666666666667,1,one_unseen,random_forest,aac_ctd,42
Q02948,Q12157,0,0.48333333333333334,0,one_unseen,random_forest,aac_ctd,42
P23394,P32832,0,0.5,1,one_unseen,random_forest,aac_ctd,42
P33311,P43562,0,0.4033333333333333,0,one_unseen,random_forest,aac_ctd,42
P53238,Q05787,0,0.56,1,one_unseen,random_forest,aac_ctd,42
Q02795,Q05580,0,0.30666666666666664,0,one_unseen,random_forest,aac_ctd,42
P39730,Q01159,0,0.5933333333333334,1,one_unseen,random_forest,aac_ctd,42
P32334,P38682,0,0.4166666666666667,0,one_unseen,random_forest,aac_ctd,42
P25454,P28004,0,0.5533333333333333,1,one_unseen,random_forest,aac_ctd,42
P33401,P53236,0,0.6666666666666666,1,one_unseen,random_forest,aac_ctd,42
P39717,Q06554,0,0.5833333333333334,1,one_unseen,random_forest,aac_ctd,42
P41920,P46954,0,0.52,1,one_unseen,random_forest,aac_ctd,42
P48566,Q07800,0,0.5633333333333334,1,one_unseen,random_forest,aac_ctd,42
P39960,Q05027,0,0.39,0,one_unseen,random_forest,aac_ctd,42
P10961,P38792,0,0.5933333333333334,1,one_unseen,random_forest,aac_ctd,42
P47038,Q03834,0,0.2866666666666667,0,one_unseen,random_forest,aac_ctd,42
P29295,P32334,0,0.47,0,one_unseen,random_forest,aac_ctd,42
P32833,Q03497,0,0.5966666666666667,1,one_unseen,random_forest,aac_ctd,42
P11914,P30619,0,0.5133333333333333,1,one_unseen,random_forest,aac_ctd,42
P24813,P40356,0,0.5866666666666667,1,one_unseen,random_forest,aac_ctd,42
P06784,Q12270,0,0.22,0,one_unseen,random_forest,aac_ctd,42
P02557,Q03323,0,0.5233333333333333,1,one_unseen,random_forest,aac_ctd,42
Q03330,Q06339,0,0.5766666666666667,1,one_unseen,random_forest,aac_ctd,42
P11710,P53280,0,0.4266666666666667,0,one_unseen,random_forest,aac_ctd,42
P20434,Q12222,0,0.56,1,one_unseen,random_forest,aac_ctd,42
P22135,Q06137,0,0.4766666666666667,0,one_unseen,random_forest,aac_ctd,42
P11747,Q02804,0,0.42,0,one_unseen,random_forest,aac_ctd,42
P53115,Q07468,0,0.5633333333333334,1,one_unseen,random_forest,aac_ctd,42
P27796,Q12402,0,0.30333333333333334,0,one_unseen,random_forest,aac_ctd,42
P15108,P38968,0,0.48333333333333334,0,one_unseen,random_forest,aac_ctd,42
P32605,P38703,0,0.32666666666666666,0,one_unseen,random_forest,aac_ctd,42
P40187,Q04338,0,0.51,1,one_unseen,random_forest,aac_ctd,42
Q05016,Q05933,0,0.4033333333333333,0,one_unseen,random_forest,aac_ctd,42
P05030,Q02795,0,0.42,0,one_unseen,random_forest,aac_ctd,42
P06784,P40357,0,0.48333333333333334,0,one_unseen,random_forest,aac_ctd,42
P32389,Q05933,0,0.5033333333333333,1,one_unseen,random_forest,aac_ctd,42
P09435,Q03323,0,0.5133333333333333,1,one_unseen,random_forest,aac_ctd,42
P22209,P32380,0,0.5833333333333334,1,one_unseen,random_forest,aac_ctd,42
P08678,P23059,0,0.5566666666666666,1,one_unseen,random_forest,aac_ctd,42
P07347,Q02795,0,0.2733333333333333,0,one_unseen,random_forest,aac_ctd,42
P36100,Q06137,0,0.4666666666666667,0,one_unseen,random_forest,aac_ctd,42
P26188,P32480,0,0.5466666666666666,1,one_unseen,random_forest,aac_ctd,42
P26754,P53974,0,0.5933333333333334,1,one_unseen,random_forest,aac_ctd,42
P32566,Q12464,0,0.5766666666666667,1,one_unseen,random_forest,aac_ctd,42
P10961,P53124,0,0.6333333333333333,1,one_unseen,random_forest,aac_ctd,42
P25441,Q12168,0,0.4066666666666667,0,one_unseen,random_forest,aac_ctd,42
Q03758,Q08683,0,0.6333333333333333,1,one_unseen,random_forest,aac_ctd,42
P18239,Q12469,0,0.38666666666666666,0,one_unseen,random_forest,aac_ctd,42
P39735,Q08965,0,0.54,1,one_unseen,random_forest,aac_ctd,42
P41810,P46961,0,0.20666666666666667,0,one_unseen,random_forest,aac_ctd,42
P25342,P43596,0,0.58,1,one_unseen,random_forest,aac_ctd,42
P26754,P40095,0,0.5533333333333333,1,one_unseen,random_forest,aac_ctd,42
P40513,P53096,0,0.29333333333333333,0,one_unseen,random_forest,aac_ctd,42
P19358,Q12443,0,0.4766666666666667,0,one_unseen,random_forest,aac_ctd,42
P32264,P46669,0,0.5333333333333333,1,one_unseen,random_forest,aac_ctd,42
Q01560,Q08749,0,0.44666666666666666,0,one_unseen,random_forest,aac_ctd,42
P00128,P25359,0,0.2866666666666667,0,one_unseen,random_forest,aac_ctd,42
P32559,P39960,0,0.5433333333333333,1,one_unseen,random_forest,aac_ctd,42
P32829,P40509,0,0.47,0,one_unseen,random_forest,aac_ctd,42
P07261,Q07914,0,0.37666666666666665,0,one_unseen,random_forest,aac_ctd,42
P41921,P53952,0,0.5066666666666667,1,one_unseen,random_forest,aac_ctd,42
P39734,P53604,0,0.38666666666666666,0,one_unseen,random_forest,aac_ctd,42
P31111,Q03048,0,0.46,0,one_unseen,random_forest,aac_ctd,42
P32259,P36017,0,0.5266666666666666,1,one_unseen,random_forest,aac_ctd,42
P07703,P23059,0,0.4766666666666667,0,one_unseen,random_forest,aac_ctd,42
P47038,Q12102,0,0.3233333333333333,0,one_unseen,random_forest,aac_ctd,42
P23585,Q03973,0,0.31666666666666665,0,one_unseen,random_forest,aac_ctd,42
P32354,P38967,0,0.18,0,one_unseen,random_forest,aac_ctd,42
P53147,Q06580,0,0.47333333333333333,0,one_unseen,random_forest,aac_ctd,42
P25441,P38805,0,0.44666666666666666,0,one_unseen,random_forest,aac_ctd,42
P38064,P38959,0,0.4766666666666667,0,one_unseen,random_forest,aac_ctd,42
P53961,Q04978,0,0.44333333333333336,0,one_unseen,random_forest,aac_ctd,42
P16862,P41818,0,0.38666666666666666,0,one_unseen,random_forest,aac_ctd,42
P36017,Q02555,0,0.5166666666666667,1,one_unseen,random_forest,aac_ctd,42
P32480,P53551,0,0.44333333333333336,0,one_unseen,random_forest,aac_ctd,42
P40968,Q08119,0,0.5833333333333334,1,one_unseen,random_forest,aac_ctd,42
P22139,P23968,0,0.4066666666666667,0,one_unseen,random_forest,aac_ctd,42
P21192,P81450,0,0.33666666666666667,0,one_unseen,random_forest,aac_ctd,42
P38130,P53941,0,0.32666666666666666,0,one_unseen,random_forest,aac_ctd,42
P33203,Q12035,0,0.5166666666666667,1,one_unseen,random_forest,aac_ctd,42
P53108,Q12277,0,0.45666666666666667,0,one_unseen,random_forest,aac_ctd,42
P00410,P15891,0,0.35333333333333333,0,one_unseen,random_forest,aac_ctd,42
P38191,P40340,0,0.4866666666666667,0,one_unseen,random_forest,aac_ctd,42
P15367,Q12390,0,0.33666666666666667,0,one_unseen,random_forest,aac_ctd,42
P32833,P53011,0,0.6966666666666667,1,one_unseen,random_forest,aac_ctd,42
P30606,Q12035,0,0.4166666666666667,0,one_unseen,random_forest,aac_ctd,42
P18239,P38960,0,0.37333333333333335,0,one_unseen,random_forest,aac_ctd,42
P02829,Q06630,0,0.42,0,one_unseen,random_forest,aac_ctd,42
P20050,Q06819,0,0.37,0,one_unseen,random_forest,aac_ctd,42
P19812,P39678,0,0.49666666666666665,0,one_unseen,random_forest,aac_ctd,42
P07250,P39968,0,0.58,1,one_unseen,random_forest,aac_ctd,42
P40303,P40319,0,0.25333333333333335,0,one_unseen,random_forest,aac_ctd,42
P17123,P38064,0,0.43,0,one_unseen,random_forest,aac_ctd,42
P32564,P39550,0,0.37333333333333335,0,one_unseen,random_forest,aac_ctd,42
Q06169,Q12194,0,0.43,0,one_unseen,random_forest,aac_ctd,42
P25376,Q12006,0,0.44,0,one_unseen,random_forest,aac_ctd,42
P38826,Q04305,0,0.5433333333333333,1,one_unseen,random_forest,aac_ctd,42
P22209,P53840,0,0.5166666666666667,1,one_unseen,random_forest,aac_ctd,42
P38968,Q99278,0,0.5233333333333333,1,one_unseen,random_forest,aac_ctd,42
P21957,Q04048,0,0.5666666666666667,1,one_unseen,random_forest,aac_ctd,42
P22213,P32319,0,0.51,1,one_unseen,random_forest,aac_ctd,42
P28495,P40957,0,0.5866666666666667,1,one_unseen,random_forest,aac_ctd,42
P11154,P39685,0,0.5533333333333333,1,one_unseen,random_forest,aac_ctd,42
P21304,Q99260,0,0.5333333333333333,1,one_unseen,random_forest,aac_ctd,42
P25296,Q08096,0,0.4533333333333333,0,one_unseen,random_forest,aac_ctd,42
P43638,P47171,0,0.5333333333333333,1,one_unseen,random_forest,aac_ctd,42
P38811,P47089,0,0.5566666666666666,1,one_unseen,random_forest,aac_ctd,42
P02400,P33122,0,0.52,1,one_unseen,random_forest,aac_ctd,42
P16547,P39735,0,0.4266666666666667,0,one_unseen,random_forest,aac_ctd,42
P35182,P53851,0,0.5366666666666666,1,one_unseen,random_forest,aac_ctd,42
P08456,Q99278,0,0.34,0,one_unseen,random_forest,aac_ctd,42
O14455,P39720,0,0.4,0,one_unseen,random_forest,aac_ctd,42
P11710,P38820,0,0.48333333333333334,0,one_unseen,random_forest,aac_ctd,42
P27705,P39875,0,0.5533333333333333,1,one_unseen,random_forest,aac_ctd,42
P32830,P53150,0,0.4533333333333333,0,one_unseen,random_forest,aac_ctd,42
P38310,Q06135,0,0.44333333333333336,0,one_unseen,random_forest,aac_ctd,42
P23291,Q04439,0,0.5133333333333333,1,one_unseen,random_forest,aac_ctd,42
P08638,P47116,0,0.5733333333333334,1,one_unseen,random_forest,aac_ctd,42
P38304,P53883,0,0.5033333333333333,1,one_unseen,random_forest,aac_ctd,42
P40352,P53949,0,0.55,1,one_unseen,random_forest,aac_ctd,42
P20449,Q03940,0,0.7066666666666667,1,one_unseen,random_forest,aac_ctd,42
P21339,P50091,0,0.6733333333333333,1,one_unseen,random_forest,aac_ctd,42
P33421,P40465,0,0.27666666666666667,0,one_unseen,random_forest,aac_ctd,42
P14242,Q12365,0,0.49666666666666665,0,one_unseen,random_forest,aac_ctd,42
P22579,P53298,0,0.59,1,one_unseen,random_forest,aac_ctd,42
P38753,P53824,0,0.54,1,one_unseen,random_forest,aac_ctd,42
P06774,P22209,0,0.47,0,one_unseen,random_forest,aac_ctd,42
P32505,Q02721,0,0.38666666666666666,0,one_unseen,random_forest,aac_ctd,42
P25453,P28743,0,0.5066666666666667,1,one_unseen,random_forest,aac_ctd,42
P11076,P54791,0,0.29,0,one_unseen,random_forest,aac_ctd,42
P53011,Q12321,0,0.65,1,one_unseen,random_forest,aac_ctd,42
P25502,P38627,0,0.5833333333333334,1,one_unseen,random_forest,aac_ctd,42
P53096,Q03338,0,0.5233333333333333,1,one_unseen,random_forest,aac_ctd,42
P32805,Q12028,0,0.58,1,one_unseen,random_forest,aac_ctd,42
P48582,Q05021,0,0.45,0,one_unseen,random_forest,aac_ctd,42
P39996,P52919,0,0.55,1,one_unseen,random_forest,aac_ctd,42
P33411,Q08271,0,0.49333333333333335,0,one_unseen,random_forest,aac_ctd,42
P10834,P53044,0,0.4166666666666667,0,one_unseen,random_forest,aac_ctd,42
P38262,P38929,0,0.5933333333333334,1,one_unseen,random_forest,aac_ctd,42
P07261,P32588,0,0.49,0,one_unseen,random_forest,aac_ctd,42
P38251,P53181,0,0.3466666666666667,0,one_unseen,random_forest,aac_ctd,42
P38153,P45976,0,0.5266666666666666,1,one_unseen,random_forest,aac_ctd,42
P10566,P16862,0,0.39666666666666667,0,one_unseen,random_forest,aac_ctd,42
P46965,Q02804,0,0.25333333333333335,0,one_unseen,random_forest,aac_ctd,42
P38111,P38691,0,0.52,1,one_unseen,random_forest,aac_ctd,42
P21339,Q99186,0,0.6133333333333333,1,one_unseen,random_forest,aac_ctd,42
P40541,Q02784,0,0.26666666666666666,0,one_unseen,random_forest,aac_ctd,42
P14747,P53236,0,0.6566666666666666,1,one_unseen,random_forest,aac_ctd,42
Q04031,Q07921,0,0.52,1,one_unseen,random_forest,aac_ctd,42
Q12157,Q12499,0,0.48,0,one_unseen,random_forest,aac_ctd,42
P10961,P25303,0,0.5533333333333333,1,one_unseen,random_forest,aac_ctd,42
P33421,P38774,0,0.3933333333333333,0,one_unseen,random_forest,aac_ctd,42
P47104,Q12026,0,0.4266666666666667,0,one_unseen,random_forest,aac_ctd,42
P06704,P28496,0,0.2733333333333333,0,one_unseen,random_forest,aac_ctd,42
P12753,P46676,0,0.51,1,one_unseen,random_forest,aac_ctd,42
P38262,P53079,0,0.65,1,one_unseen,random_forest,aac_ctd,42
P53685,P54854,0,0.20666666666666667,0,one_unseen,random_forest,aac_ctd,42
P53236,Q04373,0,0.5866666666666667,1,one_unseen,random_forest,aac_ctd,42
P34161,P35191,0,0.4666666666666667,0,one_unseen,random_forest,aac_ctd,42
P07149,P32828,0,0.5266666666666666,1,one_unseen,random_forest,aac_ctd,42
P40066,P40475,0,0.3233333333333333,0,one_unseen,random_forest,aac_ctd,42
P21651,Q03533,0,0.49666666666666665,0,one_unseen,random_forest,aac_ctd,42
P40438,Q12243,0,0.28,0,one_unseen,random_forest,aac_ctd,42
P23833,P40482,0,0.36333333333333334,0,one_unseen,random_forest,aac_ctd,42
P08518,P15442,0,0.44666666666666666,0,one_unseen,random_forest,aac_ctd,42
P39927,Q03125,0,0.45,0,one_unseen,random_forest,aac_ctd,42
P23642,Q08986,0,0.19,0,one_unseen,random_forest,aac_ctd,42
P08518,P39927,0,0.5733333333333334,1,one_unseen,random_forest,aac_ctd,42
P32387,P32479,0,0.36333333333333334,0,one_unseen,random_forest,aac_ctd,42
P22579,P46962,0,0.6,1,one_unseen,random_forest,aac_ctd,42
P47037,Q00684,0,0.57,1,one_unseen,random_forest,aac_ctd,42
P40554,P43572,0,0.54,1,one_unseen,random_forest,aac_ctd,42
P05986,P40348,0,0.5633333333333334,1,one_unseen,random_forest,aac_ctd,42
P32807,Q05471,0,0.5433333333333333,1,one_unseen,random_forest,aac_ctd,42
P39954,P53181,0,0.36,0,one_unseen,random_forest,aac_ctd,42
P38861,Q08923,0,0.43666666666666665,0,one_unseen,random_forest,aac_ctd,42
P25515,P35179,0,0.47,0,one_unseen,random_forest,aac_ctd,42
P32523,P32908,0,0.5233333333333333,1,one_unseen,random_forest,aac_ctd,42
P08431,Q12082,0,0.32,0,one_unseen,random_forest,aac_ctd,42
P21951,P53290,0,0.6566666666666666,1,one_unseen,random_forest,aac_ctd,42
P46674,Q03579,0,0.25,0,one_unseen,random_forest,aac_ctd,42
P38085,Q07993,0,0.3933333333333333,0,one_unseen,random_forest,aac_ctd,42
P10834,P33760,0,0.4066666666666667,0,one_unseen,random_forest,aac_ctd,42
P38785,P38957,0,0.48,0,one_unseen,random_forest,aac_ctd,42
P30902,P32836,0,0.5033333333333333,1,one_unseen,random_forest,aac_ctd,42
P31412,P53551,0,0.4533333333333333,0,one_unseen,random_forest,aac_ctd,42
P53215,Q02884,0,0.46,0,one_unseen,random_forest,aac_ctd,42
P48415,Q12004,0,0.5133333333333333,1,one_unseen,random_forest,aac_ctd,42
P28496,Q08966,0,0.30666666666666664,0,one_unseen,random_forest,aac_ctd,42
P36068,P40992,0,0.56,1,one_unseen,random_forest,aac_ctd,42
P23301,P38967,0,0.24,0,one_unseen,random_forest,aac_ctd,42
P32381,P39520,0,0.43333333333333335,0,one_unseen,random_forest,aac_ctd,42
Q00723,Q04958,0,0.51,1,one_unseen,random_forest,aac_ctd,42
P38856,Q01329,0,0.5433333333333333,1,one_unseen,random_forest,aac_ctd,42
P40582,Q02804,0,0.49,0,one_unseen,random_forest,aac_ctd,42
P38302,Q12396,0,0.38333333333333336,0,one_unseen,random_forest,aac_ctd,42
P28496,Q06648,0,0.4,0,one_unseen,random_forest,aac_ctd,42
P40529,P43555,0,0.48333333333333334,0,one_unseen,random_forest,aac_ctd,42
P36057,Q00381,0,0.42,0,one_unseen,random_forest,aac_ctd,42
P36034,Q05024,0,0.3566666666666667,0,one_unseen,random_forest,aac_ctd,42
P32800,P39685,0,0.45,0,one_unseen,random_forest,aac_ctd,42
P39744,P53116,0,0.37333333333333335,0,one_unseen,random_forest,aac_ctd,42
P32805,Q04195,0,0.45666666666666667,0,one_unseen,random_forest,aac_ctd,42
P39706,Q08886,0,0.5366666666666666,1,one_unseen,random_forest,aac_ctd,42
P47011,P53633,0,0.24666666666666667,0,one_unseen,random_forest,aac_ctd,42
P32468,P53044,0,0.48333333333333334,0,one_unseen,random_forest,aac_ctd,42
P38962,Q06543,0,0.31,0,one_unseen,random_forest,aac_ctd,42
P34238,P38634,0,0.42333333333333334,0,one_unseen,random_forest,aac_ctd,42
P32447,P32803,0,0.38666666666666666,0,one_unseen,random_forest,aac_ctd,42
Q03750,Q06405,0,0.3233333333333333,0,one_unseen,random_forest,aac_ctd,42
P20434,P53286,0,0.5366666666666666,1,one_unseen,random_forest,aac_ctd,42
P00830,P03069,0,0.39,0,one_unseen,random_forest,aac_ctd,42
P10592,P16451,0,0.5066666666666667,1,one_unseen,random_forest,aac_ctd,42
P40960,Q04226,0,0.5866666666666667,1,one_unseen,random_forest,aac_ctd,42
P25580,Q04272,0,0.5833333333333334,1,one_unseen,random_forest,aac_ctd,42
P07250,P38911,0,0.5233333333333333,1,one_unseen,random_forest,aac_ctd,42
O14455,Q08278,0,0.42,0,one_unseen,random_forest,aac_ctd,42
P49334,Q05021,0,0.52,1,one_unseen,random_forest,aac_ctd,42
P36016,P53912,0,0.53,1,one_unseen,random_forest,aac_ctd,42
P33421,Q12306,0,0.34,0,one_unseen,random_forest,aac_ctd,42
Q05031,Q08204,0,0.43666666666666665,0,one_unseen,random_forest,aac_ctd,42
P23291,P50104,0,0.5133333333333333,1,one_unseen,random_forest,aac_ctd,42
P07261,Q12208,0,0.5366666666666666,1,one_unseen,random_forest,aac_ctd,42
P28004,P53600,0,0.6333333333333333,1,one_unseen,random_forest,aac_ctd,42
P38962,Q07478,0,0.29,0,one_unseen,random_forest,aac_ctd,42
P40187,Q12469,0,0.54,1,one_unseen,random_forest,aac_ctd,42
P08638,P38987,0,0.48,0,one_unseen,random_forest,aac_ctd,42
P22140,P38996,0,0.29,0,one_unseen,random_forest,aac_ctd,42
P11747,P39715,0,0.49666666666666665,0,one_unseen,random_forest,aac_ctd,42
P23585,Q05027,0,0.22,0,one_unseen,random_forest,aac_ctd,42
P50094,Q03406,0,0.6166666666666667,1,one_unseen,random_forest,aac_ctd,42
P11710,P12868,0,0.38333333333333336,0,one_unseen,random_forest,aac_ctd,42
P46680,Q06631,0,0.48333333333333334,0,one_unseen,random_forest,aac_ctd,42
P33303,Q04226,0,0.41,0,one_unseen,random_forest,aac_ctd,42
P38042,P39685,0,0.6033333333333334,1,one_unseen,random_forest,aac_ctd,42
P43563,Q03465,0,0.54,1,one_unseen,random_forest,aac_ctd,42
P38523,Q01649,0,0.5133333333333333,1,one_unseen,random_forest,aac_ctd,42
P32558,Q06251,0,0.5866666666666667,1,one_unseen,random_forest,aac_ctd,42
Q08229,Q08553,0,0.48333333333333334,0,one_unseen,random_forest,aac_ctd,42
P07149,P36027,0,0.32,0,one_unseen,random_forest,aac_ctd,42
P32828,P32898,0,0.5766666666666667,1,one_unseen,random_forest,aac_ctd,42
P28320,Q06406,0,0.44,0,one_unseen,random_forest,aac_ctd,42
P13185,P40475,0,0.32,0,one_unseen,random_forest,aac_ctd,42
P32527,P38695,0,0.2833333333333333,0,one_unseen,random_forest,aac_ctd,42
P18494,P53061,0,0.5,1,one_unseen,random_forest,aac_ctd,42
O13297,P22209,0,0.52,1,one_unseen,random_forest,aac_ctd,42
P19097,Q99278,0,0.6066666666666667,1,one_unseen,random_forest,aac_ctd,42
P53215,Q07381,0,0.43,0,one_unseen,random_forest,aac_ctd,42
P13434,P21192,0,0.4666666666666667,0,one_unseen,random_forest,aac_ctd,42
P51534,Q08553,0,0.63,1,one_unseen,random_forest,aac_ctd,42
P37838,P89102,0,0.56,1,one_unseen,random_forest,aac_ctd,42
P53540,Q12082,0,0.4166666666666667,0,one_unseen,random_forest,aac_ctd,42
P11484,Q07914,0,0.42,0,one_unseen,random_forest,aac_ctd,42
P40438,P53081,0,0.5366666666666666,1,one_unseen,random_forest,aac_ctd,42
P36094,P38072,0,0.36666666666666664,0,one_unseen,random_forest,aac_ctd,42
P23833,P39958,0,0.3433333333333333,0,one_unseen,random_forest,aac_ctd,42
P46954,Q03899,0,0.5166666666666667,1,one_unseen,random_forest,aac_ctd,42
P22141,P32564,0,0.36666666666666664,0,one_unseen,random_forest,aac_ctd,42
P39729,Q03406,0,0.6233333333333333,1,one_unseen,random_forest,aac_ctd,42
P38111,Q01389,0,0.5133333333333333,1,one_unseen,random_forest,aac_ctd,42
P38902,Q12241,0,0.5166666666666667,1,one_unseen,random_forest,aac_ctd,42
P19880,P40151,0,0.5866666666666667,1,one_unseen,random_forest,aac_ctd,42
P49435,Q00711,0,0.4166666666666667,0,one_unseen,random_forest,aac_ctd,42
P40885,Q04305,0,0.24333333333333335,0,one_unseen,random_forest,aac_ctd,42
P16661,P38523,0,0.3566666666666667,0,one_unseen,random_forest,aac_ctd,42
P38523,Q03957,0,0.5133333333333333,1,one_unseen,random_forest,aac_ctd,42
P07342,Q03697,0,0.37333333333333335,0,one_unseen,random_forest,aac_ctd,42
P18239,Q03018,0,0.4066666666666667,0,one_unseen,random_forest,aac_ctd,42
P40343,Q12100,0,0.5966666666666667,1,one_unseen,random_forest,aac_ctd,42
P38826,P50101,0,0.62,1,one_unseen,random_forest,aac_ctd,42
P53108,P53211,0,0.45,0,one_unseen,random_forest,aac_ctd,42
Q03323,Q03900,0,0.49666666666666665,0,one_unseen,random_forest,aac_ctd,42
P32527,P53337,0,0.22,0,one_unseen,random_forest,aac_ctd,42
P40959,P53096,0,0.5766666666666667,1,one_unseen,random_forest,aac_ctd,42
P32589,P35817,0,0.58,1,one_unseen,random_forest,aac_ctd,42
P32502,P38272,0,0.37666666666666665,0,one_unseen,random_forest,aac_ctd,42
P32492,Q08923,0,0.5533333333333333,1,one_unseen,random_forest,aac_ctd,42
Q03956,Q06205,0,0.49,0,one_unseen,random_forest,aac_ctd,42
P26188,Q00772,0,0.5733333333333334,1,one_unseen,random_forest,aac_ctd,42
P39101,Q06163,0,0.45666666666666667,0,one_unseen,random_forest,aac_ctd,42
O74700,Q99278,0,0.5566666666666666,1,one_unseen,random_forest,aac_ctd,42
P34238,Q08886,0,0.26,0,one_unseen,random_forest,aac_ctd,42
P16521,P32787,0,0.3933333333333333,0,one_unseen,random_forest,aac_ctd,42
P46671,Q06449,0,0.46,0,one_unseen,random_forest,aac_ctd,42
P17106,Q03940,0,0.41,0,one_unseen,random_forest,aac_ctd,42
P40495,P43604,0,0.3933333333333333,0,one_unseen,random_forest,aac_ctd,42
P38805,Q06677,0,0.54,1,one_unseen,random_forest,aac_ctd,42
P53924,Q06224,0,0.5966666666666667,1,one_unseen,random_forest,aac_ctd,42
P14906,Q06551,0,0.32,0,one_unseen,random_forest,aac_ctd,42
Q06091,Q12082,0,0.39,0,one_unseen,random_forest,aac_ctd,42
P14906,Q12009,0,0.56,1,one_unseen,random_forest,aac_ctd,42
P23585,P38792,0,0.25333333333333335,0,one_unseen,random_forest,aac_ctd,42
P24004,P40187,0,0.5966666666666667,1,one_unseen,random_forest,aac_ctd,42
P06775,P53851,0,0.39,0,one_unseen,random_forest,aac_ctd,42
P53215,Q05670,0,0.47,0,one_unseen,random_forest,aac_ctd,42
P13186,P22035,0,0.51,1,one_unseen,random_forest,aac_ctd,42
P40457,P53959,0,0.49666666666666665,0,one_unseen,random_forest,aac_ctd,42
P50874,Q12522,0,0.45666666666666667,0,one_unseen,random_forest,aac_ctd,42
P24867,P38429,0,0.48333333333333334,0,one_unseen,random_forest,aac_ctd,42
P87108,Q03263,0,0.29,0,one_unseen,random_forest,aac_ctd,42
P07347,P29055,0,0.6033333333333334,1,one_unseen,random_forest,aac_ctd,42
P20434,Q06412,0,0.5833333333333334,1,one_unseen,random_forest,aac_ctd,42
P18238,P30624,0,0.42333333333333334,0,one_unseen,random_forest,aac_ctd,42
Q04935,Q05610,0,0.5166666666666667,1,one_unseen,random_forest,aac_ctd,42
P39704,Q03337,0,0.36666666666666664,0,one_unseen,random_forest,aac_ctd,42
P32829,Q03976,0,0.37666666666666665,0,one_unseen,random_forest,aac_ctd,42
P14741,Q06339,0,0.5633333333333334,1,one_unseen,random_forest,aac_ctd,42
P21190,P39960,0,0.5,1,one_unseen,random_forest,aac_ctd,42
P28791,P40455,0,0.4766666666666667,0,one_unseen,random_forest,aac_ctd,42
Q07887,Q12361,0,0.41333333333333333,0,one_unseen,random_forest,aac_ctd,42
P23202,P53959,0,0.6066666666666667,1,one_unseen,random_forest,aac_ctd,42
P07250,P25303,0,0.6033333333333334,1,one_unseen,random_forest,aac_ctd,42
P32618,P43563,0,0.4766666666666667,0,one_unseen,random_forest,aac_ctd,42
P32794,P53740,0,0.5566666666666666,1,one_unseen,random_forest,aac_ctd,42
P36057,P38786,0,0.39,0,one_unseen,random_forest,aac_ctd,42
Q03656,Q03750,0,0.6033333333333334,1,one_unseen,random_forest,aac_ctd,42
Q08817,Q12035,0,0.5733333333333334,1,one_unseen,random_forest,aac_ctd,42
P32829,Q06679,0,0.59,1,one_unseen,random_forest,aac_ctd,42
P28320,P40541,0,0.5833333333333334,1,one_unseen,random_forest,aac_ctd,42
P38620,P39952,0,0.41,0,one_unseen,random_forest,aac_ctd,42
P16387,Q03940,0,0.5433333333333333,1,one_unseen,random_forest,aac_ctd,42
P32917,Q01684,0,0.44,0,one_unseen,random_forest,aac_ctd,42
P32788,P53299,0,0.4,0,one_unseen,random_forest,aac_ctd,42
P00817,P15367,0,0.4666666666666667,0,one_unseen,random_forest,aac_ctd,42
P41805,Q05931,0,0.5,1,one_unseen,random_forest,aac_ctd,42
P21957,Q06177,0,0.5566666666666666,1,one_unseen,random_forest,aac_ctd,42
P40092,Q12415,0,0.41,0,one_unseen,random_forest,aac_ctd,42
P53147,Q08235,0,0.47333333333333333,0,one_unseen,random_forest,aac_ctd,42
P34161,P47185,0,0.34,0,one_unseen,random_forest,aac_ctd,42
P11978,P38523,0,0.43,0,one_unseen,random_forest,aac_ctd,42
P00358,P07390,0,0.49666666666666665,0,one_unseen,random_forest,aac_ctd,42
P15367,P25344,0,0.41,0,one_unseen,random_forest,aac_ctd,42
P22276,P53851,0,0.5066666666666667,1,one_unseen,random_forest,aac_ctd,42
P53930,Q04477,0,0.53,1,one_unseen,random_forest,aac_ctd,42
P23833,P89886,0,0.42333333333333334,0,one_unseen,random_forest,aac_ctd,42
P19659,P35207,0,0.5233333333333333,1,one_unseen,random_forest,aac_ctd,42
P14908,P33331,0,0.44,0,one_unseen,random_forest,aac_ctd,42
P36165,P41543,0,0.41,0,one_unseen,random_forest,aac_ctd,42
P18238,P53064,0,0.49,0,one_unseen,random_forest,aac_ctd,42
P04819,P53924,0,0.5333333333333333,1,one_unseen,random_forest,aac_ctd,42
P04821,P20484,0,0.6,1,one_unseen,random_forest,aac_ctd,42
P38967,Q12329,0,0.25,0,one_unseen,random_forest,aac_ctd,42
P06701,P39704,0,0.3233333333333333,0,one_unseen,random_forest,aac_ctd,42
Q05359,Q05778,0,0.34,0,one_unseen,random_forest,aac_ctd,42
P07270,Q06675,0,0.5366666666666666,1,one_unseen,random_forest,aac_ctd,42
P32898,P38911,0,0.5733333333333334,1,one_unseen,random_forest,aac_ctd,42
P35203,Q12035,0,0.5533333333333333,1,one_unseen,random_forest,aac_ctd,42
P15442,Q04437,0,0.5866666666666667,1,one_unseen,random_forest,aac_ctd,42
P38272,P53250,0,0.4666666666666667,0,one_unseen,random_forest,aac_ctd,42
P29509,P41817,0,0.49,0,one_unseen,random_forest,aac_ctd,42
P09064,P20676,0,0.5066666666666667,1,one_unseen,random_forest,aac_ctd,42
P10566,Q12411,0,0.36333333333333334,0,one_unseen,random_forest,aac_ctd,42
P14736,P38429,0,0.5033333333333333,1,one_unseen,random_forest,aac_ctd,42
P38819,P53250,0,0.31,0,one_unseen,random_forest,aac_ctd,42
O74700,P17536,0,0.5766666666666667,1,one_unseen,random_forest,aac_ctd,42
P38817,P47134,0,0.59,1,one_unseen,random_forest,aac_ctd,42
P02994,P33296,0,0.5066666666666667,1,one_unseen,random_forest,aac_ctd,42
P32628,Q12336,0,0.38666666666666666,0,one_unseen,random_forest,aac_ctd,42
P32583,Q03758,0,0.34,0,one_unseen,random_forest,aac_ctd,42
P47185,Q08492,0,0.29,0,one_unseen,random_forest,aac_ctd,42
P20484,P50091,0,0.5266666666666666,1,one_unseen,random_forest,aac_ctd,42
P31377,P38860,0,0.64,1,one_unseen,random_forest,aac_ctd,42
P40360,Q00578,0,0.5466666666666666,1,one_unseen,random_forest,aac_ctd,42
P33303,P37303,0,0.44,0,one_unseen,random_forest,aac_ctd,42
P38111,P53930,0,0.4766666666666667,0,one_unseen,random_forest,aac_ctd,42
P40970,Q08465,0,0.53,1,one_unseen,random_forest,aac_ctd,42
P27515,Q04636,0,0.59,1,one_unseen,random_forest,aac_ctd,42
P36057,P38198,0,0.4033333333333333,0,one_unseen,random_forest,aac_ctd,42
P32836,P38863,0,0.57,1,one_unseen,random_forest,aac_ctd,42
P38636,Q12243,0,0.41,0,one_unseen,random_forest,aac_ctd,42
P53863,P54791,0,0.48,0,one_unseen,random_forest,aac_ctd,42
P32836,P40512,0,0.5933333333333334,1,one_unseen,random_forest,aac_ctd,42
P38082,Q08285,0,0.43666666666666665,0,one_unseen,random_forest,aac_ctd,42
P38784,P43563,0,0.4,0,one_unseen,random_forest,aac_ctd,42
P38708,Q07800,0,0.56,1,one_unseen,random_forest,aac_ctd,42
P43638,Q02776,0,0.54,1,one_unseen,random_forest,aac_ctd,42
P38776,Q06580,0,0.26,0,one_unseen,random_forest,aac_ctd,42
P36125,P38860,0,0.24333333333333335,0,one_unseen,random_forest,aac_ctd,42
P38156,P40092,0,0.49,0,one_unseen,random_forest,aac_ctd,42
P40465,Q04958,0,0.5566666666666666,1,one_unseen,random_forest,aac_ctd,42
Q08923,Q12418,0,0.49,0,one_unseen,random_forest,aac_ctd,42
P32341,P53959,0,0.37666666666666665,0,one_unseen,random_forest,aac_ctd,42
P40548,P80428,0,0.5,1,one_unseen,random_forest,aac_ctd,42
P47134,Q03103,0,0.56,1,one_unseen,random_forest,aac_ctd,42
P42941,Q04307,0,0.4,0,one_unseen,random_forest,aac_ctd,42
P38153,P53171,0,0.37666666666666665,0,one_unseen,random_forest,aac_ctd,42
P33200,Q02892,0,0.5,1,one_unseen,random_forest,aac_ctd,42
P39101,P53740,0,0.4066666666666667,0,one_unseen,random_forest,aac_ctd,42
P54791,Q06102,0,0.5466666666666666,1,one_unseen,random_forest,aac_ctd,42
P39987,P41811,0,0.6233333333333333,1,one_unseen,random_forest,aac_ctd,42
P32521,P80428,0,0.5333333333333333,1,one_unseen,random_forest,aac_ctd,42
P53551,Q12418,0,0.44333333333333336,0,one_unseen,random_forest,aac_ctd,42
P36017,P37366,0,0.49,0,one_unseen,random_forest,aac_ctd,42
P01119,P22517,0,0.57,1,one_unseen,random_forest,aac_ctd,42
P24384,P40073,0,0.45666666666666667,0,one_unseen,random_forest,aac_ctd,42
P40020,P53145,0,0.5433333333333333,1,one_unseen,random_forest,aac_ctd,42
P53044,Q02908,0,0.4166666666666667,0,one_unseen,random_forest,aac_ctd,42
P38077,Q04231,0,0.53,1,one_unseen,random_forest,aac_ctd,42
P32833,Q07963,0,0.5433333333333333,1,one_unseen,random_forest,aac_ctd,42
P29468,Q08119,0,0.5533333333333333,1,one_unseen,random_forest,aac_ctd,42
P53096,P53237,0,0.49,0,one_unseen,random_forest,aac_ctd,42
P39952,P53125,0,0.3566666666666667,0,one_unseen,random_forest,aac_ctd,42
P32379,Q07800,0,0.5333333333333333,1,one_unseen,random_forest,aac_ctd,42
P08638,P50278,0,0.6833333333333333,1,one_unseen,random_forest,aac_ctd,42
P07273,P40482,0,0.57,1,one_unseen,random_forest,aac_ctd,42
P38801,P39112,0,0.59,1,one_unseen,random_forest,aac_ctd,42
P35207,P43609,0,0.6033333333333334,1,one_unseen,random_forest,aac_ctd,42
P38727,Q06412,0,0.44333333333333336,0,one_unseen,random_forest,aac_ctd,42
P32855,P47152,0,0.27666666666666667,0,one_unseen,random_forest,aac_ctd,42
P06775,P38998,0,0.4033333333333333,0,one_unseen,random_forest,aac_ctd,42
P36129,Q12050,0,0.17333333333333334,0,one_unseen,random_forest,aac_ctd,42
P11747,P38962,0,0.35,0,one_unseen,random_forest,aac_ctd,42
P39016,P53167,0,0.51,1,one_unseen,random_forest,aac_ctd,42
P29539,P36165,0,0.51,1,one_unseen,random_forest,aac_ctd,42
Q04368,Q06224,0,0.5266666666666666,1,one_unseen,random_forest,aac_ctd,42
P47012,P53823,0,0.4633333333333333,0,one_unseen,random_forest,aac_ctd,42
P32327,P41544,0,0.23,0,one_unseen,random_forest,aac_ctd,42
P38727,Q02199,0,0.5133333333333333,1,one_unseen,random_forest,aac_ctd,42
P36008,Q03323,0,0.5166666666666667,1,one_unseen,random_forest,aac_ctd,42
P43622,Q03785,0,0.3466666666666667,0,one_unseen,random_forest,aac_ctd,42
P32502,P53337,0,0.21333333333333335,0,one_unseen,random_forest,aac_ctd,42
P34161,Q12443,0,0.41333333333333333,0,one_unseen,random_forest,aac_ctd,42
P38191,Q12363,0,0.45666666666666667,0,one_unseen,random_forest,aac_ctd,42
P17106,Q12300,0,0.32,0,one_unseen,random_forest,aac_ctd,42
P19735,P40352,0,0.6,1,one_unseen,random_forest,aac_ctd,42
P23833,P40471,0,0.4066666666666667,0,one_unseen,random_forest,aac_ctd,42
P07261,Q06200,0,0.4866666666666667,0,one_unseen,random_forest,aac_ctd,42
P38819,Q06479,0,0.31,0,one_unseen,random_forest,aac_ctd,42
P15891,Q07350,0,0.54,1,one_unseen,random_forest,aac_ctd,42
P32499,P40554,0,0.5133333333333333,1,one_unseen,random_forest,aac_ctd,42
P53181,Q06630,0,0.31333333333333335,0,one_unseen,random_forest,aac_ctd,42
P38429,P41912,0,0.4666666666666667,0,one_unseen,random_forest,aac_ctd,42
P40991,Q01159,0,0.56,1,one_unseen,random_forest,aac_ctd,42
P38794,P53824,0,0.5966666666666667,1,one_unseen,random_forest,aac_ctd,42
P47012,P53959,0,0.57,1,one_unseen,random_forest,aac_ctd,42
P26448,Q04958,0,0.5366666666666666,1,one_unseen,random_forest,aac_ctd,42
P40360,P40395,0,0.46,0,one_unseen,random_forest,aac_ctd,42
Q08215,Q12402,0,0.2,0,one_unseen,random_forest,aac_ctd,42
P53552,Q01329,0,0.5033333333333333,1,one_unseen,random_forest,aac_ctd,42
P38708,P40456,0,0.64,1,one_unseen,random_forest,aac_ctd,42
P38801,Q01080,0,0.59,1,one_unseen,random_forest,aac_ctd,42
P39723,Q03750,0,0.5133333333333333,1,one_unseen,random_forest,aac_ctd,42
P38298,P39960,0,0.2833333333333333,0,one_unseen,random_forest,aac_ctd,42
P38959,P39928,0,0.56,1,one_unseen,random_forest,aac_ctd,42
Q08465,Q12341,0,0.5333333333333333,1,one_unseen,random_forest,aac_ctd,42
Q03323,Q03862,0,0.49333333333333335,0,one_unseen,random_forest,aac_ctd,42
P35177,P40541,0,0.4766666666666667,0,one_unseen,random_forest,aac_ctd,42
P39706,Q06651,0,0.44,0,one_unseen,random_forest,aac_ctd,42
P11972,P53081,0,0.63,1,one_unseen,random_forest,aac_ctd,42
P07250,P34162,0,0.47333333333333333,0,one_unseen,random_forest,aac_ctd,42
Q05933,Q06677,0,0.51,1,one_unseen,random_forest,aac_ctd,42
P43572,P53754,0,0.5833333333333334,1,one_unseen,random_forest,aac_ctd,42
P28743,P40352,0,0.5333333333333333,1,one_unseen,random_forest,aac_ctd,42
P04050,P41920,0,0.5166666666666667,1,one_unseen,random_forest,aac_ctd,42
P13186,P32494,0,0.5533333333333333,1,one_unseen,random_forest,aac_ctd,42
P09119,P39520,0,0.53,1,one_unseen,random_forest,aac_ctd,42
P33411,P38702,0,0.44333333333333336,0,one_unseen,random_forest,aac_ctd,42
Q12264,Q12297,0,0.22,0,one_unseen,random_forest,aac_ctd,42
P32899,P39704,0,0.3233333333333333,0,one_unseen,random_forest,aac_ctd,42
P08456,P41808,0,0.25,0,one_unseen,random_forest,aac_ctd,42
P35191,P39723,0,0.45666666666666667,0,one_unseen,random_forest,aac_ctd,42
P07342,P47822,0,0.4066666666666667,0,one_unseen,random_forest,aac_ctd,42
P32468,P53115,0,0.6266666666666667,1,one_unseen,random_forest,aac_ctd,42
P13712,P38811,0,0.62,1,one_unseen,random_forest,aac_ctd,42
P31378,P32829,0,0.5566666666666666,1,one_unseen,random_forest,aac_ctd,42
P25604,P38920,0,0.44666666666666666,0,one_unseen,random_forest,aac_ctd,42
P06700,P32334,0,0.51,1,one_unseen,random_forest,aac_ctd,42
P25344,P50090,0,0.53,1,one_unseen,random_forest,aac_ctd,42
P32328,P48568,0,0.5066666666666667,1,one_unseen,random_forest,aac_ctd,42
P38310,Q00873,0,0.4166666666666667,0,one_unseen,random_forest,aac_ctd,42
P10566,P53538,0,0.2833333333333333,0,one_unseen,random_forest,aac_ctd,42
P25580,P42839,0,0.4266666666666667,0,one_unseen,random_forest,aac_ctd,42
P43601,P47037,0,0.5366666666666666,1,one_unseen,random_forest,aac_ctd,42
P32602,Q06598,0,0.22666666666666666,0,one_unseen,random_forest,aac_ctd,42
P53299,Q03954,0,0.49,0,one_unseen,random_forest,aac_ctd,42
P32558,Q12450,0,0.24666666666666667,0,one_unseen,random_forest,aac_ctd,42
P46961,P53323,0,0.24666666666666667,0,one_unseen,random_forest,aac_ctd,42
P14737,P25358,0,0.16666666666666666,0,one_unseen,random_forest,aac_ctd,42
P32558,P32854,0,0.5633333333333334,1,one_unseen,random_forest,aac_ctd,42
P40064,P48510,0,0.56,1,one_unseen,random_forest,aac_ctd,42
P36016,Q01939,0,0.49666666666666665,0,one_unseen,random_forest,aac_ctd,42
P17629,Q08553,0,0.5733333333333334,1,one_unseen,random_forest,aac_ctd,42
P06704,P39101,0,0.5033333333333333,1,one_unseen,random_forest,aac_ctd,42
P39534,P40395,0,0.32,0,one_unseen,random_forest,aac_ctd,42
P01149,P39717,0,0.3,0,one_unseen,random_forest,aac_ctd,42
P33419,P40357,0,0.5466666666666666,1,one_unseen,random_forest,aac_ctd,42
P38262,Q12063,0,0.6666666666666666,1,one_unseen,random_forest,aac_ctd,42
P38960,P41546,0,0.5366666666666666,1,one_unseen,random_forest,aac_ctd,42
P21691,Q01560,0,0.5066666666666667,1,one_unseen,random_forest,aac_ctd,42
P47061,P53250,0,0.61,1,one_unseen,random_forest,aac_ctd,42
P07347,P36121,0,0.53,1,one_unseen,random_forest,aac_ctd,42
P38989,P53952,0,0.4866666666666667,0,one_unseen,random_forest,aac_ctd,42
P15873,P38860,0,0.5433333333333333,1,one_unseen,random_forest,aac_ctd,42
P20449,P38960,0,0.6533333333333333,1,one_unseen,random_forest,aac_ctd,42
P28000,Q06651,0,0.47333333333333333,0,one_unseen,random_forest,aac_ctd,42
P36131,Q01684,0,0.37666666666666665,0,one_unseen,random_forest,aac_ctd,42
Q12327,Q12389,0,0.35,0,one_unseen,random_forest,aac_ctd,42
P13856,P40356,0,0.5266666666666666,1,one_unseen,random_forest,aac_ctd,42
P25648,Q08902,0,0.2866666666666667,0,one_unseen,random_forest,aac_ctd,42
P25656,Q02205,0,0.51,1,one_unseen,random_forest,aac_ctd,42
Q06339,Q08004,0,0.47,0,one_unseen,random_forest,aac_ctd,42
P52917,Q12129,0,0.53,1,one_unseen,random_forest,aac_ctd,42
P12887,Q06160,0,0.5766666666666667,1,one_unseen,random_forest,aac_ctd,42
P07274,P38811,0,0.51,1,one_unseen,random_forest,aac_ctd,42
P46956,P48234,0,0.41,0,one_unseen,random_forest,aac_ctd,42
P12294,Q12019,0,0.52,1,one_unseen,random_forest,aac_ctd,42
P36037,Q08902,0,0.29,0,one_unseen,random_forest,aac_ctd,42
P40020,P53236,0,0.55,1,one_unseen,random_forest,aac_ctd,42
P07257,Q03656,0,0.5233333333333333,1,one_unseen,random_forest,aac_ctd,42
P53823,Q06640,0,0.48,0,one_unseen,random_forest,aac_ctd,42
P40095,Q99190,0,0.34,0,one_unseen,random_forest,aac_ctd,42
P00830,P21538,0,0.42333333333333334,0,one_unseen,random_forest,aac_ctd,42
P39531,P53959,0,0.5966666666666667,1,one_unseen,random_forest,aac_ctd,42
P32916,P36973,0,0.47,0,one_unseen,random_forest,aac_ctd,42
P33311,P43545,0,0.4866666666666667,0,one_unseen,random_forest,aac_ctd,42
P14680,Q03976,0,0.44,0,one_unseen,random_forest,aac_ctd,42
P00420,P30619,0,0.16,0,one_unseen,random_forest,aac_ctd,42
P11914,Q12464,0,0.44333333333333336,0,one_unseen,random_forest,aac_ctd,42
P53124,Q08685,0,0.55,1,one_unseen,random_forest,aac_ctd,42
P07261,P12383,0,0.5166666666666667,1,one_unseen,random_forest,aac_ctd,42
P32558,Q06551,0,0.34,0,one_unseen,random_forest,aac_ctd,42
P28743,P32803,0,0.42333333333333334,0,one_unseen,random_forest,aac_ctd,42
P53952,Q07986,0,0.44,0,one_unseen,random_forest,aac_ctd,42
P09734,P41817,0,0.54,1,one_unseen,random_forest,aac_ctd,42
P15367,P32855,0,0.44666666666666666,0,one_unseen,random_forest,aac_ctd,42
P10961,Q12071,0,0.55,1,one_unseen,random_forest,aac_ctd,42
P25297,P38153,0,0.4166666666666667,0,one_unseen,random_forest,aac_ctd,42
P40352,Q12018,0,0.5833333333333334,1,one_unseen,random_forest,aac_ctd,42
P25441,P53086,0,0.58,1,one_unseen,random_forest,aac_ctd,42
P07264,P38111,0,0.5566666666666666,1,one_unseen,random_forest,aac_ctd,42
P14906,P38344,0,0.5233333333333333,1,one_unseen,random_forest,aac_ctd,42
P25604,P35842,0,0.39,0,one_unseen,random_forest,aac_ctd,42
P33411,Q01722,0,0.5333333333333333,1,one_unseen,random_forest,aac_ctd,42
P32494,P38153,0,0.5433333333333333,1,one_unseen,random_forest,aac_ctd,42
P38627,P47115,0,0.3933333333333333,0,one_unseen,random_forest,aac_ctd,42
P40960,P47171,0,0.5566666666666666,1,one_unseen,random_forest,aac_ctd,42
P00175,Q03750,0,0.54,1,one_unseen,random_forest,aac_ctd,42
P21243,Q07800,0,0.5366666666666666,1,one_unseen,random_forest,aac_ctd,42
P53924,Q06200,0,0.47,0,one_unseen,random_forest,aac_ctd,42
P38785,Q03323,0,0.5333333333333333,1,one_unseen,random_forest,aac_ctd,42
P20434,Q12107,0,0.5966666666666667,1,one_unseen,random_forest,aac_ctd,42
P32481,P53174,0,0.5333333333333333,1,one_unseen,random_forest,aac_ctd,42
P12887,P20438,0,0.5233333333333333,1,one_unseen,random_forest,aac_ctd,42
P53145,P54784,0,0.6133333333333333,1,one_unseen,random_forest,aac_ctd,42
P22224,P25441,0,0.4166666666666667,0,one_unseen,random_forest,aac_ctd,42
P38867,Q08601,0,0.5466666666666666,1,one_unseen,random_forest,aac_ctd,42
P53901,Q08465,0,0.5433333333333333,1,one_unseen,random_forest,aac_ctd,42
P21691,Q06169,0,0.47333333333333333,0,one_unseen,random_forest,aac_ctd,42
P32787,P47117,0,0.4533333333333333,0,one_unseen,random_forest,aac_ctd,42
P40456,P53271,0,0.6133333333333333,1,one_unseen,random_forest,aac_ctd,42
Q12270,Q99176,0,0.25,0,one_unseen,random_forest,aac_ctd,42
P39717,P50875,0,0.48333333333333334,0,one_unseen,random_forest,aac_ctd,42
P21304,P48566,0,0.5733333333333334,1,one_unseen,random_forest,aac_ctd,42
P32805,P47052,0,0.56,1,one_unseen,random_forest,aac_ctd,42
P26798,P32528,0,0.54,1,one_unseen,random_forest,aac_ctd,42
P34218,Q06164,0,0.5533333333333333,1,one_unseen,random_forest,aac_ctd,42
P10834,P33200,0,0.43666666666666665,0,one_unseen,random_forest,aac_ctd,42
P38811,P42846,0,0.5666666666666667,1,one_unseen,random_forest,aac_ctd,42
P25301,Q06651,0,0.5533333333333333,1,one_unseen,random_forest,aac_ctd,42
Q03656,Q12321,0,0.67,1,one_unseen,random_forest,aac_ctd,42
P43602,P54791,0,0.59,1,one_unseen,random_forest,aac_ctd,42
P53250,Q06001,0,0.48333333333333334,0,one_unseen,random_forest,aac_ctd,42
Q04067,Q12243,0,0.2833333333333333,0,one_unseen,random_forest,aac_ctd,42
P38957,Q04693,0,0.5033333333333333,1,one_unseen,random_forest,aac_ctd,42
P04786,P25453,0,0.51,1,one_unseen,random_forest,aac_ctd,42
P31377,P53244,0,0.5433333333333333,1,one_unseen,random_forest,aac_ctd,42
P35207,Q03455,0,0.3,0,one_unseen,random_forest,aac_ctd,42
P00359,Q12174,0,0.3333333333333333,0,one_unseen,random_forest,aac_ctd,42
P08456,P53032,0,0.3333333333333333,0,one_unseen,random_forest,aac_ctd,42
P25371,Q03533,0,0.55,1,one_unseen,random_forest,aac_ctd,42
P38826,P40155,0,0.45666666666666667,0,one_unseen,random_forest,aac_ctd,42
P39563,P53176,0,0.39666666666666667,0,one_unseen,random_forest,aac_ctd,42
P25344,Q02939,0,0.5966666666666667,1,one_unseen,random_forest,aac_ctd,42
P38627,P53877,0,0.52,1,one_unseen,random_forest,aac_ctd,42
Q03406,Q03455,0,0.30666666666666664,0,one_unseen,random_forest,aac_ctd,42
P27895,P36125,0,0.2833333333333333,0,one_unseen,random_forest,aac_ctd,42
P05626,Q03898,0,0.44,0,one_unseen,random_forest,aac_ctd,42
P36120,P41815,0,0.33,0,one_unseen,random_forest,aac_ctd,42
P22203,P40475,0,0.28,0,one_unseen,random_forest,aac_ctd,42
P38699,Q02908,0,0.5733333333333334,1,one_unseen,random_forest,aac_ctd,42
P32366,P33335,0,0.20333333333333334,0,one_unseen,random_forest,aac_ctd,42
P20434,P53886,0,0.5866666666666667,1,one_unseen,random_forest,aac_ctd,42
P00359,P06778,0,0.4033333333333333,0,one_unseen,random_forest,aac_ctd,42
P32898,P36129,0,0.19333333333333333,0,one_unseen,random_forest,aac_ctd,42
P32829,Q04272,0,0.5866666666666667,1,one_unseen,random_forest,aac_ctd,42
P15790,P47053,0,0.4533333333333333,0,one_unseen,random_forest,aac_ctd,42
P15992,P40073,0,0.45,0,one_unseen,random_forest,aac_ctd,42
Q03661,Q03790,0,0.5066666666666667,1,one_unseen,random_forest,aac_ctd,42
P38627,Q06168,0,0.5466666666666666,1,one_unseen,random_forest,aac_ctd,42
P32787,P40892,0,0.42333333333333334,0,one_unseen,random_forest,aac_ctd,42
P14680,P43622,0,0.30666666666666664,0,one_unseen,random_forest,aac_ctd,42
P38272,Q12427,0,0.43666666666666665,0,one_unseen,random_forest,aac_ctd,42
P12684,P39987,0,0.47333333333333333,0,one_unseen,random_forest,aac_ctd,42
P10363,P46954,0,0.59,1,one_unseen,random_forest,aac_ctd,42
P15436,P40341,0,0.5733333333333334,1,one_unseen,random_forest,aac_ctd,42
P11710,P49166,0,0.5066666666666667,1,one_unseen,random_forest,aac_ctd,42
P38111,P53281,0,0.5366666666666666,1,one_unseen,random_forest,aac_ctd,42
P38860,P47129,0,0.6033333333333334,1,one_unseen,random_forest,aac_ctd,42
P32803,Q08214,0,0.3233333333333333,0,one_unseen,random_forest,aac_ctd,42
P47025,Q06164,0,0.52,1,one_unseen,random_forest,aac_ctd,42
P40325,P40356,0,0.49666666666666665,0,one_unseen,random_forest,aac_ctd,42
P17119,P43562,0,0.31666666666666665,0,one_unseen,random_forest,aac_ctd,42
P27351,Q12321,0,0.6,1,one_unseen,random_forest,aac_ctd,42
P40204,Q08465,0,0.64,1,one_unseen,random_forest,aac_ctd,42
P36036,P40963,0,0.39,0,one_unseen,random_forest,aac_ctd,42
P09959,Q04636,0,0.6233333333333333,1,one_unseen,random_forest,aac_ctd,42
P40456,Q06410,0,0.49,0,one_unseen,random_forest,aac_ctd,42
P53883,Q12161,0,0.5133333333333333,1,one_unseen,random_forest,aac_ctd,42
Q06245,Q12050,0,0.6666666666666666,1,one_unseen,random_forest,aac_ctd,42
P40064,P47115,0,0.41333333333333333,0,one_unseen,random_forest,aac_ctd,42
P07257,P53010,0,0.56,1,one_unseen,random_forest,aac_ctd,42
P39517,P39735,0,0.5466666666666666,1,one_unseen,random_forest,aac_ctd,42
P26798,P39987,0,0.4266666666666667,0,one_unseen,random_forest,aac_ctd,42
P38998,P50104,0,0.6133333333333333,1,one_unseen,random_forest,aac_ctd,42
Q01560,Q12066,0,0.48,0,one_unseen,random_forest,aac_ctd,42
P25604,Q03976,0,0.44,0,one_unseen,random_forest,aac_ctd,42
P39996,P54885,0,0.5366666666666666,1,one_unseen,random_forest,aac_ctd,42
P32327,Q12004,0,0.5266666666666666,1,one_unseen,random_forest,aac_ctd,42
P47104,Q00711,0,0.5233333333333333,1,one_unseen,random_forest,aac_ctd,42
P10961,P25390,0,0.5566666666666666,1,one_unseen,random_forest,aac_ctd,42
P46669,Q06440,0,0.5366666666666666,1,one_unseen,random_forest,aac_ctd,42
P40480,Q08465,0,0.5533333333333333,1,one_unseen,random_forest,aac_ctd,42
P47037,Q12154,0,0.5966666666666667,1,one_unseen,random_forest,aac_ctd,42
P33323,P53851,0,0.4,0,one_unseen,random_forest,aac_ctd,42
P21304,P38810,0,0.6566666666666666,1,one_unseen,random_forest,aac_ctd,42
Q04673,Q12098,0,0.5766666666666667,1,one_unseen,random_forest,aac_ctd,42
P03965,P33296,0,0.43333333333333335,0,one_unseen,random_forest,aac_ctd,42
P38821,P53116,0,0.4766666666666667,0,one_unseen,random_forest,aac_ctd,42
P38915,Q03018,0,0.47,0,one_unseen,random_forest,aac_ctd,42
P12294,P46957,0,0.52,1,one_unseen,random_forest,aac_ctd,42
P23639,P32570,0,0.3933333333333333,0,one_unseen,random_forest,aac_ctd,42
P00420,P42945,0,0.26666666666666666,0,one_unseen,random_forest,aac_ctd,42
P40495,P40513,0,0.29,0,one_unseen,random_forest,aac_ctd,42
P38262,P46680,0,0.6433333333333333,1,one_unseen,random_forest,aac_ctd,42
P46964,Q03048,0,0.23,0,one_unseen,random_forest,aac_ctd,42
P53552,Q02206,0,0.5266666666666666,1,one_unseen,random_forest,aac_ctd,42
P17214,P33301,0,0.49666666666666665,0,one_unseen,random_forest,aac_ctd,42
P00899,P47185,0,0.20333333333333334,0,one_unseen,random_forest,aac_ctd,42
P21705,Q00816,0,0.5066666666666667,1,one_unseen,random_forest,aac_ctd,42
P15790,P38995,0,0.38333333333333336,0,one_unseen,random_forest,aac_ctd,42
P25333,P35179,0,0.3566666666666667,0,one_unseen,random_forest,aac_ctd,42
P32642,Q02732,0,0.57,1,one_unseen,random_forest,aac_ctd,42
P50091,P53116,0,0.46,0,one_unseen,random_forest,aac_ctd,42
P16151,P53974,0,0.31333333333333335,0,one_unseen,random_forest,aac_ctd,42
P11747,Q08601,0,0.43,0,one_unseen,random_forest,aac_ctd,42
P52891,Q03697,0,0.2966666666666667,0,one_unseen,random_forest,aac_ctd,42
P53952,Q08746,0,0.5366666666666666,1,one_unseen,random_forest,aac_ctd,42
P28007,P40958,0,0.48,0,one_unseen,random_forest,aac_ctd,42
P47134,P53878,0,0.5366666666666666,1,one_unseen,random_forest,aac_ctd,42
P21304,P32318,0,0.44666666666666666,0,one_unseen,random_forest,aac_ctd,42
Q03758,Q06344,0,0.5933333333333334,1,one_unseen,random_forest,aac_ctd,42
P04911,P40574,0,0.47333333333333333,0,one_unseen,random_forest,aac_ctd,42
P39112,Q05933,0,0.36666666666666664,0,one_unseen,random_forest,aac_ctd,42
P07272,P07347,0,0.5233333333333333,1,one_unseen,random_forest,aac_ctd,42
P32478,P39702,0,0.38333333333333336,0,one_unseen,random_forest,aac_ctd,42
P32915,P53847,0,0.31333333333333335,0,one_unseen,random_forest,aac_ctd,42
P53344,Q12691,0,0.35333333333333333,0,one_unseen,random_forest,aac_ctd,42
P40314,P53551,0,0.5566666666666666,1,one_unseen,random_forest,aac_ctd,42
P26188,P40513,0,0.35333333333333333,0,one_unseen,random_forest,aac_ctd,42
P30619,P38751,0,0.41333333333333333,0,one_unseen,random_forest,aac_ctd,42
P50277,Q03263,0,0.2833333333333333,0,one_unseen,random_forest,aac_ctd,42
P53952,P81450,0,0.4266666666666667,0,one_unseen,random_forest,aac_ctd,42
P38692,P46676,0,0.56,1,one_unseen,random_forest,aac_ctd,42
P38753,P53215,0,0.48333333333333334,0,one_unseen,random_forest,aac_ctd,42
P38856,Q08683,0,0.5633333333333334,1,one_unseen,random_forest,aac_ctd,42
P06102,P46678,0,0.59,1,one_unseen,random_forest,aac_ctd,42
P39101,P53731,0,0.39666666666666667,0,one_unseen,random_forest,aac_ctd,42
P21651,P80667,0,0.45,0,one_unseen,random_forest,aac_ctd,42
P46676,Q03954,0,0.4533333333333333,0,one_unseen,random_forest,aac_ctd,42
P38810,P43555,0,0.45,0,one_unseen,random_forest,aac_ctd,42
P15442,P36168,0,0.5066666666666667,1,one_unseen,random_forest,aac_ctd,42
P39101,P40507,0,0.45,0,one_unseen,random_forest,aac_ctd,42
P21192,P39720,0,0.5566666666666666,1,one_unseen,random_forest,aac_ctd,42
P38144,Q05610,0,0.5566666666666666,1,one_unseen,random_forest,aac_ctd,42
P38273,P80428,0,0.58,1,one_unseen,random_forest,aac_ctd,42
P28004,Q08911,0,0.4666666666666667,0,one_unseen,random_forest,aac_ctd,42
P22135,P53152,0,0.41,0,one_unseen,random_forest,aac_ctd,42
P38957,Q06151,0,0.5566666666666666,1,one_unseen,random_forest,aac_ctd,42
P40016,Q03263,0,0.19,0,one_unseen,random_forest,aac_ctd,42
P35497,Q06675,0,0.4533333333333333,0,one_unseen,random_forest,aac_ctd,42
P28519,Q99176,0,0.48,0,one_unseen,random_forest,aac_ctd,42
P22224,P22804,0,0.46,0,one_unseen,random_forest,aac_ctd,42
P41818,P43612,0,0.47333333333333333,0,one_unseen,random_forest,aac_ctd,42
Q03455,Q05021,0,0.3566666666666667,0,one_unseen,random_forest,aac_ctd,42
P40561,Q08902,0,0.3433333333333333,0,one_unseen,random_forest,aac_ctd,42
P35178,P42934,0,0.37666666666666665,0,one_unseen,random_forest,aac_ctd,42
P38077,P42941,0,0.5933333333333334,1,one_unseen,random_forest,aac_ctd,42
Q06200,Q12098,0,0.44,0,one_unseen,random_forest,aac_ctd,42
Q12019,Q12055,0,0.4533333333333333,0,one_unseen,random_forest,aac_ctd,42
P32471,P40348,0,0.5366666666666666,1,one_unseen,random_forest,aac_ctd,42
P06774,P41815,0,0.2866666666666667,0,one_unseen,random_forest,aac_ctd,42
P40355,P40413,0,0.6133333333333333,1,one_unseen,random_forest,aac_ctd,42
P38112,P53081,0,0.54,1,one_unseen,random_forest,aac_ctd,42
P14906,Q08550,0,0.52,1,one_unseen,random_forest,aac_ctd,42
P38811,P46655,0,0.5666666666666667,1,one_unseen,random_forest,aac_ctd,42
P41815,Q02205,0,0.3333333333333333,0,one_unseen,random_forest,aac_ctd,42
P38627,Q12083,0,0.5333333333333333,1,one_unseen,random_forest,aac_ctd,42
P31412,Q12402,0,0.22666666666666666,0,one_unseen,random_forest,aac_ctd,42
P40495,Q01722,0,0.52,1,one_unseen,random_forest,aac_ctd,42
P11709,Q01217,0,0.43666666666666665,0,one_unseen,random_forest,aac_ctd,42
Q12035,Q12341,0,0.5533333333333333,1,one_unseen,random_forest,aac_ctd,42
P32605,Q07914,0,0.44333333333333336,0,one_unseen,random_forest,aac_ctd,42
P11710,P24719,0,0.4066666666666667,0,one_unseen,random_forest,aac_ctd,42
P06774,P53048,0,0.3466666666666667,0,one_unseen,random_forest,aac_ctd,42
P53858,Q04231,0,0.5233333333333333,1,one_unseen,random_forest,aac_ctd,42
P17505,P39682,0,0.43666666666666665,0,one_unseen,random_forest,aac_ctd,42
P22213,P24384,0,0.5133333333333333,1,one_unseen,random_forest,aac_ctd,42
Q00816,Q08683,0,0.6233333333333333,1,one_unseen,random_forest,aac_ctd,42
P38111,Q07921,0,0.42333333333333334,0,one_unseen,random_forest,aac_ctd,42
P13711,P53174,0,0.39,0,one_unseen,random_forest,aac_ctd,42
P07149,Q12488,0,0.5033333333333333,1,one_unseen,random_forest,aac_ctd,42
P12887,P22203,0,0.52,1,one_unseen,random_forest,aac_ctd,42
P14906,P32349,0,0.59,1,one_unseen,random_forest,aac_ctd,42
P38727,P87108,0,0.31666666666666665,0,one_unseen,random_forest,aac_ctd,42
P38153,P38251,0,0.65,1,one_unseen,random_forest,aac_ctd,42
P52286,Q01722,0,0.45666666666666667,0,one_unseen,random_forest,aac_ctd,42
P15992,Q03263,0,0.17333333333333334,0,one_unseen,random_forest,aac_ctd,42
P53150,Q03455,0,0.43,0,one_unseen,random_forest,aac_ctd,42
Q12100,Q12192,0,0.5666666666666667,1,one_unseen,random_forest,aac_ctd,42
P53215,Q05166,0,0.43,0,one_unseen,random_forest,aac_ctd,42
P00410,Q05031,0,0.33666666666666667,0,one_unseen,random_forest,aac_ctd,42
P19263,P53181,0,0.2966666666666667,0,one_unseen,random_forest,aac_ctd,42
P22517,Q00711,0,0.5533333333333333,1,one_unseen,random_forest,aac_ctd,42
P25847,Q12420,0,0.54,1,one_unseen,random_forest,aac_ctd,42
P40339,Q12327,0,0.3933333333333333,0,one_unseen,random_forest,aac_ctd,42
P21801,P38723,0,0.27666666666666667,0,one_unseen,random_forest,aac_ctd,42
P53174,Q08749,0,0.29,0,one_unseen,random_forest,aac_ctd,42
P41546,Q00362,0,0.48333333333333334,0,one_unseen,random_forest,aac_ctd,42
P32773,Q03323,0,0.54,1,one_unseen,random_forest,aac_ctd,42
P22209,P32345,0,0.57,1,one_unseen,random_forest,aac_ctd,42
P06775,P35207,0,0.23666666666666666,0,one_unseen,random_forest,aac_ctd,42
P15790,P40970,0,0.44666666666666666,0,one_unseen,random_forest,aac_ctd,42
P07257,P08431,0,0.5233333333333333,1,one_unseen,random_forest,aac_ctd,42
P39962,Q03944,0,0.4666666666666667,0,one_unseen,random_forest,aac_ctd,42
P46678,Q08601,0,0.53,1,one_unseen,random_forest,aac_ctd,42
P33304,P40541,0,0.6633333333333333,1,one_unseen,random_forest,aac_ctd,42
P01119,P53215,0,0.5133333333333333,1,one_unseen,random_forest,aac_ctd,42
P23776,Q12100,0,0.4866666666666667,0,one_unseen,random_forest,aac_ctd,42
P21965,Q06339,0,0.67,1,one_unseen,random_forest,aac_ctd,42
P12954,P38153,0,0.5666666666666667,1,one_unseen,random_forest,aac_ctd,42
Q06102,Q08902,0,0.25,0,one_unseen,random_forest,aac_ctd,42
P53237,Q03661,0,0.41333333333333333,0,one_unseen,random_forest,aac_ctd,42
P38208,P38727,0,0.5,1,one_unseen,random_forest,aac_ctd,42
P17214,Q08204,0,0.49333333333333335,0,one_unseen,random_forest,aac_ctd,42
P38988,Q12134,0,0.44666666666666666,0,one_unseen,random_forest,aac_ctd,42
Q03323,Q06644,0,0.37333333333333335,0,one_unseen,random_forest,aac_ctd,42
P25655,P46965,0,0.2866666666666667,0,one_unseen,random_forest,aac_ctd,42
P39944,P39952,0,0.36,0,one_unseen,random_forest,aac_ctd,42
P38265,P38716,0,0.4166666666666667,0,one_unseen,random_forest,aac_ctd,42
P05626,P38257,0,0.4533333333333333,0,one_unseen,random_forest,aac_ctd,42
P36034,P43639,0,0.3566666666666667,0,one_unseen,random_forest,aac_ctd,42
P06773,P53142,0,0.19,0,one_unseen,random_forest,aac_ctd,42
Q02574,Q05933,0,0.4533333333333333,0,one_unseen,random_forest,aac_ctd,42
P23285,P49435,0,0.41,0,one_unseen,random_forest,aac_ctd,42
P38838,P53552,0,0.47333333333333333,0,one_unseen,random_forest,aac_ctd,42
P35184,Q08109,0,0.48333333333333334,0,one_unseen,random_forest,aac_ctd,42
P23291,P25569,0,0.5733333333333334,1,one_unseen,random_forest,aac_ctd,42
O13530,P50945,0,0.54,1,one_unseen,random_forest,aac_ctd,42
P20050,P53141,0,0.5433333333333333,1,one_unseen,random_forest,aac_ctd,42
P38699,Q04053,0,0.6433333333333333,1,one_unseen,random_forest,aac_ctd,42
Q03661,Q12518,0,0.5466666666666666,1,one_unseen,random_forest,aac_ctd,42
P47052,Q06096,0,0.59,1,one_unseen,random_forest,aac_ctd,42
P00560,Q07458,0,0.6233333333333333,1,one_unseen,random_forest,aac_ctd,42
P06701,P38203,0,0.4266666666666667,0,one_unseen,random_forest,aac_ctd,42
P33334,Q12161,0,0.43333333333333335,0,one_unseen,random_forest,aac_ctd,42
P39994,P46669,0,0.46,0,one_unseen,random_forest,aac_ctd,42
P39715,P40971,0,0.6166666666666667,1,one_unseen,random_forest,aac_ctd,42
P43621,P52910,0,0.5233333333333333,1,one_unseen,random_forest,aac_ctd,42
P40957,P50078,0,0.55,1,one_unseen,random_forest,aac_ctd,42
P07261,Q02776,0,0.42,0,one_unseen,random_forest,aac_ctd,42
P50277,P53344,0,0.37333333333333335,0,one_unseen,random_forest,aac_ctd,42
P50078,P52488,0,0.6233333333333333,1,one_unseen,random_forest,aac_ctd,42
P29703,P41817,0,0.52,1,one_unseen,random_forest,aac_ctd,42
P32501,P32570,0,0.37666666666666665,0,one_unseen,random_forest,aac_ctd,42
P41808,P47167,0,0.6,1,one_unseen,random_forest,aac_ctd,42
P25632,P25656,0,0.51,1,one_unseen,random_forest,aac_ctd,42
P38429,P40350,0,0.44666666666666666,0,one_unseen,random_forest,aac_ctd,42
P32855,P38138,0,0.49666666666666665,0,one_unseen,random_forest,aac_ctd,42
P40518,P43562,0,0.16,0,one_unseen,random_forest,aac_ctd,42
P33891,P47038,0,0.28,0,one_unseen,random_forest,aac_ctd,42
P38351,P43616,0,0.31,0,one_unseen,random_forest,aac_ctd,42
P43574,P50875,0,0.51,1,one_unseen,random_forest,aac_ctd,42
P22517,Q02204,0,0.3933333333333333,0,one_unseen,random_forest,aac_ctd,42
P39678,P47160,0,0.6233333333333333,1,one_unseen,random_forest,aac_ctd,42
P25659,P38957,0,0.53,1,one_unseen,random_forest,aac_ctd,42
P07560,P40456,0,0.5,1,one_unseen,random_forest,aac_ctd,42
P25515,P47027,0,0.36333333333333334,0,one_unseen,random_forest,aac_ctd,42
P27705,P38776,0,0.38333333333333336,0,one_unseen,random_forest,aac_ctd,42
P25651,Q12327,0,0.36,0,one_unseen,random_forest,aac_ctd,42
P07250,Q04697,0,0.5066666666666667,1,one_unseen,random_forest,aac_ctd,42
Q07732,Q12050,0,0.6266666666666667,1,one_unseen,random_forest,aac_ctd,42
P40090,P47011,0,0.49333333333333335,0,one_unseen,random_forest,aac_ctd,42
P25333,P38123,0,0.4,0,one_unseen,random_forest,aac_ctd,42
P25580,P31539,0,0.6266666666666667,1,one_unseen,random_forest,aac_ctd,42
P40341,P53254,0,0.52,1,one_unseen,random_forest,aac_ctd,42
P25376,Q03308,0,0.36333333333333334,0,one_unseen,random_forest,aac_ctd,42
P36130,Q03691,0,0.34,0,one_unseen,random_forest,aac_ctd,42
P53823,Q02908,0,0.4166666666666667,0,one_unseen,random_forest,aac_ctd,42
P22224,P28320,0,0.5266666666666666,1,one_unseen,random_forest,aac_ctd,42
Q02805,Q04368,0,0.5333333333333333,1,one_unseen,random_forest,aac_ctd,42
P43592,Q01159,0,0.5333333333333333,1,one_unseen,random_forest,aac_ctd,42
P39928,Q06217,0,0.6066666666666667,1,one_unseen,random_forest,aac_ctd,42
P32833,P38287,0,0.5366666666666666,1,one_unseen,random_forest,aac_ctd,42
P25453,P29703,0,0.5533333333333333,1,one_unseen,random_forest,aac_ctd,42
P28791,Q08773,0,0.6066666666666667,1,one_unseen,random_forest,aac_ctd,42
P22224,P47821,0,0.49,0,one_unseen,random_forest,aac_ctd,42
Q03103,Q12129,0,0.45666666666666667,0,one_unseen,random_forest,aac_ctd,42
P26755,Q12264,0,0.36333333333333334,0,one_unseen,random_forest,aac_ctd,42
P38723,P39730,0,0.48,0,one_unseen,random_forest,aac_ctd,42
P22202,P40478,0,0.47333333333333333,0,one_unseen,random_forest,aac_ctd,42
P42941,P43682,0,0.39666666666666667,0,one_unseen,random_forest,aac_ctd,42
P12294,P25644,0,0.57,1,one_unseen,random_forest,aac_ctd,42
P38298,Q06142,0,0.21,0,one_unseen,random_forest,aac_ctd,42
P38337,Q12267,0,0.49333333333333335,0,one_unseen,random_forest,aac_ctd,42
P06100,P20484,0,0.4166666666666667,0,one_unseen,random_forest,aac_ctd,42
P07390,P43602,0,0.4633333333333333,0,one_unseen,random_forest,aac_ctd,42
P41817,Q03735,0,0.5166666666666667,1,one_unseen,random_forest,aac_ctd,42
P33399,Q12300,0,0.41,0,one_unseen,random_forest,aac_ctd,42
P29468,Q12082,0,0.38666666666666666,0,one_unseen,random_forest,aac_ctd,42
P38523,P39713,0,0.47333333333333333,0,one_unseen,random_forest,aac_ctd,42
P00854,P30619,0,0.16,0,one_unseen,random_forest,aac_ctd,42
P39706,P47103,0,0.44,0,one_unseen,random_forest,aac_ctd,42
P22213,P43609,0,0.6566666666666666,1,one_unseen,random_forest,aac_ctd,42
P25580,Q05946,0,0.6,1,one_unseen,random_forest,aac_ctd,42
P38968,P53115,0,0.4866666666666667,0,one_unseen,random_forest,aac_ctd,42
P00549,P53181,0,0.26666666666666666,0,one_unseen,random_forest,aac_ctd,42
P53955,Q12050,0,0.66,1,one_unseen,random_forest,aac_ctd,42
P39994,P48568,0,0.44333333333333336,0,one_unseen,random_forest,aac_ctd,42
P32828,Q06449,0,0.5333333333333333,1,one_unseen,random_forest,aac_ctd,42
P38304,Q02630,0,0.38666666666666666,0,one_unseen,random_forest,aac_ctd,42
P07834,Q04110,0,0.5333333333333333,1,one_unseen,random_forest,aac_ctd,42
P28496,Q04673,0,0.3566666666666667,0,one_unseen,random_forest,aac_ctd,42
P22213,P47821,0,0.5,1,one_unseen,random_forest,aac_ctd,42
P40456,P48562,0,0.5,1,one_unseen,random_forest,aac_ctd,42
Q06616,Q08553,0,0.5733333333333334,1,one_unseen,random_forest,aac_ctd,42
P22203,Q06488,0,0.59,1,one_unseen,random_forest,aac_ctd,42
P14922,P47185,0,0.35,0,one_unseen,random_forest,aac_ctd,42
P32559,Q12321,0,0.5466666666666666,1,one_unseen,random_forest,aac_ctd,42
P26754,Q05785,0,0.54,1,one_unseen,random_forest,aac_ctd,42
P40518,Q07986,0,0.36,0,one_unseen,random_forest,aac_ctd,42
P48568,Q02100,0,0.5466666666666666,1,one_unseen,random_forest,aac_ctd,42
P38692,P50105,0,0.64,1,one_unseen,random_forest,aac_ctd,42
P11484,P11978,0,0.6133333333333333,1,one_unseen,random_forest,aac_ctd,42
P53823,Q12341,0,0.47,0,one_unseen,random_forest,aac_ctd,42
P34238,Q08109,0,0.2733333333333333,0,one_unseen,random_forest,aac_ctd,42
P23337,Q08109,0,0.5033333333333333,1,one_unseen,random_forest,aac_ctd,42
P37366,P38319,0,0.5066666666666667,1,one_unseen,random_forest,aac_ctd,42
P38788,Q03661,0,0.4533333333333333,0,one_unseen,random_forest,aac_ctd,42
Q05874,Q12161,0,0.47333333333333333,0,one_unseen,random_forest,aac_ctd,42
P38286,P38874,0,0.39,0,one_unseen,random_forest,aac_ctd,42
P38811,P43562,0,0.4033333333333333,0,one_unseen,random_forest,aac_ctd,42
P38203,Q03935,0,0.4166666666666667,0,one_unseen,random_forest,aac_ctd,42
P47110,Q12264,0,0.30666666666666664,0,one_unseen,random_forest,aac_ctd,42
P38138,P47037,0,0.39666666666666667,0,one_unseen,random_forest,aac_ctd,42
P36161,P48568,0,0.5733333333333334,1,one_unseen,random_forest,aac_ctd,42
P06242,P38781,0,0.49666666666666665,0,one_unseen,random_forest,aac_ctd,42
P10566,P34238,0,0.36666666666666664,0,one_unseen,random_forest,aac_ctd,42
P06844,P32564,0,0.3433333333333333,0,one_unseen,random_forest,aac_ctd,42
P53740,Q08685,0,0.5133333333333333,1,one_unseen,random_forest,aac_ctd,42
P40480,P53115,0,0.5166666666666667,1,one_unseen,random_forest,aac_ctd,42
P38801,Q06639,0,0.5833333333333334,1,one_unseen,random_forest,aac_ctd,42
P32528,P38729,0,0.2966666666666667,0,one_unseen,random_forest,aac_ctd,42
P53551,Q12009,0,0.4766666666666667,0,one_unseen,random_forest,aac_ctd,42
P53259,P53924,0,0.45,0,one_unseen,random_forest,aac_ctd,42
P23833,P53286,0,0.32,0,one_unseen,random_forest,aac_ctd,42
P22140,P33419,0,0.2633333333333333,0,one_unseen,random_forest,aac_ctd,42
P33760,P53171,0,0.31333333333333335,0,one_unseen,random_forest,aac_ctd,42
P53959,Q06216,0,0.5633333333333334,1,one_unseen,random_forest,aac_ctd,42
P42942,P48415,0,0.67,1,one_unseen,random_forest,aac_ctd,42
P05375,P32589,0,0.24666666666666667,0,one_unseen,random_forest,aac_ctd,42
Q08208,Q12300,0,0.36,0,one_unseen,random_forest,aac_ctd,42
P39992,P47134,0,0.5966666666666667,1,one_unseen,random_forest,aac_ctd,42
P38086,P80667,0,0.5366666666666666,1,one_unseen,random_forest,aac_ctd,42
P25299,P33419,0,0.5033333333333333,1,one_unseen,random_forest,aac_ctd,42
P32564,Q04225,0,0.37,0,one_unseen,random_forest,aac_ctd,42
P21957,P49166,0,0.67,1,one_unseen,random_forest,aac_ctd,42
P07703,P48568,0,0.5066666666666667,1,one_unseen,random_forest,aac_ctd,42
P25491,Q12321,0,0.5766666666666667,1,one_unseen,random_forest,aac_ctd,42
P40355,Q04477,0,0.62,1,one_unseen,random_forest,aac_ctd,42
P23585,P42935,0,0.26,0,one_unseen,random_forest,aac_ctd,42
P40356,Q08921,0,0.57,1,one_unseen,random_forest,aac_ctd,42
P07256,Q01560,0,0.5066666666666667,1,one_unseen,random_forest,aac_ctd,42
P38719,P40103,0,0.30333333333333334,0,one_unseen,random_forest,aac_ctd,42
P39563,P46678,0,0.4666666666666667,0,one_unseen,random_forest,aac_ctd,42
P25655,P54837,0,0.25,0,one_unseen,random_forest,aac_ctd,42
O13530,P17891,0,0.44333333333333336,0,one_unseen,random_forest,aac_ctd,42
P32564,P36084,0,0.37,0,one_unseen,random_forest,aac_ctd,42
Q01159,Q04048,0,0.57,1,one_unseen,random_forest,aac_ctd,42
P16892,P38072,0,0.27,0,one_unseen,random_forest,aac_ctd,42
P08456,P52910,0,0.3433333333333333,0,one_unseen,random_forest,aac_ctd,42
P41920,P53750,0,0.43333333333333335,0,one_unseen,random_forest,aac_ctd,42
P38011,P47090,0,0.3433333333333333,0,one_unseen,random_forest,aac_ctd,42
P21304,P48363,0,0.6433333333333333,1,one_unseen,random_forest,aac_ctd,42
P06784,P08539,0,0.4533333333333333,0,one_unseen,random_forest,aac_ctd,42
P32641,P35191,0,0.53,1,one_unseen,random_forest,aac_ctd,42
Q08465,Q12021,0,0.5566666666666666,1,one_unseen,random_forest,aac_ctd,42
P80428,Q04493,0,0.5866666666666667,1,one_unseen,random_forest,aac_ctd,42
P39682,Q03373,0,0.41,0,one_unseen,random_forest,aac_ctd,42
P39685,Q12349,0,0.24666666666666667,0,one_unseen,random_forest,aac_ctd,42
P00445,P41815,0,0.36666666666666664,0,one_unseen,random_forest,aac_ctd,42
P16664,Q04636,0,0.7,1,one_unseen,random_forest,aac_ctd,42
P28795,P53115,0,0.5566666666666666,1,one_unseen,random_forest,aac_ctd,42
P15891,P23285,0,0.36,0,one_unseen,random_forest,aac_ctd,42
P39682,Q7LIF1,0,0.37333333333333335,0,one_unseen,random_forest,aac_ctd,42
P22224,P38695,0,0.26666666666666666,0,one_unseen,random_forest,aac_ctd,42
P53959,Q06151,0,0.65,1,one_unseen,random_forest,aac_ctd,42
P53750,Q06406,0,0.33666666666666667,0,one_unseen,random_forest,aac_ctd,42
P07273,P40529,0,0.4766666666666667,0,one_unseen,random_forest,aac_ctd,42
P02400,Q02775,0,0.49333333333333335,0,one_unseen,random_forest,aac_ctd,42
P53211,Q08193,0,0.4066666666666667,0,one_unseen,random_forest,aac_ctd,42
P32471,P37366,0,0.5933333333333334,1,one_unseen,random_forest,aac_ctd,42
P53049,Q02516,0,0.4533333333333333,0,one_unseen,random_forest,aac_ctd,42
P40956,P40970,0,0.5433333333333333,1,one_unseen,random_forest,aac_ctd,42
Q06091,Q08109,0,0.41333333333333333,0,one_unseen,random_forest,aac_ctd,42
P39101,Q06411,0,0.55,1,one_unseen,random_forest,aac_ctd,42
P38181,P53236,0,0.53,1,one_unseen,random_forest,aac_ctd,42
P07248,P38879,0,0.5766666666666667,1,one_unseen,random_forest,aac_ctd,42
P29703,Q08109,0,0.42333333333333334,0,one_unseen,random_forest,aac_ctd,42
P32558,Q12336,0,0.23,0,one_unseen,random_forest,aac_ctd,42
P35180,P41805,0,0.51,1,one_unseen,random_forest,aac_ctd,42
P11709,P28320,0,0.5466666666666666,1,one_unseen,random_forest,aac_ctd,42
P23285,P32364,0,0.3233333333333333,0,one_unseen,random_forest,aac_ctd,42
P32333,P42945,0,0.5466666666666666,1,one_unseen,random_forest,aac_ctd,42
P07257,P12385,0,0.64,1,one_unseen,random_forest,aac_ctd,42
P25301,Q06449,0,0.5366666666666666,1,one_unseen,random_forest,aac_ctd,42
P26188,P39707,0,0.6133333333333333,1,one_unseen,random_forest,aac_ctd,42
P50104,P52891,0,0.6066666666666667,1,one_unseen,random_forest,aac_ctd,42
P46676,P53061,0,0.4633333333333333,0,one_unseen,random_forest,aac_ctd,42
P19955,P28791,0,0.35333333333333333,0,one_unseen,random_forest,aac_ctd,42
P13185,P47090,0,0.41,0,one_unseen,random_forest,aac_ctd,42
P39720,P41807,0,0.67,1,one_unseen,random_forest,aac_ctd,42
P35172,P36116,0,0.35333333333333333,0,one_unseen,random_forest,aac_ctd,42
P39101,P46677,0,0.5633333333333334,1,one_unseen,random_forest,aac_ctd,42
P32336,P41818,0,0.4633333333333333,0,one_unseen,random_forest,aac_ctd,42
P37302,P53824,0,0.6,1,one_unseen,random_forest,aac_ctd,42
P31382,Q12233,0,0.24,0,one_unseen,random_forest,aac_ctd,42
P22517,P35180,0,0.37666666666666665,0,one_unseen,random_forest,aac_ctd,42
P26449,P53754,0,0.49666666666666665,0,one_unseen,random_forest,aac_ctd,42
P39952,P42945,0,0.51,1,one_unseen,random_forest,aac_ctd,42
P41805,P53973,0,0.4166666666666667,0,one_unseen,random_forest,aac_ctd,42
P28707,P38988,0,0.5366666666666666,1,one_unseen,random_forest,aac_ctd,42
P32570,P39958,0,0.49333333333333335,0,one_unseen,random_forest,aac_ctd,42
P35207,Q12216,0,0.62,1,one_unseen,random_forest,aac_ctd,42
P27705,Q12432,0,0.5166666666666667,1,one_unseen,random_forest,aac_ctd,42
P25376,P39744,0,0.3466666666666667,0,one_unseen,random_forest,aac_ctd,42
P32389,P39551,0,0.48,0,one_unseen,random_forest,aac_ctd,42
P32803,Q06217,0,0.4533333333333333,0,one_unseen,random_forest,aac_ctd,42
P40048,Q12396,0,0.48333333333333334,0,one_unseen,random_forest,aac_ctd,42
P23291,P32790,0,0.54,1,one_unseen,random_forest,aac_ctd,42
P46675,P80428,0,0.6066666666666667,1,one_unseen,random_forest,aac_ctd,42
P40527,Q04636,0,0.4666666666666667,0,one_unseen,random_forest,aac_ctd,42
P11745,P20434,0,0.5633333333333334,1,one_unseen,random_forest,aac_ctd,42
P20484,P53973,0,0.6,1,one_unseen,random_forest,aac_ctd,42
O13297,P46961,0,0.22,0,one_unseen,random_forest,aac_ctd,42
P38881,Q08553,0,0.5433333333333333,1,one_unseen,random_forest,aac_ctd,42
P47038,Q12692,0,0.4633333333333333,0,one_unseen,random_forest,aac_ctd,42
P38696,Q12396,0,0.46,0,one_unseen,random_forest,aac_ctd,42
P25299,Q05900,0,0.5266666666666666,1,one_unseen,random_forest,aac_ctd,42
P38237,Q12464,0,0.7033333333333334,1,one_unseen,random_forest,aac_ctd,42
P21304,P41921,0,0.67,1,one_unseen,random_forest,aac_ctd,42
P39994,P53857,0,0.49666666666666665,0,one_unseen,random_forest,aac_ctd,42
P25293,P31380,0,0.5966666666666667,1,one_unseen,random_forest,aac_ctd,42
P19454,P25453,0,0.5,1,one_unseen,random_forest,aac_ctd,42
P32381,Q08465,0,0.5466666666666666,1,one_unseen,random_forest,aac_ctd,42
P13574,P43569,0,0.55,1,one_unseen,random_forest,aac_ctd,42
P53131,P53540,0,0.5766666666666667,1,one_unseen,random_forest,aac_ctd,42
P46961,Q12223,0,0.18,0,one_unseen,random_forest,aac_ctd,42
P53215,Q12434,0,0.42,0,one_unseen,random_forest,aac_ctd,42
P32264,Q08902,0,0.21666666666666667,0,one_unseen,random_forest,aac_ctd,42
P38842,Q00618,0,0.22333333333333333,0,one_unseen,random_forest,aac_ctd,42
P25342,P38439,0,0.49666666666666665,0,one_unseen,random_forest,aac_ctd,42
P25376,P32588,0,0.38,0,one_unseen,random_forest,aac_ctd,42
P39079,Q08685,0,0.65,1,one_unseen,random_forest,aac_ctd,42
P08638,Q05958,0,0.5733333333333334,1,one_unseen,random_forest,aac_ctd,42
P38872,Q05021,0,0.44666666666666666,0,one_unseen,random_forest,aac_ctd,42
P27895,P38910,0,0.31666666666666665,0,one_unseen,random_forest,aac_ctd,42
Q03750,Q12206,0,0.54,1,one_unseen,random_forest,aac_ctd,42
P53191,Q12443,0,0.42333333333333334,0,one_unseen,random_forest,aac_ctd,42
P38822,P53851,0,0.57,1,one_unseen,random_forest,aac_ctd,42
P40357,P47104,0,0.4033333333333333,0,one_unseen,random_forest,aac_ctd,42
P32790,P53181,0,0.3333333333333333,0,one_unseen,random_forest,aac_ctd,42
P53209,Q12427,0,0.46,0,one_unseen,random_forest,aac_ctd,42
P39735,P43622,0,0.26666666666666666,0,one_unseen,random_forest,aac_ctd,42
P38699,Q06549,0,0.45666666666666667,0,one_unseen,random_forest,aac_ctd,42
P38156,P53081,0,0.38,0,one_unseen,random_forest,aac_ctd,42
P33760,P46954,0,0.48,0,one_unseen,random_forest,aac_ctd,42
P32564,P36024,0,0.45,0,one_unseen,random_forest,aac_ctd,42
P35842,P38727,0,0.4266666666666667,0,one_unseen,random_forest,aac_ctd,42
P17255,Q03280,0,0.4766666666666667,0,one_unseen,random_forest,aac_ctd,42
Q04562,Q12035,0,0.37333333333333335,0,one_unseen,random_forest,aac_ctd,42
P32829,Q04149,0,0.6466666666666666,1,one_unseen,random_forest,aac_ctd,42
P36094,P81450,0,0.38,0,one_unseen,random_forest,aac_ctd,42
P38821,Q04636,0,0.59,1,one_unseen,random_forest,aac_ctd,42
P43621,P53851,0,0.52,1,one_unseen,random_forest,aac_ctd,42
P41817,Q92331,0,0.5233333333333333,1,one_unseen,random_forest,aac_ctd,42
P36009,P40362,0,0.54,1,one_unseen,random_forest,aac_ctd,42
P27614,Q04636,0,0.6,1,one_unseen,random_forest,aac_ctd,42
P33306,P40885,0,0.31333333333333335,0,one_unseen,random_forest,aac_ctd,42
P32588,Q12402,0,0.2833333333333333,0,one_unseen,random_forest,aac_ctd,42
P32803,P53316,0,0.3333333333333333,0,one_unseen,random_forest,aac_ctd,42
P40095,P41543,0,0.39,0,one_unseen,random_forest,aac_ctd,42
P40496,Q01560,0,0.48333333333333334,0,one_unseen,random_forest,aac_ctd,42
P10592,Q03455,0,0.28,0,one_unseen,random_forest,aac_ctd,42
P22082,P47134,0,0.43333333333333335,0,one_unseen,random_forest,aac_ctd,42
P33760,Q99344,0,0.4033333333333333,0,one_unseen,random_forest,aac_ctd,42
Q03920,Q12157,0,0.53,1,one_unseen,random_forest,aac_ctd,42
P25294,P25453,0,0.5566666666666666,1,one_unseen,random_forest,aac_ctd,42
P40060,P40574,0,0.5166666666666667,1,one_unseen,random_forest,aac_ctd,42
Q08562,Q08886,0,0.5866666666666667,1,one_unseen,random_forest,aac_ctd,42
P40496,P53152,0,0.39,0,one_unseen,random_forest,aac_ctd,42
P53824,Q12152,0,0.6066666666666667,1,one_unseen,random_forest,aac_ctd,42
P32598,P53125,0,0.6166666666666667,1,one_unseen,random_forest,aac_ctd,42
P54791,Q07381,0,0.6233333333333333,1,one_unseen,random_forest,aac_ctd,42
P38863,Q03860,0,0.23333333333333334,0,one_unseen,random_forest,aac_ctd,42
P02294,P40960,0,0.48,0,one_unseen,random_forest,aac_ctd,42
P46669,P46672,0,0.5533333333333333,1,one_unseen,random_forest,aac_ctd,42
P40303,P40475,0,0.2733333333333333,0,one_unseen,random_forest,aac_ctd,42
P27895,Q06488,0,0.5633333333333334,1,one_unseen,random_forest,aac_ctd,42
P38700,Q05031,0,0.39,0,one_unseen,random_forest,aac_ctd,42
P36057,P40316,0,0.4066666666666667,0,one_unseen,random_forest,aac_ctd,42
P32859,Q08685,0,0.3566666666666667,0,one_unseen,random_forest,aac_ctd,42
P35193,P53044,0,0.47333333333333333,0,one_unseen,random_forest,aac_ctd,42
P18239,Q03956,0,0.41333333333333333,0,one_unseen,random_forest,aac_ctd,42
P38990,Q02732,0,0.64,1,one_unseen,random_forest,aac_ctd,42
P40020,P53221,0,0.5266666666666666,1,one_unseen,random_forest,aac_ctd,42
P05318,P36009,0,0.5066666666666667,1,one_unseen,random_forest,aac_ctd,42
P07256,Q08601,0,0.53,1,one_unseen,random_forest,aac_ctd,42
Q04603,Q08235,0,0.4866666666666667,0,one_unseen,random_forest,aac_ctd,42
P00560,P43555,0,0.5233333333333333,1,one_unseen,random_forest,aac_ctd,42
P33411,P38163,0,0.5366666666666666,1,one_unseen,random_forest,aac_ctd,42
P46961,P46963,0,0.24,0,one_unseen,random_forest,aac_ctd,42
P25389,P40478,0,0.47333333333333333,0,one_unseen,random_forest,aac_ctd,42
P00358,Q04958,0,0.48,0,one_unseen,random_forest,aac_ctd,42
P49573,Q06675,0,0.48,0,one_unseen,random_forest,aac_ctd,42
P38041,Q12321,0,0.64,1,one_unseen,random_forest,aac_ctd,42
P38759,Q12396,0,0.37,0,one_unseen,random_forest,aac_ctd,42
P53191,Q03263,0,0.21666666666666667,0,one_unseen,random_forest,aac_ctd,42
P43132,Q12513,0,0.42333333333333334,0,one_unseen,random_forest,aac_ctd,42
P40075,P40473,0,0.53,1,one_unseen,random_forest,aac_ctd,42
P32944,P34758,0,0.5766666666666667,1,one_unseen,random_forest,aac_ctd,42
P05030,P47061,0,0.49666666666666665,0,one_unseen,random_forest,aac_ctd,42
P17106,Q12265,0,0.42,0,one_unseen,random_forest,aac_ctd,42
P11484,P47123,0,0.49666666666666665,0,one_unseen,random_forest,aac_ctd,42
P25580,P40164,0,0.6133333333333333,1,one_unseen,random_forest,aac_ctd,42
P25341,P53538,0,0.39666666666666667,0,one_unseen,random_forest,aac_ctd,42
P32803,P38720,0,0.37333333333333335,0,one_unseen,random_forest,aac_ctd,42
P21672,P46669,0,0.5566666666666666,1,one_unseen,random_forest,aac_ctd,42
P47068,Q12349,0,0.33666666666666667,0,one_unseen,random_forest,aac_ctd,42
P25344,P43602,0,0.5466666666666666,1,one_unseen,random_forest,aac_ctd,42
P09457,P50108,0,0.39,0,one_unseen,random_forest,aac_ctd,42
P35180,Q12754,0,0.43,0,one_unseen,random_forest,aac_ctd,42
P06100,Q12495,0,0.5133333333333333,1,one_unseen,random_forest,aac_ctd,42
P32334,Q06697,0,0.43666666666666665,0,one_unseen,random_forest,aac_ctd,42
P22276,P36019,0,0.6566666666666666,1,one_unseen,random_forest,aac_ctd,42
P23585,Q07350,0,0.19333333333333333,0,one_unseen,random_forest,aac_ctd,42
Q03860,Q99176,0,0.2,0,one_unseen,random_forest,aac_ctd,42
P04817,Q04359,0,0.21333333333333335,0,one_unseen,random_forest,aac_ctd,42
Q08886,Q12223,0,0.48333333333333334,0,one_unseen,random_forest,aac_ctd,42
P14291,P38727,0,0.4166666666666667,0,one_unseen,random_forest,aac_ctd,42
P36094,P47115,0,0.41,0,one_unseen,random_forest,aac_ctd,42
P09064,P49334,0,0.54,1,one_unseen,random_forest,aac_ctd,42
P22543,P25453,0,0.6066666666666667,1,one_unseen,random_forest,aac_ctd,42
P29056,Q04359,0,0.45,0,one_unseen,random_forest,aac_ctd,42
P32328,P38826,0,0.5733333333333334,1,one_unseen,random_forest,aac_ctd,42
P32915,P53322,0,0.4633333333333333,0,one_unseen,random_forest,aac_ctd,42
P40362,P53877,0,0.5633333333333334,1,one_unseen,random_forest,aac_ctd,42
P41815,P47017,0,0.3233333333333333,0,one_unseen,random_forest,aac_ctd,42
P32464,P38304,0,0.45666666666666667,0,one_unseen,random_forest,aac_ctd,42
Q08817,Q12464,0,0.67,1,one_unseen,random_forest,aac_ctd,42
P34227,Q12098,0,0.39,0,one_unseen,random_forest,aac_ctd,42
P02994,P40077,0,0.57,1,one_unseen,random_forest,aac_ctd,42
P32478,P40438,0,0.35,0,one_unseen,random_forest,aac_ctd,42
P10363,P41912,0,0.56,1,one_unseen,random_forest,aac_ctd,42
P38811,P42845,0,0.6566666666666666,1,one_unseen,random_forest,aac_ctd,42
P36016,Q08975,0,0.43333333333333335,0,one_unseen,random_forest,aac_ctd,42
P38768,P38957,0,0.5433333333333333,1,one_unseen,random_forest,aac_ctd,42
Q02721,Q12129,0,0.3233333333333333,0,one_unseen,random_forest,aac_ctd,42
P10834,Q04477,0,0.54,1,one_unseen,random_forest,aac_ctd,42
P06242,P35817,0,0.5333333333333333,1,one_unseen,random_forest,aac_ctd,42
P38555,P40014,0,0.53,1,one_unseen,random_forest,aac_ctd,42
P33200,Q12063,0,0.6266666666666667,1,one_unseen,random_forest,aac_ctd,42
P50944,Q06675,0,0.39,0,one_unseen,random_forest,aac_ctd,42
P38789,Q01684,0,0.38333333333333336,0,one_unseen,random_forest,aac_ctd,42
Q05580,Q12102,0,0.59,1,one_unseen,random_forest,aac_ctd,42
P32805,Q12389,0,0.5966666666666667,1,one_unseen,random_forest,aac_ctd,42
Q05785,Q12194,0,0.49,0,one_unseen,random_forest,aac_ctd,42
P40016,Q99278,0,0.5566666666666666,1,one_unseen,random_forest,aac_ctd,42
P08456,P28707,0,0.4,0,one_unseen,random_forest,aac_ctd,42
P33299,P46674,0,0.6433333333333333,1,one_unseen,random_forest,aac_ctd,42
P26798,P53142,0,0.2866666666666667,0,one_unseen,random_forest,aac_ctd,42
P43555,Q06340,0,0.5366666666666666,1,one_unseen,random_forest,aac_ctd,42
P53181,Q12078,0,0.5,1,one_unseen,random_forest,aac_ctd,42
P38700,P38826,0,0.5066666666666667,1,one_unseen,random_forest,aac_ctd,42
P00359,P35189,0,0.48,0,one_unseen,random_forest,aac_ctd,42
P22202,P25648,0,0.38666666666666666,0,one_unseen,random_forest,aac_ctd,42
P39996,P40360,0,0.47,0,one_unseen,random_forest,aac_ctd,42
Q00618,Q08387,0,0.4666666666666667,0,one_unseen,random_forest,aac_ctd,42
P34234,P39550,0,0.24666666666666667,0,one_unseen,random_forest,aac_ctd,42
P41895,Q08956,0,0.5966666666666667,1,one_unseen,random_forest,aac_ctd,42
P53952,Q03774,0,0.5333333333333333,1,one_unseen,random_forest,aac_ctd,42
P20052,P25376,0,0.31666666666666665,0,one_unseen,random_forest,aac_ctd,42
P17505,P39936,0,0.39666666666666667,0,one_unseen,random_forest,aac_ctd,42
P32898,P36520,0,0.5066666666666667,1,one_unseen,random_forest,aac_ctd,42
P42941,P53867,0,0.62,1,one_unseen,random_forest,aac_ctd,42
P21242,Q04958,0,0.5666666666666667,1,one_unseen,random_forest,aac_ctd,42
P38130,P39969,0,0.43666666666666665,0,one_unseen,random_forest,aac_ctd,42
Q04636,Q06440,0,0.5466666666666666,1,one_unseen,random_forest,aac_ctd,42
P16140,Q02795,0,0.32,0,one_unseen,random_forest,aac_ctd,42
P53551,P53740,0,0.43333333333333335,0,one_unseen,random_forest,aac_ctd,42
P38523,Q03784,0,0.43666666666666665,0,one_unseen,random_forest,aac_ctd,42
P22204,Q06675,0,0.49,0,one_unseen,random_forest,aac_ctd,42
P53167,Q07442,0,0.4,0,one_unseen,random_forest,aac_ctd,42
P10961,P38077,0,0.5233333333333333,1,one_unseen,random_forest,aac_ctd,42
P06243,Q12495,0,0.6,1,one_unseen,random_forest,aac_ctd,42
P39552,Q12151,0,0.48333333333333334,0,one_unseen,random_forest,aac_ctd,42
P47025,Q12243,0,0.24333333333333335,0,one_unseen,random_forest,aac_ctd,42
P25635,P38319,0,0.59,1,one_unseen,random_forest,aac_ctd,42
Q04847,Q12100,0,0.63,1,one_unseen,random_forest,aac_ctd,42
P14126,P38111,0,0.6466666666666666,1,one_unseen,random_forest,aac_ctd,42
P39011,P40462,0,0.6033333333333334,1,one_unseen,random_forest,aac_ctd,42
P47822,P53974,0,0.57,1,one_unseen,random_forest,aac_ctd,42
P53142,Q06178,0,0.25,0,one_unseen,random_forest,aac_ctd,42
P38915,Q07993,0,0.4633333333333333,0,one_unseen,random_forest,aac_ctd,42
P02829,P38181,0,0.5366666666666666,1,one_unseen,random_forest,aac_ctd,42
P41895,P47160,0,0.55,1,one_unseen,random_forest,aac_ctd,42
P22579,P38293,0,0.57,1,one_unseen,random_forest,aac_ctd,42
P32602,Q01217,0,0.59,1,one_unseen,random_forest,aac_ctd,42
P25580,Q02821,0,0.6433333333333333,1,one_unseen,random_forest,aac_ctd,42
P22203,P50104,0,0.6366666666666667,1,one_unseen,random_forest,aac_ctd,42
P38697,Q06631,0,0.5533333333333333,1,one_unseen,random_forest,aac_ctd,42
P40325,P53851,0,0.44333333333333336,0,one_unseen,random_forest,aac_ctd,42
P25656,P32788,0,0.48,0,one_unseen,random_forest,aac_ctd,42
P43545,Q03280,0,0.51,1,one_unseen,random_forest,aac_ctd,42
P39962,Q12224,0,0.5566666666666666,1,one_unseen,random_forest,aac_ctd,42
P38766,Q08923,0,0.5566666666666666,1,one_unseen,random_forest,aac_ctd,42
P40453,P53823,0,0.44,0,one_unseen,random_forest,aac_ctd,42
P36124,P47185,0,0.29,0,one_unseen,random_forest,aac_ctd,42
P32908,P40693,0,0.65,1,one_unseen,random_forest,aac_ctd,42
P05626,P46947,0,0.41333333333333333,0,one_unseen,random_forest,aac_ctd,42
Q12035,Q12315,0,0.5333333333333333,1,one_unseen,random_forest,aac_ctd,42
P42941,Q01649,0,0.5566666666666666,1,one_unseen,random_forest,aac_ctd,42
P18238,Q12380,0,0.32666666666666666,0,one_unseen,random_forest,aac_ctd,42
P38742,P38957,0,0.54,1,one_unseen,random_forest,aac_ctd,42
P38991,P53299,0,0.46,0,one_unseen,random_forest,aac_ctd,42
P39101,P41814,0,0.57,1,one_unseen,random_forest,aac_ctd,42
P46673,Q03263,0,0.25666666666666665,0,one_unseen,random_forest,aac_ctd,42
P25346,Q06631,0,0.2866666666666667,0,one_unseen,random_forest,aac_ctd,42
P00359,P07248,0,0.51,1,one_unseen,random_forest,aac_ctd,42
P42942,P53174,0,0.45666666666666667,0,one_unseen,random_forest,aac_ctd,42
Q05998,Q12243,0,0.4533333333333333,0,one_unseen,random_forest,aac_ctd,42
P32486,P40563,0,0.45666666666666667,0,one_unseen,random_forest,aac_ctd,42
P35180,Q04031,0,0.49,0,one_unseen,random_forest,aac_ctd,42
P00359,P46956,0,0.3566666666666667,0,one_unseen,random_forest,aac_ctd,42
P39014,P52960,0,0.5533333333333333,1,one_unseen,random_forest,aac_ctd,42
P06784,P32828,0,0.5,1,one_unseen,random_forest,aac_ctd,42
Q08245,Q12082,0,0.49333333333333335,0,one_unseen,random_forest,aac_ctd,42
P40438,P43638,0,0.5933333333333334,1,one_unseen,random_forest,aac_ctd,42
P32334,P53893,0,0.44,0,one_unseen,random_forest,aac_ctd,42
P38826,Q08162,0,0.6333333333333333,1,one_unseen,random_forest,aac_ctd,42
P32350,P53344,0,0.37,0,one_unseen,random_forest,aac_ctd,42
P07250,P23179,0,0.5233333333333333,1,one_unseen,random_forest,aac_ctd,42
P38886,P53344,0,0.47,0,one_unseen,random_forest,aac_ctd,42
P22209,P38229,0,0.5033333333333333,1,one_unseen,random_forest,aac_ctd,42
P53281,Q08465,0,0.5333333333333333,1,one_unseen,random_forest,aac_ctd,42
P47123,P53685,0,0.46,0,one_unseen,random_forest,aac_ctd,42
P32944,Q05580,0,0.6966666666666667,1,one_unseen,random_forest,aac_ctd,42
P23291,P53277,0,0.53,1,one_unseen,random_forest,aac_ctd,42
P13393,P33892,0,0.5066666666666667,1,one_unseen,random_forest,aac_ctd,42
P15424,P19880,0,0.5933333333333334,1,one_unseen,random_forest,aac_ctd,42
Q02630,Q03406,0,0.5466666666666666,1,one_unseen,random_forest,aac_ctd,42
P53552,Q03435,0,0.4033333333333333,0,one_unseen,random_forest,aac_ctd,42
P36130,P46681,0,0.49666666666666665,0,one_unseen,random_forest,aac_ctd,42
P32447,Q12161,0,0.53,1,one_unseen,random_forest,aac_ctd,42
P11710,P36145,0,0.42333333333333334,0,one_unseen,random_forest,aac_ctd,42
P40554,Q12059,0,0.47,0,one_unseen,random_forest,aac_ctd,42
P08638,Q03012,0,0.61,1,one_unseen,random_forest,aac_ctd,42
P07283,P14291,0,0.54,1,one_unseen,random_forest,aac_ctd,42
P32897,P34758,0,0.4033333333333333,0,one_unseen,random_forest,aac_ctd,42
P39520,Q03862,0,0.4866666666666667,0,one_unseen,random_forest,aac_ctd,42
P46669,Q04002,0,0.56,1,one_unseen,random_forest,aac_ctd,42
P54791,Q04894,0,0.5433333333333333,1,one_unseen,random_forest,aac_ctd,42
Q12285,Q99278,0,0.51,1,one_unseen,random_forest,aac_ctd,42
P38968,P40007,0,0.45,0,one_unseen,random_forest,aac_ctd,42
P53233,Q12452,0,0.37333333333333335,0,one_unseen,random_forest,aac_ctd,42
P20486,P53211,0,0.48333333333333334,0,one_unseen,random_forest,aac_ctd,42
P39112,P40073,0,0.3233333333333333,0,one_unseen,random_forest,aac_ctd,42
P25359,P48581,0,0.5166666666666667,1,one_unseen,random_forest,aac_ctd,42
P38240,Q12100,0,0.23333333333333334,0,one_unseen,random_forest,aac_ctd,42
P00410,Q00578,0,0.23333333333333334,0,one_unseen,random_forest,aac_ctd,42
P40316,P53823,0,0.4633333333333333,0,one_unseen,random_forest,aac_ctd,42
P40352,Q00246,0,0.4766666666666667,0,one_unseen,random_forest,aac_ctd,42
P43682,Q00816,0,0.36333333333333334,0,one_unseen,random_forest,aac_ctd,42
P31377,P32334,0,0.4166666666666667,0,one_unseen,random_forest,aac_ctd,42
P38842,Q12495,0,0.2633333333333333,0,one_unseen,random_forest,aac_ctd,42
P04046,Q08902,0,0.3,0,one_unseen,random_forest,aac_ctd,42
P25389,P40348,0,0.6166666666666667,1,one_unseen,random_forest,aac_ctd,42
P13434,P40462,0,0.48333333333333334,0,one_unseen,random_forest,aac_ctd,42
P08638,Q12256,0,0.44333333333333336,0,one_unseen,random_forest,aac_ctd,42
P40885,Q01454,0,0.26,0,one_unseen,random_forest,aac_ctd,42
P35206,P50874,0,0.28,0,one_unseen,random_forest,aac_ctd,42
P35206,P43616,0,0.3333333333333333,0,one_unseen,random_forest,aac_ctd,42
P07261,Q12250,0,0.6566666666666666,1,one_unseen,random_forest,aac_ctd,42
P07249,P39987,0,0.37,0,one_unseen,random_forest,aac_ctd,42
P46985,P53211,0,0.3433333333333333,0,one_unseen,random_forest,aac_ctd,42
P38193,P40032,0,0.59,1,one_unseen,random_forest,aac_ctd,42
P25341,P36036,0,0.4266666666666667,0,one_unseen,random_forest,aac_ctd,42
P16474,P22579,0,0.49666666666666665,0,one_unseen,random_forest,aac_ctd,42
P35191,Q06679,0,0.5066666666666667,1,one_unseen,random_forest,aac_ctd,42
P41805,Q12262,0,0.42333333333333334,0,one_unseen,random_forest,aac_ctd,42
P22214,P35172,0,0.43666666666666665,0,one_unseen,random_forest,aac_ctd,42
P38203,Q06697,0,0.43666666666666665,0,one_unseen,random_forest,aac_ctd,42
P43638,Q06224,0,0.64,1,one_unseen,random_forest,aac_ctd,42
Q04233,Q12030,0,0.5566666666666666,1,one_unseen,random_forest,aac_ctd,42
P38757,Q12030,0,0.5266666666666666,1,one_unseen,random_forest,aac_ctd,42
P41546,P53116,0,0.4633333333333333,0,one_unseen,random_forest,aac_ctd,42
P32366,P43560,0,0.5966666666666667,1,one_unseen,random_forest,aac_ctd,42
P25453,P33891,0,0.6666666666666666,1,one_unseen,random_forest,aac_ctd,42
Q12030,Q99189,0,0.5033333333333333,1,one_unseen,random_forest,aac_ctd,42
P53070,Q12098,0,0.5633333333333334,1,one_unseen,random_forest,aac_ctd,42
P39009,P53824,0,0.6166666666666667,1,one_unseen,random_forest,aac_ctd,42
P40187,Q03785,0,0.5566666666666666,1,one_unseen,random_forest,aac_ctd,42
P02309,P47185,0,0.35333333333333333,0,one_unseen,random_forest,aac_ctd,42
P48568,Q92316,0,0.30333333333333334,0,one_unseen,random_forest,aac_ctd,42
P22209,P38877,0,0.45666666666666667,0,one_unseen,random_forest,aac_ctd,42
P24813,P38304,0,0.5,1,one_unseen,random_forest,aac_ctd,42
P06774,Q12055,0,0.5166666666666667,1,one_unseen,random_forest,aac_ctd,42
P53389,Q03323,0,0.3333333333333333,0,one_unseen,random_forest,aac_ctd,42
P03965,P38085,0,0.41333333333333333,0,one_unseen,random_forest,aac_ctd,42
P13259,P50874,0,0.38666666666666666,0,one_unseen,random_forest,aac_ctd,42
P80428,Q02767,0,0.5766666666666667,1,one_unseen,random_forest,aac_ctd,42
P40303,P47171,0,0.52,1,one_unseen,random_forest,aac_ctd,42
P21651,P22213,0,0.55,1,one_unseen,random_forest,aac_ctd,42
P43569,Q03465,0,0.59,1,one_unseen,random_forest,aac_ctd,42
P33759,Q12265,0,0.4766666666666667,0,one_unseen,random_forest,aac_ctd,42
P53181,Q08951,0,0.3566666666666667,0,one_unseen,random_forest,aac_ctd,42
P07276,P23642,0,0.5533333333333333,1,one_unseen,random_forest,aac_ctd,42
P40073,P53886,0,0.49,0,one_unseen,random_forest,aac_ctd,42
P12383,P53044,0,0.46,0,one_unseen,random_forest,aac_ctd,42
P07250,Q12152,0,0.5166666666666667,1,one_unseen,random_forest,aac_ctd,42
P33335,Q08558,0,0.37333333333333335,0,one_unseen,random_forest,aac_ctd,42
P36144,P38319,0,0.5533333333333333,1,one_unseen,random_forest,aac_ctd,42
P22224,P43562,0,0.28,0,one_unseen,random_forest,aac_ctd,42
P00445,P32803,0,0.43,0,one_unseen,random_forest,aac_ctd,42
P48566,P53851,0,0.61,1,one_unseen,random_forest,aac_ctd,42
P48234,P53867,0,0.49,0,one_unseen,random_forest,aac_ctd,42
P30606,P40103,0,0.31,0,one_unseen,random_forest,aac_ctd,42
P05626,P38820,0,0.5066666666666667,1,one_unseen,random_forest,aac_ctd,42
P36010,P53616,0,0.37666666666666665,0,one_unseen,random_forest,aac_ctd,42
P40075,P40341,0,0.5366666666666666,1,one_unseen,random_forest,aac_ctd,42
P14906,Q12118,0,0.63,1,one_unseen,random_forest,aac_ctd,42
Q04636,Q12341,0,0.5466666666666666,1,one_unseen,random_forest,aac_ctd,42
P40512,P53212,0,0.5333333333333333,1,one_unseen,random_forest,aac_ctd,42
P25341,P53108,0,0.39666666666666667,0,one_unseen,random_forest,aac_ctd,42
P24867,P53131,0,0.51,1,one_unseen,random_forest,aac_ctd,42
P53061,Q12452,0,0.4766666666666667,0,one_unseen,random_forest,aac_ctd,42
P18238,P39984,0,0.43666666666666665,0,one_unseen,random_forest,aac_ctd,42
P11154,P54791,0,0.6466666666666666,1,one_unseen,random_forest,aac_ctd,42
P53211,Q12174,0,0.4666666666666667,0,one_unseen,random_forest,aac_ctd,42
P38863,P38968,0,0.53,1,one_unseen,random_forest,aac_ctd,42
P35177,P53823,0,0.4533333333333333,0,one_unseen,random_forest,aac_ctd,42
P25453,Q07657,0,0.5666666666666667,1,one_unseen,random_forest,aac_ctd,42
P38304,Q06200,0,0.4633333333333333,0,one_unseen,random_forest,aac_ctd,42
P07149,P43621,0,0.49333333333333335,0,one_unseen,random_forest,aac_ctd,42
P25293,Q04307,0,0.4166666666666667,0,one_unseen,random_forest,aac_ctd,42
P32387,Q04368,0,0.45666666666666667,0,one_unseen,random_forest,aac_ctd,42
P09938,P53857,0,0.65,1,one_unseen,random_forest,aac_ctd,42
P33303,P53316,0,0.48,0,one_unseen,random_forest,aac_ctd,42
P10834,Q08119,0,0.45666666666666667,0,one_unseen,random_forest,aac_ctd,42
P17536,Q12083,0,0.57,1,one_unseen,random_forest,aac_ctd,42
P23594,P39685,0,0.54,1,one_unseen,random_forest,aac_ctd,42
P33421,P38821,0,0.36666666666666664,0,one_unseen,random_forest,aac_ctd,42
P38759,Q03280,0,0.5233333333333333,1,one_unseen,random_forest,aac_ctd,42
P04817,P42884,0,0.2966666666666667,0,one_unseen,random_forest,aac_ctd,42
P32605,P46964,0,0.3233333333333333,0,one_unseen,random_forest,aac_ctd,42
P43596,Q12055,0,0.5033333333333333,1,one_unseen,random_forest,aac_ctd,42
P36120,P53267,0,0.5966666666666667,1,one_unseen,random_forest,aac_ctd,42
P38149,P50874,0,0.59,1,one_unseen,random_forest,aac_ctd,42
P32453,Q12168,0,0.4066666666666667,0,one_unseen,random_forest,aac_ctd,42
P25046,P25604,0,0.49666666666666665,0,one_unseen,random_forest,aac_ctd,42
P22579,P43568,0,0.62,1,one_unseen,random_forest,aac_ctd,42
P10961,P38720,0,0.53,1,one_unseen,random_forest,aac_ctd,42
P39987,P40453,0,0.51,1,one_unseen,random_forest,aac_ctd,42
P40013,Q12443,0,0.4666666666666667,0,one_unseen,random_forest,aac_ctd,42
P27895,P39547,0,0.36333333333333334,0,one_unseen,random_forest,aac_ctd,42
P25293,P53272,0,0.43,0,one_unseen,random_forest,aac_ctd,42
P11972,P39928,0,0.4533333333333333,0,one_unseen,random_forest,aac_ctd,42
P16151,P33311,0,0.25333333333333335,0,one_unseen,random_forest,aac_ctd,42
P36084,P39935,0,0.5333333333333333,1,one_unseen,random_forest,aac_ctd,42
P30657,P32368,0,0.5266666666666666,1,one_unseen,random_forest,aac_ctd,42
P11710,P26343,0,0.38666666666666666,0,one_unseen,random_forest,aac_ctd,42
P33892,Q12216,0,0.5366666666666666,1,one_unseen,random_forest,aac_ctd,42
P05318,P38910,0,0.53,1,one_unseen,random_forest,aac_ctd,42
P47011,Q12071,0,0.55,1,one_unseen,random_forest,aac_ctd,42
P32334,P42846,0,0.4033333333333333,0,one_unseen,random_forest,aac_ctd,42
P33297,Q08902,0,0.25333333333333335,0,one_unseen,random_forest,aac_ctd,42
P18238,P47090,0,0.35333333333333333,0,one_unseen,random_forest,aac_ctd,42
P38931,P40479,0,0.5166666666666667,1,one_unseen,random_forest,aac_ctd,42
P25371,P48568,0,0.48333333333333334,0,one_unseen,random_forest,aac_ctd,42
P10834,P32589,0,0.5066666666666667,1,one_unseen,random_forest,aac_ctd,42
P18239,Q06479,0,0.4,0,one_unseen,random_forest,aac_ctd,42
P19657,P48568,0,0.43333333333333335,0,one_unseen,random_forest,aac_ctd,42
P38822,P54791,0,0.6333333333333333,1,one_unseen,random_forest,aac_ctd,42
P23285,P31383,0,0.45,0,one_unseen,random_forest,aac_ctd,42
Q06549,Q08465,0,0.4866666666666667,0,one_unseen,random_forest,aac_ctd,42
P33760,P53253,0,0.43333333333333335,0,one_unseen,random_forest,aac_ctd,42
P36520,P40518,0,0.5166666666666667,1,one_unseen,random_forest,aac_ctd,42
P32787,Q12124,0,0.44333333333333336,0,one_unseen,random_forest,aac_ctd,42
P32528,P40438,0,0.5666666666666667,1,one_unseen,random_forest,aac_ctd,42
P38257,P39996,0,0.5366666666666666,1,one_unseen,random_forest,aac_ctd,42
P12294,P38302,0,0.6133333333333333,1,one_unseen,random_forest,aac_ctd,42
P36130,Q04935,0,0.5566666666666666,1,one_unseen,random_forest,aac_ctd,42
P38627,P38781,0,0.48,0,one_unseen,random_forest,aac_ctd,42
P53847,Q06631,0,0.5433333333333333,1,one_unseen,random_forest,aac_ctd,42
P08638,P32573,0,0.63,1,one_unseen,random_forest,aac_ctd,42
P81450,Q06339,0,0.30333333333333334,0,one_unseen,random_forest,aac_ctd,42
P02294,P40563,0,0.43,0,one_unseen,random_forest,aac_ctd,42
P23255,P38717,0,0.5033333333333333,1,one_unseen,random_forest,aac_ctd,42
P14742,P39996,0,0.54,1,one_unseen,random_forest,aac_ctd,42
P40090,Q05785,0,0.5533333333333333,1,one_unseen,random_forest,aac_ctd,42
P18962,P25632,0,0.56,1,one_unseen,random_forest,aac_ctd,42
P23291,Q04062,0,0.5666666666666667,1,one_unseen,random_forest,aac_ctd,42
P38826,P41544,0,0.21,0,one_unseen,random_forest,aac_ctd,42
P16151,P38932,0,0.32,0,one_unseen,random_forest,aac_ctd,42
P14680,P53735,0,0.5166666666666667,1,one_unseen,random_forest,aac_ctd,42
Q02892,Q03323,0,0.5266666666666666,1,one_unseen,random_forest,aac_ctd,42
P22007,P37838,0,0.4766666666666667,0,one_unseen,random_forest,aac_ctd,42
P53269,Q06160,0,0.26,0,one_unseen,random_forest,aac_ctd,42
P04386,Q12082,0,0.3933333333333333,0,one_unseen,random_forest,aac_ctd,42
P53750,Q06449,0,0.4066666666666667,0,one_unseen,random_forest,aac_ctd,42
P30619,P53039,0,0.18,0,one_unseen,random_forest,aac_ctd,42
P07278,Q12464,0,0.51,1,one_unseen,random_forest,aac_ctd,42
P09119,Q03406,0,0.5833333333333334,1,one_unseen,random_forest,aac_ctd,42
P22202,P47053,0,0.56,1,one_unseen,random_forest,aac_ctd,42
P09457,Q06551,0,0.38,0,one_unseen,random_forest,aac_ctd,42
P35206,P40518,0,0.31666666666666665,0,one_unseen,random_forest,aac_ctd,42
P25644,P40014,0,0.5566666666666666,1,one_unseen,random_forest,aac_ctd,42
P46677,P53344,0,0.44666666666666666,0,one_unseen,random_forest,aac_ctd,42
P51601,Q12300,0,0.43333333333333335,0,one_unseen,random_forest,aac_ctd,42
Q04930,Q08685,0,0.5666666666666667,1,one_unseen,random_forest,aac_ctd,42
P21242,P47185,0,0.21333333333333335,0,one_unseen,random_forest,aac_ctd,42
P29295,Q12035,0,0.5666666666666667,1,one_unseen,random_forest,aac_ctd,42
P05375,P53145,0,0.35,0,one_unseen,random_forest,aac_ctd,42
P22140,P80428,0,0.17,0,one_unseen,random_forest,aac_ctd,42
P46671,Q05900,0,0.54,1,one_unseen,random_forest,aac_ctd,42
P07834,P53954,0,0.44,0,one_unseen,random_forest,aac_ctd,42
P19454,P23585,0,0.19333333333333333,0,one_unseen,random_forest,aac_ctd,42
P53952,Q05949,0,0.44333333333333336,0,one_unseen,random_forest,aac_ctd,42
P32803,P53905,0,0.57,1,one_unseen,random_forest,aac_ctd,42
P41817,Q06708,0,0.6066666666666667,1,one_unseen,random_forest,aac_ctd,42
P21538,Q08963,0,0.5733333333333334,1,one_unseen,random_forest,aac_ctd,42
P25045,P53299,0,0.44,0,one_unseen,random_forest,aac_ctd,42
P25584,P40513,0,0.35333333333333333,0,one_unseen,random_forest,aac_ctd,42
P32902,P36094,0,0.49333333333333335,0,one_unseen,random_forest,aac_ctd,42
Q05933,Q12224,0,0.47333333333333333,0,one_unseen,random_forest,aac_ctd,42
P24384,Q12055,0,0.5666666666666667,1,one_unseen,random_forest,aac_ctd,42
P33767,P40574,0,0.49666666666666665,0,one_unseen,random_forest,aac_ctd,42
P38911,P53685,0,0.49333333333333335,0,one_unseen,random_forest,aac_ctd,42
P05318,P52960,0,0.5466666666666666,1,one_unseen,random_forest,aac_ctd,42
P32479,Q12335,0,0.30666666666666664,0,one_unseen,random_forest,aac_ctd,42
P46676,P50090,0,0.4766666666666667,0,one_unseen,random_forest,aac_ctd,42
P23291,Q12241,0,0.5833333333333334,1,one_unseen,random_forest,aac_ctd,42
P25341,P39550,0,0.2633333333333333,0,one_unseen,random_forest,aac_ctd,42
P36016,Q08096,0,0.38,0,one_unseen,random_forest,aac_ctd,42
P18900,P30619,0,0.44,0,one_unseen,random_forest,aac_ctd,42
P38705,Q03940,0,0.5833333333333334,1,one_unseen,random_forest,aac_ctd,42
Q07921,Q12082,0,0.39666666666666667,0,one_unseen,random_forest,aac_ctd,42
P39705,Q12161,0,0.44,0,one_unseen,random_forest,aac_ctd,42
P38962,Q08491,0,0.25,0,one_unseen,random_forest,aac_ctd,42
P25847,P32602,0,0.6633333333333333,1,one_unseen,random_forest,aac_ctd,42
P36057,P53628,0,0.38333333333333336,0,one_unseen,random_forest,aac_ctd,42
P53142,Q06639,0,0.25,0,one_unseen,random_forest,aac_ctd,42
P50105,P53261,0,0.42333333333333334,0,one_unseen,random_forest,aac_ctd,42
P25555,P53167,0,0.5466666666666666,1,one_unseen,random_forest,aac_ctd,42
P33313,P53096,0,0.5366666666666666,1,one_unseen,random_forest,aac_ctd,42
P23642,P35206,0,0.29333333333333333,0,one_unseen,random_forest,aac_ctd,42
P32366,P47042,0,0.52,1,one_unseen,random_forest,aac_ctd,42
P43555,Q12328,0,0.38,0,one_unseen,random_forest,aac_ctd,42
P32836,Q06137,0,0.5966666666666667,1,one_unseen,random_forest,aac_ctd,42
P32939,P35191,0,0.5933333333333334,1,one_unseen,random_forest,aac_ctd,42
P25298,P35191,0,0.4666666666666667,0,one_unseen,random_forest,aac_ctd,42
P52553,P53181,0,0.43,0,one_unseen,random_forest,aac_ctd,42
P38962,P53829,0,0.36,0,one_unseen,random_forest,aac_ctd,42
P11710,P40555,0,0.4633333333333333,0,one_unseen,random_forest,aac_ctd,42
P05986,P53735,0,0.44,0,one_unseen,random_forest,aac_ctd,42
P17442,P23833,0,0.36666666666666664,0,one_unseen,random_forest,aac_ctd,42
P12683,Q12243,0,0.3333333333333333,0,one_unseen,random_forest,aac_ctd,42
P38910,P40362,0,0.43666666666666665,0,one_unseen,random_forest,aac_ctd,42
P37370,P39987,0,0.4666666666666667,0,one_unseen,random_forest,aac_ctd,42
Q03071,Q12050,0,0.7,1,one_unseen,random_forest,aac_ctd,42
P38270,P39704,0,0.33666666666666667,0,one_unseen,random_forest,aac_ctd,42
P32364,P43621,0,0.56,1,one_unseen,random_forest,aac_ctd,42
P40885,P48837,0,0.44,0,one_unseen,random_forest,aac_ctd,42
P26343,P43565,0,0.43666666666666665,0,one_unseen,random_forest,aac_ctd,42
P23641,P40960,0,0.2866666666666667,0,one_unseen,random_forest,aac_ctd,42
P26570,P53211,0,0.5133333333333333,1,one_unseen,random_forest,aac_ctd,42
Q03702,Q04958,0,0.4633333333333333,0,one_unseen,random_forest,aac_ctd,42
P38827,Q06819,0,0.46,0,one_unseen,random_forest,aac_ctd,42
P40094,P40960,0,0.5666666666666667,1,one_unseen,random_forest,aac_ctd,42
P32898,P47166,0,0.5333333333333333,1,one_unseen,random_forest,aac_ctd,42
P06839,P25376,0,0.32666666666666666,0,one_unseen,random_forest,aac_ctd,42
P14064,P53181,0,0.33666666666666667,0,one_unseen,random_forest,aac_ctd,42
P13663,P53851,0,0.48,0,one_unseen,random_forest,aac_ctd,42
Q00873,Q06604,0,0.49666666666666665,0,one_unseen,random_forest,aac_ctd,42
P32494,P42884,0,0.51,1,one_unseen,random_forest,aac_ctd,42
P40066,P40496,0,0.36666666666666664,0,one_unseen,random_forest,aac_ctd,42
P20434,P34217,0,0.58,1,one_unseen,random_forest,aac_ctd,42
P47050,Q01159,0,0.5033333333333333,1,one_unseen,random_forest,aac_ctd,42
P14906,Q99299,0,0.6,1,one_unseen,random_forest,aac_ctd,42
P23394,P36520,0,0.5133333333333333,1,one_unseen,random_forest,aac_ctd,42
P09457,P22515,0,0.4266666666666667,0,one_unseen,random_forest,aac_ctd,42
P38992,P40515,0,0.3466666666666667,0,one_unseen,random_forest,aac_ctd,42
P23059,Q08683,0,0.43333333333333335,0,one_unseen,random_forest,aac_ctd,42
P23561,P53959,0,0.66,1,one_unseen,random_forest,aac_ctd,42
P35191,P36139,0,0.45666666666666667,0,one_unseen,random_forest,aac_ctd,42
P50105,Q06708,0,0.6566666666666666,1,one_unseen,random_forest,aac_ctd,42
P22214,Q12505,0,0.44333333333333336,0,one_unseen,random_forest,aac_ctd,42
Q04089,Q12100,0,0.61,1,one_unseen,random_forest,aac_ctd,42
P07273,P28743,0,0.51,1,one_unseen,random_forest,aac_ctd,42
P21304,P32504,0,0.6466666666666666,1,one_unseen,random_forest,aac_ctd,42
P22035,P33338,0,0.5766666666666667,1,one_unseen,random_forest,aac_ctd,42
P36116,P46674,0,0.45666666666666667,0,one_unseen,random_forest,aac_ctd,42
P38627,P38907,0,0.5033333333333333,1,one_unseen,random_forest,aac_ctd,42
P23641,P32528,0,0.31333333333333335,0,one_unseen,random_forest,aac_ctd,42
P11710,P38877,0,0.38666666666666666,0,one_unseen,random_forest,aac_ctd,42
P50874,P53859,0,0.5666666666666667,1,one_unseen,random_forest,aac_ctd,42
P18888,P32479,0,0.52,1,one_unseen,random_forest,aac_ctd,42
P53552,Q04225,0,0.51,1,one_unseen,random_forest,aac_ctd,42
P43574,Q03834,0,0.6233333333333333,1,one_unseen,random_forest,aac_ctd,42
P32494,P47185,0,0.20666666666666667,0,one_unseen,random_forest,aac_ctd,42
Q03697,Q06137,0,0.22666666666666666,0,one_unseen,random_forest,aac_ctd,42
P29496,P32479,0,0.5366666666666666,1,one_unseen,random_forest,aac_ctd,42
P38708,P53096,0,0.5633333333333334,1,one_unseen,random_forest,aac_ctd,42
P22543,Q06339,0,0.5966666666666667,1,one_unseen,random_forest,aac_ctd,42
P16370,P38805,0,0.5233333333333333,1,one_unseen,random_forest,aac_ctd,42
P35177,Q00245,0,0.49666666666666665,0,one_unseen,random_forest,aac_ctd,42
P53147,Q00578,0,0.47,0,one_unseen,random_forest,aac_ctd,42
P14908,P23394,0,0.59,1,one_unseen,random_forest,aac_ctd,42
P32523,P32833,0,0.61,1,one_unseen,random_forest,aac_ctd,42
P07276,P25655,0,0.5166666666666667,1,one_unseen,random_forest,aac_ctd,42
P10961,P21242,0,0.56,1,one_unseen,random_forest,aac_ctd,42
P32939,Q12161,0,0.5,1,one_unseen,random_forest,aac_ctd,42
P32803,P48837,0,0.38666666666666666,0,one_unseen,random_forest,aac_ctd,42
P25655,P38877,0,0.48,0,one_unseen,random_forest,aac_ctd,42
P27705,Q00873,0,0.49333333333333335,0,one_unseen,random_forest,aac_ctd,42
P16892,P40090,0,0.55,1,one_unseen,random_forest,aac_ctd,42
O14455,Q07921,0,0.36666666666666664,0,one_unseen,random_forest,aac_ctd,42
P40352,Q06648,0,0.58,1,one_unseen,random_forest,aac_ctd,42
P32366,P42942,0,0.6133333333333333,1,one_unseen,random_forest,aac_ctd,42
P32610,P40456,0,0.6466666666666666,1,one_unseen,random_forest,aac_ctd,42
P53150,Q02776,0,0.48,0,one_unseen,random_forest,aac_ctd,42
P23968,Q03435,0,0.31666666666666665,0,one_unseen,random_forest,aac_ctd,42
Q06490,Q08902,0,0.31,0,one_unseen,random_forest,aac_ctd,42
P23585,Q12301,0,0.41333333333333333,0,one_unseen,random_forest,aac_ctd,42
P25644,P80428,0,0.6466666666666666,1,one_unseen,random_forest,aac_ctd,42
P20133,P32829,0,0.56,1,one_unseen,random_forest,aac_ctd,42
P07560,P38723,0,0.29,0,one_unseen,random_forest,aac_ctd,42
P20676,P53267,0,0.43333333333333335,0,one_unseen,random_forest,aac_ctd,42
P22138,P41920,0,0.55,1,one_unseen,random_forest,aac_ctd,42
P26754,Q08235,0,0.61,1,one_unseen,random_forest,aac_ctd,42
P38902,P54885,0,0.4866666666666667,0,one_unseen,random_forest,aac_ctd,42
P43562,P53236,0,0.33,0,one_unseen,random_forest,aac_ctd,42
P13099,Q04978,0,0.53,1,one_unseen,random_forest,aac_ctd,42
P00330,P53857,0,0.5766666666666667,1,one_unseen,random_forest,aac_ctd,42
P27692,Q06651,0,0.49333333333333335,0,one_unseen,random_forest,aac_ctd,42
P53184,Q12396,0,0.41333333333333333,0,one_unseen,random_forest,aac_ctd,42
P38690,P46674,0,0.54,1,one_unseen,random_forest,aac_ctd,42
P39682,Q04089,0,0.5933333333333334,1,one_unseen,random_forest,aac_ctd,42
P32634,P39101,0,0.47,0,one_unseen,random_forest,aac_ctd,42
P39734,P40303,0,0.51,1,one_unseen,random_forest,aac_ctd,42
Q03148,Q05900,0,0.47333333333333333,0,one_unseen,random_forest,aac_ctd,42
P40356,Q04195,0,0.52,1,one_unseen,random_forest,aac_ctd,42
Q03944,Q06675,0,0.5266666666666666,1,one_unseen,random_forest,aac_ctd,42
P53115,Q00539,0,0.5466666666666666,1,one_unseen,random_forest,aac_ctd,42
P35178,P46956,0,0.43666666666666665,0,one_unseen,random_forest,aac_ctd,42
P39550,Q06819,0,0.36,0,one_unseen,random_forest,aac_ctd,42
P38149,P38699,0,0.5733333333333334,1,one_unseen,random_forest,aac_ctd,42
P38860,P40482,0,0.6366666666666667,1,one_unseen,random_forest,aac_ctd,42
P43638,P49334,0,0.5433333333333333,1,one_unseen,random_forest,aac_ctd,42
P32499,Q04958,0,0.43666666666666665,0,one_unseen,random_forest,aac_ctd,42
P04912,Q12396,0,0.33,0,one_unseen,random_forest,aac_ctd,42
P40064,P53877,0,0.6133333333333333,1,one_unseen,random_forest,aac_ctd,42
P00931,Q12035,0,0.5066666666666667,1,one_unseen,random_forest,aac_ctd,42
P53735,Q06406,0,0.36,0,one_unseen,random_forest,aac_ctd,42
P12294,P36062,0,0.5,1,one_unseen,random_forest,aac_ctd,42
P53959,Q12045,0,0.5933333333333334,1,one_unseen,random_forest,aac_ctd,42
P07251,P32570,0,0.38666666666666666,0,one_unseen,random_forest,aac_ctd,42
P32805,P53865,0,0.6366666666666667,1,one_unseen,random_forest,aac_ctd,42
P25376,P53622,0,0.38333333333333336,0,one_unseen,random_forest,aac_ctd,42
P21957,Q12142,0,0.5233333333333333,1,one_unseen,random_forest,aac_ctd,42
P39730,P46676,0,0.5666666666666667,1,one_unseen,random_forest,aac_ctd,42
P39101,P40087,0,0.4866666666666667,0,one_unseen,random_forest,aac_ctd,42
P09440,Q12495,0,0.5533333333333333,1,one_unseen,random_forest,aac_ctd,42
P14164,Q99278,0,0.6033333333333334,1,one_unseen,random_forest,aac_ctd,42
P15938,P32803,0,0.33,0,one_unseen,random_forest,aac_ctd,42
P38720,P50078,0,0.5866666666666667,1,one_unseen,random_forest,aac_ctd,42
P35178,Q02516,0,0.5666666666666667,1,one_unseen,random_forest,aac_ctd,42
P32634,P33303,0,0.49666666666666665,0,one_unseen,random_forest,aac_ctd,42
P54837,Q03048,0,0.41,0,one_unseen,random_forest,aac_ctd,42
P47134,Q08214,0,0.5633333333333334,1,one_unseen,random_forest,aac_ctd,42
P23585,P33420,0,0.25333333333333335,0,one_unseen,random_forest,aac_ctd,42
P04786,P39960,0,0.48333333333333334,0,one_unseen,random_forest,aac_ctd,42
P12294,P20436,0,0.5333333333333333,1,one_unseen,random_forest,aac_ctd,42
P06777,Q00362,0,0.62,1,one_unseen,random_forest,aac_ctd,42
P51534,Q03280,0,0.58,1,one_unseen,random_forest,aac_ctd,42
P39987,Q03690,0,0.6166666666666667,1,one_unseen,random_forest,aac_ctd,42
P39717,Q01852,0,0.5133333333333333,1,one_unseen,random_forest,aac_ctd,42
P40087,P53857,0,0.6033333333333334,1,one_unseen,random_forest,aac_ctd,42
P21304,Q06676,0,0.14666666666666667,0,one_unseen,random_forest,aac_ctd,42
P12868,P35191,0,0.5133333333333333,1,one_unseen,random_forest,aac_ctd,42
P05626,P51601,0,0.4533333333333333,0,one_unseen,random_forest,aac_ctd,42
P07272,P40007,0,0.4,0,one_unseen,random_forest,aac_ctd,42
P18962,P38630,0,0.6066666666666667,1,one_unseen,random_forest,aac_ctd,42
P10964,P18238,0,0.4766666666666667,0,one_unseen,random_forest,aac_ctd,42
P23776,P53290,0,0.5466666666666666,1,one_unseen,random_forest,aac_ctd,42
P25045,P80667,0,0.5066666666666667,1,one_unseen,random_forest,aac_ctd,42
P39678,P40517,0,0.6133333333333333,1,one_unseen,random_forest,aac_ctd,42
P25655,P38702,0,0.42333333333333334,0,one_unseen,random_forest,aac_ctd,42
P40352,Q12255,0,0.4666666666666667,0,one_unseen,random_forest,aac_ctd,42
P00431,P50105,0,0.5233333333333333,1,one_unseen,random_forest,aac_ctd,42
P07703,P53552,0,0.6066666666666667,1,one_unseen,random_forest,aac_ctd,42
P12294,P38204,0,0.52,1,one_unseen,random_forest,aac_ctd,42
P40518,Q02336,0,0.5133333333333333,1,one_unseen,random_forest,aac_ctd,42
P38953,Q08601,0,0.5333333333333333,1,one_unseen,random_forest,aac_ctd,42
P19880,P40455,0,0.52,1,one_unseen,random_forest,aac_ctd,42
P21339,Q08550,0,0.53,1,one_unseen,random_forest,aac_ctd,42
P33338,P54862,0,0.19,0,one_unseen,random_forest,aac_ctd,42
P39875,P39935,0,0.5166666666666667,1,one_unseen,random_forest,aac_ctd,42
P40014,Q07622,0,0.55,1,one_unseen,random_forest,aac_ctd,42
P89105,Q06169,0,0.5133333333333333,1,one_unseen,random_forest,aac_ctd,42
P40060,Q08109,0,0.4766666666666667,0,one_unseen,random_forest,aac_ctd,42
P53142,Q12527,0,0.2,0,one_unseen,random_forest,aac_ctd,42
P33301,Q06651,0,0.44333333333333336,0,one_unseen,random_forest,aac_ctd,42
P32499,P38727,0,0.45,0,one_unseen,random_forest,aac_ctd,42
P22202,Q02608,0,0.37,0,one_unseen,random_forest,aac_ctd,42
P08518,P28007,0,0.4866666666666667,0,one_unseen,random_forest,aac_ctd,42
Q05998,Q08601,0,0.33,0,one_unseen,random_forest,aac_ctd,42
P38826,Q04491,0,0.5166666666666667,1,one_unseen,random_forest,aac_ctd,42
P43603,P53181,0,0.42,0,one_unseen,random_forest,aac_ctd,42
P47052,Q12402,0,0.3333333333333333,0,one_unseen,random_forest,aac_ctd,42
P47165,Q12161,0,0.38666666666666666,0,one_unseen,random_forest,aac_ctd,42
P38879,P39534,0,0.44666666666666666,0,one_unseen,random_forest,aac_ctd,42
P38348,P40352,0,0.6533333333333333,1,one_unseen,random_forest,aac_ctd,42
P23287,P38699,0,0.6366666666666667,1,one_unseen,random_forest,aac_ctd,42
Q03213,Q05580,0,0.5366666666666666,1,one_unseen,random_forest,aac_ctd,42
P21304,P38204,0,0.56,1,one_unseen,random_forest,aac_ctd,42
P33421,P43560,0,0.4033333333333333,0,one_unseen,random_forest,aac_ctd,42
P36130,Q12349,0,0.28,0,one_unseen,random_forest,aac_ctd,42
P38960,P47083,0,0.4766666666666667,0,one_unseen,random_forest,aac_ctd,42
P52891,Q04673,0,0.58,1,one_unseen,random_forest,aac_ctd,42
P38194,Q06675,0,0.5133333333333333,1,one_unseen,random_forest,aac_ctd,42
P14737,Q12216,0,0.56,1,one_unseen,random_forest,aac_ctd,42
P07250,P38774,0,0.5966666666666667,1,one_unseen,random_forest,aac_ctd,42
P32571,P38429,0,0.5433333333333333,1,one_unseen,random_forest,aac_ctd,42
P38193,P38272,0,0.44666666666666666,0,one_unseen,random_forest,aac_ctd,42
P53924,Q08032,0,0.55,1,one_unseen,random_forest,aac_ctd,42
P53211,Q12347,0,0.3933333333333333,0,one_unseen,random_forest,aac_ctd,42
P21339,Q12018,0,0.56,1,one_unseen,random_forest,aac_ctd,42
P87108,Q12129,0,0.36,0,one_unseen,random_forest,aac_ctd,42
P36009,Q06096,0,0.6,1,one_unseen,random_forest,aac_ctd,42
O13530,P36145,0,0.44333333333333336,0,one_unseen,random_forest,aac_ctd,42
P53740,Q03785,0,0.5033333333333333,1,one_unseen,random_forest,aac_ctd,42
P38630,P53299,0,0.3933333333333333,0,one_unseen,random_forest,aac_ctd,42
Q03323,Q12447,0,0.52,1,one_unseen,random_forest,aac_ctd,42
P32610,P38967,0,0.27,0,one_unseen,random_forest,aac_ctd,42
P33322,P39101,0,0.5066666666666667,1,one_unseen,random_forest,aac_ctd,42
P16861,P23255,0,0.6166666666666667,1,one_unseen,random_forest,aac_ctd,42
P04076,P53299,0,0.3933333333333333,0,one_unseen,random_forest,aac_ctd,42
P18962,P27692,0,0.49,0,one_unseen,random_forest,aac_ctd,42
P38838,Q99176,0,0.4533333333333333,0,one_unseen,random_forest,aac_ctd,42
P53258,P53952,0,0.51,1,one_unseen,random_forest,aac_ctd,42
P35190,P38915,0,0.4633333333333333,0,one_unseen,random_forest,aac_ctd,42
P10566,P53834,0,0.31666666666666665,0,one_unseen,random_forest,aac_ctd,42
P53032,Q03691,0,0.46,0,one_unseen,random_forest,aac_ctd,42
P46669,Q07688,0,0.6033333333333334,1,one_unseen,random_forest,aac_ctd,42
P32558,Q12411,0,0.6566666666666666,1,one_unseen,random_forest,aac_ctd,42
P12945,P39875,0,0.5066666666666667,1,one_unseen,random_forest,aac_ctd,42
P38138,Q00916,0,0.44,0,one_unseen,random_forest,aac_ctd,42
P39520,Q00711,0,0.43666666666666665,0,one_unseen,random_forest,aac_ctd,42
P22579,P38742,0,0.5233333333333333,1,one_unseen,random_forest,aac_ctd,42
P32564,P48232,0,0.5,1,one_unseen,random_forest,aac_ctd,42
P14736,P38957,0,0.5333333333333333,1,one_unseen,random_forest,aac_ctd,42
P32558,P39010,0,0.47,0,one_unseen,random_forest,aac_ctd,42
P12294,P53130,0,0.56,1,one_unseen,random_forest,aac_ctd,42
P07273,P20795,0,0.5666666666666667,1,one_unseen,random_forest,aac_ctd,42
P53905,Q12161,0,0.5433333333333333,1,one_unseen,random_forest,aac_ctd,42
P32912,P39987,0,0.5566666666666666,1,one_unseen,random_forest,aac_ctd,42
P11978,P53032,0,0.48333333333333334,0,one_unseen,random_forest,aac_ctd,42
P46974,Q04338,0,0.43333333333333335,0,one_unseen,random_forest,aac_ctd,42
P47115,P53244,0,0.4633333333333333,0,one_unseen,random_forest,aac_ctd,42
P53094,Q12030,0,0.5133333333333333,1,one_unseen,random_forest,aac_ctd,42
P25376,P25659,0,0.5133333333333333,1,one_unseen,random_forest,aac_ctd,42
P02400,P38744,0,0.5333333333333333,1,one_unseen,random_forest,aac_ctd,42
P50105,Q06001,0,0.47333333333333333,0,one_unseen,random_forest,aac_ctd,42
P39928,Q12285,0,0.49333333333333335,0,one_unseen,random_forest,aac_ctd,42
P40495,P53070,0,0.48333333333333334,0,one_unseen,random_forest,aac_ctd,42
P07257,P14736,0,0.6033333333333334,1,one_unseen,random_forest,aac_ctd,42
P31111,P35172,0,0.5033333333333333,1,one_unseen,random_forest,aac_ctd,42
P20448,P47185,0,0.25666666666666665,0,one_unseen,random_forest,aac_ctd,42
P32803,Q03790,0,0.38,0,one_unseen,random_forest,aac_ctd,42
P38727,P40453,0,0.48,0,one_unseen,random_forest,aac_ctd,42
Q07921,Q12151,0,0.47333333333333333,0,one_unseen,random_forest,aac_ctd,42
P35691,Q04636,0,0.6633333333333333,1,one_unseen,random_forest,aac_ctd,42
P32859,P53552,0,0.32,0,one_unseen,random_forest,aac_ctd,42
P28004,P53265,0,0.5133333333333333,1,one_unseen,random_forest,aac_ctd,42
P07250,P19454,0,0.5033333333333333,1,one_unseen,random_forest,aac_ctd,42
P00410,P36010,0,0.23,0,one_unseen,random_forest,aac_ctd,42
P25296,P53045,0,0.26,0,one_unseen,random_forest,aac_ctd,42
O74700,P40960,0,0.54,1,one_unseen,random_forest,aac_ctd,42
P32794,P35201,0,0.48333333333333334,0,one_unseen,random_forest,aac_ctd,42
P39960,Q08562,0,0.5266666666666666,1,one_unseen,random_forest,aac_ctd,42
P80428,Q01939,0,0.6466666666666666,1,one_unseen,random_forest,aac_ctd,42
P40167,P53044,0,0.5366666666666666,1,one_unseen,random_forest,aac_ctd,42
Q06631,Q06644,0,0.35,0,one_unseen,random_forest,aac_ctd,42
P08566,P53901,0,0.6066666666666667,1,one_unseen,random_forest,aac_ctd,42
P32558,P40314,0,0.5966666666666667,1,one_unseen,random_forest,aac_ctd,42
P53142,Q08287,0,0.25666666666666665,0,one_unseen,random_forest,aac_ctd,42
P21304,P39010,0,0.49,0,one_unseen,random_forest,aac_ctd,42
P13185,P16522,0,0.6,1,one_unseen,random_forest,aac_ctd,42
P38622,P38811,0,0.5566666666666666,1,one_unseen,random_forest,aac_ctd,42
P38960,Q08962,0,0.49333333333333335,0,one_unseen,random_forest,aac_ctd,42
P41805,P53243,0,0.47,0,one_unseen,random_forest,aac_ctd,42
P40541,P47152,0,0.36,0,one_unseen,random_forest,aac_ctd,42
P39992,P40395,0,0.6033333333333334,1,one_unseen,random_forest,aac_ctd,42
P13393,Q03661,0,0.4033333333333333,0,one_unseen,random_forest,aac_ctd,42
P35189,P35190,0,0.42333333333333334,0,one_unseen,random_forest,aac_ctd,42
P07390,Q12270,0,0.2633333333333333,0,one_unseen,random_forest,aac_ctd,42
P25632,P40456,0,0.6,1,one_unseen,random_forest,aac_ctd,42
P36049,P39101,0,0.5833333333333334,1,one_unseen,random_forest,aac_ctd,42
P34160,P40014,0,0.4866666666666667,0,one_unseen,random_forest,aac_ctd,42
P32571,P53824,0,0.59,1,one_unseen,random_forest,aac_ctd,42
P07248,Q04978,0,0.55,1,one_unseen,random_forest,aac_ctd,42
P25382,P40518,0,0.5233333333333333,1,one_unseen,random_forest,aac_ctd,42
P39875,P46961,0,0.19666666666666666,0,one_unseen,random_forest,aac_ctd,42
P32805,Q02793,0,0.6,1,one_unseen,random_forest,aac_ctd,42
P42945,P48510,0,0.5,1,one_unseen,random_forest,aac_ctd,42
P36029,Q08271,0,0.3,0,one_unseen,random_forest,aac_ctd,42
P40341,Q12494,0,0.56,1,one_unseen,random_forest,aac_ctd,42
P34244,P38960,0,0.6266666666666667,1,one_unseen,random_forest,aac_ctd,42
P38860,Q02260,0,0.5,1,one_unseen,random_forest,aac_ctd,42
P29468,P53685,0,0.44333333333333336,0,one_unseen,random_forest,aac_ctd,42
P25357,P35191,0,0.5966666666666667,1,one_unseen,random_forest,aac_ctd,42
P25580,Q08217,0,0.5466666666666666,1,one_unseen,random_forest,aac_ctd,42
P10961,P38070,0,0.5033333333333333,1,one_unseen,random_forest,aac_ctd,42
P53032,P53961,0,0.2833333333333333,0,one_unseen,random_forest,aac_ctd,42
P39967,Q03940,0,0.55,1,one_unseen,random_forest,aac_ctd,42
P32859,Q04368,0,0.42,0,one_unseen,random_forest,aac_ctd,42
P25453,P33750,0,0.5433333333333333,1,one_unseen,random_forest,aac_ctd,42
P43542,P43569,0,0.35333333333333333,0,one_unseen,random_forest,aac_ctd,42
P11747,P39944,0,0.37333333333333335,0,one_unseen,random_forest,aac_ctd,42
P05626,Q04195,0,0.47,0,one_unseen,random_forest,aac_ctd,42
P27637,P34227,0,0.37333333333333335,0,one_unseen,random_forest,aac_ctd,42
P32859,Q03018,0,0.3566666666666667,0,one_unseen,random_forest,aac_ctd,42
P36165,Q05911,0,0.5566666666666666,1,one_unseen,random_forest,aac_ctd,42
P21192,Q06630,0,0.4766666666666667,0,one_unseen,random_forest,aac_ctd,42
P40960,P53961,0,0.3333333333333333,0,one_unseen,random_forest,aac_ctd,42
P39735,P53254,0,0.48333333333333334,0,one_unseen,random_forest,aac_ctd,42
Q05787,Q99181,0,0.5166666666666667,1,one_unseen,random_forest,aac_ctd,42
P42934,Q04636,0,0.36333333333333334,0,one_unseen,random_forest,aac_ctd,42
P28707,P38068,0,0.54,1,one_unseen,random_forest,aac_ctd,42
Q06490,Q12264,0,0.34,0,one_unseen,random_forest,aac_ctd,42
P23594,Q03280,0,0.6133333333333333,1,one_unseen,random_forest,aac_ctd,42
P40960,P53209,0,0.46,0,one_unseen,random_forest,aac_ctd,42
P38064,Q12335,0,0.35,0,one_unseen,random_forest,aac_ctd,42
P35207,P53259,0,0.34,0,one_unseen,random_forest,aac_ctd,42
Q04322,Q12157,0,0.51,1,one_unseen,random_forest,aac_ctd,42
P36019,P46671,0,0.44666666666666666,0,one_unseen,random_forest,aac_ctd,42
P53115,Q12138,0,0.48,0,one_unseen,random_forest,aac_ctd,42
P20053,P54791,0,0.6666666666666666,1,one_unseen,random_forest,aac_ctd,42
P38082,Q08109,0,0.43666666666666665,0,one_unseen,random_forest,aac_ctd,42
P33401,Q12321,0,0.6733333333333333,1,one_unseen,random_forest,aac_ctd,42
P39685,P45818,0,0.56,1,one_unseen,random_forest,aac_ctd,42
P48361,Q12082,0,0.38666666666666666,0,one_unseen,random_forest,aac_ctd,42
P39534,Q07800,0,0.4533333333333333,0,one_unseen,random_forest,aac_ctd,42
Q00711,Q04368,0,0.5833333333333334,1,one_unseen,random_forest,aac_ctd,42
P32898,Q02159,0,0.3466666666666667,0,one_unseen,random_forest,aac_ctd,42
P48234,P52490,0,0.4033333333333333,0,one_unseen,random_forest,aac_ctd,42
P46674,Q07442,0,0.5133333333333333,1,one_unseen,random_forest,aac_ctd,42
P09119,P22203,0,0.52,1,one_unseen,random_forest,aac_ctd,42
P38274,Q12035,0,0.5133333333333333,1,one_unseen,random_forest,aac_ctd,42
P19658,P25376,0,0.36333333333333334,0,one_unseen,random_forest,aac_ctd,42
P25376,P25575,0,0.26666666666666666,0,one_unseen,random_forest,aac_ctd,42
P38138,P38902,0,0.5233333333333333,1,one_unseen,random_forest,aac_ctd,42
P38427,P47025,0,0.6133333333333333,1,one_unseen,random_forest,aac_ctd,42
Q02890,Q12402,0,0.23666666666666666,0,one_unseen,random_forest,aac_ctd,42
P28239,P32805,0,0.5333333333333333,1,one_unseen,random_forest,aac_ctd,42
P46682,P53115,0,0.45,0,one_unseen,random_forest,aac_ctd,42
P32838,P39715,0,0.5133333333333333,1,one_unseen,random_forest,aac_ctd,42
P06242,P19955,0,0.38,0,one_unseen,random_forest,aac_ctd,42
P16370,P36973,0,0.4166666666666667,0,one_unseen,random_forest,aac_ctd,42
P14907,P32558,0,0.5033333333333333,1,one_unseen,random_forest,aac_ctd,42
P54861,Q12050,0,0.6266666666666667,1,one_unseen,random_forest,aac_ctd,42
Q04272,Q12157,0,0.5666666666666667,1,one_unseen,random_forest,aac_ctd,42
P35184,P40341,0,0.53,1,one_unseen,random_forest,aac_ctd,42
P24783,P53824,0,0.5833333333333334,1,one_unseen,random_forest,aac_ctd,42
P25341,Q07980,0,0.55,1,one_unseen,random_forest,aac_ctd,42
P38302,P41805,0,0.4266666666666667,0,one_unseen,random_forest,aac_ctd,42
P13586,P23291,0,0.44,0,one_unseen,random_forest,aac_ctd,42
P14682,P40456,0,0.42333333333333334,0,one_unseen,random_forest,aac_ctd,42
P33303,P43605,0,0.42333333333333334,0,one_unseen,random_forest,aac_ctd,42
P34218,Q08235,0,0.5533333333333333,1,one_unseen,random_forest,aac_ctd,42
P27999,P33311,0,0.3233333333333333,0,one_unseen,random_forest,aac_ctd,42
P32074,Q12402,0,0.22,0,one_unseen,random_forest,aac_ctd,42
P35207,Q06632,0,0.52,1,one_unseen,random_forest,aac_ctd,42
P16547,P47045,0,0.47333333333333333,0,one_unseen,random_forest,aac_ctd,42
P25376,Q03697,0,0.44,0,one_unseen,random_forest,aac_ctd,42
P48234,Q08921,0,0.53,1,one_unseen,random_forest,aac_ctd,42
P48581,Q12035,0,0.5133333333333333,1,one_unseen,random_forest,aac_ctd,42
P05986,P40032,0,0.5833333333333334,1,one_unseen,random_forest,aac_ctd,42
P33892,P53147,0,0.4866666666666667,0,one_unseen,random_forest,aac_ctd,42
P26188,Q08931,0,0.6233333333333333,1,one_unseen,random_forest,aac_ctd,42
P31111,P36057,0,0.38,0,one_unseen,random_forest,aac_ctd,42
