protein_a,protein_b,y_true,y_probability,y_pred,split,model,representation,seed
P13586,P39552,0,0.26527940802340005,0,random,mlp,aac_ctd,42
P25582,P53124,1,0.5825707496420536,1,random,mlp,aac_ctd,42
Q03691,Q12494,0,0.012686329703630327,0,random,mlp,aac_ctd,42
P05453,Q12059,0,0.6247771021672941,1,random,mlp,aac_ctd,42
P25646,Q12513,1,0.690111821358233,1,random,mlp,aac_ctd,42
P00431,P53628,0,0.1427265503692582,0,random,mlp,aac_ctd,42
P10507,P39523,0,0.7080535049956554,1,random,mlp,aac_ctd,42
P00950,P42845,1,0.5608644674064543,1,random,mlp,aac_ctd,42
P43602,Q02795,1,0.2139100144637301,0,random,mlp,aac_ctd,42
P12954,Q08096,1,0.12556859174385265,0,random,mlp,aac_ctd,42
P53233,Q05947,0,0.6831899053025815,1,random,mlp,aac_ctd,42
P21304,P32504,0,0.33489623985164674,0,random,mlp,aac_ctd,42
P24868,P38228,1,0.41970737963263516,0,random,mlp,aac_ctd,42
P32558,Q12365,0,0.34939320049609074,0,random,mlp,aac_ctd,42
P26793,P38998,1,0.5671848211411117,1,random,mlp,aac_ctd,42
P31382,Q99190,0,0.13872674735632526,0,random,mlp,aac_ctd,42
P32366,P47042,0,0.2429858407854618,0,random,mlp,aac_ctd,42
P38817,Q06091,0,0.7677198303189258,1,random,mlp,aac_ctd,42
P11154,Q00772,0,0.5010277885599359,1,random,mlp,aac_ctd,42
P47050,P48412,1,0.42851793710951963,0,random,mlp,aac_ctd,42
P50875,P53941,0,0.10071007738154093,0,random,mlp,aac_ctd,42
P32074,P40483,1,0.9010632641511704,1,random,mlp,aac_ctd,42
P39723,Q03750,0,0.23575819721618396,0,random,mlp,aac_ctd,42
P06774,Q08649,0,0.3761619440077331,0,random,mlp,aac_ctd,42
P25343,P47104,1,0.8574886846317031,1,random,mlp,aac_ctd,42
P32479,Q12335,0,0.28204416102221835,0,random,mlp,aac_ctd,42
P00175,Q03750,0,0.14803879223231797,0,random,mlp,aac_ctd,42
P38316,P40064,1,0.4952125522390408,0,random,mlp,aac_ctd,42
P21801,P40217,1,0.2596902109304822,0,random,mlp,aac_ctd,42
O14455,Q08278,0,0.39503084383448966,0,random,mlp,aac_ctd,42
P25648,P26570,0,0.885616923759935,1,random,mlp,aac_ctd,42
P28834,Q06169,1,0.647031233532799,1,random,mlp,aac_ctd,42
Q08558,Q99189,1,0.7681089271236637,1,random,mlp,aac_ctd,42
P07260,P53437,0,0.9350371783047512,1,random,mlp,aac_ctd,42
P35728,Q01080,0,0.4904414515495519,0,random,mlp,aac_ctd,42
P34223,Q06704,1,0.6641043262778501,1,random,mlp,aac_ctd,42
P39515,Q03957,0,0.3481176271964493,0,random,mlp,aac_ctd,42
P21374,Q03944,0,0.908017201893493,1,random,mlp,aac_ctd,42
P16467,Q03956,1,0.7367201253834654,1,random,mlp,aac_ctd,42
P36062,P53168,1,0.45291697298221245,0,random,mlp,aac_ctd,42
P13712,P48510,0,0.40149417808255156,0,random,mlp,aac_ctd,42
P04819,P16547,1,0.23312128024939496,0,random,mlp,aac_ctd,42
P32607,P32854,1,0.8163699808681371,1,random,mlp,aac_ctd,42
P00410,Q05031,0,0.2570407013229085,0,random,mlp,aac_ctd,42
P32776,P38261,1,0.6361089596469821,1,random,mlp,aac_ctd,42
P31374,Q06163,1,0.15631583780104338,0,random,mlp,aac_ctd,42
P20095,P38774,0,0.3961723055950207,0,random,mlp,aac_ctd,42
P14242,P38191,1,0.17001649540785982,0,random,mlp,aac_ctd,42
P40303,P40555,1,0.6050761220438476,1,random,mlp,aac_ctd,42
P01097,P40509,0,0.05021931644533653,0,random,mlp,aac_ctd,42
P53211,Q12347,0,0.544456682302216,1,random,mlp,aac_ctd,42
P32464,P32559,0,0.31959221391481074,0,random,mlp,aac_ctd,42
P13434,P21192,0,0.7588308268098379,1,random,mlp,aac_ctd,42
P26754,P39520,1,0.4142111685101292,0,random,mlp,aac_ctd,42
P33755,P36144,1,0.5607576010415289,1,random,mlp,aac_ctd,42
P17555,P47068,1,0.8672203631562238,1,random,mlp,aac_ctd,42
P33755,P47117,1,0.8469254148978989,1,random,mlp,aac_ctd,42
P25491,Q12186,1,0.816862021819519,1,random,mlp,aac_ctd,42
P41544,Q07824,0,0.6979951075399768,1,random,mlp,aac_ctd,42
P42941,Q01649,0,0.551459342720617,1,random,mlp,aac_ctd,42
P38819,P53169,0,0.08542660348094992,0,random,mlp,aac_ctd,42
P08518,Q06440,0,0.7555308764846215,1,random,mlp,aac_ctd,42
P40473,Q12102,0,0.8738207039537738,1,random,mlp,aac_ctd,42
P11938,Q04675,1,0.6891527081247577,1,random,mlp,aac_ctd,42
P24813,P40055,1,0.836808134973081,1,random,mlp,aac_ctd,42
P38439,P39727,0,0.33641634864495557,0,random,mlp,aac_ctd,42
P25357,P32480,1,0.654971309086937,1,random,mlp,aac_ctd,42
P35497,P40457,1,0.9564987910016294,1,random,mlp,aac_ctd,42
P02400,P38194,1,0.4968839054323052,0,random,mlp,aac_ctd,42
P14126,P53256,1,0.9416432042269881,1,random,mlp,aac_ctd,42
P23594,Q04121,1,0.3447864302746559,0,random,mlp,aac_ctd,42
P10591,P25648,0,0.24554858637368202,0,random,mlp,aac_ctd,42
P10863,P39540,1,0.12378587707085079,0,random,mlp,aac_ctd,42
P21242,P53900,1,0.8240089744938497,1,random,mlp,aac_ctd,42
P24870,P53100,1,0.8201556036744687,1,random,mlp,aac_ctd,42
P39940,Q03957,1,0.7557539345800562,1,random,mlp,aac_ctd,42
P34077,P39723,1,0.7034210488344873,1,random,mlp,aac_ctd,42
P08431,Q07418,1,0.7496657225761841,1,random,mlp,aac_ctd,42
P18238,P47090,0,0.03463480519525299,0,random,mlp,aac_ctd,42
P53961,Q04978,0,0.01163191907549169,0,random,mlp,aac_ctd,42
P23638,P32849,1,0.4126163749270636,0,random,mlp,aac_ctd,42
P32523,P47113,1,0.19621616687512416,0,random,mlp,aac_ctd,42
P32324,P40005,1,0.8267973613673939,1,random,mlp,aac_ctd,42
P21957,P32605,0,0.46688427983620145,0,random,mlp,aac_ctd,42
P27999,P53212,1,0.7695757280578629,1,random,mlp,aac_ctd,42
P29295,P36008,1,0.7048385061689137,1,random,mlp,aac_ctd,42
P34218,Q04673,1,0.2483142591607571,0,random,mlp,aac_ctd,42
P06778,Q03071,0,0.8796783915857503,1,random,mlp,aac_ctd,42
P22007,P38903,1,0.980448435517494,1,random,mlp,aac_ctd,42
P24004,Q04675,1,0.7187851536511447,1,random,mlp,aac_ctd,42
P07347,P29055,0,0.16105071367170157,0,random,mlp,aac_ctd,42
P38358,Q07381,1,0.2005254216239019,0,random,mlp,aac_ctd,42
P38431,Q03761,0,0.5960553495192633,1,random,mlp,aac_ctd,42
P28239,P36027,0,0.4823590614282974,0,random,mlp,aac_ctd,42
P00549,P34224,0,0.5116252411382626,1,random,mlp,aac_ctd,42
P40495,Q01722,0,0.6104996062333489,1,random,mlp,aac_ctd,42
P38272,P39713,0,0.7102162550878602,1,random,mlp,aac_ctd,42
P40061,P46995,1,0.42368007909554295,0,random,mlp,aac_ctd,42
P06242,P53600,1,0.9048348073343735,1,random,mlp,aac_ctd,42
P40965,Q02784,0,0.3096785472122108,0,random,mlp,aac_ctd,42
Q03935,Q07904,0,0.14566842201617652,0,random,mlp,aac_ctd,42
P21242,Q12222,1,0.04396662857327533,0,random,mlp,aac_ctd,42
Q12157,Q12499,0,0.9057918309930061,1,random,mlp,aac_ctd,42
Q12192,Q12518,0,0.674752352566915,1,random,mlp,aac_ctd,42
P36009,Q06096,0,0.2760901016765581,0,random,mlp,aac_ctd,42
P25346,Q12330,0,0.2501338036202231,0,random,mlp,aac_ctd,42
P22276,P27636,0,0.4146589114721566,0,random,mlp,aac_ctd,42
P14906,Q08550,0,0.38767318494901587,0,random,mlp,aac_ctd,42
P53858,Q04149,1,0.46660729259158135,0,random,mlp,aac_ctd,42
P38138,Q00916,0,0.9187609042736826,1,random,mlp,aac_ctd,42
P35728,Q92317,1,0.8075944331717366,1,random,mlp,aac_ctd,42
Q07478,Q12368,0,0.6086341775004465,1,random,mlp,aac_ctd,42
P15646,P38346,1,0.9939019505588685,1,random,mlp,aac_ctd,42
P32494,P47185,0,0.020210372092443286,0,random,mlp,aac_ctd,42
P14064,P53261,0,0.38959255473386595,0,random,mlp,aac_ctd,42
P07283,P16661,0,0.05346449653163831,0,random,mlp,aac_ctd,42
P38208,P40960,1,0.8787791820776961,1,random,mlp,aac_ctd,42
P20967,P32491,1,0.7295836957147599,1,random,mlp,aac_ctd,42
P20053,P51534,1,0.7677479968896782,1,random,mlp,aac_ctd,42
P34224,Q04739,0,0.8660000127877567,1,random,mlp,aac_ctd,42
P15367,P36005,0,0.01801246996235577,0,random,mlp,aac_ctd,42
P06634,P53600,1,0.95862353265404,1,random,mlp,aac_ctd,42
P38265,P38272,0,0.16434326232224372,0,random,mlp,aac_ctd,42
P10592,P25491,1,0.6956235381187535,1,random,mlp,aac_ctd,42
P32838,Q99344,0,0.01109887324602972,0,random,mlp,aac_ctd,42
P48568,Q02100,0,0.3748917836858949,0,random,mlp,aac_ctd,42
P35193,P53044,0,0.5491258913429642,1,random,mlp,aac_ctd,42
P38282,Q00578,1,0.3403384922779615,0,random,mlp,aac_ctd,42
P40061,P47011,1,0.18096457089055873,0,random,mlp,aac_ctd,42
P37838,P40018,0,0.8870354405332188,1,random,mlp,aac_ctd,42
P06778,P38751,1,0.7853526685333746,1,random,mlp,aac_ctd,42
P07866,P20435,1,0.7828105596216118,1,random,mlp,aac_ctd,42
P35206,P40518,0,0.21656295822507288,0,random,mlp,aac_ctd,42
P16387,P38068,0,0.21526890402591084,0,random,mlp,aac_ctd,42
P50277,P53252,1,0.8098579976424046,1,random,mlp,aac_ctd,42
P40005,P42845,1,0.9060023524375419,1,random,mlp,aac_ctd,42
P46974,P53233,0,0.15830210170276532,0,random,mlp,aac_ctd,42
P38838,Q04307,1,0.052660538832215,0,random,mlp,aac_ctd,42
P38072,P53910,1,0.1084658983381155,0,random,mlp,aac_ctd,42
P27351,Q07471,1,0.7382821939195565,1,random,mlp,aac_ctd,42
P32559,Q06411,0,0.35647628803907355,0,random,mlp,aac_ctd,42
Q08235,Q12009,1,0.674961502531979,1,random,mlp,aac_ctd,42
P54790,Q00772,0,0.6415360710539431,1,random,mlp,aac_ctd,42
P23255,P38957,0,0.448389950782186,0,random,mlp,aac_ctd,42
P29366,P33201,1,0.8906373911828263,1,random,mlp,aac_ctd,42
P38692,Q12309,0,0.7932428677655274,1,random,mlp,aac_ctd,42
P32564,P36024,0,0.23311283708705363,0,random,mlp,aac_ctd,42
P06243,P24814,1,0.5645961558274538,1,random,mlp,aac_ctd,42
P43587,P48836,1,0.5866779211018893,1,random,mlp,aac_ctd,42
P24384,Q99207,0,0.4454284095555322,0,random,mlp,aac_ctd,42
P34162,P36100,1,0.03142853708207316,0,random,mlp,aac_ctd,42
P13574,P33323,0,0.26942781727092907,0,random,mlp,aac_ctd,42
P32783,P43682,0,0.07332591111341044,0,random,mlp,aac_ctd,42
P22543,P25453,0,0.2012805249571034,0,random,mlp,aac_ctd,42
P12753,P29311,0,0.8090527896655896,1,random,mlp,aac_ctd,42
P33301,Q04636,1,0.29179837339636694,0,random,mlp,aac_ctd,42
P38781,P53971,0,0.24566109020555843,0,random,mlp,aac_ctd,42
P38859,Q12021,1,0.29062220206477235,0,random,mlp,aac_ctd,42
P40352,Q08492,0,0.26553409164090186,0,random,mlp,aac_ctd,42
P39682,Q00618,1,0.0243132973719835,0,random,mlp,aac_ctd,42
P08518,P40564,0,0.47005617071515404,0,random,mlp,aac_ctd,42
O13297,Q06096,0,0.5683704637431958,1,random,mlp,aac_ctd,42
P04786,P41813,0,0.42347375294806344,0,random,mlp,aac_ctd,42
P32447,P34224,0,0.6800866415168951,1,random,mlp,aac_ctd,42
P42846,Q08215,1,0.571906970458944,1,random,mlp,aac_ctd,42
P24867,Q02204,0,0.12623128792852734,0,random,mlp,aac_ctd,42
P07272,P41810,0,0.5005764496507784,1,random,mlp,aac_ctd,42
P53211,Q08193,0,0.41724530612257554,0,random,mlp,aac_ctd,42
P03069,Q12494,0,0.3001608257311852,0,random,mlp,aac_ctd,42
P33306,P39079,1,0.8636049529956745,1,random,mlp,aac_ctd,42
P07260,P14306,1,0.8888388131445757,1,random,mlp,aac_ctd,42
P20052,P33767,0,0.7003343295502065,1,random,mlp,aac_ctd,42
P07273,P22007,0,0.8173613806159852,1,random,mlp,aac_ctd,42
P40478,P53859,0,0.48859900775678955,0,random,mlp,aac_ctd,42
P07866,P42843,1,0.4310548724275817,0,random,mlp,aac_ctd,42
P25342,P32773,1,0.18090329217217752,0,random,mlp,aac_ctd,42
P31383,Q00578,1,0.5392315469455707,1,random,mlp,aac_ctd,42
P25808,P50278,1,0.647154047071275,1,random,mlp,aac_ctd,42
P33333,Q03619,1,0.1947384406191536,0,random,mlp,aac_ctd,42
P32571,P38429,0,0.5410084262506454,1,random,mlp,aac_ctd,42
P18410,Q03337,1,0.658912089559475,1,random,mlp,aac_ctd,42
P14359,Q06340,1,0.9792633501918389,1,random,mlp,aac_ctd,42
Q04603,Q06251,0,0.7175133227732049,1,random,mlp,aac_ctd,42
P38113,Q12432,0,0.5997222866229586,1,random,mlp,aac_ctd,42
P38904,P53272,0,0.36574148043925625,0,random,mlp,aac_ctd,42
P18238,P39984,0,0.18874348069464655,0,random,mlp,aac_ctd,42
P21538,Q07963,0,0.2985746958588584,0,random,mlp,aac_ctd,42
P49334,Q05021,0,0.9710254012453261,1,random,mlp,aac_ctd,42
P25579,P40069,0,0.6368739764172748,1,random,mlp,aac_ctd,42
P38041,P53685,1,0.7975103652932499,1,random,mlp,aac_ctd,42
P32599,Q12499,1,0.9899241221876592,1,random,mlp,aac_ctd,42
P06844,P30605,0,0.12348685937873394,0,random,mlp,aac_ctd,42
P32492,Q12102,0,0.4139805367973849,0,random,mlp,aac_ctd,42
P47104,P53933,1,0.47653390774779625,0,random,mlp,aac_ctd,42
P53954,Q03900,0,0.3889092297196258,0,random,mlp,aac_ctd,42
P38744,Q06624,0,0.011105579089889564,0,random,mlp,aac_ctd,42
P08518,Q04562,0,0.779129275338827,1,random,mlp,aac_ctd,42
P38147,P53091,0,0.6074930164528671,1,random,mlp,aac_ctd,42
P16140,Q99260,1,0.5630190641910054,1,random,mlp,aac_ctd,42
P38826,Q02732,1,0.07016559488540589,0,random,mlp,aac_ctd,42
P06103,P38339,1,0.6971604348261429,1,random,mlp,aac_ctd,42
P40510,Q12241,0,0.929167659695237,1,random,mlp,aac_ctd,42
P20606,P36121,0,0.4663380787634794,0,random,mlp,aac_ctd,42
P38814,P53905,1,0.9430525216714175,1,random,mlp,aac_ctd,42
P28495,P40957,0,0.8669927662749597,1,random,mlp,aac_ctd,42
P25376,Q03697,0,0.4884897549027701,0,random,mlp,aac_ctd,42
P25382,P48524,0,0.43945951928977045,0,random,mlp,aac_ctd,42
P14741,Q12248,1,0.8393628842913352,1,random,mlp,aac_ctd,42
P38266,Q03220,1,0.7317601036748778,1,random,mlp,aac_ctd,42
P25584,Q04697,0,0.8044272016583582,1,random,mlp,aac_ctd,42
P38702,Q08271,0,0.39087906233687236,0,random,mlp,aac_ctd,42
P07991,P35169,1,0.9723980300454781,1,random,mlp,aac_ctd,42
P38339,P53316,1,0.5785329990943432,1,random,mlp,aac_ctd,42
P36123,Q02767,1,0.5709777164096896,1,random,mlp,aac_ctd,42
P53136,Q12030,0,0.22373597854381172,0,random,mlp,aac_ctd,42
P25336,P46672,1,0.7903870633535459,1,random,mlp,aac_ctd,42
P38957,Q04693,0,0.4170722620017068,0,random,mlp,aac_ctd,42
P16547,Q07509,0,0.03264045089686707,0,random,mlp,aac_ctd,42
P53048,Q03758,1,0.3266530633646383,0,random,mlp,aac_ctd,42
P32458,Q00245,1,0.7390534695297324,1,random,mlp,aac_ctd,42
P25358,Q03818,0,0.04373411751171335,0,random,mlp,aac_ctd,42
P39073,Q03435,0,0.23771464011848412,0,random,mlp,aac_ctd,42
P20434,Q12107,0,0.6896835920244857,1,random,mlp,aac_ctd,42
P23639,P32570,0,0.169159690579428,0,random,mlp,aac_ctd,42
P38329,P53248,1,0.6702733676914248,1,random,mlp,aac_ctd,42
P00128,P04456,0,0.8355903797112452,1,random,mlp,aac_ctd,42
P53150,Q02776,0,0.6145499259339215,1,random,mlp,aac_ctd,42
P28791,P32264,1,0.815775969126728,1,random,mlp,aac_ctd,42
P22135,P53152,0,0.5408265992553775,1,random,mlp,aac_ctd,42
P38272,P38920,0,0.1614381150452723,0,random,mlp,aac_ctd,42
P04786,P53941,0,0.5918757536701513,1,random,mlp,aac_ctd,42
P38861,Q03690,1,0.4966646992300098,0,random,mlp,aac_ctd,42
P27692,P53100,0,0.615190603419478,1,random,mlp,aac_ctd,42
P38863,P41817,0,0.22472681856970356,0,random,mlp,aac_ctd,42
P43602,P54791,0,0.15285115266691512,0,random,mlp,aac_ctd,42
P15873,Q06406,1,0.5000770386992093,1,random,mlp,aac_ctd,42
P36120,Q12157,1,0.4369496409884955,0,random,mlp,aac_ctd,42
P48836,Q06344,0,0.3843234521972759,0,random,mlp,aac_ctd,42
P10081,Q12230,1,0.4708917810035605,0,random,mlp,aac_ctd,42
P40187,P46682,0,0.3000410170674737,0,random,mlp,aac_ctd,42
P53952,Q07986,0,0.014589617026459127,0,random,mlp,aac_ctd,42
P34077,Q12518,1,0.5109092144589441,1,random,mlp,aac_ctd,42
P04050,P12753,0,0.2269700113779137,0,random,mlp,aac_ctd,42
P27636,P36037,1,0.6370640464796538,1,random,mlp,aac_ctd,42
P38879,P53261,1,0.7357050155055902,1,random,mlp,aac_ctd,42
P16862,P40507,1,0.40884289655219125,0,random,mlp,aac_ctd,42
P25043,Q99210,1,0.1473205819163864,0,random,mlp,aac_ctd,42
P11745,P34227,0,0.14646016077528873,0,random,mlp,aac_ctd,42
P35691,Q06506,1,0.7721137523049961,1,random,mlp,aac_ctd,42
P36120,P40892,0,0.21439759555024415,0,random,mlp,aac_ctd,42
Q04978,Q06177,1,0.8400950630903371,1,random,mlp,aac_ctd,42
P19882,Q04673,0,0.755154029326529,1,random,mlp,aac_ctd,42
P02994,P40077,0,0.655338485325961,1,random,mlp,aac_ctd,42
P53823,Q12341,0,0.38724490306531917,0,random,mlp,aac_ctd,42
P39534,Q07800,0,0.13004153329129547,0,random,mlp,aac_ctd,42
Q06696,Q08387,0,0.43171832933382037,0,random,mlp,aac_ctd,42
P08524,P38283,1,0.7578413751018572,1,random,mlp,aac_ctd,42
P32793,Q12233,0,0.362864180630041,0,random,mlp,aac_ctd,42
P06103,Q07508,1,0.8969076878488609,1,random,mlp,aac_ctd,42
P38903,P42843,1,0.9751784178969174,1,random,mlp,aac_ctd,42
P46673,P53878,0,0.48580622744355345,0,random,mlp,aac_ctd,42
P22147,Q02932,1,0.8031640616792515,1,random,mlp,aac_ctd,42
P32589,Q08965,1,0.6537312327673636,1,random,mlp,aac_ctd,42
P24004,P38768,1,0.5552699581115489,1,random,mlp,aac_ctd,42
P02829,P40892,1,0.038966073870709696,0,random,mlp,aac_ctd,42
P32583,Q08726,0,0.8103334071077596,1,random,mlp,aac_ctd,42
P00899,P39730,1,0.8963885195525235,1,random,mlp,aac_ctd,42
P25559,Q02875,1,0.2946720799725734,0,random,mlp,aac_ctd,42
Q06479,Q99385,1,0.6747122160397286,1,random,mlp,aac_ctd,42
P32558,P36029,0,0.04843817343083308,0,random,mlp,aac_ctd,42
P38814,P40515,1,0.9001735703015833,1,random,mlp,aac_ctd,42
P36421,P38620,1,0.8129043817093294,1,random,mlp,aac_ctd,42
P11076,P11154,0,0.21513068629618706,0,random,mlp,aac_ctd,42
P16521,P39003,0,0.07499354727145242,0,random,mlp,aac_ctd,42
P38146,P57744,0,0.3767291153647121,0,random,mlp,aac_ctd,42
P25655,P36131,1,0.42165789461509345,0,random,mlp,aac_ctd,42
Q12309,Q12462,0,0.0530065357242162,0,random,mlp,aac_ctd,42
P11746,P47041,1,0.6216655833409571,1,random,mlp,aac_ctd,42
P38822,P53851,0,0.2928984714524416,0,random,mlp,aac_ctd,42
P07260,P25302,0,0.8028408026537822,1,random,mlp,aac_ctd,42
P05626,P38257,0,0.4498138479863766,0,random,mlp,aac_ctd,42
P06787,P38622,1,0.6812551721755842,1,random,mlp,aac_ctd,42
P38700,Q99190,0,0.024768088664845415,0,random,mlp,aac_ctd,42
P40319,Q03691,1,0.11706803066612198,0,random,mlp,aac_ctd,42
P25045,P53299,0,0.2356903465994121,0,random,mlp,aac_ctd,42
P25657,Q04005,1,0.8752609189161775,1,random,mlp,aac_ctd,42
P36224,P38861,1,0.7404362807438557,1,random,mlp,aac_ctd,42
P06102,P23542,1,0.613616565101288,1,random,mlp,aac_ctd,42
Q05958,Q12159,0,0.34523356601654986,0,random,mlp,aac_ctd,42
P32855,P38138,0,0.32888066863095894,0,random,mlp,aac_ctd,42
P12887,P22203,0,0.3423370568799992,0,random,mlp,aac_ctd,42
P35169,P35193,1,0.1763426694296398,0,random,mlp,aac_ctd,42
O13297,P40151,1,0.42454878050522693,0,random,mlp,aac_ctd,42
Q08729,Q99210,1,0.887719544605662,1,random,mlp,aac_ctd,42
P10869,P15303,1,0.6780331619558467,1,random,mlp,aac_ctd,42
P39925,Q02775,0,0.7204900263599384,1,random,mlp,aac_ctd,42
P10964,P40090,1,0.5255875468112482,1,random,mlp,aac_ctd,42
P00899,P34238,0,0.23896022533557376,0,random,mlp,aac_ctd,42
P04076,P32916,0,0.5376314149651862,1,random,mlp,aac_ctd,42
P32381,P40077,0,0.7964948016374988,1,random,mlp,aac_ctd,42
P32801,Q07084,1,0.5596078578017829,1,random,mlp,aac_ctd,42
P38072,P53011,0,0.31252980582822615,0,random,mlp,aac_ctd,42
P37370,Q04651,1,0.914551297500569,1,random,mlp,aac_ctd,42
P25719,Q12330,1,0.009435572086980929,0,random,mlp,aac_ctd,42
P30822,P38744,0,0.0209616226468579,0,random,mlp,aac_ctd,42
P32364,P38276,1,0.7357230433039719,1,random,mlp,aac_ctd,42
P11745,P30624,1,0.7306013686543696,1,random,mlp,aac_ctd,42
P37303,Q05911,0,0.6965713010331491,1,random,mlp,aac_ctd,42
P26755,P38873,0,0.16721506190657262,0,random,mlp,aac_ctd,42
P39515,P53068,0,0.4620350490360742,0,random,mlp,aac_ctd,42
P32366,Q05871,1,0.18905439283818826,0,random,mlp,aac_ctd,42
P32945,Q07963,1,0.8915184883452494,1,random,mlp,aac_ctd,42
P17157,P30771,1,0.32125993866078717,0,random,mlp,aac_ctd,42
P19657,P35207,1,0.5841367665760823,1,random,mlp,aac_ctd,42
Q05022,Q06142,1,0.4927051526823748,0,random,mlp,aac_ctd,42
P33311,Q12518,1,0.6324239423452669,1,random,mlp,aac_ctd,42
Q03503,Q04121,1,0.19805287582065437,0,random,mlp,aac_ctd,42
P21304,P39010,0,0.11737344796155112,0,random,mlp,aac_ctd,42
P22147,Q12692,0,0.7615167756234419,1,random,mlp,aac_ctd,42
P33313,P46681,0,0.39921167155541487,0,random,mlp,aac_ctd,42
P33329,Q00723,1,0.9214154767126438,1,random,mlp,aac_ctd,42
P39702,P53252,0,0.3308214391718404,0,random,mlp,aac_ctd,42
P38911,Q03503,0,0.40180821218290785,0,random,mlp,aac_ctd,42
P34224,P35181,0,0.05227204613299112,0,random,mlp,aac_ctd,42
P53196,P53552,1,0.7123162576413865,1,random,mlp,aac_ctd,42
P53212,Q06628,0,0.7086359725590593,1,random,mlp,aac_ctd,42
P11746,P53968,1,0.5408232563085283,1,random,mlp,aac_ctd,42
P12945,Q12460,1,0.9491355506660052,1,random,mlp,aac_ctd,42
P01149,P32610,0,0.06797211051611768,0,random,mlp,aac_ctd,42
P38682,Q05583,1,0.7832302796920082,1,random,mlp,aac_ctd,42
P00546,P50101,1,0.4306169295506491,0,random,mlp,aac_ctd,42
P00560,P43555,0,0.561023690234828,1,random,mlp,aac_ctd,42
P38351,P53258,0,0.07987900975275831,0,random,mlp,aac_ctd,42
P38874,P43565,1,0.717380161338247,1,random,mlp,aac_ctd,42
P33759,Q05946,0,0.11411678150152937,0,random,mlp,aac_ctd,42
Q03920,Q12157,0,0.035618382175648736,0,random,mlp,aac_ctd,42
Q07921,Q12082,0,0.020112256110188263,0,random,mlp,aac_ctd,42
P38590,P40164,1,0.5178307874160465,1,random,mlp,aac_ctd,42
P21672,P43574,1,0.7765317627703349,1,random,mlp,aac_ctd,42
P38821,P53116,0,0.018576829243397073,0,random,mlp,aac_ctd,42
P11433,P25346,0,0.21103651100236498,0,random,mlp,aac_ctd,42
P38329,P53112,1,0.41086553555549615,0,random,mlp,aac_ctd,42
P02293,P22219,1,0.7533004967468355,1,random,mlp,aac_ctd,42
P05318,Q07528,1,0.7790031402737242,1,random,mlp,aac_ctd,42
P47005,Q08496,1,0.27393428320106705,0,random,mlp,aac_ctd,42
P29469,P47134,1,0.6852105161153641,1,random,mlp,aac_ctd,42
P14359,Q08986,0,0.840518317947699,1,random,mlp,aac_ctd,42
P32367,P47120,0,0.7906194966666882,1,random,mlp,aac_ctd,42
P18759,P21243,1,0.8260964949333625,1,random,mlp,aac_ctd,42
P40217,P53039,0,0.08606140681102177,0,random,mlp,aac_ctd,42
P36008,Q03323,0,0.11419426376581022,0,random,mlp,aac_ctd,42
P26448,P38138,0,0.20602655807128675,0,random,mlp,aac_ctd,42
P25569,Q03148,0,0.32293058319544493,0,random,mlp,aac_ctd,42
P14737,P25358,0,0.055020771443605954,0,random,mlp,aac_ctd,42
P33420,P38011,1,0.30542240668344206,0,random,mlp,aac_ctd,42
P39073,Q03081,1,0.5996230567168994,1,random,mlp,aac_ctd,42
P35734,P39929,1,0.9655042794114608,1,random,mlp,aac_ctd,42
P29056,P33122,1,0.5850632196469483,1,random,mlp,aac_ctd,42
P06704,P39101,0,0.6901559933957883,1,random,mlp,aac_ctd,42
P33755,Q12411,1,0.9043130758542887,1,random,mlp,aac_ctd,42
P42934,Q12044,0,0.27681178132339557,0,random,mlp,aac_ctd,42
P23833,P39958,0,0.08887752520785122,0,random,mlp,aac_ctd,42
P20449,P38960,0,0.6443212950666442,1,random,mlp,aac_ctd,42
P22133,P39935,1,0.7305289350960639,1,random,mlp,aac_ctd,42
P43594,Q02884,0,0.12215325047644092,0,random,mlp,aac_ctd,42
P32364,P43621,0,0.4278917212138909,0,random,mlp,aac_ctd,42
P06242,P19955,0,0.4419372959673005,0,random,mlp,aac_ctd,42
P30624,P53971,1,0.41254057793394927,0,random,mlp,aac_ctd,42
P40352,Q12255,0,0.7410446048042895,1,random,mlp,aac_ctd,42
Q00776,Q04839,1,0.9596380798791868,1,random,mlp,aac_ctd,42
Q06405,Q12692,0,0.0386309817754824,0,random,mlp,aac_ctd,42
P38200,P38270,1,0.9607476168880078,1,random,mlp,aac_ctd,42
P38690,P46674,0,0.3641185345750204,0,random,mlp,aac_ctd,42
P38873,P41810,1,0.517820279249038,1,random,mlp,aac_ctd,42
P07170,P38697,1,0.8680878465370705,1,random,mlp,aac_ctd,42
P35184,P38929,1,0.256875297757773,0,random,mlp,aac_ctd,42
P06103,P38861,1,0.06827543902780338,0,random,mlp,aac_ctd,42
P30605,P32450,0,0.8216765919464636,1,random,mlp,aac_ctd,42
P38744,P47150,0,0.06831595655193437,0,random,mlp,aac_ctd,42
P33335,P38929,0,0.11812505500399491,0,random,mlp,aac_ctd,42
P27637,P31377,1,0.9680644509340581,1,random,mlp,aac_ctd,42
P15790,P53258,1,0.3797156834657807,0,random,mlp,aac_ctd,42
P53125,Q04437,1,0.18938252923829624,0,random,mlp,aac_ctd,42
P00958,P09435,1,0.8557622384214106,1,random,mlp,aac_ctd,42
P40960,P47171,0,0.5675191240388543,1,random,mlp,aac_ctd,42
P40341,P53290,0,0.9062606914156407,1,random,mlp,aac_ctd,42
P08153,Q02208,0,0.6748659368183791,1,random,mlp,aac_ctd,42
O13554,P40957,0,0.528082444630045,1,random,mlp,aac_ctd,42
P17555,P53011,1,0.8172888105838197,1,random,mlp,aac_ctd,42
P40092,P47052,0,0.9250317194220902,1,random,mlp,aac_ctd,42
P07264,P48559,1,0.47907480617042264,0,random,mlp,aac_ctd,42
P32585,Q02793,0,0.45777631124458956,0,random,mlp,aac_ctd,42
P27614,P39076,1,0.7177016301553203,1,random,mlp,aac_ctd,42
P29295,Q08746,1,0.7892302921304283,1,random,mlp,aac_ctd,42
Q03774,Q04693,1,0.5112905126073788,1,random,mlp,aac_ctd,42
P38219,Q06632,0,0.7072300347906798,1,random,mlp,aac_ctd,42
P47027,P53955,0,0.5808663438395141,1,random,mlp,aac_ctd,42
P32629,P38776,0,0.04112668743028795,0,random,mlp,aac_ctd,42
P22133,P32807,0,0.37367026768688505,0,random,mlp,aac_ctd,42
P11914,P53628,0,0.6985783051866481,1,random,mlp,aac_ctd,42
Q06640,Q12477,1,0.3527810370094261,0,random,mlp,aac_ctd,42
P40573,P47115,0,0.7981166374014865,1,random,mlp,aac_ctd,42
P32610,P40456,0,0.17021693924453765,0,random,mlp,aac_ctd,42
P47012,P48240,1,0.3777752931686309,0,random,mlp,aac_ctd,42
P25584,Q02892,1,0.8488583054109582,1,random,mlp,aac_ctd,42
P49435,Q00711,0,0.9367335804370619,1,random,mlp,aac_ctd,42
P09440,P47166,0,0.32106656566852054,0,random,mlp,aac_ctd,42
P17536,P47083,1,0.8128246195108485,1,random,mlp,aac_ctd,42
P25293,P31380,0,0.5966866146332771,1,random,mlp,aac_ctd,42
Q00381,Q04048,1,0.07160680732932363,0,random,mlp,aac_ctd,42
P25376,P36000,0,0.3682885869719668,0,random,mlp,aac_ctd,42
P53941,Q08723,1,0.4973407102451374,0,random,mlp,aac_ctd,42
P34234,P47064,1,0.6210079742453427,1,random,mlp,aac_ctd,42
P47912,P87108,0,0.0490699638077795,0,random,mlp,aac_ctd,42
P19812,P38703,0,0.12356723630671976,0,random,mlp,aac_ctd,42
P40473,P53599,1,0.9447730320734063,1,random,mlp,aac_ctd,42
P17709,P53068,1,0.9365696597438065,1,random,mlp,aac_ctd,42
P38911,P53685,0,0.04460690982629255,0,random,mlp,aac_ctd,42
P01123,P41811,1,0.3923063735292526,0,random,mlp,aac_ctd,42
P10964,P41818,1,0.07157399198278294,0,random,mlp,aac_ctd,42
P40564,Q02931,1,0.2856855044774505,0,random,mlp,aac_ctd,42
P32797,P38720,0,0.8640441653706199,1,random,mlp,aac_ctd,42
P12868,Q06102,1,0.27835044220314253,0,random,mlp,aac_ctd,42
P06103,P19736,0,0.7248155288969286,1,random,mlp,aac_ctd,42
P40350,P43568,1,0.12918695767123978,0,random,mlp,aac_ctd,42
P25294,P25453,0,0.8299990142574092,1,random,mlp,aac_ctd,42
P38113,P39998,1,0.7559072081852349,1,random,mlp,aac_ctd,42
P38011,P47090,0,0.2674812776410569,0,random,mlp,aac_ctd,42
P32563,P33420,1,0.6918581440280475,1,random,mlp,aac_ctd,42
Q04894,Q08965,1,0.5751780938365634,1,random,mlp,aac_ctd,42
P38627,P47115,0,0.1479885547811533,0,random,mlp,aac_ctd,42
P38768,Q12513,1,0.9552348346001039,1,random,mlp,aac_ctd,42
P38251,P47176,0,0.6797358552404454,1,random,mlp,aac_ctd,42
P36421,P53298,1,0.597250462753712,1,random,mlp,aac_ctd,42
P07262,P41896,0,0.5720822427454444,1,random,mlp,aac_ctd,42
P32618,Q06568,0,0.656955816097486,1,random,mlp,aac_ctd,42
P25586,P32364,1,0.8964171453476975,1,random,mlp,aac_ctd,42
P38348,P53755,1,0.8952288496749368,1,random,mlp,aac_ctd,42
P13434,Q03656,0,0.5610626598818379,1,random,mlp,aac_ctd,42
P46674,Q07442,0,0.26336731913892997,0,random,mlp,aac_ctd,42
P47176,Q12328,1,0.8648304196833176,1,random,mlp,aac_ctd,42
P38153,P38251,0,0.5612959885131092,1,random,mlp,aac_ctd,42
P34909,P39936,1,0.6579921955901867,1,random,mlp,aac_ctd,42
Q03661,Q99176,0,0.3655050175803262,0,random,mlp,aac_ctd,42
P53116,Q05021,1,0.07953674819489359,0,random,mlp,aac_ctd,42
P17505,Q08492,0,0.2661651516095399,0,random,mlp,aac_ctd,42
P36139,Q02825,1,0.46404088220032325,0,random,mlp,aac_ctd,42
P36121,Q05931,0,0.11606852915997076,0,random,mlp,aac_ctd,42
P32786,P47012,1,0.8535451631838297,1,random,mlp,aac_ctd,42
P40064,P48510,0,0.22810593575127286,0,random,mlp,aac_ctd,42
P32499,P40507,0,0.09622712100787499,0,random,mlp,aac_ctd,42
P53215,Q12434,0,0.6509848814144651,1,random,mlp,aac_ctd,42
P33411,Q08271,0,0.19743171454039343,0,random,mlp,aac_ctd,42
P33322,Q06551,1,0.8914272085475408,1,random,mlp,aac_ctd,42
Q04272,Q12157,0,0.6712451929290711,1,random,mlp,aac_ctd,42
P53125,Q08204,1,0.2658210498182931,0,random,mlp,aac_ctd,42
P32589,P49687,1,0.8295658893233583,1,random,mlp,aac_ctd,42
P36034,P52488,0,0.011111687162966812,0,random,mlp,aac_ctd,42
P46672,Q03897,1,0.9149591103286678,1,random,mlp,aac_ctd,42
P38063,P53108,0,0.3551608404314691,0,random,mlp,aac_ctd,42
P21242,Q02260,1,0.4504052111830662,0,random,mlp,aac_ctd,42
P40455,Q12176,0,0.18211647423604704,0,random,mlp,aac_ctd,42
O14467,P07866,1,0.9868073867028136,1,random,mlp,aac_ctd,42
P50095,Q04461,0,0.7577774982321193,1,random,mlp,aac_ctd,42
P54861,Q12050,0,0.28910830904183277,0,random,mlp,aac_ctd,42
P18238,P30624,0,0.20655893973602063,0,random,mlp,aac_ctd,42
P53886,Q12518,1,0.600456100605757,1,random,mlp,aac_ctd,42
P02994,P40541,1,0.9414592594795783,1,random,mlp,aac_ctd,42
P46954,P54784,1,0.25657545483509475,0,random,mlp,aac_ctd,42
Q02890,Q12248,1,0.5447431445608482,1,random,mlp,aac_ctd,42
P27515,Q04636,0,0.29819552715451164,0,random,mlp,aac_ctd,42
P40460,P53115,1,0.7709957923504519,1,random,mlp,aac_ctd,42
P40327,P40355,0,0.44236271145085815,0,random,mlp,aac_ctd,42
P27801,P53971,1,0.5075147729966799,1,random,mlp,aac_ctd,42
P13185,Q12044,1,0.6556892114313002,1,random,mlp,aac_ctd,42
P39927,Q03125,0,0.7053593381932863,1,random,mlp,aac_ctd,42
P20606,P33755,1,0.821308396350313,1,random,mlp,aac_ctd,42
P32902,P35691,0,0.7926012108661203,1,random,mlp,aac_ctd,42
P40352,Q12018,0,0.6059689376929814,1,random,mlp,aac_ctd,42
Q03935,Q04048,0,0.09894147558991341,0,random,mlp,aac_ctd,42
P21691,P53628,0,0.25789463033758936,0,random,mlp,aac_ctd,42
P32911,P38867,0,0.6218489841012232,1,random,mlp,aac_ctd,42
P39935,Q12017,1,0.6827735031912283,1,random,mlp,aac_ctd,42
P38692,P46676,0,0.6370556162643548,1,random,mlp,aac_ctd,42
Q06005,Q06677,0,0.17570678273435103,0,random,mlp,aac_ctd,42
P35169,Q05670,1,0.36170147211547043,0,random,mlp,aac_ctd,42
Q03455,Q04377,0,0.2466100735204215,0,random,mlp,aac_ctd,42
P38988,Q12134,0,0.26064883712693293,0,random,mlp,aac_ctd,42
P13099,P53933,0,0.4786792916775483,0,random,mlp,aac_ctd,42
P40339,P46988,1,0.838599887923695,1,random,mlp,aac_ctd,42
P16140,P32854,1,0.5985515100724141,1,random,mlp,aac_ctd,42
P40969,P46963,0,0.13335490371732284,0,random,mlp,aac_ctd,42
P20606,P47113,1,0.8013244530783404,1,random,mlp,aac_ctd,42
P03965,P53131,0,0.47910207397422094,0,random,mlp,aac_ctd,42
P32805,P53865,0,0.7736902612321575,1,random,mlp,aac_ctd,42
P42951,Q04149,1,0.7777533430192614,1,random,mlp,aac_ctd,42
P26263,P39003,0,0.0981656935422432,0,random,mlp,aac_ctd,42
Q00416,Q12380,1,0.10854853775497722,0,random,mlp,aac_ctd,42
P07270,Q06675,0,0.6977684498954103,1,random,mlp,aac_ctd,42
P34240,P39875,0,0.47609754385154246,0,random,mlp,aac_ctd,42
P25299,Q02932,0,0.7578875407309333,1,random,mlp,aac_ctd,42
P17157,P52918,1,0.6740490388951258,1,random,mlp,aac_ctd,42
P39962,P41814,1,0.7833846152188867,1,random,mlp,aac_ctd,42
P38627,Q12083,0,0.6066244630873951,1,random,mlp,aac_ctd,42
Q03558,Q12328,1,0.759731581826321,1,random,mlp,aac_ctd,42
P48510,Q12098,0,0.6382853444555507,1,random,mlp,aac_ctd,42
P19659,P40988,0,0.08964976670002295,0,random,mlp,aac_ctd,42
P21801,Q07508,1,0.28028039025152457,0,random,mlp,aac_ctd,42
P13517,P34160,1,0.5939846573418008,1,random,mlp,aac_ctd,42
P39718,P41912,0,0.4169394416845151,0,random,mlp,aac_ctd,42
Q03834,Q03860,0,0.010289273692818218,0,random,mlp,aac_ctd,42
P39729,P48439,0,0.28122437138144946,0,random,mlp,aac_ctd,42
P04807,P53040,1,0.8989150208107174,1,random,mlp,aac_ctd,42
P08431,P53974,1,0.40321620672035013,0,random,mlp,aac_ctd,42
P50104,P52891,0,0.4331523682886391,0,random,mlp,aac_ctd,42
P52891,P60010,1,0.6199373663030512,1,random,mlp,aac_ctd,42
P06774,Q12055,0,0.8882406163029084,1,random,mlp,aac_ctd,42
P50108,P53159,1,0.8941420658626561,1,random,mlp,aac_ctd,42
P20081,Q06103,1,0.9238181604590173,1,random,mlp,aac_ctd,42
P34217,P53965,1,0.8014996680156152,1,random,mlp,aac_ctd,42
P12683,P46678,0,0.2601906536137865,0,random,mlp,aac_ctd,42
Q04121,Q07896,1,0.13306684717361322,0,random,mlp,aac_ctd,42
P33335,P39723,0,0.07854977458153704,0,random,mlp,aac_ctd,42
P40988,P42073,1,0.7065671437361163,1,random,mlp,aac_ctd,42
P40038,P47132,0,0.024501058903345054,0,random,mlp,aac_ctd,42
P38988,Q02895,1,0.5734205177568026,1,random,mlp,aac_ctd,42
P40555,P53207,1,0.6267996021102384,1,random,mlp,aac_ctd,42
P06169,Q05568,1,0.7636270894260153,1,random,mlp,aac_ctd,42
P38620,P39715,1,0.9525871678274113,1,random,mlp,aac_ctd,42
P39960,P53540,1,0.5061863705514376,1,random,mlp,aac_ctd,42
P38810,P43555,0,0.15327776361987183,0,random,mlp,aac_ctd,42
O13297,Q12176,0,0.26050577094079713,0,random,mlp,aac_ctd,42
P31377,P38860,0,0.9161172210641987,1,random,mlp,aac_ctd,42
P53131,Q04673,1,0.3619352546080406,0,random,mlp,aac_ctd,42
P53924,Q12250,1,0.8899194885277266,1,random,mlp,aac_ctd,42
P33338,P47104,1,0.39309105219850854,0,random,mlp,aac_ctd,42
P38991,Q06224,0,0.775345002854211,1,random,mlp,aac_ctd,42
P38249,P47171,0,0.2970617673221332,0,random,mlp,aac_ctd,42
P46669,Q07688,0,0.840631597474825,1,random,mlp,aac_ctd,42
P34161,Q12443,0,0.09551235786925097,0,random,mlp,aac_ctd,42
P43612,P53914,0,0.6130249660080467,1,random,mlp,aac_ctd,42
P40529,P43555,0,0.2405334081640814,0,random,mlp,aac_ctd,42
P54837,Q08649,0,0.03781643644952601,0,random,mlp,aac_ctd,42
P53256,Q00955,1,0.9619505672684191,1,random,mlp,aac_ctd,42
P36085,P39940,1,0.5352749166500173,1,random,mlp,aac_ctd,42
P40480,P46988,1,0.5599025148500618,1,random,mlp,aac_ctd,42
P22202,Q08162,1,0.8601274344928426,1,random,mlp,aac_ctd,42
P38862,Q02196,1,0.4990342285039808,0,random,mlp,aac_ctd,42
P53043,Q03973,1,0.7840025902192927,1,random,mlp,aac_ctd,42
P38786,P38829,1,0.7537277540283593,1,random,mlp,aac_ctd,42
P47089,Q04978,1,0.34320396323819297,0,random,mlp,aac_ctd,42
P09798,P48582,1,0.5575797178234265,1,random,mlp,aac_ctd,42
P32328,P40089,1,0.9312875999359658,1,random,mlp,aac_ctd,42
P36421,P47050,1,0.3112209379390228,0,random,mlp,aac_ctd,42
P38953,P40005,0,0.5723579034400735,1,random,mlp,aac_ctd,42
P42839,Q12468,1,0.19035126855981122,0,random,mlp,aac_ctd,42
P38228,P40024,1,0.3688350573223921,0,random,mlp,aac_ctd,42
P53036,Q03322,1,0.9974217885728723,1,random,mlp,aac_ctd,42
P18239,Q05881,0,0.07282077960684634,0,random,mlp,aac_ctd,42
Q08096,Q99299,0,0.19000559507756645,0,random,mlp,aac_ctd,42
P30657,P32368,0,0.4313916990894284,0,random,mlp,aac_ctd,42
P53045,P53865,0,0.21491677104067186,0,random,mlp,aac_ctd,42
P40073,P53551,0,0.17031002380142324,0,random,mlp,aac_ctd,42
P28000,P53184,0,0.7847921736367457,1,random,mlp,aac_ctd,42
P38193,Q12248,1,0.9607649716756332,1,random,mlp,aac_ctd,42
P39954,P41277,0,0.18778261128523405,0,random,mlp,aac_ctd,42
P40087,P53857,0,0.9336443186509499,1,random,mlp,aac_ctd,42
P38764,P54784,0,0.44336112578921516,0,random,mlp,aac_ctd,42
P32578,P35734,1,0.7063326950836863,1,random,mlp,aac_ctd,42
P19658,P53233,0,0.27022220937138997,0,random,mlp,aac_ctd,42
P38068,P45818,0,0.5841496249627812,1,random,mlp,aac_ctd,42
P32582,P36057,0,0.1231689950340787,0,random,mlp,aac_ctd,42
P26263,Q03208,0,0.6192826530170744,1,random,mlp,aac_ctd,42
P25357,Q08215,1,0.8366848003968475,1,random,mlp,aac_ctd,42
P32588,Q7LIF1,0,0.5377329735290262,1,random,mlp,aac_ctd,42
P24384,P53207,0,0.5354855285182366,1,random,mlp,aac_ctd,42
P09734,P26793,1,0.3705142940387383,0,random,mlp,aac_ctd,42
P38153,P39990,1,0.6424093397105074,1,random,mlp,aac_ctd,42
P39515,Q03981,0,0.8321080109684642,1,random,mlp,aac_ctd,42
Q08235,Q12250,1,0.6211705689414593,1,random,mlp,aac_ctd,42
P17505,P38313,0,0.8083443283517693,1,random,mlp,aac_ctd,42
P06838,Q12329,0,0.15056695348573546,0,random,mlp,aac_ctd,42
P25808,Q00772,0,0.7664563095932366,1,random,mlp,aac_ctd,42
P12385,P13045,1,0.433084340613009,0,random,mlp,aac_ctd,42
Q04307,Q04439,0,0.32068946586631475,0,random,mlp,aac_ctd,42
P15873,P53082,1,0.9337411979602938,1,random,mlp,aac_ctd,42
P53930,Q12220,1,0.4271434499044094,0,random,mlp,aac_ctd,42
P29509,Q04233,1,0.47838009300885836,0,random,mlp,aac_ctd,42
P38703,P43603,0,0.144650686586459,0,random,mlp,aac_ctd,42
P19145,Q04978,1,0.1945436504029436,0,random,mlp,aac_ctd,42
P00331,Q03125,0,0.9300887149695376,1,random,mlp,aac_ctd,42
P32529,P39743,0,0.168212453361797,0,random,mlp,aac_ctd,42
P13663,P53286,1,0.34317400350161675,0,random,mlp,aac_ctd,42
P25635,Q12514,1,0.9246040001352931,1,random,mlp,aac_ctd,42
P53845,Q07904,0,0.675127258723075,1,random,mlp,aac_ctd,42
P26343,P43565,0,0.13188273896389494,0,random,mlp,aac_ctd,42
P14126,P38111,0,0.9506450025995751,1,random,mlp,aac_ctd,42
P33418,P49704,1,0.7167031610375098,1,random,mlp,aac_ctd,42
P46681,P53212,0,0.3916578291612092,0,random,mlp,aac_ctd,42
P54885,Q08886,1,0.9038028349339463,1,random,mlp,aac_ctd,42
P39723,P53168,1,0.24681904842341162,0,random,mlp,aac_ctd,42
P36017,P38805,1,0.42487258041963,0,random,mlp,aac_ctd,42
P32898,P47166,0,0.3070899144222573,0,random,mlp,aac_ctd,42
P15807,P25567,1,0.30214538370230154,0,random,mlp,aac_ctd,42
P53924,Q06224,0,0.7455776614040953,1,random,mlp,aac_ctd,42
Q00955,Q03010,1,0.7786081564355727,1,random,mlp,aac_ctd,42
P48836,P53184,1,0.9549776320064233,1,random,mlp,aac_ctd,42
P07269,P52491,0,0.9188771676240188,1,random,mlp,aac_ctd,42
P24783,P53824,0,0.9750533213656946,1,random,mlp,aac_ctd,42
P39520,Q00711,0,0.06166117095949191,0,random,mlp,aac_ctd,42
P40092,Q12129,1,0.9607446099340263,1,random,mlp,aac_ctd,42
P19454,P20459,1,0.7196284117585342,1,random,mlp,aac_ctd,42
P36036,Q06177,0,0.9138140673019506,1,random,mlp,aac_ctd,42
P39720,Q08287,1,0.7123776454818497,1,random,mlp,aac_ctd,42
P28000,Q06651,0,0.05788957700561393,0,random,mlp,aac_ctd,42
P24869,Q00711,0,0.40773972609406617,0,random,mlp,aac_ctd,42
P15442,Q04437,0,0.29670587686425975,0,random,mlp,aac_ctd,42
P34161,P40482,0,0.5620406526391637,1,random,mlp,aac_ctd,42
P06103,P40413,1,0.6982904583713149,1,random,mlp,aac_ctd,42
P36161,P48568,0,0.5874946072976729,1,random,mlp,aac_ctd,42
P50945,Q12038,1,0.08926149492231313,0,random,mlp,aac_ctd,42
P38682,P43568,1,0.1629008201186302,0,random,mlp,aac_ctd,42
P07703,P53552,0,0.3470319100239192,0,random,mlp,aac_ctd,42
P39994,Q12499,1,0.9853061961360583,1,random,mlp,aac_ctd,42
P11978,Q07904,0,0.02560060392611326,0,random,mlp,aac_ctd,42
P32528,P43555,0,0.38285704608054655,0,random,mlp,aac_ctd,42
P38717,Q12446,0,0.9743075935288683,1,random,mlp,aac_ctd,42
P38842,P39723,0,0.05680755135745516,0,random,mlp,aac_ctd,42
P36009,P52490,0,0.606480575314444,1,random,mlp,aac_ctd,42
P21306,P41921,1,0.9726745566480425,1,random,mlp,aac_ctd,42
P08678,P28239,1,0.5488550741521231,1,random,mlp,aac_ctd,42
P19658,P41912,0,0.4620821581806635,0,random,mlp,aac_ctd,42
P40482,Q99181,1,0.23082818206844938,0,random,mlp,aac_ctd,42
P36147,Q04847,0,0.2317703920972886,0,random,mlp,aac_ctd,42
P53540,Q12082,0,0.09451296093235098,0,random,mlp,aac_ctd,42
P40885,P48837,0,0.3667919774031841,0,random,mlp,aac_ctd,42
P21951,P47167,1,0.27839960114220136,0,random,mlp,aac_ctd,42
P32807,Q05471,0,0.3886965438177158,0,random,mlp,aac_ctd,42
P38682,Q08491,1,0.7075748640057117,1,random,mlp,aac_ctd,42
P07273,P20795,0,0.4500814772200105,0,random,mlp,aac_ctd,42
P25390,P38717,0,0.33247696248472786,0,random,mlp,aac_ctd,42
P38753,Q06706,1,0.7381485711043211,1,random,mlp,aac_ctd,42
P32504,Q04411,1,0.5335895720289607,1,random,mlp,aac_ctd,42
P38249,Q02100,1,0.5344649225537834,1,random,mlp,aac_ctd,42
P40202,Q07786,1,0.8745193640299271,1,random,mlp,aac_ctd,42
P14832,Q08886,1,0.6887319853071996,1,random,mlp,aac_ctd,42
P39875,P39935,0,0.23537676670727517,0,random,mlp,aac_ctd,42
P22082,Q04002,0,0.3578472715084838,0,random,mlp,aac_ctd,42
P38313,Q12028,1,0.7871296892053824,1,random,mlp,aac_ctd,42
P52286,Q01722,0,0.7622384484031139,1,random,mlp,aac_ctd,42
P33401,Q12321,0,0.7146913385187259,1,random,mlp,aac_ctd,42
P46655,Q6Q547,1,0.969519392457873,1,random,mlp,aac_ctd,42
P20433,P38723,0,0.19873290322497264,0,random,mlp,aac_ctd,42
P31109,P38696,1,0.9432707442324566,1,random,mlp,aac_ctd,42
P49334,P53863,0,0.940040239241134,1,random,mlp,aac_ctd,42
P25491,Q12321,0,0.8486393369133802,1,random,mlp,aac_ctd,42
P25558,P27472,1,0.568102952817579,1,random,mlp,aac_ctd,42
P32618,P43563,0,0.3893805269131656,0,random,mlp,aac_ctd,42
P14724,P36049,1,0.9834737276936425,1,random,mlp,aac_ctd,42
P50113,P53184,1,0.6032075385823349,1,random,mlp,aac_ctd,42
P42946,Q03920,0,0.0030795610622120053,0,random,mlp,aac_ctd,42
P26570,P40567,1,0.9454910222043835,1,random,mlp,aac_ctd,42
P30656,Q08746,1,0.7396739578900521,1,random,mlp,aac_ctd,42
P06700,P23285,0,0.16126832537025626,0,random,mlp,aac_ctd,42
P33892,Q12216,0,0.20176386713140654,0,random,mlp,aac_ctd,42
P12945,P36018,1,0.2690798399396884,0,random,mlp,aac_ctd,42
P27476,Q07834,0,0.3742377127168624,0,random,mlp,aac_ctd,42
P40186,Q12380,1,0.7513947059501023,1,random,mlp,aac_ctd,42
P33334,P43563,1,0.5156221970790035,1,random,mlp,aac_ctd,42
P32773,P33767,0,0.2537447056050878,0,random,mlp,aac_ctd,42
P23285,P38149,0,0.20558061679908568,0,random,mlp,aac_ctd,42
P40477,P40565,1,0.12676095633216808,0,random,mlp,aac_ctd,42
P34240,P35723,0,0.24980737687250631,0,random,mlp,aac_ctd,42
P46682,Q12343,0,0.6014841603404067,1,random,mlp,aac_ctd,42
P06843,P34216,1,0.8122382328794368,1,random,mlp,aac_ctd,42
P38811,Q12026,1,0.10593571813080539,0,random,mlp,aac_ctd,42
P38823,Q05080,1,0.8805748994228081,1,random,mlp,aac_ctd,42
P40970,Q08465,0,0.3195299047745343,0,random,mlp,aac_ctd,42
P38811,P42846,0,0.4283967055097634,0,random,mlp,aac_ctd,42
P32585,P38328,0,0.5415753569613307,1,random,mlp,aac_ctd,42
P35177,P36121,1,0.18254135886872086,0,random,mlp,aac_ctd,42
P25586,P27351,1,0.8871886694000883,1,random,mlp,aac_ctd,42
P53131,Q03280,1,0.29953083103195305,0,random,mlp,aac_ctd,42
P40529,P53549,1,0.4604390488927252,0,random,mlp,aac_ctd,42
P01119,Q02630,0,0.5578138170844533,1,random,mlp,aac_ctd,42
P36130,P41834,1,0.9331706314198273,1,random,mlp,aac_ctd,42
P09938,P38720,1,0.6630213515912452,1,random,mlp,aac_ctd,42
P38689,Q02354,1,0.7633375407741262,1,random,mlp,aac_ctd,42
P31385,Q02890,1,0.286544317354893,0,random,mlp,aac_ctd,42
P38700,Q05031,0,0.8448394181362656,1,random,mlp,aac_ctd,42
P24783,P43603,1,0.6920216254861199,1,random,mlp,aac_ctd,42
P18239,P36168,1,0.1910449526455215,0,random,mlp,aac_ctd,42
P22139,P53914,1,0.6862974783808777,1,random,mlp,aac_ctd,42
P47012,P53823,0,0.8680090537859697,1,random,mlp,aac_ctd,42
P38276,P38881,0,0.2751218035876373,0,random,mlp,aac_ctd,42
Q04002,Q12749,0,0.14914530555674196,0,random,mlp,aac_ctd,42
P21374,P38748,1,0.719432474913673,1,random,mlp,aac_ctd,42
P25719,P33891,1,0.7031408196825727,1,random,mlp,aac_ctd,42
P38788,P47090,0,0.2113746394343494,0,random,mlp,aac_ctd,42
P33421,Q12306,0,0.015494897201666897,0,random,mlp,aac_ctd,42
P33895,P38932,1,0.8944369300709901,1,random,mlp,aac_ctd,42
P27637,Q04338,1,0.40320761331125443,0,random,mlp,aac_ctd,42
P33334,Q12161,0,0.4590288133665901,0,random,mlp,aac_ctd,42
P13856,P43612,1,0.8517018522219341,1,random,mlp,aac_ctd,42
P38439,P53919,0,0.9077971520168477,1,random,mlp,aac_ctd,42
P08524,P40202,1,0.7042198884202254,1,random,mlp,aac_ctd,42
P46949,Q12691,1,0.4986168750734751,0,random,mlp,aac_ctd,42
P14736,Q06160,1,0.32151955333699295,0,random,mlp,aac_ctd,42
P08679,P14904,1,0.8119140176417492,1,random,mlp,aac_ctd,42
P22204,P42951,1,0.7733759239921627,1,random,mlp,aac_ctd,42
P00830,P38623,1,0.4630623019114471,0,random,mlp,aac_ctd,42
P27351,P36018,1,0.45825552428056904,0,random,mlp,aac_ctd,42
P47027,Q12038,0,0.3847138025333831,0,random,mlp,aac_ctd,42
P33755,P53286,1,0.14430247593159795,0,random,mlp,aac_ctd,42
P14359,Q02608,0,0.8067575543223076,1,random,mlp,aac_ctd,42
P07261,Q06200,0,0.3506459574753393,0,random,mlp,aac_ctd,42
Q03088,Q06640,1,0.3523780882337471,0,random,mlp,aac_ctd,42
Q02629,Q06451,1,0.6246263733108613,1,random,mlp,aac_ctd,42
P19659,P36049,0,0.46973919555425625,0,random,mlp,aac_ctd,42
P04807,P07991,1,0.9442818802775554,1,random,mlp,aac_ctd,42
P24867,P38429,0,0.17009243021715997,0,random,mlp,aac_ctd,42
P38204,Q12248,0,0.837365512338787,1,random,mlp,aac_ctd,42
P32387,P32479,0,0.3301909724169973,0,random,mlp,aac_ctd,42
P32788,P36013,0,0.04146998027684706,0,random,mlp,aac_ctd,42
P07278,Q06245,1,0.4284193207002979,0,random,mlp,aac_ctd,42
P00724,Q04217,1,0.2699983922517326,0,random,mlp,aac_ctd,42
P32641,P35198,0,0.29714191699674,0,random,mlp,aac_ctd,42
P38346,Q12518,1,0.6115490546143386,1,random,mlp,aac_ctd,42
P38249,Q08119,1,0.3492340283504698,0,random,mlp,aac_ctd,42
Q08245,Q08956,1,0.6576863122738468,1,random,mlp,aac_ctd,42
P08566,P34164,1,0.7621868907551987,1,random,mlp,aac_ctd,42
P36421,Q07688,1,0.8513199356592547,1,random,mlp,aac_ctd,42
Q03661,Q08235,0,0.273891380694399,0,random,mlp,aac_ctd,42
P39936,Q03661,0,0.31686485319617064,0,random,mlp,aac_ctd,42
P30619,P42846,1,0.8432264071000156,1,random,mlp,aac_ctd,42
P32861,P36015,1,0.11668511752403697,0,random,mlp,aac_ctd,42
P41815,Q03750,0,0.062410151228138935,0,random,mlp,aac_ctd,42
P32905,Q04005,1,0.9359428899334323,1,random,mlp,aac_ctd,42
P34216,P38063,1,0.6744980164708992,1,random,mlp,aac_ctd,42
P38072,P38346,0,0.7813311258027911,1,random,mlp,aac_ctd,42
P08964,P15303,1,0.4292171079474099,0,random,mlp,aac_ctd,42
P07149,P39083,1,0.6489271646187764,1,random,mlp,aac_ctd,42
P23287,Q00772,0,0.452536858497229,0,random,mlp,aac_ctd,42
P35169,P38690,1,0.6785541281013537,1,random,mlp,aac_ctd,42
P34087,Q12017,1,0.2478570073590021,0,random,mlp,aac_ctd,42
P36107,P40460,0,0.07462821180969366,0,random,mlp,aac_ctd,42
Q04511,Q12264,1,0.06505086604519253,0,random,mlp,aac_ctd,42
P53145,Q03654,1,0.5288688169110662,1,random,mlp,aac_ctd,42
Q00873,Q04322,0,0.33061820586899365,0,random,mlp,aac_ctd,42
P25559,P47019,1,0.24368817677058094,0,random,mlp,aac_ctd,42
P33203,P51601,1,0.9162461611879885,1,random,mlp,aac_ctd,42
P53131,P53540,0,0.5392676727757814,1,random,mlp,aac_ctd,42
P29295,Q12328,1,0.6343421845575636,1,random,mlp,aac_ctd,42
P32319,P35198,0,0.4913919058428547,0,random,mlp,aac_ctd,42
P10659,P25371,0,0.380211979480324,0,random,mlp,aac_ctd,42
P26754,Q05785,0,0.6097519806764723,1,random,mlp,aac_ctd,42
P15705,Q12004,0,0.4477342089292655,0,random,mlp,aac_ctd,42
P32849,P35190,1,0.7120260190317553,1,random,mlp,aac_ctd,42
Q04461,Q12066,0,0.34816528351114606,0,random,mlp,aac_ctd,42
P47027,Q03940,1,0.6255935512312597,1,random,mlp,aac_ctd,42
P21801,P36149,1,0.012798335917754299,0,random,mlp,aac_ctd,42
P53036,Q06673,1,0.7670822329095061,1,random,mlp,aac_ctd,42
P40991,Q05881,1,0.6433245301008175,1,random,mlp,aac_ctd,42
P25646,P53437,0,0.19311496571612183,0,random,mlp,aac_ctd,42
P40969,Q08004,0,0.016305974289726275,0,random,mlp,aac_ctd,42
P43545,Q06673,0,0.35798308427774433,0,random,mlp,aac_ctd,42
P10961,P38070,0,0.4912362720024354,0,random,mlp,aac_ctd,42
P16140,Q02795,0,0.3325552972041147,0,random,mlp,aac_ctd,42
P19736,P43562,0,0.060289055288028526,0,random,mlp,aac_ctd,42
P27692,P38989,0,0.4269068251010681,0,random,mlp,aac_ctd,42
P07250,P39968,0,0.4970512031770564,0,random,mlp,aac_ctd,42
P05317,P05453,1,0.505371970419782,1,random,mlp,aac_ctd,42
P41318,P53271,1,0.9686614777359064,1,random,mlp,aac_ctd,42
P35842,P38112,0,0.009150273611741307,0,random,mlp,aac_ctd,42
P38991,Q04005,1,0.5437393949355955,1,random,mlp,aac_ctd,42
P35180,P41805,0,0.3805660625890013,0,random,mlp,aac_ctd,42
P07347,P38112,0,0.5821849928396508,1,random,mlp,aac_ctd,42
P43587,Q99385,1,0.8147374752090405,1,random,mlp,aac_ctd,42
P38319,Q12060,1,0.3070790676645059,0,random,mlp,aac_ctd,42
P04786,P39960,0,0.18864319334437113,0,random,mlp,aac_ctd,42
P33328,P38871,1,0.8002868242245633,1,random,mlp,aac_ctd,42
P32453,P39515,1,0.40821887115983513,0,random,mlp,aac_ctd,42
P53082,Q06551,1,0.5715739097295517,1,random,mlp,aac_ctd,42
P09959,Q04636,0,0.672586650242018,1,random,mlp,aac_ctd,42
P25357,P39743,1,0.9560019446765486,1,random,mlp,aac_ctd,42
P02294,P36161,0,0.08629598084585915,0,random,mlp,aac_ctd,42
P11978,Q08685,1,0.6612088065223889,1,random,mlp,aac_ctd,42
P35194,P53893,1,0.3164628684185809,0,random,mlp,aac_ctd,42
P32833,P38287,0,0.4410257111248985,0,random,mlp,aac_ctd,42
P21651,Q03792,0,0.5253453298694816,1,random,mlp,aac_ctd,42
P24870,P38786,1,0.7854553946884281,1,random,mlp,aac_ctd,42
P30656,P32566,1,0.4511145288834606,0,random,mlp,aac_ctd,42
P12945,P39875,0,0.2521680773100081,0,random,mlp,aac_ctd,42
P21672,P40020,0,0.5258942842567036,1,random,mlp,aac_ctd,42
P02293,Q12427,1,0.45271572050969444,0,random,mlp,aac_ctd,42
P00924,Q07540,0,0.740275420092985,1,random,mlp,aac_ctd,42
P32628,P40480,1,0.5968902805935541,1,random,mlp,aac_ctd,42
P30283,Q02775,1,0.7846276527847476,1,random,mlp,aac_ctd,42
P12385,P39744,1,0.8022896568671742,1,random,mlp,aac_ctd,42
P32264,P35723,0,0.08635658129147719,0,random,mlp,aac_ctd,42
Q03957,Q06135,0,0.5909299499762678,1,random,mlp,aac_ctd,42
P53254,Q12449,1,0.881278453735615,1,random,mlp,aac_ctd,42
Q02821,Q06409,1,0.8050242641388827,1,random,mlp,aac_ctd,42
P23291,P32790,0,0.3810551789858871,0,random,mlp,aac_ctd,42
P46974,Q04338,0,0.07768703836779148,0,random,mlp,aac_ctd,42
P21182,P35056,1,0.5220260842815353,1,random,mlp,aac_ctd,42
P53176,P54885,0,0.46581704197989016,0,random,mlp,aac_ctd,42
P12904,P36149,1,0.4270062524629714,0,random,mlp,aac_ctd,42
P35194,P36047,1,0.5816429789552564,1,random,mlp,aac_ctd,42
P14126,P40988,1,0.7541978680883131,1,random,mlp,aac_ctd,42
P40456,P53259,1,0.34186803671315313,0,random,mlp,aac_ctd,42
P49687,P60010,1,0.9170629981178247,1,random,mlp,aac_ctd,42
P05626,P38820,0,0.8295453727606008,1,random,mlp,aac_ctd,42
P32336,P53221,1,0.9698996659741854,1,random,mlp,aac_ctd,42
P19358,P48361,0,0.6462406358733453,1,random,mlp,aac_ctd,42
P17065,P19882,1,0.9595781006744781,1,random,mlp,aac_ctd,42
P22147,P25586,1,0.8078291718096683,1,random,mlp,aac_ctd,42
P32854,Q12206,1,0.6281976708019618,1,random,mlp,aac_ctd,42
P21827,Q12417,0,0.7640740984257701,1,random,mlp,aac_ctd,42
P39523,Q03096,1,0.6245594216639923,1,random,mlp,aac_ctd,42
P53322,P53742,1,0.03827219551751437,0,random,mlp,aac_ctd,42
P32259,Q06677,1,0.22443633445014002,0,random,mlp,aac_ctd,42
P32855,P47093,1,0.22668537760242646,0,random,mlp,aac_ctd,42
P21691,P36100,1,0.1237919538519763,0,random,mlp,aac_ctd,42
P07257,P53010,0,0.4328474060382231,0,random,mlp,aac_ctd,42
P32773,Q03323,0,0.07350817547284759,0,random,mlp,aac_ctd,42
P39730,Q01159,0,0.6416943828882508,1,random,mlp,aac_ctd,42
Q05471,Q06436,1,0.6189414264218643,1,random,mlp,aac_ctd,42
P15992,P43594,0,0.6572568309643215,1,random,mlp,aac_ctd,42
P47041,Q07824,1,0.4878850727517988,0,random,mlp,aac_ctd,42
P27705,P53168,1,0.20384239903216383,0,random,mlp,aac_ctd,42
Q04675,Q06819,1,0.3735879342778149,0,random,mlp,aac_ctd,42
P32432,P38082,0,0.2923569587129614,0,random,mlp,aac_ctd,42
P17891,P47104,1,0.7581464968207704,1,random,mlp,aac_ctd,42
P53952,Q05949,0,0.15185236357581097,0,random,mlp,aac_ctd,42
P38348,P46655,1,0.9068161910795407,1,random,mlp,aac_ctd,42
P13365,P47104,1,0.6512629538001625,1,random,mlp,aac_ctd,42
P40048,Q12396,0,0.3818131453182772,0,random,mlp,aac_ctd,42
P30771,P47027,0,0.34861436783773814,0,random,mlp,aac_ctd,42
P35193,P36121,0,0.13886465170979873,0,random,mlp,aac_ctd,42
P32803,P53905,0,0.14308913981243526,0,random,mlp,aac_ctd,42
P32605,P39014,1,0.36307202806128636,0,random,mlp,aac_ctd,42
P38316,Q08956,1,0.5765146575882497,1,random,mlp,aac_ctd,42
P53552,Q04225,0,0.5699510896818671,1,random,mlp,aac_ctd,42
P32838,P47822,1,0.5604770339723142,1,random,mlp,aac_ctd,42
P32657,Q99260,0,0.5000638071809569,1,random,mlp,aac_ctd,42
P36006,P47050,1,0.6259232962135218,1,random,mlp,aac_ctd,42
P38766,P38987,1,0.581677593570612,1,random,mlp,aac_ctd,42
P02293,P38822,1,0.8771423813695168,1,random,mlp,aac_ctd,42
P35203,P53277,1,0.870734932874525,1,random,mlp,aac_ctd,42
P53622,Q06142,1,0.8382254086356896,1,random,mlp,aac_ctd,42
P38301,Q06163,1,0.5404054179013109,1,random,mlp,aac_ctd,42
P04817,Q08683,0,0.0186611534630028,0,random,mlp,aac_ctd,42
P25582,P38132,1,0.3034954368500428,0,random,mlp,aac_ctd,42
P43583,Q04359,1,0.5640759456527982,1,random,mlp,aac_ctd,42
P38903,Q01389,1,0.873984680082002,1,random,mlp,aac_ctd,42
P29703,P38863,1,0.6545062615146093,1,random,mlp,aac_ctd,42
P27801,P40529,1,0.6653861113895142,1,random,mlp,aac_ctd,42
P39996,P54837,1,0.05598124143691348,0,random,mlp,aac_ctd,42
P54862,Q03071,0,0.22890749071141755,0,random,mlp,aac_ctd,42
P38149,P50874,0,0.5761402238157924,1,random,mlp,aac_ctd,42
P32479,P53735,0,0.15091668220388382,0,random,mlp,aac_ctd,42
P36131,Q01684,0,0.7989683201628663,1,random,mlp,aac_ctd,42
P35842,Q12241,0,0.7925839128867075,1,random,mlp,aac_ctd,42
P32914,P48240,0,0.7599692753164976,1,random,mlp,aac_ctd,42
P14741,Q05998,0,0.6538432620992004,1,random,mlp,aac_ctd,42
P38988,P53163,0,0.4715468378311485,0,random,mlp,aac_ctd,42
P25360,P40567,1,0.8306041342759383,1,random,mlp,aac_ctd,42
P39743,P40574,1,0.7498424650237275,1,random,mlp,aac_ctd,42
Q00916,Q06675,0,0.9425941050640687,1,random,mlp,aac_ctd,42
P23202,Q08773,0,0.29688552741621926,0,random,mlp,aac_ctd,42
P30624,P40988,1,0.22290828188279946,0,random,mlp,aac_ctd,42
P21827,P38181,0,0.5122785720499796,1,random,mlp,aac_ctd,42
P38153,P40314,1,0.6836549751853092,1,random,mlp,aac_ctd,42
P15442,P33331,1,0.5978947519046456,1,random,mlp,aac_ctd,42
P17442,P25558,1,0.6248649786692512,1,random,mlp,aac_ctd,42
P36162,P38801,1,0.9576782597133539,1,random,mlp,aac_ctd,42
P25559,P38842,0,0.008485785298673021,0,random,mlp,aac_ctd,42
P25808,Q03337,1,0.2914348757514631,0,random,mlp,aac_ctd,42
P25342,P47113,1,0.28801728413190203,0,random,mlp,aac_ctd,42
P53855,Q12280,1,0.5587447721244715,1,random,mlp,aac_ctd,42
P28006,Q12260,1,0.6018720834782655,1,random,mlp,aac_ctd,42
P33306,P40885,0,0.2555321647062782,0,random,mlp,aac_ctd,42
P19657,P40555,1,0.4769266619716404,0,random,mlp,aac_ctd,42
P38232,Q03956,1,0.615202064268573,1,random,mlp,aac_ctd,42
P01119,P32563,0,0.23194159129545514,0,random,mlp,aac_ctd,42
P25045,Q03337,0,0.6592539393805446,1,random,mlp,aac_ctd,42
P29496,P33332,1,0.6988241870370956,1,random,mlp,aac_ctd,42
P36172,P38751,0,0.02890096041024933,0,random,mlp,aac_ctd,42
P43560,P53953,0,0.6202560890610039,1,random,mlp,aac_ctd,42
P38193,P40032,0,0.7325857361265649,1,random,mlp,aac_ctd,42
P32838,P39715,0,0.7227199914098774,1,random,mlp,aac_ctd,42
P22133,Q04199,1,0.8942616655636684,1,random,mlp,aac_ctd,42
P00546,P57743,1,0.061441072928206136,0,random,mlp,aac_ctd,42
P43586,P53978,1,0.9034022617315743,1,random,mlp,aac_ctd,42
P23724,P53883,1,0.8432940796462154,1,random,mlp,aac_ctd,42
P53824,Q12152,0,0.3618681643356025,0,random,mlp,aac_ctd,42
P25357,P25555,1,0.9152451691043149,1,random,mlp,aac_ctd,42
P12683,Q12243,0,0.03163706406272377,0,random,mlp,aac_ctd,42
P22140,P80428,0,0.1277017071914861,0,random,mlp,aac_ctd,42
P32563,P37302,1,0.8227922727011537,1,random,mlp,aac_ctd,42
P16387,P39111,0,0.6866221557046727,1,random,mlp,aac_ctd,42
P12383,Q12066,0,0.3987344882434387,0,random,mlp,aac_ctd,42
P07560,Q06648,1,0.8157202863814105,1,random,mlp,aac_ctd,42
P00175,P53130,1,0.4356906153035912,0,random,mlp,aac_ctd,42
P25582,P40970,0,0.6053812685829902,1,random,mlp,aac_ctd,42
P14736,P38429,0,0.6586319058561321,1,random,mlp,aac_ctd,42
Q03935,Q99382,0,0.05151725238360728,0,random,mlp,aac_ctd,42
P23776,P43622,1,0.03833884559698597,0,random,mlp,aac_ctd,42
P19882,Q03735,1,0.900603276249568,1,random,mlp,aac_ctd,42
P39967,P41811,1,0.6264045676100833,1,random,mlp,aac_ctd,42
P36009,P40055,0,0.3451101687773018,0,random,mlp,aac_ctd,42
P04386,Q04749,0,0.2900052687189328,0,random,mlp,aac_ctd,42
P40438,P87284,1,0.012218883298569743,0,random,mlp,aac_ctd,42
P41911,P42934,0,0.6951325632239427,1,random,mlp,aac_ctd,42
P14164,P22336,1,0.554776160816682,1,random,mlp,aac_ctd,42
P25360,P33313,1,0.31401048352350247,0,random,mlp,aac_ctd,42
Q08562,Q08923,1,0.22051828273670404,0,random,mlp,aac_ctd,42
P53258,Q04461,0,0.17268731184566827,0,random,mlp,aac_ctd,42
P38850,P40438,0,0.14113680352657165,0,random,mlp,aac_ctd,42
P35201,P38283,0,0.2618841678235274,0,random,mlp,aac_ctd,42
P08678,Q06135,0,0.44621646599712594,0,random,mlp,aac_ctd,42
P28519,P48836,0,0.7250083731037916,1,random,mlp,aac_ctd,42
P38819,P53250,0,0.21896676552087885,0,random,mlp,aac_ctd,42
P53933,Q12168,1,0.304108082604996,0,random,mlp,aac_ctd,42
P32502,P47019,1,0.6252740340291858,1,random,mlp,aac_ctd,42
P32641,Q02100,0,0.8151556080199576,1,random,mlp,aac_ctd,42
Q03338,Q06091,0,0.16953906522135456,0,random,mlp,aac_ctd,42
P32564,P36084,0,0.0996089525541776,0,random,mlp,aac_ctd,42
P51534,Q03280,0,0.5413359171262419,1,random,mlp,aac_ctd,42
P36084,P49687,0,0.704559551866819,1,random,mlp,aac_ctd,42
P36107,P38254,1,0.3393875984839648,0,random,mlp,aac_ctd,42
P39551,P48234,0,0.10601100053823606,0,random,mlp,aac_ctd,42
P32502,P38555,1,0.8948017730576823,1,random,mlp,aac_ctd,42
P32913,Q12045,1,0.2632099453749855,0,random,mlp,aac_ctd,42
P20434,P34217,0,0.9178921825484926,1,random,mlp,aac_ctd,42
P08638,P50278,0,0.7225286263056414,1,random,mlp,aac_ctd,42
P15646,P40509,0,0.9645752107345302,1,random,mlp,aac_ctd,42
P01097,Q99314,0,0.1317737757093144,0,random,mlp,aac_ctd,42
P25719,Q00416,1,0.19406278173716648,0,random,mlp,aac_ctd,42
P34241,Q04660,0,0.19658748204990611,0,random,mlp,aac_ctd,42
P41813,P43565,1,0.6359064128920647,1,random,mlp,aac_ctd,42
P20053,P32776,1,0.7174703568250971,1,random,mlp,aac_ctd,42
P32527,Q08217,1,0.7805052861618074,1,random,mlp,aac_ctd,42
P21306,P38353,0,0.7253016371557001,1,random,mlp,aac_ctd,42
P25580,Q12396,1,0.24925134116204914,0,random,mlp,aac_ctd,42
P32350,P38149,1,0.5456188452586457,1,random,mlp,aac_ctd,42
P25369,P38121,0,0.7086669922250731,1,random,mlp,aac_ctd,42
P07262,P27472,1,0.8661116072033637,1,random,mlp,aac_ctd,42
P38156,P53858,0,0.13039593630989654,0,random,mlp,aac_ctd,42
P34216,Q12034,1,0.7682014376945986,1,random,mlp,aac_ctd,42
P47176,P53130,1,0.6251654929580692,1,random,mlp,aac_ctd,42
P20437,P25301,0,0.5985741579376357,1,random,mlp,aac_ctd,42
P30619,P39928,0,0.40458767337431695,0,random,mlp,aac_ctd,42
Q03898,Q05670,1,0.6726901460626267,1,random,mlp,aac_ctd,42
P07274,P38811,0,0.8876157693287716,1,random,mlp,aac_ctd,42
P40048,P53199,1,0.8817124182212369,1,random,mlp,aac_ctd,42
P14164,Q12222,1,0.17650687102794071,0,random,mlp,aac_ctd,42
P40095,Q99190,0,0.08040750943271635,0,random,mlp,aac_ctd,42
P22035,P32902,0,0.3285786787101991,0,random,mlp,aac_ctd,42
P06100,P33307,1,0.6100822867029394,1,random,mlp,aac_ctd,42
P26793,P40095,1,0.8015693747903987,1,random,mlp,aac_ctd,42
P33199,P50094,1,0.7401402498730519,1,random,mlp,aac_ctd,42
P22140,P40471,0,0.3876679786127044,0,random,mlp,aac_ctd,42
P13902,Q12233,0,0.037382782829772546,0,random,mlp,aac_ctd,42
Q04110,Q92317,0,0.5377840110369043,1,random,mlp,aac_ctd,42
P10834,P38717,0,0.05347776951623779,0,random,mlp,aac_ctd,42
P47037,Q00684,0,0.7614504241261011,1,random,mlp,aac_ctd,42
P32945,Q99207,1,0.6898681381956923,1,random,mlp,aac_ctd,42
P35169,P46962,1,0.6202868382004748,1,random,mlp,aac_ctd,42
P20053,P38217,1,0.9486180288373839,1,random,mlp,aac_ctd,42
P32559,Q04089,0,0.35494390025797695,0,random,mlp,aac_ctd,42
P33204,P53248,1,0.09405545526091741,0,random,mlp,aac_ctd,42
P03965,P53322,1,0.13564525416870019,0,random,mlp,aac_ctd,42
P33328,Q04493,1,0.5829282298109789,1,random,mlp,aac_ctd,42
P32591,P38749,1,0.5892623825292918,1,random,mlp,aac_ctd,42
P32259,P32583,1,0.23177250059612847,0,random,mlp,aac_ctd,42
P32558,Q12411,0,0.5830971944028444,1,random,mlp,aac_ctd,42
P33331,P38193,1,0.7219987364086026,1,random,mlp,aac_ctd,42
P53834,Q12045,1,0.9590273723094219,1,random,mlp,aac_ctd,42
Q02554,Q04087,1,0.5845567112948147,1,random,mlp,aac_ctd,42
P54790,Q06103,0,0.49393816126903023,0,random,mlp,aac_ctd,42
P07258,P32478,1,0.7092027314815116,1,random,mlp,aac_ctd,42
P06783,P39523,0,0.0580610626139015,0,random,mlp,aac_ctd,42
P38328,P39016,1,0.6275263897502344,1,random,mlp,aac_ctd,42
P39962,Q07471,1,0.5160474117448942,1,random,mlp,aac_ctd,42
P33750,P53829,1,0.2695982906523993,0,random,mlp,aac_ctd,42
Q06164,Q07930,1,0.9810363735389251,1,random,mlp,aac_ctd,42
Q12473,Q12477,1,0.11281197189968657,0,random,mlp,aac_ctd,42
P11746,P38013,1,0.9667033788649398,1,random,mlp,aac_ctd,42
P37012,P41546,0,0.4709887716376688,0,random,mlp,aac_ctd,42
P07260,P28241,0,0.8240932237874293,1,random,mlp,aac_ctd,42
P13574,P40060,1,0.36459433800358837,0,random,mlp,aac_ctd,42
P26309,P39734,0,0.48962809201498836,0,random,mlp,aac_ctd,42
P05694,Q05027,0,0.17286487634917833,0,random,mlp,aac_ctd,42
P22209,P32345,0,0.18264475663558707,0,random,mlp,aac_ctd,42
P00431,P35718,0,0.20702975981553615,0,random,mlp,aac_ctd,42
P38700,Q12222,1,0.30211868438693523,0,random,mlp,aac_ctd,42
Q04636,Q06440,0,0.4222157133203367,0,random,mlp,aac_ctd,42
P13259,P38194,0,0.4135361281877085,0,random,mlp,aac_ctd,42
P02309,P38129,0,0.8088037041587021,1,random,mlp,aac_ctd,42
P21304,P38204,0,0.9627437658155734,1,random,mlp,aac_ctd,42
P38042,Q12527,1,0.4725717868052474,0,random,mlp,aac_ctd,42
P47123,P48524,0,0.4916950244097447,0,random,mlp,aac_ctd,42
P13902,P22147,0,0.22024145369063697,0,random,mlp,aac_ctd,42
P06775,P46675,0,0.034594576385088276,0,random,mlp,aac_ctd,42
P53036,Q03012,1,0.8888400232930905,1,random,mlp,aac_ctd,42
P36068,P40992,0,0.6314105195310566,1,random,mlp,aac_ctd,42
P39552,Q08004,0,0.04150377950309237,0,random,mlp,aac_ctd,42
Q08162,Q12363,1,0.19069065574583385,0,random,mlp,aac_ctd,42
P33399,P53082,1,0.9752936513764926,1,random,mlp,aac_ctd,42
P41810,Q02895,0,0.6712622023346726,1,random,mlp,aac_ctd,42
P38129,Q04491,1,0.5565378739768286,1,random,mlp,aac_ctd,42
P01149,P34110,0,0.11501854183336334,0,random,mlp,aac_ctd,42
P13586,P38749,1,0.44316173274243087,0,random,mlp,aac_ctd,42
P25644,P40014,0,0.21682770373218038,0,random,mlp,aac_ctd,42
Q02732,Q12270,0,0.029352036021464693,0,random,mlp,aac_ctd,42
P38806,P40555,1,0.9796339461436641,1,random,mlp,aac_ctd,42
P19657,P48568,0,0.43527837650305845,0,random,mlp,aac_ctd,42
P26755,P40094,0,0.3521062845474066,0,random,mlp,aac_ctd,42
P26343,Q02866,0,0.1905979760411369,0,random,mlp,aac_ctd,42
P20486,P53211,0,0.12013968297641946,0,random,mlp,aac_ctd,42
P32776,P38123,0,0.2909632802405935,0,random,mlp,aac_ctd,42
P08524,P39534,0,0.5193562027850451,1,random,mlp,aac_ctd,42
Q02199,Q04412,1,0.8928263020097988,1,random,mlp,aac_ctd,42
P38631,P42942,0,0.5319273941693357,1,random,mlp,aac_ctd,42
P39083,P53739,1,0.4735508072194095,0,random,mlp,aac_ctd,42
P32561,P53954,0,0.6621590956660653,1,random,mlp,aac_ctd,42
P32263,P39935,1,0.6589232075732476,1,random,mlp,aac_ctd,42
P07560,P38723,0,0.21599285732797435,0,random,mlp,aac_ctd,42
P23641,P39723,0,0.06121902072414122,0,random,mlp,aac_ctd,42
P43572,P48566,0,0.8384540567620786,1,random,mlp,aac_ctd,42
P00420,Q01329,0,0.0950818693821437,0,random,mlp,aac_ctd,42
P32802,P53845,1,0.9006606689844535,1,random,mlp,aac_ctd,42
P39875,P53253,0,0.18455288981002999,0,random,mlp,aac_ctd,42
P32495,P53184,1,0.9904725206922139,1,random,mlp,aac_ctd,42
P40075,P47041,0,0.7707050246357743,1,random,mlp,aac_ctd,42
P38785,Q12344,1,0.9015834944342429,1,random,mlp,aac_ctd,42
P15891,P23285,0,0.24938323268190385,0,random,mlp,aac_ctd,42
P43545,Q00955,0,0.5104571438517678,1,random,mlp,aac_ctd,42
P31380,Q02608,0,0.2292315668078938,0,random,mlp,aac_ctd,42
P39713,Q12045,1,0.6583733382160317,1,random,mlp,aac_ctd,42
Q05022,Q12020,1,0.41560066487891517,0,random,mlp,aac_ctd,42
P07834,P32864,1,0.7322893938521071,1,random,mlp,aac_ctd,42
P14742,P32324,1,0.7410358745892769,1,random,mlp,aac_ctd,42
P20081,P27472,1,0.53496239711959,1,random,mlp,aac_ctd,42
P25655,P36012,1,0.6968081069709618,1,random,mlp,aac_ctd,42
P33754,P34252,0,0.10552588276239722,0,random,mlp,aac_ctd,42
P40036,P40038,1,0.5790334748603554,1,random,mlp,aac_ctd,42
P27895,Q05775,1,0.8721723629507302,1,random,mlp,aac_ctd,42
Q06644,Q07904,1,0.21689932752778995,0,random,mlp,aac_ctd,42
P22133,P40561,1,0.5256529732530387,1,random,mlp,aac_ctd,42
P25293,Q04307,0,0.09984565829256074,0,random,mlp,aac_ctd,42
P38310,P38823,1,0.706334840876025,1,random,mlp,aac_ctd,42
P33411,Q08746,1,0.6000610305141878,1,random,mlp,aac_ctd,42
P10507,Q06216,0,0.5108194687998644,1,random,mlp,aac_ctd,42
P40434,Q03373,0,0.5567409488143598,1,random,mlp,aac_ctd,42
P21339,Q99186,0,0.7853074265332385,1,random,mlp,aac_ctd,42
P32453,Q04067,0,0.7777074044992758,1,random,mlp,aac_ctd,42
P25336,P40957,0,0.24064411233690317,0,random,mlp,aac_ctd,42
P14742,Q05670,1,0.6913232751214552,1,random,mlp,aac_ctd,42
P23833,P40482,0,0.23686867796495092,0,random,mlp,aac_ctd,42
Q07623,Q07915,1,0.9725741305927629,1,random,mlp,aac_ctd,42
P36130,Q06340,1,0.7494544094815452,1,random,mlp,aac_ctd,42
P53739,Q12017,1,0.5790137341716566,1,random,mlp,aac_ctd,42
P40434,Q05946,0,0.30239616462240276,0,random,mlp,aac_ctd,42
P11747,P36018,0,0.17746447060077583,0,random,mlp,aac_ctd,42
P07866,P13382,0,0.460678561433926,0,random,mlp,aac_ctd,42
P11746,P35189,0,0.9198979904706692,1,random,mlp,aac_ctd,42
P32902,P40469,0,0.41786828415492444,0,random,mlp,aac_ctd,42
P32366,Q03790,1,0.4882126333677275,0,random,mlp,aac_ctd,42
P32478,P50095,1,0.2901890320661762,0,random,mlp,aac_ctd,42
P35729,P36107,1,0.5432845792165205,1,random,mlp,aac_ctd,42
P39926,P53628,1,0.592178016039021,1,random,mlp,aac_ctd,42
P38427,P47025,0,0.43793047249499484,0,random,mlp,aac_ctd,42
P20134,P38152,0,0.6464452975245332,1,random,mlp,aac_ctd,42
P53322,Q03630,1,0.21854537620194817,0,random,mlp,aac_ctd,42
P39966,Q08817,1,0.682533991332452,1,random,mlp,aac_ctd,42
P14242,P40890,0,0.15884004074130806,0,random,mlp,aac_ctd,42
P38881,Q04964,0,0.1632803653951898,0,random,mlp,aac_ctd,42
P32263,P47057,1,0.6036107866782469,1,random,mlp,aac_ctd,42
P35197,Q04031,1,0.976149498297276,1,random,mlp,aac_ctd,42
P25043,P32835,1,0.4245780930065006,0,random,mlp,aac_ctd,42
P32481,Q04225,0,0.2871598730059337,0,random,mlp,aac_ctd,42
P33297,Q03944,0,0.7873603462502815,1,random,mlp,aac_ctd,42
P38156,P40070,0,0.2782743853747494,0,random,mlp,aac_ctd,42
P38219,P43574,1,0.7713922007195175,1,random,mlp,aac_ctd,42
P20604,P36018,1,0.3044597553686189,0,random,mlp,aac_ctd,42
P24384,Q12055,0,0.8091049032770409,1,random,mlp,aac_ctd,42
P41832,Q03862,1,0.34274284131147637,0,random,mlp,aac_ctd,42
O14455,P41911,1,0.7547580885070085,1,random,mlp,aac_ctd,42
P32481,Q08649,1,0.8363511768157836,1,random,mlp,aac_ctd,42
P38247,P38823,1,0.2615047530560476,0,random,mlp,aac_ctd,42
Q00816,Q08683,0,0.2715644537775046,0,random,mlp,aac_ctd,42
P14747,P53129,1,0.557483823897258,1,random,mlp,aac_ctd,42
P38085,Q08446,0,0.13746915771014617,0,random,mlp,aac_ctd,42
P21691,P47061,0,0.08759433793774042,0,random,mlp,aac_ctd,42
P32600,P43561,1,0.7269314071561199,1,random,mlp,aac_ctd,42
P32773,Q06142,1,0.5266056453916844,1,random,mlp,aac_ctd,42
P21691,Q06169,0,0.25321506724342274,0,random,mlp,aac_ctd,42
P07991,P20433,1,0.8599244795291708,1,random,mlp,aac_ctd,42
P40527,Q06091,0,0.5543005199523993,1,random,mlp,aac_ctd,42
P16370,P39955,1,0.6132129015807356,1,random,mlp,aac_ctd,42
P33303,P53316,0,0.48812611254343286,0,random,mlp,aac_ctd,42
P40960,P53961,0,0.024650678225570516,0,random,mlp,aac_ctd,42
P53082,P53243,0,0.8887043511673605,1,random,mlp,aac_ctd,42
P40564,Q06160,1,0.41728962737864006,0,random,mlp,aac_ctd,42
P38429,Q06168,1,0.43549212911135193,0,random,mlp,aac_ctd,42
P18759,P43132,0,0.29833509106182743,0,random,mlp,aac_ctd,42
P38819,P39926,0,0.061976726681260544,0,random,mlp,aac_ctd,42
P32481,P35181,1,0.8424740847948532,1,random,mlp,aac_ctd,42
P33311,P53086,1,0.2665607704850506,0,random,mlp,aac_ctd,42
P38077,Q12343,0,0.699658326796951,1,random,mlp,aac_ctd,42
Q00416,Q02100,1,0.629890035554624,1,random,mlp,aac_ctd,42
P38749,Q06200,0,0.25659578066008104,0,random,mlp,aac_ctd,42
Q02908,Q07540,0,0.3556161178321752,0,random,mlp,aac_ctd,42
P40527,Q06108,0,0.5977453063226179,1,random,mlp,aac_ctd,42
P53067,Q03957,1,0.6200049424420089,1,random,mlp,aac_ctd,42
P38264,P38273,0,0.05888170980740276,0,random,mlp,aac_ctd,42
P38089,Q08949,1,0.367265380000619,0,random,mlp,aac_ctd,42
P22214,P35172,0,0.074652176597897,0,random,mlp,aac_ctd,42
P42941,P43682,0,0.2589256750491008,0,random,mlp,aac_ctd,42
P14681,P39010,0,0.5251105294078899,1,random,mlp,aac_ctd,42
P38273,Q04004,1,0.756664691946313,1,random,mlp,aac_ctd,42
P04912,Q12396,0,0.12630981542166891,0,random,mlp,aac_ctd,42
P11484,P25389,1,0.492895999616846,0,random,mlp,aac_ctd,42
P38286,P38874,0,0.3053000131115558,0,random,mlp,aac_ctd,42
P20434,P53286,0,0.5673250442818296,1,random,mlp,aac_ctd,42
P12754,P42839,1,0.7095065762542373,1,random,mlp,aac_ctd,42
P38264,Q07914,1,0.11607213526962379,0,random,mlp,aac_ctd,42
P32328,P48568,0,0.3570541603694179,0,random,mlp,aac_ctd,42
P53865,Q00246,1,0.22185932812553205,0,random,mlp,aac_ctd,42
P41807,Q08951,1,0.4832958261755422,0,random,mlp,aac_ctd,42
P07278,P38931,0,0.3501067230717127,0,random,mlp,aac_ctd,42
P39940,P54861,1,0.36710961119338564,0,random,mlp,aac_ctd,42
P04912,P38810,0,0.21097041831623461,0,random,mlp,aac_ctd,42
P38282,P50113,1,0.38177178836243286,0,random,mlp,aac_ctd,42
P30656,P39540,0,0.01604301044667245,0,random,mlp,aac_ctd,42
P32486,P40563,0,0.5500808218874851,1,random,mlp,aac_ctd,42
P36005,P60010,1,0.561552396044185,1,random,mlp,aac_ctd,42
P33400,P46677,1,0.4213792192235291,0,random,mlp,aac_ctd,42
P39969,P53196,1,0.886832477396297,1,random,mlp,aac_ctd,42
P38783,P43605,0,0.9111410378953436,1,random,mlp,aac_ctd,42
P31539,Q92331,1,0.7478084388969536,1,random,mlp,aac_ctd,42
P19524,P40969,0,0.3112294966912631,0,random,mlp,aac_ctd,42
P22213,P32491,1,0.7502023758335965,1,random,mlp,aac_ctd,42
P13393,Q12276,0,0.16522865313199667,0,random,mlp,aac_ctd,42
P17898,P40187,0,0.06986741022220216,0,random,mlp,aac_ctd,42
P23644,Q03455,0,0.3023864084010397,0,random,mlp,aac_ctd,42
P32500,P49686,1,0.5020489995788402,1,random,mlp,aac_ctd,42
P00331,Q06819,1,0.24233855718964561,0,random,mlp,aac_ctd,42
P34161,P40582,0,0.3779007597851238,0,random,mlp,aac_ctd,42
P33891,P38737,1,0.5861524719092057,1,random,mlp,aac_ctd,42
P27796,P32900,1,0.5784995055484257,1,random,mlp,aac_ctd,42
P53295,Q05911,0,0.8949597409343498,1,random,mlp,aac_ctd,42
P07260,P07276,0,0.849098397668754,1,random,mlp,aac_ctd,42
P09624,Q03784,1,0.7445433836533403,1,random,mlp,aac_ctd,42
P39552,Q12151,0,0.2788724081741452,0,random,mlp,aac_ctd,42
P38753,P53824,0,0.8336481372195591,1,random,mlp,aac_ctd,42
P38555,Q06108,1,0.9177506329769313,1,random,mlp,aac_ctd,42
P32591,Q12028,1,0.52743880912709,1,random,mlp,aac_ctd,42
P23202,Q12206,1,0.7304853971938069,1,random,mlp,aac_ctd,42
P04050,Q12468,0,0.20104711102390693,0,random,mlp,aac_ctd,42
P32803,Q03790,0,0.09601237222780741,0,random,mlp,aac_ctd,42
P32501,P38229,1,0.20015053193351223,0,random,mlp,aac_ctd,42
P32368,P53900,0,0.9260691504831577,1,random,mlp,aac_ctd,42
P39707,Q12469,1,0.47267994450927997,0,random,mlp,aac_ctd,42
P38138,P47037,0,0.42949727266457677,0,random,mlp,aac_ctd,42
P40066,P53197,1,0.5151692440345745,1,random,mlp,aac_ctd,42
P16522,P38276,0,0.6383928640297116,1,random,mlp,aac_ctd,42
P26263,P38257,1,0.6514295589218255,1,random,mlp,aac_ctd,42
P19358,Q06676,0,0.3042356396000285,0,random,mlp,aac_ctd,42
P27692,P53313,0,0.7520967179701277,1,random,mlp,aac_ctd,42
P36034,P43639,0,0.02890112957771419,0,random,mlp,aac_ctd,42
P47019,Q03860,0,0.010607270324736254,0,random,mlp,aac_ctd,42
P40348,P53900,0,0.8879963370571928,1,random,mlp,aac_ctd,42
P52593,P53145,1,0.5853327739983376,1,random,mlp,aac_ctd,42
P06105,Q99299,1,0.6276199791010267,1,random,mlp,aac_ctd,42
Q03148,Q12433,0,0.6089430770790446,1,random,mlp,aac_ctd,42
P53743,Q05900,1,0.9528977242859846,1,random,mlp,aac_ctd,42
P38811,P42845,0,0.7894301599942917,1,random,mlp,aac_ctd,42
P40469,P47061,0,0.559770852518931,1,random,mlp,aac_ctd,42
P50101,P54999,1,0.6647235242778824,1,random,mlp,aac_ctd,42
P27351,Q12321,0,0.5608369548482498,1,random,mlp,aac_ctd,42
P12385,Q07914,0,0.10478806272162815,0,random,mlp,aac_ctd,42
P32898,P53685,1,0.4695696181402906,0,random,mlp,aac_ctd,42
P12962,P14724,1,0.9620074543161072,1,random,mlp,aac_ctd,42
P25367,P32491,1,0.38555251009726665,0,random,mlp,aac_ctd,42
P38191,Q12363,0,0.4636256877724681,0,random,mlp,aac_ctd,42
P04051,P33759,0,0.2622289578545721,0,random,mlp,aac_ctd,42
P39935,P40541,1,0.6471719902267081,1,random,mlp,aac_ctd,42
P07270,P33329,1,0.7656449423383264,1,random,mlp,aac_ctd,42
P13574,Q05027,1,0.4697261248080068,0,random,mlp,aac_ctd,42
P38911,Q04964,0,0.2872249470885176,0,random,mlp,aac_ctd,42
P40087,P53233,0,0.6392558299246409,1,random,mlp,aac_ctd,42
P38217,P40202,1,0.7832825296321763,1,random,mlp,aac_ctd,42
P39685,Q12349,0,0.047860302679325034,0,random,mlp,aac_ctd,42
P23293,P50944,1,0.42697513229350165,0,random,mlp,aac_ctd,42
P27801,Q04411,1,0.6533098320225696,1,random,mlp,aac_ctd,42
P34217,Q03532,1,0.6803211591648995,1,random,mlp,aac_ctd,42
P23301,P38915,0,0.6221495421739679,1,random,mlp,aac_ctd,42
P40020,P53145,0,0.6507676998192896,1,random,mlp,aac_ctd,42
P12611,P25302,0,0.6096906284192045,1,random,mlp,aac_ctd,42
P39875,P52918,0,0.2323567054884583,0,random,mlp,aac_ctd,42
P38181,Q03691,1,0.045900452242438265,0,random,mlp,aac_ctd,42
P25454,Q12390,1,0.6161838978623687,1,random,mlp,aac_ctd,42
P38132,Q02774,0,0.04803521283108385,0,random,mlp,aac_ctd,42
P19657,P39014,1,0.5576932005024637,1,random,mlp,aac_ctd,42
P27514,P38146,1,0.0930685466489742,0,random,mlp,aac_ctd,42
P36116,P38769,0,0.03828496940880173,0,random,mlp,aac_ctd,42
P22139,Q03690,0,0.48027834320477963,0,random,mlp,aac_ctd,42
P38729,P43621,1,0.02362948875010155,0,random,mlp,aac_ctd,42
P39001,Q04195,0,0.2496116134475659,0,random,mlp,aac_ctd,42
P38431,P53322,1,0.06327886606259925,0,random,mlp,aac_ctd,42
P25657,P38806,1,0.37331096860454005,0,random,mlp,aac_ctd,42
Q04930,Q12060,0,0.1971654811811447,0,random,mlp,aac_ctd,42
P19955,P46988,0,0.8081929782146341,1,random,mlp,aac_ctd,42
P38850,P40555,1,0.5248001660872864,1,random,mlp,aac_ctd,42
P23776,Q12224,0,0.5627006966887853,1,random,mlp,aac_ctd,42
P31385,Q03944,0,0.20214253301488275,0,random,mlp,aac_ctd,42
P36049,P53978,1,0.857880342109662,1,random,mlp,aac_ctd,42
P33891,P47038,0,0.012747546710772066,0,random,mlp,aac_ctd,42
P39101,P53731,0,0.27838879307003833,0,random,mlp,aac_ctd,42
P16661,P53855,0,0.11023255099530484,0,random,mlp,aac_ctd,42
P36084,P39935,0,0.5654446111959832,1,random,mlp,aac_ctd,42
P47132,P53845,0,0.19593302225997075,0,random,mlp,aac_ctd,42
P22515,Q12124,1,0.17041840870238414,0,random,mlp,aac_ctd,42
P40494,P48562,1,0.2847209256339978,0,random,mlp,aac_ctd,42
P43568,P47150,1,0.14993582487455184,0,random,mlp,aac_ctd,42
P36116,P46674,0,0.10323363317329765,0,random,mlp,aac_ctd,42
P38814,P39925,1,0.733904760660876,1,random,mlp,aac_ctd,42
P47038,Q12102,0,0.01956584275384359,0,random,mlp,aac_ctd,42
P23642,P53930,1,0.31257583561941205,0,random,mlp,aac_ctd,42
P38352,P40991,1,0.7004831914550801,1,random,mlp,aac_ctd,42
P07834,Q04110,0,0.6422152022741999,1,random,mlp,aac_ctd,42
P34164,P53924,1,0.6825306582926511,1,random,mlp,aac_ctd,42
P09032,P32341,0,0.013489009312906551,0,random,mlp,aac_ctd,42
P06243,Q12495,0,0.5151087493219751,1,random,mlp,aac_ctd,42
P38713,P50623,0,0.28505841503216606,0,random,mlp,aac_ctd,42
P38193,P38272,0,0.7790675629768913,1,random,mlp,aac_ctd,42
P32628,P39704,0,0.1482769051261436,0,random,mlp,aac_ctd,42
P12383,P25357,1,0.49675929337073266,0,random,mlp,aac_ctd,42
P20457,P39994,0,0.26241002229561994,0,random,mlp,aac_ctd,42
P11709,Q12341,1,0.35421511069028144,0,random,mlp,aac_ctd,42
P32485,P53254,1,0.6862392282343569,1,random,mlp,aac_ctd,42
P07342,P28004,0,0.5781051210677768,1,random,mlp,aac_ctd,42
P32502,P53867,1,0.6423675972879495,1,random,mlp,aac_ctd,42
P38956,P40453,1,0.8551523723533914,1,random,mlp,aac_ctd,42
P31384,P46672,1,0.5882664248368145,1,random,mlp,aac_ctd,42
P38240,Q6Q547,0,0.12316107297420568,0,random,mlp,aac_ctd,42
P48568,Q92316,0,0.23607905917591415,0,random,mlp,aac_ctd,42
P32767,Q12154,1,0.5825899339839191,1,random,mlp,aac_ctd,42
P35210,P47110,0,0.09410146913682964,0,random,mlp,aac_ctd,42
P25694,P38842,0,0.007241637706464436,0,random,mlp,aac_ctd,42
P11914,P30619,0,0.5348668358019357,1,random,mlp,aac_ctd,42
P39968,Q12224,0,0.8162523536640124,1,random,mlp,aac_ctd,42
P36012,Q03976,0,0.3324415915562321,0,random,mlp,aac_ctd,42
P14306,Q05610,1,0.5933703526202001,1,random,mlp,aac_ctd,42
P09734,P32389,0,0.6299688238186716,1,random,mlp,aac_ctd,42
P20436,P25360,0,0.20762288832452908,0,random,mlp,aac_ctd,42
P04050,P40091,0,0.19878720756644705,0,random,mlp,aac_ctd,42
P12695,Q01217,1,0.21759274918938032,0,random,mlp,aac_ctd,42
P23624,Q07508,1,0.8359820920929322,1,random,mlp,aac_ctd,42
P06100,P25644,1,0.2605267926209685,0,random,mlp,aac_ctd,42
P38316,Q12477,1,0.7194309791362258,1,random,mlp,aac_ctd,42
P19263,P53181,0,0.018398796817832304,0,random,mlp,aac_ctd,42
P13259,P40465,0,0.11187850320808396,0,random,mlp,aac_ctd,42
P09032,Q03322,1,0.9916992051080483,1,random,mlp,aac_ctd,42
P07272,P40007,0,0.1397527718972135,0,random,mlp,aac_ctd,42
O13553,P40555,1,0.3651905367149228,0,random,mlp,aac_ctd,42
P38217,Q08119,1,0.3947759158328187,0,random,mlp,aac_ctd,42
P32849,P38784,0,0.13216713515057546,0,random,mlp,aac_ctd,42
P20438,Q02931,1,0.7210472097584093,1,random,mlp,aac_ctd,42
Q12270,Q99176,0,0.008164916512787267,0,random,mlp,aac_ctd,42
P53847,P89886,1,0.8823696635564715,1,random,mlp,aac_ctd,42
P27636,P40960,1,0.33913137932481896,0,random,mlp,aac_ctd,42
P32524,P40061,1,0.42496265935622224,0,random,mlp,aac_ctd,42
Q03661,Q12194,1,0.23608647143174286,0,random,mlp,aac_ctd,42
P06774,P22209,0,0.5434130216627331,1,random,mlp,aac_ctd,42
P39994,P46669,0,0.36217693066759193,0,random,mlp,aac_ctd,42
P31374,P40036,1,0.636169396905827,1,random,mlp,aac_ctd,42
P38867,P40356,1,0.10915644414976386,0,random,mlp,aac_ctd,42
P25656,P40956,0,0.7996921396682046,1,random,mlp,aac_ctd,42
P14736,Q12256,1,0.14430681047072405,0,random,mlp,aac_ctd,42
P00358,Q08726,1,0.6158949283229687,1,random,mlp,aac_ctd,42
Q00723,Q03088,1,0.9431789192784216,1,random,mlp,aac_ctd,42
P03965,P38957,0,0.6072394144984451,1,random,mlp,aac_ctd,42
P39107,Q05610,1,0.6983011552406644,1,random,mlp,aac_ctd,42
P38637,P40457,1,0.2644517048570855,0,random,mlp,aac_ctd,42
P10961,P32642,0,0.25997521466375606,0,random,mlp,aac_ctd,42
P32318,P53070,0,0.8662674789214242,1,random,mlp,aac_ctd,42
P32859,P53552,0,0.029942002229232306,0,random,mlp,aac_ctd,42
P32898,P38793,1,0.7124587577887046,1,random,mlp,aac_ctd,42
P19454,Q05778,1,0.8280785939170695,1,random,mlp,aac_ctd,42
P20435,P32471,1,0.9116518240412607,1,random,mlp,aac_ctd,42
P39987,Q06628,0,0.6591963537449939,1,random,mlp,aac_ctd,42
Q03532,Q08649,1,0.21146196669515072,0,random,mlp,aac_ctd,42
P37838,Q12297,1,0.8098464549730471,1,random,mlp,aac_ctd,42
P01149,P40003,0,0.04113818530423844,0,random,mlp,aac_ctd,42
P36000,P53171,0,0.26251619472043053,0,random,mlp,aac_ctd,42
P48363,P53150,1,0.5023287603679994,1,random,mlp,aac_ctd,42
P07272,Q03768,0,0.3328339072010815,0,random,mlp,aac_ctd,42
Q06488,Q06490,0,0.25482704929618,0,random,mlp,aac_ctd,42
P15891,P42941,0,0.8652396712906603,1,random,mlp,aac_ctd,42
P38810,P47025,0,0.41768844457647,0,random,mlp,aac_ctd,42
Q02197,Q03254,1,0.7021579802448142,1,random,mlp,aac_ctd,42
P19262,P32318,1,0.8863305249690961,1,random,mlp,aac_ctd,42
P47124,Q01217,0,0.6717799494197374,1,random,mlp,aac_ctd,42
P40479,Q12433,1,0.28852843004321044,0,random,mlp,aac_ctd,42
P12684,P23202,0,0.3273888630110753,0,random,mlp,aac_ctd,42
P25441,Q06411,0,0.05993576044005594,0,random,mlp,aac_ctd,42
P39969,P40217,1,0.6086538833203252,1,random,mlp,aac_ctd,42
Q12349,Q12527,0,0.12306259801828758,0,random,mlp,aac_ctd,42
P07991,P53231,0,0.0852193838590375,0,random,mlp,aac_ctd,42
P15873,P38785,1,0.7391457702670787,1,random,mlp,aac_ctd,42
P39723,P53259,0,0.08736559837458349,0,random,mlp,aac_ctd,42
P38165,Q06679,1,0.6792114490118089,1,random,mlp,aac_ctd,42
P15646,P35688,1,0.9712004500517789,1,random,mlp,aac_ctd,42
P38823,P47025,0,0.6200603970762593,1,random,mlp,aac_ctd,42
P27476,P40484,0,0.7849469790410106,1,random,mlp,aac_ctd,42
P15424,P32796,0,0.7612385799928405,1,random,mlp,aac_ctd,42
P38861,P39936,1,0.2891372320556296,0,random,mlp,aac_ctd,42
P39998,P47165,1,0.48057654520453785,0,random,mlp,aac_ctd,42
P22135,P39713,0,0.5324955312535987,1,random,mlp,aac_ctd,42
P38072,P47012,0,0.8520936673761659,1,random,mlp,aac_ctd,42
P15303,Q12009,1,0.49760740351189714,0,random,mlp,aac_ctd,42
P38713,Q12084,1,0.6651809496802892,1,random,mlp,aac_ctd,42
P35177,Q00245,0,0.9296892314281798,1,random,mlp,aac_ctd,42
P26448,P33399,1,0.0853910259850652,0,random,mlp,aac_ctd,42
P32783,Q12363,1,0.3929000627830335,0,random,mlp,aac_ctd,42
P19145,Q12256,1,0.6367286191116558,1,random,mlp,aac_ctd,42
P32450,Q12315,1,0.9897166804653136,1,random,mlp,aac_ctd,42
P50277,P53344,0,0.10913226817996222,0,random,mlp,aac_ctd,42
P53163,Q12256,1,0.31160664280132094,0,random,mlp,aac_ctd,42
P40328,Q03558,1,0.7421255784440984,1,random,mlp,aac_ctd,42
P06844,P38801,1,0.8691891631878255,1,random,mlp,aac_ctd,42
P09798,P17255,1,0.8617615014947921,1,random,mlp,aac_ctd,42
P15891,P32835,1,0.5021086822050551,1,random,mlp,aac_ctd,42
Q03455,Q99383,0,0.3047581850930964,0,random,mlp,aac_ctd,42
P23337,P38084,1,0.10557439121456053,0,random,mlp,aac_ctd,42
P32349,Q12260,1,0.6943137130051832,1,random,mlp,aac_ctd,42
P32867,P38622,1,0.8094840458454909,1,random,mlp,aac_ctd,42
P05986,P53124,1,0.6940943542346661,1,random,mlp,aac_ctd,42
P38333,P38995,0,0.0813140289978317,0,random,mlp,aac_ctd,42
P38070,P38334,1,0.590162074813264,1,random,mlp,aac_ctd,42
P53861,Q08683,0,0.901851976817265,1,random,mlp,aac_ctd,42
P35180,Q12754,0,0.22422030998216017,0,random,mlp,aac_ctd,42
P53145,P54784,0,0.5918254501911144,1,random,mlp,aac_ctd,42
P11484,P25569,1,0.7808728135697595,1,random,mlp,aac_ctd,42
P32828,P32898,0,0.45242796309726796,0,random,mlp,aac_ctd,42
P15705,Q03954,1,0.10703039278865678,0,random,mlp,aac_ctd,42
P25045,Q03919,0,0.281993457961899,0,random,mlp,aac_ctd,42
P38699,P38998,0,0.5087281655374445,1,random,mlp,aac_ctd,42
P52553,P87284,0,0.00017967304806311676,0,random,mlp,aac_ctd,42
P32333,P41912,0,0.522894430786515,1,random,mlp,aac_ctd,42
P53215,Q02884,0,0.47765908559623826,0,random,mlp,aac_ctd,42
P28817,P38814,1,0.44672569767004944,0,random,mlp,aac_ctd,42
P32495,P32582,1,0.74228115519374,1,random,mlp,aac_ctd,42
P00358,P23644,1,0.8206573187891513,1,random,mlp,aac_ctd,42
P53337,Q12063,0,0.01772554234554435,0,random,mlp,aac_ctd,42
P53131,Q99278,1,0.4539190153260962,0,random,mlp,aac_ctd,42
P02400,P33122,0,0.8718814120048115,1,random,mlp,aac_ctd,42
P13434,P40462,0,0.24792156870623977,0,random,mlp,aac_ctd,42
P18961,P33311,1,0.5287833431954275,1,random,mlp,aac_ctd,42
P40856,Q02795,0,0.11386408400705135,0,random,mlp,aac_ctd,42
P25298,P39113,0,0.6170244431026459,1,random,mlp,aac_ctd,42
P29469,Q03290,0,0.5533766410657897,1,random,mlp,aac_ctd,42
P38153,P45976,0,0.6593529068749658,1,random,mlp,aac_ctd,42
P53086,Q12129,1,0.6007512731072996,1,random,mlp,aac_ctd,42
P32354,P38967,0,0.022699385618942344,0,random,mlp,aac_ctd,42
P25341,Q04031,1,0.9008327277641193,1,random,mlp,aac_ctd,42
P04912,Q03148,1,0.6644441344977624,1,random,mlp,aac_ctd,42
P38990,Q06216,1,0.7929827036869447,1,random,mlp,aac_ctd,42
Q01560,Q03048,1,0.956496751931118,1,random,mlp,aac_ctd,42
P40014,P53116,1,0.0009903527363128895,0,random,mlp,aac_ctd,42
P09959,P40959,1,0.45360666366407326,0,random,mlp,aac_ctd,42
P04786,P39954,1,0.2890928018347516,0,random,mlp,aac_ctd,42
P21243,Q02629,1,0.8697169825162733,1,random,mlp,aac_ctd,42
P53168,P53901,0,0.5082082951002576,1,random,mlp,aac_ctd,42
P40496,P48568,1,0.17748645770019317,0,random,mlp,aac_ctd,42
P23291,P50104,0,0.25480927330996833,0,random,mlp,aac_ctd,42
P07250,P25303,0,0.106237975076155,0,random,mlp,aac_ctd,42
P36520,Q03177,1,0.7965614217532971,1,random,mlp,aac_ctd,42
Q07622,Q12194,0,0.13473415818904633,0,random,mlp,aac_ctd,42
P32559,P47822,0,0.127302144883319,0,random,mlp,aac_ctd,42
P33296,Q04693,0,0.24342372830740058,0,random,mlp,aac_ctd,42
P20050,P38886,0,0.9053476769509765,1,random,mlp,aac_ctd,42
Q06078,Q12154,1,0.4375670871160543,0,random,mlp,aac_ctd,42
P11484,P47123,0,0.7442088143100327,1,random,mlp,aac_ctd,42
P32481,P47822,0,0.43086525990865315,0,random,mlp,aac_ctd,42
P43619,P43638,1,0.8828784067660459,1,random,mlp,aac_ctd,42
Q07418,Q08245,1,0.6916499152603554,1,random,mlp,aac_ctd,42
P41896,Q12004,1,0.21371608447269322,0,random,mlp,aac_ctd,42
P32471,Q05568,1,0.932968453835189,1,random,mlp,aac_ctd,42
P38302,P40457,0,0.2545438742894034,0,random,mlp,aac_ctd,42
P32842,P43609,0,0.39819974662738744,0,random,mlp,aac_ctd,42
P41805,P53973,0,0.28217625135779983,0,random,mlp,aac_ctd,42
P32607,P53971,1,0.42593157725895725,0,random,mlp,aac_ctd,42
P12688,P35203,1,0.6231123034287919,1,random,mlp,aac_ctd,42
P23059,Q08683,0,0.2554085608299328,0,random,mlp,aac_ctd,42
P32854,Q06704,1,0.8337860673340237,1,random,mlp,aac_ctd,42
P38352,P40094,0,0.7422450661198037,1,random,mlp,aac_ctd,42
P38555,P38631,1,0.8777736611169543,1,random,mlp,aac_ctd,42
P33892,Q12163,1,0.5305053754270517,1,random,mlp,aac_ctd,42
P19882,Q12315,1,0.7703476383344893,1,random,mlp,aac_ctd,42
Q03792,Q04675,1,0.535842390777506,1,random,mlp,aac_ctd,42
P07257,P14736,0,0.37306357489763325,0,random,mlp,aac_ctd,42
P50095,Q08438,1,0.9706738929131347,1,random,mlp,aac_ctd,42
P29311,P40319,0,0.23185257888181188,0,random,mlp,aac_ctd,42
P32564,Q12267,0,0.10089939466717515,0,random,mlp,aac_ctd,42
P06839,Q12129,1,0.6190390040745418,1,random,mlp,aac_ctd,42
P53933,Q03761,0,0.17566932386390377,0,random,mlp,aac_ctd,42
P43588,Q05785,1,0.3205676625317921,0,random,mlp,aac_ctd,42
P53283,Q12368,1,0.10208124543524622,0,random,mlp,aac_ctd,42
P38788,P49704,1,0.9552340264357985,1,random,mlp,aac_ctd,42
P38086,Q08273,0,0.5396220906407833,1,random,mlp,aac_ctd,42
P05694,P38123,0,0.13302303584179165,0,random,mlp,aac_ctd,42
P47012,P53959,0,0.8155959116584443,1,random,mlp,aac_ctd,42
P53551,Q08886,0,0.5700056772366157,1,random,mlp,aac_ctd,42
O13553,Q07508,1,0.8871744279247645,1,random,mlp,aac_ctd,42
P18410,Q03792,1,0.8448873237926101,1,random,mlp,aac_ctd,42
P39720,P41807,0,0.35144692409647815,0,random,mlp,aac_ctd,42
P32838,P40079,0,0.8477451559967412,1,random,mlp,aac_ctd,42
P00128,Q12449,0,0.7000219957655948,1,random,mlp,aac_ctd,42
P48582,P53910,0,0.5253133911357932,1,random,mlp,aac_ctd,42
P18759,P32913,1,0.4576882394129563,0,random,mlp,aac_ctd,42
P32499,P40554,0,0.9402033315026931,1,random,mlp,aac_ctd,42
P15646,Q08492,1,0.7108691609640585,1,random,mlp,aac_ctd,42
P32561,P36006,1,0.8843997174235284,1,random,mlp,aac_ctd,42
P20133,P38254,1,0.3298197690984262,0,random,mlp,aac_ctd,42
P14741,P53244,0,0.5791220859131795,1,random,mlp,aac_ctd,42
P32558,Q12336,0,0.02520499487536116,0,random,mlp,aac_ctd,42
P17629,Q08553,0,0.26101006150734873,0,random,mlp,aac_ctd,42
P24867,P33199,1,0.19645969388147502,0,random,mlp,aac_ctd,42
P09938,Q08446,1,0.4257835798205749,0,random,mlp,aac_ctd,42
P38272,Q07418,0,0.46831331512382735,0,random,mlp,aac_ctd,42
P40518,Q08902,0,0.05966952035073702,0,random,mlp,aac_ctd,42
P22204,P50086,1,0.9163299504793333,1,random,mlp,aac_ctd,42
P14904,Q12168,1,0.7673509608978865,1,random,mlp,aac_ctd,42
Q03071,Q12020,1,0.8434218894740539,1,random,mlp,aac_ctd,42
P38265,P47049,1,0.04848188387270637,0,random,mlp,aac_ctd,42
Q08956,Q12527,1,0.5263566444310718,1,random,mlp,aac_ctd,42
P40494,P40495,1,0.7704239617725613,1,random,mlp,aac_ctd,42
P39009,P53824,0,0.7061300088783197,1,random,mlp,aac_ctd,42
P43602,Q02100,0,0.46013655019775174,0,random,mlp,aac_ctd,42
P06838,P32939,0,0.20883988812303003,0,random,mlp,aac_ctd,42
P38811,P39944,0,0.4592574211584859,0,random,mlp,aac_ctd,42
P17121,P25649,1,0.7002642719321499,1,random,mlp,aac_ctd,42
P23285,P43562,0,0.004784838654130237,0,random,mlp,aac_ctd,42
P39969,Q00582,1,0.7204897344379021,1,random,mlp,aac_ctd,42
Q02196,Q04930,1,0.3849129929495245,0,random,mlp,aac_ctd,42
P38727,P40453,0,0.4629774840176261,0,random,mlp,aac_ctd,42
P26188,P53604,0,0.9185550206517512,1,random,mlp,aac_ctd,42
P36165,Q05911,0,0.7843932925588613,1,random,mlp,aac_ctd,42
P38132,Q08387,0,0.281154994343564,0,random,mlp,aac_ctd,42
P25580,P42839,0,0.3143396300875188,0,random,mlp,aac_ctd,42
P25357,P39730,1,0.7116062570083719,1,random,mlp,aac_ctd,42
Q04231,Q08902,0,0.115856717727972,0,random,mlp,aac_ctd,42
P14164,Q04338,1,0.16877513802343683,0,random,mlp,aac_ctd,42
P13434,Q02774,0,0.008468540150689588,0,random,mlp,aac_ctd,42
P38132,P43609,0,0.8430188197586072,1,random,mlp,aac_ctd,42
P36168,Q00873,1,0.5359638420558982,1,random,mlp,aac_ctd,42
P47052,Q12402,0,0.2802180595449846,0,random,mlp,aac_ctd,42
P32796,P43682,0,0.19132874203348546,0,random,mlp,aac_ctd,42
Q12021,Q12044,1,0.768357961419835,1,random,mlp,aac_ctd,42
P32913,Q12734,1,0.6116126848879708,1,random,mlp,aac_ctd,42
P11914,P41697,0,0.4571318767614914,0,random,mlp,aac_ctd,42
Q03103,Q12224,0,0.618282072401712,1,random,mlp,aac_ctd,42
P32501,P32570,0,0.37584907188334443,0,random,mlp,aac_ctd,42
P07560,Q12427,1,0.3460979136663188,0,random,mlp,aac_ctd,42
P53081,Q05881,1,0.7661606793301864,1,random,mlp,aac_ctd,42
P28795,P36008,1,0.8363733556381722,1,random,mlp,aac_ctd,42
P32333,Q00955,0,0.6432667727969629,1,random,mlp,aac_ctd,42
P38786,P38990,1,0.7351883422060935,1,random,mlp,aac_ctd,42
P38270,P50278,1,0.3407711388156402,0,random,mlp,aac_ctd,42
P07866,P39550,0,0.046763397767798434,0,random,mlp,aac_ctd,42
P40303,P40319,0,0.35419849634368133,0,random,mlp,aac_ctd,42
P42846,Q12517,1,0.5856071650933943,1,random,mlp,aac_ctd,42
P34224,Q12038,0,0.12532370286401356,0,random,mlp,aac_ctd,42
P30665,P43603,1,0.3331065571720923,0,random,mlp,aac_ctd,42
P39010,Q12447,0,0.8143966925447338,1,random,mlp,aac_ctd,42
P38310,Q00873,0,0.48725686318571915,0,random,mlp,aac_ctd,42
P48606,Q12460,1,0.7584366002664071,1,random,mlp,aac_ctd,42
P38348,Q04660,1,0.5221203477043225,1,random,mlp,aac_ctd,42
P32327,P32380,1,0.7264180589457055,1,random,mlp,aac_ctd,42
Q06405,Q07824,0,0.022474582074034574,0,random,mlp,aac_ctd,42
P20134,Q03208,1,0.7484765941280119,1,random,mlp,aac_ctd,42
P23291,Q04062,0,0.38889427295077783,0,random,mlp,aac_ctd,42
P19097,P47027,0,0.6353016703160008,1,random,mlp,aac_ctd,42
P38690,P38692,1,0.7330370860687683,1,random,mlp,aac_ctd,42
P42073,Q99299,1,0.7098177730639543,1,random,mlp,aac_ctd,42
P40492,P40513,0,0.104591778573067,0,random,mlp,aac_ctd,42
P40061,Q07471,1,0.5126850996513979,1,random,mlp,aac_ctd,42
P06100,P28791,1,0.43775029098285784,0,random,mlp,aac_ctd,42
P13186,P53010,1,0.5025520746144861,1,random,mlp,aac_ctd,42
P01123,Q08273,1,0.7355438583965273,1,random,mlp,aac_ctd,42
P35178,Q02516,0,0.176485311885162,0,random,mlp,aac_ctd,42
P51862,Q12260,1,0.6919932267774789,1,random,mlp,aac_ctd,42
P38240,Q02336,0,0.0551589655215665,0,random,mlp,aac_ctd,42
P14724,Q06406,1,0.7641120162640908,1,random,mlp,aac_ctd,42
P07703,P23059,0,0.9338860914242983,1,random,mlp,aac_ctd,42
P11709,P42935,1,0.2919844102835529,0,random,mlp,aac_ctd,42
P38181,Q12488,0,0.48527234811790537,0,random,mlp,aac_ctd,42
Q05785,Q08920,1,0.8743842318780725,1,random,mlp,aac_ctd,42
P49573,Q04868,1,0.5858772279781237,1,random,mlp,aac_ctd,42
P30605,Q03012,0,0.14610976619622593,0,random,mlp,aac_ctd,42
P26793,P38042,1,0.3398712245546789,0,random,mlp,aac_ctd,42
P46985,Q12059,0,0.7069400159387071,1,random,mlp,aac_ctd,42
P40483,P57744,0,0.6360247503088914,1,random,mlp,aac_ctd,42
P29703,P41817,0,0.5099569616207831,1,random,mlp,aac_ctd,42
P34218,Q06164,0,0.15128728377556366,0,random,mlp,aac_ctd,42
P43592,Q12468,1,0.25542902272839313,0,random,mlp,aac_ctd,42
P40341,P49435,0,0.5239097231592594,1,random,mlp,aac_ctd,42
P10355,P53233,1,0.07676101842151185,0,random,mlp,aac_ctd,42
P38283,P38708,1,0.6876020438984017,1,random,mlp,aac_ctd,42
Q03768,Q12276,1,0.8099476693055717,1,random,mlp,aac_ctd,42
P06704,P40484,1,0.9107878395321635,1,random,mlp,aac_ctd,42
P25297,Q12018,0,0.559019077333655,1,random,mlp,aac_ctd,42
P36124,Q04749,1,0.6807826589210823,1,random,mlp,aac_ctd,42
P40013,Q03782,1,0.5629339594267375,1,random,mlp,aac_ctd,42
P34253,P48412,1,0.9052674653719056,1,random,mlp,aac_ctd,42
P40013,Q04121,1,0.7329803673413708,1,random,mlp,aac_ctd,42
P36017,Q05471,1,0.22503278066233945,0,random,mlp,aac_ctd,42
Q08229,Q08553,0,0.564165194135767,1,random,mlp,aac_ctd,42
P33333,P40473,1,0.16044511211605805,0,random,mlp,aac_ctd,42
P33301,P36129,0,0.008473071286774879,0,random,mlp,aac_ctd,42
P35056,P50090,0,0.3113459282568973,0,random,mlp,aac_ctd,42
P28817,P47083,1,0.06507376363770674,0,random,mlp,aac_ctd,42
P53254,Q05022,1,0.32209571718205604,0,random,mlp,aac_ctd,42
P36120,Q02629,0,0.806314173072243,1,random,mlp,aac_ctd,42
P20606,P53829,1,0.5598177771080781,1,random,mlp,aac_ctd,42
P32895,P39925,1,0.5506529710300128,1,random,mlp,aac_ctd,42
P36172,Q03619,1,0.41461988739063305,0,random,mlp,aac_ctd,42
P21705,P33203,0,0.6356671407021967,1,random,mlp,aac_ctd,42
P46671,Q03768,0,0.5553711120339313,1,random,mlp,aac_ctd,42
P06242,Q12446,1,0.9780082090773593,1,random,mlp,aac_ctd,42
P38358,Q05080,1,0.16911656185913382,0,random,mlp,aac_ctd,42
P25369,Q05871,1,0.700306561833375,1,random,mlp,aac_ctd,42
P40461,Q06410,1,0.8406239084675855,1,random,mlp,aac_ctd,42
P40007,Q08217,1,0.36225836492611246,0,random,mlp,aac_ctd,42
P14164,Q99278,0,0.33684201873046205,0,random,mlp,aac_ctd,42
P40024,Q02554,1,0.5126801357744776,1,random,mlp,aac_ctd,42
P02557,P53163,1,0.7549931691039503,1,random,mlp,aac_ctd,42
P46673,Q04894,1,0.7648592183471837,1,random,mlp,aac_ctd,42
P20795,Q04562,1,0.7452273831389048,1,random,mlp,aac_ctd,42
P22138,P41318,0,0.8384232398300374,1,random,mlp,aac_ctd,42
P00420,P30619,0,0.027958410186166748,0,random,mlp,aac_ctd,42
P38251,P47012,0,0.8097863750104201,1,random,mlp,aac_ctd,42
P09938,P35691,1,0.7339402503923134,1,random,mlp,aac_ctd,42
Q12280,Q99190,0,0.01657869732375906,0,random,mlp,aac_ctd,42
Q02516,Q99207,0,0.21253427293192925,0,random,mlp,aac_ctd,42
P19955,P36147,1,0.4852911625562754,0,random,mlp,aac_ctd,42
P07347,P14747,1,0.3270201854078964,0,random,mlp,aac_ctd,42
P47165,Q05947,1,0.4451529549438971,0,random,mlp,aac_ctd,42
P38293,P49704,1,0.7373534347629824,1,random,mlp,aac_ctd,42
P54860,Q02825,1,0.7722589172573441,1,random,mlp,aac_ctd,42
P38132,P38742,1,0.8402814520959864,1,random,mlp,aac_ctd,42
P36008,P38753,1,0.7851592059580805,1,random,mlp,aac_ctd,42
P32334,Q06697,0,0.0006717125196059316,0,random,mlp,aac_ctd,42
P39742,Q12344,1,0.7510597567581522,1,random,mlp,aac_ctd,42
P21957,P41805,0,0.4305836791431024,0,random,mlp,aac_ctd,42
P09435,P35497,1,0.9365119926491026,1,random,mlp,aac_ctd,42
P32566,Q02794,0,0.4900482195483879,0,random,mlp,aac_ctd,42
P24719,P32525,0,0.8267058728219439,1,random,mlp,aac_ctd,42
P00175,P40482,1,0.7785637542038916,1,random,mlp,aac_ctd,42
P22139,Q12071,0,0.6540471803522618,1,random,mlp,aac_ctd,42
P32859,Q08685,0,0.03905307089074786,0,random,mlp,aac_ctd,42
P32327,P53011,1,0.9051421842480477,1,random,mlp,aac_ctd,42
P38705,P42934,0,0.16978676181127328,0,random,mlp,aac_ctd,42
P28006,P52918,1,0.6161719393141454,1,random,mlp,aac_ctd,42
P32895,P39984,1,0.8482406385227115,1,random,mlp,aac_ctd,42
P38902,Q12241,0,0.3702451952720242,0,random,mlp,aac_ctd,42
P32805,Q04195,0,0.29324919095566,0,random,mlp,aac_ctd,42
P32523,P32908,0,0.42893752480131786,0,random,mlp,aac_ctd,42
P32610,P38967,0,0.021257017064775282,0,random,mlp,aac_ctd,42
P34730,Q99385,1,0.5337288962114246,1,random,mlp,aac_ctd,42
P40492,P54199,1,0.7021616805441401,1,random,mlp,aac_ctd,42
P43572,Q12124,0,0.2667729848870287,0,random,mlp,aac_ctd,42
P32504,P43602,0,0.6675926841793913,1,random,mlp,aac_ctd,42
P16892,Q06704,1,0.7972484256051041,1,random,mlp,aac_ctd,42
P13574,Q03081,0,0.7560589879375347,1,random,mlp,aac_ctd,42
Q03103,Q12129,0,0.3586109263428497,0,random,mlp,aac_ctd,42
P38282,P40328,1,0.20100557598994817,0,random,mlp,aac_ctd,42
P25367,Q04411,1,0.5156932387400068,1,random,mlp,aac_ctd,42
P04147,P32776,1,0.7575001334071938,1,random,mlp,aac_ctd,42
P36131,Q12372,0,0.006515360213837447,0,random,mlp,aac_ctd,42
P22140,P53203,0,0.317268231552192,0,random,mlp,aac_ctd,42
P81449,Q12020,0,0.15767750681463702,0,random,mlp,aac_ctd,42
P53859,Q03785,1,0.5840187254520363,1,random,mlp,aac_ctd,42
P32939,Q12161,0,0.26625068223761755,0,random,mlp,aac_ctd,42
P25808,P38788,1,0.5829433365666153,1,random,mlp,aac_ctd,42
P07213,P38636,0,0.9715231245860987,1,random,mlp,aac_ctd,42
P53971,Q03935,0,0.11313663933190606,0,random,mlp,aac_ctd,42
P34218,P53743,0,0.8442174565761447,1,random,mlp,aac_ctd,42
P20459,P35178,1,0.4208595244465808,0,random,mlp,aac_ctd,42
P47115,P53244,0,0.19183483700313314,0,random,mlp,aac_ctd,42
P32354,P47822,1,0.26348229544550134,0,random,mlp,aac_ctd,42
P17106,Q12154,0,0.19100968801289758,0,random,mlp,aac_ctd,42
P40319,P53202,0,0.033972119341343254,0,random,mlp,aac_ctd,42
P39705,P53185,1,0.40923714240566955,0,random,mlp,aac_ctd,42
P40475,P40565,0,0.1664849956915325,0,random,mlp,aac_ctd,42
P21304,Q06676,0,0.07812349901400914,0,random,mlp,aac_ctd,42
P38720,P50946,1,0.8142825088177362,1,random,mlp,aac_ctd,42
P40475,P49573,0,0.7841824810639159,1,random,mlp,aac_ctd,42
P22140,P38996,0,0.5493929616854478,1,random,mlp,aac_ctd,42
P13433,P32468,0,0.3847124258702262,0,random,mlp,aac_ctd,42
P38962,Q06001,1,0.19035187204283158,0,random,mlp,aac_ctd,42
P39727,Q08649,1,0.5469113988760343,1,random,mlp,aac_ctd,42
P39079,P48606,1,0.5973372723452439,1,random,mlp,aac_ctd,42
P20053,Q08746,1,0.9396567298604334,1,random,mlp,aac_ctd,42
P33420,P41816,1,0.6858110966204665,1,random,mlp,aac_ctd,42
P29496,P53086,1,0.39995632937298264,0,random,mlp,aac_ctd,42
P38627,P53912,1,0.8829366547602249,1,random,mlp,aac_ctd,42
P32783,P47093,1,0.3492493144197443,0,random,mlp,aac_ctd,42
P02294,Q12691,0,0.58822513215048,1,random,mlp,aac_ctd,42
P11747,P39715,0,0.054872919776962875,0,random,mlp,aac_ctd,42
P40554,P43572,0,0.9410065804782741,1,random,mlp,aac_ctd,42
P25360,P53067,1,0.7300055279838145,1,random,mlp,aac_ctd,42
P38329,Q12450,0,0.5218896595557214,1,random,mlp,aac_ctd,42
P38302,Q12396,0,0.10952261580608642,0,random,mlp,aac_ctd,42
P32432,Q03656,1,0.42501943590227453,0,random,mlp,aac_ctd,42
P06780,P46954,0,0.1181326744226184,0,random,mlp,aac_ctd,42
P28791,Q02205,1,0.9485190748477081,1,random,mlp,aac_ctd,42
P17119,Q12009,1,0.6717973163954625,1,random,mlp,aac_ctd,42
P06242,P35817,0,0.6494134775885742,1,random,mlp,aac_ctd,42
P16661,P53954,1,0.0454955323162786,0,random,mlp,aac_ctd,42
P02294,P10566,1,0.5234139402702176,1,random,mlp,aac_ctd,42
P32457,P53974,1,0.5797553262769594,1,random,mlp,aac_ctd,42
P07250,Q04697,0,0.14249765162420933,0,random,mlp,aac_ctd,42
P18963,P38719,0,0.5092095241269886,1,random,mlp,aac_ctd,42
P32793,P38229,1,0.6151351461994944,1,random,mlp,aac_ctd,42
P38789,Q12019,0,0.2544347681780912,0,random,mlp,aac_ctd,42
P32264,Q12100,1,0.8141113267807777,1,random,mlp,aac_ctd,42
P47052,Q06096,0,0.24914175876308928,0,random,mlp,aac_ctd,42
P33334,Q07657,1,0.655494040660898,1,random,mlp,aac_ctd,42
P25646,P38339,1,0.8840477688979748,1,random,mlp,aac_ctd,42
P38204,Q04195,0,0.628856295072886,1,random,mlp,aac_ctd,42
P28795,Q08438,1,0.9844107043481416,1,random,mlp,aac_ctd,42
P53091,Q06217,1,0.9633912813255184,1,random,mlp,aac_ctd,42
P23724,P35729,1,0.4898056194080552,0,random,mlp,aac_ctd,42
P26188,Q00772,0,0.2246195772179493,0,random,mlp,aac_ctd,42
P53283,Q02256,1,0.7524015570426503,1,random,mlp,aac_ctd,42
P12887,P47113,0,0.2872382418120843,0,random,mlp,aac_ctd,42
P38826,Q04491,0,0.7118443752653675,1,random,mlp,aac_ctd,42
P02557,P47027,0,0.2574813514429703,0,random,mlp,aac_ctd,42
P40020,P54837,0,0.16967642437328265,0,random,mlp,aac_ctd,42
P25451,P43613,0,0.5092786768190528,1,random,mlp,aac_ctd,42
P33328,Q04601,1,0.736704697787535,1,random,mlp,aac_ctd,42
P19454,P53094,1,0.6339890260365372,1,random,mlp,aac_ctd,42
P32447,P38822,1,0.9062902090681196,1,random,mlp,aac_ctd,42
P31412,P53551,0,0.4465117681870543,0,random,mlp,aac_ctd,42
P38270,Q05778,1,0.6339863568658188,1,random,mlp,aac_ctd,42
P04046,P40461,1,0.7149282606590798,1,random,mlp,aac_ctd,42
P38690,P39734,0,0.3415372509280936,0,random,mlp,aac_ctd,42
Q01939,Q06644,0,0.048838882188453295,0,random,mlp,aac_ctd,42
P38288,P38723,1,0.05644547636472248,0,random,mlp,aac_ctd,42
O13559,P22141,1,0.47656162183296596,0,random,mlp,aac_ctd,42
Q03322,Q06632,0,0.9907234283967665,1,random,mlp,aac_ctd,42
P36019,P38805,1,0.8058677772986225,1,random,mlp,aac_ctd,42
P36029,Q08271,0,0.49056161579583907,0,random,mlp,aac_ctd,42
P12294,P25644,0,0.0203517342562114,0,random,mlp,aac_ctd,42
P25294,Q12055,1,0.9256837450422762,1,random,mlp,aac_ctd,42
P53124,Q12168,1,0.2724878288807126,0,random,mlp,aac_ctd,42
O13553,P36008,1,0.45776950524346954,0,random,mlp,aac_ctd,42
P14922,Q04195,0,0.11669552288269154,0,random,mlp,aac_ctd,42
P40457,P53959,0,0.49633777970179177,0,random,mlp,aac_ctd,42
P11927,P38786,1,0.33135659577406334,0,random,mlp,aac_ctd,42
P22276,P36019,0,0.4758314955883578,0,random,mlp,aac_ctd,42
Q07824,Q99383,1,0.2125163669320493,0,random,mlp,aac_ctd,42
P19735,P25586,1,0.8451156036810454,1,random,mlp,aac_ctd,42
P02400,P38744,0,0.5743395478738709,1,random,mlp,aac_ctd,42
P43593,P53628,1,0.38375762822128384,0,random,mlp,aac_ctd,42
P22517,P36003,1,0.7851596053499186,1,random,mlp,aac_ctd,42
P38859,Q03656,1,0.5598053843141378,1,random,mlp,aac_ctd,42
P43555,Q06340,0,0.472819047218608,0,random,mlp,aac_ctd,42
P40492,P40565,1,0.7703955257352482,1,random,mlp,aac_ctd,42
P07264,P53108,0,0.19902760042955117,0,random,mlp,aac_ctd,42
P25615,P38163,0,0.20464039730620107,0,random,mlp,aac_ctd,42
P38316,Q02784,0,0.608218166471199,1,random,mlp,aac_ctd,42
P53955,Q08729,1,0.4242222950814302,0,random,mlp,aac_ctd,42
P32558,Q06251,0,0.26663831031446833,0,random,mlp,aac_ctd,42
P29461,P39531,1,0.5207634039942048,1,random,mlp,aac_ctd,42
P14306,Q12216,0,0.16531463810550834,0,random,mlp,aac_ctd,42
P10823,P43613,1,0.4101782307877194,0,random,mlp,aac_ctd,42
P38156,Q02875,0,0.6102102527661292,1,random,mlp,aac_ctd,42
P11927,P38794,1,0.1790565587191849,0,random,mlp,aac_ctd,42
P02309,P32562,0,0.9074225679539534,1,random,mlp,aac_ctd,42
P19882,P22543,1,0.9618496242289392,1,random,mlp,aac_ctd,42
P23968,P38130,0,0.7470099272501975,1,random,mlp,aac_ctd,42
P38283,P53136,1,0.8238565926829864,1,random,mlp,aac_ctd,42
P08964,Q08204,0,0.44465258334018143,0,random,mlp,aac_ctd,42
P40075,P53865,0,0.5665207952227216,1,random,mlp,aac_ctd,42
P14736,P21672,1,0.39195534849381614,0,random,mlp,aac_ctd,42
P25298,P38232,1,0.5509225166789923,1,random,mlp,aac_ctd,42
P38089,P41807,1,0.5893333553513558,1,random,mlp,aac_ctd,42
P10566,P53834,0,0.28424590794754223,0,random,mlp,aac_ctd,42
P24384,Q02196,0,0.646391766465366,1,random,mlp,aac_ctd,42
P53883,Q12161,0,0.7984927342823933,1,random,mlp,aac_ctd,42
P00830,P32263,1,0.7278571079239035,1,random,mlp,aac_ctd,42
P47122,Q06411,1,0.883412191147238,1,random,mlp,aac_ctd,42
P32803,P48837,0,0.42257972710485103,0,random,mlp,aac_ctd,42
Q06411,Q12174,0,0.04216825063880683,0,random,mlp,aac_ctd,42
P25299,P33297,0,0.9173702451626513,1,random,mlp,aac_ctd,42
P36147,P53968,0,0.020751364186986518,0,random,mlp,aac_ctd,42
Q04868,Q04921,1,0.364316837138839,0,random,mlp,aac_ctd,42
P46949,Q08245,1,0.9699045685325909,1,random,mlp,aac_ctd,42
P09435,Q07471,1,0.5807650771486842,1,random,mlp,aac_ctd,42
P16547,P47045,0,0.47426866260670486,0,random,mlp,aac_ctd,42
P53867,Q06178,1,0.8334067661704488,1,random,mlp,aac_ctd,42
Q03071,Q06679,1,0.7597829519740107,1,random,mlp,aac_ctd,42
P38910,P53933,0,0.19445069343816024,0,random,mlp,aac_ctd,42
Q06648,Q12329,1,0.8515169274345115,1,random,mlp,aac_ctd,42
P32521,P33418,1,0.33983897912878674,0,random,mlp,aac_ctd,42
P32559,Q12321,0,0.2582757921321965,0,random,mlp,aac_ctd,42
P38615,Q03071,1,0.7852579373639648,1,random,mlp,aac_ctd,42
P25359,Q08004,1,0.05859416992701002,0,random,mlp,aac_ctd,42
P15436,P54786,1,0.38321658999874664,0,random,mlp,aac_ctd,42
P43545,Q03280,0,0.281425419890542,0,random,mlp,aac_ctd,42
P25297,Q12034,0,0.39458935989142163,0,random,mlp,aac_ctd,42
P46985,P53739,1,0.8080888020461464,1,random,mlp,aac_ctd,42
P38631,Q12222,1,0.613628947185754,1,random,mlp,aac_ctd,42
P40484,P42843,1,0.8703210565444369,1,random,mlp,aac_ctd,42
P06844,Q12749,0,0.8857640599898906,1,random,mlp,aac_ctd,42
P27614,P38041,1,0.909180140308444,1,random,mlp,aac_ctd,42
P20438,P39743,1,0.8660836190395357,1,random,mlp,aac_ctd,42
P00950,P04147,1,0.7369409076592028,1,random,mlp,aac_ctd,42
P38523,Q03957,0,0.7499738260618004,1,random,mlp,aac_ctd,42
P22336,P39926,1,0.7336115537930714,1,random,mlp,aac_ctd,42
P40480,P53115,0,0.2697660811888869,0,random,mlp,aac_ctd,42
P40422,P53243,1,0.7527978866101649,1,random,mlp,aac_ctd,42
P19454,Q08119,1,0.5124751399172954,1,random,mlp,aac_ctd,42
P46672,Q06673,1,0.5981141507189637,1,random,mlp,aac_ctd,42
P38863,P54791,0,0.2823842143937764,0,random,mlp,aac_ctd,42
P54862,Q06630,0,0.0070801108400111315,0,random,mlp,aac_ctd,42
O13565,P16370,0,0.23343954173587386,0,random,mlp,aac_ctd,42
P10566,P28239,1,0.16978824004308155,0,random,mlp,aac_ctd,42
P38636,Q12024,1,0.7692177682696646,1,random,mlp,aac_ctd,42
P32349,Q04149,1,0.6092097814357776,1,random,mlp,aac_ctd,42
O13530,P17891,0,0.034955209444273154,0,random,mlp,aac_ctd,42
P38328,P53949,1,0.5140393187560576,1,random,mlp,aac_ctd,42
P38276,Q01590,1,0.4305322907343607,0,random,mlp,aac_ctd,42
P41817,Q03735,0,0.5952631158472823,1,random,mlp,aac_ctd,42
P25045,P43132,0,0.5279659280543445,1,random,mlp,aac_ctd,42
P20676,P52488,1,0.5972930489077038,1,random,mlp,aac_ctd,42
P10081,P29366,1,0.28964092224818855,0,random,mlp,aac_ctd,42
P27796,Q12527,1,0.6042044283622121,1,random,mlp,aac_ctd,42
P25341,P38785,1,0.7753951835627715,1,random,mlp,aac_ctd,42
P31382,P43638,1,0.5138477622252678,1,random,mlp,aac_ctd,42
P25646,P47074,0,0.1985399773873636,0,random,mlp,aac_ctd,42
P39717,P54786,1,0.5016787056338731,1,random,mlp,aac_ctd,42
P38696,Q12396,0,0.32084541282356926,0,random,mlp,aac_ctd,42
P11745,P18888,1,0.5402459705926116,1,random,mlp,aac_ctd,42
P15436,P32499,0,0.3526481407892493,0,random,mlp,aac_ctd,42
P39101,P41814,0,0.5760259790449913,1,random,mlp,aac_ctd,42
P39112,Q05933,0,0.35417518480456434,0,random,mlp,aac_ctd,42
P10863,P53313,0,0.24520498147020486,0,random,mlp,aac_ctd,42
P36520,P40518,0,0.3400141561079877,0,random,mlp,aac_ctd,42
Q02554,Q07657,1,0.48932989073101213,0,random,mlp,aac_ctd,42
P16474,P50111,0,0.6885150425234535,1,random,mlp,aac_ctd,42
O13553,P32793,1,0.07578355774893031,0,random,mlp,aac_ctd,42
P53100,Q05027,0,0.3016363148756125,0,random,mlp,aac_ctd,42
P33418,Q12102,0,0.22170901351815575,0,random,mlp,aac_ctd,42
P47012,Q12152,1,0.9586936331834182,1,random,mlp,aac_ctd,42
P35182,P40988,1,0.5927150841421241,1,random,mlp,aac_ctd,42
P32639,P53124,1,0.6062861091159394,1,random,mlp,aac_ctd,42
P11978,P33332,0,0.35117003119704066,0,random,mlp,aac_ctd,42
P21957,P32504,0,0.6165711372508664,1,random,mlp,aac_ctd,42
P35734,Q02208,0,0.7193160221260632,1,random,mlp,aac_ctd,42
P06103,P43583,1,0.5134232473618341,1,random,mlp,aac_ctd,42
P33313,P53096,0,0.49356530999103804,0,random,mlp,aac_ctd,42
P28707,P39715,1,0.9402137251733439,1,random,mlp,aac_ctd,42
P39904,P47027,0,0.3218911470340103,0,random,mlp,aac_ctd,42
P53039,Q06644,1,0.5624846637995551,1,random,mlp,aac_ctd,42
P28817,P38146,1,0.26112533475762145,0,random,mlp,aac_ctd,42
P05986,Q06177,1,0.9441554384102979,1,random,mlp,aac_ctd,42
P20448,Q07623,0,0.8144259765017205,1,random,mlp,aac_ctd,42
P02400,P38837,1,0.7567243263993882,1,random,mlp,aac_ctd,42
O13297,P00924,0,0.6494477197830538,1,random,mlp,aac_ctd,42
Q12055,Q12161,0,0.559892603023719,1,random,mlp,aac_ctd,42
Q02256,Q99385,1,0.7983311229511716,1,random,mlp,aac_ctd,42
P00729,P40507,1,0.4730166271891181,0,random,mlp,aac_ctd,42
P15424,P19880,0,0.5090252090719253,1,random,mlp,aac_ctd,42
P35197,P38862,1,0.9254463268838138,1,random,mlp,aac_ctd,42
P28239,P40167,0,0.5499153041974458,1,random,mlp,aac_ctd,42
P14741,Q03532,1,0.35399177308312124,0,random,mlp,aac_ctd,42
P27614,P39077,1,0.711423903876023,1,random,mlp,aac_ctd,42
Q03940,Q12050,1,0.45022430407509195,0,random,mlp,aac_ctd,42
Q08162,Q08387,0,0.4120128415267292,0,random,mlp,aac_ctd,42
P04456,Q12265,1,0.9178903181318144,1,random,mlp,aac_ctd,42
P09440,P38883,1,0.7856349201556122,1,random,mlp,aac_ctd,42
P17536,P27351,1,0.8305311605482893,1,random,mlp,aac_ctd,42
P12904,P25441,0,0.039304794636152815,0,random,mlp,aac_ctd,42
P39966,Q02775,0,0.9240118813109279,1,random,mlp,aac_ctd,42
P23776,Q12100,0,0.5126552280046747,1,random,mlp,aac_ctd,42
P10592,P19358,0,0.9090643126070164,1,random,mlp,aac_ctd,42
P32945,P47064,1,0.9554317741279438,1,random,mlp,aac_ctd,42
P32917,Q01684,0,0.6231230581299535,1,random,mlp,aac_ctd,42
P16370,P38692,0,0.8662979684264293,1,random,mlp,aac_ctd,42
P00830,P29366,1,0.5212748252186361,1,random,mlp,aac_ctd,42
P06100,P40151,0,0.20637687568333848,0,random,mlp,aac_ctd,42
P36124,Q04217,1,0.7080791292342199,1,random,mlp,aac_ctd,42
P20795,Q03691,0,0.056282889650744544,0,random,mlp,aac_ctd,42
P24870,Q12517,1,0.5755701377979205,1,random,mlp,aac_ctd,42
P29295,P50106,0,0.2957809415658141,0,random,mlp,aac_ctd,42
P13902,P39727,0,0.23365913239532465,0,random,mlp,aac_ctd,42
P10863,P31688,0,0.2253621305563024,0,random,mlp,aac_ctd,42
P30902,P40574,1,0.47536866484894896,0,random,mlp,aac_ctd,42
P36053,Q12059,0,0.8498783960741019,1,random,mlp,aac_ctd,42
P53248,Q08723,1,0.49027945647358034,0,random,mlp,aac_ctd,42
P35210,Q06178,0,0.7063682275062058,1,random,mlp,aac_ctd,42
P20435,Q04978,1,0.9324586631710491,1,random,mlp,aac_ctd,42
P32634,Q02206,0,0.5442653760608517,1,random,mlp,aac_ctd,42
P38627,P38907,0,0.46572264450826345,0,random,mlp,aac_ctd,42
P38428,P47025,0,0.12980189580233703,0,random,mlp,aac_ctd,42
P53152,P53622,1,0.8743083477755992,1,random,mlp,aac_ctd,42
P32458,P39703,1,0.5716427107936704,1,random,mlp,aac_ctd,42
P00044,P33333,1,0.39301276931626833,0,random,mlp,aac_ctd,42
P05375,P32589,0,0.13224984778502072,0,random,mlp,aac_ctd,42
P27514,Q08562,0,0.6041941830041265,1,random,mlp,aac_ctd,42
P18239,P32838,0,0.1817147558405303,0,random,mlp,aac_ctd,42
P32802,P47113,1,0.5738951442652125,1,random,mlp,aac_ctd,42
P14680,P43622,0,0.0759706405712684,0,random,mlp,aac_ctd,42
P33335,P41813,0,0.133933783960703,0,random,mlp,aac_ctd,42
P46964,Q04307,0,0.009802723399917864,0,random,mlp,aac_ctd,42
P46680,Q08214,0,0.34700689567370746,0,random,mlp,aac_ctd,42
P13393,P35206,0,0.16562443813336544,0,random,mlp,aac_ctd,42
P29311,P38352,0,0.14885623709529786,0,random,mlp,aac_ctd,42
P53011,Q03792,1,0.5336020791412318,1,random,mlp,aac_ctd,42
P53930,Q07508,1,0.6649559500690729,1,random,mlp,aac_ctd,42
P13902,P25657,0,0.3979911581803815,0,random,mlp,aac_ctd,42
P36165,Q12176,1,0.20067988764274505,0,random,mlp,aac_ctd,42
P13712,Q03322,1,0.9862552520428719,1,random,mlp,aac_ctd,42
P28708,Q06479,1,0.6679752084864302,1,random,mlp,aac_ctd,42
Q02196,Q05930,1,0.4640286310252089,0,random,mlp,aac_ctd,42
O74700,P48568,1,0.4167865785310928,0,random,mlp,aac_ctd,42
P08458,P25657,1,0.5326367140818836,1,random,mlp,aac_ctd,42
P15938,P32803,0,0.15463873332640365,0,random,mlp,aac_ctd,42
P40856,P49956,0,0.3947926212182935,0,random,mlp,aac_ctd,42
P00044,Q04359,1,0.883595484538142,1,random,mlp,aac_ctd,42
P30656,P32319,0,0.41266396266180916,0,random,mlp,aac_ctd,42
P39515,Q04217,0,0.6226672024901289,1,random,mlp,aac_ctd,42
P32939,P47176,1,0.3258188181832102,0,random,mlp,aac_ctd,42
P40563,P41800,1,0.5511155089013523,1,random,mlp,aac_ctd,42
P00330,P06843,1,0.727540629697516,1,random,mlp,aac_ctd,42
P06738,P40343,0,0.20365007931653528,0,random,mlp,aac_ctd,42
P33298,P51996,1,0.9406068223948068,1,random,mlp,aac_ctd,42
P53258,Q12154,1,0.6224066710827589,1,random,mlp,aac_ctd,42
P53901,Q04003,0,0.6887280847643809,1,random,mlp,aac_ctd,42
P41318,Q06177,1,0.9735020393664701,1,random,mlp,aac_ctd,42
P32578,P32597,0,0.5439592790128644,1,random,mlp,aac_ctd,42
P33203,P46970,1,0.287234820715016,0,random,mlp,aac_ctd,42
P33306,P53344,0,0.2015805589164582,0,random,mlp,aac_ctd,42
P32582,P49334,0,0.5993977011546653,1,random,mlp,aac_ctd,42
P47117,Q05947,1,0.7971694494645738,1,random,mlp,aac_ctd,42
P04050,P40357,0,0.19133327004243736,0,random,mlp,aac_ctd,42
P33339,P48813,0,0.3447587886349233,0,random,mlp,aac_ctd,42
P47035,Q07376,0,0.6205736764093452,1,random,mlp,aac_ctd,42
P11746,P38992,0,0.6912161377605281,1,random,mlp,aac_ctd,42
P14359,P53731,1,0.9659626108842875,1,random,mlp,aac_ctd,42
P36094,P38072,0,0.28750382415275505,0,random,mlp,aac_ctd,42
P38742,Q03018,1,0.49259451542895605,0,random,mlp,aac_ctd,42
P06844,P40090,0,0.7203251340790866,1,random,mlp,aac_ctd,42
P40350,Q12118,1,0.9822645785133075,1,random,mlp,aac_ctd,42
P33891,P53599,1,0.8711359617738345,1,random,mlp,aac_ctd,42
P33201,P47027,0,0.5002957095974772,1,random,mlp,aac_ctd,42
P40352,Q06648,0,0.7774136255937794,1,random,mlp,aac_ctd,42
P38744,Q12082,1,0.00044500917986500034,0,random,mlp,aac_ctd,42
P35187,Q12149,1,0.3718416122799571,0,random,mlp,aac_ctd,42
P00445,P47134,1,0.7495606677020089,1,random,mlp,aac_ctd,42
P46970,P47122,1,0.9143169490936187,1,random,mlp,aac_ctd,42
P46671,Q05900,0,0.5421710212848395,1,random,mlp,aac_ctd,42
P25648,P52491,1,0.20446776436040548,0,random,mlp,aac_ctd,42
P47822,P53974,0,0.6984443655875826,1,random,mlp,aac_ctd,42
P32588,P53169,1,0.6037463276936497,1,random,mlp,aac_ctd,42
Q08096,Q12236,0,0.31142028874121286,0,random,mlp,aac_ctd,42
P38315,P50104,0,0.35435678921815583,0,random,mlp,aac_ctd,42
Q07732,Q12050,0,0.5314727138110589,1,random,mlp,aac_ctd,42
P10355,P53865,0,0.5317622938216144,1,random,mlp,aac_ctd,42
P29055,P43583,0,0.3485281167010851,0,random,mlp,aac_ctd,42
P40016,Q12264,1,0.07920138581321637,0,random,mlp,aac_ctd,42
P39704,P87108,0,0.018673659938160482,0,random,mlp,aac_ctd,42
P13434,P36118,0,0.34053207376945,0,random,mlp,aac_ctd,42
P25367,P46995,1,0.7029507475805288,1,random,mlp,aac_ctd,42
P38779,Q06405,0,0.04293369711826426,0,random,mlp,aac_ctd,42
Q03862,Q06568,1,0.5768237808387151,1,random,mlp,aac_ctd,42
P36018,Q04493,1,0.3849408711690213,0,random,mlp,aac_ctd,42
P25648,Q06001,0,0.3469155103661001,0,random,mlp,aac_ctd,42
P38789,P53298,1,0.467282922887346,0,random,mlp,aac_ctd,42
P31374,Q00539,1,0.4859655067165476,0,random,mlp,aac_ctd,42
P38850,P39563,1,0.4623122478568042,0,random,mlp,aac_ctd,42
P48240,Q03656,1,0.16831786026889073,0,random,mlp,aac_ctd,42
P38112,P53081,0,0.3734071443779302,0,random,mlp,aac_ctd,42
P32796,P38872,1,0.29738513142087514,0,random,mlp,aac_ctd,42
P40455,Q06525,1,0.3218438885284659,0,random,mlp,aac_ctd,42
P38861,Q07844,1,0.3300266552630808,0,random,mlp,aac_ctd,42
O13530,Q03860,1,0.9902317040546531,1,random,mlp,aac_ctd,42
P32915,P33411,0,0.4378249758527826,0,random,mlp,aac_ctd,42
P25296,Q12154,1,0.8228410839016441,1,random,mlp,aac_ctd,42
P33329,P33335,0,0.25124374894982776,0,random,mlp,aac_ctd,42
P38716,P39998,1,0.7934677763591228,1,random,mlp,aac_ctd,42
P06838,P32910,0,0.40364985839794393,0,random,mlp,aac_ctd,42
P23642,Q08986,0,0.047385155963810904,0,random,mlp,aac_ctd,42
P53600,Q05024,1,0.7994861469726049,1,random,mlp,aac_ctd,42
P53215,Q07381,0,0.38767271799718456,0,random,mlp,aac_ctd,42
P38860,P47129,0,0.8258052665710913,1,random,mlp,aac_ctd,42
P11075,P35842,0,0.03141994243865933,0,random,mlp,aac_ctd,42
Q03125,Q12142,0,0.4618167507167138,0,random,mlp,aac_ctd,42
P46947,Q04412,1,0.7651274501831814,1,random,mlp,aac_ctd,42
P40956,P40970,0,0.9369428652385113,1,random,mlp,aac_ctd,42
O13297,P33298,0,0.7335418069020979,1,random,mlp,aac_ctd,42
P38337,P38992,0,0.10008641535173432,0,random,mlp,aac_ctd,42
P10363,Q02199,1,0.976590787526011,1,random,mlp,aac_ctd,42
P03965,P50091,1,0.7743697281267624,1,random,mlp,aac_ctd,42
P06701,P38203,0,0.832046988656508,1,random,mlp,aac_ctd,42
P06169,Q12250,1,0.5694354270260428,1,random,mlp,aac_ctd,42
P32319,Q99314,0,0.36293605707086735,0,random,mlp,aac_ctd,42
P52919,P53096,0,0.8141244663697602,1,random,mlp,aac_ctd,42
P53840,Q03690,1,0.7095642038369899,1,random,mlp,aac_ctd,42
P22214,P38144,0,0.07906197129629094,0,random,mlp,aac_ctd,42
P23291,Q12241,0,0.8329876452166491,1,random,mlp,aac_ctd,42
P47113,Q03435,0,0.2918823451382338,0,random,mlp,aac_ctd,42
P53238,Q05359,0,0.3725629586512382,0,random,mlp,aac_ctd,42
P26798,Q06102,0,0.603048173531863,1,random,mlp,aac_ctd,42
P16467,P34160,1,0.7631009721432198,1,random,mlp,aac_ctd,42
Q06108,Q99190,0,0.15550318762847312,0,random,mlp,aac_ctd,42
P46954,Q03899,0,0.38039445604212024,0,random,mlp,aac_ctd,42
P01119,P52490,0,0.8449749017293234,1,random,mlp,aac_ctd,42
P06169,P39112,0,0.6928641334601208,1,random,mlp,aac_ctd,42
P22007,P32504,1,0.4218838738814464,0,random,mlp,aac_ctd,42
P32381,Q08465,0,0.6076106979582087,1,random,mlp,aac_ctd,42
P37302,P53824,0,0.6763760661388751,1,random,mlp,aac_ctd,42
P25336,P39969,1,0.6579496757343039,1,random,mlp,aac_ctd,42
P06244,P48415,1,0.5649741518612637,1,random,mlp,aac_ctd,42
P39706,Q08965,0,0.2796997878987133,0,random,mlp,aac_ctd,42
P25591,Q99186,1,0.8637264294442983,1,random,mlp,aac_ctd,42
P38744,P40455,0,0.014699299849503836,0,random,mlp,aac_ctd,42
P04050,Q05946,0,0.46014303345869983,0,random,mlp,aac_ctd,42
P11709,P53159,1,0.3575035063225442,0,random,mlp,aac_ctd,42
Q05471,Q12315,1,0.6254439689552885,1,random,mlp,aac_ctd,42
P06773,P41813,1,0.6673218414228138,1,random,mlp,aac_ctd,42
P41277,Q06324,1,0.3382957232987212,0,random,mlp,aac_ctd,42
P53272,Q12124,0,0.3490060959743495,0,random,mlp,aac_ctd,42
P19454,P32494,0,0.45440978396255727,0,random,mlp,aac_ctd,42
P33418,P38276,1,0.28869792680800177,0,random,mlp,aac_ctd,42
P04046,Q08902,0,0.08398277147435018,0,random,mlp,aac_ctd,42
P40422,P54790,1,0.9094624235707839,1,random,mlp,aac_ctd,42
P38283,P89102,1,0.7140765776548335,1,random,mlp,aac_ctd,42
P24870,P32905,1,0.8424239457259692,1,random,mlp,aac_ctd,42
P11938,P53115,0,0.24741195408706496,0,random,mlp,aac_ctd,42
P32525,Q03096,1,0.867193714571301,1,random,mlp,aac_ctd,42
P23285,P49435,0,0.2728648283006272,0,random,mlp,aac_ctd,42
Q04675,Q06568,1,0.5981890600637995,1,random,mlp,aac_ctd,42
P53691,P89886,1,0.9167138186638094,1,random,mlp,aac_ctd,42
P30657,P38811,0,0.43815837308118905,0,random,mlp,aac_ctd,42
P22543,P29461,1,0.5024662917110017,1,random,mlp,aac_ctd,42
P08539,P43603,0,0.49119791550272424,0,random,mlp,aac_ctd,42
Q06137,Q12163,1,0.5562829397069339,1,random,mlp,aac_ctd,42
Q04373,Q12034,1,0.8172028512590666,1,random,mlp,aac_ctd,42
P53176,Q12363,0,0.06432401067037283,0,random,mlp,aac_ctd,42
P31382,Q12233,0,0.0983255129902848,0,random,mlp,aac_ctd,42
P33299,P43596,0,0.26009782955717803,0,random,mlp,aac_ctd,42
P38629,P40032,0,0.8454894443273191,1,random,mlp,aac_ctd,42
P38427,Q03735,1,0.8048037808778442,1,random,mlp,aac_ctd,42
Q02159,Q03012,0,0.876399945849279,1,random,mlp,aac_ctd,42
P00331,Q12415,0,0.7699731665826826,1,random,mlp,aac_ctd,42
P14747,P28241,0,0.39379899082270026,0,random,mlp,aac_ctd,42
P23595,P53191,0,0.6076464635147628,1,random,mlp,aac_ctd,42
P21651,Q04004,0,0.827682834096967,1,random,mlp,aac_ctd,42
P32578,P53633,0,0.2933632331705495,0,random,mlp,aac_ctd,42
P07261,P50104,1,0.24917126333177828,0,random,mlp,aac_ctd,42
P50874,Q12522,0,0.7222280680223644,1,random,mlp,aac_ctd,42
P25045,P38068,1,0.16769719100954208,0,random,mlp,aac_ctd,42
P27895,P53978,1,0.7178206783830756,1,random,mlp,aac_ctd,42
P32341,P38855,0,0.11492482318381761,0,random,mlp,aac_ctd,42
P15873,Q12020,1,0.7511668992406353,1,random,mlp,aac_ctd,42
P28743,P40352,0,0.7055523217595818,1,random,mlp,aac_ctd,42
P27637,P40554,1,0.9984115970241546,1,random,mlp,aac_ctd,42
P40325,Q07509,0,0.0317972172538299,0,random,mlp,aac_ctd,42
P23724,P38871,1,0.5332663933070813,1,random,mlp,aac_ctd,42
P17695,P39702,0,0.24348886040949874,0,random,mlp,aac_ctd,42
P47037,Q12154,0,0.7591440196104234,1,random,mlp,aac_ctd,42
P11978,P40555,0,0.8709312342818599,1,random,mlp,aac_ctd,42
P32605,P32895,1,0.6722136786583506,1,random,mlp,aac_ctd,42
P28708,P43581,0,0.18378304756821495,0,random,mlp,aac_ctd,42
P36019,P53930,1,0.5453078918872042,1,random,mlp,aac_ctd,42
P53070,Q04964,0,0.17034012971086662,0,random,mlp,aac_ctd,42
P41810,P46961,0,0.17226926072500445,0,random,mlp,aac_ctd,42
P17123,P25635,1,0.9432904364088127,1,random,mlp,aac_ctd,42
P25644,P80428,0,0.7144241235470875,1,random,mlp,aac_ctd,42
P47005,Q02794,0,0.29145687423271033,0,random,mlp,aac_ctd,42
P47117,Q12513,1,0.6495798219783794,1,random,mlp,aac_ctd,42
P38995,P53971,0,0.17838406692682948,0,random,mlp,aac_ctd,42
P32830,Q08032,0,0.19892773628389027,0,random,mlp,aac_ctd,42
P28795,P53290,1,0.6982301709436914,1,random,mlp,aac_ctd,42
Q05958,Q08911,1,0.48288150219666987,0,random,mlp,aac_ctd,42
P32842,P41813,1,0.5833116782488079,1,random,mlp,aac_ctd,42
P25582,P42951,1,0.6261486415106668,1,random,mlp,aac_ctd,42
P16664,P39081,1,0.4041735964722584,0,random,mlp,aac_ctd,42
P10363,P23287,1,0.8136869336696534,1,random,mlp,aac_ctd,42
P19736,P33332,0,0.37147720797288014,0,random,mlp,aac_ctd,42
P08539,P40087,0,0.29712018065341106,0,random,mlp,aac_ctd,42
P04076,P38288,0,0.6708948865894125,1,random,mlp,aac_ctd,42
P39107,Q02804,1,0.4585757448081588,0,random,mlp,aac_ctd,42
P23594,P81449,0,0.3165816307886944,0,random,mlp,aac_ctd,42
P41813,P50094,1,0.8329160380993625,1,random,mlp,aac_ctd,42
P32610,P38193,1,0.912576692885246,1,random,mlp,aac_ctd,42
P16892,P40090,0,0.5243029675386451,1,random,mlp,aac_ctd,42
P27705,P40092,1,0.9216576718395769,1,random,mlp,aac_ctd,42
P39682,P53130,1,0.1272714186634099,0,random,mlp,aac_ctd,42
P09959,P51996,1,0.5640570878242182,1,random,mlp,aac_ctd,42
P38042,Q12199,1,0.4230434314874833,0,random,mlp,aac_ctd,42
P38247,P53043,1,0.6995957446757335,1,random,mlp,aac_ctd,42
Q06344,Q08550,0,0.5240199481929771,1,random,mlp,aac_ctd,42
P38959,Q05947,1,0.7318229548317225,1,random,mlp,aac_ctd,42
P05318,P43616,1,0.9389342362865377,1,random,mlp,aac_ctd,42
P39727,P53094,1,0.6708209972697341,1,random,mlp,aac_ctd,42
P35206,P50874,0,0.23885582431670374,0,random,mlp,aac_ctd,42
P34238,P38634,0,0.7904672967142726,1,random,mlp,aac_ctd,42
P18238,Q12380,0,0.08238677961020513,0,random,mlp,aac_ctd,42
P21576,P53203,1,0.21701385935960082,0,random,mlp,aac_ctd,42
P39073,P40096,1,0.6369663673902667,1,random,mlp,aac_ctd,42
P43583,Q12033,1,0.4713785162158101,0,random,mlp,aac_ctd,42
P29703,Q08972,1,0.8220341889356702,1,random,mlp,aac_ctd,42
Q03656,Q03750,0,0.12637018594536797,0,random,mlp,aac_ctd,42
P23287,P45818,0,0.39393375313153833,0,random,mlp,aac_ctd,42
P38903,P46964,0,0.12298595092914906,0,random,mlp,aac_ctd,42
P32610,Q12276,1,0.6289327806886086,1,random,mlp,aac_ctd,42
P15891,P39998,1,0.7265164146546006,1,random,mlp,aac_ctd,42
P14291,P38727,0,0.4556120565442016,0,random,mlp,aac_ctd,42
P13365,P33339,0,0.36748718644159406,0,random,mlp,aac_ctd,42
P38873,P39517,1,0.6139512606373686,1,random,mlp,aac_ctd,42
P38735,Q12199,1,0.10082479395971604,0,random,mlp,aac_ctd,42
P25333,Q12347,1,0.9066981144821646,1,random,mlp,aac_ctd,42
P32432,Q03373,0,0.5309767812877685,1,random,mlp,aac_ctd,42
P40968,Q03162,0,0.5901915905944064,1,random,mlp,aac_ctd,42
P16451,P32864,0,0.24757947030100716,0,random,mlp,aac_ctd,42
Q02256,Q12250,1,0.8301867364566364,1,random,mlp,aac_ctd,42
P19097,Q99278,0,0.4595907065249522,0,random,mlp,aac_ctd,42
Q00246,Q04217,1,0.23446816942456555,0,random,mlp,aac_ctd,42
Q12063,Q99260,1,0.33512402630607596,0,random,mlp,aac_ctd,42
P28791,P43587,1,0.7903579850618538,1,random,mlp,aac_ctd,42
P07261,P12383,0,0.36342001716965394,0,random,mlp,aac_ctd,42
P36018,Q07657,1,0.24778462255079725,0,random,mlp,aac_ctd,42
P38719,P43594,0,0.3142844983567049,0,random,mlp,aac_ctd,42
P00546,P38077,1,0.554485788437631,1,random,mlp,aac_ctd,42
P40475,P46954,0,0.07936860846259554,0,random,mlp,aac_ctd,42
P00549,P53181,0,0.012147286430185438,0,random,mlp,aac_ctd,42
P40960,Q12427,1,0.3886227848875965,0,random,mlp,aac_ctd,42
Q01722,Q12734,0,0.5029830592830454,1,random,mlp,aac_ctd,42
P22543,Q08965,1,0.3532720300970167,0,random,mlp,aac_ctd,42
P38337,P38904,0,0.20979591016901386,0,random,mlp,aac_ctd,42
P38200,P49955,1,0.9709090621772741,1,random,mlp,aac_ctd,42
P11914,Q07904,0,0.02407145768478806,0,random,mlp,aac_ctd,42
P09624,P50623,0,0.6939458870486656,1,random,mlp,aac_ctd,42
Q05031,Q08204,0,0.7319017036650054,1,random,mlp,aac_ctd,42
P32481,P53174,0,0.4347062377912516,0,random,mlp,aac_ctd,42
P25046,Q04934,0,0.514894623079695,1,random,mlp,aac_ctd,42
P00958,P50091,1,0.4498353450908133,0,random,mlp,aac_ctd,42
P26754,Q02260,0,0.5987945105658479,1,random,mlp,aac_ctd,42
P15303,P25644,1,0.621065482942295,1,random,mlp,aac_ctd,42
P00330,P32830,0,0.3848483864489229,0,random,mlp,aac_ctd,42
P46677,P53233,0,0.1523747004125025,0,random,mlp,aac_ctd,42
P35169,P38291,1,0.31963152521649474,0,random,mlp,aac_ctd,42
P34244,Q04062,1,0.23748792837895744,0,random,mlp,aac_ctd,42
P38789,Q02336,0,0.2517607946348321,0,random,mlp,aac_ctd,42
P37012,Q12518,1,0.6578832104624763,1,random,mlp,aac_ctd,42
O74700,P40960,0,0.41178945579107074,0,random,mlp,aac_ctd,42
P00724,Q12276,1,0.3107124729700403,0,random,mlp,aac_ctd,42
P15424,P35189,0,0.28083015831579006,0,random,mlp,aac_ctd,42
Q12363,Q99314,0,0.2762283975887951,0,random,mlp,aac_ctd,42
P38842,Q02100,0,0.23514843428043714,0,random,mlp,aac_ctd,42
P17536,P53048,1,0.5107917866490078,1,random,mlp,aac_ctd,42
Q03619,Q04978,1,0.6943347719811713,1,random,mlp,aac_ctd,42
P47160,Q04149,1,0.7592619289300613,1,random,mlp,aac_ctd,42
P32578,P40095,1,0.7380910560010125,1,random,mlp,aac_ctd,42
P00899,P16474,0,0.8713134935843598,1,random,mlp,aac_ctd,42
P53043,Q08285,1,0.911738391437909,1,random,mlp,aac_ctd,42
P07257,Q03656,0,0.12215140889607477,0,random,mlp,aac_ctd,42
P12753,P20795,1,0.2822092793302124,0,random,mlp,aac_ctd,42
P18852,P40368,1,0.5756269999059789,1,random,mlp,aac_ctd,42
P23968,Q03761,0,0.0819281501402718,0,random,mlp,aac_ctd,42
P10961,P38792,0,0.5795507728498962,1,random,mlp,aac_ctd,42
P50113,Q07786,1,0.5543692332284046,1,random,mlp,aac_ctd,42
P53061,Q07442,0,0.15865546631926933,0,random,mlp,aac_ctd,42
P33892,P53147,0,0.22164546606229082,0,random,mlp,aac_ctd,42
P20434,P40103,0,0.49813581255706213,0,random,mlp,aac_ctd,42
P07273,P32478,0,0.5830226735693437,1,random,mlp,aac_ctd,42
P32944,P40020,1,0.4926070273314079,0,random,mlp,aac_ctd,42
P19880,Q04053,1,0.7395517186395703,1,random,mlp,aac_ctd,42
P38930,P41832,1,0.8509518799677084,1,random,mlp,aac_ctd,42
P35729,P39013,1,0.8089416635402354,1,random,mlp,aac_ctd,42
P21304,P48566,0,0.24191790238600944,0,random,mlp,aac_ctd,42
P40066,P40496,0,0.33172771381139576,0,random,mlp,aac_ctd,42
P12904,P19414,1,0.9268969078886107,1,random,mlp,aac_ctd,42
P32561,Q12349,0,0.1525419802821293,0,random,mlp,aac_ctd,42
P25376,Q03308,0,0.22300150027881163,0,random,mlp,aac_ctd,42
P14126,Q06406,1,0.9189316023106606,1,random,mlp,aac_ctd,42
P03965,Q12176,1,0.14017011150650677,0,random,mlp,aac_ctd,42
P08524,P49166,1,0.9556556625006127,1,random,mlp,aac_ctd,42
P32854,P43619,1,0.9163813142735547,1,random,mlp,aac_ctd,42
P47152,Q00772,0,0.7281713163149608,1,random,mlp,aac_ctd,42
P01149,P12887,1,0.07749054551166949,0,random,mlp,aac_ctd,42
P24482,Q06324,1,0.1956317145309444,0,random,mlp,aac_ctd,42
P39742,Q06102,1,0.21646348024349704,0,random,mlp,aac_ctd,42
P33203,P53552,1,0.5035823690013271,1,random,mlp,aac_ctd,42
P15367,P49687,0,0.11027716630798269,0,random,mlp,aac_ctd,42
P41816,P46947,1,0.9311298891684776,1,random,mlp,aac_ctd,42
P38324,P49686,1,0.9748620643927769,1,random,mlp,aac_ctd,42
P26798,P53914,1,0.09479000862550453,0,random,mlp,aac_ctd,42
Q06616,Q08553,0,0.7202504638543996,1,random,mlp,aac_ctd,42
P22213,P47821,0,0.6979008590322512,1,random,mlp,aac_ctd,42
P41901,Q12248,1,0.387721782843356,0,random,mlp,aac_ctd,42
P39531,Q06251,1,0.5583371056602973,1,random,mlp,aac_ctd,42
P13186,P32494,0,0.5034433624529593,1,random,mlp,aac_ctd,42
P32602,Q06598,0,0.012880656881195286,0,random,mlp,aac_ctd,42
P40151,Q04651,0,0.1238278880180994,0,random,mlp,aac_ctd,42
P38149,P38886,1,0.9453745221867956,1,random,mlp,aac_ctd,42
P18851,P40160,1,0.7527800818525288,1,random,mlp,aac_ctd,42
P06634,P43562,0,0.09428845017062731,0,random,mlp,aac_ctd,42
P38193,P52919,1,0.8409308970462697,1,random,mlp,aac_ctd,42
P17505,Q08446,0,0.7533426464662711,1,random,mlp,aac_ctd,42
P14724,P32525,1,0.8508805922043279,1,random,mlp,aac_ctd,42
P02994,P33296,0,0.47939878580441325,0,random,mlp,aac_ctd,42
P39101,P46677,0,0.48751215856057106,0,random,mlp,aac_ctd,42
P25644,Q04964,1,0.7118651242763573,1,random,mlp,aac_ctd,42
P16861,Q06673,1,0.5787869151254152,1,random,mlp,aac_ctd,42
P16522,Q02794,0,0.30855574779599776,0,random,mlp,aac_ctd,42
Q02196,Q99207,1,0.660620001799619,1,random,mlp,aac_ctd,42
P25357,Q06604,1,0.773348861856363,1,random,mlp,aac_ctd,42
P14680,Q06216,1,0.5658022930209694,1,random,mlp,aac_ctd,42
P38990,P53280,1,0.6710794784015046,1,random,mlp,aac_ctd,42
P52488,Q02199,0,0.9486769577729978,1,random,mlp,aac_ctd,42
P32588,Q12233,0,0.0797495287027352,0,random,mlp,aac_ctd,42
P38429,P40350,0,0.06757078195460356,0,random,mlp,aac_ctd,42
P07262,P38881,0,0.27691102796890865,0,random,mlp,aac_ctd,42
P07703,P10834,0,0.40529973300407407,0,random,mlp,aac_ctd,42
Q04675,Q12024,1,0.9167993922522476,1,random,mlp,aac_ctd,42
P39935,Q12280,1,0.5003291858721869,1,random,mlp,aac_ctd,42
P06787,P52919,1,0.5868023374208978,1,random,mlp,aac_ctd,42
Q03860,Q06708,0,0.09917681453365798,0,random,mlp,aac_ctd,42
P33296,Q04004,0,0.308718006317732,0,random,mlp,aac_ctd,42
P40350,P42884,1,0.34281491846785084,0,random,mlp,aac_ctd,42
P25382,P32911,0,0.9457299478332073,1,random,mlp,aac_ctd,42
P35201,P36161,0,0.14098247048475954,0,random,mlp,aac_ctd,42
P03965,Q12368,1,0.6192984012040562,1,random,mlp,aac_ctd,42
P22137,P43581,0,0.04615791240109974,0,random,mlp,aac_ctd,42
P39734,P40450,1,0.3957812302803798,0,random,mlp,aac_ctd,42
P19454,P53540,1,0.5878864197092896,1,random,mlp,aac_ctd,42
P53070,Q06102,0,0.2715547889373118,0,random,mlp,aac_ctd,42
P53941,P54862,0,0.0251421079679091,0,random,mlp,aac_ctd,42
P19812,P36017,1,0.0945389601314895,0,random,mlp,aac_ctd,42
P46675,Q12432,0,0.5361229866675374,1,random,mlp,aac_ctd,42
P38700,Q12450,0,0.19085768782676776,0,random,mlp,aac_ctd,42
P31377,P53244,0,0.717202105984117,1,random,mlp,aac_ctd,42
P38265,P40202,0,0.43338463735467797,0,random,mlp,aac_ctd,42
P38132,Q08963,1,0.7300586367702022,1,random,mlp,aac_ctd,42
P40434,Q01389,0,0.6072292563802177,1,random,mlp,aac_ctd,42
P37838,P89102,0,0.6848097302430969,1,random,mlp,aac_ctd,42
P38968,P53115,0,0.389569604378764,0,random,mlp,aac_ctd,42
P07213,Q02196,0,0.6229570597829409,1,random,mlp,aac_ctd,42
P43321,Q12315,1,0.8916258305344466,1,random,mlp,aac_ctd,42
Q04847,Q12100,0,0.6873888758513778,1,random,mlp,aac_ctd,42
P38182,P40348,0,0.550426769507435,1,random,mlp,aac_ctd,42
P24482,Q12151,1,0.668163422611507,1,random,mlp,aac_ctd,42
P12754,Q12452,1,0.550178717970165,1,random,mlp,aac_ctd,42
P38622,Q03735,1,0.41377502721997256,0,random,mlp,aac_ctd,42
P32774,P48525,1,0.823764738586181,1,random,mlp,aac_ctd,42
P20459,P33892,1,0.9122325245383451,1,random,mlp,aac_ctd,42
P12383,P38692,1,0.7253140562187931,1,random,mlp,aac_ctd,42
P13434,P35169,0,0.5801398966713549,1,random,mlp,aac_ctd,42
P35189,P40327,0,0.15657303245426976,0,random,mlp,aac_ctd,42
P35182,P53851,0,0.3500278771892218,0,random,mlp,aac_ctd,42
P38823,Q12100,1,0.40229868459372375,0,random,mlp,aac_ctd,42
P38827,Q06819,0,0.34672632804768144,0,random,mlp,aac_ctd,42
P38989,P53952,0,0.1788504298029371,0,random,mlp,aac_ctd,42
P06777,Q12059,0,0.19165146575858794,0,random,mlp,aac_ctd,42
P29509,P43603,1,0.29251035650060947,0,random,mlp,aac_ctd,42
P07213,P13574,0,0.6866005693209978,1,random,mlp,aac_ctd,42
P26754,P43622,0,0.0853416576698818,0,random,mlp,aac_ctd,42
P33331,Q12329,1,0.2418971109623264,0,random,mlp,aac_ctd,42
P33304,P38240,1,0.030982119634712233,0,random,mlp,aac_ctd,42
P13586,P43588,1,0.28687613024907127,0,random,mlp,aac_ctd,42
P27796,P51996,1,0.8230005379776615,1,random,mlp,aac_ctd,42
P32805,Q04930,0,0.6032245072371145,1,random,mlp,aac_ctd,42
P53344,Q12691,0,0.08558271178128696,0,random,mlp,aac_ctd,42
Q02256,Q06091,0,0.4389962590094926,0,random,mlp,aac_ctd,42
P39523,Q06324,1,0.3430801510322687,0,random,mlp,aac_ctd,42
P04147,P06787,1,0.7825230266741415,1,random,mlp,aac_ctd,42
P12753,Q12330,1,0.8652833390251198,1,random,mlp,aac_ctd,42
Q08245,Q12082,0,0.3660286035856954,0,random,mlp,aac_ctd,42
P19735,P25635,1,0.8151069706095663,1,random,mlp,aac_ctd,42
P36015,P38970,1,0.041946394660032915,0,random,mlp,aac_ctd,42
P07256,P25358,0,0.018067189150989975,0,random,mlp,aac_ctd,42
P40529,Q05568,1,0.329619583146038,0,random,mlp,aac_ctd,42
P34244,P38960,0,0.4232652798679424,0,random,mlp,aac_ctd,42
P32911,Q04149,1,0.7139100212420187,1,random,mlp,aac_ctd,42
P33299,P35210,0,0.5948302420708864,1,random,mlp,aac_ctd,42
P25358,P25390,0,0.010731498650144916,0,random,mlp,aac_ctd,42
P36068,P53096,0,0.9693380306949717,1,random,mlp,aac_ctd,42
P16151,P34238,0,0.07526105047363252,0,random,mlp,aac_ctd,42
O14455,P32634,1,0.7914884815301185,1,random,mlp,aac_ctd,42
P16474,P22579,0,0.39996541666884033,0,random,mlp,aac_ctd,42
P35203,P40350,1,0.21113282168964528,0,random,mlp,aac_ctd,42
Q03654,Q12004,0,0.4832982253518726,0,random,mlp,aac_ctd,42
P33334,Q12083,0,0.6050915715245615,1,random,mlp,aac_ctd,42
P20676,P41921,0,0.6485503925882999,1,random,mlp,aac_ctd,42
P40079,Q03897,1,0.5696340314872077,1,random,mlp,aac_ctd,42
P53145,Q04264,1,0.5898713324769732,1,random,mlp,aac_ctd,42
P39112,P47171,0,0.12122082046053755,0,random,mlp,aac_ctd,42
P46655,Q08963,1,0.8531104203262455,1,random,mlp,aac_ctd,42
P32911,P32917,1,0.7465751643027732,1,random,mlp,aac_ctd,42
P37303,P42846,1,0.3469433438688224,0,random,mlp,aac_ctd,42
P54854,Q03148,0,0.14770897564334132,0,random,mlp,aac_ctd,42
P42944,Q12026,1,0.13984990634120906,0,random,mlp,aac_ctd,42
P30902,P39960,1,0.5492784954323525,1,random,mlp,aac_ctd,42
Q06651,Q12347,1,0.468473780495642,0,random,mlp,aac_ctd,42
P11710,P24719,0,0.03260219690116053,0,random,mlp,aac_ctd,42
P18961,P36012,1,0.524048700037211,1,random,mlp,aac_ctd,42
P50095,P53893,1,0.8619247889687599,1,random,mlp,aac_ctd,42
P31412,Q12402,0,0.056005225961744426,0,random,mlp,aac_ctd,42
P25385,P25694,1,0.4159305488860375,0,random,mlp,aac_ctd,42
P07256,Q06091,0,0.18580659715459424,0,random,mlp,aac_ctd,42
P25346,P40327,0,0.03334840644486945,0,random,mlp,aac_ctd,42
P00359,Q12174,0,0.33344611862400875,0,random,mlp,aac_ctd,42
P32835,P38801,1,0.8461471855800049,1,random,mlp,aac_ctd,42
P13393,Q00246,0,0.16379208037911544,0,random,mlp,aac_ctd,42
P21306,P39552,0,0.9166564600992863,1,random,mlp,aac_ctd,42
P47074,Q07084,0,0.12728827293091624,0,random,mlp,aac_ctd,42
P38811,P43562,0,0.13845705280121884,0,random,mlp,aac_ctd,42
P23624,P53743,1,0.9552423084959759,1,random,mlp,aac_ctd,42
P33306,Q04439,1,0.6048301611891854,1,random,mlp,aac_ctd,42
P15807,Q99176,1,0.32621833819814805,0,random,mlp,aac_ctd,42
P54999,Q12347,1,0.8906885498958982,1,random,mlp,aac_ctd,42
