protein_a	protein_b	label
P09435	P53049	1
P38089	Q08949	1
P00560	P02293	1
P53043	P53199	1
P35189	Q08018	1
Q02884	Q08979	1
Q04411	Q12460	1
P00044	P32450	1
O14467	P32565	1
P25559	Q02875	1
P40988	Q12285	1
P42841	P53147	1
P25569	Q03919	1
P30902	P53145	1
P42944	Q12026	1
P08431	Q06142	1
P39730	Q06549	1
P06105	Q08162	1
Q07657	Q12447	1
P38931	P40032	1
P25357	P32480	1
P22219	P28795	1
P32573	P40956	1
P32501	P36107	1
P17123	Q06679	1
P19145	P38149	1
P07270	P38801	1
P53067	Q03957	1
P00359	P32864	1
P16862	P48232	1
P35181	Q04048	1
P38751	P45976	1
P22204	P50086	1
P32605	P38798	1
P25515	P39966	1
P35182	Q03785	1
P32767	Q07528	1
P05317	P38696	1
P40069	P40327	1
P32504	Q04411	1
P22515	P38862	1
P07703	Q12026	1
P25644	Q04964	1
P25491	Q12186	1
P32590	P53124	1
P47104	Q07915	1
P39967	Q05636	1
P29340	P43563	1
P40453	Q03774	1
P38293	P51601	1
P40007	Q08217	1
P34217	P47029	1
P39727	Q03308	1
P38431	Q06216	1
P20435	Q04978	1
P34216	P38873	1
P22007	Q12285	1
Q00955	Q08144	1
P09798	P53743	1
P12753	P30771	1
P25303	P53267	1
P22203	P53163	1
P32898	P53863	1
P02293	Q03010	1
P41318	Q04660	1
P25580	P38272	1
P12611	P43535	1
P39523	P51601	1
P04912	P53211	1
P06784	P29340	1
P38352	P39730	1
P00549	Q05080	1
P11484	P53600	1
P46970	P53159	1
P28817	P38146	1
P11927	P38798	1
P00937	Q04031	1
P40965	Q12152	1
P32912	Q00916	1
P53036	P53540	1
P32589	P49687	1
P40079	P41814	1
P00958	P09435	1
P16658	P18898	1
P28817	P38814	1
Q04562	Q08886	1
P32855	P39927	1
P38759	P39083	1
P32349	P35691	1
P47113	Q00582	1
P23059	P36017	1
P20606	Q12301	1
P00175	P32642	1
P11484	P25369	1
Q05785	Q08920	1
P36084	Q08685	1
P32354	P34238	1
P13711	P41834	1
P36094	Q12084	1
P53978	Q06409	1
P32458	Q00245	1
P53847	Q04493	1
P32855	P47093	1
P03069	P10964	1
P24482	P25615	1
P46673	P47093	1
P49687	Q03322	1
P40541	Q08558	1
P12688	Q08162	1
P53250	Q08949	1
P05317	P05453	1
P40091	Q07930	1
P41834	Q12390	1
P21192	P52593	1
Q05471	Q06436	1
P25454	P51534	1
P35177	P39534	1
P13711	Q12417	1
P24783	Q12285	1
P38871	Q02197	1
P53036	Q06673	1
P38041	P53685	1
P33333	P53036	1
P16451	P31378	1
P33199	P53552	1
P21306	Q00381	1
P27895	P32573	1
P12383	P38270	1
P15992	P43612	1
P27796	P43637	1
P04807	P53905	1
P16467	P30656	1
P39009	P43609	1
P07260	P38769	1
O13565	P07278	1
P10622	P24871	1
P38827	P50104	1
P47135	P53949	1
P24279	P32899	1
P38070	P38334	1
P19262	Q12363	1
P32790	Q05933	1
P13712	P27614	1
P32628	P40480	1
P27895	P53011	1
P32573	P42839	1
P29056	P36160	1
Q04217	Q12175	1
P80667	Q03973	1
P38788	P40009	1
P50086	Q08966	1
P35718	P38960	1
P32854	Q08004	1
P24004	Q04675	1
P37296	P38822	1
P33750	P53829	1
P38431	P53322	1
Q02884	Q04373	1
P29703	Q02875	1
P33322	P53883	1
P30619	Q06604	1
P31383	P32835	1
P38786	Q03758	1
P06738	P18562	1
P53082	Q06551	1
P00931	P38153	1
P36094	P38276	1
P32471	P38859	1
P38689	Q02354	1
Q04062	Q06704	1
P23644	P32447	1
P11927	P38794	1
P19454	P53540	1
P24004	P24870	1
P11154	P23394	1
P04050	Q12262	1
P36224	P38861	1
P11433	P40484	1
Q07468	Q12424	1
P38147	P43596	1
P03965	Q12176	1
P25515	P38757	1
P40453	Q03096	1
P22007	P22203	1
P43535	P49704	1
Q03768	Q04062	1
P11484	P32898	1
Q05949	Q12460	1
P27614	P38041	1
P34110	P38042	1
P51862	Q12260	1
P25579	P38988	1
P14724	P36049	1
P22082	P53212	1
P17119	P32786	1
P39935	Q12017	1
P06843	Q12514	1
P20052	P46995	1
Q03063	Q12327	1
P11484	P33895	1
P42884	P43568	1
P53865	Q12277	1
P28708	Q07528	1
P20133	P40186	1
P12385	P38208	1
P29509	Q12452	1
P25584	P32468	1
P17536	P27351	1
P06103	P38861	1
P38879	P40003	1
P25644	P35497	1
P00358	P25303	1
Q04493	Q05933	1
P33328	P40457	1
P40164	Q03900	1
P32578	P40362	1
P36022	Q12365	1
P47129	Q05636	1
P32561	P46988	1
P38716	Q99176	1
P04456	Q12265	1
P39967	P53081	1
P22213	P23968	1
P29295	Q12328	1
P40066	P53197	1
P33199	Q07963	1
P32501	P48363	1
P16664	P43601	1
P25333	P53968	1
P38883	P50091	1
P24813	Q01389	1
P46957	P53691	1
P17891	P33418	1
P39517	P40988	1
P38853	P40010	1
P20486	P32898	1
P38903	Q04651	1
P26263	P47045	1
P14242	P38191	1
P27614	P39077	1
P39008	P53267	1
P02400	Q07657	1
P38699	Q12309	1
P16892	P38959	1
P53865	P53904	1
P34223	P36131	1
P29496	Q08438	1
P38620	P53855	1
P12754	Q12452	1
P38329	P80667	1
P53604	Q12315	1
P38801	P53904	1
P07834	P32523	1
P18898	P51601	1
P20484	P38428	1
P14907	P39715	1
P47160	Q04149	1
P16521	P39008	1
P32800	Q03619	1
P20433	P30902	1
P12754	P42839	1
Q03048	Q04739	1
P25303	P38856	1
P25584	P38313	1
Q02890	Q06408	1
P32561	P38689	1
O13553	P02994	1
P32783	Q03690	1
P17119	P21182	1
P21801	P36149	1
P06782	P25694	1
P25357	Q08215	1
P36224	Q06436	1
P40959	Q05636	1
P18494	P46962	1
P23644	P38696	1
P07149	P25296	1
P24867	Q12265	1
P23724	P53886	1
P53043	Q08285	1
P18410	P32629	1
P39706	Q12749	1
P19735	Q12028	1
P36421	P47050	1
P47124	P53086	1
P32590	Q08285	1
P32481	P40471	1
P07283	P38182	1
P11746	Q08873	1
P16664	P39937	1
P16658	Q00578	1
P38063	P53048	1
P37012	Q04233	1
P12611	P53256	1
P33420	Q08729	1
P38217	P39990	1
P33892	P47124	1
P53743	Q02890	1
P00958	P38249	1
P33401	P38427	1
P32562	P36139	1
P38776	Q06200	1
P41940	Q04749	1
P19657	Q04675	1
P07347	P25293	1
P30656	P50101	1
P38152	P53299	1
P28817	Q03956	1
P02829	Q07376	1
P22543	Q03337	1
P33760	Q12418	1
P33755	P36144	1
P31374	P40036	1
P36094	P39962	1
P32590	P39730	1
P39935	P47079	1
P38011	Q06696	1
P11745	P32628	1
P32802	P47113	1
P53256	Q06108	1
P18961	P38041	1
P23724	P35729	1
P15108	P48562	1
P21192	P34077	1
P24867	P33199	1
P32945	P38757	1
P38274	P38855	1
P53858	Q04149	1
P13712	Q04894	1
P38705	P53313	1
P39962	P41814	1
P29509	Q04233	1
P23287	Q06216	1
P25659	Q03899	1
P04046	P28795	1
P53267	P53283	1
Q02890	Q12248	1
P38991	P40089	1
P17255	P31377	1
P22543	Q08965	1
P27614	P40573	1
P29465	P38788	1
P13712	Q99383	1
P38840	Q04964	1
P40460	P53115	1
P32468	P39717	1
P22007	P32504	1
P38856	P53322	1
P20053	P48524	1
P32600	P39713	1
P06773	Q04005	1
P33307	P38873	1
P33311	P53086	1
P40518	P47079	1
P53855	Q05949	1
P25558	P38287	1
P25558	P38871	1
P19262	P53145	1
P30619	P38182	1
P32796	P38872	1
P47041	Q08581	1
P05986	P53124	1
P29461	P39531	1
P39984	P89102	1
P02293	P40316	1
P38850	P40007	1
Q02260	Q03862	1
P40492	P40565	1
P13365	P47104	1
Q03532	Q08649	1
P17157	P30771	1
P43619	Q06164	1
P35197	P50945	1
P11746	P53295	1
P14681	P24867	1
P24814	Q08966	1
Q00955	Q12427	1
P25296	Q12154	1
P47122	P48837	1
P18494	P31109	1
P25333	P53540	1
P34241	Q08923	1
P28817	Q03776	1
P26755	Q07913	1
P53323	Q06604	1
P32581	Q08162	1
Q06525	Q12159	1
P11746	P53968	1
P25694	Q12446	1
Q07623	Q07915	1
P16521	Q12734	1
P40103	P53865	1
P16661	P22804	1
P32855	P38991	1
P53258	Q12154	1
P47120	Q03956	1
P20606	Q04004	1
O13565	P25451	1
P32523	P47019	1
Q03862	Q06568	1
P24279	P25296	1
P24869	P53855	1
P32786	P38208	1
P00358	Q12250	1
P19880	Q04053	1
P32642	P53886	1
P20052	P38903	1
P38219	P42839	1
P36049	P53978	1
P19145	Q06479	1
P25333	P80667	1
P36149	Q03920	1
P32524	Q12045	1
P07262	P39707	1
P06704	Q04660	1
P32349	Q00723	1
P17555	P38283	1
P20606	P53829	1
P36124	Q04749	1
P06244	P25344	1
P38959	Q08965	1
P32583	P47074	1
P32495	Q03690	1
P02557	P34758	1
P23644	P32909	1
P20606	P28708	1
P00330	P53829	1
P34758	P53112	1
P00044	P33333	1
P32573	Q02199	1
P05030	P53043	1
P34217	Q03532	1
P38903	Q01389	1
P32561	P48361	1
P41813	P43612	1
P36005	P60010	1
P28274	P38265	1
P27801	P53136	1
P33892	P39968	1
P32327	Q04493	1
P34909	P53691	1
P39713	Q12045	1
P25359	Q08004	1
P25301	Q04089	1
P27514	P38146	1
P08524	P39707	1
P53011	Q03792	1
P19414	P34160	1
P53933	Q12168	1
P25659	P38872	1
Q04675	Q12024	1
P36149	P39729	1
P40960	P53082	1
P06787	P19657	1
P27637	P31377	1
P38229	Q12276	1
P05986	P38708	1
Q06604	Q6Q547	1
P07278	Q06245	1
Q05636	Q99207	1
P33201	P38903	1
P19262	P36149	1
P09733	P38989	1
P31688	Q05933	1
P32767	Q12222	1
P53124	P53861	1
P32945	Q12084	1
P24279	Q04217	1
P36006	P47050	1
P19073	P32480	1
P40024	P47045	1
P38270	P50278	1
P38959	Q00723	1
P53743	Q02793	1
P25604	Q05778	1
P35691	P40064	1
P38348	P53755	1
P07262	P18898	1
P24870	P38786	1
P16658	Q12446	1
P00560	P39014	1
P36124	P43321	1
P38726	P38829	1
P53036	Q08558	1
P28834	P31109	1
P32481	P53141	1
P32912	Q12285	1
P33895	P38814	1
P23542	P33322	1
P38301	P40857	1
P47083	Q02866	1
P40314	Q12301	1
Q02199	Q04217	1
P22515	P25649	1
P06242	Q07471	1
Q03323	Q7LIF1	1
P16862	P47150	1
P24814	P40003	1
P36003	P38708	1
P13712	Q12168	1
P32380	P39929	1
P32945	Q04373	1
P32801	Q12045	1
P14741	P33401	1
P14747	P32505	1
P38989	P53739	1
P38063	P53250	1
P28708	Q12107	1
P38883	P41940	1
P40453	P47134	1
P11433	P40555	1
Q03503	Q04121	1
P07260	P14306	1
P32432	Q03656	1
P38200	P49955	1
P36084	Q07980	1
P19658	P52919	1
P32457	P36049	1
P46678	Q7LIF1	1
Q00245	Q04921	1
P32327	P53011	1
P20081	Q06103	1
P38742	Q04002	1
P23287	Q00764	1
P53965	Q05778	1
P53280	Q12734	1
P38200	P38270	1
Q07657	Q99299	1
P43601	Q12186	1
P25357	P41940	1
P00331	P38344	1
P32496	P50111	1
P09435	P35497	1
Q03497	Q12038	1
P06103	Q12377	1
P07283	P25694	1
P17119	Q99385	1
P38077	Q02804	1
P38716	Q12306	1
P32634	Q08723	1
P32578	P40095	1
P38801	Q04868	1
P32502	Q04233	1
P51534	Q02205	1
P38344	P40477	1
P32524	Q04217	1
P40455	P53243	1
P43619	Q00776	1
P06780	Q12433	1
O13553	P36008	1
P25294	P53082	1
P20606	Q08723	1
P53136	Q08979	1
P49334	Q04935	1
P02557	P47017	1
P51534	P53271	1
P38310	P40089	1
P08679	P40303	1
P40529	Q03096	1
P40164	Q12018	1
P25591	P38806	1
P04840	P33338	1
P33322	Q06551	1
P38691	Q03792	1
P30619	P36224	1
P31383	Q07993	1
P53091	Q07896	1
P27796	P32900	1
P46948	Q12390	1
P25294	Q04004	1
P09733	Q08229	1
Q04338	Q08956	1
P53739	Q12256	1
P40095	P40327	1
P32480	Q06648	1
P39707	P40316	1
P06787	P34758	1
P32854	Q12033	1
P28834	P47116	1
P00044	P33199	1
P36024	Q00955	1
P38850	Q12522	1
P53152	P53622	1
P14904	Q12168	1
P39935	P40541	1
P16521	P53830	1
P39107	Q05610	1
P40091	Q07528	1
Q03981	Q08951	1
Q08235	Q12250	1
P53297	Q06102	1
P05694	P08566	1
P37296	Q03503	1
P32796	P53322	1
P30283	Q02775	1
P27801	P53971	1
P53124	P53277	1
P50113	Q05874	1
P23202	P39925	1
P40360	P57744	1
Q05080	Q05166	1
P08431	P53974	1
P32855	P50113	1
P29469	P31377	1
P53930	Q06673	1
P29703	Q08972	1
Q06078	Q12154	1
P09624	Q05947	1
P07278	P36080	1
P38283	P53136	1
Q00776	Q04839	1
P19097	P20967	1
P40561	Q00816	1
P00359	P29340	1
P38328	P53949	1
Q12175	Q12499	1
P05318	Q08962	1
P53280	Q00955	1
P39727	Q08649	1
P00546	P50101	1
Q04002	Q08963	1
P20133	P32528	1
P47122	Q06411	1
P27636	P53152	1
P35198	Q02892	1
P25357	P48239	1
Q04368	Q12754	1
P08018	P38198	1
P28320	P46674	1
P25333	P38705	1
P03965	P53322	1
P42935	Q03619	1
Q00816	Q03899	1
P25454	Q12390	1
P39705	P39743	1
P32854	P40963	1
P25333	P37012	1
Q02208	Q06632	1
P32602	Q05636	1
P31539	Q04031	1
P32524	P40453	1
P00331	P22515	1
P53855	P53861	1
P24869	P53859	1
P33328	Q04493	1
P19145	P25333	1
Q08285	Q12017	1
P43132	Q12488	1
P00546	Q00955	1
P53965	Q08558	1
P22219	P53840	1
P10363	Q02199	1
P09435	P23394	1
P18410	Q07528	1
P32842	Q12754	1
P47150	Q07834	1
P38967	P40528	1
P40573	P53152	1
P40469	Q03010	1
P07260	Q12499	1
P38247	Q04491	1
P40529	Q12045	1
P34087	Q12017	1
P38970	P40555	1
P08518	Q07921	1
P00546	P38077	1
P31688	P35197	1
P32450	P48361	1
P27796	P51996	1
Q07887	Q12063	1
P35197	P48837	1
P53867	Q04562	1
P07270	P53600	1
P23561	Q12518	1
P13712	P38129	1
P27801	P40529	1
Q00684	Q03162	1
P10592	Q03330	1
P05085	P38708	1
P32801	P46673	1
P02994	P31383	1
P33755	P53286	1
Q04217	Q06580	1
P07258	P40492	1
P10869	P15303	1
P06787	P39730	1
P19262	P38922	1
P32349	P32776	1
P49687	P89102	1
P53280	P53840	1
P40350	P43568	1
P23394	P53755	1
P40960	Q12241	1
P35184	Q04121	1
P36161	Q06665	1
P81450	Q12035	1
P39925	P39946	1
P35497	Q07915	1
P11746	P53298	1
P06844	P35497	1
P25615	P38708	1
P38903	P41832	1
P40457	Q92331	1
P32387	P38910	1
P14680	Q12434	1
P52593	P53145	1
P32582	P36131	1
P52910	Q12241	1
P47150	Q02804	1
P31384	P46672	1
P05694	P38247	1
P21243	P38113	1
P40155	Q05080	1
P46678	P53115	1
P17536	P20459	1
P37012	P38873	1
P25604	P36010	1
P25649	P38270	1
P53067	P53280	1
P35184	Q00578	1
P41814	Q02354	1
P38931	P53125	1
P53904	Q08285	1
P14736	Q02908	1
P33203	P46970	1
Q06479	Q99385	1
P48412	Q08444	1
P22137	Q12377	1
P46956	P53093	1
P38634	P53965	1
P31109	P40479	1
P32897	Q01454	1
Q02775	Q06631	1
P53150	Q08558	1
P11154	Q02793	1
P27637	Q04338	1
P17891	P32565	1
P53112	P53185	1
P06787	P53968	1
P53112	Q08273	1
P28834	P52919	1
P32913	Q12734	1
P53739	Q12017	1
P39715	Q06142	1
P32591	P40350	1
P06777	Q12159	1
P53949	Q03784	1
P32639	P36019	1
P06777	P32805	1
P38931	P42942	1
P49686	Q06568	1
Q08492	Q12260	1
P41920	Q12389	1
P13045	P14682	1
P36053	P40014	1
Q12107	Q12518	1
P43321	Q12315	1
P05085	P33201	1
P19454	P21182	1
P38700	Q12222	1
P47134	Q12518	1
P33418	P38276	1
P54861	Q00955	1
P29496	P53840	1
P32458	P51601	1
Q00578	Q07732	1
Q12377	Q12417	1
P25343	P48566	1
P02293	P22219	1
P25369	P40959	1
P35497	P40457	1
Q08956	Q12527	1
P20459	P35178	1
P53267	Q04195	1
P07283	Q08144	1
P36013	P38768	1
P31539	P34234	1
Q01560	Q03048	1
P41895	P46974	1
P36421	P38620	1
P21182	Q12433	1
P32895	P39984	1
P02294	P10566	1
P38193	Q12248	1
P32562	P47129	1
P20053	Q08746	1
P14680	P35691	1
P06244	Q08963	1
P36103	P48562	1
P19735	P25451	1
P32528	Q00723	1
Q02199	Q04412	1
P39108	Q07657	1
P10592	P38287	1
P47029	Q12433	1
P20967	P32939	1
P14747	Q04004	1
P05318	P43616	1
P09064	P43637	1
Q05785	Q12186	1
P53604	Q12248	1
P38827	P53973	1
P38822	P53094	1
P19262	P43321	1
P33328	P38871	1
P29056	P36009	1
Q06102	Q08492	1
P40005	P42845	1
P53267	Q08873	1
P28817	P39929	1
P27472	P53250	1
P21306	Q99207	1
P32629	P32899	1
P01123	P53855	1
P12688	P25341	1
P17555	Q05933	1
P05085	Q12107	1
P34164	P36013	1
P24004	P38768	1
P28817	Q06549	1
Q04002	Q05166	1
P25584	Q02892	1
P22515	P39994	1
P32074	P39925	1
P00724	P32074	1
P33298	Q08162	1
P12611	P53927	1
P50101	Q99181	1
P39707	Q12469	1
P00817	P41810	1
P06242	P24583	1
P18480	P46673	1
P32380	Q04675	1
P17536	P53048	1
P47104	P53933	1
Q12034	Q99299	1
P25558	P25615	1
P12385	P39744	1
P31374	Q00539	1
P25604	P41808	1
P46672	Q12365	1
P38249	Q05583	1
P40988	P41808	1
P06169	Q12250	1
P32898	P53086	1
P31377	P32800	1
P47117	Q05947	1
O13539	Q04305	1
P25657	Q99257	1
P23255	P35718	1
P32562	P53049	1
P32800	P42945	1
P33307	P40079	1
P06169	P53258	1
P32528	Q04693	1
P25454	P36139	1
P39550	P53061	1
P53549	Q05946	1
P06105	P28817	1
P05453	P32497	1
P02400	P38194	1
P37012	Q12452	1
P40328	Q03792	1
P48232	P48415	1
P32561	P36006	1
Q03088	Q06640	1
Q08273	Q12447	1
P38113	P53549	1
P25043	Q00381	1
P32790	Q05785	1
P40988	Q08972	1
P19262	P40335	1
P38070	Q07963	1
P00330	P06102	1
P38959	Q05947	1
P16892	Q00381	1
P06105	Q99299	1
P35729	P48524	1
P15646	Q06102	1
P33401	P47029	1
Q04660	Q05636	1
P22137	Q12276	1
P39996	P54837	1
P18852	P38203	1
P25357	Q06604	1
P09624	Q03784	1
P17255	P18480	1
P32628	Q05947	1
Q04978	Q06177	1
P12385	P40078	1
P53599	Q12389	1
P39962	Q12208	1
P36015	P38970	1
P07260	P38348	1
P36124	P47113	1
P08964	P32639	1
P32527	P38840	1
P40066	Q12176	1
P00931	Q06160	1
P00724	Q12276	1
P23776	Q12335	1
P22147	P25333	1
P51601	Q12527	1
P53298	Q04894	1
Q06078	Q12483	1
P38742	Q03018	1
P38689	P50278	1
P39713	Q07657	1
P38217	P40541	1
P46655	P53738	1
P27515	Q12418	1
P32501	P32634	1
P23968	P39936	1
P36094	Q12236	1
P53256	Q00955	1
P35197	Q04412	1
P01123	Q08273	1
P11154	P43565	1
P07262	Q08873	1
Q00539	Q08966	1
P23059	Q99385	1
P32561	P39929	1
P32783	P47093	1
P02557	P04456	1
P33419	P40335	1
P46675	Q07834	1
P38313	Q06451	1
P40453	P46988	1
P33760	Q03088	1
Q04175	Q07915	1
P11746	Q03900	1
P38814	P39925	1
P35729	Q12028	1
P38801	P40096	1
P36049	Q00381	1
P03965	P22137	1
Q03661	Q12194	1
P05453	Q04062	1
P53147	Q08287	1
P33401	P39014	1
P24482	P46682	1
P33323	P40089	1
P42884	Q08911	1
P17891	P47104	1
P25657	P37012	1
P15873	P38785	1
P22517	P36003	1
P25586	P32364	1
P21965	P38998	1
P38820	P38872	1
P46962	Q04792	1
P25043	Q99210	1
P17119	P40856	1
P33297	P49435	1
P29469	P47134	1
P36120	P89105	1
P25694	Q12754	1
P12945	P53278	1
P38855	Q04272	1
P05453	P25343	1
P16664	P39081	1
P24482	P40087	1
P29295	Q12390	1
P40965	P42945	1
P36013	Q08746	1
P00331	P38346	1
P38862	Q12206	1
P06242	P38822	1
P30771	P36145	1
P32447	P38822	1
P32945	Q04562	1
O13559	Q04651	1
P42839	Q00381	1
P25646	Q99257	1
P02293	P38822	1
P33755	P47117	1
P46957	Q08236	1
P28791	Q02205	1
P38313	Q06665	1
P27515	P38879	1
O13553	P40555	1
P20053	P38217	1
P38838	Q02574	1
P25298	Q06216	1
P35198	P40495	1
P16862	P43561	1
P38785	Q06078	1
P38310	P53258	1
P38247	P38823	1
P40092	Q12129	1
P00128	P25651	1
P32263	P39935	1
P53036	Q03322	1
P14306	Q08746	1
P19812	P36017	1
P38310	P46963	1
P29295	P34217	1
P38859	P53847	1
P32447	P53859	1
P40563	Q05947	1
P14306	Q05610	1
P38696	P53064	1
P32800	P48232	1
P20486	Q03981	1
P14741	Q12248	1
P12904	P19414	1
P53939	Q07930	1
P38705	Q03768	1
P32263	P38837	1
P40495	Q04272	1
P47122	Q02260	1
P53538	Q12161	1
Q08144	Q08979	1
P00175	Q07824	1
P38783	Q08649	1
P38806	Q12341	1
Q04121	Q12129	1
Q02793	Q12028	1
Q08729	Q99210	1
P21965	P33199	1
P53243	P53272	1
P15992	P40484	1
P50945	Q12038	1
P35193	Q04368	1
P47042	P53142	1
P32581	P39703	1
P39936	Q08729	1
P38293	P49704	1
P40010	P40362	1
P28007	Q12009	1
P32523	Q00416	1
P32790	P51996	1
P13712	P34164	1
P26793	P53604	1
P20095	P38204	1
P32787	P39954	1
P38333	Q03322	1
P12383	P25357	1
P32074	P36010	1
P52491	Q03063	1
P41896	Q12343	1
P20459	P47041	1
P00724	Q03322	1
Q05947	Q99299	1
P19955	Q02608	1
P07560	P40009	1
P07560	P17123	1
P32913	P38873	1
P53040	Q08438	1
P05626	P57744	1
P07149	P33892	1
P53743	Q04439	1
P02400	P40693	1
P17505	P53142	1
P53248	Q08723	1
P32895	Q08550	1
P53859	Q12499	1
P46677	Q12024	1
P22141	Q08236	1
P25370	Q04307	1
P39937	Q12017	1
P17555	P47068	1
P29056	P33122	1
P25646	P41921	1
P17536	P36015	1
P53248	Q04978	1
P39016	P53283	1
P33892	Q12163	1
P35723	P38727	1
P38705	Q12168	1
P38153	Q12390	1
Q02260	Q08746	1
P15108	Q99210	1
P38262	Q12026	1
P38247	P46682	1
P38637	P40457	1
P38862	Q08438	1
P38861	P47160	1
P27636	P53256	1
P06738	Q08581	1
P32800	P40563	1
P11745	P47079	1
P28817	P48415	1
P00330	P11484	1
P25367	Q04411	1
P35181	Q04005	1
P27796	P38903	1
P53930	Q12220	1
P28006	Q00684	1
P14741	Q12020	1
P53622	Q04004	1
P04147	P21965	1
P06774	P36160	1
P27514	P38129	1
P15303	Q06412	1
P32450	P38821	1
P32836	P53147	1
P10869	P36005	1
P19658	P49435	1
P25341	P33328	1
P35178	P53082	1
P18852	Q12084	1
P40151	Q99314	1
Q02554	Q06704	1
P32898	P53685	1
P25515	P33297	1
P47017	Q12186	1
P24869	P53064	1
O13539	P36037	1
P40103	P53254	1
P07149	P39083	1
P32854	Q06704	1
P27515	Q04062	1
P43574	Q06251	1
P32767	Q12154	1
P06244	P48415	1
P38283	Q00955	1
P32464	Q06604	1
P37296	Q00245	1
P39081	Q12175	1
P19735	Q06708	1
P41832	Q01649	1
P08524	Q06409	1
P40013	Q04121	1
P40496	P48568	1
P10659	P53965	1
P53865	Q04562	1
P38785	P42839	1
P25644	P40495	1
P30665	P53323	1
P20676	Q07980	1
P38838	Q04307	1
P33338	P36018	1
P11927	P38786	1
P32350	P33401	1
P30822	Q03048	1
P16370	P39955	1
P24813	Q03656	1
P32471	P33311	1
P40302	Q05947	1
P38328	P46672	1
P35197	Q04031	1
P39727	Q04739	1
Q02629	Q06451	1
P12611	P53011	1
P40494	P40495	1
P34087	Q12328	1
P53735	Q02805	1
P32578	P36103	1
P38085	Q02895	1
P25586	Q12469	1
P50113	P50278	1
P39682	P53130	1
P33204	P53248	1
P38070	P49704	1
P25385	P32481	1
P40573	Q12163	1
P08018	P22219	1
P27796	Q12734	1
P19262	P38283	1
P53691	Q08236	1
P33755	Q12494	1
P38774	P41805	1
P32389	Q02555	1
P12754	Q92317	1
Q04373	Q04377	1
P14741	Q06819	1
P02829	P38329	1
P25344	P37012	1
P22804	P25045	1
P12611	P33411	1
P14741	Q03532	1
P22139	P53914	1
P32529	Q01722	1
P07272	Q08685	1
P53939	Q99181	1
P53283	P53886	1
P38811	Q12026	1
P32349	Q04149	1
P33399	P41814	1
P38853	P39729	1
P21242	P32842	1
P36421	P48363	1
P18961	P38334	1
P13574	Q05027	1
P32861	Q08446	1
P40316	P50111	1
Q03897	Q06679	1
P16862	P53297	1
P19658	Q12255	1
P25615	Q08911	1
P31412	Q00416	1
P32573	P33307	1
P18239	P36168	1
P38237	Q06411	1
P46682	P54861	1
P25656	P53337	1
P49687	P60010	1
P22141	P25294	1
P09734	P39523	1
P20435	P32471	1
P19097	P21182	1
P12753	P32912	1
P14747	Q04195	1
P39962	Q07471	1
P34077	Q12518	1
P06843	P34216	1
Q03957	Q12513	1
P34758	Q02948	1
P26449	P39520	1
P32563	P37302	1
P05318	Q07915	1
P38788	P40956	1
P38798	Q04839	1
P49960	Q08729	1
P06103	P54999	1
P43565	P48559	1
P04807	P53685	1
P25369	Q05871	1
P15646	Q08492	1
Q07887	Q99394	1
Q02939	Q03940	1
P22007	P41807	1
P47122	Q12318	1
P53067	P53322	1
P39998	Q03920	1
P34077	Q12277	1
P25357	P25555	1
P32854	P43619	1
P05453	Q06251	1
P25294	P38555	1
P17214	P36144	1
P51601	Q03407	1
P36019	Q08963	1
P00358	P25584	1
P41810	P47150	1
P14126	P40988	1
P20081	P48837	1
Q03308	Q04493	1
P38829	Q04491	1
P15108	P40515	1
P36047	Q06648	1
P38696	P38956	1
P24867	P38862	1
Q06640	Q12754	1
P14737	Q06665	1
P38744	Q12082	1
O13539	P53082	1
O13559	P22141	1
P53064	Q04264	1
P18963	P34221	1
P35718	P42942	1
P25390	P32912	1
P40992	P41817	1
P53845	Q03768	1
P48232	Q04272	1
P38785	P39994	1
P25657	P38806	1
P39016	P40055	1
P18961	P43574	1
Q06673	Q08723	1
P25491	P39531	1
P38129	Q04491	1
P21672	P34223	1
Q06340	Q08931	1
P36013	P39073	1
P25694	P38623	1
P38620	Q12447	1
P32521	P33418	1
P39705	Q06164	1
P26263	P39966	1
P32832	P38262	1
Q02554	Q07657	1
P39967	Q08956	1
P06103	P22007	1
P32585	P52488	1
P32501	P38229	1
P13517	Q08920	1
P04821	P29461	1
P21957	Q03750	1
P13902	P38751	1
P12945	P36018	1
P47160	P53202	1
P38748	P53904	1
P41808	Q06217	1
Q04693	Q08446	1
P22202	P37296	1
P00431	P38957	1
P35729	Q12277	1
P24719	Q06677	1
Q07930	Q12220	1
P39531	Q06251	1
P39682	Q06648	1
P38247	P53904	1
P09440	Q12250	1
P07283	Q03533	1
P06844	P53691	1
P38995	Q05998	1
P00359	P13045	1
Q05080	Q06412	1
P38194	Q12152	1
P06101	Q06410	1
P24813	P40055	1
P11154	P24583	1
P33199	Q07834	1
P33203	P53552	1
P32450	Q12315	1
P22219	P33419	1
P33411	Q08746	1
P11927	Q04511	1
P38282	Q00578	1
P36080	P53280	1
P53150	Q12483	1
P27705	P53261	1
P04456	Q03920	1
P25390	Q03782	1
P46963	Q04031	1
P38801	P39744	1
P28274	P41695	1
P00937	P53600	1
P16649	P34162	1
P27705	P40092	1
P32835	P53185	1
P07866	Q03532	1
P39073	P40507	1
Q04373	Q12277	1
P38232	Q03956	1
P38998	Q12427	1
P32505	Q12277	1
P32797	P38957	1
Q06648	Q12329	1
P32259	P32583	1
P07270	Q07887	1
P38856	P42935	1
P32773	P39703	1
P38257	Q05946	1
P53731	Q12129	1
P15436	P38624	1
Q03220	Q03957	1
P20424	P41805	1
P08153	P22204	1
P06169	Q08911	1
P06781	P32939	1
P40529	P53549	1
P23639	Q08438	1
P24482	Q06604	1
P40095	P48361	1
P40555	Q02875	1
P38276	Q12424	1
P20606	P33755	1
P38113	P39998	1
P53927	Q05871	1
P02293	Q12427	1
P38856	P53323	1
P06844	P47120	1
P00830	Q06479	1
P23776	P43622	1
P15790	P33418	1
P35056	Q02890	1
P21965	Q06164	1
P31412	P40091	1
Q12017	Q99260	1
P46677	P54999	1
P53010	Q03758	1
Q00684	Q06451	1
P24482	Q03774	1
P29056	P34238	1
P49960	Q08235	1
P30822	P48363	1
P32600	P40096	1
P34226	Q02629	1
P36047	Q12390	1
P53086	P53859	1
P08431	P38237	1
P46957	Q12020	1
P22219	P38310	1
P20486	P53010	1
P33311	P40529	1
P38806	P41814	1
P00330	P06843	1
P04807	P53040	1
P32496	Q12277	1
P36068	Q08931	1
P02829	P40892	1
P37012	Q08965	1
P25341	Q12018	1
P20433	P48361	1
P34077	P39723	1
P38198	Q00416	1
P38153	P40314	1
Q00684	Q05778	1
P33750	Q03654	1
P32945	Q99207	1
P32800	P38077	1
Q04411	Q12165	1
Q06819	Q07993	1
P53248	Q00916	1
P32432	P40079	1
P38634	P41277	1
P06169	P89886	1
P20433	P38129	1
P39707	Q04792	1
P52593	Q6Q547	1
P40507	Q12033	1
P27692	Q12349	1
P05986	P38631	1
P36131	Q03774	1
Q04868	Q04921	1
P16467	P34160	1
P34223	Q06708	1
P40477	P40565	1
P07251	Q03010	1
P05317	P32895	1
P21339	Q12372	1
P38696	P40368	1
P38152	P39987	1
P20459	Q12390	1
P32898	Q07930	1
P49166	Q12318	1
P39682	Q00618	1
P17255	P40316	1
P32505	Q08229	1
P03965	Q05610	1
P38814	Q03619	1
P18962	P38861	1
P38301	P43588	1
P02994	P40541	1
P09435	P20606	1
P43588	Q08732	1
P38990	P53280	1
P38146	P40693	1
P22139	P36084	1
Q03048	Q04067	1
Q04934	Q06819	1
P39935	Q12363	1
P10964	P41818	1
P25298	P38631	1
P14832	Q08886	1
P38889	Q03956	1
P40960	Q12427	1
P38871	P41920	1
P25646	Q12513	1
P18759	P32776	1
P38871	Q04792	1
P35189	Q12224	1
P14064	P19736	1
Q08920	Q12276	1
P53845	Q05930	1
P39994	P53865	1
P36145	P45819	1
P00546	P23287	1
P38757	Q12033	1
P39083	P53739	1
Q07657	Q12045	1
O13565	Q08956	1
P38814	P53905	1
Q03782	Q12241	1
P14680	P19145	1
P04786	P49334	1
P12383	Q12152	1
P06243	P42845	1
P29461	P38853	1
P16522	P41817	1
P38313	P38764	1
P32578	P35734	1
P42073	Q99299	1
P02994	P13663	1
P00812	P35688	1
P25296	P53136	1
P27614	P32504	1
P39936	Q00816	1
P40518	P50108	1
P06779	P41814	1
P36130	P38254	1
P40024	Q02554	1
P00358	P39531	1
P39547	P43555	1
P38883	Q04048	1
Q04121	Q07896	1
P32468	P43616	1
P39008	Q06679	1
P24868	P40055	1
P12754	P20052	1
P32569	Q12102	1
P39967	Q05080	1
P00724	Q04217	1
P36144	Q12176	1
P15790	Q03785	1
P32481	Q99260	1
P06782	P53549	1
P29295	P36008	1
P17709	P53068	1
P32801	Q06177	1
P25344	P30619	1
P13663	P32364	1
P53243	Q02206	1
O13559	P11154	1
P32350	P38149	1
P15303	P25644	1
P32899	Q04562	1
P32447	P33199	1
P25515	P35178	1
P48582	Q08920	1
P38274	P38764	1
P38627	P39968	1
P53685	Q06696	1
P14904	P39008	1
P33419	P38871	1
P40066	Q06479	1
Q05022	Q06142	1
P22517	P39077	1
P32642	P38624	1
P13574	P40060	1
P25649	P53968	1
P07258	P23202	1
P32786	P34216	1
P53116	Q05021	1
P53840	P53883	1
P08524	P32786	1
P51601	Q05471	1
P07262	Q03899	1
P40494	P48562	1
P38779	Q12165	1
P40479	P41814	1
P25649	P53847	1
P53952	Q12343	1
P21243	Q02629	1
P32457	P53974	1
P19736	P46954	1
P35172	P38932	1
P25043	P38959	1
P32628	P36049	1
P46995	Q08965	1
P38855	Q99210	1
P28708	P32573	1
P00817	P06101	1
P39517	Q01939	1
P53112	P53867	1
P38310	P38823	1
P35198	P40892	1
P19657	P40555	1
O14467	Q04175	1
P38337	P40090	1
P38276	P49687	1
P35169	P38153	1
P33420	P39968	1
P12611	P21182	1
P53068	P53267	1
P25293	P37296	1
P12887	P36168	1
P35197	P38862	1
P32628	P42839	1
P10961	P89105	1
P23644	P38872	1
P36103	Q05785	1
P53865	Q92331	1
P38276	Q00816	1
P40013	Q03782	1
P25299	P32354	1
P28274	Q12060	1
P28006	Q12260	1
P25333	P43638	1
P32380	P39994	1
P39107	Q00578	1
P24279	Q06679	1
P17119	Q08746	1
P38149	Q07657	1
P40469	Q12038	1
P38313	Q12028	1
P18759	P30665	1
Q12260	Q12265	1
P22202	P40495	1
P18898	P41277	1
P38287	P47029	1
P31383	P38850	1
P17536	P38956	1
P00359	P40515	1
P17065	Q06665	1
P39929	Q03330	1
P25569	P32561	1
P32495	P34226	1
P09734	P26793	1
P40477	P47083	1
Q04439	Q12152	1
P09064	P41921	1
P32521	P38883	1
P29465	P40013	1
P28817	P32945	1
P40303	Q03532	1
P26793	P40095	1
P23594	P38344	1
P06844	P38631	1
P51601	P53755	1
P38631	Q12222	1
P32521	Q03954	1
P32354	Q07458	1
P30619	Q12473	1
P06242	Q03862	1
P32496	Q08746	1
P38282	P50113	1
P34077	P38991	1
P53550	Q12045	1
P32861	P36015	1
P38959	P54786	1
P17891	P28834	1
P16467	P54860	1
P21965	Q04439	1
Q12063	Q99260	1
P25294	Q12368	1
P19735	P25586	1
P27801	P35197	1
P20433	P48415	1
P32327	P33419	1
P27705	P38873	1
Q06512	Q12301	1
P13712	Q03322	1
P38193	P52919	1
P40958	P48581	1
P41911	Q08956	1
P38208	P38229	1
P40350	Q06506	1
P05085	P38636	1
P00359	Q04693	1
P38696	Q03330	1
P40991	P47064	1
P24482	Q04053	1
P25719	Q00416	1
P10592	P35688	1
P23724	P53883	1
P43568	Q12434	1
O13539	P32502	1
P32783	P53739	1
P53091	P53202	1
P08524	P49166	1
P38257	P53845	1
P00331	P53863	1
P06100	P25644	1
P38624	Q08162	1
P25294	P53280	1
P14724	Q03973	1
P46985	P53739	1
O13563	Q12222	1
P22543	P29461	1
P38862	P43638	1
P53068	Q08229	1
Q04749	Q12315	1
P27796	P38871	1
P32913	Q00776	1
P34234	P47064	1
P38283	Q06706	1
P06773	P53905	1
P38871	P47134	1
P19735	P24869	1
P36165	Q12176	1
P50091	P50946	1
P47017	P53163	1
P36018	Q07657	1
P12904	P36149	1
P38853	P39715	1
P33328	Q04601	1
P46655	Q08963	1
P28834	Q07442	1
P32505	P36080	1
P32521	P40005	1
P38313	Q00816	1
P12868	P32458	1
P05986	P38768	1
P24871	P38889	1
P38334	Q04338	1
P25644	Q02630	1
P48559	P53883	1
P28007	Q04048	1
P14306	P32350	1
P53202	Q04411	1
P53840	Q03690	1
P18961	P36012	1
P11484	Q06704	1
P15108	P35197	1
P38806	P40555	1
P27895	P53978	1
P34909	P39936	1
P31688	P40567	1
P38783	P39008	1
P39678	Q03750	1
P15108	P26263	1
P40455	Q06525	1
P17119	Q06408	1
P53125	Q08204	1
P23202	Q12206	1
P16892	Q06704	1
P00812	Q12134	1
P05318	P15436	1
P22216	Q12754	1
P32773	Q06142	1
P32783	P38822	1
P14359	Q00764	1
P53743	Q05900	1
P00958	P50091	1
P38219	P43574	1
P00812	Q04005	1
P25719	P36145	1
P53865	Q07381	1
P40494	Q02630	1
P12754	P32767	1
P05085	P09032	1
P09032	Q03322	1
P36421	P53829	1
P13365	P24482	1
P26263	P40078	1
P06738	Q05022	1
P38310	Q04493	1
P39723	Q06102	1
P20434	P42841	1
Q03782	Q08911	1
P38871	Q03018	1
P09959	P40959	1
P05694	P38989	1
P32562	Q00776	1
P32471	Q12098	1
P32895	P39925	1
P50113	Q04031	1
P19454	P19735	1
P53604	Q07376	1
P19735	P22141	1
P36421	P53298	1
P39743	P40574	1
P24279	Q06549	1
P06634	Q07442	1
P21672	P43574	1
P36015	Q04264	1
P53254	Q07786	1
P35729	P38708	1
P21182	P35056	1
P36018	P53250	1
P53298	Q06177	1
Q04003	Q07824	1
P38737	P41940	1
Q03497	Q06696	1
P49166	Q04562	1
P13517	P42839	1
P33311	Q12518	1
P09734	P39111	1
P39547	P53176	1
P40988	P42073	1
P17629	P20133	1
P25357	Q08729	1
P06704	P40484	1
P40014	P53877	1
Q03497	Q08144	1
P10961	P32597	1
P10592	P33298	1
P13517	P53040	1
P07260	Q07732	1
P41813	P43565	1
P25453	P53437	1
Q07824	Q08446	1
P36019	P39990	1
P36057	P39551	1
P34234	Q08732	1
P40959	P47117	1
P33204	P38113	1
Q02884	Q03899	1
P24279	Q03220	1
Q04477	Q12464	1
P23594	Q04839	1
P38631	Q12100	1
P32458	P39703	1
P32485	Q12134	1
P28795	Q08438	1
P40087	P53238	1
P36094	P38705	1
P32849	P47134	1
P40048	Q03768	1
P11745	P22202	1
Q04005	Q12469	1
P38737	P40018	1
P19414	Q03899	1
P00817	P12868	1
P47113	P53261	1
P14359	Q06340	1
P18759	P40480	1
P40003	Q03308	1
P32349	P53552	1
P29469	P46948	1
P21801	P32458	1
P46957	P53277	1
P33420	P38011	1
P36139	Q02866	1
P32495	Q08144	1
P53883	Q99299	1
P23059	P40468	1
P39990	P48363	1
P32345	P35182	1
P40089	P40155	1
P41940	P53549	1
P11710	P39551	1
P40048	P53199	1
P18410	P53604	1
P32485	Q00684	1
P08018	P38348	1
P38153	Q12754	1
P33301	P47166	1
P32350	P41911	1
P38959	P39108	1
P50108	P53280	1
P43616	P53886	1
P53248	Q04305	1
P00560	P17709	1
P53622	Q06142	1
P38301	P38774	1
P21801	P53830	1
P25591	Q06704	1
P24869	Q08496	1
P32504	P40991	1
P38348	Q04660	1
P02829	P15646	1
P00830	Q12038	1
P39984	Q12236	1
P29509	P36080	1
P43612	P53840	1
P32581	P53252	1
P39081	Q02629	1
P40971	Q04847	1
P33419	Q99181	1
P32864	P53048	1
P32468	P53256	1
P18898	P22141	1
P22202	Q12129	1
P04819	P16547	1
P38165	Q05785	1
P20459	P53081	1
P38850	P40555	1
P38879	P53261	1
P22515	Q08438	1
P07251	P17119	1
P23644	Q00916	1
P32502	P53867	1
Q04894	Q06704	1
P14736	Q06160	1
P25657	Q04005	1
P53068	Q02773	1
P33201	P36013	1
P25451	P47068	1
P41940	Q12241	1
P32364	P39927	1
P33399	P53068	1
P32527	Q08217	1
P38013	P47079	1
P53738	Q12045	1
P36068	P38735	1
P09734	P32074	1
P38298	P53209	1
P40079	Q12514	1
P09624	P19414	1
P04821	P16861	1
P32945	P47064	1
P10363	P23287	1
P15873	P53082	1
P20433	P46985	1
O13563	P32337	1
P36017	Q04004	1
P53894	Q08931	1
P32573	Q12063	1
P10863	P39540	1
P26793	P38998	1
P32328	Q04964	1
P36520	Q03177	1
P10659	P53068	1
P38861	Q03690	1
P00175	Q12241	1
P29465	Q03897	1
P38293	Q04233	1
P00445	P47134	1
P32528	P36005	1
P17536	P22141	1
P36145	Q08962	1
P00724	P24004	1
P07258	Q07381	1
P53209	P53740	1
P02829	P32481	1
P40009	Q07468	1
P32854	Q12206	1
P31374	P33204	1
P34160	Q02199	1
P26793	P38042	1
P40335	Q12514	1
P25045	P33296	1
P33307	P38786	1
P33401	P41814	1
P53883	Q08550	1
P53131	Q03280	1
P38634	Q08446	1
P41277	P53250	1
P07560	Q07786	1
P38781	Q06168	1
P10869	P38200	1
P29496	P39705	1
P11978	Q08685	1
P05318	Q07528	1
P40187	P53115	1
P34160	Q05583	1
P07251	P53599	1
P39727	P53094	1
P00830	P35198	1
P33299	P40069	1
P36973	Q12527	1
P25559	P47019	1
P00817	P32786	1
P38555	Q06108	1
P46680	Q03758	1
P36013	P53067	1
P18961	P39517	1
P36013	P39968	1
P38636	Q07732	1
P21801	P40217	1
P53939	Q04651	1
P38310	P48836	1
P07272	P21538	1
P00560	Q05775	1
P40014	P53116	1
P00958	P19735	1
P46985	Q00582	1
P35181	P41813	1
P40957	Q04089	1
P22213	Q04921	1
P25582	P40092	1
Q00684	Q05785	1
Q03919	Q03973	1
P38631	Q06673	1
P33399	P40303	1
P36027	P38130	1
P40069	Q05636	1
P15442	Q02260	1
P05318	P53163	1
P24870	P38774	1
P39730	P53036	1
P17065	Q04411	1
P49334	Q12194	1
P40087	P40314	1
P02829	Q06103	1
P38634	P53036	1
P25558	Q04067	1
P04807	Q12527	1
P27796	Q01649	1
P17536	Q12285	1
P40495	Q02804	1
P53738	Q07381	1
P40186	P50086	1
P20433	P49955	1
P38856	P47122	1
P38696	Q07657	1
P14682	Q04067	1
Q00955	Q03010	1
P19657	P38996	1
P38786	P38829	1
P28795	P53290	1
P14359	P53731	1
P32861	P53124	1
Q00816	Q05874	1
P05318	Q08581	1
P46672	Q06673	1
P02400	Q06679	1
P14904	P25657	1
P40573	P43568	1
P40055	P53145	1
P32578	P38871	1
P50108	P53159	1
P11745	P54861	1
Q03792	Q12017	1
P00817	P36017	1
P19097	P53290	1
P22007	P38903	1
P30619	P40055	1
P39925	Q12368	1
P39108	P52910	1
P33201	P36068	1
P27895	P32873	1
P06243	Q06108	1
P14832	Q08965	1
P25515	Q04439	1
P46947	Q04412	1
P39081	P39517	1
P39682	P40316	1
P36047	Q03920	1
P14126	P42935	1
P32328	P40089	1
P00359	Q06412	1
P14736	P23561	1
P04807	P38257	1
P26793	P40573	1
P36139	Q12315	1
P38237	P49166	1
P04456	P32802	1
P10823	P43613	1
P53313	Q04195	1
P43619	P43638	1
P40991	Q00723	1
P02400	P38837	1
P21576	P53743	1
P40013	Q03533	1
P36145	P39966	1
P08153	P33328	1
P26793	P41808	1
P34223	Q03784	1
P04786	P39954	1
P21306	P41921	1
P38753	Q06706	1
P38622	P53197	1
P22213	P38748	1
P00729	P40013	1
P33307	P40024	1
P32802	P36003	1
P14359	P40335	1
P27636	P40960	1
P18961	P33311	1
P36049	P40468	1
P53974	Q04651	1
P18852	P38431	1
P38208	P40960	1
Q07381	Q12206	1
P19073	P48524	1
P08566	P34164	1
P32325	Q00578	1
P47117	Q12513	1
P24583	P53082	1
P25605	P50086	1
P12753	Q06696	1
P25357	P39730	1
P53199	Q08581	1
Q03981	Q12033	1
P06844	Q05775	1
P38555	P39927	1
Q07887	Q12045	1
P20459	P53894	1
P41808	Q12045	1
P32599	P40095	1
P07834	P32864	1
P23255	P36120	1
Q07381	Q12220	1
P36037	P41814	1
P23287	P39079	1
P04147	P47122	1
P04147	P39730	1
O14467	P40529	1
P33418	P49704	1
Q03776	Q04601	1
P38991	Q04005	1
P38794	P53082	1
P25333	P31688	1
P39925	P40856	1
P47079	Q03782	1
P25648	P52491	1
P28007	P39531	1
P33418	P35729	1
P06105	Q03862	1
P30656	P40518	1
P25296	P36037	1
P46954	P54784	1
P40457	P50111	1
P07272	Q04673	1
P12385	P13045	1
P00431	P33303	1
P54860	Q04439	1
P47122	Q05930	1
P25454	P38861	1
P38930	P41832	1
P40092	Q02875	1
P38165	Q06679	1
Q00816	Q06411	1
P32900	P36022	1
P27999	P53212	1
Q04675	Q06568	1
P18759	Q12084	1
P33895	P39073	1
P35193	P36124	1
P00830	P32263	1
P47041	Q07824	1
P22515	Q02197	1
P38352	P40991	1
P35190	P53277	1
P21192	Q06451	1
P08018	P39523	1
P35177	P36121	1
P38788	P40507	1
P27351	P39723	1
P32602	P36085	1
P40468	Q12154	1
P08524	P32505	1
P13712	P31377	1
P40087	P53254	1
P48525	P53540	1
P48582	P53905	1
P09624	P39727	1
P38182	Q08550	1
P32570	P43132	1
P20795	Q03981	1
P32495	P53905	1
P10363	Q08732	1
P13712	P35734	1
P40484	P53861	1
P38229	Q06216	1
P16861	P32523	1
P38113	P40186	1
P04147	P53124	1
Q00416	Q04411	1
P24279	Q04439	1
P32325	P40479	1
P09440	P38883	1
P38768	P40092	1
Q08162	Q12363	1
P38287	P40010	1
P33760	Q06263	1
Q03337	Q06160	1
P09624	P28007	1
P02557	P53163	1
P39925	P40095	1
P50111	P53859	1
Q07468	Q07834	1
P32259	Q06677	1
P36139	P53068	1
P14907	P39682	1
P46655	Q04264	1
P53322	P53742	1
P39743	Q12513	1
P32380	Q92317	1
P39523	Q06436	1
P33419	P46675	1
P12385	P46655	1
P12868	Q06102	1
P39969	P53742	1
P33307	P53600	1
P32854	P43574	1
P13517	P33203	1
P34216	P38063	1
O13563	P53049	1
P23287	P35688	1
P40095	P53150	1
P18898	Q08873	1
P47017	Q02884	1
P38132	P53919	1
P25586	P27351	1
P31374	P47068	1
P05453	P53248	1
P22203	P22543	1
P09232	P46962	1
P28795	P40965	1
P38788	P49704	1
P41805	Q12020	1
P53550	Q04601	1
P38319	Q12060	1
P25558	P38247	1
P00331	P36047	1
P40555	Q04921	1
P20133	P38254	1
P38689	P38821	1
P32380	P32591	1
Q04305	Q05900	1
P34223	P35727	1
P06100	P33307	1
Q03900	Q04195	1
P12753	P40010	1
P32447	Q12473	1
P09798	P48582	1
P32495	Q08558	1
P06244	P36085	1
P36017	Q05471	1
P24814	P49955	1
P32917	P38129	1
P50946	P53152	1
O14467	P07866	1
P32502	P47019	1
P30902	Q03900	1
P17255	P52593	1
P38310	Q03162	1
P04147	P06787	1
P04051	P20436	1
P07834	Q08732	1
P27705	P53136	1
Q03330	Q03792	1
P04147	P32776	1
P47150	Q03954	1
P24813	P53159	1
P38883	Q02884	1
P09959	P39925	1
P53145	Q03654	1
P12385	P53599	1
P12753	Q05785	1
P07149	P07258	1
P32381	Q02931	1
Q05933	Q06549	1
P26755	Q03208	1
P32364	P38276	1
Q03785	Q08732	1
Q04233	Q99207	1
Q02773	Q12255	1
P46673	Q04217	1
P42935	Q12368	1
P03965	P38856	1
P32642	Q99299	1
P39979	P40096	1
P27515	P40469	1
P11433	P80667	1
P39107	Q02804	1
P39717	Q04031	1
P06103	P14359	1
P10592	P25491	1
P16892	P53043	1
P06243	P47104	1
P43588	Q06704	1
P24871	P25615	1
P32895	P32945	1
P35197	P52593	1
P38713	P50086	1
P40515	Q12163	1
P23394	P46655	1
P53847	P89886	1
P38622	P38785	1
P38822	P43321	1
P20435	Q04601	1
P08678	P28239	1
P33338	P47104	1
P18852	P40368	1
P27351	P29340	1
P25515	P47150	1
P38631	Q07657	1
P43321	P43574	1
P14747	P32496	1
O13297	P40151	1
P38823	Q05080	1
P16661	P53954	1
P38348	P46655	1
P40565	Q12168	1
P24004	P39703	1
O13565	P46672	1
P14832	P37012	1
P32908	Q08387	1
P25385	Q04562	1
P53199	Q02892	1
P39111	Q12236	1
P00958	P02829	1
P53093	P53344	1
P35172	P40013	1
P04912	Q03148	1
P20134	P46678	1
P14904	P25343	1
P38298	P39996	1
P38757	P38837	1
P49687	Q06436	1
P35688	Q00416	1
P10964	P53212	1
P32074	P38990	1
Q03774	Q04693	1
P21182	P49435	1
P25454	P25644	1
Q06568	Q6Q547	1
P32485	P53254	1
P40091	Q12018	1
P32447	Q05946	1
P53691	P89886	1
P31384	P53082	1
P27801	Q04411	1
P53248	Q00684	1
P53152	Q08144	1
P46988	Q12020	1
P00358	P23644	1
P53290	Q04062	1
P24870	Q12517	1
P41920	P48240	1
P35734	P39929	1
P40527	P40890	1
P20081	Q07915	1
P39723	Q12494	1
P40963	Q08217	1
P53886	Q12518	1
P26263	P43619	1
P13712	P46957	1
P16861	Q06673	1
P23594	Q99257	1
P21192	P32495	1
P18961	P39107	1
Q02884	Q06160	1
P07560	Q06648	1
P28006	P50108	1
P13712	P46947	1
P18962	P38862	1
P40155	P51862	1
P34077	Q12024	1
P22147	P25586	1
P36131	P40155	1
P38319	Q06677	1
P52910	Q04062	1
P09435	P53271	1
O13539	P18759	1
Q02892	Q06108	1
P47041	Q03322	1
P12385	Q12285	1
Q12100	Q12236	1
P38990	Q06216	1
P24870	Q00582	1
P53861	P53865	1
P36018	Q04493	1
P46954	Q12488	1
P32945	Q07963	1
P43612	P53010	1
P46672	Q03897	1
P38352	P39990	1
P18410	P39715	1
Q03768	Q12276	1
P45819	P46673	1
P38903	P40471	1
Q04894	Q08965	1
P32849	P49166	1
P07261	P50104	1
P38970	P52490	1
P38705	P47150	1
P38042	Q12494	1
P22224	P39929	1
P40959	P47029	1
P32380	Q04412	1
Q08729	Q12009	1
P34223	Q06704	1
P32527	P36139	1
P38011	P40036	1
P32328	Q07623	1
P38753	Q00764	1
P39083	P53599	1
P23644	Q03900	1
P38291	P53731	1
Q01684	Q08278	1
P27636	P41921	1
P32480	P53930	1
P14126	P53256	1
P32328	Q12318	1
P15646	P40103	1
P36010	Q06177	1
P41807	P53185	1
P24813	P32776	1
P38217	P53159	1
P25719	Q08963	1
P28004	Q08773	1
P25344	P50111	1
P43616	P46655	1
P33760	P38329	1
P18963	P32447	1
P09624	Q00916	1
P32945	P50091	1
P32590	P36018	1
P32910	Q12233	1
P36144	P38232	1
P37012	P53604	1
P38915	P52488	1
P10363	P25615	1
P38247	P53043	1
P46675	P46963	1
P38631	P39531	1
P38823	P40963	1
P38996	P52910	1
P33307	Q12222	1
Q04004	Q92317	1
P04456	Q12754	1
P09032	P36080	1
P38193	Q01389	1
P35688	P48566	1
P33311	P39079	1
P06843	P15303	1
P18961	P40038	1
P25719	P46655	1
P10659	P40494	1
P40316	Q04412	1
P07213	P38957	1
P09959	P51996	1
P27796	Q12527	1
P20606	P47113	1
P38329	P38814	1
P38623	P38716	1
P16474	P53079	1
P14741	P46962	1
P06634	P53600	1
P43321	Q12390	1
P25659	P53202	1
P41896	Q02516	1
P25567	P39935	1
P53550	Q12009	1
P36012	Q06436	1
P19097	P40965	1
Q03497	Q12186	1
P38063	Q12522	1
P40574	P53267	1
P38344	P41318	1
P17555	P40565	1
P25343	P25584	1
P53298	Q06696	1
P19736	P38265	1
P32471	P36085	1
P19145	Q04003	1
P32944	P40020	1
P33203	P51601	1
P29295	Q08746	1
P50108	Q04377	1
P02994	P38726	1
P14907	Q12241	1
P15442	P46963	1
P25555	P32450	1
P38203	P48566	1
P36107	Q04439	1
P40468	Q12420	1
P35169	P46962	1
P07866	P20435	1
P36107	P38254	1
P18410	P53152	1
P38713	Q12084	1
P32450	P38922	1
P38637	P39936	1
P20459	P33892	1
P07149	P14737	1
P38070	P40567	1
P40956	Q04272	1
P23644	P45819	1
P21242	Q02260	1
Q07824	Q99383	1
Q06549	Q07887	1
P40328	P40567	1
P53968	Q06251	1
P46655	Q6Q547	1
P21965	Q08144	1
P36131	P43588	1
P11978	P40958	1
P53743	Q99394	1
P00359	P41814	1
P18410	Q03792	1
P32854	P36145	1
P23724	Q12265	1
P00549	Q12433	1
P17536	P47083	1
P49686	Q12154	1
P22515	P38691	1
P40003	P40477	1
P06101	P15108	1
P40024	Q07657	1
P10566	P28239	1
P15790	P36124	1
P34160	Q99394	1
P38990	Q02199	1
P38889	Q06160	1
P17695	P38959	1
P14242	P21951	1
P53067	Q06263	1
P10863	P35179	1
P00175	P53130	1
P18962	P32801	1
P32450	P41814	1
P39927	Q07442	1
P18961	P53130	1
P26263	Q03162	1
P53131	Q04673	1
P07278	P32345	1
P14064	P21538	1
P12385	Q06408	1
P06100	P28791	1
P40078	P46962	1
P36162	Q08444	1
P32854	Q05900	1
P30902	P38200	1
P32581	Q12518	1
P40368	P40469	1
P25360	P48837	1
P34164	P47041	1
P14736	Q12256	1
Q03455	Q06815	1
P54999	Q04005	1
P14908	P38817	1
P38631	Q08931	1
P15790	P46672	1
P40151	Q03323	1
P38346	Q12518	1
Q04048	Q08444	1
P20052	P25582	1
P53091	Q06217	1
P32345	Q12045	1
P40484	Q04377	1
P15108	Q03792	1
P13517	P34160	1
P00175	P25605	1
P19735	P40573	1
P38089	P40036	1
P38716	P39998	1
P36024	P47129	1
Q00916	Q07786	1
P06104	P38801	1
P06103	P40164	1
P46963	Q99257	1
Q06411	Q06549	1
P14741	P53197	1
P15790	P38627	1
P13663	P25294	1
P36224	Q04272	1
P25604	P32855	1
P14736	P21672	1
P25343	P47104	1
P49435	Q07623	1
P38853	Q12427	1
P43638	Q03981	1
P53010	Q08911	1
P38889	Q12267	1
P38631	Q00955	1
P00175	P10622	1
P21538	P42944	1
P39994	Q03981	1
P18410	P32345	1
P53859	Q03690	1
P10964	P52488	1
P22213	P32582	1
P38970	P53322	1
P38990	Q99176	1
Q12098	Q12417	1
P18962	P38922	1
P40892	Q04067	1
P36010	P38219	1
P48239	P53086	1
P17255	P39723	1
P07834	P52919	1
P13711	P38742	1
P32496	P41813	1
Q06409	Q06673	1
P13365	P24814	1
Q03954	Q12241	1
P46673	Q04894	1
P36130	P41834	1
P15442	P33311	1
P53094	P53845	1
P25360	P43637	1
P11484	P48415	1
P25367	P46995	1
P23724	P38871	1
P14747	Q06479	1
P20424	P53965	1
P17157	P25357	1
P39077	P47079	1
P25646	P40471	1
P38960	Q04231	1
Q12006	Q12372	1
P38132	Q08963	1
P47005	Q08496	1
P35497	P36019	1
P32783	P38194	1
P06242	Q12446	1
P36120	Q12157	1
Q08746	Q99176	1
P39729	P40857	1
P20134	Q03208	1
Q03792	Q04675	1
P07258	P33203	1
P32599	Q12499	1
P15891	P39998	1
P17695	P32786	1
P38237	P39729	1
P38113	P40005	1
P25591	Q99186	1
P24871	Q12038	1
P54784	Q04089	1
P12611	P32450	1
P27636	P36037	1
P32505	Q08949	1
P32345	Q00582	1
P40079	Q07786	1
P53145	Q04264	1
P38855	P46682	1
P39966	Q05166	1
P12945	P35178	1
P39682	P40092	1
P00128	P37366	1
P07347	P24870	1
Q03792	Q04062	1
Q04675	Q06436	1
P41807	P53145	1
P32945	Q04921	1
P39979	Q12168	1
P17555	P53011	1
P25303	P50275	1
P00445	P53254	1
P32356	Q12277	1
Q05471	Q12315	1
P28817	P47083	1
P06773	P41813	1
P32327	Q04377	1
P19145	Q12256	1
P32337	P38283	1
P53129	Q02199	1
P08964	P15303	1
P28495	P39946	1
P10869	P22202	1
Q08285	Q12220	1
P38859	Q03656	1
P16892	P17629	1
P38998	P40091	1
P25657	P49704	1
P41807	Q08951	1
P41940	Q06506	1
P25299	P26755	1
P46962	Q05946	1
P20052	P37302	1
P38699	Q12161	1
P23644	P38011	1
P08964	P53313	1
P47104	Q03654	1
P38829	Q07471	1
P06787	P52919	1
P23287	P36130	1
P80667	Q08229	1
P25344	Q12420	1
P40555	P53207	1
P10592	Q02354	1
P38319	Q03323	1
P33307	P54860	1
Q07623	Q12098	1
P35688	Q06604	1
Q01939	Q03048	1
Q03322	Q99210	1
P13393	Q9URQ3	1
P32468	Q12434	1
P39990	P40959	1
P13663	P53286	1
P07270	Q03656	1
P30771	Q12494	1
P36034	Q92316	1
P38798	P53199	1
P33307	P36145	1
P39723	Q08911	1
P38328	P41814	1
P40963	Q07915	1
P48240	Q02773	1
P15992	P53743	1
P46995	Q08492	1
P33750	P53150	1
P53867	Q08966	1
P23287	P40078	1
P06242	P38208	1
P53604	Q04175	1
P43637	Q12368	1
P34160	P36049	1
P36008	P38753	1
P34110	P53738	1
P18480	Q12033	1
P23594	Q04121	1
P38862	Q04491	1
P13574	P40090	1
P10622	P34758	1
P53883	Q02892	1
P32578	Q03220	1
P25491	P48562	1
P06100	Q12420	1
P07560	Q12427	1
P32855	P38149	1
P34241	P38931	1
P08524	P38283	1
P32842	P39707	1
P27895	Q05775	1
P16862	P40507	1
P15442	P39083	1
P40316	Q04868	1
P24783	P80667	1
P16521	P36103	1
P32074	P53136	1
P32916	P35210	1
Q08972	Q12206	1
P22007	P33297	1
P33760	Q12377	1
P20133	Q12034	1
P38786	P38990	1
P38814	P39990	1
P35197	P47045	1
P27636	Q04894	1
P35688	Q00764	1
P38042	Q12199	1
P00950	P42845	1
P23059	P53965	1
P08539	Q03655	1
P25649	P40362	1
P38265	P47049	1
P53271	Q04368	1
P41277	P53883	1
P23561	Q12220	1
P11710	P32319	1
P40078	P50278	1
P19262	Q03774	1
P53378	Q08886	1
P38334	Q03220	1
P53254	Q05022	1
P06100	P23059	1
P43568	P53829	1
P48524	Q00416	1
P00937	P10591	1
P23639	P49686	1
P36017	P40069	1
P05986	Q06177	1
P06773	P33399	1
P38723	Q08193	1
Q03619	Q04978	1
P38013	Q04377	1
P22213	Q06708	1
P34217	P39935	1
P35817	P46974	1
P08964	P16658	1
P38970	P53886	1
P23394	P43568	1
P06243	P24814	1
P39946	Q00578	1
P25582	P53124	1
P36130	Q06340	1
P22141	P53277	1
P38282	P40328	1
P40003	Q04660	1
P07347	P14747	1
P27515	P40507	1
P38247	P38431	1
P06169	P47050	1
P12754	P53939	1
Q05022	Q12020	1
P41810	Q03900	1
P00812	Q03790	1
P31688	Q03254	1
P00830	P38623	1
P14747	P18759	1
P15790	P50275	1
P32495	P32582	1
P32563	P33420	1
P04147	P33338	1
P32336	P48240	1
P40018	Q00245	1
P32524	Q06479	1
P53086	Q03010	1
P25045	P38068	1
P32328	Q12452	1
Q02197	Q03254	1
P07270	P53845	1
P19812	Q03897	1
P27999	P42942	1
P25575	P27895	1
P32939	P40561	1
P24868	P27472	1
P18759	P32913	1
P32502	P38555	1
P40988	P53316	1
P38165	P48582	1
P25604	Q04894	1
P38996	Q12241	1
P27351	P36018	1
P40563	P47122	1
P37012	Q12518	1
Q00416	Q06169	1
P25370	Q12216	1
P38622	Q03735	1
P32914	P50874	1
P06100	P07264	1
P38555	Q07824	1
P52490	Q06436	1
P40078	P53930	1
O13539	Q04412	1
P52488	P53211	1
P34217	P53965	1
P32629	Q04964	1
P38013	P38856	1
P36103	P53064	1
P29703	P40167	1
P53971	Q00776	1
O13539	P39994	1
P30619	Q03503	1
P11745	P35497	1
P38623	P39729	1
P09734	P21192	1
Q12390	Q99385	1
P27692	P40456	1
P16521	Q12199	1
P06844	P28795	1
P38636	Q04839	1
P32634	Q12329	1
P53755	Q07824	1
P34216	Q12034	1
P25357	P53036	1
P53738	Q04067	1
P07262	P27472	1
P05085	P12754	1
P49687	Q04053	1
P29496	P50275	1
P46655	Q12241	1
P14832	Q99210	1
P06242	P53600	1
P53750	Q12102	1
P36130	Q04660	1
P39994	Q12499	1
P19812	Q04562	1
P32263	Q07381	1
P09798	P17255	1
P33401	P38705	1
P17555	P38333	1
P18494	P41808	1
P38822	Q08438	1
P10659	Q04031	1
P30656	Q08951	1
P32565	P38989	1
P22202	Q04031	1
P28708	P47017	1
P38748	Q12427	1
P32528	P38555	1
P51996	Q04338	1
P32599	P46985	1
P23337	P38084	1
P25502	P35817	1
P38873	P41810	1
P32591	P41814	1
P38988	P53616	1
P27514	P46677	1
P47029	Q02793	1
P06787	P07347	1
P25369	P48415	1
P07251	P40066	1
P53968	Q08873	1
P22203	P38276	1
P25558	P40574	1
P25390	P46962	1
P43574	Q01560	1
P22204	P40963	1
P25604	Q03782	1
P36124	Q04217	1
P36130	P40055	1
Q03010	Q08285	1
P38291	Q04053	1
P32591	P38749	1
Q04002	Q07468	1
Q03973	Q04377	1
P25341	P38785	1
P32364	P53011	1
P22213	P38636	1
P24867	P32480	1
P25719	Q12248	1
P19955	P36147	1
P37302	P41911	1
P32561	Q00618	1
P12753	P38768	1
P25591	P38348	1
P32349	Q12260	1
P39682	Q12420	1
P38329	P51996	1
P30619	P32796	1
P38760	Q05947	1
P00830	P17629	1
P38998	Q12306	1
P34758	Q05785	1
P40079	Q04272	1
P32639	P53124	1
P53298	P53743	1
P23202	P32873	1
P32602	P40494	1
P32364	P33760	1
P41896	Q12004	1
P43568	P47150	1
P40693	Q08962	1
P38855	P47116	1
P32559	P34227	1
P18410	Q03337	1
P36005	Q12241	1
P40479	Q12433	1
P33401	P39937	1
P39531	Q07442	1
P40422	P53243	1
P20795	Q04562	1
P46961	P53344	1
P38716	Q03774	1
P32773	P40517	1
P38063	P53738	1
P18759	Q04601	1
P06242	P25343	1
P16892	P40091	1
P32917	Q03503	1
P39962	Q08235	1
P06784	P31412	1
P35197	P39682	1
P36005	Q12034	1
P38814	P40515	1
P00812	P53043	1
P47160	Q03162	1
P33333	Q03619	1
P35056	P53082	1
P15646	P35688	1
P26263	P38257	1
P38149	P47050	1
P38823	Q12100	1
P15442	P53159	1
P35210	P39702	1
Q01939	Q12098	1
P07283	P21306	1
P20676	P52488	1
P47019	P50108	1
P32783	Q12363	1
P04147	Q01939	1
P47017	Q03758	1
P48363	P53150	1
P46970	P47122	1
P22137	P40541	1
P40164	Q12129	1
P32481	P35181	1
P38705	Q01389	1
P36053	P40151	1
P38283	P38708	1
P02400	P38229	1
P47045	Q03532	1
P06782	P30902	1
P40492	Q03330	1
P40517	P47029	1
Q00723	Q03088	1
P36165	P38764	1
P15873	Q12020	1
P38990	Q12165	1
P36224	Q12447	1
P36162	P38801	1
P32380	P47045	1
P21951	P47167	1
P19735	P39743	1
P00330	P38334	1
P29703	Q12377	1
P40010	P47124	1
P23638	Q06549	1
P06243	P37012	1
P16467	P38764	1
P14126	Q99181	1
P33204	Q04601	1
P06844	P38801	1
P28320	Q08773	1
P25357	P39743	1
Q08438	Q99383	1
P39706	P50875	1
P38820	Q04601	1
P07264	P38861	1
P14907	Q00245	1
P25584	Q03619	1
P40350	P42884	1
P21965	P38794	1
P30902	P38922	1
P09032	P38748	1
P12904	P22213	1
P38735	Q12199	1
Q05874	Q12301	1
P38555	P38631	1
P32350	Q12420	1
P53549	Q12365	1
P40186	Q12380	1
P32800	P36047	1
P53068	Q03919	1
P18759	P33203	1
P05318	P35178	1
P32802	P43321	1
P15790	P53258	1
P38903	Q12163	1
P32835	P38801	1
P34244	P42845	1
P50946	Q12134	1
P08018	P46680	1
P08153	P13712	1
P19657	P39014	1
P25694	P38636	1
P20081	P27472	1
P53043	Q06412	1
P12945	P53152	1
P38310	Q02884	1
P32939	P48239	1
P38329	P53112	1
P34160	Q04562	1
P32800	Q00539	1
P32605	P39014	1
P06101	P53112	1
P50113	Q07786	1
P36085	P46985	1
Q04930	Q12513	1
P53738	Q03784	1
Q07528	Q12527	1
P38759	P40362	1
P00729	P40507	1
P33201	P53743	1
P38112	P53538	1
P36124	Q12306	1
P36027	P38992	1
P40456	P53259	1
P47019	Q06169	1
P28007	Q12517	1
P33199	P38232	1
P42935	Q92331	1
P38823	P53731	1
P02294	P08456	1
P25591	P53883	1
P31111	P38265	1
P18410	P47041	1
P18962	Q99176	1
P53043	Q03973	1
P41808	Q03782	1
P38620	P39715	1
P15646	P38346	1
P23776	P38288	1
Q00723	Q05610	1
P04821	Q08217	1
P15303	Q12009	1
P32895	P53278	1
P10591	Q12098	1
P32319	P39548	1
P46681	P53259	1
P50101	P54999	1
P04456	P28795	1
P03965	P50091	1
P32767	P53248	1
P53197	Q03956	1
Q08235	Q12009	1
P10622	P25615	1
P36049	P46673	1
P19454	Q12734	1
P25646	Q03899	1
P02293	P32790	1
P33411	Q07824	1
P08524	P32325	1
P32325	P35181	1
P38759	P53238	1
P53256	Q04264	1
P23059	Q03956	1
P53199	P53855	1
P09232	P24004	1
P39968	P41277	1
P02829	P38871	1
P33892	Q12129	1
P30656	Q07622	1
P40302	P50275	1
P36120	Q07478	1
P23968	P32909	1
P47093	Q04491	1
Q02197	Q12469	1
O13553	P38622	1
P25360	P53067	1
P22224	Q06177	1
P28274	P38911	1
P32898	P38748	1
P53600	Q99394	1
P32581	P54786	1
P18962	P48837	1
P16521	P38889	1
P11746	P47041	1
P38862	Q08215	1
P38631	Q04491	1
P40517	Q00916	1
P39729	P47064	1
P09624	P38636	1
P33411	Q12517	1
P15646	P46655	1
P13517	P38149	1
P31374	P32381	1
P38749	Q01939	1
P25582	P38132	1
P40048	P41832	1
Q04373	Q12034	1
Q02629	Q03768	1
P20053	P32776	1
P39994	Q04233	1
P39081	P40561	1
P40186	Q04964	1
Q02773	Q04978	1
O13559	Q06408	1
P32589	Q08965	1
P40518	Q04031	1
P15424	P38817	1
P09798	Q08492	1
P00729	P06243	1
P38283	P89102	1
P28004	P38112	1
P08679	P14904	1
P00950	P04147	1
P35169	P35193	1
P09435	P39715	1
P38623	P53974	1
P22515	P42073	1
P07149	P24583	1
P41318	P43565	1
P30902	P40574	1
P39929	Q05080	1
P33399	P53082	1
P38153	P39990	1
P41318	Q06177	1
P17119	Q12009	1
P39523	Q03096	1
P32599	Q12460	1
P25584	P38208	1
P40016	P47116	1
P32336	P40314	1
P36068	P40096	1
P39077	P46947	1
P20484	P53269	1
P28708	Q12447	1
P38352	P53081	1
P23638	P54999	1
P39705	P53185	1
Q04921	Q05610	1
Q06407	Q08963	1
P43561	Q04149	1
P09734	Q08649	1
P38970	P50278	1
P48836	Q12256	1
P03965	P53081	1
P47120	Q12024	1
P15442	P53731	1
P19145	P40565	1
P38431	Q05874	1
P14359	P40302	1
P48232	Q08004	1
P17119	P39730	1
P38861	P39936	1
P34758	Q99186	1
P27476	Q12060	1
P12688	P38764	1
P32328	P46680	1
P12754	P21672	1
P07262	P46947	1
P08518	P38719	1
Q06164	Q07930	1
P07866	P38013	1
P32600	P43561	1
P04807	P38282	1
P39734	P40450	1
P24869	P48232	1
P48412	Q02892	1
P36520	P38860	1
P40151	Q12749	1
P32773	P36149	1
P31539	Q92331	1
P48582	Q08965	1
P11154	P38063	1
P08964	P46680	1
P21965	Q04272	1
P25646	P26793	1
P11433	P40471	1
P29509	Q12417	1
P28495	P36010	1
P32389	Q03208	1
P53086	Q12129	1
P20081	P41813	1
P04807	P41834	1
P48361	Q12469	1
P13711	P53691	1
P26798	P53914	1
P40857	Q06648	1
P35177	Q12157	1
P22543	P47019	1
P07269	P32379	1
P15891	P32835	1
P38237	P50945	1
P19145	Q04978	1
P00175	P39077	1
P14291	Q04089	1
P25558	P27472	1
P35688	Q06479	1
P33895	Q06604	1
P07866	Q06706	1
P11484	P25569	1
P32873	P39107	1
P36022	P41814	1
P39744	P54786	1
P19454	P53094	1
P22137	P39969	1
P38198	Q12220	1
Q03654	Q99210	1
P14306	P38291	1
P32639	Q12473	1
P00330	P23639	1
P38334	Q08746	1
P48582	Q08217	1
P22219	P53540	1
P10659	Q02948	1
P14242	P40090	1
P38334	Q08004	1
P15891	P38555	1
P40096	P47050	1
P38855	P53863	1
P47011	Q12514	1
P32802	P53845	1
P20606	P29465	1
P00549	P14737	1
P19414	P40548	1
P32591	Q12028	1
P53859	Q03785	1
P38786	Q06177	1
P47113	Q05949	1
P14306	Q04004	1
P11927	P35734	1
P20676	Q7LIF1	1
P53322	Q07963	1
P40009	Q08144	1
P38182	P46655	1
P40303	P40555	1
P34077	P38759	1
P33760	Q12165	1
P32895	P53040	1
P13517	P32464	1
P34909	Q05949	1
P40018	Q04792	1
P00729	P38555	1
Q00816	Q06673	1
P18480	Q00416	1
P25659	P38346	1
P36013	P38922	1
P48566	Q03956	1
P20053	P51534	1
P49704	P54861	1
P00830	P32562	1
P19073	Q00618	1
P02829	P50108	1
Q07468	Q07528	1
P07149	P53939	1
P38829	Q99383	1
P32600	P38555	1
P38270	Q05778	1
P33420	Q04217	1
P48240	P48582	1
O13553	Q04411	1
P22224	P47103	1
P09435	Q07471	1
P36024	Q12017	1
P14904	Q12018	1
P15938	P29468	1
P38760	Q08951	1
P45819	P50108	1
P35691	Q06506	1
P40079	Q03897	1
P39073	P40561	1
P35056	Q06169	1
P38132	P53064	1
P10961	P47074	1
P53313	Q6Q547	1
P43588	P53742	1
P39077	Q04930	1
P21192	P23638	1
P22224	P41813	1
Q04675	Q06819	1
P12868	P16664	1
P38624	Q03018	1
Q03862	Q08920	1
P20795	P53829	1
Q04511	Q12754	1
P46682	Q12028	1
P32591	P51996	1
P15790	P23394	1
P53124	Q12168	1
P24869	P38352	1
P31109	P38696	1
P39001	Q08923	1
P40335	Q12009	1
P17119	P53271	1
P13365	Q04121	1
P36005	P38219	1
P00950	P38208	1
P40036	P40038	1
P50086	P53277	1
P53283	Q12368	1
P32481	Q08649	1
P32786	P47041	1
P53048	Q03758	1
P32945	P53185	1
P39008	P40078	1
P39990	Q00618	1
Q03735	Q12163	1
P32481	P47019	1
P32589	P41834	1
P04821	Q07824	1
P36019	P53930	1
P41805	Q12460	1
P31688	P38200	1
P27801	P32562	1
P25344	Q08215	1
P32849	P35190	1
P02293	P43568	1
P22543	P38930	1
P32917	P38872	1
P32496	P40055	1
P20433	Q03897	1
P21242	P53731	1
P25644	P32639	1
P31384	P32523	1
P20967	P38348	1
P00729	P43637	1
P39083	P47041	1
P35169	P38291	1
P41832	Q03862	1
P25591	P39079	1
P33298	P51996	1
P38274	Q04373	1
P38769	Q12236	1
P40069	P42884	1
P40477	P41911	1
P23561	P46675	1
P27514	P53082	1
P38089	P41807	1
P49955	Q08972	1
P27614	P53238	1
P17555	P43637	1
P38042	Q12527	1
P10363	P40561	1
P38783	P40565	1
P04456	P23561	1
P38998	P53930	1
P32899	P39967	1
P33895	P38932	1
P15436	P54786	1
P25567	P38352	1
P18962	Q12098	1
P30283	Q01684	1
P10659	P21192	1
P32561	P49687	1
P14747	P53129	1
P10659	P38249	1
P18494	P32505	1
P21576	P53203	1
P25580	Q12396	1
P32564	P43682	1
P19454	P20459	1
P25390	P34160	1
P21242	Q12222	1
P41544	Q03860	1
Q06340	Q92331	1
P32805	Q08975	1
P25360	P40567	1
P26793	P40096	1
P41813	P47104	1
P32909	P38283	1
P47027	Q03940	1
P10964	P40090	1
P27796	P40167	1
P51996	Q04651	1
P28708	Q06479	1
P36068	P53277	1
P34244	Q04062	1
P43588	Q05785	1
P39743	Q02866	1
P32628	P46995	1
Q00816	Q06251	1
P33298	P40064	1
P38288	P38723	1
P38229	P47120	1
P23638	P32849	1
P25491	P47124	1
P35169	P53968	1
P39937	Q12241	1
P07260	P32485	1
P48240	Q03656	1
P04147	Q06549	1
P50942	Q03018	1
P40461	Q06410	1
P38291	P50113	1
Q00539	Q04233	1
P38063	P53283	1
Q00578	Q08215	1
P40016	Q04264	1
P29340	Q02773	1
P08964	P33333	1
P37302	P39979	1
P38768	Q12513	1
P25615	P47045	1
P22202	P53091	1
P32345	Q12315	1
P21965	P40087	1
P32501	P51862	1
P38624	P39929	1
P25297	P39010	1
P25303	P38634	1
P11745	P25694	1
P06101	P53847	1
P49955	Q08558	1
P48412	Q12329	1
P25605	P25644	1
P28834	Q06169	1
P36049	Q06648	1
P32464	P38077	1
P11746	P38013	1
P53252	Q05946	1
P06738	P53549	1
P32605	P32895	1
P53040	P53267	1
P32485	P38287	1
P27636	P38786	1
P06701	P38204	1
P38962	Q06001	1
P21672	P38631	1
P38735	P40327	1
P38699	P41818	1
P38988	Q02895	1
P38217	Q08723	1
P35729	P36107	1
P41832	Q99207	1
P24783	Q03897	1
P43565	P52490	1
P21243	P25043	1
P38956	P40453	1
P22204	P40567	1
P49166	P53939	1
P38254	P39929	1
P10869	P32523	1
P07258	Q12256	1
P22202	Q08162	1
P32450	Q04368	1
P35182	P40988	1
P32589	P33203	1
P15436	P25558	1
P13517	Q08273	1
P25043	P32835	1
P00931	P38737	1
P12945	Q12460	1
P14291	Q06525	1
P32913	P36018	1
P43638	Q06706	1
P32327	P32380	1
P03965	P41834	1
P09435	Q02773	1
P39073	P40096	1
Q04322	Q06568	1
P14680	Q06604	1
P38328	P39016	1
P02994	P53974	1
P00359	P32601	1
P04046	P40461	1
Q03619	Q05080	1
P25569	P32602	1
P25586	Q04491	1
P27636	P53297	1
Q04062	Q06142	1
P17709	P18963	1
P36047	Q05580	1
P06102	P23542	1
P00331	Q06819	1
P39108	Q04660	1
P28795	P36008	1
P39969	Q00582	1
P27614	Q08581	1
P40480	P46988	1
P17891	Q04964	1
P32589	P36049	1
Q00416	Q12380	1
P38729	P53176	1
P31374	P32356	1
P25298	P38232	1
P33411	P40314	1
P46675	Q05947	1
P38346	Q03656	1
P14904	P34226	1
P47093	P47116	1
P37296	P38149	1
P00549	P07278	1
P25567	P31412	1
P32805	Q03125	1
P38760	Q12206	1
P02293	Q08962	1
P53163	Q12256	1
Q03900	Q06512	1
P32913	Q12045	1
P38636	Q12024	1
P18759	P21243	1
P14680	Q06216	1
P28007	Q00245	1
P38696	Q12329	1
P07283	P29469	1
P20133	P38237	1
P11154	P32521	1
P38042	P53295	1
P53271	Q05580	1
P32639	P40517	1
P15891	Q07376	1
Q04792	Q08550	1
P43321	Q12483	1
P13711	P32605	1
P06787	P39962	1
P09624	P32849	1
P27472	P38344	1
P39682	Q04493	1
P38146	Q02199	1
P39969	P40217	1
P07260	P32581	1
P38729	P43621	1
P02557	P06843	1
P38757	P40103	1
P16521	P53742	1
Q00381	Q04048	1
Q03690	Q12009	1
P32325	Q12175	1
P38070	P41940	1
P03965	Q12368	1
P23724	P53738	1
Q02260	Q08956	1
P32842	P41813	1
P19454	Q05778	1
P05318	Q12433	1
P38872	P54861	1
P38132	P38742	1
P29496	P53086	1
P39717	P54786	1
P38077	P40573	1
P32356	P38293	1
P23287	P32468	1
P25615	P36421	1
P40036	P53067	1
P20053	P40018	1
Q05021	Q7LIF1	1
P04147	Q00955	1
P53914	Q06677	1
P33301	Q04225	1
P38113	Q03656	1
P41318	P53271	1
P24867	P38631	1
P14681	Q06479	1
P38153	P47116	1
P15891	P53094	1
P20435	Q08962	1
P25385	P25694	1
P25454	P38757	1
P11927	Q07786	1
P38346	Q04964	1
P32349	P40573	1
P25604	P53855	1
P41921	P53068	1
P24004	P32642	1
P31383	Q00578	1
P30656	Q08746	1
P32505	P38334	1
P38920	P40151	1
P16467	Q03956	1
P33895	P54999	1
P38287	Q02931	1
P38850	Q12236	1
P06773	Q12527	1
P38989	P53313	1
P24868	P53883	1
P38329	P53248	1
P54860	Q03220	1
P38768	Q12365	1
Q03096	Q12163	1
P07264	P48559	1
P42839	P53894	1
P00931	Q07930	1
P25341	Q04031	1
Q08723	Q12368	1
P32523	P47113	1
P38427	Q03735	1
P36103	P47129	1
P20606	P38132	1
P47050	P48412	1
Q08496	Q92317	1
P22203	Q00416	1
P36015	P42945	1
P39073	P39925	1
P38328	P39077	1
P32504	P40314	1
P32786	P41832	1
P06787	P38622	1
P12753	P20795	1
P27351	Q07471	1
P14736	P33328	1
P27801	P38013	1
P38873	P39517	1
P29465	P40314	1
P12611	P40515	1
P38749	Q06108	1
P16370	P22224	0
P50875	Q07732	0
P25567	P54867	0
P32479	P53735	0
P23968	Q03761	0
P48510	Q12098	0
P22804	P38262	0
P39523	Q02805	0
P09798	P53215	0
P06783	P39969	0
P38699	Q04493	0
P40343	Q03208	0
P38992	P53091	0
P38265	P47129	0
Q06005	Q06096	0
P32796	P46974	0
P06777	Q04675	0
P25582	P38272	0
P06104	Q03063	0
P25454	P38138	0
P06775	P39713	0
P25302	P53840	0
P32767	P42944	0
P29055	Q04062	0
P09440	Q02204	0
P47152	Q04412	0
P40971	P46655	0
P53252	P53437	0
P38163	P40103	0
Q03920	Q12309	0
P31109	P47166	0
P26343	P53549	0
P25294	P40341	0
P27801	P38191	0
P10863	P43563	0
P07866	P39550	0
P53286	Q08975	0
P04050	Q05946	0
P33297	Q05931	0
P20134	Q05080	0
P36165	P38776	0
P14922	Q12309	0
P25376	P50875	0
P00331	Q06639	0
P06844	P26755	0
P38788	P47090	0
P43596	Q12473	0
P25045	P32629	0
Q12233	Q12318	0
P36104	P43588	0
P06784	P14242	0
P06783	P38719	0
P36147	P53244	0
P21339	P33199	0
P36121	Q08438	0
P53082	P53243	0
P22219	P40460	0
Q06344	Q08550	0
P38920	Q02866	0
P25657	P27692	0
P38064	P39929	0
P48836	P53616	0
P38717	Q03897	0
P39734	P54861	0
P38879	Q05931	0
P39990	Q03177	0
P38334	Q02555	0
Q02516	Q04233	0
P07269	P52491	0
P17505	Q06078	0
P21957	P32504	0
P10591	P25648	0
P23594	P26449	0
P40965	Q03940	0
P32333	Q12255	0
P37838	P48568	0
P18963	P35179	0
P25584	Q04697	0
P20435	Q12224	0
Q06436	Q12233	0
P52919	P53096	0
P32855	P38112	0
P04817	P38623	0
P00420	P38723	0
P07261	P15790	0
P48439	Q07963	0
P26309	P39734	0
P07347	Q02608	0
P39962	P41695	0
P46954	P47120	0
P40527	P53272	0
P47035	P47187	0
P40352	Q08492	0
P38801	Q02775	0
P23833	Q02908	0
P33420	P38112	0
P32559	P38871	0
P32628	P32641	0
P38637	P40456	0
P22276	Q02890	0
P25385	P39551	0
P32585	P53036	0
P07248	P40565	0
P21691	Q12443	0
P40360	Q04511	0
P00330	P53176	0
P38254	P38699	0
P43609	Q12199	0
P29461	P36016	0
P40092	P47052	0
P25382	P36027	0
P39996	Q03308	0
P23179	P38622	0
P24871	Q03213	0
P07347	P38112	0
P14741	P53244	0
P53115	P53130	0
P22137	P32897	0
P14832	P32529	0
P37838	P38774	0
Q03103	Q03981	0
P27705	Q06168	0
P22209	P35172	0
P33441	Q12154	0
P08153	P26798	0
P38716	P38992	0
P40014	Q06708	0
Q02892	Q12309	0
P32902	P48361	0
P28274	P40857	0
P53857	Q06525	0
P07283	P16661	0
P19454	P32494	0
P09064	P47035	0
P06783	P25046	0
P25358	Q04121	0
P32788	Q06673	0
P06780	Q02555	0
P10592	P19358	0
P25646	P47132	0
P39001	P53278	0
P29468	P38089	0
P25045	P32602	0
P32259	Q04493	0
P39992	Q03220	0
P22035	P32902	0
P26263	Q03208	0
P38827	Q08746	0
P32944	P36161	0
P32797	Q04749	0
P39702	Q05785	0
P38132	P43609	0
P38291	P39702	0
P40555	P47038	0
P32805	Q04930	0
P11978	P40555	0
P38735	P53823	0
P38203	P45976	0
P38293	P50090	0
P32332	P32563	0
P00420	P17536	0
P39111	Q12343	0
P14737	P53209	0
P07250	P53855	0
P09733	P46956	0
P39990	Q07478	0
P10964	P39702	0
P38811	Q06407	0
P16521	P25346	0
P42944	Q12035	0
P35497	P40992	0
P40565	P46954	0
P20484	P40518	0
P53142	Q04964	0
P38130	Q08949	0
Q06169	Q08980	0
P31380	P33411	0
P32319	P46970	0
P43535	Q08018	0
P38784	P47042	0
P06169	Q12157	0
P36015	P39706	0
P38270	Q08975	0
P40965	Q02784	0
P32582	P36057	0
P36027	Q03750	0
P24482	P40187	0
P06781	P32569	0
Q06169	Q06205	0
P16861	P39954	0
P39946	Q04307	0
P25558	P53259	0
P07703	Q06436	0
P00950	P38784	0
P04050	Q06169	0
P30771	P38523	0
P32773	P33767	0
P22214	P47049	0
P12887	Q03785	0
P38859	Q06677	0
P32495	P32499	0
P25297	P53124	0
P17695	Q03177	0
O13297	Q06096	0
P30771	P47027	0
P00546	Q12372	0
P20433	P34162	0
P38132	Q04697	0
Q03654	Q12004	0
P23179	P33328	0
O13539	Q02516	0
P21691	P47061	0
Q02948	Q12157	0
P29496	P40077	0
P23394	P32832	0
P14064	P40892	0
P53238	Q05787	0
P32628	P32803	0
P18239	P33307	0
P32529	Q12285	0
P48415	P53299	0
P32944	Q04562	0
P53093	Q07786	0
P38337	Q12389	0
P53254	Q06697	0
P25454	P28004	0
P10863	P38989	0
P41544	Q07824	0
P41920	P46954	0
P48566	Q07800	0
P34217	P40890	0
P40573	P47115	0
Q08975	Q12138	0
P32389	P33401	0
P06838	Q12329	0
P04911	P47167	0
P40969	Q08004	0
P32558	Q12365	0
P29295	P32334	0
P11914	P30619	0
P32597	P35181	0
P17065	Q12006	0
P24813	P40356	0
P06784	Q12270	0
P47129	Q99344	0
P02557	Q03323	0
Q03330	Q06339	0
P32796	P43682	0
P11710	P53280	0
P20434	Q12222	0
P04050	P53949	0
P36053	P53971	0
P23776	P36224	0
P13574	P33323	0
P15303	Q04307	0
P40475	P40565	0
P40527	Q06108	0
P41544	Q99181	0
P53115	Q07468	0
P36145	Q06205	0
P22139	Q07471	0
P32767	P40957	0
P22204	Q12026	0
Q06706	Q12174	0
P04051	P38344	0
P15108	P38968	0
P08678	P40965	0
P36160	P38729	0
P32605	P38703	0
P40187	Q04338	0
P24813	Q12223	0
P32389	Q05933	0
P09435	Q03323	0
P32657	P46673	0
P22209	P32380	0
P08678	P23059	0
P35184	Q08032	0
P41834	Q12309	0
P07249	P53691	0
P38070	Q06630	0
P26188	P32480	0
P38298	Q04511	0
P10863	P31688	0
P33204	Q12006	0
P10961	P53124	0
P18239	Q12469	0
P10355	P27999	0
P39735	Q08965	0
P41810	P46961	0
P53045	P53549	0
P40513	P53096	0
P38910	P53933	0
P39998	Q12138	0
P19358	Q12443	0
P46678	P49018	0
P00128	P25359	0
P07261	Q07914	0
P53863	Q12158	0
P38428	P47025	0
P41921	P53952	0
P39521	P43561	0
P22515	P48813	0
P39734	P53604	0
P31111	Q03048	0
P32259	P36017	0
P07703	P23059	0
P14907	Q9URQ3	0
P53238	Q05359	0
P07272	P23776	0
P47038	Q12102	0
P49686	Q08193	0
P40475	P53207	0
P32354	P38967	0
P34087	Q06697	0
Q08162	Q08387	0
P53147	Q06580	0
P38163	Q12522	0
P38064	P38959	0
P38922	P43542	0
P06784	P38860	0
P16862	P41818	0
Q08986	Q7LIF1	0
P36017	Q02555	0
P32480	P53551	0
P04819	P53965	0
P39685	Q08236	0
P53152	P53823	0
P32328	Q02784	0
P06783	P38785	0
P38842	P48240	0
P25346	P40327	0
P23179	Q12517	0
P50623	Q00711	0
Q03579	Q03900	0
P32892	Q06135	0
P22139	P23968	0
P10823	P47019	0
P20676	Q04894	0
P21192	P81450	0
P38823	P53108	0
P33203	Q12035	0
P53108	Q12277	0
P19454	P47187	0
P38751	Q05874	0
P40078	P47052	0
P38156	P39521	0
P11978	Q07904	0
P54837	Q02908	0
Q06696	Q08387	0
P10834	P38717	0
P32913	P43594	0
P47052	P53927	0
P38068	P38861	0
P47052	Q99382	0
P09032	P32341	0
P19955	Q03063	0
P00410	P15891	0
P38181	Q12488	0
P38779	Q07509	0
P38705	Q06205	0
P47104	P53174	0
P40573	P53093	0
P38744	P41695	0
P14291	P32581	0
P14737	P38860	0
P18239	P38960	0
P12954	P18963	0
P02829	Q06630	0
P38911	Q04964	0
P23638	Q03465	0
P20050	Q06819	0
P19812	P39678	0
P25651	P32480	0
P07250	P39968	0
P53322	Q08287	0
P38333	P38995	0
P23561	Q08204	0
P25358	P25390	0
P38086	Q07834	0
P40303	P40319	0
P17123	P38064	0
P40078	P40355	0
P32832	Q12028	0
P32564	P39550	0
P35179	P53124	0
P39010	Q12447	0
Q06169	Q12194	0
P25376	Q12006	0
P26755	P53176	0
P38204	Q02784	0
P48562	Q99382	0
P22082	Q04002	0
P38085	Q06632	0
P18759	P54784	0
P03069	P13663	0
P22209	P53840	0
P14906	Q05778	0
P21957	Q04048	0
P32618	Q06568	0
P22213	P32319	0
P12887	P38149	0
P28495	P40957	0
P17709	P36147	0
P17695	Q08975	0
P11154	P39685	0
P21304	Q99260	0
P16649	P36022	0
P49166	P53176	0
P13711	P46974	0
P39727	P43602	0
P43638	P47171	0
P53755	Q12216	0
P00420	Q12368	0
P12904	P41912	0
P35817	P36103	0
P02400	P33122	0
P12954	P39523	0
Q06411	Q12174	0
P16547	P39735	0
P37838	P40018	0
P33399	P35210	0
P06782	P25045	0
P38827	P53840	0
P35182	P53851	0
P40327	P40355	0
P53883	Q08773	0
P12887	Q08873	0
P11710	P38820	0
P33122	Q02629	0
P37838	Q03497	0
P39967	P40890	0
P32529	P38930	0
Q04307	Q12734	0
P38310	Q06135	0
P47025	Q12377	0
P23291	Q04439	0
P25582	P32597	0
P12611	P25302	0
P04050	P12753	0
P36120	P53863	0
P38304	P53883	0
P21242	P53272	0
P40352	P53949	0
P36027	Q08966	0
P21339	P50091	0
P46675	Q12432	0
P14242	Q12365	0
P22579	P53298	0
P36131	Q12372	0
P00331	Q03125	0
P17629	P26343	0
P38992	Q02908	0
P38753	P53824	0
P06774	P22209	0
P32505	Q02721	0
P02294	P32600	0
P22139	Q03690	0
P25502	P38627	0
P20435	P53973	0
P32805	Q12028	0
P33204	P41912	0
P25045	P25385	0
P48582	Q05021	0
P39996	P52919	0
P40090	Q04921	0
Q05778	Q12035	0
P08964	P47058	0
P10834	P53044	0
P38153	P45976	0
P39008	P49018	0
P36973	P46676	0
P10566	P16862	0
P46965	Q02804	0
P13902	P37302	0
P38111	P38691	0
P25649	P38121	0
P10863	Q03735	0
P53824	Q12100	0
P50113	Q08032	0
P21339	Q99186	0
P13902	P22147	0
P40541	Q02784	0
Q04031	Q07921	0
Q12157	Q12499	0
P46985	Q12059	0
P32529	Q03103	0
P10961	P25303	0
P38910	P50091	0
P33421	P38774	0
P47104	Q12026	0
P38708	Q12216	0
P32657	Q99260	0
P06704	P28496	0
P35817	P38070	0
P39540	Q99344	0
P12753	P46676	0
P40496	Q02354	0
P38262	P53079	0
P25451	P43613	0
P46678	P53231	0
P38631	P42942	0
P38623	Q12262	0
P38889	Q08975	0
P10507	Q06216	0
P40066	P40475	0
P38265	Q99207	0
P53093	P53855	0
P21651	Q03533	0
P38232	P47166	0
P40438	Q12243	0
P32902	P40469	0
P32641	P38328	0
P40450	P48361	0
P08518	P15442	0
P38156	P53858	0
P39927	Q03125	0
P32788	P36013	0
P33441	Q99394	0
P38689	P53108	0
P32582	P49334	0
P08518	P39927	0
P32387	P32479	0
P22579	P46962	0
P20134	P38883	0
P38993	P53259	0
P25558	P53616	0
P04051	Q08732	0
P26343	P36123	0
P07261	Q12365	0
P08678	P19454	0
P32802	P48510	0
P03069	P36145	0
P23594	P81449	0
P19658	Q03935	0
P40971	Q00539	0
P39928	P40518	0
P33301	P46671	0
P17106	P20052	0
P47037	Q00684	0
P39540	P42935	0
P13902	P39727	0
P13902	Q02866	0
P32597	P32899	0
P38861	Q08923	0
P06838	P32910	0
P38431	Q99382	0
P25515	P35179	0
P32523	P32908	0
P53061	Q06815	0
P33201	P47027	0
P53550	Q12138	0
P08431	Q12082	0
P21951	P53290	0
P46674	Q03579	0
P35688	P40971	0
P38121	Q12424	0
P01097	Q00684	0
P32367	P40217	0
P28320	Q05931	0
P38085	Q07993	0
P46964	P53316	0
P29055	P53965	0
Q02516	Q99207	0
P35189	Q12038	0
P10834	P33760	0
P23639	P40496	0
P22204	P35177	0
P16474	P53388	0
P38785	P38957	0
P30902	P32836	0
P32336	P38776	0
P34226	Q02608	0
P53883	Q02608	0
P10961	P53136	0
P47083	Q12174	0
P31412	P53551	0
P53215	Q02884	0
P48415	Q12004	0
P32387	P40316	0
P36068	P53096	0
P28496	Q08966	0
P36068	P40992	0
P35187	P53269	0
P32842	P38353	0
P40438	Q03954	0
P39517	Q08032	0
P38822	Q99344	0
P06777	P07560	0
P23337	P43321	0
P25301	P53742	0
P32381	P39520	0
Q00723	Q04958	0
P25559	P38842	0
P28239	P32367	0
P20133	Q02208	0
P40582	Q02804	0
P07866	P13382	0
P31539	P38703	0
P00431	P35718	0
P38302	Q12396	0
P25367	P47132	0
P25579	P40069	0
P28496	Q06648	0
P41810	Q02895	0
P07866	P38068	0
P28241	Q12473	0
P20134	P81450	0
P40529	P43555	0
P16649	P35723	0
P12695	P38138	0
P10823	Q12734	0
P36057	Q00381	0
P32788	P48813	0
P32562	P38156	0
P08539	P40087	0
P04821	P10507	0
P32561	Q03455	0
P32800	P39685	0
P21538	Q07963	0
P39744	P53116	0
P38811	P39077	0
P05317	P21538	0
P32561	P53954	0
P32805	Q04195	0
P39706	Q08886	0
P25644	P40957	0
P25567	P40969	0
P36104	Q06408	0
P04786	P32379	0
P25333	P32558	0
P46963	Q12026	0
P15891	P47038	0
P38883	P39552	0
P32468	P53044	0
P00410	P24719	0
P43545	P50091	0
P34238	P38634	0
P05030	Q04958	0
P48439	Q05022	0
P38146	P57744	0
P32916	Q00684	0
P40352	P53685	0
P32447	P32803	0
P13393	P38353	0
P54867	Q04195	0
Q03750	Q06405	0
P20434	P53286	0
P39682	Q03661	0
P27801	P33767	0
P38328	Q12349	0
P00830	P03069	0
P25367	P40527	0
P31380	P48582	0
Q02721	Q04305	0
P10592	P16451	0
P23638	Q00711	0
P46672	Q03208	0
P32910	P38757	0
P29055	Q99190	0
P17891	P41546	0
P17695	P39702	0
P47052	Q06665	0
P33304	P43637	0
P39987	Q03956	0
P35169	P40450	0
P32341	Q02260	0
P46672	P47187	0
P25580	Q04272	0
P07250	P38911	0
P49334	Q05021	0
P33421	Q12306	0
Q05031	Q08204	0
P38696	P47074	0
P23291	P50104	0
P53061	Q07442	0
P34227	P39705	0
P53388	Q99344	0
P35497	Q12060	0
P07261	Q12208	0
P28004	P53600	0
P38962	Q07478	0
Q06340	Q12071	0
P39010	P40032	0
P24867	Q02204	0
P40187	Q12469	0
P38821	Q05911	0
P28006	P40075	0
P36037	Q12158	0
P08518	P53043	0
Q06815	Q12018	0
P32601	P47167	0
P36116	Q01852	0
P11710	P12868	0
P46680	Q06631	0
P21801	Q06005	0
Q02775	Q04217	0
P32333	Q12018	0
P27476	P40527	0
P35198	Q06001	0
P38042	P39685	0
P10507	Q12028	0
P16151	P47166	0
P43563	Q03465	0
P20095	P31384	0
P40010	P43621	0
P23337	P38333	0
P40455	Q04062	0
P38523	Q01649	0
P38814	Q08018	0
P32558	Q06251	0
P07149	P36027	0
P52488	Q12222	0
P15873	P33122	0
P18494	P53061	0
P40457	Q12071	0
P16661	P53061	0
P33421	P36010	0
O13297	P22209	0
P31539	P38911	0
P05085	P32333	0
P53215	Q07381	0
P38072	P38636	0
P06838	Q12380	0
P33328	P40355	0
P38781	P53971	0
P19073	P53437	0
P32902	P35691	0
P32910	Q03148	0
P18480	Q7LIF1	0
P37838	P89102	0
P53540	Q12082	0
P07278	P32583	0
P11484	Q07914	0
P53147	Q12220	0
P38217	P40475	0
P40438	P53081	0
P36094	P38072	0
P46954	Q03899	0
P22141	P32564	0
P38428	Q08949	0
P42944	Q03900	0
P23641	P53203	0
P39729	Q03406	0
P38111	Q01389	0
P81450	Q00539	0
Q00776	Q02206	0
P19736	P24482	0
P19880	P40151	0
P16451	P32939	0
P00410	Q99210	0
P49435	Q00711	0
Q03935	Q12518	0
P32618	P46675	0
P53116	P80667	0
P25045	P38798	0
P39992	Q08966	0
P35177	P38249	0
P16661	P38523	0
Q05359	Q12024	0
P38523	Q03957	0
P18239	Q03018	0
P40343	Q12100	0
P53108	P53211	0
Q03323	Q03900	0
P32527	P53337	0
P40959	P53096	0
P32910	P40507	0
P11978	P40069	0
P13574	P46682	0
P39001	P52919	0
P40038	Q01852	0
P29340	Q12006	0
P32589	P35817	0
P40992	Q12341	0
P20133	P38072	0
P40314	P53740	0
P00546	P38072	0
P32502	P38272	0
P38084	Q04067	0
Q03956	Q06205	0
Q07376	Q07540	0
P26188	Q00772	0
P35842	P53163	0
P00330	Q02939	0
P40151	Q04651	0
P15938	Q12199	0
P20606	P36121	0
P46673	Q03177	0
Q03661	Q08235	0
P33301	Q12270	0
P12695	P40186	0
P34238	Q08886	0
P16521	P32787	0
P17106	Q03940	0
P36034	Q03973	0
P14906	Q06551	0
P06244	P47049	0
P06103	P19736	0
P36131	P46678	0
Q06091	Q12082	0
P18410	P53750	0
P14906	Q12009	0
P32832	P35210	0
P11076	Q12223	0
Q02206	Q12306	0
P40038	P47132	0
Q04749	Q08032	0
P36012	P38781	0
P24004	P40187	0
P03069	Q12494	0
P06775	P53851	0
P15303	Q02805	0
P38272	P53867	0
P22138	P40078	0
P22007	P38811	0
P41814	Q06490	0
P02293	P20676	0
P39001	Q12424	0
P38351	P53258	0
P50874	Q12522	0
P34238	P39994	0
P07347	P29055	0
P38768	P39548	0
P25646	P40355	0
P05453	P30283	0
P20434	Q06412	0
P16387	P39111	0
P36013	Q12194	0
Q04935	Q05610	0
P36009	P40055	0
P25382	P48524	0
P39729	P48581	0
P14741	Q06339	0
P10507	P38313	0
P32333	P50875	0
P47027	Q12038	0
P23179	P53286	0
P28791	P40455	0
P05375	Q05027	0
P27476	P40484	0
P07262	P53243	0
Q07887	Q12361	0
P47025	Q02555	0
P20424	P38817	0
P07250	P25303	0
Q03125	Q05166	0
P41912	P53905	0
P28834	P35210	0
P39954	Q03656	0
P32618	P43563	0
P50111	Q02776	0
P36057	P38786	0
P33298	P53973	0
Q03656	Q03750	0
P25451	P36116	0
P45819	P53337	0
P21965	P36125	0
P14922	P38705	0
P18562	P40890	0
P07251	P26449	0
P21965	P32341	0
P28320	P40541	0
P35177	P53549	0
P16387	Q03940	0
Q04493	Q07921	0
P32917	Q01684	0
P40341	P49435	0
P32788	P53299	0
P53538	Q05946	0
P36121	P38428	0
P41805	Q05931	0
P21957	Q06177	0
P53147	Q08235	0
P40478	Q00582	0
P14242	P36006	0
P11978	P38523	0
P32341	Q04217	0
P16522	P32380	0
P22276	P53851	0
P53930	Q04477	0
P23285	P53549	0
P23285	P36121	0
P33304	P40096	0
P23833	P89886	0
P53551	Q07887	0
P38163	P39966	0
P35723	P38254	0
P36165	P41543	0
P22216	P40475	0
P18238	P53064	0
P32480	Q99190	0
P18239	P32939	0
P38817	P46964	0
P04821	P20484	0
P20486	Q07921	0
P25297	P53933	0
Q08550	Q08773	0
P14359	Q02608	0
P38967	Q12329	0
P25376	P53115	0
P38759	P40020	0
P22141	P32585	0
P25847	P40078	0
P53616	Q06696	0
P47061	Q04264	0
Q05359	Q05778	0
P32898	P38911	0
P38152	P53599	0
P26343	P32912	0
P38329	P38817	0
P02293	P40890	0
P29703	P35723	0
P53280	Q04673	0
P00431	P27636	0
P38272	P53250	0
P29509	P41817	0
P49960	P53824	0
P09064	P20676	0
P07278	Q07540	0
P17157	Q08773	0
P38819	P53250	0
P38696	P38988	0
P25648	P50945	0
P38817	P47134	0
Q03213	Q06091	0
P02994	P33296	0
P36104	Q05947	0
P43574	Q08685	0
P38838	P40494	0
P38351	Q07528	0
P33204	Q12102	0
P28834	P38181	0
P32583	Q03758	0
P32354	P39707	0
P40055	P87108	0
P20484	P50091	0
P25579	P32325	0
P15303	Q03148	0
P31377	P38860	0
P22138	P23639	0
P40360	Q00578	0
P00724	P47115	0
P08678	P14682	0
P40167	Q03579	0
P32939	P53259	0
P32494	P53965	0
P38111	P53930	0
P16474	P50111	0
P36057	P38198	0
P46995	Q02784	0
P38636	Q12243	0
P25454	P33441	0
P07256	Q06091	0
P25579	Q04749	0
P38823	P47025	0
P32479	Q12396	0
P41818	Q12427	0
P38784	P43563	0
P06779	P47058	0
P38708	Q07800	0
P06773	P25847	0
P07256	P35210	0
P43638	Q02776	0
P38776	Q06580	0
P47019	Q03860	0
P36125	P38860	0
P22135	P53212	0
P38156	P40092	0
P39007	P48412	0
Q02908	Q92316	0
Q08923	Q12418	0
P20052	P33767	0
P38719	P43594	0
P07260	P25302	0
P35184	Q12223	0
P47134	Q03103	0
P40341	P53290	0
P25303	P33304	0
Q00381	Q03063	0
P33200	Q02892	0
P25453	P32787	0
P53877	Q12154	0
P36149	P38138	0
P53551	Q12418	0
P53086	Q12443	0
P28004	Q05785	0
P11154	Q00772	0
P07703	P10834	0
P00420	Q03254	0
P36017	P37366	0
P20486	P38736	0
P23776	P32599	0
P40959	P47090	0
P23337	Q12328	0
Q03103	Q12460	0
P40020	P53145	0
P38988	Q03330	0
P53044	Q02908	0
P38077	Q04231	0
P00410	P09435	0
P25043	P41546	0
P33441	Q06665	0
P11914	Q08204	0
P25646	P47074	0
P08524	P39534	0
P39713	P47115	0
P12385	Q07914	0
P28320	P39107	0
O13565	P22214	0
P32379	Q07800	0
P40527	Q06091	0
P24384	P53207	0
P53750	Q12256	0
P38727	Q06412	0
P32855	P47152	0
P06775	P38998	0
P53286	Q12192	0
P16370	Q08217	0
P38265	Q08162	0
P29056	P54999	0
P38156	Q02875	0
P39016	P53167	0
P14922	P32591	0
P32327	P41544	0
P22543	P32914	0
P38353	P53297	0
P38727	Q02199	0
Q03322	Q06632	0
P36008	Q03323	0
O13563	P33304	0
P32367	P47120	0
P43622	Q03785	0
P32502	P53337	0
P38191	Q12363	0
P10355	P53865	0
P19735	P40352	0
P23833	P40471	0
P32457	Q07904	0
P07261	Q06200	0
P38819	Q06479	0
P53093	Q08444	0
P18562	P53877	0
P28239	Q07915	0
P38123	P53550	0
Q12071	Q12236	0
P47104	Q06631	0
P40541	P41818	0
P32529	Q05949	0
P36009	P48566	0
Q03774	Q04461	0
P13259	P33204	0
P53322	Q06405	0
P38121	Q05022	0
P34224	Q04739	0
P38794	P53824	0
Q04003	Q12335	0
Q03322	Q99382	0
P38708	P40456	0
P38801	Q01080	0
P39723	Q03750	0
P49334	P53863	0
P00830	P47038	0
P38959	P39928	0
P11710	Q05775	0
Q08465	Q12341	0
Q03323	Q03862	0
Q03103	Q06673	0
P35177	P40541	0
P11972	P53081	0
P53973	Q08746	0
P07250	P34162	0
P25046	P53061	0
P25303	Q02159	0
P40155	Q00772	0
P38842	Q00416	0
P22147	Q12692	0
Q05933	Q06677	0
P04050	P41920	0
P40020	P54837	0
P09733	P32319	0
P32350	Q12692	0
P08456	P41808	0
P34238	Q03776	0
P04051	P53549	0
Q02206	Q99383	0
P35191	P39723	0
P40480	Q02204	0
P36009	P53743	0
P38111	Q03010	0
P32914	P36034	0
P32468	P53115	0
P13712	P38811	0
P25604	P38920	0
P24867	Q02208	0
P21957	Q12243	0
P53930	Q04935	0
P25344	P50090	0
P25580	P48525	0
P32328	P48568	0
P05453	Q06525	0
P00359	P40341	0
P32453	Q12004	0
P10566	P53538	0
P24783	Q01852	0
P06701	Q05359	0
P11745	P53337	0
P25580	P42839	0
P43601	P47037	0
P53299	Q03954	0
P46961	P53323	0
P14737	P25358	0
P32558	P32854	0
P14681	Q02784	0
P53323	Q07921	0
P04819	P47166	0
P19658	P32499	0
P16649	P36107	0
P40064	P48510	0
P39955	Q03919	0
P21672	P38123	0
P36016	Q01939	0
P38988	P53163	0
P38911	Q07915	0
P38068	P40457	0
P06783	P38759	0
P13393	Q12276	0
P38262	Q12063	0
P38960	P41546	0
P21691	Q01560	0
Q03935	Q04048	0
P38247	P38993	0
P26798	Q06102	0
P32559	Q04089	0
P47061	P53250	0
P07347	P36121	0
P38705	Q12223	0
P38989	P53952	0
P13517	P46681	0
P15873	P38860	0
P23644	Q03455	0
P36131	Q01684	0
P38806	P40151	0
Q04673	Q07904	0
Q12327	Q12389	0
P32767	P38298	0
P38995	P53971	0
P38204	Q12494	0
P47042	Q02875	0
P43682	Q05027	0
P38272	Q12186	0
P33421	Q08886	0
P19358	Q12518	0
P39009	Q03655	0
P25656	Q02205	0
P10507	P32916	0
Q06339	Q08004	0
P19262	Q12004	0
P52917	Q12129	0
P26798	P39998	0
P38274	P46678	0
P12887	Q06160	0
P40302	P47187	0
P25358	P32657	0
P25046	P36024	0
P33201	Q04461	0
P32578	Q01080	0
P07257	Q03656	0
P34162	P53855	0
Q04651	Q12138	0
P53823	Q03785	0
P53823	Q06640	0
P40095	Q99190	0
P38068	P53256	0
P00830	P21538	0
P32916	P36973	0
Q03148	Q03656	0
P25357	P40957	0
P33311	P43545	0
Q02516	Q12158	0
P00420	P30619	0
P32504	P43602	0
P34216	P52488	0
P11914	Q12464	0
P53973	Q03919	0
P23255	P52910	0
P53124	Q08685	0
P40965	P43596	0
Q02805	Q08444	0
P11746	P35189	0
P07261	P12383	0
P32558	Q06551	0
P53740	Q03162	0
P30822	P38123	0
P14908	Q03654	0
P10834	P43609	0
P19657	P41912	0
P38077	P38351	0
P25575	P46954	0
P09734	P41817	0
P10961	Q12071	0
P25649	P38337	0
P25297	P38153	0
P07248	P23561	0
P40352	Q12018	0
P12294	Q12390	0
P07264	P38111	0
P32319	P47123	0
P14906	P38344	0
P25604	P35842	0
P53933	Q03761	0
P23285	P38149	0
P38794	Q04673	0
P21957	Q03899	0
P33411	Q01722	0
P32494	P38153	0
P38627	P47115	0
P40960	P47171	0
P34160	P52917	0
P31688	P47187	0
P46682	Q12343	0
P38842	P48562	0
P00175	Q03750	0
P38915	P41810	0
P43568	P43682	0
P07256	P38703	0
Q05947	Q12174	0
Q06405	Q12692	0
P21243	Q07800	0
P38785	Q03323	0
P47123	P48524	0
P20434	Q12107	0
P32481	P53174	0
P53145	P54784	0
P00724	P35842	0
P40565	Q05931	0
P07249	P38555	0
P25360	P43621	0
P47052	P53261	0
P11154	P47052	0
P25559	Q08980	0
P38920	P46671	0
P16387	P25657	0
O13565	P16370	0
P23595	P35691	0
P38274	Q01080	0
P32529	P38988	0
P53202	Q06632	0
P38827	P38956	0
P02294	P36161	0
P21691	Q06169	0
P32787	P47117	0
P38298	P50278	0
P40456	P53271	0
P47050	Q12194	0
P32912	Q99382	0
Q12270	Q99176	0
P39717	P50875	0
P21304	P48566	0
P30822	P38744	0
P36027	Q12363	0
P50275	Q12233	0
P27692	Q12483	0
P32805	P47052	0
P26798	P32528	0
P27476	Q07834	0
P47052	Q07471	0
P31412	P57744	0
P10834	P33200	0
P15992	P43594	0
P06844	Q06168	0
P28239	P36027	0
P53250	Q06001	0
P52488	Q02199	0
P27476	P38182	0
P22214	P25575	0
Q04067	Q12243	0
P38138	P38838	0
P38957	Q04693	0
P04786	P25453	0
P34238	P38820	0
P38152	Q05874	0
P31377	P53244	0
P46680	Q12059	0
P00359	Q12174	0
P04786	P34162	0
P39081	Q06344	0
P52491	Q04562	0
P33122	Q99181	0
P25657	P53209	0
P32783	P47027	0
P25344	Q02939	0
P38121	P39929	0
P38627	P53877	0
Q03406	Q03455	0
P27895	P36125	0
P39073	Q12159	0
P36120	P41815	0
O13297	P46947	0
O13297	P33298	0
P53147	Q06640	0
P00128	P38861	0
P22203	P40475	0
P07278	P25045	0
P38699	Q02908	0
P38757	Q12159	0
P20434	P53886	0
P39706	Q08965	0
P22082	Q04005	0
P16661	P21691	0
P00729	Q02774	0
P40455	Q12176	0
P07834	P32479	0
P35189	P40327	0
P38907	P40069	0
P08456	Q12692	0
P02294	P32835	0
Q03661	Q03790	0
P38627	Q06168	0
P32787	P40892	0
P25656	P40956	0
P32328	P32387	0
P14680	P43622	0
P47132	P53731	0
P38272	Q12427	0
P04912	P46673	0
P34227	P54861	0
P10363	P46954	0
Q04603	Q06251	0
P38072	P53011	0
P15436	P40341	0
P11710	P49166	0
P48568	P53974	0
P32783	P43682	0
P38208	P43545	0
P32453	Q04067	0
P38860	P47129	0
P14242	Q04964	0
P07342	P28004	0
P36168	P50104	0
P01097	P24814	0
Q12335	Q92331	0
P26755	P50091	0
P32499	Q04964	0
Q00381	Q06632	0
P47025	Q06164	0
P39996	Q06580	0
P17555	P38068	0
P14242	P40480	0
P26449	P53691	0
P38301	Q02574	0
P40456	Q06410	0
P25297	Q12034	0
P27692	P53313	0
P53883	Q12161	0
P00410	P43560	0
P24719	P53316	0
P32387	P47029	0
P40064	P47115	0
P07257	P53010	0
P07260	P53437	0
P34227	Q03465	0
P25299	P47029	0
P40360	P53045	0
P39517	P39735	0
P26798	P39987	0
P25646	P38156	0
P38998	P50104	0
P53045	P53865	0
P39734	Q03337	0
P10834	P53538	0
P32496	P35179	0
P48836	Q06344	0
P36168	P40529	0
P32561	Q02794	0
P40009	P53176	0
P25390	Q04847	0
P32327	Q12004	0
P47104	Q00711	0
P10961	P25390	0
P19358	Q00539	0
Q02199	Q06344	0
P40480	Q08465	0
P47037	Q12154	0
P12688	P38819	0
P33323	P53851	0
P06634	Q02516	0
P53973	Q06568	0
P04912	P46964	0
P53163	Q12071	0
Q04673	Q12098	0
P38717	P38930	0
P03965	P33296	0
P38784	P39108	0
P25346	Q03322	0
P38821	P53116	0
P38915	Q03018	0
P39705	P54867	0
P38637	P39010	0
P40079	Q12174	0
P32319	Q99314	0
P12294	P46957	0
P23639	P32570	0
P36104	Q12138	0
P00420	P42945	0
P13902	P53616	0
P53840	Q03213	0
P48837	Q06208	0
P30656	P39521	0
P40495	P40513	0
P08431	P87108	0
P07248	P54861	0
P34238	P38842	0
Q02776	Q12230	0
P38262	P46680	0
P32349	P53740	0
P32787	Q03010	0
P39702	P53252	0
P46964	Q03048	0
P16370	Q07376	0
P53552	Q02206	0
P17214	P33301	0
P47027	Q12315	0
P38859	Q03579	0
P32634	Q02206	0
P35187	P47042	0
Q01852	Q12318	0
P00950	P08456	0
P15790	P38995	0
P35206	P38788	0
P25333	P35179	0
P31412	Q06490	0
P32797	Q03407	0
P07703	P53238	0
P21538	P39713	0
P50091	P53116	0
P15891	P18238	0
P16151	P53974	0
P19955	P25502	0
P53952	Q08746	0
P28007	P40958	0
P05453	Q12059	0
P25567	P53735	0
P39925	Q02775	0
P27692	P47029	0
P47134	P53878	0
P32842	P43609	0
Q03758	Q06344	0
P04911	P40574	0
P34241	P40328	0
P07272	P07347	0
P32915	P53847	0
P40314	P53551	0
P26188	P40513	0
P16861	P38351	0
P40187	Q02354	0
P30619	P38751	0
P14736	P47115	0
P40968	Q03162	0
P25644	Q12432	0
P25515	Q04958	0
P25298	P39113	0
P38147	P40857	0
P53952	P81450	0
P23833	Q12390	0
P38753	P53215	0
P06102	P46678	0
P11914	P25298	0
Q03897	Q99190	0
P36027	Q05583	0
P32641	P35198	0
P21651	P80667	0
P38156	P49334	0
P46676	Q03954	0
P10622	Q06200	0
P00420	P32578	0
P50078	P53244	0
P25390	P38717	0
P38696	Q12026	0
P38723	P41815	0
P15442	P36168	0
P38042	P39702	0
P25515	P46961	0
Q03785	Q06339	0
P51601	P87108	0
P32629	P38703	0
P39702	P47135	0
P32909	P38068	0
P38337	Q06245	0
P08431	P41543	0
P38144	Q05610	0
P28004	Q08911	0
P22135	P53152	0
P16151	P38254	0
P22219	Q12223	0
P43613	Q03761	0
P47152	Q00772	0
P38842	Q07914	0
Q06409	Q12432	0
P34223	P35189	0
P00817	Q06096	0
P28519	Q99176	0
P04786	P05317	0
P07272	Q03768	0
P32528	P43555	0
P22224	P22804	0
P41818	P43612	0
P32803	P35191	0
Q03455	Q05021	0
P40314	P53878	0
P10863	P53313	0
P38302	P40457	0
P32524	P53750	0
P38719	Q08492	0
Q06200	Q12098	0
P32899	Q08032	0
P06774	P41815	0
P32332	Q12494	0
P43621	Q06697	0
P38112	P53081	0
P25567	P36125	0
P46956	Q01649	0
P38736	Q03792	0
P14906	Q08550	0
P33122	P53261	0
P38811	P46655	0
P38769	Q99382	0
P41815	Q02205	0
P40495	Q01722	0
P32892	P38751	0
P36121	P39967	0
P23337	Q99207	0
P26793	Q12223	0
Q05911	Q06340	0
Q12035	Q12341	0
P32605	Q07914	0
P13259	P23285	0
P11710	P24719	0
P32641	P39073	0
P06774	P53048	0
P22214	P38144	0
P32521	P40355	0
P36120	Q02629	0
P53858	Q04231	0
P21190	P32495	0
P33767	P53283	0
P32832	Q00776	0
P17505	P39682	0
P22276	P32379	0
P22213	P24384	0
P08456	P39081	0
P18963	P32569	0
P04819	P32432	0
P32341	P32381	0
P32832	Q07732	0
O14467	P32897	0
P13712	Q08287	0
P38219	Q06632	0
P07213	P38636	0
P38111	Q07921	0
P27692	P38774	0
P13711	P53174	0
P18239	Q12159	0
P20095	P38774	0
P41695	P48562	0
P07149	Q12488	0
P38084	Q12418	0
P25369	P38121	0
P09959	P46964	0
P40319	P53082	0
P30283	Q08446	0
P33299	P43596	0
P12887	P22203	0
P14906	P32349	0
P38727	P87108	0
P38153	P38251	0
P53865	P57744	0
P33299	P35210	0
P39081	P53108	0
P04786	Q06410	0
P32341	P40327	0
P53878	Q03774	0
P10507	P25294	0
P36009	Q02884	0
P38344	P42944	0
P32453	Q12175	0
Q02197	Q07914	0
P38147	P53280	0
P19736	P40091	0
P28241	P39523	0
P08679	P25346	0
P32897	P39969	0
P53150	Q03455	0
Q12100	Q12192	0
P32325	Q03213	0
P53215	Q05166	0
P00410	Q05031	0
Q04792	Q05787	0
P23255	P38957	0
P42942	P47135	0
P25582	P26798	0
P22517	Q00711	0
P25847	Q12420	0
P32565	P36116	0
P16151	P38182	0
P25376	Q06631	0
P02293	Q12749	0
P36147	Q06525	0
P43132	Q08144	0
P53971	Q03935	0
P26343	Q02866	0
P40217	Q02516	0
P24719	P38873	0
Q04307	Q04439	0
P21801	P38723	0
P38783	Q02159	0
P32447	P32832	0
Q06200	Q07442	0
P32773	Q03323	0
P22209	P32345	0
P38859	Q12071	0
P12887	P22139	0
P40038	Q08018	0
P07257	P08431	0
P13393	P35206	0
P36024	Q12158	0
P33304	P40541	0
P40319	P41911	0
P07260	P52488	0
P23776	Q12100	0
P00410	P00950	0
P07213	Q06200	0
P21965	Q06339	0
P12954	P38153	0
Q04958	Q12327	0
Q01852	Q06665	0
P38208	P38727	0
P17214	Q08204	0
P38988	Q12134	0
P23337	P53755	0
P35184	P40987	0
P25382	P32913	0
P38265	P38716	0
Q02159	Q12335	0
P05626	P38257	0
P06773	P53142	0
Q06525	Q08215	0
Q02574	Q05933	0
P38820	Q12216	0
P23285	P49435	0
P38838	P53552	0
P25569	P46974	0
P23291	P25569	0
P38990	Q08923	0
P20050	P53141	0
P38699	Q04053	0
P23594	P48813	0
Q04930	Q12060	0
P40890	Q02784	0
P38337	P38992	0
Q08986	Q12192	0
P48439	Q08492	0
P32916	P53904	0
Q03661	Q12518	0
P47052	Q06096	0
P00560	Q07458	0
P39113	Q99260	0
P06701	P38203	0
P30283	Q03655	0
P17065	P41544	0
P40003	P53740	0
P39715	P40971	0
P43621	P52910	0
P89102	Q05031	0
P40957	P50078	0
P07261	Q02776	0
P36116	P53313	0
P10863	Q12060	0
P18239	P38774	0
P34241	Q04660	0
P34162	P53830	0
P08964	Q08204	0
P25648	Q06001	0
P50078	P52488	0
P29703	P41817	0
P32501	P32570	0
P41808	P47167	0
P10964	P38249	0
P32855	P38138	0
P32581	P47152	0
P24869	Q00711	0
P09440	P38915	0
P49435	P53823	0
P25346	Q12206	0
P12754	P25382	0
P00410	P06243	0
P38351	P43616	0
P43574	P50875	0
P22517	Q02204	0
P08539	P25657	0
P39678	P47160	0
P18759	P46678	0
P25659	P38957	0
P07560	P40456	0
P22543	P40151	0
P25515	P47027	0
P46681	P53212	0
P27705	P38776	0
P25651	Q12327	0
Q12482	Q99181	0
P07250	Q04697	0
P40096	P87108	0
P38301	P40957	0
P23776	Q06677	0
P32354	Q04439	0
P40090	P47011	0
P23968	P38130	0
P25333	P38123	0
P28834	P53093	0
P25580	P31539	0
P47171	P48361	0
P40341	P53254	0
P45976	Q12306	0
P25376	Q03308	0
P31378	P39107	0
P04050	P12385	0
P01123	P10863	0
P11972	Q06640	0
P53823	Q02908	0
P22224	P28320	0
P46671	Q03768	0
Q02805	Q04368	0
P36120	P40892	0
P39928	Q06217	0
Q02721	Q08972	0
P40693	P47025	0
P38717	Q12446	0
P06838	Q03919	0
P25453	P29703	0
P27895	P38967	0
P28791	Q08773	0
P39520	Q12082	0
P22224	P47821	0
P47042	Q06673	0
Q03103	Q12129	0
P38723	P39730	0
P40457	Q7LIF1	0
P09440	P47166	0
P38817	Q06091	0
P38041	P38181	0
P22202	P40478	0
P00817	P53096	0
P40988	Q12059	0
P12294	P25644	0
P38298	Q06142	0
P40005	Q07478	0
P47061	Q04491	0
P40079	Q02574	0
P39083	Q07540	0
P38337	Q12267	0
P06100	P20484	0
P41817	Q03735	0
P29468	Q12082	0
Q05931	Q12026	0
P00549	P34224	0
P34226	P40060	0
P38523	P39713	0
P00330	P39010	0
P21190	P32835	0
P32842	Q12262	0
P32585	Q02793	0
P06701	Q06407	0
P39706	P47103	0
P12611	P39534	0
P22213	P43609	0
P25580	Q05946	0
P14906	P46676	0
P38968	P53115	0
P20436	P25360	0
P20050	P54999	0
Q07963	Q12138	0
P39954	Q12335	0
P39552	Q08004	0
P38970	P40360	0
P36018	P36034	0
P39994	P48568	0
P04050	P36003	0
P38304	Q02630	0
P32485	P38992	0
P47035	Q07376	0
Q07376	Q99190	0
P28496	Q04673	0
P22213	P47821	0
P40456	P48562	0
P38204	Q12248	0
P06780	P23337	0
P32334	Q12469	0
P32602	P40352	0
P32914	P48240	0
P38144	P39552	0
P54867	Q03322	0
P17157	Q02574	0
P38910	Q02939	0
P38288	P38872	0
P14922	Q04062	0
P39534	P40484	0
P04817	P39107	0
P04051	P17065	0
P35197	P81449	0
P23595	Q02805	0
P32337	P38086	0
P38751	Q08004	0
P01097	Q99314	0
P12904	Q07509	0
P16522	P38276	0
P11484	P11978	0
P38431	Q03761	0
P53823	Q12341	0
P04786	Q06411	0
P11746	P38992	0
P37366	P38319	0
P38788	Q03661	0
P08018	P32341	0
P38272	Q02574	0
Q05874	Q12161	0
P39534	Q12368	0
P02557	P38703	0
Q03957	Q06135	0
P29496	Q05027	0
P53973	Q12306	0
P25615	Q12194	0
P04051	P08456	0
P38265	P38272	0
P40469	P47061	0
P24719	Q02794	0
P38203	Q03935	0
P38138	P47037	0
P36160	P42935	0
P36161	P48568	0
P06242	P38781	0
P33328	P40890	0
P10566	P34238	0
P25045	Q02260	0
P06844	P32564	0
P38735	Q12443	0
P53740	Q08685	0
P54837	Q08649	0
P25045	Q03337	0
P38859	Q02721	0
P20795	Q02608	0
P34224	P38970	0
P40480	P53115	0
Q06102	Q12349	0
P38801	Q06639	0
P32528	P38729	0
P53551	Q12009	0
P36015	P38838	0
P08679	P32914	0
P23833	P53286	0
P20095	Q03954	0
P04786	P20133	0
P40555	Q12262	0
P14922	Q04195	0
P47152	P53159	0
P13259	P17555	0
P42942	P48415	0
P43545	Q06673	0
P24868	P32859	0
P34162	P47017	0
P40328	Q02774	0
P05375	P32589	0
P34162	P60010	0
P38251	P49704	0
P39992	P47134	0
P38086	P80667	0
P25299	P33419	0
P32564	Q04225	0
P40992	Q07896	0
P36104	P40314	0
P25301	P32319	0
P53061	P53886	0
P39703	P45976	0
P10863	P34223	0
P25299	P33297	0
P21957	P49166	0
P09457	P49435	0
P10834	P25046	0
P07703	P48568	0
Q02948	Q05911	0
P40355	Q04477	0
P12695	P38769	0
P07256	Q01560	0
P23179	P53061	0
P08518	P25719	0
P33301	Q04067	0
P20967	P47152	0
P11972	Q04121	0
P38719	P40103	0
P39966	Q02775	0
P25045	Q03919	0
P08518	Q04562	0
P32564	P36084	0
P38827	Q03954	0
P04807	P38351	0
P22214	Q99385	0
P16892	P38072	0
Q03455	Q04377	0
Q07478	Q12368	0
P53954	Q03900	0
P08456	P52910	0
P06775	P46675	0
P08153	Q02208	0
P39955	P40164	0
P35191	Q03048	0
P41920	P53750	0
P53905	Q12349	0
P38011	P47090	0
P21304	P48363	0
Q06005	Q07528	0
P06784	P08539	0
P38713	P50623	0
P26449	P41832	0
P53269	Q02630	0
P19097	P36168	0
P17709	P43609	0
P19097	P38827	0
P06634	Q12159	0
P32641	P35191	0
P07703	P38689	0
Q02931	Q12060	0
P22135	P39713	0
P22082	Q12380	0
P40890	Q12192	0
P39685	Q12349	0
P04786	Q99383	0
P00445	P41815	0
P28795	P53115	0
P28241	Q12199	0
P06780	P46954	0
P36116	P38769	0
P00128	P04456	0
P43594	Q02884	0
P15891	P23285	0
P39682	Q7LIF1	0
P53068	Q02208	0
P40048	P40450	0
P00549	P38712	0
P36104	P38759	0
P36009	P46682	0
P25045	P43132	0
P13393	P36013	0
P02400	Q02775	0
P53211	Q08193	0
P32471	P37366	0
P53049	Q02516	0
P18239	Q12285	0
P20133	P43545	0
P16649	Q07509	0
Q03935	Q07904	0
Q02199	Q12233	0
P53616	Q12222	0
Q06405	Q07824	0
P39723	P53259	0
P32897	P33201	0
P07248	P38879	0
P53231	P53738	0
P38041	Q12194	0
P00431	P50946	0
P36027	Q06177	0
P40513	Q12483	0
P35180	P41805	0
P40513	P43561	0
P20050	Q12206	0
P40969	P46963	0
Q06490	Q08287	0
P13902	P25657	0
P23285	P32364	0
P32333	P42945	0
P27692	P27801	0
P00724	P38351	0
P35056	P50090	0
P07257	P12385	0
P40987	Q12389	0
P28320	P38872	0
P26188	P39707	0
P07213	P13574	0
P38751	P38759	0
Q01080	Q99186	0
P46676	P53061	0
P39707	Q08980	0
P19955	P28791	0
P40032	P53968	0
P38959	Q06632	0
P38274	Q12216	0
P39552	P47093	0
P25301	P25369	0
P35172	P36116	0
P37366	P60010	0
P10355	P32783	0
P38428	Q06108	0
P53081	Q04231	0
Q03860	Q12018	0
P40020	P42841	0
P07256	P32776	0
P16474	P38165	0
Q03455	Q99383	0
P35187	P53939	0
P32336	P41818	0
P37302	P53824	0
Q00582	Q99382	0
P32855	P38960	0
P22517	P35180	0
P32900	P39552	0
P41805	P53973	0
P27705	Q12432	0
P32629	P39113	0
P25376	P39744	0
P32389	P39551	0
P32803	Q06217	0
P40048	Q12396	0
P23776	P53061	0
P23291	P32790	0
P53108	Q08956	0
P17106	P25454	0
Q12363	Q99314	0
P11745	P20434	0
P20484	P53973	0
P36147	P38749	0
Q05787	Q06339	0
P38700	Q99190	0
P14747	P28241	0
P33755	P53337	0
O13297	P46961	0
P38181	P39984	0
P38085	Q08446	0
P00044	P50104	0
P13574	P40478	0
P52919	Q02805	0
P33296	Q04693	0
P47038	Q12692	0
P38696	Q12396	0
P53045	Q03177	0
P00331	Q07921	0
P25299	Q05900	0
P25297	P25491	0
P38237	Q12464	0
P15424	P35189	0
P34216	P53877	0
P21304	P41921	0
P39994	P53857	0
P40077	P53207	0
P38749	Q06200	0
P18963	P38719	0
P05694	Q05027	0
P53115	Q12390	0
P25293	P31380	0
P23639	Q08980	0
P26755	P53271	0
P38705	Q00772	0
P36104	Q99299	0
P30656	P39540	0
P33421	P42884	0
P36130	P39928	0
P19454	P25453	0
P32381	Q08465	0
P23337	P38265	0
Q03177	Q06677	0
P47042	P53738	0
P30665	Q12262	0
P32504	P40478	0
P35727	P53538	0
P15646	P32597	0
P53131	P53540	0
P24384	P32453	0
P34164	P48581	0
P14242	P40890	0
P32914	P47090	0
P20081	P32832	0
P46961	Q12223	0
P31539	P33296	0
P53215	Q12434	0
Q02574	Q02630	0
P36160	P46655	0
P38842	Q00618	0
P21651	Q04004	0
Q12192	Q12518	0
P30283	P38200	0
P05375	P38313	0
P53258	Q04461	0
P02294	P25046	0
P40456	Q06604	0
P27895	Q03280	0
P32499	P40507	0
P39079	Q08685	0
P34224	P35181	0
P38872	Q05021	0
P34227	P38853	0
P08566	P10566	0
P39744	Q03579	0
P40958	Q02773	0
P27895	P38910	0
Q03750	Q12206	0
Q06108	Q99190	0
P43612	P53914	0
P32801	P38729	0
P38910	Q03208	0
P38822	P53851	0
P53295	Q05911	0
P33304	P40492	0
P53600	Q99344	0
P13517	P39001	0
P30283	P53337	0
P53209	Q12427	0
P39735	P43622	0
Q06665	Q12060	0
P38699	Q06549	0
P35842	Q12241	0
P38156	P53081	0
P38132	Q02774	0
P33441	P53278	0
P33760	P46954	0
P32564	P36024	0
P32797	Q99260	0
P25646	P38703	0
P35842	P38727	0
P17255	Q03280	0
P33328	P40077	0
Q04562	Q12035	0
P26309	Q08949	0
P36094	P81450	0
P28239	P39734	0
P43621	P53851	0
P24719	P53036	0
P23179	Q08004	0
P25045	Q04149	0
P40319	P43612	0
P28519	P48232	0
P41817	Q92331	0
P36009	P40362	0
P36084	P49687	0
P38272	P38920	0
P08678	P15992	0
P22276	Q03690	0
P32803	P53316	0
P40095	P41543	0
P40890	P53010	0
P40343	P46671	0
P40496	Q01560	0
P41896	P53278	0
P10592	Q03455	0
P22082	P47134	0
P49334	Q06640	0
P33760	Q99344	0
P19955	P46988	0
P38113	Q12432	0
P38249	P47171	0
Q03920	Q12157	0
P13712	P48510	0
P36034	P39998	0
P25294	P25453	0
P40060	P40574	0
P38156	Q08032	0
P40475	P47124	0
P17505	Q08492	0
P38779	Q06405	0
P35179	P52491	0
Q04004	Q12174	0
P18961	P20676	0
P40496	P53152	0
P53824	Q12152	0
P16387	P38068	0
P20486	P42944	0
P40328	Q03655	0
P39685	Q99176	0
P33895	P53269	0
P25303	Q02555	0
P23638	P38353	0
P18239	Q04062	0
P23833	P30619	0
P16658	Q04847	0
P13663	P43132	0
P02294	P40960	0
P17695	P40987	0
P40303	P40475	0
P38764	P39534	0
Q03661	Q99176	0
Q06208	Q12260	0
P32767	P38907	0
P38700	Q05031	0
P32583	P40555	0
P36057	P40316	0
P32859	Q08685	0
P35193	P53044	0
P18239	Q03956	0
P43638	Q03750	0
P20434	P40103	0
P05318	P36009	0
Q04603	Q08235	0
P00560	P43555	0
P25046	Q12241	0
P36013	P38085	0
P33411	P38163	0
P38272	Q12045	0
P39967	P53243	0
P46961	P46963	0
P32629	P38776	0
P06783	P39523	0
P32381	P40077	0
P36520	Q03776	0
P00358	Q04958	0
P38759	Q12396	0
P43132	Q12513	0
P48813	P51862	0
P32524	Q08204	0
P32944	P34758	0
P27351	Q02206	0
P38351	P51601	0
P05030	P47061	0
P17106	Q12265	0
P11484	P47123	0
P40335	Q12482	0
P38630	P39929	0
P36123	P53616	0
P25580	P40164	0
P25341	P53538	0
P38144	P38779	0
P47068	Q12349	0
P25344	P43602	0
P09457	P50108	0
P17505	Q08446	0
P16649	P38072	0
P35180	Q12754	0
P32334	Q06697	0
P22276	P36019	0
P14359	Q08986	0
P39001	P40890	0
Q03860	Q99176	0
P41544	Q03784	0
P38630	P53540	0
P32387	P38194	0
P14681	P39010	0
Q08886	Q12223	0
P14291	P38727	0
P32333	Q00955	0
P36094	P47115	0
P09064	P49334	0
P22543	P25453	0
P32618	P81449	0
P40319	P53202	0
P26309	Q06673	0
P05375	P32504	0
P53277	Q12174	0
P32915	P53322	0
P54786	Q01852	0
P48813	Q06205	0
P40362	P53877	0
P41815	P47017	0
P23285	P39702	0
P24384	P39967	0
P32464	P38304	0
P34227	Q12098	0
P02994	P40077	0
P32564	P39735	0
P04786	P25346	0
P10363	P41912	0
P33421	Q06631	0
P06104	P53952	0
Q03935	Q99382	0
P38811	P42845	0
P36016	Q08975	0
P40164	P53243	0
P38768	P38957	0
Q02721	Q12129	0
P10834	Q04477	0
P06242	P35817	0
P38555	P40014	0
P33200	Q12063	0
P38915	Q06411	0
P12385	P38085	0
P08456	Q06706	0
P14908	P39108	0
Q05580	Q12102	0
P32805	Q12389	0
Q05785	Q12194	0
P33299	P46674	0
P26798	P53142	0
P38121	Q03776	0
P38072	P54860	0
P43555	Q06340	0
P40963	P53115	0
P21306	P39552	0
P32367	P39548	0
P40857	P43622	0
P00359	P35189	0
P25567	Q12361	0
P08431	P34227	0
P22202	P25648	0
P38072	Q07468	0
P39996	P40360	0
Q00618	Q08387	0
P20436	P38910	0
P32915	P33411	0
P11914	Q07904	0
P25579	Q03330	0
P17214	P26188	0
P34234	P39550	0
P38903	P46964	0
P25604	P38191	0
P11972	P41810	0
P11972	P40468	0
P39534	Q06245	0
P35206	Q05080	0
P19658	P41912	0
P36123	Q12006	0
P41895	Q08956	0
P41805	P53142	0
P15424	P32796	0
Q02159	Q04930	0
P53952	Q03774	0
P20052	P25376	0
P17505	P39936	0
P46985	Q12102	0
Q07622	Q12194	0
P14242	P32916	0
P22214	P31378	0
Q01722	Q12734	0
P28006	P35187	0
P36018	Q02204	0
P32898	P36520	0
P46956	Q12734	0
P06777	Q12059	0
P38270	Q12432	0
P39548	P46680	0
P35189	P46675	0
P38068	P38837	0
P21242	Q04958	0
P38130	P39969	0
P16661	Q04264	0
P13259	P38194	0
P32902	P39744	0
P51996	Q02776	0
P53551	P53740	0
P38523	Q03784	0
P53538	Q07914	0
P38827	P38988	0
P42935	P50104	0
P38077	Q12343	0
P53167	Q07442	0
P39936	P53551	0
P10961	P38077	0
P47025	Q12243	0
P15436	P32499	0
P13574	P25302	0
Q04847	Q12100	0
P14291	Q12059	0
P19358	Q03503	0
P14126	P38111	0
P39946	P53740	0
P38085	Q07376	0
P13902	Q12233	0
P08518	P35056	0
P32573	P40582	0
P38915	Q07993	0
P02829	P38181	0
P47061	P47167	0
P41895	P47160	0
P22579	P38293	0
P02294	P40167	0
P09435	P40187	0
P32564	Q12267	0
P14832	P53212	0
P38086	Q08273	0
Q04964	Q07478	0
P22203	P50104	0
P22202	P47037	0
P38705	P46974	0
P42942	Q02204	0
P43542	Q02908	0
P39007	Q08278	0
P38123	P47064	0
P06775	P47166	0
P25656	P32788	0
P43545	Q03280	0
P39962	Q12224	0
P30822	P38068	0
P40453	P53823	0
P23639	P34241	0
P14064	P32854	0
P32908	P40693	0
P05626	P46947	0
P14922	P33301	0
Q12035	Q12315	0
P06779	Q02775	0
P38147	Q08649	0
P08431	P38717	0
P14737	P32805	0
P14741	Q02516	0
P18238	Q12380	0
P40038	P52917	0
P12754	P20436	0
P38742	P38957	0
P22276	P27636	0
P38991	P53299	0
P52919	Q02784	0
P32464	P32559	0
P07703	P24482	0
P07278	P38931	0
P25451	P47166	0
P25346	Q06631	0
P00359	P07248	0
P42942	P53174	0
P25847	P47150	0
Q05998	Q12243	0
P40453	Q08975	0
P50108	P87108	0
P04051	P54837	0
P11978	Q08746	0
P35180	Q04031	0
P00359	P46956	0
P32859	P47058	0
O14467	Q02608	0
P40343	Q06245	0
P40438	P43638	0
P39113	P53079	0
P26798	Q07732	0
P06783	P38757	0
P38063	P53108	0
P32569	P38070	0
Q02775	Q12301	0
P40475	P46954	0
P32350	P53344	0
P07250	P23179	0
P11972	P30822	0
P33311	P40356	0
P04819	P50945	0
P22209	P38229	0
P40038	P43609	0
P38859	Q03455	0
P43613	Q06078	0
P47123	P53685	0
P32944	Q05580	0
P04786	P41813	0
P00128	P06103	0
Q02948	Q12159	0
P25651	Q02206	0
P25346	Q12527	0
P23291	P53277	0
P43594	P48524	0
P13393	P33892	0
P23776	P38861	0
P15424	P19880	0
Q02630	Q03406	0
P31380	Q02608	0
P40992	P41810	0
P36116	P47049	0
P36130	P46681	0
P32447	Q12161	0
P11710	P36145	0
P22203	Q08923	0
P02293	P07272	0
P47167	Q12241	0
Q03690	Q12224	0
P07283	P14291	0
P32897	P34758	0
P21957	P32605	0
P39520	Q03862	0
P38144	Q07442	0
P12904	P47090	0
P38968	P40007	0
P53914	Q02793	0
P10507	P38759	0
P21951	P53550	0
P39713	P43542	0
P36165	Q12464	0
P11746	P32529	0
P40217	P53039	0
P38351	P48837	0
Q02784	Q04601	0
P06780	P35180	0
P05626	P42073	0
P21672	P40020	0
P29055	P53202	0
P38910	P40561	0
P20486	P53211	0
P25359	P48581	0
P38712	P53091	0
P00410	Q00578	0
P38784	Q00381	0
P40316	P53823	0
P43682	Q00816	0
P22135	P32319	0
P10355	P39083	0
P39552	Q06091	0
P25569	Q03148	0
P14064	P53261	0
P31377	P32334	0
Q04921	Q06005	0
P40890	Q08729	0
O13565	P38911	0
P50113	Q12482	0
P42841	Q12241	0
P39744	P43602	0
P25648	P32900	0
P17106	P38282	0
P09959	Q07980	0
P52917	P53750	0
P35206	P50874	0
P35206	P43616	0
P16370	Q03532	0
P07261	Q12250	0
P16661	P53855	0
P32494	P38837	0
P32529	Q04868	0
P07249	P39987	0
P46985	P53211	0
P07249	P53939	0
P21957	P41805	0
P32797	P50090	0
P38193	P40032	0
P16474	P22579	0
P32902	Q06410	0
P35191	Q06679	0
P41805	Q12262	0
P08456	P32601	0
P22214	P35172	0
P38203	Q06697	0
P53845	Q07904	0
P41546	P53116	0
P54786	Q03125	0
P17123	P53750	0
P32368	P45976	0
P41546	P54786	0
Q03088	Q06001	0
P22147	Q12192	0
P39009	P53824	0
P40187	Q03785	0
P48568	Q92316	0
P24813	P38304	0
P25584	P38962	0
P03965	P38085	0
P32481	Q02794	0
P13259	P50874	0
P32494	P39730	0
P06103	P26449	0
P27692	P38989	0
P06777	Q12154	0
P27636	P35189	0
P41817	P47134	0
P53599	Q08204	0
P40303	P47171	0
P21651	P22213	0
P32529	P39743	0
P34241	P43621	0
P12383	P53044	0
P38132	Q08387	0
P07250	Q12152	0
P14922	P32900	0
P39925	P41544	0
P36144	P38319	0
P40078	P46965	0
P07264	P53108	0
P13099	P53933	0
P00445	P32803	0
P34241	P47064	0
P48566	P53851	0
P36015	P38138	0
P05626	P38820	0
P23644	Q01454	0
P36010	P53616	0
P06100	P53337	0
P40075	P40341	0
P06782	P38351	0
P38063	P40527	0
P46678	Q03920	0
P33296	Q04004	0
P32494	Q12380	0
P03965	P53131	0
P32618	P36421	0
P32341	P38855	0
P32629	P38144	0
P40319	P40517	0
P16451	P32864	0
P34224	Q12038	0
P10834	P32773	0
P25341	P53108	0
P06844	P40090	0
P35718	P38883	0
P32657	P34226	0
P29056	P47005	0
P24867	P53131	0
P06781	P38712	0
P53061	Q12452	0
P18238	P39984	0
P46674	Q05610	0
P19812	P38703	0
P53125	Q04338	0
P08018	P28519	0
P53211	Q12174	0
P32485	P41544	0
P32328	P40455	0
P40890	Q03330	0
P26793	P32902	0
P47005	Q02794	0
P09624	P50623	0
P42841	P53863	0
P40492	P40513	0
P38744	P47150	0
P38147	P39517	0
P32496	P53272	0
P38819	Q12208	0
P35177	P53823	0
P28239	P40167	0
P33296	P37296	0
P36147	P40565	0
P25453	Q07657	0
P38304	Q06200	0
P32325	Q12482	0
P32332	Q04493	0
P07149	P43621	0
P31109	Q06208	0
P25293	Q04307	0
P47042	P53091	0
P38907	Q07468	0
P32387	Q04368	0
P22138	P41318	0
P33303	P53316	0
P00331	P38337	0
P40187	P46682	0
P23594	P39685	0
P32529	P38829	0
P35180	P38822	0
P38163	P39743	0
P10507	P39523	0
P36053	P38784	0
P33421	P38821	0
P38759	Q03280	0
P09232	P23285	0
P32601	P38156	0
P32447	P34224	0
P04817	P42884	0
P39966	Q99314	0
P32605	P46964	0
P36034	P52488	0
P38622	P53973	0
P36120	P53267	0
P32496	P34227	0
P39744	P54837	0
P40529	Q08278	0
P38149	P50874	0
P36121	Q05931	0
P32909	Q01454	0
P10355	P32836	0
P25651	P54860	0
P33401	Q02208	0
P32453	Q12168	0
P09734	P36027	0
P25046	P25604	0
P22579	P43568	0
P38883	P40582	0
P20433	P39996	0
P43545	Q04693	0
P39987	P40453	0
P40013	Q12443	0
P27895	P39547	0
P25293	P53272	0
P36147	P53968	0
P53079	P53886	0
P11972	P39928	0
P06775	P13517	0
P53540	Q12138	0
P16151	P33311	0
P18480	P26798	0
P36084	P39935	0
P11710	P26343	0
P22007	Q03661	0
P04050	P40091	0
P46974	P53840	0
P33892	Q12216	0
P05318	P38910	0
P47011	Q12071	0
Q12349	Q12527	0
P33767	P47150	0
P53010	P54784	0
P38112	Q04003	0
P06844	Q12749	0
P18238	P47090	0
P38931	P40479	0
P09440	P32597	0
P04786	P19454	0
P10834	P32589	0
P25656	Q04477	0
P18239	Q06479	0
P32797	P53919	0
P19657	P48568	0
P32945	P53735	0
P20050	P33307	0
P23285	P31383	0
Q06549	Q08465	0
P24870	P53231	0
P15938	P47083	0
P30902	P39678	0
P36520	P40518	0
P27472	Q12443	0
P32528	P40438	0
P32447	Q02775	0
Q04002	Q12749	0
P41940	P48439	0
P00128	P32480	0
P23776	Q12154	0
P14242	P38850	0
P38257	P39996	0
P12294	P38302	0
P36130	Q04935	0
P28006	P36116	0
P38627	P38781	0
P30771	P38251	0
P29496	P36120	0
P17065	Q02574	0
P41896	Q12186	0
P53847	Q06631	0
O13297	Q08649	0
P40582	Q12276	0
P38817	Q03782	0
P04046	P41912	0
P24384	Q99207	0
P35842	P38112	0
P81450	Q06339	0
P38703	P47083	0
Q05583	Q12692	0
P43545	Q12255	0
P02294	P40563	0
P23255	P38717	0
P09959	P16522	0
P13902	Q04894	0
P24004	P47037	0
P40090	Q05785	0
P32585	P38328	0
P35497	P38353	0
P03069	P38872	0
P16521	P43621	0
P23291	Q04062	0
P06102	Q08465	0
P16151	P38932	0
P14680	P53735	0
Q02892	Q03323	0
P20050	P48439	0
P22007	P37838	0
P40032	Q12361	0
P34244	P47074	0
P53269	Q06160	0
P22276	P25591	0
P23641	Q04491	0
P06773	P35179	0
P16370	Q03656	0
P32600	P38993	0
P32902	P40484	0
P30619	P53039	0
P07278	Q12464	0
P23641	P39723	0
P38699	P38998	0
P16658	P40971	0
P07256	P39994	0
P09457	Q06551	0
P18759	P43132	0
P32387	P53010	0
P35206	P40518	0
P25644	P40014	0
P46677	P53344	0
P20436	Q12377	0
P53551	Q08886	0
P00431	P38194	0
P43545	Q00955	0
P38850	P40438	0
P40453	P47123	0
P46947	P89105	0
P00358	Q02159	0
P07256	P50113	0
P52488	Q04601	0
P18963	P53269	0
Q04930	Q08685	0
P29295	Q12035	0
P05375	P53145	0
P46671	Q05900	0
P07834	P53954	0
P38147	P53091	0
P00420	Q00764	0
P38903	Q04847	0
P06103	P38112	0
P14306	Q12216	0
P20436	Q12527	0
P53952	Q05949	0
P32803	P53905	0
P41817	Q06708	0
O14467	Q12349	0
P07269	P89105	0
P21538	Q08963	0
P25045	P53299	0
P25584	P40513	0
P89105	Q04264	0
P32902	P36094	0
P25302	P33401	0
Q05933	Q12224	0
P35172	P39996	0
P23255	P41815	0
P32788	P53286	0
P33767	P40574	0
P04912	P27796	0
P38911	P53685	0
P32578	P40475	0
P06774	Q08649	0
P32479	Q12335	0
P39936	Q03661	0
P46676	P50090	0
P36009	P52490	0
P23291	Q12241	0
P21306	P38744	0
P25341	P39550	0
P07262	P41896	0
P40507	Q06344	0
P50090	Q03162	0
P38705	Q03940	0
P38247	Q02574	0
P32914	P52490	0
P27476	P40316	0
P32529	Q04930	0
P08539	Q03897	0
Q07921	Q12082	0
P39705	Q12161	0
P38302	Q08732	0
P53207	Q07509	0
P38636	P46965	0
P36013	P38144	0
P25847	P32602	0
P20676	P41921	0
P53142	Q06639	0
P32641	P40965	0
P28519	Q06216	0
P26755	P38873	0
P38883	P47821	0
P40079	P43621	0
P33296	Q02629	0
P25555	P53167	0
P16474	P18239	0
P31380	P47019	0
P08431	P40075	0
P43555	Q12328	0
P26188	P53604	0
P32939	P35191	0
P32801	P47049	0
P25298	P35191	0
P41318	Q12361	0
P40478	P53859	0
P33297	P39540	0
P46948	Q9URQ3	0
P12294	Q07887	0
P38962	P53829	0
P00950	P43596	0
P11710	P40555	0
P05986	P53735	0
P07249	P36012	0
P38910	P40362	0
P06704	Q06490	0
P32325	Q12060	0
P08678	Q06135	0
P32364	P43621	0
P29056	P40991	0
P04147	Q06490	0
P25045	Q07442	0
P32453	P47074	0
P25579	P47083	0
P26343	P43565	0
P23641	P40960	0
P43622	Q07824	0
P38827	Q06819	0
P22035	Q03579	0
P32898	P47166	0
Q03784	Q07980	0
P13663	P53851	0
P11076	P52593	0
P43682	Q04675	0
P32494	P42884	0
P40066	P40496	0
P20434	P34217	0
P14906	Q99299	0
P53094	Q02776	0
P32618	Q08004	0
P16547	Q07509	0
P07248	Q05931	0
P08518	Q05930	0
P23394	P36520	0
P09734	P32389	0
P09457	P22515	0
P36107	P40460	0
Q02805	Q04067	0
P38992	P40515	0
P47132	P53845	0
P11978	P32601	0
P35191	P36139	0
P25046	P38717	0
P38204	Q04195	0
P53437	Q12335	0
P29295	Q07509	0
P22214	Q12505	0
Q04089	Q12100	0
P38817	P53269	0
P21304	P32504	0
P26798	P38249	0
P22035	P33338	0
P36116	P46674	0
P38627	P38907	0
P25294	P40958	0
Q02516	Q03455	0
P23641	P32528	0
P43682	Q02630	0
P39990	P47123	0
P50874	P53859	0
P53552	Q04225	0
P40957	Q06512	0
P36121	P38820	0
P35193	P39550	0
P10869	P24384	0
P29496	P32479	0
P36224	Q12270	0
P31111	P39517	0
P38708	P53096	0
P28239	P40217	0
Q03690	Q05359	0
P22543	Q06339	0
P24813	P32332	0
P25559	Q02721	0
P38112	P40453	0
P35177	Q00245	0
P53147	Q00578	0
P14908	P23394	0
P40075	Q99394	0
Q02895	Q04675	0
P14908	P53313	0
P25358	P26449	0
P19073	P38085	0
P10961	P21242	0
P02557	Q12749	0
Q03213	Q05930	0
O13297	Q12176	0
P32939	Q12161	0
P38089	P38827	0
P32803	P48837	0
P46964	Q04307	0
Q06344	Q12175	0
P40565	Q12071	0
P16892	P40090	0
P40352	Q06648	0
P32573	P81450	0
P25301	P25615	0
P53150	Q02776	0
P40164	P53209	0
P02294	P19812	0
P23337	P40096	0
P32333	P41912	0
P35817	Q03900	0
P10834	Q00582	0
P06738	P40343	0
P07560	P38723	0
Q03213	Q06102	0
P25591	P38265	0
P20676	P53267	0
P38699	P40960	0
P39009	P49686	0
P22138	P41920	0
P35056	Q06205	0
P36125	Q01454	0
Q08236	Q12243	0
P36049	P47061	0
P26309	P38883	0
P40529	Q01454	0
Q00772	Q07657	0
P25651	Q12527	0
P23179	Q05874	0
P53272	Q99260	0
P12945	P35191	0
P19358	P48361	0
P32578	P32597	0
P38992	P39730	0
P28519	P48836	0
P00420	P40164	0
P47160	Q08975	0
P11978	Q99383	0
P38774	Q07540	0
P13099	Q04978	0
P00330	P53857	0
P42073	Q12157	0
P20436	Q06405	0
P38811	P40515	0
P53176	Q12363	0
P16658	P19736	0
P47090	Q08746	0
P39682	Q04089	0
P39734	P40303	0
Q03148	Q05900	0
P40356	Q04195	0
P11972	P43682	0
P53115	Q00539	0
P36084	P38820	0
P23724	Q04307	0
P35178	P46956	0
P39550	Q06819	0
P32916	P39990	0
P38149	P38699	0
O13565	P53740	0
P39955	Q92331	0
P43638	P49334	0
P02557	P47027	0
P32499	Q04958	0
P32496	P40478	0
P21339	Q04477	0
P11076	Q06208	0
P04912	Q12396	0
P40064	P53877	0
P00931	Q12035	0
P24813	Q07478	0
P46956	Q04264	0
P03965	P38957	0
P07272	P40496	0
P20433	P38723	0
P32334	P40956	0
P27999	P46677	0
P07251	P32570	0
P32805	P53865	0
P25694	P38842	0
P25376	P53622	0
P04456	P47115	0
P14741	Q05998	0
P39730	P46676	0
P32912	P38719	0
P38819	P53197	0
P36053	Q12059	0
P38072	P38346	0
P39954	P54861	0
P33418	P54837	0
P16522	Q04964	0
P15938	P32803	0
P35734	Q02208	0
Q08278	Q12361	0
Q01722	Q07442	0
P37366	P43682	0
P28274	P38837	0
P20134	P38152	0
P35178	Q02516	0
P32634	P33303	0
P54837	Q03048	0
P40018	Q05027	0
P40527	P43568	0
P40460	P53256	0
P38353	P40507	0
P10961	P32642	0
P38915	Q06216	0
P47090	P47116	0
P25615	P38163	0
P12294	P20436	0
P51534	Q03280	0
P19146	Q12318	0
P36034	P39968	0
P17106	P47120	0
P39987	Q03690	0
P25358	P51862	0
P38288	Q04225	0
P39717	Q01852	0
P46673	P53878	0
P36147	Q04847	0
P38288	Q12389	0
P10823	P48559	0
P40087	P53857	0
P33418	Q12102	0
P36009	P53298	0
P38829	P39001	0
P30656	P32354	0
P12868	P35191	0
P05626	P51601	0
P35193	Q12071	0
P17255	P40032	0
P38823	Q04089	0
P07272	P40007	0
P06100	P40151	0
P36161	P41543	0
P18962	P38630	0
P22139	Q12071	0
P10964	P18238	0
P38959	Q06208	0
P32641	P38077	0
P38153	Q07458	0
P10659	P15938	0
P38910	P47035	0
P23776	P53290	0
P25045	P80667	0
P39678	P40517	0
P38930	P39007	0
Q02555	Q12009	0
P35193	P36121	0
P40352	Q12255	0
P11978	P38329	0
P13574	P38282	0
P07703	P53552	0
P53861	Q06208	0
P38759	P87108	0
P16522	Q02794	0
P07272	P41810	0
P38063	P38123	0
P11076	P11154	0
P00175	P39734	0
P32597	P32618	0
P12294	P38204	0
P28239	P42942	0
Q03148	Q12433	0
P19880	P40455	0
P21339	Q08550	0
P21691	P38301	0
P40527	P48837	0
P32849	P38784	0
P22135	P40010	0
P39550	P40988	0
P38862	Q04697	0
P12954	P32945	0
P36104	Q04264	0
P21957	P25296	0
Q07540	Q08018	0
P04050	P23561	0
P41815	Q03750	0
P40014	Q07622	0
P89105	Q06169	0
Q00381	Q03655	0
Q02908	Q07540	0
P53142	Q12527	0
P23595	Q12349	0
P32334	P53086	0
P32499	P38727	0
P22202	Q02608	0
P08518	P28007	0
P36018	P52491	0
P40856	Q12749	0
P19735	Q06200	0
Q12380	Q99344	0
P39073	Q12060	0
P38879	P39534	0
P38348	P40352	0
P23287	P38699	0
Q02554	Q08018	0
Q03860	Q06708	0
Q03213	Q05580	0
P21304	P38204	0
P33421	P43560	0
P36047	Q01080	0
P36130	Q12349	0
P38960	P47083	0
P32481	Q04225	0
P25502	P48524	0
P25615	P35718	0
P39954	P41277	0
P24384	Q08723	0
P38821	P40496	0
P38272	P39713	0
P37366	P40096	0
P38968	Q12224	0
Q08923	Q12082	0
P32801	P39534	0
P14737	Q12216	0
P07250	P38774	0
P40064	P53116	0
P32561	Q12349	0
P04821	P29468	0
P40077	P48836	0
P32776	P38123	0
P53337	Q08492	0
P32367	Q04005	0
P00724	P47167	0
P32499	P46957	0
P38193	P38272	0
P39001	Q04195	0
P43588	P47052	0
P32913	P38719	0
P40528	P87108	0
P36125	P49955	0
P25297	Q12018	0
P23639	P47115	0
P00729	P23595	0
P33204	P46954	0
P32263	P47074	0
P81449	Q12020	0
P35056	Q08204	0
P32499	Q06005	0
P21339	Q12018	0
Q04089	Q04868	0
P87108	Q12129	0
P40055	Q02206	0
P39992	Q12306	0
P02294	P38837	0
P36009	Q06096	0
P32786	P38920	0
P19736	P40005	0
P53740	Q03785	0
P19146	Q92316	0
P38630	P53299	0
Q03323	Q12447	0
Q12157	Q12265	0
P16861	P23255	0
P45819	Q12361	0
P25651	P40971	0
P18962	P27692	0
P19145	P54784	0
P38838	Q99176	0
P53207	Q06525	0
P18852	P53045	0
P04817	Q07732	0
P53258	P53952	0
P40496	P42841	0
P16522	P38257	0
Q03018	Q04958	0
P35190	P38915	0
P35842	Q12341	0
P24719	P38298	0
P32859	Q9URQ3	0
Q06005	Q06677	0
P10823	P47041	0
P38138	Q00916	0
P39520	Q00711	0
P38121	P49166	0
P20606	Q12343	0
P22579	P38742	0
P28241	P32895	0
P32564	P48232	0
P25575	P53337	0
Q08732	Q12174	0
P14736	P38957	0
P28496	P53952	0
P50086	Q12327	0
P32558	P39010	0
P16151	P34238	0
P12294	P53130	0
P38351	P40302	0
P24867	Q12223	0
P53905	Q12161	0
P32912	P39987	0
P12887	P47113	0
P39113	Q12206	0
P32786	P38353	0
P46974	Q04338	0
P47115	P53244	0
P23776	Q12224	0
P25376	P25659	0
P02400	P38744	0
P53313	Q08387	0
P34241	P48559	0
P39928	Q12285	0
P49018	Q03532	0
P07257	P14736	0
P31111	P35172	0
P16474	P36168	0
P24870	P36034	0
P32803	Q03790	0
P38727	P40453	0
P50091	Q08032	0
P23287	Q00772	0
P43561	P47090	0
P32859	P53552	0
P07250	P19454	0
P00410	P36010	0
P32559	Q06411	0
P16451	P40468	0
P40075	P47041	0
P25296	P53045	0
P06105	P32319	0
P18562	Q04225	0
P11914	P20436	0
Q03103	Q12224	0
P04786	Q04264	0
P21306	P38353	0
P18963	P36121	0
P40167	P53044	0
P22082	Q12349	0
P37302	Q06815	0
P28004	P32605	0
P32558	P40314	0
P31111	Q12285	0
P53142	Q08287	0
P21304	P39010	0
P13393	Q12328	0
P12954	Q03735	0
P22515	P38085	0
P38622	P38811	0
P00445	Q02574	0
P38960	Q08962	0
P41805	P53243	0
P47064	P53039	0
P19454	Q99382	0
P16661	P31378	0
P04911	Q03656	0
P32836	P36162	0
P40541	P47152	0
P13393	Q03661	0
P35189	P35190	0
P28239	Q12165	0
Q08496	Q12262	0
P23202	P40360	0
P04817	P40010	0
P23724	P29468	0
P39706	Q08273	0
P34160	P40014	0
P38152	P53973	0
P07248	Q04978	0
P06243	P28239	0
P10834	P10869	0
P25382	P40518	0
P50946	Q04673	0
P16661	P32380	0
P22804	Q12224	0
P32805	Q02793	0
P42945	P48510	0
P32319	P35198	0
P07272	P38779	0
P32367	P46947	0
P21801	P28320	0
P17505	P38313	0
P14359	P38744	0
P40341	Q12494	0
P20486	P38204	0
P34244	P38960	0
P00445	P46678	0
P38860	Q02260	0
P29468	P53685	0
P25357	P35191	0
P21951	P40355	0
P25580	Q08217	0
P10961	P38070	0
P25298	Q06525	0
P25649	P34238	0
P14291	P17505	0
P39967	Q03940	0
P53388	Q08004	0
P32859	Q04368	0
P25453	P33750	0
P06782	P40032	0
P38764	P54784	0
P05694	P38123	0
Q03690	Q08278	0
P05626	Q04195	0
P27637	P34227	0
P35177	P46675	0
P50101	Q01852	0
P23202	Q08773	0
P53337	Q12063	0
P32859	Q03018	0
P36165	Q05911	0
P07272	P39517	0
P18759	P32897	0
P21192	Q06630	0
P00410	P32379	0
P40892	Q06815	0
P39735	P53254	0
Q05787	Q99181	0
P11745	P34227	0
P38814	Q02895	0
P50104	Q07896	0
P39729	P48439	0
P07256	P25358	0
P33892	P53823	0
P06780	P38251	0
Q06679	Q07914	0
P41912	P47029	0
P23594	Q03280	0
P40960	P53209	0
P47052	Q05080	0
P53259	P53323	0
P33441	P36049	0
P38744	P40455	0
P39016	Q00711	0
P45976	P53297	0
P38064	Q12335	0
P40018	P53231	0
P18961	P40969	0
P34226	P57744	0
P19880	P53857	0
P30902	P38967	0
P30619	P39928	0
P47135	Q08387	0
Q04322	Q12157	0
P21182	Q12004	0
P47049	Q06216	0
P36019	P46671	0
P53115	Q12138	0
P15938	P32913	0
P00445	P13259	0
Q03860	Q06408	0
P22515	P46956	0
P00958	P21651	0
P10355	P35179	0
Q08496	Q12223	0
P07256	P33399	0
O13559	P28274	0
P53735	Q08911	0
P13259	Q12460	0
P50108	Q06005	0
P25646	P53437	0
P48361	Q12082	0
P25346	P29469	0
P30656	P32319	0
P02294	P38970	0
P25046	Q04934	0
P13711	P25358	0
P39968	Q12224	0
P38855	P39534	0
P07260	P28241	0
P39534	Q07800	0
Q00711	Q04368	0
P38319	Q05471	0
P33296	P41834	0
P43622	Q01454	0
P32898	Q02159	0
P39548	P50104	0
P50875	P53045	0
P17106	Q12154	0
P48439	Q08215	0
P46674	Q07442	0
P35180	Q12343	0
P20676	P47005	0
P38274	Q12035	0
P19658	P25376	0
P38911	Q03503	0
P40992	P53108	0
P47074	P53231	0
P25376	P25575	0
P32524	Q9URQ3	0
P53147	Q04697	0
P38759	P40438	0
P08518	P22141	0
P11433	P25346	0
P22515	P38272	0
P19097	P47027	0
P40478	P41940	0
P15646	P38337	0
P38427	P47025	0
P13259	Q12159	0
P28239	P32805	0
P04147	P40360	0
P23285	Q12107	0
P46682	P53115	0
P07703	P19145	0
P06242	P19955	0
P16370	P36973	0
P39010	P53313	0
P14907	P32558	0
P36012	Q08278	0
Q04272	Q12157	0
P38249	P52491	0
P22214	P25558	0
P35184	P40341	0
P24783	P53824	0
P40492	Q12158	0
P25341	Q07980	0
P38302	P41805	0
P28274	Q12341	0
P14682	P40456	0
P53600	Q12372	0
P37012	P41546	0
P10507	P36008	0
P32453	P53904	0
P38783	P43609	0
P29056	Q6Q547	0
P27999	P33311	0
P38842	P39723	0
P06838	P32939	0
P16547	P47045	0
P15938	P40328	0
P39702	P40314	0
P48581	Q12035	0
P40075	P53865	0
P05986	P40032	0
P33892	P53147	0
P10566	Q12469	0
P32597	P54837	0
P00358	P30283	0
P32356	Q12194	0
O14467	Q08980	0
P26188	Q08931	0
P21651	Q03792	0
P31111	P36057	0
