protein_a,protein_b,label,y_prob
Q27368,gi:24582879,1,0.4620754755092738
gi:20129227,gi:24650922,1,0.4274384201286716
gi:24583644,gi:24667071,1,0.19513537572433676
O18413,gi:24650745,1,0.31909511144885117
gi:24645058,gi:24652999,1,0.9950162633246104
P11455,gi:24663246,1,0.9960597222475248
gi:19921028,gi:24667063,1,0.7775093219476713
gi:21355733,gi:24641831,1,0.9888710261782596
gi:21355521,gi:28571157,1,0.3610430158705395
P17704,gi:24666434,1,0.7385498435710078
P48603,gi:24641090,1,0.7639655142351577
gi:24585313,gi:28571447,1,0.5225639694819275
gi:19921458,gi:24581719,1,0.9978965303152175
gi:24649025,gi:28573278,1,0.9794865366137172
Q9VYR1,gi:24642276,1,0.3090195971223799
gi:24646199,gi:24663340,1,0.4389223692854569
gi:24655121,gi:28571891,1,0.9930554913839188
Q24253,gi:28571819,1,0.5589662372351882
P16568,gi:24639988,1,0.5568844366869163
P21914,gi:17933604,1,0.5119387611722339
gi:24656553,gi:24664023,1,0.2798860693260834
P13097,gi:24645653,1,0.8932886810485309
gi:24648946,gi:24654606,1,0.2610181081278827
gi:24656486,gi:24661872,1,0.6009176607425054
P55035,Q02361,1,0.6457944348248295
gi:24662946,gi:28574886,1,0.7188102818084728
gi:19920396,gi:24668309,1,0.8514950670111249
gi:24649169,gi:28574406,1,0.856017401443011
gi:20129227,gi:24645769,1,0.756206260074813
gi:20130151,gi:24638872,1,0.5098296396745938
gi:24663027,gi:28571678,1,0.9912050901259948
gi:21356855,gi:24653322,1,0.2614253303070255
gi:17137074,gi:21356415,1,0.8120865313717807
gi:20128797,gi:24638544,1,0.9990494880970481
Q94511,gi:24645053,1,0.6578454580342349
P07181,gi:17136554,1,0.4279549199645075
gi:24654934,gi:28572036,1,0.9246596481008051
gi:17137586,gi:28573893,1,0.7970517351857369
gi:24643394,gi:24661830,1,0.46469898194882964
gi:21356741,gi:24641068,1,0.38388914508619953
gi:24649025,gi:24655644,1,0.6260943546024416
gi:24641689,gi:28571515,1,0.9825693233288312
P45890,gi:24585681,1,0.8793800678058564
gi:19920390,gi:24583312,1,0.2606112964508466
gi:17647755,gi:24643634,1,0.9787020039314742
P13096,Q01071,1,0.6054631799987537
P82147,gi:28573278,1,0.9199483429182089
gi:19920866,gi:28571678,1,0.9795711612807405
P19538,gi:24581778,1,0.9614205082558479
P50887,gi:24649848,1,0.42692207843524443
Q8INW0,gi:24652438,1,0.9748062382808926
gi:24642561,gi:24647609,1,0.966013682851396
gi:21357211,gi:24667117,1,0.9999737417552275
gi:19923028,gi:20129131,1,0.3090195971223799
gi:19923044,gi:24649952,1,0.6491658611686753
gi:24642517,gi:24656168,1,0.9964788645707451
gi:19922294,gi:24649697,1,0.2520974479366904
gi:21357511,gi:24643447,1,0.8606778148478881
gi:24650192,gi:24651703,1,0.7632036620318647
gi:19921710,gi:28572997,1,0.8924814239483351
gi:19921326,gi:24651935,1,0.6049590066740793
P53997,gi:20129291,1,0.8485359513812681
gi:24639021,gi:24648919,1,0.27014041554724594
O46106,gi:17647459,1,0.5442671790194767
P00528,gi:21356285,1,0.6873366602510026
gi:24654441,gi:24656574,1,0.9389366459794957
P02828,gi:18859939,1,0.8793800678058564
gi:18858147,gi:24645951,1,0.3498443399644219
gi:21358301,gi:24638532,1,0.20258637313755706
gi:17981735,gi:20129157,1,0.2524955080232646
P13097,gi:24655187,1,0.972052559525637
gi:24639885,gi:24667258,1,0.9762254159033892
gi:20130399,gi:21356209,1,0.5788010666785232
gi:17737875,gi:24639414,1,0.22620117778141435
P29742,gi:19922640,1,0.7651051131051934
gi:19922526,gi:24638766,1,0.7381421861901231
gi:24643761,gi:24651236,1,0.7554273808966404
gi:21356367,gi:24667063,1,0.9044970246845069
gi:21358467,gi:24640855,1,0.4742461756417152
gi:17136854,gi:24643702,1,0.9910192191011019
gi:17137114,gi:24650168,1,0.3934984617839398
P17276,gi:24645115,1,0.7534728318273323
gi:24582918,gi:28574037,1,0.2610181081278827
gi:19920776,gi:24653350,1,0.9999820521347973
gi:24652930,gi:28571108,1,0.9716484782322445
P13060,gi:24641578,1,0.9239213465311501
P08570,gi:24583894,1,0.9628048832510236
P50887,Q24570,1,0.7811382116770155
gi:24653255,gi:24661359,1,0.485393327277395
gi:20128797,gi:21357495,1,0.9998876760865809
gi:24668309,gi:28574529,1,0.9648757442163987
gi:21358101,gi:22026831,1,0.9307873003366586
gi:24642517,gi:24651491,1,0.9249774557075492
gi:24667016,gi:28571820,1,0.22657073512763554
P07183,gi:24584729,1,0.6014235936546437
gi:17530825,gi:24582205,1,0.8331565497496457
gi:24641831,gi:24666524,1,0.9997914361387098
gi:19920406,gi:20129835,1,0.9334789217737908
gi:24644764,gi:28571412,1,0.40624113256651906
gi:24641493,gi:24647383,1,0.28854241412290604
gi:20130049,gi:24648294,1,0.9593881843617461
gi:24639496,gi:24762383,1,0.6384403761062153
gi:17933532,gi:24647137,1,0.8825149872285007
gi:19921962,gi:24640747,1,0.2705566590855738
gi:19922100,gi:20130345,1,0.9338709357806769
Q24167,gi:24648592,1,0.4986651035699149
Q9VQQ9,gi:24656802,1,0.697744577066888
gi:24652882,gi:28572997,1,0.6275751095024333
gi:17137620,gi:24656431,1,0.9517301181984407
gi:17136568,gi:17137752,1,0.8322747284961425
gi:18858161,gi:24652897,1,0.9999285379704543
gi:21355625,gi:21358139,1,0.19513537572433676
Q9VNA5,gi:24640683,1,0.30947034608163926
gi:24582643,gi:24655996,1,0.4986651035699149
gi:24648044,gi:24656362,1,0.37338171368508716
gi:24652733,gi:24657699,1,0.5331687964913024
gi:24638718,gi:24657684,1,0.7277488640308131
gi:24584683,gi:24641790,1,0.6231257714262273
gi:24639687,gi:24649976,1,0.7973928555480916
P51123,gi:24649109,1,0.748275978592599
gi:17647939,gi:21357733,1,0.3293425577179446
gi:17933736,gi:24581976,1,0.8051756537590354
gi:24653057,gi:24762582,1,0.49972016269899394
gi:20130151,gi:24642586,1,0.4742461756417152
gi:24647083,gi:24649025,1,0.6260943546024416
gi:24582431,gi:24649499,1,0.394002171680807
gi:17137240,gi:28571396,1,0.8004996891014836
gi:21356927,gi:24640119,1,0.8331565497496457
gi:24645216,gi:28574949,1,0.35080485670035144
P35415,gi:24642799,1,0.9141175505256691
P13395,gi:17137188,1,0.8580855329836367
gi:24647609,gi:24663548,1,0.9414477490735977
Q9XZS4,gi:24651236,1,0.5937278537945282
gi:17137344,gi:24584126,1,0.3929949782350923
gi:21687092,gi:24581542,1,0.9096826179652983
gi:24643634,gi:24650311,1,0.9629557224564107
P54350,P92208,1,0.6260943546024416
gi:18921139,gi:28571891,1,0.7550373108298257
gi:20129061,gi:24666737,1,0.5447905261110968
P16914,gi:19922904,1,0.2614253303070255
gi:21357089,gi:24664029,1,0.2614253303070255
Q9VJZ7,gi:24584798,1,0.3498443399644219
gi:24583803,gi:28573125,1,0.9210293945584125
gi:24640903,gi:24643280,1,0.22620117778141435
gi:24585335,gi:24586585,1,0.33027538006280055
gi:20129579,gi:24650124,1,0.9142830646495826
gi:17737727,gi:28574071,1,0.47635114701589937
P13395,gi:24642799,1,0.8636865146726869
gi:24644064,gi:24650208,1,0.5093023016806608
gi:17136830,gi:24640430,1,0.9572679043498282
gi:17137800,gi:21357051,1,0.3288766497207673
gi:20129611,gi:24655053,1,0.3498443399644219
gi:18543293,gi:24641561,1,0.4284715768649996
gi:24584736,gi:24646199,1,0.7381421861901231
gi:20129967,gi:21355815,1,0.8567958731245138
gi:17137234,gi:24638625,1,0.8111185946677181
gi:24640264,gi:24642241,1,0.22620117778141435
gi:24640233,gi:24667117,1,0.9881441479968899
P02828,gi:24643375,1,0.6999650194437866
gi:19920706,gi:24582962,1,0.7963682106944748
P02517,P29775,1,0.3600700146162289
gi:24639548,gi:24652112,1,0.5458369224054841
gi:24641790,gi:24642817,1,0.5891388784310002
Q03334,gi:24666394,1,0.8197447211152695
gi:24581719,gi:24582473,1,0.9648876245837288
gi:26080381,gi:28573157,1,0.6877899571565597
gi:20129967,gi:21357305,1,0.7179564892132608
gi:21357761,gi:28574971,1,0.9963353536360453
P02824,gi:28572963,1,0.9388155506740782
gi:17136968,gi:17137452,1,0.8325690816843426
gi:17136258,gi:21355573,1,0.6573703429775132
gi:17137568,gi:24645053,1,0.556363671258815
gi:17865642,gi:24648751,1,0.3615299451148602
P48592,gi:22024283,1,0.8955139793442923
gi:19922044,gi:24656312,1,0.2344927883985483
P21461,gi:24653649,1,0.9933984601636667
gi:19920746,gi:24643702,1,0.9941237190641312
P15364,gi:17647979,1,0.8827335932319123
gi:21687092,gi:28573551,1,0.6457944348248295
gi:19920922,gi:24663548,1,0.690952948228034
gi:20130405,gi:24643010,1,0.19513537572433676
P05389,gi:24646440,1,0.774145473137597
gi:24646860,gi:28571593,1,0.48592042425830684
P08570,gi:21358101,1,0.9907878300742887
P07207,gi:30923613,1,0.9177191512168716
gi:19920912,gi:21358247,1,0.8387029080049357
gi:18859751,gi:21355869,1,0.6968537967863396
gi:24640951,gi:24657678,1,0.29956503309342614
gi:19920746,gi:19922390,1,0.6034451503554185
gi:21358039,gi:24651203,1,0.8111185946677181
gi:21357387,gi:24638625,1,0.7635848000032943
gi:19920798,gi:21358535,1,0.28940954340822506
gi:17647735,gi:24641921,1,0.646759196370147
gi:21356003,gi:21357311,1,0.6275751095024333
gi:24643110,gi:24645344,1,0.5209843787238614
P48149,gi:24584198,1,0.41654488919254296
gi:24640430,gi:24667760,1,0.8775779893428778
gi:21355807,gi:24638927,1,0.38438835021546713
gi:19921312,gi:24651610,1,0.9916764891352773
Q9VMA2,gi:20129835,1,0.6877899571565597
gi:20130399,gi:24638625,1,0.9899567318619691
Q9W553,gi:24642267,1,0.5927094647165868
Q9XYN7,gi:24661140,1,0.5114115177141897
gi:19922670,gi:24654471,1,0.6054631799987537
P25007,gi:24639183,1,0.2889757857047761
gi:19922444,gi:24652290,1,0.2705566590855738
gi:21357711,gi:24658714,1,0.9490274143277224
gi:24640973,gi:24655674,1,0.41603214504320013
gi:24584030,gi:24586176,1,0.3600700146162289
P02835,gi:24667829,1,0.31863681258735244
gi:17137696,gi:21356655,1,0.5678759669452562
gi:17136948,gi:24641148,1,0.8836044927930984
Q9VNE9,gi:24762726,1,0.8683783028141157
gi:21358103,gi:24655053,1,0.748275978592599
gi:17137488,gi:18858209,1,0.4410020665348054
gi:24583803,gi:24663228,1,0.9100287553016662
gi:17137216,gi:24653649,1,0.688242894957506
gi:21357711,gi:24586237,1,0.5891388784310002
gi:18860521,gi:19921250,1,0.5098296396745938
Q24133,gi:24648253,1,0.6564191666631591
P18171,gi:24640527,1,0.36055637209382824
Q9NJH0,gi:24581467,1,0.8688599169664007
gi:24663047,gi:24665583,1,0.880531595914993
P36975,gi:24638845,1,0.8153382327814889
O16797,gi:24583474,1,0.9589751074835206
O16797,gi:24655053,1,0.9589751074835206
gi:18859679,gi:24646430,1,0.3620171589930397
gi:17737917,gi:21355657,1,0.30947034608163926
Q9W0K7,gi:24585499,1,0.5336939691814582
gi:22026831,gi:28571341,1,0.6039499908762794
P17886,gi:19922516,1,0.9776127192192772
gi:24642884,gi:24649646,1,0.9124464213630543
gi:24644642,gi:28571615,1,0.6804182819696772
gi:24653350,gi:24656785,1,0.9037654227861692
Q24423,gi:24641449,1,0.773776316561179
gi:24638625,gi:24639687,1,0.9536478503206036
gi:17137650,gi:24653674,1,0.44152231741611286
gi:18859833,gi:24642808,1,0.7569834567418853
gi:24639571,gi:24642261,1,0.2790362693947917
gi:24656959,gi:24667063,1,0.8768962593247502
gi:24643702,gi:24648755,1,0.979144592828605
gi:24646365,gi:24664257,1,0.7967101869158126
Q24564,gi:24661864,1,0.9706433860360308
gi:24650084,gi:24661467,1,0.48592042425830684
gi:17864162,gi:21357211,1,0.9978419487469757
gi:24639782,gi:24661707,1,0.8968880182645201
gi:24645869,gi:24652641,1,0.5798295792882568
P41126,gi:24648294,1,0.8504245861976478
P00528,gi:19921798,1,0.6873366602510026
gi:24581719,gi:24651247,1,0.9884892837476943
gi:24645182,gi:24663118,1,0.3955146497551835
gi:17933722,gi:19921582,1,0.5347440893910714
gi:17137220,gi:17864162,1,0.9242174605562476
Q8IN81,gi:28558748,1,0.7277488640308131
P82910,gi:28574284,1,0.9964103436758555
P29503,P40796,1,0.3955146497551835
gi:24584645,gi:24642267,1,0.5579255914195972
gi:24646664,gi:24651028,1,0.4747723356156669
gi:24640172,gi:24655067,1,0.23487178043810159
gi:24643755,gi:24656820,1,0.8256436237896303
gi:18860011,gi:21357481,1,0.6981894103974287
P13395,P36241,1,0.7900812764305076
gi:20128797,gi:24643303,1,0.999944892095871
P07181,gi:24666886,1,0.8265530427586582
Q8IGR0,gi:24659237,1,0.9969768409670104
gi:24650263,gi:24654441,1,0.8310931830686138
P54733,gi:24648824,1,0.38289146943458485
O77264,gi:24654441,1,0.6448284853363413
gi:19922620,gi:24659451,1,0.9962073440155537
Q9VAD6,gi:28574009,1,0.4731940284073014
gi:21355965,gi:21356311,1,0.2705566590855738
gi:18543285,gi:24584828,1,0.9918829175161535
P40427,Q24251,1,0.7558170307073957
Q8INW0,gi:24651690,1,0.9780774372564994
gi:24580839,gi:24641068,1,0.24338125389360502
gi:20129835,gi:24652235,1,0.7454835616549249
P22058,gi:24582926,1,0.6155812243359019
gi:18860011,gi:24647498,1,0.6981894103974287
gi:17136732,gi:19920984,1,0.9804460544981023
gi:21357051,gi:24646365,1,0.485393327277395
Q9W5R8,gi:28574939,1,0.7963682106944748
Q9Y0I1,gi:24649620,1,0.2606112964508466
Q27350,gi:24648617,1,0.4389223692854569
O18640,gi:24647582,1,0.7092603587069174
gi:24647137,gi:24649025,1,0.9764690625762859
gi:24581467,gi:24666096,1,0.8055064512541202
P10379,gi:24639885,1,0.9081101172602026
P82910,gi:28572963,1,0.9414477490735977
gi:18859889,gi:24666524,1,0.7458837246543901
gi:24642763,gi:28574886,1,0.4499498090174188
gi:24644116,gi:28571447,1,0.3823930007709409
gi:18921123,gi:21358053,1,0.20258637313755706
gi:17647523,gi:24646410,1,0.7365074604976272
gi:24586550,gi:24666886,1,0.5230904010240245
Q9VXX8,gi:19922328,1,0.4404819451724985
gi:20428641,gi:24649427,1,0.9647324367446427
gi:24639548,gi:24656262,1,0.5103569557931482
gi:24642233,gi:24654843,1,0.7814987473078472
gi:21355719,gi:24648536,1,0.7654841310016038
gi:24660416,gi:24663462,1,0.9999195186545329
gi:20130247,gi:24666442,1,0.3945061069561947
gi:24642561,gi:24658927,1,0.6374656299703813
gi:24581626,gi:24639715,1,0.9853184294426243
gi:17136698,gi:24580836,1,0.31817886437248366
gi:20130085,gi:24661002,1,0.841864999042587
gi:24661625,gi:28573278,1,0.9865234715421036
gi:21355383,gi:28574414,1,0.5199310830985445
gi:24586562,gi:24650829,1,0.7474802239328249
gi:17137648,gi:24668042,1,0.3293425577179446
gi:24580815,gi:24582219,1,0.8631888927696456
P08182,gi:21356361,1,0.7166728535982447
gi:17136968,gi:17933532,1,0.7377341188998534
gi:18859953,gi:21355139,1,0.33928169865193414
gi:24666274,gi:28573830,1,0.2610181081278827
gi:18543215,gi:24662330,1,0.7171011244850488
Q8INW0,gi:24661359,1,0.9977101013225128
gi:19920676,gi:24646827,1,0.5927094647165868
gi:17647699,gi:24582096,1,0.48644755255988015
gi:19921566,gi:24584828,1,0.7096952954903113
Q9VMW8,gi:24640683,1,0.40675021470660927
Q01644,gi:24639904,1,0.5087749429840783
gi:17136294,gi:24652999,1,0.9389366459794957
P29742,gi:24641689,1,0.9848482180059183
P20354,P40320,1,0.5584459784979052
gi:24648776,gi:24665172,1,0.5002476937852618
gi:19920696,gi:22026831,1,0.9574402053680078
P02824,gi:28574284,1,0.9962391013156682
gi:18860521,gi:21355617,1,0.4515170360227507
gi:24655245,gi:28574597,1,0.48592042425830684
gi:21355331,gi:21357723,1,0.4300224791566088
gi:19921458,gi:24662048,1,0.9718800713183161
Q24564,gi:24651703,1,0.9997250474001005
gi:19920386,gi:24582270,1,0.24338125389360502
gi:24654017,gi:24668321,1,0.7973928555480916
gi:18858125,gi:24648828,1,0.9806473046923974
gi:17647911,gi:24584835,1,0.9529905316064889
gi:24644250,gi:24665154,1,0.8787069860003053
gi:21356265,gi:24641209,1,0.8268553483550284
gi:17647891,gi:24649994,1,0.3090195971223799
P08111,gi:24656486,1,0.6009176607425054
gi:24580672,gi:28574726,1,0.6972993723541508
gi:20129961,gi:24643413,1,0.2610181081278827
gi:21357117,gi:24642361,1,0.21024755827425512
gi:17737533,gi:24657019,1,0.8175518111149117
gi:19921060,gi:24642559,1,0.23487178043810159
gi:20130007,gi:24655502,1,0.6804182819696772
gi:24638894,gi:24643270,1,0.3945061069561947
gi:24648905,gi:24649663,1,0.2790362693947917
gi:24582283,gi:24646611,1,0.756206260074813
gi:17137788,gi:20130017,1,0.38289146943458485
gi:24583312,gi:24659992,1,0.31909511144885117
gi:19920594,gi:24667089,1,0.7953397139105416
gi:24642517,gi:24646312,1,0.9890780970255652
gi:20128985,gi:21355643,1,0.9421417704507862
gi:24640578,gi:24656644,1,0.6364897522028374
P13060,gi:24642367,1,0.9132856293237017
gi:21358587,gi:24647779,1,0.5331687964913024
gi:24643755,gi:24644880,1,0.8256436237896303
gi:24667063,gi:28573879,1,0.9974045745092149
Q9VSS2,gi:21356873,1,0.5225639694819275
P25867,gi:24584167,1,0.8454827704733384
gi:24585428,gi:24649202,1,0.21024755827425512
P48593,gi:20129701,1,0.2705566590855738
P52295,gi:19920696,1,0.9908070698940288
gi:20130399,gi:28574582,1,0.9971387720534115
gi:19921588,gi:24663275,1,0.2614253303070255
gi:21356979,gi:24646860,1,0.4155195825603172
gi:24652684,gi:24654749,1,0.22657073512763554
P91615,gi:21355581,1,0.5808573991191617
P08181,gi:28571396,1,0.9157867711063495
gi:17738243,gi:24641449,1,0.8197447211152695
Q9VCR6,gi:24657689,1,0.788677968155842
gi:24654996,gi:24655741,1,0.8091712575612872
gi:24647334,gi:24648828,1,0.5199310830985445
gi:20128911,gi:24648063,1,0.22657073512763554
gi:17137188,gi:24640713,1,0.7478783093740051
gi:18543215,gi:24647864,1,0.7171011244850488
Q9XZT6,gi:24666702,1,0.21024755827425512
Q94524,gi:24581901,1,0.9557613867668052
P07207,gi:21356895,1,0.6995216768626236
P09087,gi:28574876,1,0.41808420117628076
O76924,gi:19920954,1,0.6573703429775132
gi:18859939,gi:21355243,1,0.33880883335984435
gi:21356777,gi:24582294,1,0.665951410542753
Q03017,gi:21358205,1,0.7188102818084728
gi:17647155,gi:24639988,1,0.7730367231776853
Q8T053,gi:24762757,1,0.40471509857545473
gi:19921242,gi:28573850,1,0.32980880139069724
gi:17137752,gi:24663462,1,0.9995555562963633
gi:24583747,gi:24640672,1,0.6448284853363413
Q9XTM1,gi:24639705,1,0.7960258064796778
gi:18543271,gi:21357711,1,0.6559431068976144
P17276,gi:24654530,1,0.7789660110335198
gi:17864162,gi:24647137,1,0.9956567906583144
gi:24653791,gi:24665661,1,0.9211827365924585
gi:24585618,gi:28571445,1,0.8978596611224113
gi:24581310,gi:24660710,1,0.3090195971223799
gi:24645817,gi:24663462,1,0.9883686156570206
gi:18858189,gi:24640672,1,0.7070799199123384
gi:24647609,gi:28572129,1,0.9952329177110367
gi:19921552,gi:21356055,1,0.20258637313755706
gi:21358275,gi:24643243,1,0.21847929837228713
gi:19920568,gi:24652463,1,0.3512855693310601
P27716,gi:17738153,1,0.3498443399644219
Q8IGR0,gi:24582182,1,0.8041807030471312
P02839,gi:24642808,1,0.5347440893910714
gi:17137700,gi:28573674,1,0.4520396603776108
gi:17137740,gi:24645951,1,0.4520396603776108
gi:17137560,gi:24646962,1,0.3407022166520228
gi:20129061,gi:24666753,1,0.5447905261110968
P23757,gi:24583917,1,0.6009176607425054
P11455,Q8INW0,1,0.9992660948133787
gi:24653741,gi:24661332,1,0.22620117778141435
gi:24653649,gi:24655741,1,0.9962232559184041
gi:24645157,gi:28571537,1,0.20258637313755706
P14734,Q9VAN0,1,0.5584459784979052
P39413,gi:24655153,1,0.9188537962804227
Q95YI5,gi:24649452,1,0.24338125389360502
gi:24642276,gi:28573278,1,0.8822960280426126
gi:24642517,gi:28574316,1,0.9874272730315039
gi:21357017,gi:24642586,1,0.2991224618188889
gi:20129527,gi:30923613,1,0.898246041086264
P06601,gi:28573795,1,0.3512855693310601
gi:24649646,gi:24661263,1,0.5709801147907655
gi:24640513,gi:24664817,1,0.23487178043810159
P91943,Q9VGI8,1,0.3293425577179446
Q9V407,gi:24647285,1,0.3615299451148602
gi:17137514,gi:24641056,1,0.21847929837228713
gi:24639609,gi:24657218,1,0.5447905261110968
gi:20129357,gi:24648484,1,0.485393327277395
gi:24652112,gi:24666850,1,0.4295053575421735
gi:17530793,gi:24646283,1,0.21024755827425512
O46036,gi:17737723,1,0.6767363958181514
gi:24643110,gi:28573278,1,0.9911682234836394
gi:24581719,gi:24641561,1,0.9943196743653462
P00528,gi:24665193,1,0.7450829838711764
gi:24642267,gi:28571451,1,0.3493645374227344
Q9VUR3,gi:17136276,1,0.2705566590855738
O46036,gi:24663901,1,0.7872678046563252
gi:18543285,gi:21355123,1,0.8599169955815451
gi:21357917,gi:24664458,1,0.624611233872572
gi:24646114,gi:24651937,1,0.29868026557648025
gi:18543295,gi:19922816,1,0.319553760338377
gi:24641045,gi:24645621,1,0.29956503309342614
gi:17647911,gi:19921530,1,0.5114115177141897
gi:19920776,gi:24582858,1,0.9191679086590238
P08182,gi:19922274,1,0.9610931103731958
gi:24641919,gi:24654172,1,0.38438835021546713
gi:24640672,gi:28574391,1,0.6767363958181514
gi:18859973,gi:24638872,1,0.5098296396745938
gi:19920876,gi:24581719,1,0.9884892837476943
P22700,gi:24642301,1,0.7285842197543599
gi:19921694,gi:24645413,1,0.5119387611722339
gi:24639705,gi:24643447,1,0.9161116718662086
gi:24643634,gi:24647759,1,0.8621890629913107
gi:21356453,gi:24762383,1,0.3615299451148602
Q9VVN2,gi:24583567,1,0.5352690346054877
gi:18859825,gi:24654854,1,0.98396307994251
gi:19921652,gi:19921672,1,0.3288766497207673
gi:24639301,gi:28572124,1,0.6443450671189636
gi:20129563,gi:24647143,1,0.6687619792736984
gi:17137760,gi:24580788,1,0.5093023016806608
Q24180,gi:24655778,1,0.45256239052470076
P17886,gi:28573019,1,0.6554667337251965
gi:24648289,gi:24660416,1,0.7070799199123384
gi:24586371,gi:28574726,1,0.8028481298087068
Q9W2N0,gi:24651028,1,0.6150817607656682
Q8MSF5,gi:19921270,1,0.6781197029606796
gi:17864566,gi:24583394,1,0.7273305832336047
gi:21358527,gi:24657782,1,0.6009176607425054
P13607,gi:28574582,1,0.993300884031
gi:24650356,gi:28574582,1,0.9528011043741033
gi:24582104,gi:24668704,1,0.5474057550900943
gi:19920370,gi:24640181,1,0.45308522533203444
gi:17137574,gi:21356415,1,0.2982384448729169
gi:21355673,gi:24651944,1,0.2606112964508466
P08570,gi:24646410,1,0.8025139194918126
gi:19921244,gi:21356337,1,0.8304999278066709
O46106,gi:24581314,1,0.9846846848717878
P29681,gi:28571819,1,0.28854241412290604
O02195,gi:24653096,1,0.6374656299703813
gi:20130175,gi:24639519,1,0.4155195825603172
Q24133,Q9VPH7,1,0.5896495468232908
gi:21356211,gi:24650074,1,0.5241431090536487
P18502,gi:24653810,1,0.841864999042587
gi:17137224,gi:24642276,1,0.7188102818084728
Q24141,gi:21356337,1,0.9962311869129669
gi:24580804,gi:24656959,1,0.4185976615207393
gi:24582714,gi:24640268,1,0.33975488478365257
gi:19920706,gi:24640506,1,0.48486626278772893
gi:24657019,gi:28573799,1,0.6374656299703813
gi:17136732,gi:24648308,1,0.7158151368555085
gi:24648207,gi:24648946,1,0.5463599693360518
P05552,gi:24645148,1,0.7192365875384108
gi:20130277,gi:24665135,1,0.3090195971223799
O17445,gi:24654996,1,0.5911803888683651
gi:19922000,gi:24639187,1,0.6776589459558231
gi:24649695,gi:24662048,1,0.9170795519262337
gi:19922626,gi:24649911,1,0.2520974479366904
P10734,gi:17137168,1,0.7277488640308131
gi:17136262,gi:17137760,1,0.5093023016806608
Q06559,gi:18859961,1,0.9953726586216516
Q94899,gi:24648459,1,0.22620117778141435
O18640,gi:20129481,1,0.7377341188998534
gi:17933694,gi:28573662,1,0.3818947794511891
gi:21357711,gi:24655888,1,0.9661519667259244
gi:18543285,gi:24645053,1,0.9953920562083768
gi:19922166,gi:24648514,1,0.6597427469621088
gi:17136524,gi:24655644,1,0.2991224618188889
gi:24646190,gi:24648942,1,0.4185976615207393
gi:24639687,gi:24666818,1,0.4509945185911777
gi:21357903,gi:28571100,1,0.7171011244850488
Q8IGR0,gi:24640672,1,0.9883645843409451
gi:24641014,gi:28572158,1,0.4509945185911777
gi:23308611,gi:24654530,1,0.636001391060071
gi:20128841,gi:28574886,1,0.9020700177812889
gi:24640625,gi:24656494,1,0.4752985516112684
gi:24583531,gi:24659188,1,0.5594863665210903
gi:24583965,gi:24586240,1,0.8955139793442923
P82910,gi:21355911,1,0.8874893332332102
P48609,gi:24640494,1,0.2705566590855738
gi:19922206,gi:24639808,1,0.269724575596179
gi:24655153,gi:24668642,1,0.9455335788243019
gi:17136820,gi:20128841,1,0.5463599693360518
gi:17737425,gi:24663246,1,0.9988485073332108
gi:21357781,gi:24582294,1,0.8922787721592683
gi:21356995,gi:24581719,1,0.9989669563199299
gi:21355799,gi:24652235,1,0.44152231741611286
gi:21355521,gi:24643170,1,0.3610430158705395
gi:17137752,gi:24641280,1,0.8512280412393141
gi:24580731,gi:24649039,1,0.801844217925651
gi:24645921,gi:28573781,1,0.2889757857047761
gi:17136862,gi:24643303,1,0.3818947794511891
P41093,gi:24639649,1,0.7393639274515286
P25008,gi:24663352,1,0.35080485670035144
gi:24583803,gi:24652686,1,0.7088250376478972
gi:24646729,gi:28571658,1,0.394002171680807
gi:19920696,gi:28571218,1,0.6972993723541508
gi:17647899,gi:19922144,1,0.4615510214657002
gi:24667837,gi:28571660,1,0.6340451511728595
gi:19923004,gi:24662583,1,0.21811921688530922
O17445,gi:24585156,1,0.9853133566728172
gi:19922328,gi:21356029,1,0.24338125389360502
gi:24640353,gi:24663039,1,0.8232001248437211
P02839,gi:24657782,1,0.7542559106885245
gi:24585242,gi:24640268,1,0.8184941575367906
gi:24639711,gi:24641280,1,0.4289883897510397
P23023,gi:24667876,1,0.8241195738098755
P49905,Q9VN93,1,0.6453116081729466
gi:24582306,gi:24762701,1,0.7360977565067732
gi:21357211,gi:24652680,1,0.8955139793442923
gi:28574582,gi:28574764,1,0.964080553571423
Q8T498,gi:21356337,1,0.7865601522544126
gi:17933676,gi:24656938,1,0.48697471101125145
gi:24651149,gi:28571891,1,0.5321182317078645
P11147,gi:24638862,1,0.9576974126637585
gi:21955276,gi:24644880,1,0.7814987473078472
gi:21358039,gi:28573563,1,0.99739362663052
gi:24648289,gi:24651688,1,0.3945061069561947
gi:21687092,gi:24663599,1,0.5782865532268306
gi:24585618,gi:24649695,1,0.8127297017465704
gi:24582672,gi:24583332,1,0.5798295792882568
gi:24580712,gi:24647566,1,0.2794609716270164
Q24564,gi:24655034,1,0.9964416506226361
gi:21355909,gi:24665583,1,0.9985793786314917
gi:24650473,gi:24666240,1,0.5548006361080196
Q9W3C1,gi:24653988,1,0.2798860693260834
Q9V3I1,gi:24585499,1,0.49813757787597257
Q9VQ62,gi:28572129,1,0.5553217698529703
Q24260,gi:24584547,1,0.9550421151513216
P13607,gi:21358161,1,0.9707534501016757
gi:20128811,gi:28573173,1,0.6477227635868326
gi:24650148,gi:24650263,1,0.3402283910271144
gi:17137074,gi:28573893,1,0.9495353829496679
gi:24647609,gi:24668194,1,0.6864289914611564
gi:17647979,gi:28573563,1,0.9995271917823922
gi:21357915,gi:24654479,1,0.8787069860003053
gi:17864566,gi:24646884,1,0.7546468206965081
P15364,gi:24582746,1,0.8250352574671526
gi:18857963,gi:24654086,1,0.6682943794200118
gi:18859973,gi:24643118,1,0.9876865611987456
gi:24642235,gi:24646312,1,0.6160804443365129
O46341,gi:24656273,1,0.25169980408687587
P10987,gi:24646440,1,0.8972776532781953
Q24404,gi:24639705,1,0.8440993899873654
gi:17933704,gi:21356995,1,0.5326435502820489
gi:24581626,gi:24641302,1,0.40675021470660927
P00034,gi:24652686,1,0.6260943546024416
gi:24584039,gi:24646940,1,0.3934984617839398
P19538,P29742,1,0.991693888530346
gi:21357305,gi:24647468,1,0.5694287230173659
gi:18859635,gi:24639301,1,0.9981514070541436
gi:24661662,gi:24667117,1,0.9190109913333165
P48591,gi:21355205,1,0.2798860693260834
gi:24641404,gi:28573563,1,0.8764399616631137
P09775,Q01068,1,0.3945061069561947
gi:20129157,gi:21357761,1,0.9957767658944756
P51123,Q01083,1,0.851761696971497
gi:24582006,gi:24662753,1,0.9866073746089612
Q24404,gi:24583929,1,0.9786579752115389
gi:24640264,gi:24655245,1,0.5916902784241331
Q9VJV9,gi:18858161,1,0.952324357476641
gi:24645621,gi:24647952,1,0.24338125389360502
P22807,gi:24643447,1,0.9264286910753391
gi:17137438,gi:24647356,1,0.21024755827425512
gi:24651303,gi:28572963,1,0.8738656512213402
gi:24646774,gi:24658229,1,0.4631246342866618
gi:20129291,gi:24651703,1,0.9981318366251504
gi:17137740,gi:24643375,1,0.38388914508619953
gi:17137196,gi:24762594,1,0.65926890190031
gi:24649183,gi:24654854,1,0.9878901836198312
gi:24646593,gi:24656644,1,0.6995216768626236
gi:19922526,gi:28573544,1,0.4295053575421735
gi:24643476,gi:28571506,1,0.2610181081278827
gi:17136914,gi:24659237,1,0.9035817414768748
gi:17864622,gi:24583965,1,0.9193245486444921
gi:17136830,gi:24659868,1,0.3714090287781982
P36188,gi:24666913,1,0.2614253303070255
gi:19922640,gi:30923526,1,0.5808573991191617
Q9V407,gi:24583312,1,0.35080485670035144
Q24253,gi:20129209,1,0.25169980408687587
gi:18858189,gi:24665657,1,0.5447905261110968
P45889,gi:21355167,1,0.38438835021546713
gi:19920928,gi:24659188,1,0.2606112964508466
gi:21355663,gi:24582106,1,0.19513537572433676
gi:24584287,gi:24641831,1,0.9775741779076722
gi:24655741,gi:24658229,1,0.9729089406834307
gi:24662650,gi:24762816,1,0.43996195443834984
gi:20130261,gi:24659237,1,0.9953726586216516
gi:21357147,gi:28573310,1,0.8322747284961425
P23696,gi:28573264,1,0.9888903732189123
gi:19921554,gi:24650634,1,0.40471509857545473
O97420,gi:21355085,1,0.3714090287781982
gi:24582339,gi:24638976,1,0.6785801137403709
P17704,gi:24581976,1,0.6808769521670589
P17886,gi:21357953,1,0.7708077074757275
gi:24582219,gi:24642615,1,0.31817886437248366
gi:22024244,gi:24648042,1,0.2614253303070255
gi:17136212,gi:24655170,1,0.9100287553016662
P10041,gi:24649007,1,0.8520279314075616
P29052,gi:20130017,1,0.4520396603776108
gi:20129291,gi:24583310,1,0.7851397065297625
P04814,gi:24762594,1,0.4515170360227507
gi:20130281,gi:24638708,1,0.48855635555156235
gi:24650284,gi:24668346,1,0.3288766497207673
gi:17136732,gi:24582879,1,0.9871581520333457
gi:24639936,gi:24643497,1,0.3945061069561947
gi:24580712,gi:24649164,1,0.5474057550900943
gi:17136732,gi:24666240,1,0.9972920530971805
gi:24656168,gi:24666826,1,0.4274384201286716
Q02645,gi:24655537,1,0.22657073512763554
O76924,gi:17647739,1,0.5204577536457422
Q9VJZ7,gi:24584776,1,0.30856921131348064
gi:17136732,gi:21358569,1,0.9804460544981023
P10084,P18491,1,0.3407022166520228
P36241,gi:21355873,1,0.5114115177141897
gi:24643110,gi:24650658,1,0.981515304999373
gi:21358465,gi:24649283,1,0.21847929837228713
gi:24581339,gi:24585681,1,0.5108842488637899
gi:24646073,gi:24646090,1,0.5225639694819275
gi:24644073,gi:24667917,1,0.3600700146162289
gi:17647155,gi:28574009,1,0.8114416645477411
gi:21356797,gi:24646318,1,0.9592234337604923
gi:24639210,gi:24645887,1,0.3503244466504934
gi:24639496,gi:24646337,1,0.3288766497207673
P18102,gi:24646146,1,0.3288766497207673
gi:24643118,gi:24657782,1,0.998305542101602
Q24133,gi:24657052,1,0.8565367728198511
Q94524,gi:28574997,1,0.6573703429775132
P40427,gi:17136216,1,0.7811382116770155
Q24404,gi:24642134,1,0.8924814239483351
gi:24585242,gi:24642884,1,0.9952027898065813
gi:17137582,gi:19922526,1,0.3615299451148602
gi:24585943,gi:28574635,1,0.9057653633549494
Q9XYN7,gi:24585215,1,0.6160804443365129
gi:24645769,gi:24652344,1,0.7105640143990507
gi:21357871,gi:24585240,1,0.7004079880451143
gi:24652733,gi:24660923,1,0.9278540433601925
gi:20130139,gi:24661332,1,0.22620117778141435
P47938,gi:17136286,1,0.5589662372351882
gi:19922714,gi:24585327,1,0.21024755827425512
gi:18858007,gi:21355869,1,0.8241195738098755
gi:24655474,gi:24664469,1,0.6251058688342147
gi:24646860,gi:24648136,1,0.4504721092130105
gi:19922248,gi:21355603,1,0.2798860693260834
P19538,gi:17647589,1,0.9707034539428724
gi:17137234,gi:24652825,1,0.3950102666387321
gi:19922458,gi:24581987,1,0.21811921688530922
gi:24582283,gi:24583279,1,0.6999650194437866
Q9W1C9,gi:19920696,1,0.8619381482568321
gi:24581582,gi:24651671,1,0.624116338718809
gi:24649345,gi:28574284,1,0.8972776532781953
gi:24646090,gi:24653791,1,0.5342190671989998
Q9W5R5,gi:20129301,1,0.4185976615207393
gi:20130151,gi:24638864,1,0.4389223692854569
gi:17136698,gi:24667917,1,0.8265530427586582
gi:24640704,gi:24762491,1,0.5347440893910714
O76924,gi:17864542,1,0.5906703030673954
gi:17136934,gi:19921530,1,0.46469898194882964
gi:28573173,gi:28573264,1,0.9577828177890534
gi:19921306,gi:21357969,1,0.65926890190031
O16797,gi:18859825,1,0.9942093800423647
Q24251,gi:24661084,1,0.4295053575421735
gi:18857963,gi:24642517,1,0.9984988558782945
gi:24650035,gi:24656275,1,0.30856921131348064
gi:21358003,gi:24638845,1,0.7929249027994624
P92201,gi:21358103,1,0.49972016269899394
gi:24650035,gi:30923655,1,0.7008505821546728
gi:17647181,gi:20130017,1,0.4520396603776108
gi:24663242,gi:28573799,1,0.4631246342866618
P02307,gi:24658110,1,0.38438835021546713
gi:20129227,gi:21355125,1,0.9279951695686302
gi:18858043,gi:24655701,1,0.3615299451148602
gi:24641121,gi:28574284,1,0.5432201926344257
P49905,gi:24654325,1,0.8676530685984033
Q24564,gi:24659892,1,0.9706433860360308
gi:17737433,gi:21356121,1,0.6150817607656682
gi:19920464,gi:24649059,1,0.30947034608163926
O61345,gi:24647233,1,0.3945061069561947
gi:24642799,gi:24659237,1,0.9891914851971836
gi:24642276,gi:24659451,1,0.9084616747048712
gi:24646232,gi:24647687,1,0.24338125389360502
gi:17647581,gi:24649519,1,0.9142830646495826
P18502,gi:24647609,1,0.9996435991471363
gi:24664399,gi:24665583,1,0.880531595914993
gi:24583332,gi:24648828,1,0.9777508482591738
O44424,gi:24657684,1,0.9878901836198312
gi:17137620,gi:24646970,1,0.568393702081657
gi:17986183,gi:24652818,1,0.22657073512763554
P20227,P51123,1,0.5230904010240245
gi:24640994,gi:24658861,1,0.28940954340822506
Q24404,Q9VMW8,1,0.8244252198261934
gi:21356727,gi:24650208,1,0.953834043895605
gi:18858117,gi:24641434,1,0.21811921688530922
gi:24662044,gi:24662431,1,0.5673580834806307
gi:20129499,gi:24654082,1,0.2794609716270164
gi:24642267,gi:24643755,1,0.9175596737023552
gi:24643118,gi:28574406,1,0.9991680013242533
gi:24643578,gi:24649383,1,0.2794609716270164
gi:24580731,gi:24648127,1,0.7526880758266931
gi:20130049,gi:24646365,1,0.9338709357806769
gi:24585618,gi:24643151,1,0.8978596611224113
Q02748,gi:24641561,1,0.8887473458846884
gi:18859657,gi:24655474,1,0.5209843787238614
gi:24583067,gi:24641449,1,0.9417957302548621
gi:17136368,gi:24656486,1,0.8621890629913107
gi:24582306,gi:24652785,1,0.6453116081729466
gi:21355631,gi:24657218,1,0.4384027770792988
gi:18858073,gi:18858205,1,0.4626000134988968
gi:24653805,gi:24663462,1,0.9765738598101983
Q9W5R8,gi:24641790,1,0.9903711098659133
gi:19921710,gi:24653743,1,0.6004115123089059
gi:19922274,gi:24664004,1,0.6374656299703813
gi:24641790,gi:24646724,1,0.6231257714262273
gi:24638845,gi:24643729,1,0.9000003094748553
gi:24649452,gi:24762726,1,0.6135819179919101
gi:18859693,gi:24643312,1,0.394002171680807
gi:24642037,gi:24652295,1,0.23487178043810159
Q9XTM1,gi:24645011,1,0.9662897075840371
gi:21355361,gi:24640747,1,0.46364933672393044
gi:21356073,gi:28574371,1,0.3929949782350923
gi:20130067,gi:24584167,1,0.4976100563283039
gi:22024283,gi:28571447,1,0.982012672695705
gi:24581061,gi:24640570,1,0.6379531449117253
gi:20129527,gi:28572154,1,0.5103569557931482
gi:17137650,gi:24641085,1,0.4768775240979616
gi:24639124,gi:24667089,1,0.8378446956665931
gi:21356995,gi:24648329,1,0.636001391060071
Q9VG82,gi:24667246,1,0.7643458045875408
Q9Y1A3,gi:21358569,1,0.5336939691814582
gi:24648461,gi:24652720,1,0.6024348089642767
gi:18859953,gi:20129291,1,0.964080553571423
gi:24642263,gi:24645728,1,0.38339018451578694
gi:24643516,gi:24653350,1,0.9995251931469553
gi:20128797,gi:24585871,1,0.9990494880970481
gi:18543325,gi:28573934,1,0.2614253303070255
gi:17738243,gi:24640353,1,0.9570949370391838
gi:18860545,gi:21358099,1,0.4631246342866618
gi:18543293,gi:24659272,1,0.4631246342866618
Q9VN93,gi:24584835,1,0.7858507861763471
P22807,Q01644,1,0.788677968155842
gi:22024114,gi:24652785,1,0.4509945185911777
gi:20129705,gi:24642703,1,0.5823978114406005
gi:24647779,gi:24653497,1,0.4976100563283039
gi:24641831,gi:24652882,1,0.9945091312718803
Q03017,Q24564,1,0.9991412687904244
gi:24642021,gi:28573125,1,0.9102013753277087
gi:24648294,gi:24655741,1,0.9981436035594087
gi:24586105,gi:24647008,1,0.23487178043810159
gi:24644093,gi:28571615,1,0.7963682106944748
gi:24645869,gi:28574472,1,0.7643458045875408
gi:19920406,gi:24648896,1,0.6804182819696772
Q9W2U9,gi:24655568,1,0.4175709183069264
gi:20129067,gi:20130085,1,0.9351834503479691
gi:24646436,gi:24762726,1,0.5442671790194767
gi:17136268,gi:24666794,1,0.22620117778141435
gi:21356645,gi:24639782,1,0.7356876440870845
gi:24639705,gi:24644819,1,0.6049590066740793
Q9W1C9,gi:19921566,1,0.5709801147907655
gi:24640430,gi:24649735,1,0.6964078508931073
gi:17647523,gi:20129705,1,0.8506928011174174
gi:21356183,gi:24666053,1,0.3610430158705395
gi:21356191,gi:24661359,1,0.556363671258815
gi:17864630,gi:24649087,1,0.5927094647165868
P13008,gi:19920376,1,0.7632036620318647
P02518,gi:24646212,1,0.7893804791924228
gi:19920406,gi:24643634,1,0.9363251341656194
gi:18858161,gi:24664000,1,0.8947215723536802
gi:24582554,gi:24647789,1,0.29956503309342614
P35415,gi:24643516,1,0.9805267995392118
gi:24648981,gi:24652733,1,0.6687619792736984
Q9W5H8,gi:21357023,1,0.4384027770792988
gi:24639883,gi:24656954,1,0.20258637313755706
gi:24638609,gi:24644242,1,0.941097817561453
gi:17647155,gi:24642019,1,0.33975488478365257
P16371,Q01071,1,0.7290012939827666
Q24260,gi:24642547,1,0.7977335480485132
gi:24585840,gi:28573563,1,0.8222769058328487
gi:19921506,gi:24647385,1,0.31817886437248366
gi:17864566,gi:18859877,1,0.7273305832336047
gi:18543285,gi:24650420,1,0.9953920562083768
gi:24651986,gi:28571125,1,0.3512855693310601
Q9VPS5,gi:28574432,1,0.9132856293237017
Q9VVX3,gi:24585236,1,0.5793154090520658
gi:17136854,gi:24663462,1,0.9981559419771009
Q9V675,gi:20129291,1,0.7851397065297625
gi:24585154,gi:24585926,1,0.30856921131348064
gi:24581719,gi:24639687,1,0.9972052140044217
gi:19920344,gi:24648615,1,0.7977335480485132
gi:17933748,gi:24762771,1,0.36055637209382824
O97394,gi:24645581,1,0.28854241412290604
P29742,P48609,1,0.4175709183069264
Q8IN94,Q9XTM1,1,0.624116338718809
gi:21356069,gi:28571819,1,0.4880291136786054
gi:24585990,gi:24640635,1,0.4520396603776108
gi:24654595,gi:28558748,1,0.9930554913839188
gi:19921332,gi:24656490,1,0.21811921688530922
gi:21355349,gi:28571965,1,0.2798860693260834
gi:24641624,gi:24643437,1,0.4057322518230702
gi:17136378,gi:20129499,1,0.40471509857545473
gi:21356061,gi:26080381,1,0.9134525949427941
gi:24580674,gi:24639782,1,0.8501559743270815
P40417,gi:24644764,1,0.3407022166520228
gi:17933630,gi:24650467,1,0.18789384875128695
gi:17530857,gi:21357799,1,0.7804158563987929
gi:24583067,gi:28574726,1,0.9960679953000995
gi:21356723,gi:24644253,1,0.22620117778141435
gi:24650829,gi:28572963,1,0.690952948228034
gi:21356031,gi:24662765,1,0.41603214504320013
gi:21357761,gi:24649697,1,0.995133450682069
gi:18858205,gi:21357643,1,0.4274384201286716
gi:18860537,gi:24668309,1,0.7092603587069174
gi:19920584,gi:19920776,1,0.8953163729047432
gi:24585343,gi:24643437,1,0.37190180118610394
Q02361,gi:24649824,1,0.7079532445492872
Q9VC49,gi:24641689,1,0.931351503323356
gi:24586562,gi:24643447,1,0.9836945145131236
gi:17137564,gi:22024283,1,0.8814166521211871
gi:17352479,gi:24652930,1,0.9947458833310627
gi:21357653,gi:24643516,1,0.9852827898836108
gi:24584236,gi:24658342,1,0.5087749429840783
gi:24644242,gi:24645053,1,0.9926641673087819
gi:19920696,gi:24650348,1,0.9718223458489431
gi:18859851,gi:24584828,1,0.4742461756417152
gi:19922274,gi:24657344,1,0.4631246342866618
gi:21357799,gi:24659237,1,0.956572014091531
gi:24585681,gi:28574582,1,0.9762743413462203
P13095,gi:17137644,1,0.2991224618188889
gi:24580861,gi:24585448,1,0.22657073512763554
gi:24645585,gi:24648896,1,0.5002476937852618
gi:17136698,gi:19920978,1,0.8127297017465704
gi:21356019,gi:21356221,1,0.6165794198350218
gi:19920692,gi:24660555,1,0.5453137742852792
P15330,gi:24646386,1,0.7260733333395897
gi:21356645,gi:24580731,1,0.801844217925651
gi:24586591,gi:24762582,1,0.2982384448729169
gi:24643168,gi:24658086,1,0.4175709183069264
gi:18860537,gi:24583294,1,0.6155812243359019
gi:24652268,gi:28573207,1,0.7893804791924228
gi:18921125,gi:24647823,1,0.33928169865193414
gi:19921030,gi:19921372,1,0.33880883335984435
gi:17864566,gi:24646404,1,0.5668400527774922
Q9W1Y7,gi:28573466,1,0.964080553571423
P39736,gi:21355719,1,0.6804182819696772
gi:17137616,gi:20428641,1,0.9918829175161535
Q24562,gi:24644250,1,0.6355127495373076
gi:17647503,gi:24581339,1,0.7450829838711764
gi:18859947,gi:24584536,1,0.28984368678254757
gi:21355641,gi:24585205,1,0.38388914508619953
P25843,gi:20130017,1,0.5584459784979052
P15364,gi:17136342,1,0.5002476937852618
gi:24642261,gi:24653645,1,0.30856921131348064
gi:20130175,gi:21357147,1,0.7970517351857369
Q9W0P5,gi:28573850,1,0.27014041554724594
gi:24656859,gi:24665297,1,0.33928169865193414
gi:17136820,gi:28573662,1,0.5921999707134131
Q03334,gi:24654441,1,0.9533672198739992
gi:24655153,gi:28574443,1,0.9910379800310286
gi:20130085,gi:24654891,1,0.841864999042587
gi:21356739,gi:21358145,1,0.6804182819696772
gi:24639715,gi:24644214,1,0.9979754762830862
gi:24585795,gi:24655679,1,0.5209843787238614
O18640,P40301,1,0.5798295792882568
gi:17738089,gi:24642267,1,0.3823930007709409
gi:19921250,gi:24643516,1,0.9776127192192772
gi:24653999,gi:24659182,1,0.2991224618188889
Q9VFC8,gi:24583208,1,0.5937278537945282
gi:24581155,gi:24649236,1,0.7565950688138876
gi:24652436,gi:24661136,1,0.6135819179919101
gi:24642884,gi:24645951,1,0.9607762623676808
gi:17864328,gi:24581484,1,0.5347440893910714
gi:21355783,gi:21355785,1,0.31909511144885117
P41093,gi:18859771,1,0.33928169865193414
Q24207,gi:24644675,1,0.5458369224054841
gi:21356771,gi:24640785,1,0.33975488478365257
gi:20129441,gi:28572129,1,0.5901600220441708
Q9VSH3,gi:24653302,1,0.2610181081278827
gi:24641555,gi:24660416,1,0.9989948811349868
P02824,gi:24663027,1,0.9912050901259948
gi:19922814,gi:28572129,1,0.5553217698529703
gi:21357019,gi:24641689,1,0.9848482180059183
Q06559,gi:21356965,1,0.9621187703145465
gi:24638927,gi:24652825,1,0.3512855693310601
P54359,gi:24666240,1,0.6877899571565597
gi:21356733,gi:24645177,1,0.3610430158705395
gi:17737989,gi:20129591,1,0.2606112964508466
gi:24643312,gi:24658567,1,0.9510470001711944
gi:21357677,gi:24641831,1,0.9990015672514736
Q24564,gi:24638862,1,0.9982511468245839
gi:24638625,gi:24660583,1,0.6781197029606796
gi:17137168,gi:24642484,1,0.9173999149079005
gi:24641209,gi:28574920,1,0.8268553483550284
gi:21687092,gi:24644337,1,0.5432201926344257
gi:18858161,gi:24580927,1,0.9074033599965761
gi:24586193,gi:24644797,1,0.9324229771550689
P18502,Q24400,1,0.9946904515532873
P07713,gi:17864460,1,0.394002171680807
gi:20129277,gi:24667258,1,0.5699460066437073
gi:17137536,gi:20130085,1,0.9433000941990654
gi:20128797,gi:24648253,1,0.9992849331836703
gi:24642267,gi:24653614,1,0.5927094647165868
gi:24639301,gi:24665160,1,0.9592234337604923
gi:24641363,gi:28574228,1,0.319553760338377
gi:21355869,gi:24582487,1,0.7260733333395897
gi:24650202,gi:24657961,1,0.6790401776611327
gi:18859803,gi:28573310,1,0.5087749429840783
gi:19921238,gi:24648828,1,0.8181804636239248
Q9VPS5,gi:18859953,1,0.9132856293237017
P25724,gi:24648294,1,0.7360977565067732
gi:19922144,gi:24663481,1,0.7554273808966404
Q06559,gi:19920692,1,0.9938569649695345
gi:24667117,gi:28571678,1,0.9996591616108516
gi:17864246,gi:21355733,1,0.2520974479366904
gi:19921312,gi:24640817,1,0.9958991986284865
O44783,Q04787,1,0.9829624399520503
P09089,P42003,1,0.7302500979986095
gi:17136506,gi:24654335,1,0.3823930007709409
gi:18543183,gi:18859947,1,0.2614253303070255
Q24570,gi:24644917,1,0.30856921131348064
gi:17136732,gi:21355361,1,0.9552229710257223
gi:24648946,gi:24666323,1,0.7628221004629824
P17886,gi:24644422,1,0.9852827898836108
gi:17136524,gi:24658459,1,0.2614253303070255
Q00748,gi:20128797,1,0.9995953728908623
Q9NJH0,gi:24585375,1,0.4042068280916938
gi:24657763,gi:24665135,1,0.3402283910271144
gi:24581467,gi:24644349,1,0.5347440893910714
P10084,Q01068,1,0.4289883897510397
P00034,gi:24646199,1,0.9310586847095931
gi:17137352,gi:28574284,1,0.6776589459558231
P52295,gi:24649236,1,0.9337405035408595
Q95RI5,gi:24639782,1,0.7624401154409656
gi:23308611,gi:24663657,1,0.9577828177890534
gi:24639414,gi:24647779,1,0.6029400893911713
gi:24638845,gi:24660927,1,0.8358278830679267
gi:24646410,gi:24647137,1,0.8304999278066709
gi:19921030,gi:24585147,1,0.4752985516112684
gi:20129165,gi:24666694,1,0.6701627786171899
gi:24650202,gi:24651303,1,0.9707534501016757
P17276,gi:24639304,1,0.8922787721592683
P16371,Q961V5,1,0.49813757787597257
Q94524,gi:21355181,1,0.5204577536457422
P17971,gi:18859691,1,0.2520974479366904
gi:24662729,gi:24667238,1,0.6886954730732184
gi:24642703,gi:24645177,1,0.6049590066740793
O96860,gi:24640994,1,0.6767363958181514
gi:17137196,gi:17737549,1,0.35080485670035144
gi:24585242,gi:24644119,1,0.8184941575367906
Q24564,Q9VCR6,1,0.9993539941823102
gi:24648484,gi:24667117,1,0.9961753195840052
Q24564,gi:24666905,1,0.9663011263982515
gi:24582540,gi:24656431,1,0.4389223692854569
gi:19549546,gi:24649618,1,0.19513537572433676
gi:18858007,gi:21687206,1,0.5119387611722339
gi:18859807,gi:24641673,1,0.46469898194882964
P25171,gi:17136692,1,0.5119387611722339
gi:17647581,gi:24655153,1,0.992218447186046
gi:24641251,gi:24648294,1,0.9095090998722032
Q9W1Y7,gi:21357439,1,0.475824822465761
gi:19922620,gi:28573466,1,0.9967022409099681
P48588,gi:21355673,1,0.5709801147907655
gi:21355811,gi:24581572,1,0.7953397139105416
Q24117,gi:24581719,1,0.9998779142458954
gi:24641042,gi:24648207,1,0.43996195443834984
gi:17136720,gi:24648615,1,0.65926890190031
gi:21356785,gi:24586167,1,0.4986651035699149
gi:18859735,gi:28573278,1,0.908812022200574
P45594,gi:28574764,1,0.6491658611686753
gi:20130397,gi:28574707,1,0.3818947794511891
P08630,gi:19920776,1,0.9079338838283011
Q9VLU0,gi:24656431,1,0.5098296396745938
gi:24582008,gi:24665583,1,0.880531595914993
gi:19920826,gi:24585943,1,0.8624395944886131
gi:24656938,gi:24661136,1,0.9210293945584125
gi:19921030,gi:24581155,1,0.7389570907536329
gi:20128797,gi:28571506,1,0.999533464480147
O02649,gi:24655850,1,0.4394420954403789
gi:24648294,gi:24653270,1,0.7360977565067732
gi:24663325,gi:28573195,1,0.46417411966134337
gi:24650758,gi:28572977,1,0.3402283910271144
gi:17136268,gi:24654677,1,0.41808420117628076
Q9VHI4,gi:17136732,1,0.7700612928768094
P48588,gi:24654479,1,0.8038481997871701
gi:24651303,gi:28571689,1,0.6251058688342147
P13060,Q9XYN7,1,0.9132856293237017
P07185,gi:24581842,1,0.4880291136786054
gi:24647897,gi:28574564,1,0.33928169865193414
Q24207,gi:21357861,1,0.2798860693260834
gi:18860521,gi:24582172,1,0.4057322518230702
gi:18543299,gi:19921346,1,0.3714090287781982
O46036,gi:17136258,1,0.9912234662084122
gi:17137692,gi:24646318,1,0.9933707262328327
gi:24641790,gi:24652542,1,0.6231257714262273
gi:21357871,gi:24661830,1,0.46469898194882964
gi:21358103,gi:24662626,1,0.46417411966134337
gi:22026898,gi:24583061,1,0.4404819451724985
gi:19922502,gi:24581998,1,0.21847929837228713
gi:24581662,gi:24645182,1,0.38438835021546713
gi:21355477,gi:21357677,1,0.5336939691814582
gi:19922144,gi:24642523,1,0.7281667429877973
gi:21355581,gi:24642301,1,0.9278540433601925
gi:24664023,gi:28573095,1,0.30947034608163926
P40320,gi:24650747,1,0.8331565497496457
gi:21357761,gi:28574767,1,0.9943926926092849
gi:18543273,gi:21355885,1,0.24299289161232193
gi:24644250,gi:24652897,1,0.995638502613892
gi:17738243,gi:23397621,1,0.8838213384166486
gi:20128985,gi:24638845,1,0.9870507112440763
O44081,gi:18859635,1,0.6664206646248669
P11147,gi:28574555,1,0.8787069860003053
Q9VU02,gi:24639448,1,0.31863681258735244
gi:24639715,gi:24655187,1,0.9992520344678899
gi:24652386,gi:28573115,1,0.5474057550900943
gi:24644093,gi:28574582,1,0.9961993630380189
gi:24658040,gi:24665049,1,0.21847929837228713
gi:24583208,gi:24654644,1,0.35080485670035144
gi:20128811,gi:24663462,1,0.9898971041160188
O46036,gi:28571707,1,0.6767363958181514
gi:21355513,gi:24582962,1,0.6384403761062153
gi:24581155,gi:24667258,1,0.7298342334464777
gi:17530857,gi:17647581,1,0.951535870347693
Q9XZS4,gi:24659237,1,0.9712387273505177
O77051,P25171,1,0.6687619792736984
gi:24665331,gi:28571447,1,0.5225639694819275
P48149,gi:19920376,1,0.5927094647165868
Q9V447,gi:24585974,1,0.28940954340822506
gi:24643118,gi:24648690,1,0.9355661127885498
gi:24586506,gi:24647819,1,0.20258637313755706
gi:24656926,gi:24663500,1,0.19513537572433676
gi:24582962,gi:28572057,1,0.7726662865401834
Q9XYQ2,gi:24656938,1,0.5927094647165868
gi:24580927,gi:24649210,1,0.2705566590855738
gi:21357953,gi:21358481,1,0.2798860693260834
gi:17137764,gi:18859929,1,0.6044546099748522
gi:22024126,gi:24581939,1,0.31817886437248366
gi:19922144,gi:20130199,1,0.8629395090558416
P40657,gi:24638978,1,0.4404819451724985
gi:17136692,gi:24661625,1,0.7730367231776853
gi:18857963,gi:24656161,1,0.7281667429877973
gi:21357669,gi:24647786,1,0.7474802239328249
gi:19921554,gi:24652344,1,0.8691001624583095
gi:21357761,gi:24665587,1,0.9943926926092849
gi:17647723,gi:24638691,1,0.7542559106885245
Q01842,gi:24661759,1,0.38388914508619953
gi:24648682,gi:24666240,1,0.6564191666631591
gi:19921230,gi:24583965,1,0.9587253339905112
gi:18858205,gi:20129227,1,0.9369512780099378
gi:19920776,gi:24580965,1,0.9079338838283011
gi:24580597,gi:24656168,1,0.5336939691814582
Q94524,gi:28572094,1,0.48486626278772893
P55828,gi:20130399,1,0.986690762353837
gi:17136536,gi:24649911,1,0.2798860693260834
gi:24642922,gi:28573563,1,0.8601709876761983
gi:17737805,gi:28571108,1,0.5342190671989998
gi:17933722,gi:24648461,1,0.8932886810485309
P00528,gi:24663831,1,0.5891388784310002
gi:17737533,gi:18858055,1,0.9013218521115691
P15330,gi:24580572,1,0.6968537967863396
gi:17137454,gi:28574150,1,0.7200880158492433
P17886,gi:24655034,1,0.9489252415875932
gi:19920358,gi:28574010,1,0.2520974479366904
gi:24580513,gi:24667600,1,0.4389223692854569
gi:18543285,gi:24648484,1,0.9953920562083768
P28159,gi:24658567,1,0.9268589972701778
gi:19922106,gi:24582006,1,0.8674105723832798
gi:17933736,gi:21355909,1,0.9392985886366431
Q9V8K2,gi:24647609,1,0.966013682851396
gi:24647222,gi:24664355,1,0.21847929837228713
gi:17136898,gi:20128797,1,0.999533464480147
Q9VNE9,gi:24582182,1,0.6808769521670589
gi:24583965,gi:24654595,1,0.9994797553365301
gi:24582306,gi:28573483,1,0.5777718697576569
gi:17137452,gi:17986069,1,0.3610430158705395
P23023,gi:24667258,1,0.9440849611455376
gi:24651395,gi:24652218,1,0.2790362693947917
gi:24644797,gi:24652999,1,0.9992406468285725
P13096,Q01068,1,0.6384403761062153
gi:24639573,gi:24642814,1,0.2794609716270164
gi:17864566,gi:24655930,1,0.7546468206965081
gi:24583919,gi:24653385,1,0.8666808246149691
gi:24647430,gi:24665229,1,0.7811382116770155
gi:18543285,gi:24667760,1,0.9433000941990654
gi:20129165,gi:24651629,1,0.269724575596179
gi:17647155,gi:20130321,1,0.47635114701589937
gi:21357017,gi:21357387,1,0.4768775240979616
P04052,gi:24647779,1,0.4620754755092738
gi:19921162,gi:28573799,1,0.6696961795548196
gi:24640855,gi:30923711,1,0.9213358063037708
gi:24652897,gi:24659451,1,0.9998341651958875
Q9VXK0,gi:24641831,1,0.9888710261782596
gi:24649844,gi:24658993,1,0.269724575596179
gi:24583965,gi:24656168,1,0.9897447510807634
gi:24583360,gi:24663292,1,0.4504721092130105
P23696,gi:24643312,1,0.941563959042063
gi:17137710,gi:24665932,1,0.3288766497207673
gi:17933606,gi:17986155,1,0.4057322518230702
gi:21355535,gi:21355909,1,0.7083893327741972
gi:24647779,gi:24663031,1,0.42692207843524443
gi:24641480,gi:24762471,1,0.48855635555156235
gi:17647179,gi:19922620,1,0.7550373108298257
gi:17136864,gi:17647279,1,0.40522357348902877
gi:24650747,gi:24650914,1,0.5808573991191617
gi:24648592,gi:24762701,1,0.5342190671989998
gi:21357915,gi:24653057,1,0.5114115177141897
P41073,gi:28573590,1,0.49813757787597257
gi:21356121,gi:24646365,1,0.9338709357806769
gi:24643702,gi:24658772,1,0.9983622766208259
gi:24583965,gi:24641729,1,0.8290095356388222
gi:24655252,gi:24659194,1,0.22620117778141435
P23380,gi:24580815,1,0.6364897522028374
P32100,gi:20129527,1,0.8520279314075616
Q24167,gi:24665657,1,0.5798295792882568
O16130,gi:24640527,1,0.6044546099748522
P19538,gi:19922464,1,0.9778043164677415
Q8INW0,gi:24667876,1,0.9618873758394646
Q9W2M2,gi:28571412,1,0.2790362693947917
Q9Y0I1,gi:24654245,1,0.5709801147907655
gi:24585147,gi:24640817,1,0.46364933672393044
Q9XTM1,gi:24648329,1,0.688242894957506
gi:20130049,gi:24655850,1,0.9105457200522655
gi:20129055,gi:20129903,1,0.2794609716270164
gi:17136920,gi:24662650,1,0.8743300924729226
gi:21356595,gi:24658177,1,0.5204577536457422
gi:24645817,gi:24653649,1,0.7179564892132608
gi:17647979,gi:24645413,1,0.896692710661418
P22700,gi:17864566,1,0.8035152698798727
P92208,gi:24639601,1,0.41603214504320013
gi:20130417,gi:24665141,1,0.31909511144885117
gi:24649114,gi:24654854,1,0.8038481997871701
gi:20129301,gi:24655170,1,0.6785801137403709
gi:24652720,gi:24665095,1,0.40624113256651906
gi:19920896,gi:21357387,1,0.25169980408687587
O18373,gi:24644214,1,0.4631246342866618
gi:24650248,gi:24665172,1,0.6477227635868326
gi:21355811,gi:24641919,1,0.4300224791566088
gi:24647885,gi:24655153,1,0.9910379800310286
Q9XYM0,gi:24641578,1,0.5584459784979052
O76908,gi:17864622,1,0.5813710466028804
gi:17530825,gi:21357419,1,0.3498443399644219
gi:20128863,gi:21355683,1,0.6573703429775132
gi:24646073,gi:24655741,1,0.9688910485731421
P13097,gi:19920546,1,0.6024348089642767
gi:24667063,gi:28573010,1,0.7775093219476713
P32100,gi:21358631,1,0.6379531449117253
gi:21357669,gi:24653791,1,0.9024422012363089
gi:24649427,gi:24656275,1,0.5437437341478295
gi:20129061,gi:24648563,1,0.4384027770792988
gi:20130377,gi:24639782,1,0.6767363958181514
O96860,gi:24650084,1,0.9796133453366942
gi:24642517,gi:24649692,1,0.9342823325323746
gi:24642517,gi:24661140,1,0.966643003934551
P18502,gi:24660872,1,0.9433000941990654
gi:19920696,gi:24644880,1,0.8924814239483351
gi:18543183,gi:18859635,1,0.6664206646248669
Q9U3Z7,gi:21357953,1,0.38438835021546713
gi:24638718,gi:24646369,1,0.523616781269337
gi:19922418,gi:21356481,1,0.30947034608163926
P15330,gi:23397623,1,0.9988485073332108
Q9W3R7,gi:20129427,1,0.3081191892177415
gi:20129745,gi:28573893,1,0.9495353829496679
gi:24584798,gi:24665172,1,0.5584459784979052
gi:17137296,gi:24648401,1,0.7008505821546728
P19538,gi:24656802,1,0.9744934262718893
gi:17933704,gi:24661455,1,0.2705566590855738
Q01842,gi:24663462,1,0.9845942436312783
O46036,Q9VPS5,1,0.9975488161683881
gi:24581901,gi:24639782,1,0.9730752926265877
P55828,gi:24645300,1,0.9493327732288125
gi:24641555,gi:24656938,1,0.9740615976394977
P12613,gi:21355923,1,0.30947034608163926
gi:24647858,gi:24661136,1,0.4731940284073014
gi:17647645,gi:21357871,1,0.4295053575421735
gi:24639796,gi:24651703,1,0.5782865532268306
gi:24583803,gi:24650340,1,0.4731940284073014
gi:19920692,gi:24655759,1,0.7647256709227274
gi:19922708,gi:24642074,1,0.2614253303070255
gi:17864676,gi:28573717,1,0.2991224618188889
P48603,gi:17737302,1,0.7639655142351577
gi:24642172,gi:24654595,1,0.7260733333395897
gi:19921312,gi:21357781,1,0.9916764891352773
gi:24643118,gi:28573937,1,0.8768962593247502
gi:17136212,gi:24659237,1,0.9856802648167075
gi:24581944,gi:24643207,1,0.19513537572433676
gi:19920572,gi:24654441,1,0.7070799199123384
gi:19922252,gi:24645236,1,0.2889757857047761
gi:21358381,gi:28573662,1,0.48644755255988015
gi:24580806,gi:24581719,1,0.9597293278956068
P41375,gi:24656093,1,0.2524955080232646
gi:18543285,gi:28572057,1,0.9953920562083768
gi:24644950,gi:24645413,1,0.30856921131348064
gi:20130425,gi:24583312,1,0.6486851301264698
gi:17136258,gi:24641689,1,0.9988165206910479
gi:24638982,gi:28573195,1,0.46417411966134337
Q9XYN7,gi:24585358,1,0.6160804443365129
gi:24649519,gi:24652733,1,0.9278540433601925
Q9W1C9,gi:24642611,1,0.3950102666387321
P54622,gi:20128911,1,0.2798860693260834
gi:17137710,gi:24641919,1,0.49972016269899394
P43248,gi:17986155,1,0.4404819451724985
gi:19921672,gi:24642792,1,0.3288766497207673
gi:24640114,gi:24654578,1,0.2982384448729169
gi:21358077,gi:28573879,1,0.8446539500923629
O97067,gi:24666850,1,0.6701627786171899
gi:24646899,gi:28571565,1,0.40675021470660927
Q9VFC8,gi:24581719,1,0.9900020755309836
gi:24584494,gi:24650311,1,0.4509945185911777
gi:21356383,gi:24663672,1,0.3723948400618094
gi:24638625,gi:24647143,1,0.9732406511852402
gi:17137710,gi:28573954,1,0.46417411966134337
gi:17137692,gi:24646365,1,0.9787897949659545
gi:20128863,gi:24584547,1,0.9952027898065813
gi:24582306,gi:24654471,1,0.8504245861976478
gi:19920706,gi:21357861,1,0.555842781942213
gi:17136920,gi:23397623,1,0.97422105926308
gi:24650758,gi:24663500,1,0.2794609716270164
Q8SYG3,gi:24582283,1,0.4626000134988968
gi:19922030,gi:20130277,1,0.2991224618188889
Q9V597,gi:21357211,1,0.9762254159033892
gi:18859671,gi:24657153,1,0.47635114701589937
Q9VFP1,gi:24584673,1,0.24338125389360502
Q8INW0,gi:24640510,1,0.9946344381157516
gi:24647601,gi:28573576,1,0.4289883897510397
gi:20130425,gi:24585730,1,0.5813710466028804
gi:24582212,gi:24650358,1,0.6340451511728595
Q9W1C9,gi:24638995,1,0.5002476937852618
gi:21355851,gi:24581600,1,0.4970825401012719
P10041,gi:18543325,1,0.4284715768649996
P14734,gi:24584547,1,0.9607762623676808
P18459,gi:18543215,1,0.955492955138573
gi:24643595,gi:24659237,1,0.9152972773217164
gi:20128863,gi:24643447,1,0.9954210009326897
gi:24640566,gi:24641344,1,0.28940954340822506
gi:24642662,gi:24647143,1,0.7558170307073957
gi:19922186,gi:24654325,1,0.7008505821546728
gi:24582592,gi:24651599,1,0.8188074300892637
P50245,gi:24668018,1,0.23487178043810159
Q8INW0,gi:24646212,1,0.9959590829114158
gi:19920586,gi:24654162,1,0.21024755827425512
gi:24650469,gi:28571447,1,0.5927094647165868
gi:24641689,gi:28574284,1,0.9994190491482844
gi:24645528,gi:24655606,1,0.41705781396281055
P39413,gi:21357761,1,0.9968202954661566
gi:21357471,gi:21687222,1,0.2614253303070255
gi:21358025,gi:24640119,1,0.6482040973366078
Q24133,gi:24581939,1,0.9134525949427941
gi:17137692,gi:19922904,1,0.6019293100573035
gi:17136780,gi:19922668,1,0.3955146497551835
gi:24649564,gi:24655121,1,0.9628048832510236
gi:19920746,gi:24665193,1,0.568911287801405
gi:24649210,gi:24649895,1,0.2705566590855738
Q05856,gi:24582248,1,0.4965550303691921
Q9VQQ9,gi:24658719,1,0.6009176607425054
gi:24647786,gi:24663336,1,0.756206260074813
gi:24643447,gi:24645553,1,0.9355661127885498
P18502,gi:24644599,1,0.841864999042587
gi:19922260,gi:24651671,1,0.8384172455806288
gi:20128863,gi:24663462,1,0.9996145342939846
gi:17137572,gi:24662830,1,0.9465033834828543
gi:20128797,gi:20129835,1,0.9999934929303663
gi:21357951,gi:24646318,1,0.8498869652231933
gi:17137616,gi:21356595,1,0.9969895342389523
gi:24642363,gi:24657351,1,0.41654488919254296
gi:19922544,gi:24667554,1,0.30947034608163926
P00034,gi:24646827,1,0.8891639410389426
gi:19920984,gi:24645583,1,0.4626000134988968
gi:18859869,gi:21955276,1,0.7814987473078472
gi:19920620,gi:24641689,1,0.9399171729362193
Q9VHS2,gi:21358467,1,0.22657073512763554
gi:24650124,gi:24654595,1,0.9717645053216545
O62622,gi:17933528,1,0.5241431090536487
gi:17137758,gi:17648053,1,0.7466828053204454
gi:24644675,gi:24661625,1,0.9246596481008051
gi:18859825,gi:21357309,1,0.646759196370147
gi:24648095,gi:24657023,1,0.4284715768649996
gi:21355995,gi:28571878,1,0.21024755827425512
gi:19920936,gi:24582116,1,0.38438835021546713
gi:24584534,gi:24640353,1,0.8429854287407883
Q9W123,gi:21355617,1,0.4515170360227507
gi:24646729,gi:24659254,1,0.5699460066437073
gi:18859635,gi:24667246,1,0.8619381482568321
P42325,gi:24650126,1,0.31817886437248366
P50887,gi:28571823,1,0.7558170307073957
gi:21357187,gi:24652652,1,0.555842781942213
gi:24645653,gi:24648294,1,0.9303783692882095
gi:17136830,gi:24580815,1,0.8934896597242721
P82910,gi:28574851,1,0.9236241710809115
gi:17647503,gi:24650346,1,0.9705128597893137
gi:18859847,gi:24645300,1,0.41603214504320013
gi:24586614,gi:24643634,1,0.5663218759268285
P07187,gi:24641115,1,0.48592042425830684
Q02361,gi:24581719,1,0.9996185782752399
gi:21358201,gi:28574391,1,0.37190180118610394
gi:17933722,gi:28573181,1,0.32841107807292325
gi:17136536,gi:24661359,1,0.5209843787238614
gi:24643083,gi:28573278,1,0.8302026788116222
Q9VMT6,gi:24642922,1,0.23487178043810159
P52304,gi:24650933,1,0.6029400893911713
gi:24649996,gi:24667063,1,0.8606778148478881
gi:24585154,gi:24656769,1,0.3723948400618094
gi:17137524,gi:24656168,1,0.5336939691814582
gi:17137220,gi:24660872,1,0.6486851301264698
gi:24644948,gi:24652686,1,0.24299289161232193
gi:24585618,gi:24661359,1,0.9020700177812889
Q24206,gi:24667117,1,0.9585580105481473
gi:24643702,gi:24644242,1,0.9999380241017872
gi:19922950,gi:24649007,1,0.5103569557931482
gi:21356595,gi:28574950,1,0.8736328803044239
gi:19920688,gi:24649735,1,0.4970825401012719
gi:19920396,gi:24649473,1,0.7109977956151154
gi:21355869,gi:24653618,1,0.665951410542753
P21914,gi:24646972,1,0.5474057550900943
gi:17647757,gi:24661689,1,0.6270817888871933
Q9W1M8,gi:21358481,1,0.2524955080232646
gi:28573607,gi:28574635,1,0.48750189844128966
gi:21357505,gi:24645513,1,0.23487178043810159
Q9VHI4,gi:24648461,1,0.5678759669452562
gi:17647677,gi:28571815,1,0.2520974479366904
gi:18858205,gi:19921738,1,0.49813757787597257
P17886,gi:24643516,1,0.9984728044511703
P45437,gi:17647759,1,0.29956503309342614
gi:17137168,gi:21356221,1,0.8038481997871701
gi:17647755,gi:19921566,1,0.7285842197543599
gi:19923032,gi:24645883,1,0.44152231741611286
gi:18859939,gi:24662288,1,0.7654841310016038
gi:24646593,gi:28574443,1,0.6482040973366078
P17886,gi:24649262,1,0.8726981198582575
gi:24644133,gi:24650311,1,0.48644755255988015
gi:19921834,gi:21355521,1,0.3610430158705395
gi:17137296,gi:17864566,1,0.9172398744453004
gi:18859931,gi:28574909,1,0.22620117778141435
gi:19920406,gi:21357781,1,0.7105640143990507
gi:17647891,gi:24664191,1,0.512465978066035
gi:17136286,gi:24639936,1,0.38339018451578694
gi:17137758,gi:28574009,1,0.7639655142351577
gi:24653096,gi:24660075,1,0.4986651035699149
gi:24654111,gi:28571885,1,0.21811921688530922
gi:17648085,gi:24648858,1,0.2991224618188889
P11455,gi:24582746,1,0.993412283877534
gi:21357653,gi:24651212,1,0.9309231159081809
gi:24644051,gi:28573878,1,0.40675021470660927
gi:21358381,gi:24655606,1,0.41705781396281055
gi:17137696,gi:24640430,1,0.9907685503628338
gi:24581719,gi:24583724,1,0.9694062540703474
gi:17864162,gi:24649221,1,0.624116338718809
gi:24644119,gi:28572057,1,0.7967101869158126
gi:20129967,gi:21355325,1,0.5901600220441708
gi:18857949,gi:24639299,1,0.41705781396281055
gi:19922030,gi:24762779,1,0.5119387611722339
gi:24642125,gi:28574582,1,0.9082860474218984
Q9V597,gi:24640119,1,0.8520279314075616
gi:24650070,gi:24651156,1,0.2524955080232646
gi:24646928,gi:28573278,1,0.9865234715421036
gi:24638644,gi:24641946,1,0.3728881445229649
gi:24581314,gi:24656820,1,0.8509606193698457
gi:20129903,gi:28573590,1,0.6692292462132218
O16797,gi:19921458,1,0.9864953888027327
P14785,gi:24762775,1,0.31909511144885117
P25992,gi:24665821,1,0.2889757857047761
gi:24583134,gi:24640005,1,0.5342190671989998
gi:17647383,gi:24667089,1,0.955492955138573
gi:24580513,gi:24663292,1,0.9495353829496679
gi:20129835,gi:24656355,1,0.623621184270228
P18289,gi:24655153,1,0.9584741056417306
gi:17864100,gi:24645148,1,0.5916902784241331
gi:17647645,gi:24585372,1,0.2520974479366904
gi:17137026,gi:24658822,1,0.21811921688530922
gi:24641732,gi:24650168,1,0.7565950688138876
gi:18859891,gi:24667917,1,0.8051756537590354
gi:24639748,gi:24648905,1,0.2790362693947917
gi:17737805,gi:19920396,1,0.475824822465761
P10987,gi:21357275,1,0.9096826179652983
gi:22024283,gi:24656938,1,0.982012672695705
gi:24665565,gi:24665583,1,0.9287202013494751
Q24547,gi:17737503,1,0.5927094647165868
Q9V727,gi:21358465,1,0.19513537572433676
Q06559,gi:24585626,1,0.8904397505666983
P07666,gi:21358297,1,0.7719241338133463
Q9VPS5,gi:19921472,1,0.7171011244850488
gi:24661601,gi:26080455,1,0.19513537572433676
gi:17137648,gi:24650259,1,0.3293425577179446
gi:24655187,gi:24662048,1,0.9814769820623911
gi:24639448,gi:24663462,1,0.9950180016538165
gi:19922516,gi:20129481,1,0.7096952954903113
gi:24641798,gi:24646729,1,0.5347440893910714
P02824,gi:28572129,1,0.9950057884924741
gi:17136624,gi:18859977,1,0.3620171589930397
P13097,gi:24654828,1,0.7281667429877973
P10041,gi:24643140,1,0.49919263223573096
gi:24586270,gi:24663228,1,0.8889558144209907
gi:17137616,gi:24638591,1,0.9929528818552648
gi:20128797,gi:21358423,1,0.9989041502517337
gi:19920692,gi:24642662,1,0.7381421861901231
gi:17137620,gi:21357129,1,0.568393702081657
gi:17647503,gi:24658155,1,0.6559431068976144
P23696,gi:28573410,1,0.7166728535982447
gi:24580731,gi:24581465,1,0.9164354335150086
gi:20128841,gi:24651236,1,0.6486851301264698
P20480,gi:24581791,1,0.20258637313755706
gi:19920696,gi:24647689,1,0.6340451511728595
P41094,gi:28574851,1,0.6706290427214929
gi:21357903,gi:24648828,1,0.993698225289376
gi:17648021,gi:24585943,1,0.5315928419235562
gi:24585499,gi:24649942,1,0.4626000134988968
gi:19921778,gi:24657052,1,0.6808769521670589
gi:17136820,gi:17137454,1,0.5579255914195972
P48588,gi:20130045,1,0.3293425577179446
gi:18859679,gi:24640525,1,0.3620171589930397
gi:19921250,gi:24650186,1,0.4042068280916938
gi:18858039,gi:24658696,1,0.21024755827425512
gi:24642555,gi:24647498,1,0.2798860693260834
gi:24585282,gi:24655153,1,0.9288597631539975
gi:24649755,gi:24662231,1,0.4742461756417152
gi:17136968,gi:19921946,1,0.5093023016806608
gi:24580914,gi:24647058,1,0.5241431090536487
gi:20128841,gi:24665950,1,0.7105640143990507
Q9VGX3,gi:17137344,1,0.8457582397140315
P52485,gi:24650377,1,0.4520396603776108
gi:24581155,gi:28573544,1,0.45256239052470076
gi:19921294,gi:24581854,1,0.4520396603776108
gi:22024244,gi:24640672,1,0.7070799199123384
gi:24642321,gi:24661432,1,0.19513537572433676
gi:24581578,gi:28574406,1,0.7708077074757275
gi:24649007,gi:24665583,1,0.9922021379805445
gi:24645553,gi:24652930,1,0.9164354335150086
P91943,gi:21358455,1,0.33975488478365257
gi:19920436,gi:28574939,1,0.6701627786171899
gi:17738153,gi:24645339,1,0.48750189844128966
gi:17137578,gi:24645058,1,0.6014235936546437
gi:24654498,gi:24655406,1,0.20258637313755706
P17205,gi:24643312,1,0.8634378945340203
gi:19920906,gi:24647343,1,0.7200880158492433
P09491,gi:24650248,1,0.884253977133747
Q9VSS2,gi:17137572,1,0.9592234337604923
gi:21355869,gi:24666619,1,0.8438215051943813
Q06559,gi:24584056,1,0.956572014091531
gi:24657747,gi:24666694,1,0.8268553483550284
gi:24648917,gi:26080381,1,0.8565367728198511
gi:19921244,gi:24762594,1,0.5579255914195972
gi:24581901,gi:28574529,1,0.9447495580619989
gi:19922640,gi:19922906,1,0.5103569557931482
gi:24581719,gi:24585033,1,0.9924616860062662
P02518,gi:21355125,1,0.7734067332132954
gi:24642484,gi:24654383,1,0.9441962472300981
P91938,gi:28572057,1,0.556363671258815
gi:17137026,gi:24583965,1,0.8814166521211871
gi:17647645,gi:24651339,1,0.646759196370147
gi:17137398,gi:24583518,1,0.2606112964508466
P35005,gi:24658363,1,0.24338125389360502
P15330,gi:17137444,1,0.8025139194918126
gi:20129705,gi:24584017,1,0.5119387611722339
P21461,P50882,1,0.8104711813864007
gi:17136810,gi:21355383,1,0.5901600220441708
gi:24649579,gi:24651703,1,0.7079532445492872
gi:24585795,gi:24640233,1,0.9245125162098597
O97067,gi:28573662,1,0.8578283788811649
gi:18858161,gi:24662713,1,0.8947215723536802
P16371,gi:24652762,1,0.8262503202571894
gi:19921326,gi:24656267,1,0.6706290427214929
Q9XTM1,gi:22026966,1,0.624116338718809
gi:17136826,gi:24668650,1,0.4042068280916938
gi:18858161,gi:24646440,1,0.9818629734126599
O46036,gi:19920696,1,0.9978735234938294
gi:24641125,gi:24649025,1,0.5921999707134131
P07187,gi:21356799,1,0.5916902784241331
gi:18921171,gi:24663292,1,0.6895995479390581
gi:17137732,gi:24641831,1,0.9945091312718803
gi:24649114,gi:24665469,1,0.7290012939827666
gi:24641831,gi:28571762,1,0.9976564539951465
gi:18543285,gi:21355081,1,0.8908507866716607
P48609,gi:17647293,1,0.29956503309342614
gi:18860055,gi:24642233,1,0.6999650194437866
gi:17864566,gi:24642670,1,0.6014235936546437
gi:24583894,gi:24662155,1,0.6696961795548196
Q9VPS5,gi:24642826,1,0.6231257714262273
gi:24582224,gi:24646884,1,0.5584459784979052
gi:18859969,gi:24647779,1,0.42692207843524443
O46036,gi:24646758,1,0.6115787745702528
gi:24645058,gi:24649158,1,0.9920510563581172
gi:18859869,gi:24656694,1,0.38339018451578694
gi:23308611,gi:24657052,1,0.8041807030471312
gi:19920696,gi:20128847,1,0.72649281753163
P29310,gi:24641718,1,0.6231257714262273
O18404,gi:24581499,1,0.44152231741611286
gi:17136536,gi:24585813,1,0.4626000134988968
gi:19922100,gi:24582516,1,0.7466828053204454
Q24564,gi:18921145,1,0.9706433860360308
gi:24639812,gi:24645724,1,0.6275751095024333
gi:24584415,gi:24645724,1,0.3950102666387321
P08840,gi:24652101,1,0.4499498090174188
gi:17136968,gi:24586371,1,0.6790401776611327
gi:17136914,gi:24582094,1,0.556363671258815
Q23985,gi:24580817,1,0.9864953888027327
gi:24581572,gi:24648101,1,0.6873366602510026
gi:21356031,gi:24580965,1,0.5574050771117391
gi:24642363,gi:24642697,1,0.3493645374227344
Q9W0K7,gi:21356595,1,0.624611233872572
P19109,gi:24663043,1,0.7977335480485132
P91938,gi:24655228,1,0.6350238284818226
gi:24584167,gi:24586585,1,0.568393702081657
gi:21357455,gi:28573666,1,0.33928169865193414
gi:17975518,gi:28574582,1,0.8081918511392675
gi:21356117,gi:24582283,1,0.49813757787597257
gi:19920916,gi:24656312,1,0.2610181081278827
Q9XYP8,gi:20130313,1,0.22657073512763554
gi:24639195,gi:24641831,1,0.985257254019776
gi:21355163,gi:24651377,1,0.5574050771117391
P07183,gi:24643156,1,0.6981894103974287
gi:24638750,gi:24640211,1,0.6355127495373076
gi:19922640,gi:24581429,1,0.8691001624583095
P18502,gi:24762491,1,0.9156238925868052
gi:24646223,gi:24668302,1,0.23487178043810159
P19538,gi:20129741,1,0.9614205082558479
gi:17737551,gi:28573604,1,0.7096952954903113
P40427,gi:24640689,1,0.6687619792736984
P08181,gi:24580815,1,0.6687619792736984
gi:22026831,gi:24646365,1,0.9245125162098597
P36241,Q24117,1,0.9270019167753355
gi:17137108,gi:24649175,1,0.3293425577179446
Q9VVA8,gi:24654769,1,0.21811921688530922
gi:21356945,gi:24641921,1,0.4731940284073014
Q24475,gi:17737759,1,0.33928169865193414
Q9NGC3,gi:21955276,1,0.756206260074813
gi:20129565,gi:24645184,1,0.40675021470660927
gi:20128797,gi:24646972,1,0.9996490690529266
gi:19921312,gi:24583919,1,0.985379354783375
P13097,gi:18543289,1,0.9797812302304265
gi:24655703,gi:28573729,1,0.4394420954403789
P25843,gi:21358131,1,0.46522392243561744
gi:20128841,gi:28573278,1,0.9642991267429224
gi:22024283,gi:24643303,1,0.9881934877245763
gi:21357227,gi:24663127,1,0.2705566590855738
gi:24644797,gi:24663344,1,0.948308124916594
O61348,gi:19920776,1,0.9191679086590238
gi:24580523,gi:24585681,1,0.33880883335984435
gi:24663657,gi:24668206,1,0.7893804791924228
gi:24642484,gi:24668006,1,0.7389570907536329
Q23985,gi:28574695,1,0.8299050153002681
gi:21357711,gi:24657747,1,0.9333477715149704
Q9W2N0,gi:24644242,1,0.886855680456386
gi:24585158,gi:24649007,1,0.6482040973366078
gi:21356365,gi:24585071,1,0.2520974479366904
gi:24646073,gi:28573563,1,0.9811675795534632
gi:24645419,gi:24665657,1,0.4737200728516752
gi:19921294,gi:28573495,1,0.41705781396281055
gi:24641209,gi:24641919,1,0.5347440893910714
P48555,gi:28574997,1,0.46417411966134337
Q9VTE5,gi:24645921,1,0.35080485670035144
O77051,Q06559,1,0.9953726586216516
gi:21358247,gi:24640785,1,0.8184941575367906
gi:24642814,gi:24651185,1,0.7800540368381974
P41092,gi:19921710,1,0.9271445789637077
gi:17136994,gi:28571569,1,0.21024755827425512
gi:19921002,gi:19921312,1,0.9979839850853708
gi:24650346,gi:28571891,1,0.9576974126637585
Q9VGX3,gi:24642517,1,0.9905142468323729
gi:24644250,gi:24654383,1,0.9920177072929531
gi:18859703,gi:24658229,1,0.6374656299703813
gi:20129291,gi:24646073,1,0.9793589557372088
gi:20428641,gi:24647905,1,0.9310586847095931
gi:20129385,gi:24665205,1,0.3620171589930397
O61443,gi:24645148,1,0.6256002427085361
gi:24643761,gi:24658567,1,0.9907685503628338
P11147,gi:24658772,1,0.9878901836198312
gi:24641045,gi:28558744,1,0.7442805849450052
gi:17864622,gi:24659237,1,0.9430739513241629
gi:24649158,gi:24652557,1,0.5199310830985445
gi:24582499,gi:24666972,1,0.18789384875128695
gi:19920940,gi:24580729,1,0.19513537572433676
gi:21356265,gi:28571831,1,0.6379531449117253
gi:24584067,gi:24642233,1,0.4626000134988968
gi:24646908,gi:24653270,1,0.38438835021546713
gi:18859953,gi:24654782,1,0.7658627244808087
gi:19923016,gi:24661359,1,0.5209843787238614
gi:24583279,gi:24584782,1,0.2889757857047761
gi:21357311,gi:24654530,1,0.4295053575421735
gi:17137156,gi:17137558,1,0.2610181081278827
Q960E8,gi:21356995,1,0.5678759669452562
P17917,gi:24642916,1,0.3402283910271144
gi:21356965,gi:24655293,1,0.29868026557648025
gi:17647653,gi:24647060,1,0.37338171368508716
gi:17647179,gi:24659451,1,0.9084616747048712
gi:24655474,gi:28574992,1,0.5911803888683651
gi:17137568,gi:24581314,1,0.6130814895077854
gi:17865634,gi:24638845,1,0.9324229771550689
gi:21357653,gi:24650873,1,0.5093023016806608
gi:24661359,gi:28573975,1,0.556363671258815
gi:19922172,gi:21356743,1,0.8719931791385771
gi:24640785,gi:24662143,1,0.4410020665348054
gi:20130169,gi:21355349,1,0.3090195971223799
gi:22024141,gi:24640510,1,0.7973928555480916
gi:24646273,gi:24656161,1,0.3402283910271144
gi:21358101,gi:28571787,1,0.4731940284073014
gi:24647137,gi:24649795,1,0.8304999278066709
P06002,gi:24639573,1,0.33928169865193414
gi:17737425,gi:24638609,1,0.9129508232843125
P35220,gi:21355911,1,0.3293425577179446
gi:18543285,gi:24641014,1,0.9892365137667944
gi:17647939,gi:24651238,1,0.6165794198350218
P46824,gi:21356727,1,0.832863022030542
gi:24647638,gi:24660826,1,0.38289146943458485
gi:17530833,gi:24584039,1,0.6039499908762794
gi:17137620,gi:24649087,1,0.6687619792736984
O77051,gi:20129397,1,0.42692207843524443
gi:21355163,gi:22026831,1,0.9024422012363089
gi:19922144,gi:24666619,1,0.7281667429877973
gi:21357023,gi:28571865,1,0.6140821066562177
gi:17136884,gi:21355471,1,0.21847929837228713
gi:21356391,gi:24583557,1,0.33975488478365257
gi:21356713,gi:24661336,1,0.2798860693260834
O44437,P13060,1,0.6873366602510026
gi:24641831,gi:24651281,1,0.9775741779076722
gi:24648150,gi:24668309,1,0.4737200728516752
gi:17986113,gi:24655577,1,0.9469291586651574
O44424,gi:24658927,1,0.7550373108298257
gi:17530833,gi:24581429,1,0.5813710466028804
O77259,gi:21357023,1,0.5093023016806608
gi:21355717,gi:24645855,1,0.3610430158705395
P02828,gi:24645581,1,0.7814987473078472
gi:24645887,gi:24654144,1,0.5589662372351882
P11147,gi:20129579,1,0.9445288562956261
P19538,gi:18858189,1,0.9707034539428724
gi:24664199,gi:24665221,1,0.3929949782350923
gi:17530957,gi:28574529,1,0.6687619792736984
gi:17136488,gi:17864398,1,0.28940954340822506
gi:24660188,gi:28572977,1,0.3723948400618094
P13238,gi:21357761,1,0.997241242739629
P29310,gi:24641085,1,0.7953397139105416
Q24133,gi:28573795,1,0.6877899571565597
P13060,gi:18858137,1,0.9831032206314543
Q24320,gi:17737551,1,0.35080485670035144
P45890,gi:24642794,1,0.4274384201286716
gi:19920380,gi:24583965,1,0.8814166521211871
gi:20129901,gi:24641831,1,0.9968864815281396
gi:24585242,gi:24639988,1,0.9663583749986734
gi:28573347,gi:28574764,1,0.4404819451724985
gi:24582264,gi:24644719,1,0.19513537572433676
gi:21356361,gi:22024283,1,0.8657025438540886
gi:24641790,gi:24668631,1,0.7171011244850488
gi:21358599,gi:24666434,1,0.4747723356156669
gi:24583345,gi:24661359,1,0.5209843787238614
gi:24585156,gi:24639964,1,0.6231257714262273
gi:20129603,gi:28571831,1,0.31909511144885117
gi:17137658,gi:28574893,1,0.27014041554724594
gi:24653422,gi:28573830,1,0.2344927883985483
gi:19921312,gi:24653894,1,0.9706433860360308
gi:21356859,gi:24646369,1,0.3503244466504934
P35005,gi:24651920,1,0.30856921131348064
gi:20128847,gi:24657747,1,0.46364933672393044
gi:17352479,gi:21358129,1,0.7550373108298257
gi:17137298,gi:24582283,1,0.49813757787597257
Q9VTJ4,gi:24664979,1,0.41705781396281055
gi:17136556,gi:24646369,1,0.31863681258735244
gi:24642884,gi:28573173,1,0.9871045420716966
gi:21355205,gi:21356549,1,0.22620117778141435
gi:17137636,gi:24658681,1,0.22620117778141435
gi:19922440,gi:24585158,1,0.5474057550900943
gi:21358603,gi:24643437,1,0.3081191892177415
gi:17136732,gi:28573491,1,0.7438787643055756
gi:17648053,gi:24581879,1,0.7967101869158126
gi:21687206,gi:24641860,1,0.47635114701589937
gi:17137616,gi:24582088,1,0.8219683275725232
gi:21356363,gi:24641148,1,0.5788010666785232
gi:24582383,gi:24647609,1,0.966013682851396
gi:21356727,gi:23308611,1,0.9577828177890534
gi:21356337,gi:21358323,1,0.8825149872285007
Q24186,gi:28574939,1,0.4295053575421735
gi:17137454,gi:28573125,1,0.8745617635100723
gi:21355099,gi:21357417,1,0.667358183717487
gi:24581686,gi:28571863,1,0.31909511144885117
gi:21355395,gi:24662973,1,0.2606112964508466
gi:24654595,gi:28574443,1,0.9675825367722578
gi:21356995,gi:24640704,1,0.8932886810485309
P92208,gi:24652907,1,0.41603214504320013
gi:19922874,gi:24581939,1,0.3498443399644219
gi:24584736,gi:24662048,1,0.8443768715331279
gi:21955276,gi:24666524,1,0.9613291332297932
gi:24644498,gi:24652652,1,0.8570545835780266
Q24407,gi:24647233,1,0.3288766497207673
gi:24585240,gi:24648294,1,0.9534609424413445
Q9VSS7,gi:18543289,1,0.7373256419914825
gi:21357817,gi:28573486,1,0.9808531097066658
gi:20129853,gi:24584009,1,0.40675021470660927
gi:24580804,gi:24650747,1,0.5808573991191617
P32100,gi:19920876,1,0.7008505821546728
gi:19922992,gi:21357903,1,0.9611719378376493
Q02361,gi:19922196,1,0.7879737433054175
Q8T053,gi:20129291,1,0.9843956324518635
Q8IGR0,gi:24641790,1,0.9872381547806915
P19538,gi:24582522,1,0.9663697713624437
P08570,Q94514,1,0.8616868499650464
gi:19920696,gi:21357621,1,0.6340451511728595
gi:24582962,gi:24646510,1,0.269724575596179
gi:24645175,gi:24668321,1,0.3288766497207673
gi:17981755,gi:24665229,1,0.42692207843524443
gi:24582339,gi:24646611,1,0.8114416645477411
gi:20129907,gi:24640785,1,0.5119387611722339
gi:17137296,gi:18921125,1,0.36055637209382824
P55828,gi:24654934,1,0.9420266388080577
gi:17137760,gi:21356741,1,0.7377341188998534
gi:17136732,gi:17864630,1,0.965944336664863
gi:24583873,gi:24655577,1,0.8111185946677181
gi:20129745,gi:24650284,1,0.8120865313717807
gi:24638954,gi:30923711,1,0.5103569557931482
P20354,gi:24640435,1,0.4768775240979616
gi:19921504,gi:24582306,1,0.5777718697576569
P82910,gi:24665583,1,0.9997767134867553
gi:24651247,gi:24659237,1,0.9669815316123955
gi:24643130,gi:24651173,1,0.25169980408687587
gi:24648294,gi:24657689,1,0.8504245861976478
gi:24583332,gi:24586562,1,0.9395387678871392
gi:17136294,gi:24643151,1,0.8840378330733444
gi:24655053,gi:24662650,1,0.8127297017465704
gi:20130175,gi:24650263,1,0.6895995479390581
gi:24652071,gi:24660416,1,0.8101468377557576
gi:20128797,gi:21955276,1,0.9999522074245051
gi:24645058,gi:28574539,1,0.8250352574671526
Q9VG82,gi:24661685,1,0.7377341188998534
gi:20129381,gi:24653096,1,0.6039499908762794
gi:21357311,gi:24762669,1,0.6054631799987537
gi:24642476,gi:24645425,1,0.4631246342866618
gi:20428641,gi:24639687,1,0.9310586847095931
gi:17864572,gi:24661826,1,0.4300224791566088
gi:20129745,gi:24642852,1,0.5098296396745938
gi:24650084,gi:24762755,1,0.5916902784241331
Q961V5,gi:21357875,1,0.521510957166512
gi:17137224,gi:21358161,1,0.9745371242946345
gi:19920706,gi:21355077,1,0.5204577536457422
gi:24646581,gi:24667089,1,0.6559431068976144
P48148,gi:28571791,1,0.3402283910271144
gi:20128797,gi:24652434,1,0.9993798007796444
gi:21356927,gi:24666323,1,0.9205677306683762
gi:21355125,gi:21357363,1,0.48644755255988015
P22058,gi:24648461,1,0.906124964153293
P29310,gi:28573563,1,0.9990367144755707
gi:17737302,gi:19921306,1,0.65926890190031
gi:20129835,gi:21357211,1,0.998591302101408
gi:17933748,gi:21356873,1,0.49919263223573096
gi:21358351,gi:24586535,1,0.19513537572433676
P13098,P16371,1,0.5336939691814582
gi:17647939,gi:21357743,1,0.4295053575421735
gi:19921812,gi:20129291,1,0.7851397065297625
gi:21356595,gi:24660746,1,0.6573703429775132
P48148,gi:20129101,1,0.23487178043810159
Q9VCR6,gi:24653385,1,0.9933428765689357
P07187,Q9XTL9,1,0.6256002427085361
gi:24653385,gi:24655741,1,0.9996634482340544
gi:24639603,gi:28573440,1,0.23487178043810159
gi:19921778,gi:24653350,1,0.9750127001376017
P18824,Q24178,1,0.269724575596179
P36241,Q9VQQ9,1,0.9055851005162151
gi:24644242,gi:24656270,1,0.7936169900071883
gi:24638774,gi:28574707,1,0.6260943546024416
Q9V564,gi:24645942,1,0.4976100563283039
P48461,gi:19920572,1,0.3723948400618094
P07207,gi:24580900,1,0.8631888927696456
Q9NJH0,gi:28571396,1,0.9906715505844106
gi:24640510,gi:24643702,1,0.9932303110265388
P45890,gi:24654550,1,0.568911287801405
P23023,gi:24582339,1,0.9907878300742887
gi:18859825,gi:21356587,1,0.5087749429840783
gi:24648682,gi:28574707,1,0.48644755255988015
gi:24640855,gi:28574115,1,0.6145820545602858
gi:21357275,gi:24663657,1,0.851761696971497
gi:20129579,gi:24646430,1,0.5103569557931482
P10987,gi:24655228,1,0.993412283877534
Q9XTM1,gi:24658110,1,0.688242894957506
Q9VNH6,gi:20129131,1,0.3728881445229649
gi:21355851,gi:24660308,1,0.4970825401012719
gi:19921002,gi:24668026,1,0.4509945185911777
gi:17647335,gi:18859825,1,0.5442671790194767
gi:19920570,gi:21357653,1,0.4737200728516752
Q94899,gi:24641790,1,0.7450829838711764
gi:24643729,gi:24657782,1,0.7542559106885245
Q9VZS3,gi:20129527,1,0.5103569557931482
Q9W5R8,gi:21357951,1,0.7462834726239771
Q9W5R8,gi:21356743,1,0.994484114601574
gi:24580996,gi:28573729,1,0.40471509857545473
O18373,gi:17864100,1,0.30947034608163926
O96860,gi:24639632,1,0.6767363958181514
gi:24581983,gi:24642814,1,0.3728881445229649
P20227,P49847,1,0.28940954340822506
gi:17137692,gi:24662288,1,0.8626897430695967
gi:24585795,gi:28573310,1,0.9767582232970679
Q9V558,gi:28574949,1,0.2606112964508466
Q9VQQ9,Q9VXX8,1,0.9055851005162151
P10987,gi:28574049,1,0.5432201926344257
gi:20129257,gi:24640973,1,0.48644755255988015
gi:24586252,gi:24654636,1,0.3407022166520228
gi:19922554,gi:24654934,1,0.4747723356156669
gi:24640482,gi:24649078,1,0.30947034608163926
gi:21357211,gi:24649904,1,0.9458586740087588
gi:18859807,gi:24582283,1,0.7290012939827666
Q9VJE4,gi:17864162,1,0.624116338718809
gi:18543289,gi:24649158,1,0.9853743027519932
gi:19921778,gi:24642517,1,0.9890780970255652
P54185,gi:24641831,1,0.98049317492331
P00034,gi:24665661,1,0.9395387678871392
P08570,gi:24639333,1,0.6335553966249884
gi:24652682,gi:26080381,1,0.5548006361080196
gi:21357009,gi:22024201,1,0.4404819451724985
gi:17137168,gi:24643817,1,0.7550373108298257
gi:24647609,gi:28573310,1,0.9916036107820223
gi:21356265,gi:23308611,1,0.8932886810485309
gi:21356383,gi:24638750,1,0.8253396494522379
gi:24663556,gi:28574249,1,0.8127297017465704
gi:21355869,gi:24580804,1,0.8025139194918126
gi:21358471,gi:28573466,1,0.8293084439155396
gi:24585516,gi:24665160,1,0.3823930007709409
Q06559,gi:24642363,1,0.9875575840027874
gi:24582628,gi:24641555,1,0.9231764110462739
gi:24644675,gi:24665154,1,0.812408328554639
P35220,gi:28571205,1,0.2705566590855738
gi:24652897,gi:28573597,1,0.8490775517004022
gi:24585405,gi:28572059,1,0.35080485670035144
gi:24582306,gi:28574284,1,0.9950267162967013
gi:17986113,gi:24644093,1,0.9420266388080577
gi:21355377,gi:24663504,1,0.2524955080232646
Q27268,gi:24655153,1,0.9288597631539975
P18502,gi:19922030,1,0.925996055417357
gi:20130049,gi:24650202,1,0.9309231159081809
gi:24582746,gi:28574635,1,0.9057653633549494
gi:24582096,gi:24650025,1,0.48644755255988015
gi:24665297,gi:24665469,1,0.8262503202571894
gi:17136968,gi:19920808,1,0.7377341188998534
gi:24581719,gi:24643578,1,0.9824605721259512
Q9V557,gi:17136762,1,0.20258637313755706
gi:24642547,gi:30923711,1,0.884469770968776
gi:17137616,gi:24652897,1,0.9998859248868994
P02517,Q9VC27,1,0.4279549199645075
gi:18859693,gi:24642517,1,0.9425048811895536
P49905,gi:17647867,1,0.5777718697576569
gi:24646940,gi:24663027,1,0.5087749429840783
gi:24654832,gi:28571815,1,0.23487178043810159
gi:17136748,gi:28573207,1,0.5453137742852792
gi:21357023,gi:24583067,1,0.9806072177509505
P46824,gi:24643134,1,0.37190180118610394
gi:24644093,gi:28574744,1,0.555842781942213
gi:18859749,gi:24657216,1,0.24338125389360502
gi:24644592,gi:28574432,1,0.6808769521670589
gi:24582516,gi:24650208,1,0.7377341188998534
Q94514,gi:24639740,1,0.5937278537945282
P02844,gi:24584835,1,0.8299050153002681
gi:19920706,gi:24640289,1,0.5906703030673954
gi:24638845,gi:24646737,1,0.9887504152489829
gi:21358323,gi:24647638,1,0.6270817888871933
P18502,gi:24655003,1,0.8599169955815451
gi:21357113,gi:24642852,1,0.4515170360227507
gi:19920464,gi:24652733,1,0.6029400893911713
gi:21357817,gi:24661811,1,0.9561316027369028
gi:24644870,gi:26080381,1,0.5896495468232908
gi:19921660,gi:28573264,1,0.69907796081609
P29310,Q9XTM1,1,0.993698225289376
gi:20129903,gi:24650420,1,0.7188102818084728
gi:20129893,gi:24639715,1,0.9805737292430815
gi:20130175,gi:24583264,1,0.7192365875384108
gi:24649183,gi:24652344,1,0.9173999149079005
gi:19922798,gi:21358247,1,0.9663583749986734
gi:22023983,gi:24584913,1,0.2614253303070255
O18373,Q9VGI8,1,0.3615299451148602
gi:24659254,gi:28571504,1,0.2991224618188889
P10090,gi:24666886,1,0.38289146943458485
Q9VRL3,gi:28573544,1,0.2520974479366904
gi:24644797,gi:28571445,1,0.9936050514064287
gi:20128911,gi:21357019,1,0.3503244466504934
gi:18859939,gi:24583803,1,0.9100287553016662
gi:19921586,gi:24582182,1,0.2790362693947917
P82910,gi:21355869,1,0.9988485073332108
gi:24644642,gi:24656355,1,0.40522357348902877
gi:21357481,gi:24642950,1,0.38438835021546713
gi:24586242,gi:24650294,1,0.3407022166520228
P08570,gi:24666567,1,0.665951410542753
gi:24650311,gi:24660815,1,0.4509945185911777
gi:20130261,gi:21356235,1,0.7558170307073957
gi:21358507,gi:24655153,1,0.9188537962804227
gi:19920926,gi:24667063,1,0.8768962593247502
gi:21355873,gi:24645425,1,0.5694287230173659
gi:17136826,gi:18859855,1,0.4389223692854569
gi:21356285,gi:24655644,1,0.32980880139069724
gi:24643312,gi:24663283,1,0.49919263223573096
P82910,gi:24645883,1,0.8557571297658659
gi:17647503,gi:20129731,1,0.7171011244850488
Q8IN81,gi:23397621,1,0.7088250376478972
Q9V422,gi:24638894,1,0.3610430158705395
gi:24584828,gi:24651179,1,0.6477227635868326
gi:23397524,gi:24647885,1,0.9105457200522655
P29310,gi:28574875,1,0.9416799526537737
Q27368,gi:17136994,1,0.23487178043810159
P17276,gi:21355775,1,0.6335553966249884
gi:21356595,gi:24662431,1,0.9860623390198688
gi:21355865,gi:28573278,1,0.8493477541900315
gi:20130017,gi:24648281,1,0.48750189844128966
gi:18858209,gi:24656959,1,0.38438835021546713
Q9W088,gi:28574582,1,0.8293084439155396
Q06559,gi:24648484,1,0.9965156906886515
gi:21356337,gi:24663292,1,0.9845247571594853
gi:24583256,gi:24649007,1,0.40471509857545473
gi:24581484,gi:24639782,1,0.9389366459794957
P17276,gi:24658069,1,0.7534728318273323
gi:24581976,gi:24663336,1,0.8262503202571894
gi:24654872,gi:24668623,1,0.40624113256651906
gi:24583965,gi:24659953,1,0.952706118905709
gi:17864162,gi:24648484,1,0.9806473046923974
gi:17933748,gi:19920932,1,0.4284715768649996
gi:24582339,gi:28574875,1,0.9100287553016662
Q9VPS5,gi:24648319,1,0.6559431068976144
gi:24641732,gi:28573563,1,0.9568342316914713
P21461,gi:24645182,1,0.7360977565067732
P50887,gi:28571831,1,0.7285842197543599
gi:24649976,gi:24661428,1,0.3945061069561947
Q9VPS5,gi:24639740,1,0.8879100450001196
Q27268,gi:24648668,1,0.41808420117628076
gi:19922196,gi:24644250,1,0.7550373108298257
gi:24647100,gi:24648828,1,0.8181804636239248
gi:24639711,gi:24660416,1,0.7356876440870845
gi:17864244,gi:24645053,1,0.556363671258815
Q9VCZ8,gi:28571789,1,0.3090195971223799
gi:18543225,gi:18859903,1,0.32980880139069724
gi:24641689,gi:24647897,1,0.9885610898422046
gi:17933624,gi:28571147,1,0.45308522533203444
gi:17738103,gi:21356595,1,0.5906703030673954
gi:24643634,gi:24654383,1,0.9965881954469363
P15330,P23023,1,0.9987357325581373
gi:19922328,gi:24643879,1,0.21811921688530922
gi:21357547,gi:24583222,1,0.4626000134988968
gi:19922166,gi:24648484,1,0.8738656512213402
P02517,gi:24582383,1,0.8938906170402159
gi:24642876,gi:24655187,1,0.5798295792882568
Q24570,gi:24656486,1,0.8621890629913107
gi:24650984,gi:24653484,1,0.23487178043810159
gi:17136286,gi:22024004,1,0.28854241412290604
gi:24584372,gi:24642267,1,0.7478783093740051
P48554,gi:30923711,1,0.5808573991191617
gi:24645650,gi:24648858,1,0.2991224618188889
Q24141,gi:24665950,1,0.8446539500923629
gi:23308611,gi:28571176,1,0.69907796081609
P47938,gi:24584030,1,0.6374656299703813
Q9VYH3,gi:24645778,1,0.22657073512763554
gi:24584043,gi:24762471,1,0.8247304476521063
gi:24642134,gi:24657747,1,0.7298342334464777
Q24400,gi:24660872,1,0.7377341188998534
gi:17352479,gi:24642303,1,0.6355127495373076
gi:21358161,gi:24582962,1,0.7726662865401834
gi:19920906,gi:24665661,1,0.7890294379006173
gi:24660555,gi:24762367,1,0.3407022166520228
P18502,gi:23308611,1,0.9960013233991359
P16371,gi:21356117,1,0.49813757787597257
P07183,gi:24649859,1,0.6350238284818226
gi:24652373,gi:24663726,1,0.23487178043810159
P25867,gi:20129061,1,0.8514950670111249
Q09024,gi:20128797,1,0.9989041502517337
Q05856,gi:24643110,1,0.9787897949659545
O46106,gi:24651303,1,0.9767582232970679
gi:19920622,gi:28571823,1,0.5709801147907655
Q24475,gi:24647885,1,0.812408328554639
gi:21357711,gi:24584043,1,0.9964254069595333
gi:18859859,gi:18859961,1,0.6029400893911713
gi:24655121,gi:24663556,1,0.9360730575228479
gi:24650088,gi:24656431,1,0.4389223692854569
P02307,gi:19920682,1,0.4300224791566088
gi:21355815,gi:22026816,1,0.4175709183069264
gi:24639496,gi:24668309,1,0.8325690816843426
gi:24652438,gi:24663118,1,0.5002476937852618
P18502,gi:21357871,1,0.9504541813516925
P02307,P54358,1,0.44152231741611286
gi:19922640,gi:24662729,1,0.9420266388080577
Q01642,gi:24643715,1,0.884469770968776
gi:24641727,gi:24649080,1,0.394002171680807
gi:24581901,gi:24668563,1,0.8262503202571894
P21663,gi:24644968,1,0.20258637313755706
gi:24667829,gi:28574864,1,0.23487178043810159
gi:17137488,gi:24649183,1,0.8253396494522379
P54622,gi:21357215,1,0.40675021470660927
gi:24580809,gi:24580817,1,0.7647256709227274
gi:24656694,gi:28574638,1,0.2614253303070255
gi:17933720,gi:21355923,1,0.3407022166520228
Q9XYN7,gi:19920568,1,0.4404819451724985
O77430,gi:24641340,1,0.40522357348902877
gi:18860519,gi:24642543,1,0.4504721092130105
gi:24583965,gi:24645887,1,0.9587253339905112
gi:20129381,gi:24640747,1,0.3620171589930397
Q24423,gi:20128797,1,0.9998278067468503
O77260,gi:18858225,1,0.37190180118610394
P02835,gi:20130151,1,0.7893804791924228
gi:24650311,gi:24657389,1,0.5574050771117391
gi:24640501,gi:24650714,1,0.5357939016907437
gi:19921830,gi:21355083,1,0.3402283910271144
gi:17137224,gi:19922516,1,0.9558505203667179
gi:24639187,gi:24644592,1,0.8506928011174174
gi:24586234,gi:24762582,1,0.2982384448729169
gi:20128901,gi:24649183,1,0.7277488640308131
gi:24648433,gi:24649820,1,0.4057322518230702
gi:24650435,gi:24653521,1,0.30856921131348064
gi:24583067,gi:24639885,1,0.998591302101408
gi:21357677,gi:21357915,1,0.8262503202571894
gi:24663548,gi:28574125,1,0.31817886437248366
P54350,gi:24584167,1,0.6687619792736984
gi:24640625,gi:24661811,1,0.4752985516112684
gi:19920576,gi:24666790,1,0.7393639274515286
gi:21356797,gi:28571678,1,0.9592234337604923
gi:21356121,gi:24665539,1,0.40471509857545473
gi:19920576,gi:21687194,1,0.3288766497207673
gi:17137146,gi:21686961,1,0.21811921688530922
gi:24581574,gi:24585795,1,0.7726662865401834
P41094,gi:24654595,1,0.8922787721592683
gi:21356337,gi:24640435,1,0.8669244507258419
P40320,gi:20130025,1,0.3498443399644219
gi:24585033,gi:28572997,1,0.7109977956151154
gi:17136506,gi:21357975,1,0.4515170360227507
gi:24643715,gi:24658927,1,0.6265882036249489
gi:21358379,gi:28573512,1,0.5709801147907655
gi:24662189,gi:24667093,1,0.32980880139069724
gi:21358097,gi:24651688,1,0.3610430158705395
Q9V3G3,gi:21355081,1,0.21811921688530922
O44783,gi:20129385,1,0.8162894432318308
gi:24582006,gi:24657427,1,0.6448284853363413
P55841,gi:24585353,1,0.8514950670111249
P19109,gi:24655341,1,0.6905021771595458
gi:17137398,gi:24644634,1,0.38388914508619953
P17276,gi:24762669,1,0.8778045097207581
gi:17647757,gi:24582746,1,0.9057653633549494
gi:24644238,gi:24648289,1,0.23487178043810159
gi:24581572,gi:30923613,1,0.955492955138573
gi:17647723,gi:24585635,1,0.8443768715331279
gi:24640713,gi:24650084,1,0.7970517351857369
gi:24657684,gi:28574529,1,0.9719951779423369
gi:19923024,gi:24640798,1,0.21847929837228713
gi:19921802,gi:24762775,1,0.48855635555156235
gi:24655741,gi:28574284,1,0.9971567761506003
gi:19920688,gi:24650658,1,0.9839297487054137
O96860,gi:17647383,1,0.9593058888986238
gi:17647853,gi:24583431,1,0.24338125389360502
gi:20129643,gi:24660923,1,0.370916523718302
gi:24653385,gi:24653584,1,0.8666808246149691
gi:24641831,gi:24655930,1,0.9916065294046253
P91929,Q9W3R7,1,0.4404819451724985
gi:21358247,gi:24762828,1,0.6573703429775132
P17886,gi:21356041,1,0.9830681330100199
gi:24582323,gi:24642543,1,0.4155195825603172
gi:19922138,gi:24645515,1,0.5574050771117391
gi:24645509,gi:24652897,1,0.7609079437852779
gi:24581719,gi:28571108,1,0.9962875382400684
gi:24652101,gi:28574875,1,0.9020700177812889
gi:20128901,gi:24654540,1,0.3955146497551835
gi:24657684,gi:24762726,1,0.98396307994251
P02824,gi:24665583,1,0.9997425432486099
P13008,gi:24762726,1,0.9866630235065478
P37157,gi:17933592,1,0.2705566590855738
Q8T0S6,Q9W5R5,1,0.7365074604976272
Q8INW0,gi:24663523,1,0.9855906383557126
gi:17136820,gi:21357817,1,0.966643003934551
Q9VCE6,gi:24665657,1,0.868619297197789
P55841,gi:24641790,1,0.9132856293237017
P07909,gi:17137234,1,0.5002476937852618
gi:17933606,gi:24643497,1,0.3945061069561947
gi:21357477,gi:21357537,1,0.5241431090536487
gi:21356995,gi:28573549,1,0.9175596737023552
gi:17137416,gi:24654899,1,0.24299289161232193
gi:21357683,gi:24584167,1,0.8045127797405152
P29310,gi:24655121,1,0.9977672291813233
P16163,gi:24639187,1,0.8678951888512327
P23757,gi:17137634,1,0.6668895892484549
gi:17137168,gi:24583848,1,0.6355127495373076
O46309,gi:24648688,1,0.20258637313755706
gi:18858125,gi:19921646,1,0.485393327277395
P06002,gi:24658370,1,0.8051756537590354
gi:17137700,gi:24657747,1,0.8055064512541202
gi:24582746,gi:24654550,1,0.6981894103974287
Q03017,gi:21357483,1,0.9338709357806769
P13395,gi:24653139,1,0.3714090287781982
gi:24582744,gi:24650124,1,0.48644755255988015
gi:17137560,gi:24664199,1,0.5336939691814582
gi:17737425,gi:24647137,1,0.9992109969725841
gi:24583332,gi:24658567,1,0.9877633128439424
Q9W2N0,gi:24649047,1,0.48855635555156235
gi:17136258,gi:21356337,1,0.9933568158972462
gi:24582846,gi:24650420,1,0.556363671258815
gi:24649454,gi:28574851,1,0.3288766497207673
gi:17137168,gi:21356743,1,0.995212853437156
gi:20129739,gi:24582909,1,0.30947034608163926
gi:21358561,gi:24649183,1,0.5673580834806307
Q27297,gi:28573115,1,0.7474802239328249
Q9U3Z7,gi:17137586,1,0.4880291136786054
gi:24653245,gi:24667974,1,0.33027538006280055
P48592,gi:19921554,1,0.5458369224054841
gi:24647369,gi:24649236,1,0.6374656299703813
gi:24655480,gi:24655568,1,0.5937278537945282
gi:24652512,gi:24663246,1,0.7534728318273323
gi:18543299,gi:24646908,1,0.5463599693360518
gi:17647723,gi:24650346,1,0.9677146506178532
P31009,gi:24650814,1,0.8578283788811649
gi:24580900,gi:24640672,1,0.930241562921782
gi:24659362,gi:28571762,1,0.32841107807292325
gi:17647815,gi:24640005,1,0.30947034608163926
gi:24639027,gi:24652842,1,0.3610430158705395
gi:24640246,gi:24653856,1,0.3823930007709409
P41094,P52295,1,0.8184941575367906
gi:17648053,gi:21356083,1,0.6251058688342147
gi:24643016,gi:24646212,1,0.4042068280916938
P23023,P54356,1,0.8025139194918126
gi:21355851,gi:28571181,1,0.5678759669452562
gi:20128893,gi:28571447,1,0.3493645374227344
P16163,gi:19922620,1,0.8449306259267994
gi:20129775,gi:28574284,1,0.5782865532268306
P54358,gi:24580900,1,0.5932187594157114
gi:24584774,gi:24665996,1,0.2606112964508466
P07187,gi:17647755,1,0.9578680580745674
gi:24584043,gi:24655824,1,0.6668895892484549
gi:17136294,gi:24642799,1,0.8460333072870969
Q9VLP3,gi:18543301,1,0.49972016269899394
gi:19920778,gi:24645115,1,0.21811921688530922
gi:21356041,gi:24666096,1,0.8631888927696456
gi:17647581,gi:19920696,1,0.9676486588797987
gi:21357645,gi:24582598,1,0.2790362693947917
Q24337,gi:21357817,1,0.9855305805212786
gi:17647503,gi:21357211,1,0.999080692624331
gi:19920622,gi:24762383,1,0.5709801147907655
P19538,gi:24643151,1,0.9988609776286562
gi:24583901,gi:24641831,1,0.985257254019776
gi:21356973,gi:28574303,1,0.7550373108298257
Q24423,gi:24665169,1,0.46417411966134337
O61348,Q03017,1,0.6578454580342349
gi:18859931,gi:24651950,1,0.22620117778141435
Q9W2D9,Q9W4E2,1,0.2705566590855738
gi:19920808,gi:28574726,1,0.8440993899873654
gi:19921294,gi:24658492,1,0.41705781396281055
P11420,gi:24639385,1,0.3503244466504934
gi:24643634,gi:24660663,1,0.5663218759268285
P02516,P07666,1,0.9336098323271135
O16797,gi:21356743,1,0.9997463172036395
gi:24651599,gi:24656938,1,0.7478783093740051
gi:18859665,gi:24658927,1,0.5704631375959077
gi:24641014,gi:28574406,1,0.9704524129946641
Q24186,gi:17137110,1,0.30947034608163926
gi:19921566,gi:24649895,1,0.31909511144885117
gi:17137642,gi:24647320,1,0.30856921131348064
gi:24580817,gi:24583965,1,0.9910940301079508
gi:24641689,gi:24646440,1,0.9885610898422046
gi:24585943,gi:24645148,1,0.9719376819446146
gi:24647060,gi:28574851,1,0.46417411966134337
O02194,P07207,1,0.5331687964913024
Q9VC49,gi:21356211,1,0.2889757857047761
O77051,P25007,1,0.7285842197543599
gi:24642517,gi:24656980,1,0.9497539595115252
gi:24644372,gi:24645476,1,0.2982384448729169
P02267,gi:19920876,1,0.3723948400618094
gi:21355811,gi:24648536,1,0.5352690346054877
P15330,P41092,1,0.9360730575228479
P18824,gi:24661826,1,0.5002476937852618
P25008,gi:24642884,1,0.9124464213630543
gi:21356367,gi:21357817,1,0.9747023850843259
gi:24585353,gi:24642021,1,0.969395854100447
P21914,gi:24662729,1,0.8184941575367906
Q24133,gi:21355717,1,0.8881198849870339
gi:24649164,gi:24663292,1,0.7730367231776853
gi:22024283,gi:30923613,1,0.9843631859477409
P06002,gi:24663802,1,0.8392730089820827
O44783,gi:28574875,1,0.9658748539817553
P32392,gi:19922440,1,0.4410020665348054
gi:20129291,gi:24645795,1,0.8081918511392675
gi:24648828,gi:24657216,1,0.656894912272205
gi:24584710,gi:24654916,1,0.30947034608163926
gi:21356397,gi:21356809,1,0.3493645374227344
P11455,gi:19922144,1,0.9846528300303347
gi:21356965,gi:24582746,1,0.8250352574671526
Q9V564,gi:21355099,1,0.568393702081657
P45889,gi:19921136,1,0.319553760338377
gi:19921122,gi:28571108,1,0.8938906170402159
gi:24648207,gi:24663246,1,0.9511451469540421
gi:24647609,gi:24656346,1,0.9009458636585811
gi:21358161,gi:24657732,1,0.5911803888683651
gi:19920926,gi:21356743,1,0.8552354129279522
gi:24640973,gi:24645581,1,0.7734067332132954
gi:19922810,gi:24666944,1,0.24338125389360502
Q24404,gi:24585618,1,0.9441962472300981
gi:24663462,gi:26080381,1,0.9998359628865194
gi:17136854,gi:20129387,1,0.3934984617839398
gi:24648294,gi:24649262,1,0.8504245861976478
gi:24654843,gi:24656486,1,0.8782564681873817
gi:17136392,gi:24586344,1,0.22620117778141435
P55828,gi:20129835,1,0.9889366421993266
gi:17136378,gi:24586587,1,0.5458369224054841
gi:24642134,gi:24663055,1,0.4880291136786054
gi:19920620,gi:24581205,1,0.3503244466504934
gi:24660872,gi:24666587,1,0.31909511144885117
gi:24639885,gi:24667238,1,0.9081101172602026
gi:19920776,gi:24655281,1,0.8479927554284123
gi:24646318,gi:24664652,1,0.969018000474221
gi:24652999,gi:28574804,1,0.6448284853363413
P12982,gi:24641302,1,0.6587947382344926
P49630,gi:26080381,1,0.7956829742311785
P08570,gi:24647518,1,0.7534728318273323
gi:24646827,gi:24664652,1,0.884469770968776
gi:24648919,gi:28574385,1,0.2889757857047761
Q01071,gi:20128797,1,0.99973603510346
gi:24584043,gi:24650425,1,0.6009176607425054
gi:24641578,gi:28573590,1,0.8457582397140315
gi:21355333,gi:24645515,1,0.48644755255988015
gi:24583061,gi:24651179,1,0.5468829139422121
P25843,gi:24664652,1,0.6150817607656682
gi:17530817,gi:17933676,1,0.568393702081657
gi:24640973,gi:24649824,1,0.5574050771117391
gi:21357943,gi:24651526,1,0.2520974479366904
gi:18858055,gi:18858161,1,0.979144592828605
gi:17864452,gi:28573563,1,0.943412848751608
gi:24650284,gi:24651238,1,0.6706290427214929
gi:19921326,gi:24667569,1,0.6049590066740793
gi:24649007,gi:24663246,1,0.9675825367722578
P15330,gi:24583485,1,0.7260733333395897
gi:18858231,gi:24646970,1,0.4175709183069264
gi:24648828,gi:24649661,1,0.5553217698529703
gi:20129405,gi:24582294,1,0.665951410542753
gi:17647911,gi:18858037,1,0.37190180118610394
gi:24639086,gi:24645093,1,0.21024755827425512
gi:24585599,gi:24653758,1,0.24299289161232193
gi:28574406,gi:28574635,1,0.9332163811844594
gi:24641148,gi:24641813,1,0.5082475647577595
gi:18859961,gi:24640086,1,0.6029400893911713
gi:24657023,gi:26080373,1,0.49919263223573096
gi:18859973,gi:24581633,1,0.4042068280916938
gi:24651690,gi:24654041,1,0.2790362693947917
gi:24644642,gi:24668321,1,0.7654841310016038
P40688,gi:21358101,1,0.7639655142351577
gi:17998687,gi:24585100,1,0.4042068280916938
gi:18859955,gi:24582212,1,0.6340451511728595
gi:17136208,gi:20130017,1,0.5584459784979052
Q04787,gi:19921692,1,0.4626000134988968
gi:20130049,gi:24645177,1,0.7897310920341297
gi:20129527,gi:24640704,1,0.8520279314075616
O44783,P23792,1,0.9741148579080648
P18824,gi:24646478,1,0.3950102666387321
gi:19922670,gi:28574529,1,0.7558170307073957
gi:20129291,gi:21355577,1,0.9082860474218984
gi:20129565,gi:24651688,1,0.5704631375959077
gi:24647942,gi:24661136,1,0.7639655142351577
gi:17136826,gi:20428641,1,0.9472463887565797
gi:24646017,gi:24647137,1,0.9643716994390885
gi:24652999,gi:28573466,1,0.999204314531008
gi:20129621,gi:24650570,1,0.2790362693947917
P91641,Q9XZT1,1,0.22657073512763554
gi:24641090,gi:24651688,1,0.6049590066740793
gi:21357995,gi:24650208,1,0.8514950670111249
gi:18543285,gi:24639316,1,0.8219683275725232
gi:24644819,gi:24648674,1,0.3610430158705395
gi:17137344,gi:20128963,1,0.4626000134988968
gi:24582741,gi:24583929,1,0.48592042425830684
gi:17352479,gi:21355383,1,0.9889597051843309
gi:21356265,gi:24639368,1,0.5699460066437073
gi:24585205,gi:24664458,1,0.7722954233887245
P50887,gi:24582096,1,0.9368265104054423
gi:17647383,gi:19920978,1,0.8636865146726869
gi:21355581,gi:30923774,1,0.370916523718302
P08570,gi:24658786,1,0.7534728318273323
gi:20130169,gi:24667117,1,0.9456421477704868
P15330,gi:17648013,1,0.6335553966249884
gi:24586270,gi:24639915,1,0.4155195825603172
gi:24583571,gi:24648905,1,0.2790362693947917
gi:17137296,gi:19922070,1,0.46364933672393044
gi:19920344,gi:20130085,1,0.971356381890009
gi:24639208,gi:24645887,1,0.3503244466504934
O02195,gi:24650420,1,0.7188102818084728
gi:21356033,gi:24647905,1,0.5220374878077179
gi:21355535,gi:24657684,1,0.6986338718211824
gi:17648053,gi:24668309,1,0.9707534501016757
gi:18859903,gi:24642367,1,0.4057322518230702
gi:17136698,gi:21355989,1,0.31817886437248366
gi:17137300,gi:18858137,1,0.7377341188998534
gi:17137216,gi:24641251,1,0.475824822465761
gi:24648896,gi:24658567,1,0.8920757845994893
gi:23397623,gi:24663011,1,0.9414477490735977
gi:24658567,gi:28571891,1,0.9939591739624329
gi:21355617,gi:24644293,1,0.8796037112102932
Q9V3C0,gi:28573937,1,0.3512855693310601
gi:19922072,gi:24641790,1,0.5891388784310002
gi:18860051,gi:21358025,1,0.3090195971223799
gi:17136672,gi:21357897,1,0.29868026557648025
gi:24668824,gi:28572018,1,0.4768775240979616
gi:19920798,gi:24639141,1,0.2610181081278827
gi:24638750,gi:24645115,1,0.6355127495373076
Q23982,gi:24645011,1,0.4742461756417152
Q94523,Q9VLP3,1,0.46417411966134337
P02517,Q9VHN6,1,0.3600700146162289
Q9VSS2,gi:22026959,1,0.5225639694819275
P49905,gi:24651935,1,0.831389189749063
gi:24650829,gi:24664458,1,0.8184941575367906
P06601,P08646,1,0.4300224791566088
gi:20130151,gi:24640777,1,0.884253977133747
gi:24643118,gi:24664199,1,0.9858284229135996
O46202,gi:21356797,1,0.48697471101125145
gi:19921030,gi:26080328,1,0.33880883335984435
gi:24649035,gi:24649114,1,0.3615299451148602
gi:24642301,gi:24650208,1,0.9648757442163987
gi:24581314,gi:24657743,1,0.6462769644903426
gi:17137452,gi:24652770,1,0.6049590066740793
O46084,gi:28573633,1,0.24338125389360502
gi:24646410,gi:24663275,1,0.28940954340822506
gi:24639715,gi:24654017,1,0.9984765521332797
P54733,gi:24659552,1,0.38289146943458485
gi:19922386,gi:24652762,1,0.3081191892177415
gi:17933748,gi:28574516,1,0.6379531449117253
O44783,gi:21357219,1,0.715385691837603
P54353,gi:28572158,1,0.33975488478365257
O44783,gi:19922310,1,0.9702703509261832
gi:23397621,gi:24666790,1,0.8683783028141157
gi:24657504,gi:24668214,1,0.41603214504320013
Q9W4P5,gi:28574009,1,0.9210293945584125
O18404,gi:24652999,1,0.8310931830686138
P29310,gi:24666434,1,0.9611719378376493
gi:17647757,gi:28573466,1,0.9686996762102142
gi:21955276,gi:28572129,1,0.9613291332297932
gi:24582006,gi:24641251,1,0.9204132954911343
gi:18858205,gi:24583394,1,0.6034451503554185
gi:24639681,gi:28574735,1,0.3620171589930397
gi:21955276,gi:24584067,1,0.4626000134988968
gi:20129999,gi:24585345,1,0.22657073512763554
O97420,P18289,1,0.6486851301264698
gi:17647581,gi:21358161,1,0.9421417704507862
gi:24582006,gi:24762837,1,0.7872678046563252
P12982,gi:24647285,1,0.7196624990187487
P13008,gi:24642543,1,0.973185641696249
gi:19922620,gi:24655824,1,0.6019293100573035
gi:21356069,gi:21356365,1,0.38438835021546713
gi:24640527,gi:24646434,1,0.4284715768649996
gi:17647873,gi:24651303,1,0.6891476909255952
gi:17137190,gi:24665583,1,0.880531595914993
gi:22024283,gi:24644165,1,0.8955139793442923
P02834,gi:24649250,1,0.5468829139422121
gi:21358247,gi:24644544,1,0.48486626278772893
gi:24661625,gi:24664191,1,0.6895995479390581
P10987,Q9V3I1,1,0.6457944348248295
P21461,gi:24584144,1,0.5777718697576569
Q94524,gi:24661166,1,0.6886954730732184
gi:21355219,gi:24651441,1,0.3288766497207673
Q9VBL6,Q9W0V1,1,0.24299289161232193
gi:20130121,gi:21357211,1,0.8482645529971164
P08570,gi:17137216,1,0.7789660110335198
gi:19921312,gi:28571445,1,0.9990099507476369
gi:24584632,gi:24655153,1,0.8649648588724
gi:19921458,gi:22024141,1,0.8120865313717807
P08182,gi:24641251,1,0.9237728916751431
gi:18860017,gi:24647143,1,0.7811382116770155
gi:24645830,gi:28574406,1,0.6554667337251965
O01666,gi:21355913,1,0.3512855693310601
gi:24585353,gi:24652268,1,0.8117643100762174
gi:24652897,gi:24660188,1,0.9296918474446941
gi:21357907,gi:24663027,1,0.5087749429840783
gi:24581820,gi:24653649,1,0.5199310830985445
gi:24582096,gi:24582697,1,0.3818947794511891
P07183,Q24311,1,0.6350238284818226
gi:24584835,gi:24662360,1,0.7609079437852779
gi:21356415,gi:28574582,1,0.9588087530942548
gi:20129859,gi:24647609,1,0.966013682851396
gi:19921312,gi:24647685,1,0.9806539574736798
gi:24580731,gi:24641029,1,0.778238521737612
P08175,gi:24650924,1,0.7658627244808087
gi:19920636,gi:21357547,1,0.4274384201286716
gi:17647755,gi:28574920,1,0.8791560660440529
gi:24643286,gi:24648198,1,0.5911803888683651
Q9W2D9,gi:21358039,1,0.6462769644903426
gi:19922030,gi:24581155,1,0.523616781269337
Q05856,gi:24654441,1,0.9923796891967963
gi:24642950,gi:24643474,1,0.28940954340822506
P48611,gi:24662475,1,0.20258637313755706
Q24423,gi:24638766,1,0.8120865313717807
gi:24640430,gi:24663292,1,0.9837957409890853
gi:21357547,gi:24649214,1,0.9279951695686302
gi:17647523,gi:24638795,1,0.6776589459558231
gi:24645909,gi:28574406,1,0.7166728535982447
P56079,gi:24642074,1,0.23487178043810159
Q27297,gi:24585158,1,0.6587947382344926
Q02361,gi:24586371,1,0.7632036620318647
gi:24656312,gi:28571157,1,0.28940954340822506
Q9VL18,gi:24662946,1,0.3728881445229649
gi:24649976,gi:24655568,1,0.7012928012630599
gi:24639301,gi:24641921,1,0.9912050901259948
gi:24583067,gi:24641689,1,0.9994961326107599
gi:24647100,gi:24665950,1,0.6165794198350218
gi:24586305,gi:28574886,1,0.4499498090174188
gi:24641148,gi:28573410,1,0.6130814895077854
gi:24647500,gi:28574406,1,0.7446819915510984
gi:21358485,gi:24663462,1,0.9912265158018319
gi:24644498,gi:24655153,1,0.9760780482507494
gi:19921984,gi:21687092,1,0.5782865532268306
gi:19921112,gi:24640372,1,0.2606112964508466
gi:24582224,gi:24643270,1,0.41705781396281055
gi:24643303,gi:24644797,1,0.9870507112440763
P19538,gi:19920448,1,0.9744934262718893
gi:17136378,gi:24582516,1,0.6799592624033026
gi:17137616,gi:30923613,1,0.9857397103503815
P15330,gi:24415388,1,0.8025139194918126
P48601,P53501,1,0.38388914508619953
gi:20130085,gi:28573264,1,0.9960013233991359
P41375,gi:24583380,1,0.2991224618188889
gi:17137398,gi:24662973,1,0.5594863665210903
gi:21357761,gi:24585576,1,0.9943926926092849
gi:24641410,gi:24655869,1,0.21847929837228713
P07183,gi:21357817,1,0.999360769782867
gi:20130193,gi:23397595,1,0.6160804443365129
gi:24586562,gi:24644770,1,0.3818947794511891
gi:17136488,gi:28574950,1,0.5114115177141897
gi:24654325,gi:24662048,1,0.8621890629913107
Q9V676,gi:24643172,1,0.2794609716270164
gi:24581976,gi:28573464,1,0.5818845177272746
P18459,gi:19921114,1,0.5342190671989998
P52304,gi:24580900,1,0.8631888927696456
gi:28573034,gi:28574286,1,0.23487178043810159
gi:19920502,gi:24584547,1,0.8364061636562314
Q9XYM0,gi:24650338,1,0.27014041554724594
Q94883,gi:17137648,1,0.3950102666387321
gi:20128797,gi:24585240,1,0.9999267311661201
gi:21357315,gi:21357903,1,0.6873366602510026
Q24533,gi:18543285,1,0.9433000941990654
Q94523,gi:17136256,1,0.5574050771117391
gi:21358039,gi:24648678,1,0.5082475647577595
gi:21356561,gi:24585154,1,0.47635114701589937
P07187,gi:24650658,1,0.9719376819446146
gi:24585353,gi:24650598,1,0.6140821066562177
gi:17647581,gi:19922150,1,0.41603214504320013
gi:17865835,gi:24647905,1,0.3818947794511891
P41093,gi:24663027,1,0.8683783028141157
gi:18859953,gi:24640806,1,0.6808769521670589
gi:24653385,gi:24654471,1,0.908812022200574
gi:24581838,gi:24584167,1,0.6687619792736984
gi:19922100,gi:21357903,1,0.9853133566728172
Q9V447,gi:21358201,1,0.37190180118610394
gi:24585022,gi:24653856,1,0.3493645374227344
gi:20129165,gi:28573393,1,0.6384403761062153
gi:21357505,gi:24584139,1,0.2614253303070255
Q24564,gi:24639715,1,0.9999999801931492
P55828,gi:24645150,1,0.624611233872572
gi:23397621,gi:23397623,1,0.9916036107820223
P23757,gi:24648480,1,0.5663218759268285
gi:24583332,gi:24667063,1,0.9919337262136179
gi:20128921,gi:24641311,1,0.19513537572433676
gi:17647523,gi:24657356,1,0.5782865532268306
gi:21687206,gi:28574635,1,0.690952948228034
gi:22023983,gi:24638862,1,0.49813757787597257
gi:24580900,gi:24650864,1,0.38289146943458485
gi:24644797,gi:28574726,1,0.9991245124594129
gi:19922314,gi:24646689,1,0.2344927883985483
gi:20129067,gi:20130417,1,0.5241431090536487
gi:19921306,gi:20130391,1,0.4515170360227507
gi:24583827,gi:24639721,1,0.33880883335984435
gi:18859891,gi:28572043,1,0.7822185343509996
Q8IGR0,gi:24584056,1,0.7554273808966404
P18502,gi:24642814,1,0.9351834503479691
gi:24583929,gi:24643447,1,0.9893037089345444
gi:24652999,gi:24663027,1,0.9898935971410899
gi:24650253,gi:24667211,1,0.4504721092130105
P18102,gi:28571891,1,0.8626897430695967
gi:24583012,gi:24658714,1,0.65926890190031
Q24297,Q9VI10,1,0.29956503309342614
O77051,gi:17864162,1,0.9744321908583716
gi:20128863,gi:21355195,1,0.48486626278772893
gi:17864176,gi:24647942,1,0.31909511144885117
gi:19920922,gi:24653856,1,0.7200880158492433
gi:21357817,gi:24649834,1,0.9709425357267671
gi:24642691,gi:24647100,1,0.5002476937852618
P17210,gi:24658110,1,0.475824822465761
P08630,gi:20129967,1,0.688242894957506
gi:24658567,gi:28571396,1,0.9996443501372365
gi:19920604,gi:21356367,1,0.4768775240979616
gi:19920688,gi:24650202,1,0.972052559525637
Q9VG82,gi:24656903,1,0.4384027770792988
gi:20130321,gi:21357759,1,0.2344927883985483
gi:24640501,gi:24657689,1,0.5357939016907437
gi:24581622,gi:24653791,1,0.4631246342866618
gi:19922310,gi:24649007,1,0.884469770968776
gi:24584017,gi:28574383,1,0.523616781269337
Q9XZT6,gi:20129485,1,0.3723948400618094
gi:21356785,gi:24645148,1,0.5568844366869163
gi:21357005,gi:24649488,1,0.18789384875128695
gi:19922144,gi:23397619,1,0.5678759669452562
gi:24639756,gi:24649025,1,0.5220374878077179
gi:24641831,gi:28573607,1,0.9888710261782596
O96860,gi:21358109,1,0.7070799199123384
Q95RS6,gi:24649427,1,0.5082475647577595
P07183,Q06559,1,0.998711524496892
gi:19920826,gi:24762775,1,0.5937278537945282
gi:24660935,gi:28558744,1,0.8372705107533475
P33450,gi:24583380,1,0.27014041554724594
gi:17647755,gi:24582270,1,0.4620754755092738
gi:21356337,gi:24646860,1,0.9845247571594853
P26308,gi:17136256,1,0.4509945185911777
gi:24644274,gi:24651247,1,0.47635114701589937
gi:18859825,gi:24665784,1,0.788677968155842
gi:17530857,gi:20428641,1,0.9631059733962185
gi:19922746,gi:24654578,1,0.6706290427214929
gi:19922620,gi:24648207,1,0.9173999149079005
gi:21357009,gi:24655187,1,0.5798295792882568
gi:19920910,gi:24647148,1,0.21847929837228713
gi:17137386,gi:24642404,1,0.27014041554724594
P49630,gi:24654578,1,0.5704631375959077
gi:17136256,gi:19921660,1,0.6260943546024416
gi:24641831,gi:24654082,1,0.9927126585524165
P20432,gi:21356695,1,0.4768775240979616
gi:24645967,gi:24651339,1,0.7373256419914825
gi:24652101,gi:24667117,1,0.9961753195840052
gi:24582018,gi:24644093,1,0.5906703030673954
P11455,gi:24649262,1,0.8316847827403064
P08985,P23757,1,0.7269119009488341
Q24451,gi:24649564,1,0.3934984617839398
gi:17737433,gi:24582212,1,0.8028481298087068
gi:18860099,gi:24650658,1,0.8035152698798727
gi:17137572,gi:19921554,1,0.969018000474221
Q24564,gi:24638625,1,0.9995785325036304
gi:21355815,gi:24641831,1,0.9958645830796605
P22058,gi:19920428,1,0.3714090287781982
gi:20128797,gi:21356785,1,0.9993798007796444
gi:18859635,gi:24663462,1,0.9999072003123479
gi:19920434,gi:28574383,1,0.31863681258735244
gi:24582339,gi:24664979,1,0.8838213384166486
gi:24653912,gi:28574303,1,0.6019293100573035
P39572,gi:24643118,1,0.9264286910753391
gi:23397399,gi:24665657,1,0.5447905261110968
gi:18857983,gi:24639187,1,0.5782865532268306
gi:17137724,gi:18858231,1,0.28854241412290604
gi:18859893,gi:24654578,1,0.2982384448729169
P50887,gi:24667211,1,0.9578680580745674
P49906,gi:24647648,1,0.32980880139069724
gi:24645967,gi:28573264,1,0.7281667429877973
gi:21356019,gi:21686963,1,0.33975488478365257
gi:17136780,gi:24661136,1,0.646759196370147
P07207,gi:24664951,1,0.4620754755092738
Q95TN4,gi:18921123,1,0.2614253303070255
gi:21357817,gi:28573466,1,0.9999818234610065
O16102,gi:24639506,1,0.21847929837228713
gi:24640510,gi:24653649,1,0.955672081559985
O18404,gi:28573466,1,0.9194809116765355
Q9VJE4,gi:17137650,1,0.3402283910271144
gi:21358101,gi:24660212,1,0.5442671790194767
gi:17530949,gi:24762471,1,0.35080485670035144
P54399,gi:24641946,1,0.3728881445229649
gi:20129431,gi:24641734,1,0.21811921688530922
Q9VPS5,gi:24641134,1,0.6559431068976144
gi:24644093,gi:24663462,1,0.9996145342939846
Q8IGR0,gi:19920696,1,0.9878142179235696
gi:24642715,gi:24658342,1,0.5442671790194767
P16241,gi:24641156,1,0.4626000134988968
gi:17136826,gi:24658567,1,0.9813615449445249
P48555,gi:24641251,1,0.7393639274515286
gi:21356003,gi:24645177,1,0.7012928012630599
gi:20130399,gi:24665784,1,0.8111185946677181
gi:24667089,gi:28571181,1,0.6873366602510026
P16371,gi:18860099,1,0.6999650194437866
gi:17137344,gi:21355123,1,0.4626000134988968
gi:24647143,gi:24649931,1,0.6029400893911713
Q8T0G4,gi:24640672,1,0.6448284853363413
gi:24644244,gi:24654746,1,0.22657073512763554
P12982,gi:19922418,1,0.48644755255988015
gi:24647638,gi:24661336,1,0.48750189844128966
gi:17530817,gi:18921137,1,0.8934896597242721
gi:24645515,gi:28574707,1,0.9248065165426349
P54733,gi:24667565,1,0.5230904010240245
gi:24644059,gi:28574150,1,0.6165794198350218
gi:24652762,gi:24659254,1,0.5468829139422121
Q9VEX9,gi:24654441,1,0.9466101284539264
gi:21355617,gi:24638708,1,0.5927094647165868
gi:17737533,gi:24665229,1,0.9805670494193642
gi:17136212,gi:24646928,1,0.8889558144209907
Q24564,gi:24580672,1,0.9744409244932623
gi:19922116,gi:24582172,1,0.33928169865193414
O46036,gi:24657218,1,0.9845889245547308
gi:24582306,gi:24663292,1,0.9766140791551602
gi:24585720,gi:26080381,1,0.5896495468232908
gi:19922516,gi:24651963,1,0.6477227635868326
gi:17738257,gi:24581180,1,0.19513537572433676
gi:17137200,gi:17137398,1,0.31909511144885117
gi:19922538,gi:28574804,1,0.22657073512763554
P82910,Q9VG82,1,0.9871848744652005
gi:17986113,gi:24646073,1,0.884469770968776
P27619,gi:24649427,1,0.5788010666785232
gi:24580716,gi:24657689,1,0.6275751095024333
gi:21358555,gi:28572043,1,0.6044546099748522
Q9VG94,Q9VG96,1,0.22657073512763554
O16011,P10987,1,0.9954688405056774
gi:24644592,gi:24667403,1,0.3723948400618094
gi:20129067,gi:24648929,1,0.3090195971223799
gi:20130345,gi:28571649,1,0.40471509857545473
Q9VNA5,gi:19922624,1,0.23487178043810159
gi:24582522,gi:24582643,1,0.4279549199645075
gi:24644116,gi:24649564,1,0.3934984617839398
Q24564,gi:20129491,1,0.9663011263982515
gi:21357781,gi:24584547,1,0.9326884118121855
gi:24641689,gi:24658332,1,0.9399171729362193
gi:24647905,gi:28573095,1,0.48644755255988015
gi:22026816,gi:24652780,1,0.21811921688530922
gi:24667016,gi:28574523,1,0.19513537572433676
gi:24651619,gi:30923613,1,0.3934984617839398
gi:17647723,gi:28573590,1,0.9677146506178532
gi:21357903,gi:24643822,1,0.9611719378376493
gi:24639822,gi:24653350,1,0.9431871285037259
O96860,gi:20130151,1,0.9765658374799882
gi:18859991,gi:21358175,1,0.5114115177141897
gi:19922300,gi:24649103,1,0.2614253303070255
P13607,gi:24639885,1,0.9941728212668769
gi:24585730,gi:24655502,1,0.5813710466028804
gi:21357211,gi:24581574,1,0.9458586740087588
gi:24585154,gi:24642456,1,0.2790362693947917
gi:24641507,gi:24656851,1,0.19513537572433676
gi:19920776,gi:28573157,1,0.8953163729047432
P35381,gi:24648828,1,0.7179564892132608
Q9VQQ9,gi:21356265,1,0.9272869842128383
P49905,gi:19921638,1,0.8504245861976478
gi:24638702,gi:24762771,1,0.3714090287781982
Q9W3C2,gi:19920912,1,0.28854241412290604
gi:17136378,gi:24583982,1,0.370916523718302
gi:17136948,gi:24643118,1,0.9570082027984629
gi:19920706,gi:21356031,1,0.9493327732288125
gi:24650124,gi:24655577,1,0.9536478503206036
gi:17136392,gi:20129967,1,0.688242894957506
Q27350,gi:24658585,1,0.4742461756417152
gi:24640188,gi:24648776,1,0.6054631799987537
gi:24643029,gi:24643294,1,0.2614253303070255
P54733,gi:23308611,1,0.8789317055627629
O97067,P54357,1,0.6044546099748522
P23757,gi:28558744,1,0.9972977457532173
gi:21357417,gi:24654522,1,0.878481906995442
gi:24585851,gi:24662431,1,0.4965550303691921
Q24210,Q9VHY5,1,0.3090195971223799
Q24564,gi:24665297,1,0.9945550306094678
gi:24649080,gi:24660416,1,0.9389366459794957
gi:24648063,gi:24652101,1,0.485393327277395
Q04787,gi:19920434,1,0.4274384201286716
P38979,gi:20130085,1,0.925996055417357
Q9VYD7,gi:24646485,1,0.3620171589930397
Q9VSJ8,gi:28573717,1,0.6891476909255952
gi:21355801,gi:24665160,1,0.6265882036249489
Q24407,gi:24639368,1,0.27014041554724594
gi:24581061,gi:24665154,1,0.7822185343509996
gi:21357483,gi:24649202,1,0.4747723356156669
gi:24584835,gi:24650348,1,0.9844603268060031
gi:17647979,gi:21357711,1,0.9978690411980154
Q9VYD7,gi:24652897,1,0.8820767153063006
gi:24639548,gi:24665973,1,0.4394420954403789
Q00963,gi:17648053,1,0.6578454580342349
gi:17530825,gi:17647523,1,0.9096826179652983
P07666,gi:18858095,1,0.7458837246543901
P29310,gi:24648484,1,0.9853133566728172
gi:21355163,gi:30923530,1,0.41603214504320013
O77430,gi:17137296,1,0.8334496650577913
gi:24645538,gi:24648751,1,0.319553760338377
gi:24580731,gi:24584043,1,0.9977578075934167
P08570,gi:24585033,1,0.9270019167753355
gi:21355163,gi:24667063,1,0.9836945145131236
gi:24584774,gi:24641168,1,0.2606112964508466
gi:19921802,gi:24666053,1,0.5352690346054877
gi:24582294,gi:24657689,1,0.8778045097207581
Q9W2D9,gi:21955276,1,0.5336939691814582
gi:20128863,gi:24583332,1,0.9744847101073072
P49630,gi:17864576,1,0.4768775240979616
gi:17137300,gi:24645521,1,0.2606112964508466
gi:17137536,gi:24586098,1,0.35080485670035144
P02828,gi:20130175,1,0.942256687464133
Q02645,gi:24659272,1,0.4279549199645075
gi:17137616,gi:24583067,1,0.998716943764225
O18405,P21461,1,0.8104711813864007
gi:22026880,gi:24649803,1,0.4509945185911777
gi:24665583,gi:28574316,1,0.979144592828605
gi:17137572,gi:24642543,1,0.9822349499451384
gi:24639299,gi:28573276,1,0.41705781396281055
gi:24638571,gi:24666240,1,0.7454835616549249
gi:19922620,gi:24643702,1,0.9983622766208259
gi:21358247,gi:24665229,1,0.9706934816091481
O96827,gi:24643715,1,0.5225639694819275
Q27350,gi:24581314,1,0.9647324367446427
gi:24665761,gi:24666790,1,0.6491658611686753
gi:24581061,gi:24645089,1,0.32841107807292325
gi:24641860,gi:28573018,1,0.49972016269899394
gi:24646318,gi:28572129,1,0.9950057884924741
gi:24661073,gi:28573773,1,0.23487178043810159
O96860,gi:21357595,1,0.8674105723832798
gi:18543285,gi:24650658,1,0.998294799875645
gi:19920728,gi:24762618,1,0.19513537572433676
gi:24640719,gi:28573799,1,0.3934984617839398
gi:24581339,gi:24638978,1,0.475824822465761
gi:19922538,gi:24582643,1,0.4279549199645075
gi:17737551,gi:24582212,1,0.8440993899873654
gi:20129859,gi:24641831,1,0.9984701190749147
gi:17737647,gi:24648826,1,0.2798860693260834
gi:18858099,gi:24650196,1,0.23487178043810159
P82147,gi:24644498,1,0.6706290427214929
gi:19921360,gi:28574851,1,0.2982384448729169
gi:17136762,gi:24658861,1,0.28940954340822506
gi:18543199,gi:24582319,1,0.29868026557648025
gi:24651212,gi:24653708,1,0.8691001624583095
gi:24580914,gi:24648690,1,0.5823978114406005
gi:19922310,gi:24663011,1,0.8197447211152695
Q9V3A4,gi:21357897,1,0.3293425577179446
O76899,gi:24654082,1,0.2794609716270164
P41126,gi:17136588,1,0.3615299451148602
gi:21358379,gi:28573278,1,0.8963011133292557
Q9V564,gi:24645653,1,0.8791560660440529
gi:24638625,gi:24654854,1,0.9884371592352255
gi:20129903,gi:24641831,1,0.9927126585524165
Q01642,gi:24654383,1,0.9628803765186738
gi:24639711,gi:24666944,1,0.33027538006280055
gi:21356397,gi:24643715,1,0.8745617635100723
Q24404,gi:24640353,1,0.9987277141021966
gi:24585240,gi:24652438,1,0.7004079880451143
P08044,P18502,1,0.8908507866716607
gi:20128797,gi:24655996,1,0.9993798007796444
gi:24581572,gi:24653887,1,0.6231257714262273
gi:18859901,gi:21355105,1,0.18789384875128695
P29310,gi:24661759,1,0.8378446956665931
gi:19922620,gi:24641014,1,0.951535870347693
gi:17864344,gi:21355383,1,0.656894912272205
Q24337,gi:19922100,1,0.8188074300892637
gi:24648522,gi:24663304,1,0.2344927883985483
gi:19921312,gi:24639885,1,0.9999941217842948
gi:17986113,gi:28573830,1,0.5808573991191617
gi:24647685,gi:24652797,1,0.22620117778141435
gi:22024201,gi:24641790,1,0.9132856293237017
gi:24582826,gi:28558748,1,0.5673580834806307
gi:19922538,gi:24663027,1,0.5442671790194767
Q9NJH0,gi:24582294,1,0.9786138574612387
gi:17137710,gi:24655555,1,0.49972016269899394
Q9Y1A3,gi:24642021,1,0.5798295792882568
gi:23397595,gi:24583567,1,0.7393639274515286
P45890,gi:24667196,1,0.3929949782350923
gi:17648123,gi:24645236,1,0.6486851301264698
gi:24649976,gi:28571908,1,0.49972016269899394
O61231,gi:28574886,1,0.7967101869158126
Q9VYR1,gi:19922458,1,0.2705566590855738
gi:20129741,gi:28574564,1,0.21847929837228713
gi:24655568,gi:24655822,1,0.28854241412290604
gi:24646884,gi:28573213,1,0.3620171589930397
gi:19921850,gi:24585024,1,0.2991224618188889
gi:23397524,gi:24638774,1,0.6150817607656682
gi:17137648,gi:24642867,1,0.5002476937852618
O16797,gi:24645724,1,0.9197928084269227
gi:21357761,gi:28573746,1,0.9943926926092849
gi:17137788,gi:17647503,1,0.6559431068976144
gi:21356309,gi:24651920,1,0.30856921131348064
gi:19920382,gi:19922266,1,0.2614253303070255
gi:23397621,gi:24582094,1,0.9767582232970679
gi:24584547,gi:24656208,1,0.7430738819492595
gi:24583965,gi:24652789,1,0.8482645529971164
gi:24653084,gi:28574886,1,0.5911803888683651
gi:18859939,gi:19922464,1,0.5108842488637899
gi:20129899,gi:24641493,1,0.31863681258735244
gi:24585242,gi:24641209,1,0.901883451793826
O61351,gi:24663304,1,0.38438835021546713
Q8INW0,gi:24645817,1,0.9563082763429458
gi:21355995,gi:28573486,1,0.3615299451148602
Q02360,gi:21357653,1,0.8514950670111249
gi:24582006,gi:24585358,1,0.8501559743270815
gi:20128797,gi:24642363,1,0.999915516665808
gi:24653856,gi:28574920,1,0.839841479735738
Q9VYV5,gi:24646214,1,0.22657073512763554
gi:21358109,gi:26080447,1,0.23487178043810159
P16914,gi:18860091,1,0.20258637313755706
gi:24648010,gi:24657619,1,0.5230904010240245
Q9VE01,gi:21357019,1,0.28854241412290604
gi:21358605,gi:24586111,1,0.20258637313755706
gi:17998687,gi:24660923,1,0.9213358063037708
gi:21358235,gi:22024283,1,0.8078645315689339
Q23983,gi:17737503,1,0.5225639694819275
gi:24641090,gi:24646039,1,0.45308522533203444
gi:17648123,gi:18858161,1,0.9880946045613005
P42287,gi:24665784,1,0.7101298475396561
P08182,gi:24581968,1,0.6226301010882948
P13217,gi:17136554,1,0.22657073512763554
gi:19920358,gi:19922918,1,0.3407022166520228
gi:17864612,gi:24583140,1,0.18789384875128695
gi:21356727,gi:24645053,1,0.9558505203667179
P08646,gi:24661685,1,0.48855635555156235
gi:19921238,gi:28573466,1,0.9382067000832462
gi:20130321,gi:24648231,1,0.4300224791566088
gi:24581165,gi:24642814,1,0.3090195971223799
gi:21355093,gi:24582219,1,0.31817886437248366
O02195,gi:21355783,1,0.5241431090536487
gi:24583666,gi:24640672,1,0.7070799199123384
gi:24585013,gi:24657504,1,0.41603214504320013
Q24400,gi:17647809,1,0.4737200728516752
gi:18129620,gi:24663336,1,0.49813757787597257
gi:18859685,gi:21358297,1,0.3090195971223799
Q9V564,gi:24662155,1,0.7285842197543599
gi:21355975,gi:24583827,1,0.3714090287781982
gi:20129863,gi:24659237,1,0.8594078528038206
gi:24641831,gi:28572129,1,0.9997914361387098
Q9W1Y7,gi:24646716,1,0.33928169865193414
Q9XYP8,gi:24663657,1,0.4389223692854569
O97420,gi:24639794,1,0.6155812243359019
gi:24655577,gi:28571637,1,0.5437437341478295
gi:24652737,gi:24762680,1,0.24299289161232193
gi:24581686,gi:24641302,1,0.5241431090536487
gi:21356743,gi:24762779,1,0.9233259311489178
gi:21356743,gi:24658721,1,0.8870672432333491
gi:24581719,gi:24585759,1,0.9648876245837288
gi:24661625,gi:28572090,1,0.5568844366869163
P54353,gi:28571356,1,0.6496462896778114
gi:18543225,gi:24649080,1,0.5699460066437073
gi:20130399,gi:21356221,1,0.8111185946677181
P06603,gi:21357215,1,0.5932187594157114
Q9VCR6,gi:18860011,1,0.9860333089648023
P16371,Q01069,1,0.7814987473078472
P29310,gi:21357821,1,0.7171011244850488
gi:24639541,gi:24655502,1,0.43996195443834984
gi:24646105,gi:24655187,1,0.7092603587069174
gi:24648828,gi:24655577,1,0.9904112717239891
gi:21356449,gi:24655888,1,0.4509945185911777
gi:19920424,gi:24639354,1,0.48855635555156235
P92208,gi:24655577,1,0.9536478503206036
gi:24657782,gi:28573278,1,0.9978600483032628
gi:17647503,gi:24646924,1,0.6231257714262273
gi:17136732,gi:21355555,1,0.7158151368555085
Q8T0S6,gi:24662048,1,0.9947898139761224
gi:24650208,gi:24661140,1,0.6472411296672146
gi:17648053,gi:24581873,1,0.556363671258815
gi:21356801,gi:24667211,1,0.4504721092130105
gi:21357711,gi:28573684,1,0.8378446956665931
O18413,gi:24655034,1,0.6486851301264698
gi:18859761,gi:28571891,1,0.6355127495373076
gi:24647148,gi:24649114,1,0.29868026557648025
P23380,gi:24646860,1,0.6256002427085361
gi:24586474,gi:24640599,1,0.29868026557648025
gi:21358065,gi:28571216,1,0.23487178043810159
gi:24645384,gi:24650168,1,0.898246041086264
gi:24656026,gi:24668642,1,0.4768775240979616
gi:19921312,gi:24642235,1,0.9889635326116265
Q9V8K2,gi:22024206,1,0.4631246342866618
gi:17737433,gi:24582205,1,0.6150817607656682
gi:24642134,gi:24663802,1,0.7970517351857369
gi:18859793,gi:24645058,1,0.5668400527774922
P14130,gi:19921286,1,0.35080485670035144
P21914,gi:24582879,1,0.7811382116770155
gi:21357387,gi:28573879,1,0.7800540368381974
gi:24583408,gi:24655606,1,0.5230904010240245
gi:21356023,gi:24664979,1,0.41705781396281055
gi:24656938,gi:24665132,1,0.839841479735738
O77425,gi:24646199,1,0.4389223692854569
O44424,gi:24642884,1,0.9958369773387808
gi:24648253,gi:28574582,1,0.8485359513812681
gi:17136556,gi:19920396,1,0.33928169865193414
gi:20129527,gi:20129923,1,0.5103569557931482
Q24251,gi:24584828,1,0.7381421861901231
gi:20128793,gi:24643106,1,0.3288766497207673
gi:24640233,gi:24658567,1,0.9675162840561677
gi:24647199,gi:24656694,1,0.23487178043810159
gi:19921950,gi:24663889,1,0.3407022166520228
gi:24580674,gi:24655170,1,0.7639655142351577
gi:18858239,gi:21355115,1,0.4057322518230702
gi:17137616,gi:21356727,1,0.9918829175161535
gi:24654160,gi:24660188,1,0.33975488478365257
P02843,gi:24667238,1,0.5463599693360518
gi:21355383,gi:24655741,1,0.9962232559184041
P00528,gi:19921936,1,0.5891388784310002
gi:19921694,gi:28574635,1,0.5584459784979052
gi:17647939,gi:28573195,1,0.6384403761062153
gi:21356003,gi:24660710,1,0.5589662372351882
gi:24649175,gi:24661826,1,0.5002476937852618
gi:17136286,gi:24648643,1,0.38339018451578694
P40304,gi:24646857,1,0.18789384875128695
Q8INW0,gi:24644797,1,0.9999791294531751
gi:24583067,gi:28573563,1,0.9985239469057325
gi:24646290,gi:28574886,1,0.4499498090174188
O16011,gi:21356767,1,0.6972993723541508
gi:17933604,gi:30923711,1,0.6150817607656682
gi:17647523,gi:24645663,1,0.6125808221462368
P40427,gi:24640951,1,0.5331687964913024
gi:24583454,gi:24668290,1,0.20258637313755706
gi:17737503,gi:24654854,1,0.9275710254024614
gi:24581572,gi:24585795,1,0.9853133566728172
P00034,gi:20129835,1,0.9612506120325347
gi:17137344,gi:24652101,1,0.9494341741628929
gi:24585384,gi:24643632,1,0.2610181081278827
gi:24586240,gi:24658940,1,0.3955146497551835
gi:20130247,gi:24660416,1,0.9093352816406209
gi:19922100,gi:24643310,1,0.5911803888683651
gi:22026966,gi:24645769,1,0.3723948400618094
P23757,gi:21687092,1,0.9947898139761224
Q06559,gi:24638750,1,0.998025996728104
gi:19920766,gi:21356797,1,0.3823930007709409
gi:17647755,gi:24648198,1,0.9664269073985549
P18491,gi:24655366,1,0.38438835021546713
gi:24584916,gi:24655888,1,0.6587947382344926
gi:20128977,gi:24642670,1,0.2991224618188889
gi:19922796,gi:24582879,1,0.4976100563283039
gi:24638571,gi:24654595,1,0.8025139194918126
Q9VWR5,gi:24641014,1,0.4509945185911777
gi:24644880,gi:28574406,1,0.9011340170113632
gi:17864630,gi:24651524,1,0.5927094647165868
P19538,gi:24580513,1,0.9982548267984153
P08175,gi:24644093,1,0.8736328803044239
Q06559,gi:28571216,1,0.9035817414768748
P05389,gi:22024114,1,0.8395574480158995
gi:17864358,gi:28574303,1,0.5321182317078645
gi:21357761,gi:24762556,1,0.995133450682069
P21461,gi:18859669,1,0.6120799168516209
Q24133,gi:24646017,1,0.9417957302548621
P20483,gi:21358081,1,0.5352690346054877
P52295,gi:24654383,1,0.9908070698940288
gi:24639368,gi:24654522,1,0.5352690346054877
Q8INW0,gi:24582294,1,0.9997650347395346
gi:17136864,gi:28573963,1,0.33880883335984435
Q24117,gi:24643106,1,0.9167580591648602
gi:18543299,gi:22024111,1,0.33880883335984435
gi:19920776,gi:24664652,1,0.9881688432730777
gi:24640430,gi:24651006,1,0.7786024802258478
gi:21357387,gi:24655153,1,0.9524200713861298
Q9VPS5,gi:24645179,1,0.6231257714262273
Q06559,gi:24647385,1,0.9810502514402238
gi:17137696,gi:24585242,1,0.9806873104018513
gi:19921778,gi:21357817,1,0.9890780970255652
Q9VUM0,gi:24641689,1,0.9216664470470409
Q24475,gi:17647503,1,0.9132856293237017
P16371,gi:24648755,1,0.8048444299497718
gi:24581949,gi:24638868,1,0.28984368678254757
P00528,gi:24641732,1,0.8879100450001196
P02834,gi:24584415,1,0.3620171589930397
gi:24641439,gi:24659203,1,0.21811921688530922
gi:24658206,gi:24667089,1,0.7450829838711764
gi:19923044,gi:24648198,1,0.7726662865401834
P41094,P48603,1,0.8114416645477411
gi:24638978,gi:24650729,1,0.4057322518230702
gi:19921312,gi:24582339,1,0.9993539941823102
gi:17137696,gi:24658492,1,0.5678759669452562
gi:24582294,gi:24583724,1,0.7534728318273323
gi:21358297,gi:24583134,1,0.6374656299703813
gi:24652463,gi:24665469,1,0.6034451503554185
gi:18858125,gi:24642561,1,0.9245125162098597
gi:24643755,gi:24651236,1,0.7554273808966404
Q24025,gi:21357959,1,0.2614253303070255
P12613,gi:28574150,1,0.3723948400618094
gi:20129227,gi:24643516,1,0.974274000751004
gi:24583436,gi:24644766,1,0.2524955080232646
P32392,gi:18860521,1,0.30947034608163926
Q9VG82,gi:17136412,1,0.6140821066562177
gi:17864254,gi:24659237,1,0.9152972773217164
P30052,Q24564,1,0.9831789809887556
gi:24663043,gi:24668018,1,0.4057322518230702
Q24141,gi:24648195,1,0.7546468206965081
gi:17648053,gi:24581854,1,0.5911803888683651
gi:18543289,gi:21356367,1,0.7373256419914825
gi:24650420,gi:24652999,1,0.9866073746089612
gi:24583531,gi:24651303,1,0.7466828053204454
gi:24638766,gi:24639885,1,0.9910940301079508
gi:21356061,gi:24653760,1,0.690952948228034
P23696,gi:24652999,1,0.9982394442899578
P48149,gi:24645011,1,0.8980530133725477
gi:24642517,gi:28574950,1,0.9890780970255652
gi:18860011,gi:19922464,1,0.6981894103974287
gi:18543299,gi:24639772,1,0.33880883335984435
gi:19921458,gi:23397623,1,0.980486467951787
gi:24641014,gi:24641689,1,0.9957485764375748
O18640,gi:24582467,1,0.4737200728516752
P54399,gi:24661625,1,0.5568844366869163
gi:24582383,gi:24640430,1,0.9675162840561677
Q01083,gi:24640982,1,0.4742461756417152
gi:24583208,gi:24644165,1,0.41808420117628076
gi:21955284,gi:24641363,1,0.5347440893910714
gi:24584835,gi:24586270,1,0.9882671171503945
gi:24641555,gi:24655474,1,0.9926641673087819
gi:17986113,gi:28574284,1,0.9535544858216368
gi:18859953,gi:24658034,1,0.3081191892177415
gi:24646216,gi:24648444,1,0.27014041554724594
gi:21355125,gi:24583965,1,0.9881934877245763
gi:19920696,gi:24643078,1,0.7793291141061179
gi:24583827,gi:24639195,1,0.43996195443834984
gi:21955276,gi:24662288,1,0.8048444299497718
gi:24647897,gi:24651364,1,0.5468829139422121
gi:22026837,gi:24654441,1,0.6448284853363413
gi:17137616,gi:24655153,1,0.9999828360931857
gi:24583965,gi:24642134,1,0.9587253339905112
P09089,gi:17530843,1,0.4289883897510397
gi:24582104,gi:24658567,1,0.8614351677965535
gi:17137234,gi:28573830,1,0.46469898194882964
gi:28571707,gi:28572987,1,0.3090195971223799
gi:24584835,gi:24667108,1,0.734043116223587
gi:18859889,gi:24661151,1,0.27014041554724594
gi:17986155,gi:21356415,1,0.7393639274515286
Q24570,gi:24640599,1,0.6165794198350218
gi:17647723,gi:24642452,1,0.6668895892484549
gi:18921139,gi:19922294,1,0.40675021470660927
gi:24646607,gi:24648966,1,0.32980880139069724
O77430,gi:19921154,1,0.3714090287781982
P02824,Q9VG82,1,0.986579464330484
gi:24666524,gi:24762669,1,0.8181804636239248
P29310,gi:24582268,1,0.5891388784310002
gi:24586167,gi:24647143,1,0.9177191512168716
gi:17137346,gi:24667211,1,0.5916902784241331
gi:19920776,gi:24762433,1,0.8654570279261219
gi:20129277,gi:28573466,1,0.9082860474218984
Q9V597,gi:21955284,1,0.8268553483550284
Q9W5Q1,gi:24651703,1,0.5782865532268306
gi:24643761,gi:24653514,1,0.636001391060071
gi:22024201,gi:24645384,1,0.812408328554639
O16867,Q01069,1,0.45256239052470076
Q9W3R7,gi:24585880,1,0.5468829139422121
gi:24640973,gi:24646169,1,0.41603214504320013
gi:18860011,gi:28573495,1,0.6350238284818226
gi:24638978,gi:24651185,1,0.8928857217440933
gi:17137344,gi:18543285,1,0.9906520298131866
gi:17647759,gi:24644617,1,0.2705566590855738
P17210,gi:19922144,1,0.8629395090558416
gi:24646365,gi:24653459,1,0.8738656512213402
Q94883,gi:24644365,1,0.24338125389360502
gi:19920406,gi:24663556,1,0.8127297017465704
gi:20130067,gi:24643078,1,0.28940954340822506
Q02645,Q9W0K7,1,0.2705566590855738
gi:24643347,gi:24644274,1,0.2344927883985483
gi:21355789,gi:24653999,1,0.20258637313755706
gi:24653538,gi:24666303,1,0.3512855693310601
P17276,gi:24661022,1,0.6335553966249884
gi:20130261,gi:30923537,1,0.4620754755092738
gi:20128793,gi:24646001,1,0.36055637209382824
gi:19920696,gi:24652930,1,0.9985363349397895
gi:17137616,gi:24650168,1,0.9857397103503815
gi:19921700,gi:21358181,1,0.3293425577179446
gi:24663462,gi:28572963,1,0.9967447325116913
gi:18858095,gi:24580815,1,0.6687619792736984
gi:19921362,gi:24647601,1,0.3407022166520228
gi:24645413,gi:24656486,1,0.8621890629913107
gi:21355757,gi:24643731,1,0.25169980408687587
P52295,gi:24648198,1,0.9777967059296763
P35381,gi:24645087,1,0.319553760338377
gi:24643817,gi:24646884,1,0.4768775240979616
gi:24649519,gi:24665489,1,0.4747723356156669
gi:19922480,gi:24639715,1,0.9805737292430815
Q9VRL2,gi:24648905,1,0.2790362693947917
gi:17137648,gi:17647803,1,0.269724575596179
Q05201,gi:24641689,1,0.9651014644289572
P49258,gi:24639187,1,0.9766622238931002
gi:17933624,gi:19922110,1,0.4185976615207393
gi:24584017,gi:24585795,1,0.6891476909255952
gi:20128797,gi:24582319,1,0.99973603510346
Q01644,gi:28574406,1,0.9903509665140843
gi:17647179,gi:17737989,1,0.5241431090536487
gi:18860545,gi:19922106,1,0.7004079880451143
gi:24644675,gi:24644677,1,0.9105457200522655
gi:17647341,gi:21355643,1,0.6891476909255952
P35381,gi:24665469,1,0.6034451503554185
gi:19921274,gi:20129433,1,0.7285842197543599
gi:24663949,gi:24666524,1,0.5553217698529703
P18502,P29052,1,0.8908507866716607
gi:17136788,gi:24651610,1,0.2790362693947917
P25867,P54611,1,0.7658627244808087
gi:17136864,gi:24584547,1,0.9702094222632154
gi:17137220,gi:24581901,1,0.8793800678058564
gi:18859657,gi:24650814,1,0.394002171680807
gi:17648085,gi:24583041,1,0.2798860693260834
gi:21356995,gi:24667063,1,0.9939210451826075
gi:21356337,gi:24668317,1,0.7348661951770745
gi:24644757,gi:24648592,1,0.3600700146162289
gi:19922220,gi:24664257,1,0.5474057550900943
Q01083,gi:24646073,1,0.8980530133725477
gi:17136810,gi:24652897,1,0.7858507861763471
gi:17737433,gi:24641567,1,0.6150817607656682
O16011,gi:17647755,1,0.9814385811758443
gi:17136920,gi:19921578,1,0.41603214504320013
gi:19920688,gi:24659304,1,0.4615510214657002
gi:24654355,gi:24657054,1,0.2790362693947917
gi:21356965,gi:24658342,1,0.788677968155842
gi:22023983,gi:24665016,1,0.319553760338377
gi:21357975,gi:28574707,1,0.48644755255988015
gi:24582319,gi:24642267,1,0.6905021771595458
gi:20130121,gi:24582212,1,0.6664206646248669
gi:24651028,gi:24661707,1,0.7651051131051934
gi:24639657,gi:24642744,1,0.3402283910271144
gi:24584494,gi:24654261,1,0.22657073512763554
Q01083,gi:21356741,1,0.7096952954903113
gi:21355917,gi:24649427,1,0.9098558363113209
P50887,Q24475,1,0.8454827704733384
P18502,gi:24583474,1,0.9750640574677133
gi:24642168,gi:28573671,1,0.22620117778141435
gi:19922686,gi:24653727,1,0.2344927883985483
gi:21356019,gi:24663011,1,0.690952948228034
gi:24581572,gi:28571356,1,0.8729323621853448
gi:19920464,gi:24657070,1,0.40675021470660927
P09082,gi:24641790,1,0.6559431068976144
gi:24666933,gi:28571396,1,0.8764399616631137
O97420,gi:24639086,1,0.43996195443834984
gi:17136506,gi:24664226,1,0.3823930007709409
gi:17933532,gi:20128797,1,0.9996956416193387
gi:17136294,gi:24667132,1,0.36055637209382824
gi:24647864,gi:28573466,1,0.8659476811559356
gi:24584968,gi:24649312,1,0.2520974479366904
gi:19922868,gi:24644242,1,0.7936169900071883
gi:28571396,gi:28573598,1,0.8004996891014836
gi:24585053,gi:24668006,1,0.4175709183069264
P06603,gi:21358101,1,0.8838213384166486
gi:24585679,gi:28573590,1,0.4274384201286716
gi:18859961,gi:24661830,1,0.6364897522028374
gi:24658786,gi:24666694,1,0.46364933672393044
gi:17137454,gi:28574555,1,0.7977335480485132
P17276,gi:24644675,1,0.9675825367722578
gi:21357817,gi:24650248,1,0.9969448738637049
gi:24640029,gi:28558744,1,0.6864289914611564
gi:24641344,gi:24654465,1,0.2344927883985483
gi:20129237,gi:24585154,1,0.2790362693947917
gi:24582283,gi:24651247,1,0.756206260074813
gi:19921758,gi:21357677,1,0.5336939691814582
gi:24640527,gi:24762376,1,0.36055637209382824
gi:24641555,gi:24648484,1,0.9926641673087819
Q9VJV9,gi:24656431,1,0.6477227635868326
gi:24642867,gi:24652770,1,0.48855635555156235
O17445,gi:28558744,1,0.9888671670310359
gi:24641480,gi:24648615,1,0.5927094647165868
P05205,gi:24638702,1,0.7654841310016038
gi:19921254,gi:21356397,1,0.65926890190031
gi:21357869,gi:24649122,1,0.21847929837228713
gi:24642235,gi:24646073,1,0.65926890190031
P49905,gi:20128963,1,0.6453116081729466
gi:21356973,gi:24762726,1,0.7373256419914825
gi:21357439,gi:21358429,1,0.2520974479366904
gi:19920622,gi:24585459,1,0.31909511144885117
P17210,gi:24648690,1,0.6808769521670589
gi:20130085,gi:24582699,1,0.9039487913707849
gi:17530857,gi:24652897,1,0.995638502613892
gi:21358129,gi:24668006,1,0.5589662372351882
gi:24652852,gi:28571396,1,0.8222769058328487
gi:21357161,gi:24668091,1,0.29956503309342614
gi:21355617,gi:24638625,1,0.9306512376238286
Q01644,gi:24659028,1,0.646759196370147
gi:21358507,gi:24640527,1,0.46364933672393044
gi:24652737,gi:24667211,1,0.6583202566999143
Q94524,gi:24639727,1,0.48486626278772893
gi:19921622,gi:24584167,1,0.4620754755092738
gi:24640233,gi:24655968,1,0.4631246342866618
gi:24585813,gi:24655759,1,0.756206260074813
gi:21357711,gi:28573264,1,0.9872381547806915
gi:20129887,gi:24641921,1,0.5087749429840783
gi:19921638,gi:24640986,1,0.29868026557648025
gi:24648981,gi:24649519,1,0.6150817607656682
gi:19922676,gi:24642261,1,0.5119387611722339
P49906,gi:17137296,1,0.5699460066437073
gi:24648668,gi:28571934,1,0.45308522533203444
gi:24582006,gi:24586621,1,0.8501559743270815
gi:24585813,gi:24666240,1,0.9662209049085937
gi:20128999,gi:24639653,1,0.3407022166520228
gi:19921912,gi:24580765,1,0.29868026557648025
P82910,gi:17737533,1,0.997966220156108
gi:24647367,gi:28574029,1,0.21847929837228713
P23023,gi:24585087,1,0.7534728318273323
P18459,gi:17136860,1,0.6696961795548196
gi:24586193,gi:28571891,1,0.7804158563987929
gi:24585813,gi:28571825,1,0.4626000134988968
gi:17933750,gi:24650439,1,0.24299289161232193
gi:24647233,gi:24661455,1,0.4289883897510397
gi:24650577,gi:24652946,1,0.2798860693260834
gi:17933750,gi:24653322,1,0.32980880139069724
gi:21686985,gi:26080381,1,0.5548006361080196
gi:17137616,gi:24642808,1,0.9783025258904284
Q8INW0,gi:19921274,1,0.9710613658040745
Q9VZD5,gi:24651498,1,0.3407022166520228
P19538,gi:28573674,1,0.9744934262718893
gi:21355851,gi:24642916,1,0.5678759669452562
gi:24584167,gi:24652999,1,0.9822717330210674
P18171,gi:22024131,1,0.2520974479366904
gi:21356855,gi:24651524,1,0.2991224618188889
Q9VWA2,gi:24655153,1,0.8949201697946472
gi:20129961,gi:24641410,1,0.2610181081278827
P28159,gi:21357163,1,0.3610430158705395
P48603,Q94920,1,0.6135819179919101
P05389,gi:24657801,1,0.31817886437248366
Q9VCR6,gi:24585873,1,0.5087749429840783
O97420,gi:24655888,1,0.8743300924729226
P07185,gi:24667917,1,0.7565950688138876
gi:19922480,gi:24581719,1,0.9648876245837288
gi:18859977,gi:28571891,1,0.7277488640308131
gi:21355167,gi:24667211,1,0.5916902784241331
gi:24646827,gi:24655751,1,0.6265882036249489
gi:24585981,gi:24650257,1,0.22657073512763554
gi:24583067,gi:24648668,1,0.8178663481997722
gi:18860055,gi:24668309,1,0.7377341188998534
O96860,gi:24651203,1,0.8674105723832798
Q03017,gi:24653385,1,0.9911682234836394
P02835,gi:24654530,1,0.45256239052470076
gi:24652789,gi:24664391,1,0.22657073512763554
gi:24645148,gi:24646017,1,0.9022562674654127
gi:17137224,gi:24664979,1,0.8738656512213402
gi:21356743,gi:24642836,1,0.7434765298878553
P13008,gi:24663802,1,0.973185641696249
gi:19921856,gi:28573662,1,0.6260943546024416
gi:21357547,gi:24653595,1,0.5336939691814582
gi:19920376,gi:24585481,1,0.3620171589930397
P52295,gi:17136972,1,0.5906703030673954
gi:17136854,gi:19921356,1,0.3600700146162289
P13097,gi:24643151,1,0.972052559525637
gi:24645425,gi:24657974,1,0.3934984617839398
Q9VTE5,gi:28573604,1,0.5098296396745938
gi:24581572,gi:24657671,1,0.8562772823603163
Q960T2,gi:24656362,1,0.4410020665348054
Q960T2,gi:21355653,1,0.33975488478365257
gi:17647459,gi:19921494,1,0.2524955080232646
gi:24655153,gi:28572055,1,0.8949201697946472
O62622,gi:24657109,1,0.3090195971223799
gi:24644250,gi:24665132,1,0.9059453177702189
gi:20130017,gi:20130269,1,0.41705781396281055
gi:20130151,gi:24638868,1,0.5098296396745938
gi:18860011,gi:24640689,1,0.7546468206965081
Q24260,gi:24643447,1,0.9570082027984629
gi:20129949,gi:24668429,1,0.33027538006280055
gi:19922024,gi:20130151,1,0.5453137742852792
P10987,Q94514,1,0.8107951003190943
P18432,gi:19920630,1,0.33975488478365257
gi:24654828,gi:28573431,1,0.3090195971223799
gi:23397595,gi:24644119,1,0.6808769521670589
gi:24645177,gi:28571678,1,0.9202585860642686
P02518,gi:18858205,1,0.7814987473078472
Q9VJE5,gi:20428645,1,0.24338125389360502
gi:24652930,gi:24662650,1,0.9626534536696619
gi:20129481,gi:21357753,1,0.2606112964508466
P40945,gi:24644642,1,0.40522357348902877
P23757,gi:24648840,1,0.5663218759268285
O77259,gi:24649427,1,0.5788010666785232
P13469,Q24564,1,0.9706433860360308
gi:24580965,gi:24656355,1,0.2798860693260834
gi:17737749,gi:18543197,1,0.28984368678254757
gi:17136692,gi:24667117,1,0.9638606923702788
P07187,gi:24642021,1,0.9597157750721843
gi:24649976,gi:28574553,1,0.4289883897510397
gi:19920436,gi:24650009,1,0.49919263223573096
gi:19920688,gi:24584007,1,0.5678759669452562
O16011,gi:24654383,1,0.9977719251521362
gi:19920912,gi:24645413,1,0.6602162726870373
P48593,gi:24642547,1,0.48697471101125145
gi:21355715,gi:24583726,1,0.32980880139069724
Q960T2,gi:24762324,1,0.2790362693947917
gi:24586098,gi:24647285,1,0.3615299451148602
P13060,gi:24652518,1,0.6873366602510026
gi:21355851,gi:24653614,1,0.69907796081609
gi:20128865,gi:24652438,1,0.3293425577179446
P07909,gi:24585156,1,0.7953397139105416
gi:24581314,gi:24665583,1,0.9985793786314917
gi:17933604,gi:24653584,1,0.46522392243561744
gi:24647609,gi:24657218,1,0.9871848744652005
P02835,gi:24644057,1,0.7651051131051934
gi:24582212,gi:24649327,1,0.6004115123089059
gi:17864566,gi:24651625,1,0.6014235936546437
P00444,gi:24664458,1,0.5204577536457422
P10041,gi:17136520,1,0.394002171680807
P13395,gi:24583218,1,0.43996195443834984
gi:19921758,gi:24583355,1,0.3512855693310601
gi:24655644,gi:24666323,1,0.78762098820356
gi:24582746,gi:24658492,1,0.6350238284818226
gi:19921710,gi:24660989,1,0.6972993723541508
gi:24582741,gi:24646737,1,0.4626000134988968
gi:19920448,gi:24664199,1,0.5336939691814582
gi:24665821,gi:28573115,1,0.5823978114406005
gi:20128953,gi:24639609,1,0.23487178043810159
P10987,Q9W2U9,1,0.6776589459558231
gi:24583332,gi:24641957,1,0.5447905261110968
O44783,gi:24645553,1,0.9233259311489178
gi:21355869,gi:28558748,1,0.9930554913839188
gi:19920808,gi:24649080,1,0.6379531449117253
gi:24654644,gi:24664458,1,0.5906703030673954
Q9W5U2,gi:24643118,1,0.7775093219476713
gi:20130199,gi:24655577,1,0.8836044927930984
gi:24583726,gi:28574115,1,0.319553760338377
gi:21356677,gi:21357761,1,0.9943926926092849
Q9V7D2,gi:24644026,1,0.28940954340822506
P14130,gi:24582104,1,0.5241431090536487
P40320,gi:24667917,1,0.8265530427586582
gi:18543285,gi:22024244,1,0.8762112684661802
gi:19920776,gi:24654325,1,0.9586417532363783
Q9XTM1,gi:20129011,1,0.5901600220441708
gi:17864418,gi:24583827,1,0.3714090287781982
gi:21357875,gi:28571396,1,0.9918998889197874
P54367,gi:24641790,1,0.6231257714262273
P52304,gi:17737871,1,0.6029400893911713
gi:24580619,gi:24642517,1,0.9342823325323746
gi:20128977,gi:21357837,1,0.3620171589930397
Q24117,gi:21358019,1,0.7260733333395897
gi:24582306,gi:24652846,1,0.5777718697576569
Q9VTF9,gi:24655888,1,0.5574050771117391
P29310,gi:24655036,1,0.8562772823603163
gi:22026831,gi:24639687,1,0.9024422012363089
P16378,Q06559,1,0.9669815316123955
O77051,gi:24640959,1,0.9063043028954714
gi:20129739,gi:24651247,1,0.4410020665348054
gi:24582383,gi:24584056,1,0.6696961795548196
P22464,gi:19921838,1,0.22620117778141435
gi:24650658,gi:24650873,1,0.6014235936546437
gi:24582540,gi:24650737,1,0.19513537572433676
gi:19921872,gi:24645869,1,0.4737200728516752
P42287,gi:24647609,1,0.970391846068143
gi:18543285,gi:24641555,1,0.9999010670752297
gi:19921140,gi:24762491,1,0.5347440893910714
gi:17647979,gi:24639715,1,0.9999423549459049
P07183,P31009,1,0.9576118424107534
gi:19921002,gi:24640578,1,0.5921999707134131
gi:24584906,gi:24644242,1,0.7430738819492595
gi:24585132,gi:24653536,1,0.3818947794511891
Q03017,gi:28574009,1,0.9767582232970679
Q9VC27,gi:24656486,1,0.6345346287431063
O46106,O76912,1,0.5442671790194767
gi:17137102,gi:24649996,1,0.2520974479366904
gi:21357817,gi:28573563,1,0.9999863290128148
gi:17864630,gi:24583965,1,0.982012672695705
gi:24658229,gi:24666997,1,0.5342190671989998
gi:20128985,gi:24661936,1,0.6260943546024416
gi:20129399,gi:28573662,1,0.41603214504320013
gi:17136412,gi:24659210,1,0.3407022166520228
P15330,P31009,1,0.9717645053216545
P18502,gi:18858069,1,0.9039487913707849
gi:24645581,gi:28574920,1,0.7298342334464777
gi:17864566,gi:24662634,1,0.8250352574671526
gi:21357417,gi:28571147,1,0.8035152698798727
gi:24666323,gi:28574757,1,0.7628221004629824
gi:21357969,gi:28574726,1,0.8440993899873654
O46036,gi:17136378,1,0.9645164188292235
gi:18921097,gi:24585384,1,0.2610181081278827
O97125,gi:24652940,1,0.3955146497551835
gi:24642882,gi:24649473,1,0.6275751095024333
gi:20129835,gi:28571789,1,0.623621184270228
gi:20128863,gi:24640233,1,0.9337405035408595
Q9W3R7,gi:24650924,1,0.7658627244808087
P23779,gi:21355581,1,0.40471509857545473
gi:21355361,gi:24654854,1,0.9059453177702189
Q9W0K4,gi:28571515,1,0.40624113256651906
gi:17933688,gi:24655153,1,0.9075805055879612
gi:17137620,gi:24647343,1,0.9063043028954714
gi:17647581,gi:24659086,1,0.48644755255988015
gi:20129277,gi:24663027,1,0.7088250376478972
gi:24656759,gi:28573879,1,0.6350238284818226
gi:20129291,gi:24642719,1,0.9082860474218984
gi:19922794,gi:20128797,1,0.9993798007796444
gi:19920696,gi:28573010,1,0.6340451511728595
Q27350,gi:21355075,1,0.4389223692854569
P14734,gi:21358569,1,0.8457582397140315
gi:20129579,gi:22026831,1,0.898246041086264
gi:20129859,gi:24664652,1,0.898246041086264
gi:21358569,gi:24640689,1,0.6369778321205511
gi:24650814,gi:28571865,1,0.49919263223573096
Q9V407,gi:17933748,1,0.4284715768649996
gi:17136692,gi:24649952,1,0.6808769521670589
gi:17137234,gi:28573879,1,0.8250352574671526
gi:17864630,gi:24648981,1,0.5927094647165868
gi:24641357,gi:24668519,1,0.2610181081278827
gi:20130085,gi:24648195,1,0.925996055417357
gi:21358333,gi:24665661,1,0.5447905261110968
Q9VPS5,gi:24642256,1,0.6559431068976144
gi:19921274,gi:24645058,1,0.8035152698798727
gi:24650575,gi:30923711,1,0.5103569557931482
O76924,gi:24581719,1,0.9992228289101193
gi:21357145,gi:24661359,1,0.5209843787238614
gi:24585358,gi:24665042,1,0.38388914508619953
gi:18859825,gi:24639715,1,0.9995119945809962
gi:24582283,gi:28571108,1,0.9064833343880817
Q24404,gi:19921566,1,0.8440993899873654
O16797,gi:24585236,1,0.9942093800423647
O16867,gi:21357365,1,0.475824822465761
gi:21355117,gi:21357483,1,0.370916523718302
gi:18859825,gi:20129437,1,0.5087749429840783
gi:19922896,gi:24664105,1,0.6054631799987537
gi:23397621,gi:24646737,1,0.9537410362435993
gi:18859989,gi:21356733,1,0.22657073512763554
P49905,gi:24648828,1,0.9933984601636667
gi:21358111,gi:23397621,1,0.6135819179919101
O16797,gi:24638995,1,0.8820767153063006
P02835,gi:24650192,1,0.523616781269337
gi:24583965,gi:24646212,1,0.9910940301079508
gi:21357113,gi:24581976,1,0.7977335480485132
gi:24582598,gi:24657185,1,0.33975488478365257
P08182,gi:24645148,1,0.9805267995392118
O16797,gi:24641148,1,0.9962153082974624
Q24141,gi:24650979,1,0.6350238284818226
gi:19922918,gi:24656362,1,0.3407022166520228
gi:21355717,gi:24648409,1,0.2982384448729169
O44226,gi:24582306,1,0.6453116081729466
gi:18858231,gi:24581719,1,0.9900020755309836
P82147,gi:28574303,1,0.8253396494522379
P28159,P49905,1,0.8970829990078306
gi:17137620,gi:21355873,1,0.6364897522028374
gi:24646318,gi:24663861,1,0.896692710661418
Q9VES1,gi:24661136,1,0.5442671790194767
gi:21358247,gi:24644498,1,0.8570545835780266
gi:24645769,gi:24655153,1,0.9684427401986472
gi:21357903,gi:24646365,1,0.9853133566728172
Q24311,Q24564,1,0.9744409244932623
gi:18858055,gi:24655741,1,0.9385726863129555
gi:21355657,gi:28571660,1,0.7538645809999961
gi:28574726,gi:28575006,1,0.6004115123089059
gi:28574303,gi:30923558,1,0.4965550303691921
P82910,Q24404,1,0.9982357319370002
gi:19920688,gi:24640289,1,0.5678759669452562
P50887,gi:24582926,1,0.6995216768626236
gi:24646928,gi:24662753,1,0.9614857177173114
gi:21355719,gi:24668816,1,0.33880883335984435
P25867,P42325,1,0.774145473137597
Q9U1M2,Q9W1C9,1,0.29868026557648025
P11455,gi:20129101,1,0.5782865532268306
Q02361,gi:24644207,1,0.6776589459558231
Q9W1P7,gi:24646114,1,0.3293425577179446
O97067,gi:19922518,1,0.36055637209382824
gi:20129859,gi:24646318,1,0.9644441300491604
gi:21357365,gi:22024283,1,0.9686356326231813
gi:21355581,gi:24656982,1,0.4394420954403789
gi:20129745,gi:24581719,1,0.9978965303152175
gi:18858101,gi:24662518,1,0.46417411966134337
gi:18857963,gi:24582757,1,0.6682943794200118
gi:18859929,gi:24653562,1,0.6379531449117253
gi:17136258,gi:24584547,1,0.9952027898065813
gi:24642799,gi:24648574,1,0.3934984617839398
P41374,gi:24647050,1,0.22657073512763554
gi:21355379,gi:21356041,1,0.568393702081657
gi:17738007,gi:24586270,1,0.8740980551605132
gi:17137220,gi:19922172,1,0.5813710466028804
P02824,P92208,1,0.9730199526316586
P55841,gi:24649797,1,0.4057322518230702
P18432,gi:24655577,1,0.8319799622522728
gi:21357511,gi:24584547,1,0.8549739671672304
gi:17137234,gi:24583799,1,0.29868026557648025
gi:24652852,gi:24657782,1,0.6009176607425054
gi:21358085,gi:24581719,1,0.9648876245837288
P18102,gi:21357479,1,0.2982384448729169
gi:17864328,gi:24665583,1,0.9454248055479579
O44437,gi:20129565,1,0.3402283910271144
gi:24648198,gi:24651939,1,0.7188102818084728
P23757,gi:28571495,1,0.5663218759268285
gi:22024201,gi:24650284,1,0.7393639274515286
gi:24656270,gi:24666879,1,0.2991224618188889
gi:24659210,gi:28574527,1,0.38388914508619953
gi:23397623,gi:24657684,1,0.9936717426885094
gi:17352479,gi:24642517,1,0.9990203312936
gi:24585242,gi:24649646,1,0.7722954233887245
gi:24639715,gi:24653350,1,0.9999978218714831
gi:19921136,gi:24641919,1,0.319553760338377
gi:24582592,gi:24650097,1,0.5209843787238614
gi:21357211,gi:24657671,1,0.9458586740087588
gi:20129129,gi:21687133,1,0.21024755827425512
Q05856,gi:21355163,1,0.951535870347693
P18102,gi:17136732,1,0.9329528788422393
P92208,Q9VHP2,1,0.41603214504320013
Q9U1H9,gi:24646664,1,0.21024755827425512
gi:17647979,gi:18858137,1,0.986579464330484
gi:24583929,gi:24644819,1,0.8191202814337073
gi:24584547,gi:24655187,1,0.9915507404305758
Q02926,gi:17136728,1,0.3288766497207673
gi:24645887,gi:24653690,1,0.45256239052470076
gi:24649564,gi:24655555,1,0.5694287230173659
gi:18859961,gi:24650208,1,0.9648757442163987
P07207,gi:24584494,1,0.4976100563283039
gi:21358339,gi:24665821,1,0.2606112964508466
P48555,gi:24656486,1,0.8926837403490734
gi:21357171,gi:24650670,1,0.22657073512763554
Q24141,gi:24639581,1,0.7546468206965081
gi:19921140,gi:24653061,1,0.46364933672393044
Q9W1Y1,gi:21357761,1,0.9968202954661566
gi:24642517,gi:28573486,1,0.9808531097066658
gi:24652842,gi:24663462,1,0.9956765119120389
Q9V6G5,gi:24651326,1,0.22657073512763554
gi:24646434,gi:24648401,1,0.3723948400618094
gi:17137074,gi:24663250,1,0.58034357632937
gi:24656168,gi:24657218,1,0.9471408448567159
gi:18543215,gi:24640233,1,0.955492955138573
P42003,gi:24641921,1,0.8512280412393141
gi:24581168,gi:24644057,1,0.6799592624033026
gi:20129301,gi:24646316,1,0.319553760338377
gi:19921326,gi:24581787,1,0.4289883897510397
gi:24646420,gi:24652930,1,0.8235070264947371
Q9W2N0,gi:24642021,1,0.6790401776611327
gi:24639687,gi:24664652,1,0.9142830646495826
gi:19920436,gi:24650914,1,0.5347440893910714
P19538,gi:24666434,1,0.9973269653547346
gi:21358615,gi:24581901,1,0.4274384201286716
gi:24586353,gi:24649452,1,0.29956503309342614
Q9VGS2,gi:18859929,1,0.7569834567418853
gi:24638774,gi:24646827,1,0.5927094647165868
gi:21355909,gi:24653649,1,0.9904112717239891
gi:19920344,gi:24645967,1,0.5818845177272746
P16163,gi:24646600,1,0.31863681258735244
gi:17737655,gi:24646928,1,0.7730367231776853
gi:24647685,gi:24657364,1,0.22620117778141435
gi:20130399,gi:21357181,1,0.5437437341478295
gi:24638691,gi:28571412,1,0.47635114701589937
gi:20130085,gi:24583012,1,0.9433000941990654
gi:24640777,gi:24663462,1,0.9975496733175709
P16378,gi:24585027,1,0.5119387611722339
gi:24642261,gi:24657160,1,0.40624113256651906
gi:19922560,gi:24640599,1,0.3615299451148602
gi:17137238,gi:24647058,1,0.25169980408687587
gi:24641616,gi:24649007,1,0.6799592624033026
gi:18921145,gi:19921830,1,0.3090195971223799
gi:19920696,gi:20128797,1,0.9999963190481583
gi:20129291,gi:24586067,1,0.8485359513812681
gi:24642517,gi:24651526,1,0.9617323593479148
Q9VDD9,gi:28573544,1,0.22620117778141435
gi:20129227,gi:24655153,1,0.9932444844525088
gi:18860011,gi:24668309,1,0.9787459437925449
gi:24647385,gi:28574726,1,0.9271445789637077
P51123,gi:24650248,1,0.851761696971497
O77434,gi:24639396,1,0.18789384875128695
P48149,gi:30923655,1,0.839841479735738
gi:20129291,gi:24656494,1,0.8659476811559356
gi:21357915,gi:24655474,1,0.8573129044849324
gi:24584835,gi:24586048,1,0.7609079437852779
gi:24641555,gi:24667285,1,0.886855680456386
P08182,gi:24641946,1,0.8375578077026974
gi:24639508,gi:28573662,1,0.41603214504320013
gi:24583067,gi:24648198,1,0.9831382367885652
P16371,Q01070,1,0.6999650194437866
P13060,gi:18860545,1,0.955492955138573
gi:24644819,gi:28574316,1,0.7302500979986095
gi:21357817,gi:24657782,1,0.9995829540277426
gi:24640164,gi:24641553,1,0.24338125389360502
gi:24581572,gi:24651939,1,0.8175518111149117
gi:24645446,gi:24657782,1,0.697744577066888
gi:21356083,gi:24642559,1,0.30947034608163926
gi:24640344,gi:24643052,1,0.21024755827425512
gi:21357761,gi:24651212,1,0.9996734709105505
gi:21357211,gi:24644250,1,0.9971327454610892
gi:17933748,gi:24664132,1,0.46364933672393044
gi:21358145,gi:24657619,1,0.5463599693360518
gi:18857963,gi:28574903,1,0.7807772480265328
gi:21357781,gi:24667117,1,0.9638606923702788
Q9V8K2,gi:17137758,1,0.6696961795548196
gi:21355917,gi:28573310,1,0.8976659839482531
Q9W5R8,gi:21355851,1,0.9806873104018513
gi:24582879,gi:24650348,1,0.9447495580619989
gi:17137760,gi:24646369,1,0.8117643100762174
gi:24583947,gi:24584039,1,0.4279549199645075
gi:24665583,gi:28573576,1,0.979144592828605
Q9VCZ8,Q9VW56,1,0.2794609716270164
Q9VQQ9,gi:17985991,1,0.5663218759268285
gi:21356355,gi:24582788,1,0.22657073512763554
Q9VNE9,gi:24654017,1,0.8194327117239476
gi:18859807,gi:24644592,1,0.6165794198350218
gi:18858231,gi:24586562,1,0.7734067332132954
gi:17136846,gi:20129967,1,0.5553217698529703
gi:18543301,gi:21356211,1,0.45308522533203444
gi:17137616,gi:24641148,1,0.9977340797192655
P42325,gi:17136926,1,0.41705781396281055
gi:24650714,gi:28571447,1,0.6905021771595458
gi:24580731,gi:24663131,1,0.778238521737612
gi:20129945,gi:20129967,1,0.5199310830985445
O44783,gi:24660872,1,0.900568600637132
gi:19921312,gi:24647498,1,0.9806539574736798
gi:24647609,gi:24652737,1,0.8372705107533475
gi:24647779,gi:24648643,1,0.5331687964913024
O96860,gi:24641792,1,0.8968880182645201
Q8INW0,gi:24583474,1,0.9874795583297782
P16378,gi:24650658,1,0.8446539500923629
gi:24640704,gi:28573034,1,0.4284715768649996
gi:19920906,gi:21358181,1,0.33975488478365257
gi:24583929,gi:24639806,1,0.4504721092130105
gi:24583067,gi:24645553,1,0.8565367728198511
gi:17998687,gi:24645621,1,0.5453137742852792
gi:21355799,gi:24646593,1,0.512465978066035
gi:19920448,gi:22024255,1,0.3512855693310601
Q9VGX3,gi:24581572,1,0.9239213465311501
gi:24583803,gi:28573590,1,0.9537410362435993
P19538,Q9V8K2,1,0.9969190577274776
gi:20129291,gi:21355477,1,0.8659476811559356
gi:24652946,gi:24654441,1,0.7624401154409656
gi:21355851,gi:24582755,1,0.4615510214657002
P36241,gi:21357223,1,0.33928169865193414
gi:24647609,gi:24668551,1,0.6864289914611564
gi:24641097,gi:28574582,1,0.8485359513812681
gi:24639885,gi:24641480,1,0.9193245486444921
Q24564,gi:24582516,1,0.9889635326116265
gi:17647757,gi:21358161,1,0.8738656512213402
gi:24581089,gi:24668026,1,0.3293425577179446
P40796,gi:24657567,1,0.24299289161232193
Q8INW0,Q94981,1,0.914805203016018
P55828,gi:24652882,1,0.7963682106944748
gi:19922030,gi:24646485,1,0.3620171589930397
gi:19922196,gi:24650013,1,0.25169980408687587
P54611,gi:24661689,1,0.6160804443365129
gi:24585242,gi:24659451,1,0.995629329861392
P40427,gi:20129901,1,0.8454827704733384
gi:17137616,gi:24640959,1,0.9835926662310311
gi:20129369,gi:28571955,1,0.3945061069561947
P07183,gi:24655121,1,0.9954593125607043
gi:24643497,gi:30923655,1,0.7569834567418853
Q24400,gi:30923613,1,0.9211827365924585
gi:21356927,gi:24661136,1,0.8838213384166486
gi:21355365,gi:24652720,1,0.33027538006280055
gi:19920376,gi:21357913,1,0.24299289161232193
O16011,gi:17737881,1,0.6972993723541508
gi:18858125,gi:20129865,1,0.6251058688342147
gi:21356415,gi:24668338,1,0.3945061069561947
gi:17137760,gi:24650658,1,0.9787459437925449
P41093,gi:28573799,1,0.8051756537590354
gi:19923016,gi:21357677,1,0.4626000134988968
P49905,gi:24646440,1,0.9095090998722032
gi:17137488,gi:21357999,1,0.4410020665348054
Q9NJH0,gi:24648776,1,0.7381421861901231
gi:18860099,gi:21355719,1,0.6486851301264698
gi:24649952,gi:28571487,1,0.4057322518230702
gi:17137752,gi:24640704,1,0.8976659839482531
gi:19921254,gi:24585236,1,0.7639655142351577
gi:24640164,gi:24647702,1,0.24338125389360502
gi:24639936,gi:24654828,1,0.3402283910271144
gi:24638845,gi:24640233,1,0.9828560986366237
gi:24586550,gi:24641831,1,0.9903341381853914
O18640,P40427,1,0.9648757442163987
P23757,gi:24659060,1,0.6009176607425054
gi:24647508,gi:24655153,1,0.963787117869802
gi:22024141,gi:24582212,1,0.905404528862781
Q24564,gi:28574726,1,0.9998650926903916
gi:17647755,gi:28573310,1,0.9693331898680705
gi:24583929,gi:24645538,1,0.6256002427085361
gi:21358201,gi:24654636,1,0.4404819451724985
P17276,gi:21357023,1,0.9859458606819784
gi:24581425,gi:28574903,1,0.3950102666387321
Q9VQQ9,gi:24667207,1,0.7269119009488341
gi:18859833,gi:20129563,1,0.5352690346054877
gi:18857963,gi:24655153,1,0.9971145896351031
gi:17864444,gi:24659237,1,0.8904397505666983
gi:22024283,gi:24643702,1,0.9999801670169471
Q9VEX9,gi:20129903,1,0.6155812243359019
P48461,gi:24642367,1,0.6808769521670589
gi:20128901,gi:21357417,1,0.7546468206965081
gi:19920978,gi:24638571,1,0.5463599693360518
gi:21357953,gi:21358161,1,0.6251058688342147
gi:17647281,gi:24668824,1,0.2794609716270164
gi:24642884,gi:24667330,1,0.8159727956540453
P23696,gi:24644214,1,0.9610931103731958
gi:24666579,gi:28572018,1,0.27014041554724594
P23696,gi:21355717,1,0.9131183722343909
gi:24647572,gi:24667246,1,0.6384403761062153
gi:24584296,gi:24640672,1,0.6448284853363413
gi:24581719,gi:28574406,1,0.9998592288979354
gi:21356727,gi:24641209,1,0.8688599169664007
gi:24646318,gi:24647905,1,0.9730199526316586
Q24564,gi:24580900,1,0.9952744447985726
P07487,gi:24640903,1,0.49919263223573096
P49258,gi:24586270,1,0.9578680580745674
P50882,gi:17647723,1,0.8031819132461732
gi:21356313,gi:21357761,1,0.9968202954661566
gi:18859635,gi:20129067,1,0.8244252198261934
gi:20128797,gi:24658772,1,0.9999867362690927
gi:21357875,gi:21358039,1,0.9692704013934655
gi:24586472,gi:24640599,1,0.269724575596179
gi:24642799,gi:24644242,1,0.9774272431061997
P19538,P41044,1,0.9557762086614422
gi:24580513,gi:28574443,1,0.9213358063037708
gi:17137710,gi:24586562,1,0.7973928555480916
Q24117,gi:24663861,1,0.8922787721592683
gi:24642588,gi:24658370,1,0.7004079880451143
P48149,gi:28574150,1,0.7200880158492433
gi:19920424,gi:24644778,1,0.2889757857047761
gi:18859825,gi:24652268,1,0.8322747284961425
Q24297,gi:20129565,1,0.3728881445229649
Q9VGX3,gi:20128901,1,0.5584459784979052
gi:17137452,gi:24644214,1,0.7818588548786386
P42325,gi:24640777,1,0.8127297017465704
gi:17316365,gi:24655474,1,0.556363671258815
P41093,gi:18859961,1,0.8454827704733384
gi:20130331,gi:24655170,1,0.6785801137403709
P39572,gi:20128797,1,0.99973603510346
gi:19922186,gi:24583724,1,0.46364933672393044
gi:19922260,gi:24653385,1,0.9199483429182089
gi:24585943,gi:24586621,1,0.8035152698798727
Q9VUJ0,gi:28558744,1,0.7442805849450052
gi:17864256,gi:24650814,1,0.49919263223573096
Q9VGX3,gi:19923044,1,0.6597427469621088
gi:17737533,gi:18079297,1,0.7171011244850488
gi:17933748,gi:18859851,1,0.394002171680807
P13096,P13097,1,0.7807772480265328
gi:24667063,gi:28573427,1,0.9858284229135996
gi:21355641,gi:21357653,1,0.5798295792882568
gi:21358025,gi:24642628,1,0.25169980408687587
P21461,gi:24653385,1,0.9981436035594087
Q9V4Q0,gi:28571934,1,0.2610181081278827
gi:24650530,gi:28571660,1,0.6664206646248669
gi:19921976,gi:24656346,1,0.3723948400618094
gi:19921312,gi:28572120,1,0.9613421651346039
gi:21355681,gi:24643375,1,0.38388914508619953
gi:21355613,gi:24586311,1,0.23487178043810159
P07666,gi:20130125,1,0.5553217698529703
gi:24647638,gi:28573846,1,0.3498443399644219
gi:19922516,gi:24650658,1,0.9677805122251212
gi:19923028,gi:24650124,1,0.4509945185911777
P42287,gi:28573662,1,0.9142830646495826
Q95028,gi:21687092,1,0.7079532445492872
gi:24580914,gi:24645053,1,0.7466828053204454
gi:18858055,gi:28574675,1,0.6706290427214929
P54733,gi:20129061,1,0.868619297197789
Q9U3Y5,gi:24657054,1,0.2790362693947917
gi:18859713,gi:24663043,1,0.774145473137597
Q24564,Q9Y0A7,1,0.9806539574736798
gi:17737655,gi:28573879,1,0.8446539500923629
gi:21357995,gi:24644242,1,0.9550421151513216
P02824,gi:24644057,1,0.969018000474221
Q9XZT0,gi:28573563,1,0.8910557968727094
gi:20129941,gi:24583827,1,0.33880883335984435
Q95YI5,gi:24656137,1,0.21847929837228713
gi:28573278,gi:28574742,1,0.7862056834188993
gi:24659829,gi:28573133,1,0.2614253303070255
gi:19922676,gi:24666442,1,0.32980880139069724
gi:21358165,gi:24656026,1,0.2794609716270164
gi:24643702,gi:24651265,1,0.9910192191011019
gi:24640804,gi:24652999,1,0.7356876440870845
gi:18859635,gi:24641935,1,0.7793291141061179
gi:21357875,gi:28571445,1,0.9597157750721843
gi:24640042,gi:24663043,1,0.33928169865193414
P34739,gi:24646369,1,0.31863681258735244
gi:19921140,gi:28573034,1,0.4284715768649996
gi:18858125,gi:24658086,1,0.8188074300892637
Q9V3P0,gi:18858235,1,0.21811921688530922
P91929,gi:24642543,1,0.5568844366869163
gi:19923032,gi:24645902,1,0.44152231741611286
gi:24642267,gi:24648690,1,0.7200880158492433
gi:20130085,gi:21356453,1,0.8762112684661802
gi:17933736,gi:28572980,1,0.6039499908762794
gi:21355617,gi:28574950,1,0.7977335480485132
gi:24581205,gi:24665297,1,0.7109977956151154
gi:17738153,gi:24645309,1,0.38289146943458485
gi:24642517,gi:24651179,1,0.9709425357267671
gi:21358455,gi:28573403,1,0.2790362693947917
P48603,gi:24657891,1,0.4731940284073014
Q06559,gi:19920912,1,0.9712387273505177
gi:21355911,gi:28573563,1,0.943412848751608
gi:19549546,gi:24666323,1,0.6120799168516209
gi:24639885,gi:24663035,1,0.8078645315689339
gi:24646530,gi:24657454,1,0.22657073512763554
gi:24582306,gi:24643634,1,0.9962548804832029
gi:24651006,gi:24659166,1,0.3512855693310601
gi:19921648,gi:24663336,1,0.6999650194437866
P29310,gi:17737425,1,0.997966220156108
O02195,gi:24665229,1,0.6995216768626236
Q24423,gi:24650782,1,0.2982384448729169
gi:21355717,gi:24581838,1,0.5352690346054877
P00528,gi:24657023,1,0.9333477715149704
Q01644,Q9V9S8,1,0.4731940284073014
gi:24646718,gi:24650658,1,0.6981894103974287
gi:18858161,gi:24581467,1,0.9862971870865194
P19538,gi:24583873,1,0.988986540164408
gi:21356695,gi:24650284,1,0.5704631375959077
gi:17864128,gi:22024059,1,0.4185976615207393
Q23985,gi:24641732,1,0.9384509165492521
gi:24645058,gi:28573817,1,0.6350238284818226
gi:24642563,gi:24666323,1,0.6453116081729466
gi:21687092,gi:24641578,1,0.9096826179652983
gi:17864274,gi:24642484,1,0.7105640143990507
gi:20129403,gi:21357099,1,0.31909511144885117
Q9VZS3,gi:21358103,1,0.4289883897510397
P11455,gi:24662384,1,0.5782865532268306
gi:17137452,gi:24585795,1,0.8389881623921122
Q24117,gi:28572043,1,0.9440849611455376
gi:20128863,gi:28571965,1,0.6573703429775132
Q06559,gi:24665661,1,0.9959844802352389
gi:24583965,gi:24648127,1,0.8482645529971164
gi:24647885,gi:24667833,1,0.370916523718302
P35415,gi:18858161,1,0.9955738886112452
gi:19921648,gi:24642867,1,0.48855635555156235
Q9Y0I1,gi:24649671,1,0.2606112964508466
P11147,gi:19920776,1,0.9975071905390634
gi:19922186,gi:24585132,1,0.8578283788811649
gi:17137528,gi:19920866,1,0.6477227635868326
P19538,gi:24666933,1,0.9744934262718893
gi:17137296,gi:21358569,1,0.8634378945340203
gi:18858161,gi:24639687,1,0.9932303110265388
gi:24585205,gi:24663304,1,0.45308522533203444
gi:24643151,gi:28573467,1,0.6472411296672146
P82711,gi:24646114,1,0.29868026557648025
gi:22026843,gi:24659100,1,0.5699460066437073
O16797,Q24395,1,0.734043116223587
P49258,gi:24647845,1,0.4620754755092738
gi:17137620,gi:20304109,1,0.4976100563283039
gi:21357669,gi:24664023,1,0.5574050771117391
P91928,Q960T2,1,0.30856921131348064
gi:24580731,gi:24581574,1,0.9048609571024738
P13008,gi:28573590,1,0.9646605719218077
Q9W5U2,gi:24582283,1,0.4274384201286716
gi:24641827,gi:24762726,1,0.5087749429840783
gi:19921140,gi:24639782,1,0.9389366459794957
P08175,gi:24649007,1,0.812408328554639
gi:24642691,gi:24642884,1,0.886855680456386
gi:24666818,gi:28573662,1,0.4509945185911777
gi:24643702,gi:24762418,1,0.9074033599965761
gi:20129291,gi:24658164,1,0.8816370277125589
gi:28571515,gi:28573466,1,0.9459666319681651
gi:18859717,gi:20128863,1,0.5204577536457422
gi:24581719,gi:28573264,1,0.9989669563199299
gi:17864162,gi:24666524,1,0.9916735946351779
gi:24647083,gi:24649452,1,0.3620171589930397
gi:22024201,gi:28574296,1,0.4404819451724985
gi:21355663,gi:28571519,1,0.19513537572433676
gi:17137700,gi:24654263,1,0.41705781396281055
gi:21356337,gi:24668563,1,0.9386942309031795
gi:19921230,gi:21356211,1,0.5937278537945282
gi:24581602,gi:24646718,1,0.22620117778141435
gi:24640211,gi:24643761,1,0.6024348089642767
gi:24643731,gi:28571565,1,0.40675021470660927
gi:24652930,gi:24663292,1,0.9858872622045153
O61351,P48598,1,0.4295053575421735
Q9VG82,gi:21357145,1,0.5093023016806608
gi:24650124,gi:28573278,1,0.9794865366137172
gi:24645583,gi:24657782,1,0.6345346287431063
gi:24662431,gi:24762837,1,0.6986338718211824
P48603,Q9W1Y7,1,0.8683783028141157
gi:21355909,gi:28573173,1,0.9647324367446427
P17886,gi:24668309,1,0.9852827898836108
P10987,gi:28574893,1,0.7632036620318647
gi:21356767,gi:24654383,1,0.6972993723541508
gi:24655577,gi:24665583,1,0.9985793786314917
gi:24585813,gi:24649109,1,0.8048444299497718
gi:17136488,gi:24645058,1,0.7273305832336047
gi:24643303,gi:24667117,1,0.9910567021228883
O18404,gi:19921710,1,0.8244252198261934
gi:17137586,gi:24639685,1,0.28854241412290604
gi:19921976,gi:21355873,1,0.319553760338377
gi:24656168,gi:24657684,1,0.9576974126637585
gi:24655474,gi:24656764,1,0.556363671258815
gi:19920692,gi:24584067,1,0.4742461756417152
Q9VHB6,gi:24667093,1,0.2614253303070255
gi:20130425,gi:28573729,1,0.8691001624583095
gi:24585079,gi:24586621,1,0.6486851301264698
Q24117,gi:19921842,1,0.6968537967863396
gi:24645581,gi:24654828,1,0.5589662372351882
gi:24581248,gi:24660075,1,0.24338125389360502
gi:19920866,gi:24647508,1,0.7381421861901231
gi:21358161,gi:24659272,1,0.9245125162098597
gi:24580731,gi:24655095,1,0.7526880758266931
Q9W3C1,gi:24585358,1,0.31909511144885117
P29742,Q27350,1,0.7893804791924228
P08182,P18432,1,0.887699861207696
gi:17864176,gi:18859635,1,0.6664206646248669
gi:20129227,gi:24666524,1,0.9613291332297932
gi:24762745,gi:28571506,1,0.28940954340822506
gi:17864460,gi:21357019,1,0.7298342334464777
gi:21358201,gi:24586506,1,0.37190180118610394
Q9U405,gi:19921312,1,0.9916764891352773
gi:24585154,gi:24644638,1,0.3723948400618094
gi:24582370,gi:24646190,1,0.319553760338377
gi:24665950,gi:28571481,1,0.40624113256651906
Q27350,gi:28573173,1,0.9472463887565797
P13582,P23938,1,0.21847929837228713
gi:21357593,gi:30923526,1,0.2344927883985483
Q9W3R7,gi:19920576,1,0.7393639274515286
gi:24655036,gi:24658110,1,0.4295053575421735
gi:24651451,gi:28573195,1,0.49972016269899394
gi:21357455,gi:21358201,1,0.7658627244808087
gi:17737503,gi:24639414,1,0.5225639694819275
gi:21355603,gi:24641689,1,0.9599732793817496
gi:20130425,gi:24654479,1,0.9173999149079005
gi:24585313,gi:24653245,1,0.3407022166520228
P10084,Q01069,1,0.4175709183069264
P55828,gi:28573729,1,0.9420266388080577
gi:24584039,gi:24644242,1,0.9774272431061997
gi:24580513,gi:28573310,1,0.959634115506023
gi:21355917,gi:24638894,1,0.7569834567418853
P15330,gi:24662048,1,0.9970335437035162
P41043,gi:21356265,1,0.36055637209382824
gi:24645869,gi:24658772,1,0.9756222418993153
gi:24667063,gi:28574764,1,0.9570082027984629
gi:20130357,gi:24640982,1,0.2524955080232646
P08175,gi:24666053,1,0.7393639274515286
gi:18859631,gi:24652686,1,0.27014041554724594
gi:17647155,gi:24656486,1,0.8621890629913107
P48149,gi:17737917,1,0.4515170360227507
P02517,gi:24640867,1,0.3934984617839398
gi:20130345,gi:24653649,1,0.9492311798261063
gi:20129291,gi:24762688,1,0.8659476811559356
gi:24638845,gi:24654644,1,0.8544498994687201
gi:22026843,gi:24644059,1,0.6701627786171899
gi:24582006,gi:24651377,1,0.7624401154409656
gi:24644422,gi:28573830,1,0.6472411296672146
gi:17864572,gi:24639687,1,0.5921999707134131
gi:24640777,gi:24657344,1,0.43996195443834984
P17276,gi:24639904,1,0.665951410542753
gi:17737425,gi:19922166,1,0.9414477490735977
gi:20129433,gi:24584719,1,0.4620754755092738
gi:24649039,gi:24659282,1,0.21811921688530922
P17276,gi:24654471,1,0.8778045097207581
Q24338,gi:24645011,1,0.4742461756417152
Q24404,gi:28573684,1,0.8440993899873654
gi:20129291,gi:24663344,1,0.9459666319681651
O44783,gi:24654046,1,0.715385691837603
gi:17986113,gi:19922100,1,0.9338709357806769
P07183,gi:20128797,1,0.9999913483728292
gi:21356003,gi:28573310,1,0.8322747284961425
gi:24585481,gi:24639304,1,0.40624113256651906
gi:24655153,gi:24667063,1,0.999938154732691
gi:19922670,gi:24648044,1,0.4295053575421735
gi:24652999,gi:24663462,1,0.9999195186545329
gi:24640713,gi:24658772,1,0.8449306259267994
gi:24648981,gi:24663556,1,0.5584459784979052
Q24133,gi:24582210,1,0.5548006361080196
gi:21357969,gi:24583929,1,0.7192365875384108
gi:21357117,gi:21358115,1,0.21024755827425512
gi:24642799,gi:24647638,1,0.8265530427586582
Q9VGS2,gi:21357761,1,0.9991155447141943
gi:24640672,gi:24652561,1,0.6448284853363413
gi:24655406,gi:24657160,1,0.2705566590855738
gi:24642021,gi:24666096,1,0.868619297197789
gi:19920706,gi:20129369,1,0.5906703030673954
P20153,gi:24639926,1,0.2614253303070255
gi:24581314,gi:24585635,1,0.8111185946677181
P07666,gi:24646318,1,0.9950057884924741
gi:24584798,gi:24641831,1,0.9972986904609239
O02194,gi:24647648,1,0.28984368678254757
gi:18860537,gi:24652071,1,0.4768775240979616
gi:17647979,gi:24584032,1,0.8307967624902867
gi:19921122,gi:24640817,1,0.8460333072870969
gi:21356235,gi:21357495,1,0.6701627786171899
P21461,gi:24662159,1,0.5777718697576569
gi:18859837,gi:24583691,1,0.2798860693260834
gi:20130199,gi:24663511,1,0.33928169865193414
gi:20129433,gi:21358067,1,0.4620754755092738
P11420,gi:24650196,1,0.31863681258735244
gi:20129731,gi:21357495,1,0.46364933672393044
gi:17933676,gi:24650248,1,0.5453137742852792
gi:19922000,gi:24643530,1,0.29956503309342614
gi:24584043,gi:24640806,1,0.8621890629913107
gi:21355231,gi:24646827,1,0.48697471101125145
P17886,gi:24649499,1,0.941563959042063
gi:19921312,gi:24643702,1,0.999998935935458
Q9V9A8,gi:22026880,1,0.3818947794511891
gi:24640959,gi:24664458,1,0.9243651204887527
Q9GU68,gi:17136412,1,0.45256239052470076
gi:24643439,gi:24649019,1,0.19513537572433676
gi:21355871,gi:24651599,1,0.28854241412290604
gi:24582096,gi:24658567,1,0.975370048146441
Q24400,gi:24645058,1,0.9787459437925449
gi:24643911,gi:24668519,1,0.2344927883985483
gi:24581719,gi:28573830,1,0.9768140203722404
P19538,gi:24762491,1,0.9806939497013144
gi:24649080,gi:24662356,1,0.6701627786171899
gi:24640566,gi:24642123,1,0.20258637313755706
gi:17137760,gi:24649499,1,0.8840378330733444
gi:24581719,gi:24585943,1,0.9995602187528349
gi:21356615,gi:28574582,1,0.7851397065297625
Q9NJH0,gi:24639541,1,0.5098296396745938
gi:17647335,gi:17647939,1,0.3293425577179446
P02843,gi:26080381,1,0.9334789217737908
Q8IGR0,gi:24641493,1,0.8256436237896303
gi:24650182,gi:24655228,1,0.6014235936546437
gi:24654479,gi:24659237,1,0.998025996728104
gi:21358039,gi:24654874,1,0.5437437341478295
gi:19921422,gi:28571865,1,0.30947034608163926
gi:18860099,gi:24645887,1,0.5937278537945282
gi:17137732,gi:17933560,1,0.269724575596179
gi:20129433,gi:24649183,1,0.9719951779423369
O96860,gi:20129301,1,0.7872678046563252
P19538,gi:24667974,1,0.9744934262718893
Q24133,gi:24661136,1,0.9872647128835944
gi:24659451,gi:24664697,1,0.8085187452594256
gi:18543215,gi:24585156,1,0.997309095285882
gi:21356777,gi:24648078,1,0.2520974479366904
gi:24582339,gi:28571445,1,0.9732955509192832
gi:19921554,gi:24581901,1,0.9178783478395416
P07207,gi:17137572,1,0.9845568736618858
gi:24643822,gi:28574529,1,0.9278540433601925
gi:24640005,gi:24647143,1,0.6029400893911713
Q27324,gi:24651454,1,0.3090195971223799
gi:24580841,gi:24585681,1,0.5813710466028804
gi:24580674,gi:24639569,1,0.2606112964508466
Q9VD25,gi:24584828,1,0.851761696971497
Q8INW0,gi:19921036,1,0.9427331474608239
gi:17137764,gi:24640631,1,0.3402283910271144
P19538,gi:24639681,1,0.9832138428241329
gi:17136378,gi:24762779,1,0.7385498435710078
gi:21357871,gi:24585051,1,0.3293425577179446
gi:18857963,gi:24639659,1,0.5326435502820489
gi:19920932,gi:24656644,1,0.5331687964913024
Q9VVT2,gi:24641042,1,0.28984368678254757
gi:19920978,gi:24653514,1,0.5108842488637899
gi:17137344,gi:24582858,1,0.6034451503554185
gi:18543285,gi:24640430,1,0.9996908974083953
gi:17864566,gi:17986187,1,0.5668400527774922
Q9VRJ8,gi:24651589,1,0.21811921688530922
gi:21357363,gi:24654677,1,0.35080485670035144
gi:20130199,gi:28574582,1,0.964080553571423
Q24117,gi:19922680,1,0.665951410542753
gi:17737805,gi:28573207,1,0.58034357632937
P11147,Q24570,1,0.8253396494522379
gi:21356741,gi:21357023,1,0.7377341188998534
P09083,gi:24655341,1,0.269724575596179
gi:24650248,gi:24655047,1,0.4042068280916938
P18289,gi:24638625,1,0.7883260699571287
P00528,gi:24655741,1,0.9983896468345255
gi:24646766,gi:24662765,1,0.23487178043810159
O01382,gi:24643666,1,0.3090195971223799
gi:21356739,gi:24648828,1,0.8181804636239248
gi:17737655,gi:24584736,1,0.6165794198350218
P46824,gi:24644422,1,0.8514950670111249
gi:24585331,gi:24661685,1,0.2606112964508466
gi:24644888,gi:24762594,1,0.48697471101125145
P50887,gi:24646073,1,0.9063043028954714
P08182,gi:24655741,1,0.9989490199356769
gi:24650202,gi:24762566,1,0.4737200728516752
gi:24582048,gi:24662729,1,0.5204577536457422
gi:24580712,gi:24659221,1,0.3728881445229649
gi:24642588,gi:24665132,1,0.6701627786171899
gi:24643375,gi:24661662,1,0.41808420117628076
gi:24762383,gi:28572963,1,0.6597427469621088
gi:28573466,gi:28573893,1,0.9911126361585408
gi:24584039,gi:24655741,1,0.9729089406834307
gi:24583470,gi:24762726,1,0.5793154090520658
P22807,gi:24665583,1,0.9683781880561547
gi:24641616,gi:24652101,1,0.7466828053204454
gi:17137692,gi:24641042,1,0.6019293100573035
O44424,gi:24639715,1,0.999632917306161
gi:24586098,gi:28573264,1,0.5678759669452562
P22058,gi:24647942,1,0.6486851301264698
P02824,gi:24654441,1,0.9983964177304253
Q9NJH0,gi:24647905,1,0.9310586847095931
gi:17136646,gi:28574920,1,0.6044546099748522
gi:21687037,gi:28573491,1,0.28940954340822506
P16371,Q27350,1,0.9396585238129574
gi:24639715,gi:24641781,1,0.9927431254335723
gi:21356337,gi:21357211,1,0.999705639705814
Q02360,gi:24666096,1,0.774145473137597
gi:17137802,gi:24647779,1,0.4620754755092738
gi:17136720,gi:21358247,1,0.7722954233887245
Q24180,gi:24644165,1,0.37338171368508716
gi:24651564,gi:24667569,1,0.2889757857047761
Q9NIP6,gi:24582598,1,0.2790362693947917
gi:18543225,gi:20129721,1,0.24299289161232193
P48149,gi:24585236,1,0.9210293945584125
P82910,gi:24645300,1,0.97422105926308
gi:24638609,gi:24650420,1,0.8188074300892637
gi:19920866,gi:24662650,1,0.884253977133747
gi:17137752,gi:30923613,1,0.9307873003366586
Q9VVF3,gi:24648281,1,0.22620117778141435
P17276,gi:24649692,1,0.665951410542753
gi:21355909,gi:24642884,1,0.9963876300802108
P08646,gi:19920776,1,0.9291381300463889
gi:21356973,gi:24638976,1,0.44152231741611286
gi:17137752,gi:24655187,1,0.9732955509192832
P15330,Q03017,1,0.9877887915819208
gi:18859825,gi:24584536,1,0.5793154090520658
gi:24583234,gi:24585242,1,0.6886954730732184
gi:20129853,gi:24664423,1,0.3090195971223799
gi:24585795,gi:24586133,1,0.556363671258815
gi:17986155,gi:24648294,1,0.9095090998722032
Q9VIU7,gi:24585236,1,0.4731940284073014
gi:19921242,gi:24585156,1,0.6873366602510026
gi:19920350,gi:28573740,1,0.3945061069561947
gi:24657153,gi:24762506,1,0.2790362693947917
Q9VX09,gi:24641689,1,0.9216664470470409
gi:18858949,gi:28572090,1,0.29956503309342614
gi:24648981,gi:24650786,1,0.4300224791566088
gi:21357017,gi:24658577,1,0.3955146497551835
gi:24646114,gi:28571396,1,0.943412848751608
gi:24649646,gi:24654522,1,0.6049590066740793
gi:17137252,gi:24640268,1,0.3723948400618094
O18640,Q8T0S6,1,0.9796974577199867
gi:19922144,gi:24664458,1,0.9806873104018513
gi:21358507,gi:24652897,1,0.8299050153002681
gi:21355547,gi:21356511,1,0.22657073512763554
gi:24651451,gi:24655888,1,0.5921999707134131
P54733,gi:24643530,1,0.41705781396281055
gi:19921250,gi:24639448,1,0.7893804791924228
gi:20129277,gi:24582294,1,0.8241195738098755
O44783,gi:24640353,1,0.9997341729646723
gi:24650124,gi:24663228,1,0.8743300924729226
Q9VPS5,gi:24585803,1,0.6231257714262273
gi:21358631,gi:24659237,1,0.956572014091531
gi:21357853,gi:24640510,1,0.5220374878077179
O18640,gi:24665661,1,0.969395854100447
gi:21358555,gi:28571447,1,0.6265882036249489
gi:17864460,gi:24582858,1,0.5347440893910714
O16011,gi:24640233,1,0.9574402053680078
Q9GU68,gi:28574707,1,0.7734067332132954
P42287,P51123,1,0.8331565497496457
gi:24584835,gi:24647909,1,0.734043116223587
gi:24585242,gi:28573427,1,0.9557613867668052
gi:21356401,gi:21357915,1,0.3081191892177415
gi:17864154,gi:20128797,1,0.9991755663170141
gi:17136294,gi:17933604,1,0.5699460066437073
gi:21357669,gi:24650202,1,0.9395387678871392
gi:24640704,gi:28574949,1,0.6379531449117253
P18105,gi:24583358,1,0.19513537572433676
gi:24584938,gi:24639715,1,0.9705228917180826
gi:19920406,gi:24641921,1,0.9100287553016662
gi:21356595,gi:24649158,1,0.9872912164291023
gi:24654578,gi:28574296,1,0.4289883897510397
P18459,gi:24648549,1,0.6039499908762794
gi:20129077,gi:21356157,1,0.30947034608163926
gi:19922820,gi:24660188,1,0.3723948400618094
Q9V5C6,gi:19922922,1,0.19513537572433676
gi:21355777,gi:24647831,1,0.22657073512763554
Q01644,gi:17136854,1,0.9307873003366586
gi:24644739,gi:24645285,1,0.28984368678254757
gi:20129709,gi:24584043,1,0.5663218759268285
P52295,gi:24650311,1,0.9493327732288125
P10333,gi:24657292,1,0.32980880139069724
O44783,gi:17136778,1,0.7696874467670636
gi:24641449,gi:24654765,1,0.3823930007709409
P07187,gi:24646318,1,0.9822349499451384
gi:17647677,gi:24643516,1,0.7708077074757275
gi:21356797,gi:24645419,1,0.3823930007709409
gi:24650248,gi:24654944,1,0.5453137742852792
O02195,gi:18860545,1,0.6374656299703813
gi:21356031,gi:24655366,1,0.5921999707134131
P55162,gi:17933736,1,0.3934984617839398
gi:20128797,gi:24585169,1,0.9994620891089356
gi:24661166,gi:24664154,1,0.28940954340822506
Q24141,gi:24586373,1,0.6350238284818226
gi:19922440,gi:28572036,1,0.7730367231776853
gi:24639740,gi:24650356,1,0.6914033561805363
Q9VCR6,gi:21356815,1,0.8838213384166486
gi:20128985,gi:24662729,1,0.9493327732288125
gi:24582598,gi:24655905,1,0.2790362693947917
gi:21357387,gi:24656564,1,0.25169980408687587
O16011,gi:21355597,1,0.8244252198261934
Q24260,gi:20130085,1,0.971356381890009
gi:24640353,gi:24667258,1,0.9625775168268527
gi:21355331,gi:24657218,1,0.6472411296672146
gi:19922106,gi:24650873,1,0.3293425577179446
gi:17136212,gi:24661826,1,0.5813710466028804
gi:24640353,gi:24641156,1,0.9837283255798323
gi:20428641,gi:28574726,1,0.97547122939146
gi:24582212,gi:24585112,1,0.6664206646248669
gi:24646199,gi:24655121,1,0.9786138574612387
P19109,gi:17137642,1,0.7200880158492433
P42325,gi:24668824,1,0.5932187594157114
gi:21358081,gi:24642691,1,0.5352690346054877
P11455,gi:24642517,1,0.999445581753118
Q95RI5,gi:17647979,1,0.7869141926704036
P05389,gi:24654595,1,0.9360730575228479
gi:19922670,gi:24662830,1,0.6701627786171899
P45594,gi:24639124,1,0.5709801147907655
gi:24644994,gi:28574153,1,0.23487178043810159
gi:24585205,gi:24640973,1,0.6900510435405517
Q9VEX9,gi:24646009,1,0.7654841310016038
gi:24641831,gi:24667521,1,0.98049317492331
gi:24581155,gi:24640353,1,0.9356931988050503
gi:24581787,gi:24641689,1,0.9541273482586561
gi:24580543,gi:24663802,1,0.4504721092130105
gi:20130281,gi:24580799,1,0.2606112964508466
gi:21355917,gi:24656644,1,0.8791560660440529
Q9VJV9,gi:24647570,1,0.32980880139069724
P17704,gi:20129907,1,0.5119387611722339
P17917,gi:17136852,1,0.2794609716270164
gi:24581314,gi:24647285,1,0.8111185946677181
Q27350,gi:21357321,1,0.4742461756417152
gi:21356561,gi:24643586,1,0.46469898194882964
gi:24585074,gi:24639649,1,0.3945061069561947
gi:24581719,gi:24651524,1,0.979829919767925
gi:24644714,gi:28574516,1,0.2889757857047761
gi:24582212,gi:24647557,1,0.6972993723541508
gi:24642261,gi:24644390,1,0.5119387611722339
gi:21356743,gi:24651507,1,0.7434765298878553
gi:18858225,gi:24641790,1,0.6559431068976144
gi:18857963,gi:19922430,1,0.5678759669452562
gi:17137652,gi:24648397,1,0.21024755827425512
gi:21356453,gi:24655153,1,0.9075805055879612
gi:19922726,gi:20129485,1,0.6602162726870373
P08879,gi:24640903,1,0.40675021470660927
gi:22026840,gi:24663462,1,0.9765738598101983
gi:17137696,gi:21357129,1,0.6024348089642767
gi:24582283,gi:24642363,1,0.8936903049269355
gi:21357455,gi:21358375,1,0.37190180118610394
gi:21356995,gi:24586086,1,0.4970825401012719
gi:20129885,gi:24646737,1,0.4274384201286716
gi:24581582,gi:24650208,1,0.5447905261110968
P07666,gi:18859949,1,0.5553217698529703
gi:19921002,gi:24583067,1,0.9612506120325347
gi:18859859,gi:24659188,1,0.41808420117628076
Q9VCH4,gi:24639760,1,0.20258637313755706
gi:24647609,gi:24762779,1,0.9009458636585811
gi:24584327,gi:24762582,1,0.3610430158705395
gi:28573207,gi:28574472,1,0.7381421861901231
gi:24639301,gi:28574303,1,0.9933707262328327
gi:24644675,gi:24665761,1,0.7101298475396561
gi:20130247,gi:24641790,1,0.9013218521115691
gi:19922668,gi:24667063,1,0.8914648034755008
P02835,gi:24651028,1,0.7651051131051934
gi:21355717,gi:24581314,1,0.8681369334776375
gi:21357075,gi:24640672,1,0.6448284853363413
gi:19923044,gi:24642884,1,0.9231764110462739
gi:24649980,gi:24654082,1,0.3402283910271144
gi:24642884,gi:24654471,1,0.9231764110462739
gi:19921246,gi:21357023,1,0.5093023016806608
gi:24639715,gi:24665229,1,0.9991376402046832
gi:17864238,gi:24665958,1,0.5709801147907655
gi:24653432,gi:24654441,1,0.6448284853363413
Q24564,gi:24650937,1,0.9706433860360308
gi:24585313,gi:24640119,1,0.5458369224054841
gi:24655606,gi:28574432,1,0.774145473137597
gi:19921116,gi:24658342,1,0.646759196370147
gi:21357169,gi:21357761,1,0.995133450682069
gi:24642267,gi:24642543,1,0.9022562674654127
gi:21356743,gi:24583134,1,0.9741148579080648
gi:21357455,gi:24648461,1,0.8629395090558416
gi:18859983,gi:24639304,1,0.2790362693947917
gi:18860537,gi:24665297,1,0.5818845177272746
P55828,gi:24585384,1,0.6886954730732184
gi:20128797,gi:24652438,1,0.99973603510346
gi:21356041,gi:24644675,1,0.9278540433601925
Q9VD25,gi:24645058,1,0.9057653633549494
Q01820,gi:24655153,1,0.9075805055879612
Q8T0S6,Q9Y0A7,1,0.7079532445492872
gi:24581465,gi:24585154,1,0.6496462896778114
gi:20130169,gi:24583799,1,0.2794609716270164
gi:19922670,gi:24645053,1,0.7726662865401834
gi:21357537,gi:24650248,1,0.679499894091699
P10987,gi:24581061,1,0.9207218919816746
gi:24655606,gi:24663246,1,0.9360730575228479
gi:21355643,gi:24646440,1,0.8573129044849324
gi:24644119,gi:28573195,1,0.6706290427214929
gi:24651935,gi:26080381,1,0.8178663481997722
Q27415,gi:24651247,1,0.33975488478365257
gi:19920776,gi:24649648,1,0.8811959215115148
gi:24586096,gi:24647864,1,0.21811921688530922
gi:24646860,gi:24655502,1,0.8889558144209907
gi:24644504,gi:24667211,1,0.4504721092130105
gi:17137700,gi:24658721,1,0.5932187594157114
P15330,Q8IGR0,1,0.9893926573946281
gi:21355361,gi:21355973,1,0.5347440893910714
gi:18859891,gi:21357417,1,0.8928857217440933
gi:24585452,gi:28574406,1,0.6554667337251965
gi:19922274,gi:24651238,1,0.7294179653277442
gi:21687233,gi:24667089,1,0.6873366602510026
gi:20129527,gi:24651498,1,0.5458369224054841
gi:21356709,gi:28574726,1,0.6664206646248669
gi:24585610,gi:24644214,1,0.4279549199645075
gi:21356517,gi:21358205,1,0.25169980408687587
P29746,gi:19922206,1,0.3950102666387321
gi:24639782,gi:24666790,1,0.9204132954911343
gi:24661625,gi:24665205,1,0.6583202566999143
P18502,gi:24655850,1,0.9876093341863508
gi:24650248,gi:24659237,1,0.9938569649695345
gi:17136608,gi:24586240,1,0.3955146497551835
gi:17530793,gi:24650829,1,0.3723948400618094
Q8MSF5,gi:17647723,1,0.9920343991379266
Q24570,gi:28573937,1,0.47635114701589937
gi:24581976,gi:24645869,1,0.8514950670111249
gi:21355807,gi:21356221,1,0.4295053575421735
gi:24585215,gi:24640905,1,0.38388914508619953
gi:17136826,gi:21357875,1,0.9495353829496679
P23696,gi:24649158,1,0.994518731140788
gi:24659829,gi:28573140,1,0.2614253303070255
O76924,gi:24664627,1,0.555842781942213
Q27324,gi:24649499,1,0.394002171680807
gi:18859971,gi:21356061,1,0.3498443399644219
gi:24643761,gi:24652930,1,0.991967423300686
P35421,gi:17530817,1,0.4976100563283039
gi:17981711,gi:24645684,1,0.21024755827425512
gi:17737425,gi:21355163,1,0.97422105926308
gi:17137488,gi:24666694,1,0.7008505821546728
gi:19921442,gi:24663228,1,0.40522357348902877
gi:20128841,gi:21358201,1,0.7900812764305076
gi:17864162,gi:24651395,1,0.8384172455806288
gi:17316358,gi:21355441,1,0.24338125389360502
Q24533,gi:24582212,1,0.8440993899873654
gi:20129903,gi:24647609,1,0.8557571297658659
gi:24582926,gi:24665132,1,0.6044546099748522
P13607,gi:24657306,1,0.4384027770792988
gi:24581774,gi:28573729,1,0.5103569557931482
gi:17352479,gi:24640430,1,0.9939591739624329
gi:19921802,gi:24648905,1,0.5119387611722339
gi:17933624,gi:24643110,1,0.6578454580342349
P02824,gi:17137692,1,0.9933707262328327
Q07327,gi:28571108,1,0.6374656299703813
gi:24655741,gi:26080381,1,0.9975332884383289
gi:24661936,gi:28574439,1,0.24299289161232193
gi:19921950,gi:24648826,1,0.3407022166520228
P12982,gi:24642282,1,0.3818947794511891
gi:24584798,gi:24649221,1,0.41705781396281055
P55841,gi:21357147,1,0.7109977956151154
O18405,gi:24644274,1,0.44152231741611286
Q01642,gi:24644093,1,0.9420266388080577
P50887,gi:24646737,1,0.9447495580619989
P07181,gi:21357495,1,0.8460333072870969
gi:23397623,gi:24645887,1,0.9129508232843125
gi:21356337,gi:24642233,1,0.9795288917616112
gi:17137696,gi:24655888,1,0.9446393107148637
gi:17137016,gi:24647885,1,0.370916523718302
gi:21357677,gi:24663481,1,0.6999650194437866
P10987,gi:24643447,1,0.9977483463391011
gi:18858125,gi:24646928,1,0.9614857177173114
gi:19922294,gi:24584153,1,0.22620117778141435
Q9V411,gi:22024059,1,0.3512855693310601
gi:19922844,gi:24643822,1,0.40471509857545473
gi:19920688,gi:24651703,1,0.9846528300303347
gi:21357505,gi:24649971,1,0.23487178043810159
gi:17647155,gi:28571503,1,0.33975488478365257
gi:20128797,gi:24668338,1,0.9992849331836703
gi:21356995,gi:24663470,1,0.4970825401012719
gi:24643578,gi:28572053,1,0.25169980408687587
P54356,gi:24652999,1,0.7872678046563252
O02649,Q05856,1,0.5673580834806307
gi:20128797,gi:21358077,1,0.9997710689194474
gi:24658567,gi:28574555,1,0.9359466708112487
gi:17137694,gi:19921296,1,0.2524955080232646
gi:24651265,gi:24659237,1,0.9891914851971836
gi:24645476,gi:24646312,1,0.7393639274515286
P23696,gi:24643702,1,0.9996577206418082
gi:24644422,gi:24657782,1,0.9814769820623911
P08175,gi:24638982,1,0.475824822465761
gi:21357037,gi:24583208,1,0.5937278537945282
Q24337,gi:17647815,1,0.38339018451578694
gi:19920594,gi:21355643,1,0.6891476909255952
Q01642,gi:28558744,1,0.970391846068143
gi:17136864,gi:24653463,1,0.3714090287781982
gi:21355799,gi:24580841,1,0.4768775240979616
gi:24641555,gi:24656644,1,0.9902699749799874
gi:23397524,gi:24641831,1,0.9986729441369605
O18388,gi:24646001,1,0.46364933672393044
gi:24653459,gi:24659367,1,0.6597427469621088
gi:22024283,gi:24643052,1,0.8657025438540886
gi:24581719,gi:24646312,1,0.9924616860062662
gi:17136830,gi:24654899,1,0.5813710466028804
gi:24645384,gi:24652621,1,0.40471509857545473
P48602,gi:24668091,1,0.23487178043810159
Q24210,gi:24656574,1,0.6044546099748522
gi:17137216,gi:24583012,1,0.41808420117628076
Q05856,gi:21355219,1,0.8626897430695967
gi:21357113,gi:24585582,1,0.41654488919254296
gi:24648294,gi:24663372,1,0.7360977565067732
P82147,gi:24641148,1,0.8319799622522728
gi:24648549,gi:24655245,1,0.6583202566999143
gi:24640119,gi:24656749,1,0.40471509857545473
P42207,gi:17137572,1,0.7620577071123404
P16378,gi:24582205,1,0.7385498435710078
gi:19922106,gi:24663292,1,0.7470817225029076
gi:17137444,gi:19920776,1,0.9191679086590238
gi:18858125,gi:24655474,1,0.9745371242946345
gi:24666394,gi:28571515,1,0.690952948228034
P14734,Q01642,1,0.8331565497496457
gi:24659210,gi:24663336,1,0.5336939691814582
P30052,Q961G1,0,0.2610181081278827
gi:24641404,gi:24642465,0,0.21811921688530922
Q9VIF0,gi:24647455,0,0.18789384875128695
P22812,Q8IN94,0,0.21024755827425512
gi:17136864,gi:24655568,0,0.7389570907536329
Q9VN97,Q9W0K7,0,0.21811921688530922
O18404,Q23973,0,0.2794609716270164
Q9VU68,gi:17137116,0,0.18789384875128695
Q9VHB6,gi:17136216,0,0.33975488478365257
Q9V564,gi:17137002,0,0.4976100563283039
P11420,Q9V6X7,0,0.38339018451578694
Q23985,Q9W1K5,0,0.8961048228273139
P92189,Q9VWA1,0,0.20258637313755706
Q24368,gi:24641561,0,0.32841107807292325
Q9V595,gi:24646737,0,0.4274384201286716
P41094,Q9VHN6,0,0.2790362693947917
Q9NIV1,gi:24638750,0,0.4965550303691921
Q11002,gi:21358351,0,0.19513537572433676
Q9VN97,gi:24585372,0,0.19513537572433676
P18289,gi:17737549,0,0.35080485670035144
gi:17136920,gi:21358077,0,0.7474802239328249
Q9VYD7,gi:24653999,0,0.2991224618188889
O44081,Q95028,0,0.2798860693260834
Q24276,Q9V8M5,0,0.20258637313755706
gi:17647565,gi:19920344,0,0.3081191892177415
Q9VAD6,gi:17864576,0,0.24299289161232193
gi:19920958,gi:20130239,0,0.19513537572433676
gi:19922116,gi:24655568,0,0.31863681258735244
Q23973,Q9VHP2,0,0.21847929837228713
P52304,Q9VSA3,0,0.4976100563283039
P29742,gi:24666434,0,0.7651051131051934
P48592,gi:19920846,0,0.37338171368508716
gi:17647699,gi:24646818,0,0.23487178043810159
Q27884,Q9VHB6,0,0.20258637313755706
Q9VSS2,Q9VX09,0,0.3493645374227344
P52304,gi:24648674,0,0.4976100563283039
P45594,Q9Y1A3,0,0.3950102666387321
Q24562,gi:17864318,0,0.3407022166520228
P28159,Q9V8M5,0,0.2982384448729169
P48592,gi:24656024,0,0.22620117778141435
gi:17986187,gi:24645801,0,0.19513537572433676
gi:24639800,gi:28572086,0,0.20258637313755706
Q9VSC1,gi:17136258,0,0.555842781942213
Q05913,gi:24647455,0,0.18789384875128695
P09082,P12982,0,0.4509945185911777
gi:21357023,gi:24640591,0,0.5447905261110968
gi:17136780,gi:19923034,0,0.22620117778141435
Q24206,gi:24638927,0,0.46469898194882964
P54367,gi:24641090,0,0.2889757857047761
P38979,gi:24643559,0,0.27014041554724594
P49905,Q961G1,0,0.6120799168516209
Q9W3R7,gi:21355553,0,0.33928169865193414
Q9U405,Q9Y1A3,0,0.40624113256651906
P10735,Q95028,0,0.22620117778141435
Q95083,Q9VYV5,0,0.20258637313755706
Q94523,gi:17986113,0,0.5458369224054841
Q03017,Q24266,0,0.4499498090174188
P52029,Q23973,0,0.22657073512763554
gi:17737917,gi:24663874,0,0.21024755827425512
gi:24584017,gi:24656262,0,0.3620171589930397
Q11002,gi:17137156,0,0.19513537572433676
P48603,gi:24652542,0,0.5087749429840783
P35220,gi:28571807,0,0.20258637313755706
O44437,gi:17137572,0,0.7352771235419232
gi:17648035,gi:24649646,0,0.2606112964508466
gi:24641404,gi:24650922,0,0.24338125389360502
P12982,P39736,0,0.7196624990187487
gi:24644609,gi:24663874,0,0.21024755827425512
gi:24584926,gi:24640591,0,0.29956503309342614
P10981,gi:19921362,0,0.4295053575421735
gi:24662626,gi:24663292,0,0.5916902784241331
Q9V407,gi:17647565,0,0.21024755827425512
P16371,gi:17136934,0,0.7290012939827666
P42124,gi:24641561,0,0.32841107807292325
Q9VSS2,Q9VVN2,0,0.5927094647165868
gi:17136624,gi:24643052,0,0.29956503309342614
P02572,gi:24638876,0,0.22657073512763554
Q23985,Q9W4J5,0,0.734043116223587
Q05201,Q95028,0,0.38438835021546713
P29413,Q9VIF0,0,0.25169980408687587
P48603,gi:24656262,0,0.6135819179919101
Q9W088,gi:24641561,0,0.394002171680807
Q27387,Q9VYH3,0,0.17373122232578128
P13496,gi:24652762,0,0.33928169865193414
P29052,gi:24654219,0,0.21811921688530922
gi:24582283,gi:24664660,0,0.49813757787597257
P18289,gi:24655182,0,0.2889757857047761
gi:24585154,gi:24649646,0,0.5823978114406005
P42519,P49869,0,0.21024755827425512
P00034,gi:24663288,0,0.3818947794511891
P16371,Q9V6X7,0,0.49813757787597257
Q9V3P0,gi:28573207,0,0.5453137742852792
P08879,gi:24647702,0,0.2794609716270164
Q95TN4,gi:28571841,0,0.23487178043810159
gi:24646607,gi:24650126,0,0.21024755827425512
P18289,Q9VYD7,0,0.48855635555156235
Q24297,Q86B79,0,0.21811921688530922
Q9U1H9,Q9VMN5,0,0.18789384875128695
gi:17137298,gi:24662700,0,0.23487178043810159
Q27387,Q9VPH7,0,0.17373122232578128
Q9W123,gi:17647815,0,0.28984368678254757
Q9XY35,Q9XYN7,0,0.37190180118610394
P45890,gi:18543229,0,0.5336939691814582
gi:17647581,gi:17647677,0,0.5574050771117391
P42124,gi:22023983,0,0.21024755827425512
P29673,gi:17137310,0,0.18789384875128695
Q9VU68,gi:30923655,0,0.32841107807292325
Q9VF89,gi:28574061,0,0.20258637313755706
Q9W5B9,gi:24659997,0,0.18789384875128695
gi:24643270,gi:24649236,0,0.4631246342866618
Q8IN94,gi:17737549,0,0.28984368678254757
Q9VI10,Q9VWR5,0,0.2614253303070255
gi:17137156,gi:21357023,0,0.4737200728516752
Q9U4L6,Q9VLV5,0,0.2610181081278827
Q9VNT5,gi:17864246,0,0.19513537572433676
gi:21355729,gi:21358053,0,0.21811921688530922
P38979,Q9VTE2,0,0.24299289161232193
Q24320,gi:19921910,0,0.2614253303070255
Q9V595,gi:24664660,0,0.23487178043810159
O18388,P10735,0,0.21811921688530922
gi:21358053,gi:24649646,0,0.2606112964508466
P23023,Q9V8M5,0,0.6335553966249884
Q9U405,gi:24666493,0,0.30856921131348064
gi:21356661,gi:28571712,0,0.21024755827425512
Q9VX09,gi:24638927,0,0.2344927883985483
P18491,Q9V6X7,0,0.30947034608163926
P52304,gi:19920468,0,0.4620754755092738
Q02361,gi:19921910,0,0.6125808221462368
P12982,Q24180,0,0.5574050771117391
P92208,gi:17137470,0,0.3818947794511891
O44437,P02574,0,0.23487178043810159
P91927,gi:24662729,0,0.48486626278772893
Q27934,gi:24647455,0,0.16711908093691472
P48605,gi:24647320,0,0.27014041554724594
P09082,gi:24662700,0,0.22657073512763554
Q8IN94,gi:17864612,0,0.21024755827425512
gi:21357009,gi:24649262,0,0.3950102666387321
O18405,O77264,0,0.2794609716270164
gi:17738243,gi:21358483,0,0.31817886437248366
P29413,Q9U405,0,0.5474057550900943
P11420,Q9VGC3,0,0.31863681258735244
O18388,Q8MQI6,0,0.21811921688530922
P46461,gi:17136258,0,0.555842781942213
Q24400,gi:19922708,0,0.5093023016806608
P52029,Q27368,0,0.22657073512763554
P02283,Q9VHD2,0,0.19513537572433676
gi:19922116,gi:24586487,0,0.22657073512763554
P53501,Q05783,0,0.2889757857047761
P23757,Q9VSA3,0,0.6345346287431063
Q95028,gi:17737917,0,0.30947034608163926
Q24174,Q95028,0,0.3407022166520228
Q9VPH7,gi:24648780,0,0.21847929837228713
Q9VJE4,gi:17136846,0,0.23487178043810159
P16241,gi:19922708,0,0.2524955080232646
gi:17864286,gi:24639496,0,0.2982384448729169
gi:24641090,gi:24655228,0,0.8035152698798727
gi:21356545,gi:24585372,0,0.19513537572433676
P12426,gi:24584968,0,0.19513537572433676
gi:18543229,gi:19921494,0,0.2705566590855738
P12982,Q24572,0,0.3818947794511891
P13706,gi:24647320,0,0.24338125389360502
Q9VSC1,gi:17136920,0,0.4509945185911777
P91927,Q27415,0,0.20258637313755706
P29775,gi:17136812,0,0.18789384875128695
Q9NIV1,gi:20129347,0,0.22620117778141435
P29673,P32392,0,0.22620117778141435
gi:21358077,gi:24580629,0,0.33975488478365257
P28159,P91927,0,0.2982384448729169
P22058,gi:17736971,0,0.33880883335984435
gi:19922100,gi:28571503,0,0.5209843787238614
P27619,Q9VYD7,0,0.2991224618188889
P53501,gi:17647699,0,0.35080485670035144
gi:18543229,gi:24652542,0,0.24338125389360502
P49028,gi:24582221,0,0.20258637313755706
Q9NIV1,gi:24582006,0,0.6115787745702528
gi:24581359,gi:24638876,0,0.21847929837228713
Q9V595,gi:21355815,0,0.31863681258735244
P00444,Q9VD25,0,0.3498443399644219
gi:17864286,gi:24659953,0,0.2790362693947917
Q9VUL9,gi:17737635,0,0.18789384875128695
P35381,Q9VJD3,0,0.2610181081278827
Q9VSC1,gi:24668103,0,0.20258637313755706
P22812,gi:24657292,0,0.24299289161232193
P49905,gi:24582482,0,0.5777718697576569
P28518,Q9VYH3,0,0.19513537572433676
P12982,P39572,0,0.7196624990187487
Q94920,gi:24668014,0,0.29956503309342614
Q8MSS1,gi:24647702,0,0.27014041554724594
O61443,gi:24580914,0,0.45308522533203444
P54367,gi:28573125,0,0.3823930007709409
P22812,Q8ST83,0,0.19513537572433676
gi:17738243,gi:24662626,0,0.48750189844128966
P46461,gi:24641480,0,0.2991224618188889
Q9TX74,gi:19921720,0,0.3728881445229649
Q03017,gi:21687222,0,0.556363671258815
Q24180,gi:18543229,0,0.3407022166520228
Q24325,Q8T498,0,0.24338125389360502
P23023,gi:21355807,0,0.7789660110335198
Q05856,Q24439,0,0.4965550303691921
P54622,gi:21356151,0,0.30947034608163926
P10383,P42124,0,0.20258637313755706
P48603,gi:18858205,0,0.9537410362435993
P08266,P25007,0,0.31909511144885117
P10987,gi:24639926,0,0.6125808221462368
Q24451,gi:24638750,0,0.5321182317078645
Q9V595,gi:17137002,0,0.22657073512763554
P46461,Q9VSA3,0,0.2524955080232646
gi:24663874,gi:28573893,0,0.4155195825603172
Q9W0K7,gi:21356033,0,0.33027538006280055
P39413,gi:22023983,0,0.29956503309342614
Q94920,Q9VAD6,0,0.21811921688530922
O76924,gi:17137310,0,0.48486626278772893
gi:19920344,gi:20129763,0,0.3081191892177415
P13706,gi:28574692,0,0.24338125389360502
Q9VJD3,gi:24648780,0,0.21847929837228713
gi:20130405,gi:28574980,0,0.18789384875128695
gi:17136624,gi:21355689,0,0.21811921688530922
P47938,P92208,0,0.6587947382344926
gi:19920344,gi:24641404,0,0.4404819451724985
gi:17864390,gi:28573732,0,0.19513537572433676
Q9VHP2,gi:24582283,0,0.4274384201286716
Q95YI5,gi:21356151,0,0.23487178043810159
P12881,gi:17136208,0,0.27014041554724594
P02828,gi:24641480,0,0.6369778321205511
P13060,Q9W3C1,0,0.6559431068976144
Q9U616,gi:17864444,0,0.20258637313755706
gi:18543229,gi:24655182,0,0.24338125389360502
Q9VPH7,gi:24668014,0,0.23487178043810159
Q9VYH3,gi:17136854,0,0.3934984617839398
Q9VYH3,gi:24643559,0,0.21847929837228713
gi:17864286,gi:21358019,0,0.21024755827425512
gi:17136948,gi:18543229,0,0.4404819451724985
Q95028,gi:24641090,0,0.41808420117628076
Q9V3G3,gi:17137572,0,0.6443450671189636
P30052,Q9VZD5,0,0.3512855693310601
gi:24654219,gi:24659997,0,0.18789384875128695
P02575,P52656,0,0.21847929837228713
P08879,gi:20129161,0,0.25169980408687587
Q24139,gi:21358557,0,0.21811921688530922
P05205,Q9VSS2,0,0.773776316561179
Q9U1H0,gi:24582221,0,0.18789384875128695
Q9VEX9,gi:19922324,0,0.3714090287781982
P15330,Q9VAD6,0,0.6335553966249884
gi:17864390,gi:24583043,0,0.22620117778141435
P32392,Q8MQI6,0,0.22620117778141435
Q24178,Q94516,0,0.28854241412290604
P00034,gi:24649262,0,0.7196624990187487
gi:17137298,gi:17647589,0,0.28984368678254757
P25007,gi:24660629,0,0.2889757857047761
Q9W5R8,gi:24652542,0,0.5204577536457422
Q9VNA5,gi:17136812,0,0.21024755827425512
gi:21687222,gi:30923526,0,0.319553760338377
P07487,gi:17647503,0,0.9333477715149704
P02283,gi:24641198,0,0.2520974479366904
P00444,Q9W123,0,0.23487178043810159
gi:19921494,gi:24645264,0,0.22657073512763554
P52295,gi:21356661,0,0.48486626278772893
Q9V727,gi:21355315,0,0.18789384875128695
O02649,P10981,0,0.3293425577179446
Q01842,Q9W0V1,0,0.3620171589930397
Q24325,gi:24582482,0,0.19513537572433676
gi:19920344,gi:21358125,0,0.4057322518230702
gi:24581359,gi:24654219,0,0.19513537572433676
P13468,gi:24640986,0,0.2520974479366904
P00034,Q24117,0,0.9717645053216545
P02307,gi:17136846,0,0.2610181081278827
P00444,gi:20129239,0,0.19513537572433676
gi:24649250,gi:24663292,0,0.8392730089820827
gi:24582482,gi:24584968,0,0.19513537572433676
gi:17864100,gi:21357009,0,0.3407022166520228
O44424,Q03017,0,0.9787897949659545
Q9VIU7,Q9VU68,0,0.18789384875128695
P23758,gi:24580914,0,0.35080485670035144
Q9VHY5,gi:24584926,0,0.2705566590855738
Q23973,Q9VUL9,0,0.19513537572433676
O16797,gi:21356151,0,0.8088452140320198
P29742,gi:17738243,0,0.7205131376321489
Q9VF89,gi:24651979,0,0.19513537572433676
P02575,Q24174,0,0.24338125389360502
Q9V9Z1,gi:17136920,0,0.3818947794511891
gi:24586487,gi:24638845,0,0.8358278830679267
Q9V7P1,Q9W3R7,0,0.33928169865193414
P45594,P49906,0,0.5002476937852618
Q27368,Q9VGC3,0,0.21847929837228713
gi:20130405,gi:24653649,0,0.5199310830985445
gi:17647565,gi:24655568,0,0.28854241412290604
P07487,P09087,0,0.6379531449117253
O96860,gi:20129085,0,0.7872678046563252
P02835,P91927,0,0.28854241412290604
P00444,gi:17737635,0,0.19513537572433676
P02283,Q9VF78,0,0.19513537572433676
gi:20129563,gi:24654219,0,0.24299289161232193
gi:18543229,gi:19921768,0,0.21811921688530922
Q24143,Q9U616,0,0.21024755827425512
Q24178,gi:24649250,0,0.3081191892177415
Q9VNT5,gi:20129451,0,0.22620117778141435
gi:24655616,gi:28571768,0,0.20258637313755706
gi:17136854,gi:28571865,0,0.5342190671989998
P25008,gi:24582221,0,0.2606112964508466
P02307,Q23985,0,0.8664368212046942
P04657,Q27272,0,0.19513537572433676
P48605,gi:19922116,0,0.27014041554724594
P02574,P09089,0,0.3288766497207673
gi:17137724,gi:19922708,0,0.20258637313755706
Q94514,gi:24643007,0,0.2606112964508466
Q9VLV5,Q9VYV5,0,0.28940954340822506
gi:17137298,gi:21357131,0,0.21024755827425512
gi:24648896,gi:24655568,0,0.6275751095024333
Q94511,gi:17864390,0,0.2344927883985483
Q9V595,gi:21357543,0,0.22657073512763554
P00444,gi:24656966,0,0.24338125389360502
P19538,gi:17137310,0,0.9557762086614422
gi:20130345,gi:24666434,0,0.9105457200522655
P29413,P40301,0,0.3728881445229649
Q9VN97,gi:17647877,0,0.21024755827425512
P52304,gi:24583043,0,0.6029400893911713
P18491,Q03017,0,0.6251058688342147
Q94511,Q9VX09,0,0.2344927883985483
P29413,Q24368,0,0.25169980408687587
Q05201,gi:24666493,0,0.2610181081278827
P52304,Q9VFJ2,0,0.42692207843524443
P10734,Q03017,0,0.6891476909255952
P49847,Q9U4L6,0,0.22657073512763554
Q27884,gi:24643270,0,0.21024755827425512
P09082,Q94514,0,0.31909511144885117
gi:17864154,gi:28574061,0,0.2524955080232646
P04657,Q9VHY5,0,0.20258637313755706
P08266,Q9VWA1,0,0.2524955080232646
P12426,gi:21355279,0,0.22620117778141435
P54733,Q9V3P0,0,0.4520396603776108
Q95083,gi:28574851,0,0.2982384448729169
P39572,Q9VHD2,0,0.269724575596179
P12613,gi:20129239,0,0.21024755827425512
P10981,P22700,0,0.5709801147907655
Q9V411,gi:17136846,0,0.24338125389360502
Q9U1H0,Q9V8M5,0,0.18789384875128695
Q24572,gi:24641561,0,0.32841107807292325
P00444,gi:24638750,0,0.5321182317078645
gi:24655228,gi:28571807,0,0.5315928419235562
P19538,gi:22023983,0,0.9707034539428724
Q9W0V1,Q9W4J5,0,0.24299289161232193
P25007,Q9VLV5,0,0.45308522533203444
Q960E8,Q9VYV5,0,0.2614253303070255
Q9VGS2,gi:19921768,0,0.2982384448729169
P29775,gi:24641449,0,0.3493645374227344
Q24320,Q9VSA3,0,0.2614253303070255
Q27368,gi:24662700,0,0.21847929837228713
P22812,P25028,0,0.16711908093691472
gi:17738243,gi:24643270,0,0.41705781396281055
P35220,Q9V9Z9,0,0.20258637313755706
Q24407,gi:24649262,0,0.29868026557648025
Q27884,gi:19922100,0,0.4499498090174188
P91929,Q9VYV5,0,0.2705566590855738
P02834,P25007,0,0.48855635555156235
Q24117,Q9V7P1,0,0.665951410542753
gi:17136864,gi:24581791,0,0.33880883335984435
P54622,gi:18859859,0,0.37338171368508716
P07487,gi:24653649,0,0.9136192694821531
Q9VSC1,gi:19920958,0,0.20258637313755706
Q24572,gi:18543229,0,0.21811921688530922
O01666,Q24207,0,0.3407022166520228
Q8MQI6,gi:24641561,0,0.32841107807292325
P17133,Q9U4L6,0,0.23487178043810159
P39572,gi:24666493,0,0.29868026557648025
O16011,gi:21355279,0,0.7538645809999961
P54358,Q9V8M5,0,0.25169980408687587
Q9VTE2,gi:24643052,0,0.21024755827425512
O61443,gi:24642465,0,0.2344927883985483
P25007,Q9VTE2,0,0.2606112964508466
P28518,gi:24642645,0,0.19513537572433676
Q24251,gi:17738243,0,0.6597427469621088
Q9VF89,Q9VPH7,0,0.19513537572433676
Q9VN97,gi:18860107,0,0.18789384875128695
Q95TN4,gi:24648183,0,0.23487178043810159
P10734,Q9VHP2,0,0.27014041554724594
gi:24638750,gi:24639926,0,0.5673580834806307
gi:24648231,gi:28571503,0,0.2991224618188889
Q95028,gi:24582909,0,0.30947034608163926
Q9U4L6,Q9W3C1,0,0.22657073512763554
Q9VF78,Q9VUJ0,0,0.21024755827425512
O02649,gi:28573893,0,0.48592042425830684
Q9VHB6,gi:28571768,0,0.2524955080232646
P08928,gi:17737549,0,0.319553760338377
gi:17864460,gi:24655616,0,0.32841107807292325
gi:21356545,gi:24653614,0,0.24299289161232193
P17886,P27619,0,0.6868830048239799
P02572,Q9TX74,0,0.3090195971223799
P53501,Q9V411,0,0.38388914508619953
gi:24649824,gi:28571865,0,0.37338171368508716
O61443,Q9VUL9,0,0.2344927883985483
P04052,gi:17137572,0,0.6762746039653394
O44424,P22700,0,0.7804158563987929
P42003,Q9VAD6,0,0.2982384448729169
gi:19921002,gi:24762622,0,0.4509945185911777
gi:17864390,gi:24641198,0,0.22620117778141435
P29742,gi:19922100,0,0.8188074300892637
gi:21356661,gi:28573893,0,0.4155195825603172
gi:17137002,gi:24762622,0,0.2524955080232646
gi:22024288,gi:24762622,0,0.2614253303070255
gi:17137470,gi:24585372,0,0.19513537572433676
P02574,Q24562,0,0.24338125389360502
gi:17864154,gi:28574296,0,0.2705566590855738
Q24407,gi:21358125,0,0.23487178043810159
gi:20129763,gi:24664391,0,0.19513537572433676
gi:17738243,gi:24643715,0,0.8197447211152695
P05552,P35381,0,0.45308522533203444
O96860,gi:19922116,0,0.6448284853363413
gi:20129299,gi:28571865,0,0.2798860693260834
Q24407,gi:24649824,0,0.2520974479366904
gi:24580629,gi:24655568,0,0.3503244466504934
P23758,gi:24641449,0,0.4515170360227507
P32392,gi:21357129,0,0.3407022166520228
Q9NIV1,gi:24652770,0,0.2606112964508466
P91928,gi:24658707,0,0.23487178043810159
Q27368,gi:18543229,0,0.24338125389360502
P38979,gi:21358351,0,0.27014041554724594
P16241,gi:20129347,0,0.2798860693260834
O16797,gi:19921362,0,0.8490775517004022
O16797,gi:28573125,0,0.9728532683138507
gi:24582283,gi:28571768,0,0.4626000134988968
P49869,Q9VIW3,0,0.21811921688530922
Q9VI10,gi:18543299,0,0.43996195443834984
Q24251,gi:17136780,0,0.4295053575421735
gi:17737635,gi:24649646,0,0.2606112964508466
O96860,gi:24653649,0,0.9942577705964734
gi:20129563,gi:24586344,0,0.24299289161232193
P91943,gi:17647815,0,0.2614253303070255
P02575,P35381,0,0.2610181081278827
P21914,P22812,0,0.2790362693947917
Q9VMN5,gi:24654586,0,0.22620117778141435
P91928,gi:24647702,0,0.21847929837228713
Q94981,gi:19922116,0,0.21847929837228713
Q24117,gi:28571644,0,0.7260733333395897
P00034,Q27387,0,0.3488850398036863
O16102,gi:24666493,0,0.21847929837228713
P21914,P48592,0,0.4410020665348054
gi:19921362,gi:21357009,0,0.3407022166520228
O96860,gi:22024288,0,0.7070799199123384
P52304,gi:19921768,0,0.42692207843524443
gi:19920344,gi:19922100,0,0.8573129044849324
gi:20130239,gi:28571807,0,0.19513537572433676
P02828,gi:18860107,0,0.3929949782350923
Q24407,gi:24584376,0,0.21847929837228713
P02575,gi:24643052,0,0.23487178043810159
P92208,gi:19920758,0,0.3818947794511891
Q9VSC1,gi:17647343,0,0.31909511144885117
P52304,gi:21355099,0,0.568393702081657
O18404,gi:24651979,0,0.2794609716270164
P02828,gi:20130239,0,0.4274384201286716
Q24400,Q9VGC3,0,0.4737200728516752
Q9VHD2,Q9VSA3,0,0.20258637313755706
gi:24584926,gi:24663292,0,0.5568844366869163
P00034,gi:24659086,0,0.48644755255988015
Q94523,gi:24580629,0,0.2798860693260834
P40301,gi:19920958,0,0.21811921688530922
O77264,gi:21355279,0,0.2520974479366904
O16011,O18388,0,0.72649281753163
O02649,Q9VWA1,0,0.2524955080232646
Q24206,gi:21358077,0,0.6165794198350218
P27619,Q8MQI6,0,0.20258637313755706
Q94920,gi:24659997,0,0.21811921688530922
P52304,gi:17737917,0,0.5331687964913024
Q9VAD6,gi:18860107,0,0.18789384875128695
Q24266,gi:24662700,0,0.19513537572433676
gi:24642525,gi:24655616,0,0.20258637313755706
P18487,P42124,0,0.18789384875128695
P02835,P52029,0,0.3503244466504934
P29775,Q24276,0,0.20258637313755706
gi:24582221,gi:28574851,0,0.2982384448729169
gi:21356661,gi:24641449,0,0.3493645374227344
gi:17137470,gi:24643715,0,0.3493645374227344
P46461,gi:17647503,0,0.6559431068976144
Q9V595,gi:17136812,0,0.19513537572433676
Q9VGS2,Q9VX09,0,0.2982384448729169
Q9VGS2,gi:21356151,0,0.3945061069561947
Q9V564,gi:24662729,0,0.9706934816091481
P00034,gi:24584926,0,0.5220374878077179
gi:19920344,gi:24650829,0,0.6808769521670589
P54350,gi:21357023,0,0.6790401776611327
Q23985,Q24492,0,0.734043116223587
P08970,Q9VZD5,0,0.33027538006280055
Q9VI10,gi:24580914,0,0.35080485670035144
P38979,gi:24639826,0,0.24299289161232193
P18487,gi:24641404,0,0.21811921688530922
P54733,gi:24644404,0,0.31817886437248366
Q27268,Q86B79,0,0.22620117778141435
P27619,P39413,0,0.2705566590855738
gi:24656262,gi:30923526,0,0.3512855693310601
P54367,Q9VKH0,0,0.19513537572433676
Q9W4J5,gi:24580914,0,0.2606112964508466
gi:21687222,gi:24654383,0,0.6972993723541508
gi:20129451,gi:24662626,0,0.37338171368508716
Q95NU9,Q9U616,0,0.18789384875128695
P04052,Q9VWR5,0,0.22657073512763554
P92208,gi:20129161,0,0.3818947794511891
P35875,Q9W0V1,0,0.24299289161232193
gi:24646199,gi:24654383,0,0.97547122939146
gi:21357009,gi:24638766,0,0.5453137742852792
P06601,Q9VZD5,0,0.3512855693310601
gi:18859665,gi:20130345,0,0.7897310920341297
P13496,P49905,0,0.6120799168516209
gi:20128953,gi:21356159,0,0.21847929837228713
gi:21356661,gi:24645257,0,0.18789384875128695
P17917,gi:24642465,0,0.25169980408687587
P13469,Q9VCX3,0,0.2524955080232646
Q24572,gi:24662700,0,0.19513537572433676
Q27268,gi:24665485,0,0.2520974479366904
P05205,Q94514,0,0.6049590066740793
gi:19920958,gi:24639800,0,0.20258637313755706
Q9W0K7,gi:17986187,0,0.24338125389360502
Q9W088,gi:19921910,0,0.2524955080232646
P21461,gi:24642645,0,0.6120799168516209
gi:19922206,gi:28571841,0,0.29868026557648025
P07909,Q9VWR5,0,0.2991224618188889
P09087,gi:17137310,0,0.2606112964508466
Q86B79,Q9VD25,0,0.31817886437248366
P02575,P13468,0,0.2520974479366904
P08879,gi:24581628,0,0.25169980408687587
P39413,Q9VSS2,0,0.48697471101125145
O96860,gi:24650829,0,0.882951846421178
P54367,gi:17136772,0,0.19513537572433676
Q24117,gi:24648231,0,0.8241195738098755
P29052,Q9W3R7,0,0.4404819451724985
Q24251,gi:24643007,0,0.269724575596179
O76767,gi:17647875,0,0.20258637313755706
Q24251,gi:24656966,0,0.3950102666387321
gi:17864612,gi:24655616,0,0.18789384875128695
P00444,P08970,0,0.24338125389360502
O18388,P17917,0,0.3728881445229649
P13706,gi:17136812,0,0.21811921688530922
Q9V9Z9,gi:17736971,0,0.18789384875128695
Q9VJD3,gi:24638927,0,0.2610181081278827
Q24451,gi:17137116,0,0.19513537572433676
P92208,Q94535,0,0.5220374878077179
Q9V9Z1,gi:24661022,0,0.18789384875128695
Q9XY35,gi:24655616,0,0.20258637313755706
gi:24648674,gi:24662700,0,0.22657073512763554
gi:24638845,gi:24663874,0,0.7929249027994624
P22058,gi:18543229,0,0.4752985516112684
P02575,gi:17933606,0,0.23487178043810159
Q9U616,Q9VF78,0,0.18789384875128695
O44424,gi:20129763,0,0.4965550303691921
gi:21358077,gi:24668103,0,0.2790362693947917
O76767,gi:24649824,0,0.2798860693260834
Q24133,Q9VX09,0,0.5548006361080196
gi:17137092,gi:24582909,0,0.38339018451578694
Q95YI5,gi:17647677,0,0.2520974479366904
P10981,gi:24582221,0,0.269724575596179
Q9VYH3,gi:24658707,0,0.23487178043810159
P12426,gi:24639826,0,0.18789384875128695
O18404,Q9VJE4,0,0.3402283910271144
Q9V407,gi:18543299,0,0.43996195443834984
Q9VU02,gi:24582482,0,0.19513537572433676
P48987,gi:20128953,0,0.22657073512763554
O96860,gi:24639496,0,0.9093352816406209
Q27272,Q94516,0,0.31863681258735244
gi:20130405,gi:24585132,0,0.3818947794511891
P54350,gi:24585803,0,0.27014041554724594
gi:24638876,gi:24642465,0,0.19513537572433676
P02572,Q24572,0,0.20258637313755706
gi:24655228,gi:24655616,0,0.5315928419235562
P02575,gi:24647251,0,0.19513537572433676
P17133,P35220,0,0.2614253303070255
Q9VJD3,gi:19922100,0,0.485393327277395
O16102,P53501,0,0.2889757857047761
P18487,P54358,0,0.25169980408687587
P00444,P25992,0,0.21847929837228713
P45594,Q01842,0,0.3950102666387321
P08879,gi:24663288,0,0.25169980408687587
gi:24640591,gi:28571503,0,0.2614253303070255
P32392,Q9VAD6,0,0.22620117778141435
P25007,Q9W5B9,0,0.2606112964508466
P10735,Q9XYN7,0,0.3081191892177415
P48605,gi:21355315,0,0.24299289161232193
Q9V5C6,gi:21356661,0,0.19513537572433676
Q94920,gi:17647343,0,0.38388914508619953
Q9VIM5,Q9W1K5,0,0.3090195971223799
Q24320,gi:24665485,0,0.23487178043810159
gi:18543187,gi:24655182,0,0.21847929837228713
P22700,Q94981,0,0.2889757857047761
gi:19920846,gi:21357009,0,0.3407022166520228
gi:24650922,gi:24653614,0,0.27014041554724594
P13060,P20227,0,0.7711802757615311
P49028,gi:20129239,0,0.20258637313755706
P02574,Q9VLV5,0,0.2610181081278827
P00034,gi:24647702,0,0.41603214504320013
Q94516,gi:24643007,0,0.28854241412290604
P27619,gi:17864286,0,0.20258637313755706
gi:24638927,gi:24647251,0,0.2344927883985483
Q9VMN5,gi:28571768,0,0.20258637313755706
Q24368,gi:17864612,0,0.18789384875128695
Q27415,gi:24647455,0,0.20258637313755706
P14734,gi:24638766,0,0.851761696971497
gi:24647251,gi:24655616,0,0.18789384875128695
Q05856,gi:24641449,0,0.9275710254024614
O76767,gi:24653649,0,0.5901600220441708
P27619,Q9U405,0,0.33975488478365257
P29413,Q9VWA1,0,0.3090195971223799
Q24139,gi:21357543,0,0.20258637313755706
Q27387,gi:19923034,0,0.16711908093691472
Q9W3C1,gi:17647699,0,0.2614253303070255
Q9W5R8,gi:17137310,0,0.48486626278772893
P52029,gi:28574851,0,0.3610430158705395
gi:20129161,gi:24638845,0,0.7929249027994624
P48603,gi:17137168,0,0.98396307994251
P02307,Q9Y1A3,0,0.3512855693310601
O02649,gi:17137168,0,0.5673580834806307
Q23973,gi:17737549,0,0.23487178043810159
gi:17137092,gi:28573893,0,0.7970517351857369
P07487,gi:24641090,0,0.6379531449117253
P12426,P49905,0,0.5777718697576569
P17133,P45594,0,0.3615299451148602
gi:24645801,gi:28572086,0,0.18789384875128695
gi:24642586,gi:24661022,0,0.20258637313755706
O77264,Q8T498,0,0.24338125389360502
gi:17647877,gi:24642586,0,0.2614253303070255
gi:19921872,gi:21357023,0,0.4737200728516752
Q24117,gi:24585154,0,0.8922787721592683
Q24133,Q27368,0,0.5896495468232908
O18405,P08044,0,0.3728881445229649
Q24168,Q9VCX3,0,0.20258637313755706
P13468,gi:19921910,0,0.2798860693260834
P09089,gi:28574296,0,0.4289883897510397
P45594,Q9W4J5,0,0.269724575596179
gi:24582221,gi:24661022,0,0.18789384875128695
gi:17136934,gi:24664391,0,0.29868026557648025
P49905,Q9VWA1,0,0.6453116081729466
gi:17864286,gi:19922206,0,0.269724575596179
P49869,gi:17864612,0,0.18789384875128695
Q9V595,gi:24647320,0,0.21847929837228713
P20227,Q8T498,0,0.3512855693310601
gi:17864390,gi:28574980,0,0.18789384875128695
gi:17864286,gi:21357543,0,0.20258637313755706
P19889,Q24439,0,0.22620117778141435
gi:24584017,gi:24643270,0,0.32980880139069724
Q24297,gi:24586344,0,0.21811921688530922
Q24133,gi:24582909,0,0.6564191666631591
gi:24643270,gi:24650829,0,0.3723948400618094
Q95YI5,gi:17647565,0,0.19513537572433676
Q27597,gi:17865642,0,0.269724575596179
P13706,gi:19922116,0,0.24338125389360502
Q9VPH7,gi:24581628,0,0.19513537572433676
Q9V564,gi:21356033,0,0.568393702081657
gi:24666434,gi:24762622,0,0.4394420954403789
P39413,gi:18543229,0,0.33027538006280055
gi:21355643,gi:24645264,0,0.485393327277395
P22058,gi:24651351,0,0.40522357348902877
O18405,Q27272,0,0.2794609716270164
P27619,gi:21355099,0,0.2705566590855738
Q9VHB6,gi:30923526,0,0.28940954340822506
gi:17737917,gi:20129763,0,0.21024755827425512
P91929,gi:20129085,0,0.3512855693310601
Q94523,gi:24641480,0,0.3955146497551835
gi:21358077,gi:24641404,0,0.40624113256651906
P10981,gi:24653664,0,0.29868026557648025
gi:24643052,gi:24665485,0,0.23487178043810159
gi:24638876,gi:24653664,0,0.21847929837228713
Q11002,gi:17737533,0,0.5891388784310002
Q9VAD6,gi:17136208,0,0.24299289161232193
Q94516,Q9VU68,0,0.28854241412290604
P29052,Q9VYV5,0,0.2705566590855738
gi:20129451,gi:21358483,0,0.22620117778141435
Q9V595,Q9V6X7,0,0.23487178043810159
gi:24645264,gi:24649236,0,0.3934984617839398
P41073,P42519,0,0.28984368678254757
Q961G1,gi:28574296,0,0.24338125389360502
P41073,gi:24641702,0,0.21024755827425512
P12426,P92189,0,0.18789384875128695
P07487,gi:21358557,0,0.46364933672393044
Q9V9S8,gi:24648183,0,0.19513537572433676
Q961G1,gi:21355573,0,0.2520974479366904
P29742,gi:28571807,0,0.28854241412290604
P23757,gi:24659997,0,0.5663218759268285
O77264,gi:19922324,0,0.21847929837228713
P48605,Q9VVN2,0,0.46522392243561744
Q24117,gi:17647803,0,0.6335553966249884
gi:19923034,gi:24656024,0,0.18789384875128695
P21914,P25007,0,0.5823978114406005
P10987,gi:24650126,0,0.5432201926344257
Q9VA73,gi:24648674,0,0.22657073512763554
P02572,gi:20130239,0,0.22657073512763554
P34021,gi:20129347,0,0.2798860693260834
gi:18543229,gi:28573732,0,0.24338125389360502
P00034,gi:17647343,0,0.6900510435405517
O77427,gi:18543299,0,0.43996195443834984
P13060,Q9V6X7,0,0.6873366602510026
Q24572,gi:24651351,0,0.20258637313755706
P13060,Q27415,0,0.6559431068976144
gi:24650829,gi:24762622,0,0.33975488478365257
P29775,gi:17137092,0,0.28854241412290604
P12426,gi:24656262,0,0.21811921688530922
Q9V595,gi:21687222,0,0.23487178043810159
Q24276,gi:24649250,0,0.37190180118610394
Q27415,gi:24641561,0,0.394002171680807
gi:21357009,gi:24666434,0,0.5103569557931482
Q9VFJ2,gi:17136864,0,0.33880883335984435
gi:17864612,gi:24663874,0,0.18789384875128695
P49869,gi:19921910,0,0.20258637313755706
P02267,gi:17136812,0,0.21024755827425512
P14734,gi:20129347,0,0.48750189844128966
gi:24582482,gi:24645513,0,0.19513537572433676
Q9U1H0,gi:24662700,0,0.19513537572433676
P27619,Q9VM75,0,0.22657073512763554
gi:24638876,gi:28571768,0,0.22657073512763554
Q9W123,Q9W141,0,0.2614253303070255
gi:17737917,gi:17864286,0,0.21024755827425512
P02307,Q94514,0,0.45308522533203444
Q24368,Q9W141,0,0.20258637313755706
Q05783,Q9VF78,0,0.19513537572433676
Q9VJD3,gi:24581359,0,0.21847929837228713
P02828,Q9VKH0,0,0.3929949782350923
P02574,gi:24585154,0,0.30856921131348064
gi:18543229,gi:24645257,0,0.21811921688530922
P25007,Q9VHI4,0,0.35080485670035144
O18388,Q05783,0,0.24338125389360502
P54367,gi:24653649,0,0.5553217698529703
Q24207,Q9VPS5,0,0.7450829838711764
P10734,gi:17136846,0,0.27014041554724594
P27619,Q9VF89,0,0.20258637313755706
gi:17647343,gi:21357009,0,0.38388914508619953
Q9V727,gi:20129347,0,0.22620117778141435
P51123,gi:18543299,0,0.8127297017465704
P13060,P91928,0,0.6231257714262273
P47825,gi:24582482,0,0.20258637313755706
P10987,Q9V8M5,0,0.5432201926344257
O01666,P52295,0,0.624611233872572
P13706,gi:17737635,0,0.21811921688530922
Q95NU9,gi:24641449,0,0.3493645374227344
Q23973,Q9VSS2,0,0.3823930007709409
gi:17136780,gi:24653614,0,0.3955146497551835
Q94981,gi:17737635,0,0.19513537572433676
gi:17137092,gi:17647877,0,0.38339018451578694
O01666,P54367,0,0.24338125389360502
P13468,Q23985,0,0.8490775517004022
gi:28573732,gi:28574851,0,0.3288766497207673
P07909,gi:24657292,0,0.46522392243561744
Q03017,Q9W088,0,0.5209843787238614
O16797,gi:24649262,0,0.9197928084269227
P48592,gi:20129451,0,0.37338171368508716
gi:21357023,gi:28571644,0,0.5447905261110968
Q24562,Q86B79,0,0.21811921688530922
Q9V3P0,gi:24643715,0,0.48697471101125145
Q8T498,gi:24656024,0,0.21811921688530922
P51123,Q9VF89,0,0.31817886437248366
Q9VJD3,gi:21356661,0,0.19513537572433676
gi:17137002,gi:24655616,0,0.20258637313755706
Q24572,gi:19921720,0,0.21811921688530922
Q8MSS1,gi:19922888,0,0.2991224618188889
gi:19922138,gi:24582283,0,0.568911287801405
P54358,gi:17736971,0,0.25169980408687587
gi:17136934,gi:21356159,0,0.29868026557648025
Q9VHP2,gi:17136784,0,0.24338125389360502
P53501,gi:24638876,0,0.2889757857047761
Q94523,gi:24585303,0,0.22620117778141435
P12982,P39413,0,0.5220374878077179
Q9VVN2,gi:17136216,0,0.5119387611722339
gi:19920344,gi:28571768,0,0.37190180118610394
P52304,gi:24643270,0,0.5331687964913024
P20232,P25007,0,0.2606112964508466
Q27597,gi:17137648,0,0.269724575596179
gi:21358551,gi:24663874,0,0.19513537572433676
O16797,gi:24653649,0,0.9967160833414881
Q11002,gi:17737635,0,0.18789384875128695
gi:17136820,gi:18543229,0,0.3512855693310601
Q9VYH3,gi:17136342,0,0.27014041554724594
P50536,gi:21356033,0,0.24338125389360502
Q9VM75,gi:20129239,0,0.19513537572433676
gi:21358483,gi:24584968,0,0.19513537572433676
Q9VTE2,gi:24585372,0,0.19513537572433676
P41073,Q9VYD7,0,0.32980880139069724
gi:21357009,gi:24648780,0,0.24338125389360502
P38979,gi:17864100,0,0.3955146497551835
gi:24638927,gi:24647899,0,0.2344927883985483
gi:20129239,gi:20129563,0,0.24299289161232193
P08985,Q9VKH0,0,0.22620117778141435
Q9U1H9,Q9VAD6,0,0.18789384875128695
P00444,P54358,0,0.2794609716270164
P28518,Q8MSS1,0,0.24299289161232193
gi:17137168,gi:24655568,0,0.8449306259267994
Q11002,gi:24639826,0,0.18789384875128695
P16241,Q9VSS2,0,0.41654488919254296
P38979,gi:24652762,0,0.5468829139422121
Q9W3R7,gi:21358053,0,0.3081191892177415
gi:24584968,gi:24662626,0,0.2520974479366904
O96860,gi:24582909,0,0.7070799199123384
gi:24649250,gi:24659086,0,0.4057322518230702
Q86B79,gi:24647702,0,0.19513537572433676
Q9VHY5,Q9VIU7,0,0.20258637313755706
Q9VYH3,gi:24656966,0,0.24338125389360502
Q9V407,gi:24158463,0,0.21024755827425512
gi:17136920,gi:17864286,0,0.3818947794511891
Q01842,Q9VZD5,0,0.33027538006280055
Q9VTE2,Q9VYV5,0,0.20258637313755706
Q9VNT5,gi:24650922,0,0.19513537572433676
P29673,Q9VA73,0,0.19513537572433676
P30052,Q9XY35,0,0.28940954340822506
P00444,P23023,0,0.665951410542753
Q11002,gi:24639272,0,0.24299289161232193
P92208,gi:24639410,0,0.3818947794511891
P25007,P25992,0,0.2889757857047761
P13468,gi:17864612,0,0.22620117778141435
gi:24582482,gi:24639826,0,0.18789384875128695
P12613,Q9VNT5,0,0.21024755827425512
Q9V9S8,gi:18543187,0,0.19513537572433676
gi:24585154,gi:28574296,0,0.40624113256651906
P02828,Q9V727,0,0.3929949782350923
P04657,gi:22023983,0,0.21024755827425512
P35220,Q9VF89,0,0.20258637313755706
Q9W141,gi:17737635,0,0.20258637313755706
O76767,gi:21355807,0,0.2798860693260834
gi:24645264,gi:24664660,0,0.23487178043810159
P25008,gi:21355315,0,0.2606112964508466
Q24572,Q9VA73,0,0.19513537572433676
P18053,Q9VMN5,0,0.21024755827425512
P12613,P17133,0,0.28984368678254757
P54367,gi:24580629,0,0.22657073512763554
Q9VSC1,gi:17736971,0,0.20258637313755706
Q9V407,gi:24647251,0,0.21024755827425512
P41094,P43332,0,0.2790362693947917
O76767,gi:20129085,0,0.28940954340822506
P16241,gi:22023983,0,0.2614253303070255
P13496,Q9W1K5,0,0.2794609716270164
Q24439,Q9VTE2,0,0.18789384875128695
gi:20130405,gi:24585303,0,0.18789384875128695
P54367,gi:24647251,0,0.19513537572433676
gi:21355729,gi:24645513,0,0.24338125389360502
gi:17137470,gi:21355729,0,0.21811921688530922
gi:24639800,gi:24641702,0,0.20258637313755706
P10735,gi:24658707,0,0.21024755827425512
P54733,gi:19922888,0,0.38289146943458485
Q24276,Q9U1H0,0,0.20258637313755706
gi:19922708,gi:21355807,0,0.2798860693260834
Q9W4J5,gi:17864612,0,0.18789384875128695
Q95TN4,Q9V5C6,0,0.23487178043810159
Q01842,gi:24641702,0,0.21811921688530922
P23023,Q24133,0,0.9965810131537346
gi:17864154,gi:24663288,0,0.20258637313755706
gi:24655568,gi:28574980,0,0.28854241412290604
gi:24655616,gi:28572129,0,0.5199310830985445
P39572,gi:17136846,0,0.29868026557648025
P52304,gi:24641480,0,0.6687619792736984
gi:24639272,gi:24653614,0,0.46522392243561744
Q23985,Q9VIF0,0,0.734043116223587
gi:17864460,gi:24581791,0,0.32841107807292325
O46036,P53501,0,0.8501559743270815
Q9V9Z1,gi:24642586,0,0.20258637313755706
Q9VHN6,gi:28572154,0,0.21811921688530922
gi:18860107,gi:24668274,0,0.18789384875128695
P12426,gi:18860069,0,0.19513537572433676
Q9W123,gi:24659997,0,0.21024755827425512
Q9VVN2,gi:24639272,0,0.46522392243561744
P25007,Q94535,0,0.38388914508619953
P13706,gi:17647803,0,0.21811921688530922
P39736,gi:24638927,0,0.46469898194882964
Q9V595,gi:17137116,0,0.19513537572433676
gi:17136208,gi:17136854,0,0.6039499908762794
Q95028,gi:28573207,0,0.58034357632937
gi:24646737,gi:24655616,0,0.3929949782350923
P14734,gi:17136846,0,0.3498443399644219
P02574,gi:20129451,0,0.2520974479366904
P35875,gi:17647815,0,0.21024755827425512
Q95NU9,Q9VHP2,0,0.19513537572433676
P54733,gi:24638766,0,0.851761696971497
gi:17137298,gi:24664660,0,0.28984368678254757
gi:17864154,gi:24663292,0,0.48592042425830684
Q24251,gi:17136256,0,0.7196624990187487
P92189,gi:24643052,0,0.21024755827425512
Q9VXE0,gi:28571958,0,0.2524955080232646
P18487,gi:24643052,0,0.21024755827425512
P02575,P30052,0,0.2610181081278827
gi:17136208,gi:17737549,0,0.32980880139069724
Q24276,Q95NU9,0,0.20258637313755706
gi:17137156,gi:24649250,0,0.33928169865193414
Q24174,gi:24644404,0,0.21811921688530922
gi:17647425,gi:24645264,0,0.23487178043810159
gi:21355689,gi:24648896,0,0.269724575596179
P49905,gi:28571841,0,0.6120799168516209
Q9VHY5,gi:24582482,0,0.20258637313755706
P13060,P47938,0,0.8175518111149117
O46106,Q9VYD7,0,0.7088250376478972
Q05913,Q9VSA3,0,0.20258637313755706
P35381,gi:24662729,0,0.6886954730732184
P27619,gi:24652542,0,0.22657073512763554
P02575,P13054,0,0.2610181081278827
O16797,gi:17864100,0,0.8490775517004022
P25007,gi:24663288,0,0.2606112964508466
Q961G1,gi:18543187,0,0.21847929837228713
gi:19923034,gi:28571644,0,0.21024755827425512
gi:17136920,gi:19922888,0,0.4509945185911777
Q9VWR5,Q9W123,0,0.2614253303070255
Q94535,gi:17647699,0,0.29956503309342614
Q27884,gi:21358129,0,0.25169980408687587
P54733,Q24133,0,0.9134525949427941
P42124,Q9VUJ0,0,0.21024755827425512
P22812,gi:17137310,0,0.18789384875128695
P00444,P50536,0,0.21847929837228713
Q9VYH3,gi:17864246,0,0.21847929837228713
Q9VU68,gi:24656966,0,0.21811921688530922
Q9VYH3,gi:21355815,0,0.31863681258735244
Q04787,gi:17986187,0,0.4274384201286716
P12881,gi:24640986,0,0.21847929837228713
P13496,Q05913,0,0.19513537572433676
gi:17864286,gi:21357109,0,0.21024755827425512
P10987,gi:17864100,0,0.7079532445492872
Q9TX74,Q9V3P0,0,0.3728881445229649
P39413,gi:24668274,0,0.21811921688530922
P54733,Q9VSS2,0,0.8197447211152695
P09089,gi:28571503,0,0.3610430158705395
P21914,gi:21357109,0,0.3723948400618094
Q9V595,gi:17738243,0,0.3498443399644219
gi:17137298,gi:20130281,0,0.35080485670035144
P08928,gi:17864318,0,0.38438835021546713
O76924,Q9V3P0,0,0.624611233872572
gi:17137156,gi:24649646,0,0.2889757857047761
P15330,Q9VFJ2,0,0.6335553966249884
gi:21355643,gi:24638876,0,0.485393327277395
gi:24647899,gi:24650126,0,0.18789384875128695
O01666,P29775,0,0.21811921688530922
Q27884,gi:24649236,0,0.3600700146162289
gi:17647503,gi:28571807,0,0.5891388784310002
Q9VHN6,gi:24663250,0,0.22620117778141435
Q9V3P0,gi:19921494,0,0.2705566590855738
Q9VEX9,gi:24659997,0,0.33880883335984435
gi:24582909,gi:24642586,0,0.2614253303070255
O96860,Q9VF78,0,0.6115787745702528
P22812,P34021,0,0.20258637313755706
P53034,Q9XY35,0,0.22657073512763554
Q9W0K4,gi:21355315,0,0.21811921688530922
gi:17647877,gi:21355807,0,0.30947034608163926
Q27884,gi:30923655,0,0.32841107807292325
Q9V3P0,gi:28573893,0,0.5568844366869163
P17133,gi:24580914,0,0.35080485670035144
Q9VHP2,gi:24651979,0,0.21847929837228713
Q94516,gi:17864390,0,0.28854241412290604
P02575,Q95YI5,0,0.21847929837228713
P29673,gi:24582221,0,0.18789384875128695
Q27884,gi:24646818,0,0.19513537572433676
Q9V9Z1,gi:28573893,0,0.4155195825603172
P00444,P51123,0,0.3498443399644219
Q9V9Z1,gi:24639017,0,0.22620117778141435
P38979,Q24562,0,0.3620171589930397
Q24407,gi:24663250,0,0.2520974479366904
P29413,P92208,0,0.6587947382344926
P17917,Q23985,0,0.8961048228273139
Q94535,gi:24642645,0,0.24338125389360502
P09087,gi:24586487,0,0.31909511144885117
P10987,gi:17137470,0,0.5432201926344257
Q9W5R8,gi:21357543,0,0.555842781942213
Q24451,gi:17647589,0,0.23487178043810159
O16797,gi:17136728,0,0.9461819392331992
P13469,Q23985,0,0.7858507861763471
gi:24585372,gi:28571644,0,0.23487178043810159
P02572,Q24451,0,0.22657073512763554
P45890,gi:19921720,0,0.5336939691814582
gi:20129563,gi:24581791,0,0.24299289161232193
Q05856,gi:17647677,0,0.6678264473383826
Q9VHP2,gi:21355807,0,0.2520974479366904
P52029,Q04787,0,0.4626000134988968
P28159,gi:20129763,0,0.2982384448729169
gi:17737917,gi:24644404,0,0.21024755827425512
Q24117,gi:17137470,0,0.6335553966249884
gi:17933606,gi:24655616,0,0.21024755827425512
Q24276,gi:24642645,0,0.22657073512763554
P05084,gi:24642465,0,0.18789384875128695
gi:17864286,gi:18860107,0,0.18789384875128695
Q9V595,gi:24647251,0,0.19513537572433676
gi:19920846,gi:24653614,0,0.3955146497551835
gi:20130405,gi:21356159,0,0.19513537572433676
P92208,Q94523,0,0.5574050771117391
Q9VVN2,gi:17136864,0,0.5813710466028804
Q23985,Q9VLV5,0,0.8664368212046942
O96860,gi:17137270,0,0.6767363958181514
gi:21357109,gi:22023983,0,0.28984368678254757
P17917,gi:21355279,0,0.40675021470660927
P38979,gi:24639272,0,0.46522392243561744
gi:17136854,gi:24645264,0,0.3934984617839398
O44081,Q9VGC3,0,0.22657073512763554
Q24320,gi:24657292,0,0.32980880139069724
P04197,Q9W141,0,0.2798860693260834
P02572,gi:24650435,0,0.33975488478365257
O18405,P29052,0,0.3728881445229649
Q27350,Q9VWR5,0,0.4742461756417152
gi:20129299,gi:21358483,0,0.20258637313755706
P10383,Q9V9Z9,0,0.20258637313755706
P23758,P53501,0,0.35080485670035144
Q94516,gi:21356159,0,0.31863681258735244
P13054,gi:20129239,0,0.2344927883985483
Q9VHN6,gi:24649824,0,0.22620117778141435
P29742,gi:17136216,0,0.6602162726870373
Q94511,gi:24652542,0,0.2610181081278827
P08985,Q9VHP2,0,0.2520974479366904
Q9VIU7,gi:24639410,0,0.18789384875128695
gi:24659997,gi:28571841,0,0.19513537572433676
P22700,Q04787,0,0.6999650194437866
Q24297,gi:24641702,0,0.21811921688530922
P35220,Q05783,0,0.22657073512763554
P50536,Q9VHP2,0,0.21847929837228713
gi:19923034,gi:24652762,0,0.3081191892177415
P00444,Q9VHN6,0,0.19513537572433676
gi:24647702,gi:28571865,0,0.2520974479366904
Q24562,gi:24665485,0,0.24338125389360502
Q24492,gi:19921910,0,0.20258637313755706
gi:18543229,gi:28573893,0,0.5568844366869163
P00034,gi:24648231,0,0.6260943546024416
O18405,P22769,0,0.25169980408687587
gi:21358351,gi:24641404,0,0.24338125389360502
gi:24638876,gi:24648780,0,0.21847929837228713
Q9VU68,gi:24650922,0,0.19513537572433676
gi:24586344,gi:28574851,0,0.2982384448729169
Q27934,Q9VUL9,0,0.16711908093691472
P00444,gi:17865642,0,0.29868026557648025
gi:17137270,gi:17864286,0,0.20258637313755706
Q94981,gi:24645553,0,0.30856921131348064
O46036,P32392,0,0.7624401154409656
Q27368,gi:17986187,0,0.21847929837228713
gi:21355815,gi:24645264,0,0.31863681258735244
gi:21355099,gi:24582221,0,0.21811921688530922
gi:24641480,gi:28574851,0,0.5352690346054877
Q27368,gi:19921910,0,0.22657073512763554
Q24451,gi:24582006,0,0.6448284853363413
P13054,P22812,0,0.2344927883985483
Q9VSC1,Q9VVN2,0,0.2991224618188889
Q9VYV5,gi:18543229,0,0.2705566590855738
Q23985,gi:24656262,0,0.8299050153002681
P48603,gi:24584376,0,0.5087749429840783
P17133,gi:18543299,0,0.43996195443834984
P91928,gi:17137652,0,0.19513537572433676
Q9VMN5,gi:24662729,0,0.48486626278772893
Q24451,gi:17136624,0,0.24338125389360502
Q9VFJ2,gi:24639272,0,0.24299289161232193
Q86B79,Q960E8,0,0.21024755827425512
gi:22023983,gi:24639926,0,0.2614253303070255
P22812,gi:24585803,0,0.19513537572433676
Q94981,gi:20130239,0,0.21847929837228713
P08879,gi:24659086,0,0.3402283910271144
P09083,Q03017,0,0.4499498090174188
gi:17136772,gi:24582283,0,0.3929949782350923
P46461,Q9VFJ2,0,0.20258637313755706
Q9VIU7,gi:17136846,0,0.19513537572433676
P08879,gi:17137470,0,0.25169980408687587
Q27387,gi:21357023,0,0.4036987630453707
Q9VMN5,gi:17136256,0,0.3818947794511891
P47938,Q86B79,0,0.25169980408687587
P92208,gi:24645513,0,0.41603214504320013
Q7PLI2,gi:24642465,0,0.16711908093691472
gi:20129161,gi:24583043,0,0.22620117778141435
P13469,gi:28572086,0,0.20258637313755706
Q9W5R8,gi:24582909,0,0.5906703030673954
Q24276,Q9VZD5,0,0.2705566590855738
O18404,gi:24663874,0,0.25169980408687587
P10981,gi:21355279,0,0.4295053575421735
P10987,gi:19921002,0,0.9594703204305447
Q24407,gi:17137116,0,0.19513537572433676
Q94535,gi:28574296,0,0.33027538006280055
gi:17136342,gi:24665485,0,0.27014041554724594
gi:17136258,gi:24582283,0,0.9557613867668052
P00444,gi:21355315,0,0.19513537572433676
P56672,gi:17136762,0,0.20258637313755706
O18404,P13469,0,0.3090195971223799
Q94981,gi:24654383,0,0.6340451511728595
gi:17136256,gi:24656262,0,0.5220374878077179
gi:24643052,gi:24663288,0,0.21024755827425512
P07909,gi:17137572,0,0.8307967624902867
Q9V595,gi:24652770,0,0.2889757857047761
P04657,P08044,0,0.21811921688530922
Q24206,gi:17986187,0,0.29868026557648025
P25028,Q95028,0,0.20224570670610195
O77427,P92208,0,0.48644755255988015
P07909,gi:17737549,0,0.32980880139069724
P29052,gi:24647455,0,0.21811921688530922
P45594,P56672,0,0.269724575596179
gi:24584926,gi:24585154,0,0.40624113256651906
O16797,gi:28572129,0,0.9967160833414881
Q24562,gi:24582482,0,0.21811921688530922
P49906,Q9V9S8,0,0.24299289161232193
gi:20129085,gi:24650126,0,0.2344927883985483
P04052,Q9XY35,0,0.22657073512763554
Q9V564,Q9VHN6,0,0.42692207843524443
P35381,gi:28573732,0,0.2610181081278827
P32392,gi:28571807,0,0.22620117778141435
P02575,P21525,0,0.22657073512763554
P10981,gi:17136780,0,0.4295053575421735
Q27387,gi:24641404,0,0.19480417789371884
O16797,gi:21358129,0,0.8961048228273139
P32392,Q24180,0,0.37338171368508716
Q24117,gi:19920758,0,0.6335553966249884
P02283,gi:24641561,0,0.36055637209382824
P29673,Q24133,0,0.5548006361080196
Q27387,Q9W3R7,0,0.2786119630220138
P54358,gi:24641198,0,0.40675021470660927
Q02361,gi:17136846,0,0.5782865532268306
O16011,gi:24641561,0,0.9361992118542305
Q27884,gi:24659086,0,0.21024755827425512
P25171,gi:24642645,0,0.27014041554724594
Q24451,gi:17137648,0,0.29868026557648025
P35220,Q95YI5,0,0.22657073512763554
gi:24586487,gi:24644609,0,0.2614253303070255
gi:21355553,gi:24585372,0,0.21847929837228713
gi:19922708,gi:24654219,0,0.20258637313755706
Q9VHN6,gi:17647875,0,0.18789384875128695
P00444,Q9VSA3,0,0.22657073512763554
P52029,P54733,0,0.38289146943458485
gi:24655616,gi:28573732,0,0.19513537572433676
P12982,Q27415,0,0.4509945185911777
P09089,gi:17864154,0,0.3610430158705395
Q11002,gi:21356995,0,0.4615510214657002
P27619,Q24266,0,0.20258637313755706
Q8ST83,gi:17864318,0,0.2520974479366904
P00034,gi:24649646,0,0.6900510435405517
Q9W141,gi:24654586,0,0.2798860693260834
P00444,gi:24648780,0,0.21847929837228713
P12613,Q94516,0,0.38339018451578694
Q9VUL9,gi:17647581,0,0.3818947794511891
Q9VHB6,gi:24654586,0,0.2798860693260834
gi:17136854,gi:24649646,0,0.6696961795548196
P02283,Q24276,0,0.22657073512763554
P02834,gi:24654219,0,0.24299289161232193
Q24451,gi:28574296,0,0.24338125389360502
gi:17647803,gi:21357023,0,0.4384027770792988
Q24139,gi:24649250,0,0.3081191892177415
P48603,gi:20129085,0,0.6785801137403709
Q9VPH7,gi:17137156,0,0.21847929837228713
gi:19922206,gi:24641702,0,0.269724575596179
gi:24762622,gi:28571768,0,0.2524955080232646
gi:17137298,gi:17647853,0,0.29956503309342614
O76767,gi:21355573,0,0.2798860693260834
Q9NIV1,gi:17864318,0,0.22620117778141435
gi:17986187,gi:24659953,0,0.30856921131348064
gi:21355729,gi:24660629,0,0.24338125389360502
O01666,O18388,0,0.33027538006280055
Q27884,gi:24666434,0,0.370916523718302
Q9VYH3,gi:24650922,0,0.21847929837228713
Q9VA73,gi:17137652,0,0.19513537572433676
Q9V564,gi:21356151,0,0.5331687964913024
P16371,Q24276,0,0.4626000134988968
O18388,Q23973,0,0.24338125389360502
Q9VM75,gi:17737549,0,0.23487178043810159
P00444,gi:24647251,0,0.19513537572433676
Q9VUL9,Q9W0V1,0,0.24299289161232193
gi:17136256,gi:24645264,0,0.41603214504320013
gi:24646199,gi:24646818,0,0.4389223692854569
Q9V595,gi:24649236,0,0.3934984617839398
P02572,gi:17136820,0,0.28940954340822506
P07909,gi:24659997,0,0.24299289161232193
gi:24582221,gi:24653999,0,0.20258637313755706
Q94535,gi:24582482,0,0.21811921688530922
P20227,gi:24665485,0,0.2610181081278827
P10987,gi:22024288,0,0.6457944348248295
Q9VD25,Q9VHD2,0,0.31817886437248366
P46461,gi:24666434,0,0.4394420954403789
P54622,gi:17647343,0,0.41808420117628076
Q9V3G3,gi:17647677,0,0.22620117778141435
Q24206,gi:19921720,0,0.3950102666387321
Q9U1H9,gi:20129763,0,0.18789384875128695
gi:17647699,gi:21358019,0,0.28984368678254757
gi:21358351,gi:21687222,0,0.23487178043810159
O01666,Q24206,0,0.3950102666387321
Q23985,Q9VDS6,0,0.7858507861763471
O18404,Q9VC49,0,0.2794609716270164
Q9VYH3,gi:24643715,0,0.3823930007709409
O77427,P12426,0,0.21024755827425512
O18388,gi:17136812,0,0.21811921688530922
O18388,gi:24642645,0,0.24338125389360502
P54622,gi:24655568,0,0.45256239052470076
P54350,gi:24646199,0,0.6477227635868326
P54367,gi:24584376,0,0.21847929837228713
Q24400,gi:24581791,0,0.4384027770792988
Q9XYN7,gi:19922324,0,0.33928169865193414
P40304,gi:19921720,0,0.21811921688530922
P25992,P38979,0,0.27014041554724594
gi:17136208,gi:17137470,0,0.24299289161232193
P45594,gi:17136934,0,0.6054631799987537
gi:17864390,gi:24652770,0,0.2606112964508466
gi:19922116,gi:24656262,0,0.24338125389360502
gi:21355729,gi:21356661,0,0.21811921688530922
P08985,P52029,0,0.2798860693260834
P12982,Q9U1H0,0,0.3818947794511891
Q11002,gi:19921002,0,0.3818947794511891
P35381,gi:24645257,0,0.2344927883985483
Q24133,Q9U1H0,0,0.5548006361080196
P48987,Q9W5R8,0,0.555842781942213
Q9VAD6,gi:21358551,0,0.19513537572433676
Q9VGS2,gi:24647899,0,0.2982384448729169
Q86B79,Q94535,0,0.21811921688530922
P00444,gi:24642525,0,0.22657073512763554
gi:17864100,gi:24646199,0,0.58034357632937
gi:21356661,gi:24648896,0,0.269724575596179
gi:17737917,gi:19922888,0,0.2614253303070255
P49905,gi:28571958,0,0.6453116081729466
Q95028,gi:17864576,0,0.3955146497551835
gi:18859859,gi:20130405,0,0.22620117778141435
P00444,Q02361,0,0.5782865532268306
P02575,Q27350,0,0.4389223692854569
P25007,gi:24644404,0,0.2606112964508466
P41094,gi:20129239,0,0.2790362693947917
P54350,Q9VPH7,0,0.27014041554724594
Q24139,gi:24585132,0,0.3818947794511891
gi:17137168,gi:24663874,0,0.4965550303691921
Q9V6X7,Q9W0K4,0,0.29956503309342614
Q9W3R7,Q9XY35,0,0.37190180118610394
P16371,Q9Y1A3,0,0.5336939691814582
gi:21358483,gi:24640591,0,0.21024755827425512
gi:17737635,gi:21355689,0,0.18789384875128695
P54367,gi:24643270,0,0.23487178043810159
Q9VJD3,gi:24650829,0,0.30856921131348064
Q9VHD2,gi:17986187,0,0.19513537572433676
Q24439,gi:24651351,0,0.20258637313755706
P02307,P18487,0,0.2344927883985483
gi:21356995,gi:24582283,0,0.9516330868323336
P23758,gi:17647815,0,0.28984368678254757
P23758,gi:17864318,0,0.30947034608163926
Q9VSC1,gi:24652770,0,0.31909511144885117
Q9W0V1,Q9W123,0,0.32980880139069724
Q9VF89,Q9VYV5,0,0.20258637313755706
O16011,Q9VIM5,0,0.6664206646248669
Q9VC49,gi:17647677,0,0.2520974479366904
P92208,gi:24645243,0,0.41603214504320013
Q8MSS1,gi:24641449,0,0.5927094647165868
Q24117,gi:17864246,0,0.665951410542753
gi:19921720,gi:21358557,0,0.33027538006280055
gi:17137092,gi:19923034,0,0.28854241412290604
P54350,Q95TN4,0,0.32980880139069724
P13468,gi:24641449,0,0.5225639694819275
Q11002,gi:28571768,0,0.20258637313755706
gi:20130345,gi:21356661,0,0.370916523718302
P04197,P42519,0,0.30947034608163926
P48605,Q24439,0,0.24299289161232193
Q9VI10,gi:24582482,0,0.21024755827425512
Q24439,Q9VJD3,0,0.19513537572433676
Q11002,Q27597,0,0.18789384875128695
gi:17864286,gi:24647899,0,0.18789384875128695
P10734,P52029,0,0.2991224618188889
P25171,gi:17647699,0,0.32980880139069724
P02574,gi:21355279,0,0.2520974479366904
Q05201,gi:17136934,0,0.46469898194882964
Q27597,Q9VWA1,0,0.20258637313755706
P12613,Q9VXE0,0,0.2614253303070255
gi:24584926,gi:24649646,0,0.38388914508619953
P04657,gi:19921720,0,0.21811921688530922
Q8T498,Q9VI10,0,0.29956503309342614
P09083,P41094,0,0.2790362693947917
gi:24158463,gi:24655568,0,0.28854241412290604
gi:19923034,gi:28571865,0,0.22620117778141435
Q9V9Z1,gi:21355099,0,0.21811921688530922
Q24180,gi:17137092,0,0.45256239052470076
P39413,gi:19920958,0,0.21811921688530922
Q95YI5,gi:20130239,0,0.21847929837228713
P18289,Q9VUL9,0,0.2606112964508466
O76924,Q24139,0,0.48486626278772893
P54622,gi:19921494,0,0.2798860693260834
P25992,gi:24653614,0,0.27014041554724594
Q24297,Q9VWA1,0,0.2705566590855738
Q9V3P0,gi:24642525,0,0.2705566590855738
Q9V595,gi:24655228,0,0.5668400527774922
P22058,gi:21356033,0,0.4752985516112684
gi:21357543,gi:24663874,0,0.20258637313755706
Q94920,gi:24664660,0,0.29956503309342614
gi:17933606,gi:19921720,0,0.29956503309342614
Q24174,gi:21358077,0,0.40624113256651906
P07487,gi:17136812,0,0.32841107807292325
Q9VHB6,gi:19921362,0,0.2798860693260834
Q9VHB6,gi:24650829,0,0.33975488478365257
O18404,Q24297,0,0.3728881445229649
gi:24582482,gi:24638766,0,0.4042068280916938
P02574,P92189,0,0.19513537572433676
P07487,gi:24650435,0,0.7008505821546728
P12613,Q9VHN6,0,0.21024755827425512
P02574,gi:24582221,0,0.19513537572433676
P12613,gi:20130405,0,0.21024755827425512
Q9VMN5,gi:24584017,0,0.24299289161232193
P20232,Q9VWA1,0,0.20258637313755706
P52295,Q9VYV5,0,0.555842781942213
gi:17137298,gi:19921002,0,0.48644755255988015
Q9VA73,gi:21357109,0,0.23487178043810159
gi:21355807,gi:24643052,0,0.30947034608163926
O18405,P49847,0,0.3090195971223799
P02828,gi:21357109,0,0.49813757787597257
Q94511,gi:17737649,0,0.2610181081278827
gi:17864286,gi:20130239,0,0.19513537572433676
Q9VVN2,gi:24649236,0,0.6039499908762794
P00034,gi:19921872,0,0.41603214504320013
gi:22023983,gi:24641480,0,0.32980880139069724
Q7PLI2,Q9VHD2,0,0.16711908093691472
Q95NU9,Q9VF78,0,0.18789384875128695
P11420,Q24276,0,0.3503244466504934
gi:21357129,gi:24668274,0,0.21811921688530922
gi:17986113,gi:24655616,0,0.370916523718302
Q11002,gi:17137116,0,0.18789384875128695
P12982,P17886,0,0.9704524129946641
O16011,Q9W141,0,0.6664206646248669
P02574,P49906,0,0.27014041554724594
P10383,Q27368,0,0.22657073512763554
P10383,gi:17737649,0,0.22657073512763554
Q27934,Q9VIM5,0,0.18054826488108783
P05084,P91927,0,0.18789384875128695
P23758,Q9W0V1,0,0.32980880139069724
P21461,gi:21355279,0,0.7360977565067732
O46106,P13060,0,0.9889135315762341
Q9VJE4,gi:24580914,0,0.35080485670035144
Q9V564,gi:24643007,0,0.42692207843524443
P06601,P35220,0,0.28940954340822506
gi:17136258,gi:24638876,0,0.5204577536457422
Q24143,gi:17136934,0,0.3615299451148602
Q9VN97,gi:17864576,0,0.24299289161232193
P13054,Q9W0V1,0,0.4300224791566088
gi:17864612,gi:21358019,0,0.21024755827425512
O18405,P18053,0,0.3402283910271144
gi:17137270,gi:24638927,0,0.28940954340822506
Q9VMN5,gi:17647815,0,0.21024755827425512
P02267,Q9U616,0,0.21024755827425512
O01666,P42124,0,0.21811921688530922
P21914,P39736,0,0.6165794198350218
Q9W0K4,gi:17137092,0,0.4175709183069264
Q9V407,Q9VGC3,0,0.23487178043810159
Q95TN4,gi:24660629,0,0.23487178043810159
P10987,gi:17647699,0,0.6457944348248295
P48603,Q9Y1A3,0,0.6135819179919101
P54622,gi:17137572,0,0.7869141926704036
gi:18860107,gi:21358077,0,0.2790362693947917
Q9VJE4,Q9W0V1,0,0.32980880139069724
Q27368,gi:17137310,0,0.19513537572433676
gi:24639017,gi:24641090,0,0.41808420117628076
O01666,O16102,0,0.24338125389360502
gi:17737549,gi:19923034,0,0.21024755827425512
O76767,gi:17137116,0,0.20258637313755706
P92208,gi:24640591,0,0.48644755255988015
P08879,Q9W141,0,0.3090195971223799
gi:17737533,gi:21357009,0,0.7171011244850488
P10987,gi:20129451,0,0.7079532445492872
Q94523,gi:24649646,0,0.41808420117628076
Q95TN4,gi:18543229,0,0.29956503309342614
gi:17136216,gi:17864390,0,0.2790362693947917
P41094,Q9U4L6,0,0.30856921131348064
Q9V3G3,gi:19921910,0,0.20258637313755706
P21525,P32392,0,0.2798860693260834
gi:28571451,gi:28571865,0,0.22620117778141435
gi:17737917,gi:19921720,0,0.29956503309342614
gi:24639926,gi:24646199,0,0.4742461756417152
gi:17137298,gi:21355643,0,0.556363671258815
Q9NIV1,gi:24642586,0,0.20258637313755706
O44424,gi:22023983,0,0.6019293100573035
Q9VD51,gi:24641449,0,0.3493645374227344
P06601,Q9VIM5,0,0.28940954340822506
P02575,P18491,0,0.2520974479366904
P42519,Q05783,0,0.23487178043810159
Q9VLV5,gi:24654219,0,0.2344927883985483
P23757,gi:17137572,0,0.9971687160781013
P08266,gi:24641702,0,0.20258637313755706
Q95NU9,gi:17136846,0,0.19513537572433676
Q86B79,gi:28571644,0,0.21024755827425512
Q94981,gi:17136934,0,0.29868026557648025
Q24492,gi:19922324,0,0.19513537572433676
gi:19920958,gi:28573732,0,0.19513537572433676
gi:19920344,gi:28571712,0,0.4057322518230702
Q95028,Q9VSA3,0,0.2798860693260834
P35381,gi:20130281,0,0.45308522533203444
gi:17737533,gi:24639926,0,0.6559431068976144
Q9VF78,Q9VHB6,0,0.20258637313755706
O18388,Q27415,0,0.2705566590855738
P43332,gi:24642465,0,0.18789384875128695
Q9NIV1,gi:19922100,0,0.4499498090174188
O46106,P53501,0,0.7639655142351577
Q9VAD6,gi:24585803,0,0.19513537572433676
P18053,Q9VPS5,0,0.6873366602510026
P20227,gi:24647455,0,0.2344927883985483
O96860,gi:28573207,0,0.9765658374799882
P07487,gi:17137804,0,0.49919263223573096
P23757,Q9VUL9,0,0.5663218759268285
P08266,Q9VSA3,0,0.2524955080232646
P49869,gi:21356033,0,0.21811921688530922
O76767,gi:17647565,0,0.20258637313755706
Q9VIM5,gi:21355689,0,0.20258637313755706
O18405,Q9VHY5,0,0.3090195971223799
gi:17137270,gi:28574851,0,0.3610430158705395
gi:24645264,gi:24648896,0,0.29868026557648025
Q23973,gi:17136846,0,0.21847929837228713
Q9W0V1,gi:24666493,0,0.27014041554724594
Q94981,gi:19922138,0,0.2520974479366904
gi:24639017,gi:24655568,0,0.45256239052470076
Q9VU68,gi:21355643,0,0.4499498090174188
Q9W4J5,gi:28572086,0,0.18789384875128695
Q9VIM5,Q9VM75,0,0.22657073512763554
P00034,gi:24584968,0,0.41603214504320013
P48592,gi:17648035,0,0.22620117778141435
gi:24644404,gi:24661022,0,0.18789384875128695
Q9V407,gi:24647320,0,0.23487178043810159
P16371,P91927,0,0.3929949782350923
P40301,gi:17986187,0,0.24338125389360502
Q9W5R8,gi:20129239,0,0.48486626278772893
Q11002,Q9Y1A3,0,0.21811921688530922
gi:17647425,gi:21356661,0,0.21024755827425512
P09082,gi:19922708,0,0.2524955080232646
O16797,gi:24664660,0,0.8088452140320198
Q95TN4,gi:24652762,0,0.4057322518230702
gi:21358053,gi:24584926,0,0.21811921688530922
P08970,gi:17737549,0,0.29956503309342614
P10383,P48987,0,0.2524955080232646
Q9VYH3,gi:24581628,0,0.19513537572433676
P38979,gi:19920958,0,0.24299289161232193
Q04787,gi:17137092,0,0.7814987473078472
Q9V7P1,gi:24584926,0,0.24338125389360502
gi:24650126,gi:24662626,0,0.22620117778141435
P48603,gi:17864460,0,0.8976659839482531
P08985,gi:24651351,0,0.2798860693260834
gi:20129161,gi:24582909,0,0.21024755827425512
O16011,P00444,0,0.6340451511728595
P02572,P05552,0,0.31909511144885117
Q8MQI6,Q9V8M5,0,0.18789384875128695
P00444,gi:24648674,0,0.22657073512763554
Q9XY35,gi:21358077,0,0.33975488478365257
gi:18859665,gi:24582283,0,0.8048444299497718
P54367,gi:21356151,0,0.23487178043810159
gi:17137724,gi:18543299,0,0.33880883335984435
P25007,gi:20129239,0,0.2606112964508466
Q8ST83,gi:24641702,0,0.19513537572433676
P04197,P91927,0,0.22620117778141435
P00444,gi:24585303,0,0.19513537572433676
Q24143,Q9W141,0,0.2614253303070255
gi:17865642,gi:24644404,0,0.269724575596179
gi:20128953,gi:24641449,0,0.3823930007709409
Q9VPH7,gi:21358129,0,0.2794609716270164
gi:19921002,gi:24639926,0,0.4509945185911777
O18404,gi:24582283,0,0.6692292462132218
gi:20129451,gi:24585372,0,0.2520974479366904
Q27268,gi:21357023,0,0.6140821066562177
P54367,gi:17137168,0,0.5321182317078645
P48605,gi:24666434,0,0.6150817607656682
Q9VEX9,gi:17737549,0,0.43996195443834984
Q961G1,gi:24650126,0,0.19513537572433676
P02572,gi:24652542,0,0.22657073512763554
P48605,gi:17647803,0,0.24299289161232193
P25007,gi:18860069,0,0.2889757857047761
gi:17864390,gi:17864576,0,0.24299289161232193
P35381,gi:24641480,0,0.4300224791566088
P53501,Q95NU9,0,0.2606112964508466
Q02361,Q9VIW3,0,0.6776589459558231
O44437,Q9XY35,0,0.2614253303070255
P13054,P35220,0,0.28940954340822506
P35381,P53501,0,0.45308522533203444
P02575,P39736,0,0.29868026557648025
Q9U405,gi:17136934,0,0.6165794198350218
Q01842,gi:24642465,0,0.21811921688530922
gi:24652542,gi:24662700,0,0.21847929837228713
P54622,gi:28573684,0,0.41808420117628076
Q27884,gi:24639826,0,0.18789384875128695
O77427,gi:24654219,0,0.21024755827425512
gi:19920846,gi:21357023,0,0.6140821066562177
P13706,gi:21356995,0,0.6024348089642767
P91928,gi:24656262,0,0.24338125389360502
gi:17986113,gi:24645264,0,0.40471509857545473
P91928,gi:24582006,0,0.6448284853363413
O77427,Q9VWA1,0,0.2614253303070255
P13060,Q9VHI4,0,0.6873366602510026
P30052,Q23985,0,0.8664368212046942
Q9V7P1,Q9VPS5,0,0.6231257714262273
P48987,gi:17137092,0,0.3503244466504934
P00444,P22058,0,0.3714090287781982
Q24338,gi:24641449,0,0.41654488919254296
Q9VAD6,gi:17737649,0,0.19513537572433676
gi:19920344,gi:24648231,0,0.5468829139422121
gi:17864576,gi:24668274,0,0.24299289161232193
P34021,Q9V6X7,0,0.2614253303070255
gi:24585372,gi:24652762,0,0.33928169865193414
Q9VXE0,gi:17864318,0,0.2798860693260834
gi:21357009,gi:28572129,0,0.656894912272205
Q9V727,gi:24582221,0,0.18789384875128695
P13469,Q9VIW3,0,0.2705566590855738
gi:21358077,gi:24659953,0,0.6496462896778114
P12613,P28518,0,0.21024755827425512
P19538,Q9Y1A3,0,0.9744934262718893
gi:21358019,gi:24586344,0,0.21024755827425512
P04052,gi:24659997,0,0.19513537572433676
gi:17647581,gi:24643715,0,0.8891639410389426
Q24133,gi:24652542,0,0.5896495468232908
Q9VFJ2,gi:21358051,0,0.18789384875128695
Q9VSC1,gi:24639017,0,0.2798860693260834
P22812,gi:17137298,0,0.21024755827425512
Q24251,gi:24639272,0,0.5002476937852618
Q9VHB6,gi:24656262,0,0.2705566590855738
O61443,gi:24641561,0,0.5347440893910714
Q27884,gi:24668014,0,0.21024755827425512
P48605,gi:24660629,0,0.27014041554724594
O18404,P15330,0,0.8438215051943813
Q9Y1A3,gi:24585013,0,0.24338125389360502
Q02361,Q24133,0,0.9945416887198538
P41094,Q9VM75,0,0.30856921131348064
P12613,Q9VD25,0,0.41705781396281055
P35220,Q8MT36,0,0.20258637313755706
P40301,gi:24655182,0,0.24338125389360502
gi:19921362,gi:24655616,0,0.22620117778141435
Q9VF89,gi:17136624,0,0.21811921688530922
P02835,gi:19921910,0,0.3503244466504934
Q24451,gi:17737533,0,0.6231257714262273
Q95YI5,gi:28573125,0,0.3823930007709409
gi:21357109,gi:28571807,0,0.21024755827425512
Q9VMN5,gi:24653664,0,0.19513537572433676
Q24439,gi:24646032,0,0.21024755827425512
Q94516,gi:28571503,0,0.3503244466504934
P42124,gi:21355807,0,0.22620117778141435
P23023,gi:20129347,0,0.7789660110335198
O96860,gi:24642525,0,0.6767363958181514
gi:17136846,gi:17137298,0,0.23487178043810159
Q01842,gi:17647815,0,0.29956503309342614
Q9W4J5,gi:21355279,0,0.22620117778141435
Q9V411,gi:24642465,0,0.21811921688530922
Q24338,gi:24655182,0,0.22657073512763554
P39736,Q24133,0,0.8381311748803996
O16011,gi:24641449,0,0.951243107048615
Q95NU9,gi:24641561,0,0.32841107807292325
Q9VHP2,gi:24646607,0,0.23487178043810159
Q9VYH3,gi:19922100,0,0.485393327277395
Q9VIU7,gi:21355553,0,0.19513537572433676
gi:17737635,gi:24641090,0,0.2606112964508466
Q27272,gi:24582482,0,0.19513537572433676
P35381,gi:24655182,0,0.2610181081278827
Q9VD51,Q9VIW3,0,0.21811921688530922
Q9VF78,gi:24646032,0,0.21024755827425512
Q86B79,gi:21355555,0,0.19513537572433676
gi:17738243,gi:24582482,0,0.31817886437248366
gi:17647565,gi:24663874,0,0.18789384875128695
P10987,gi:21358351,0,0.5782865532268306
gi:21356995,gi:24762622,0,0.5326435502820489
P21914,Q9W0K7,0,0.40624113256651906
Q95YI5,gi:17647425,0,0.23487178043810159
Q9VUJ0,gi:24585372,0,0.23487178043810159
P38979,Q9V7P1,0,0.27014041554724594
gi:18860069,gi:21357023,0,0.4737200728516752
P92208,Q9W1K5,0,0.6587947382344926
O44424,P18487,0,0.4965550303691921
gi:24638927,gi:28573207,0,0.6145820545602858
P02575,gi:17137804,0,0.2520974479366904
P04197,gi:24647455,0,0.22620117778141435
P92189,gi:17647815,0,0.21024755827425512
P40301,gi:20129239,0,0.21811921688530922
P08266,gi:24640986,0,0.22657073512763554
Q9VN97,gi:24662626,0,0.22620117778141435
gi:17933606,gi:24663874,0,0.21024755827425512
Q9VLV5,Q9W0V1,0,0.4300224791566088
P21525,gi:24655182,0,0.22657073512763554
Q24251,gi:24653664,0,0.29868026557648025
Q24180,Q9VUJ0,0,0.30947034608163926
P13496,P20232,0,0.19513537572433676
Q05201,gi:22023983,0,0.319553760338377
P49869,Q9VCX3,0,0.20258637313755706
Q24439,Q960E8,0,0.21024755827425512
Q9VYH3,Q9W141,0,0.22657073512763554
Q95TN4,gi:21687222,0,0.28984368678254757
O01666,P27619,0,0.2705566590855738
gi:19921002,gi:21687222,0,0.48644755255988015
O02649,P45594,0,0.3293425577179446
P53034,gi:24586344,0,0.19513537572433676
P22813,P27619,0,0.22657073512763554
Q27272,Q9W0V1,0,0.27014041554724594
P46461,gi:24642525,0,0.2524955080232646
Q24143,gi:21356033,0,0.29956503309342614
P29742,gi:28572129,0,0.8567958731245138
P23757,gi:24580914,0,0.8247304476521063
P10987,gi:21358345,0,0.5432201926344257
Q27387,Q8MSS1,0,0.21775956349903638
Q9W3C1,gi:24643052,0,0.2614253303070255
P07487,gi:20129161,0,0.32841107807292325
gi:17647815,gi:24639926,0,0.2614253303070255
Q9VN97,gi:17136624,0,0.21811921688530922
Q8IN94,gi:17864318,0,0.30947034608163926
P02575,Q9VX09,0,0.19513537572433676
O76767,P18487,0,0.20258637313755706
Q9VPS5,gi:17648035,0,0.5891388784310002
Q9VWA1,gi:21355553,0,0.22657073512763554
Q9VF78,Q9VFJ2,0,0.18789384875128695
P40417,Q9VYV5,0,0.2798860693260834
gi:17864246,gi:24662626,0,0.2520974479366904
Q9VIF0,gi:20129347,0,0.22620117778141435
P12982,P13469,0,0.4509945185911777
Q9VPH7,Q9VZD5,0,0.24338125389360502
O18388,Q05201,0,0.3512855693310601
O16102,P12982,0,0.41603214504320013
gi:21358019,gi:24649250,0,0.4057322518230702
P19538,gi:19922888,0,0.9663697713624437
Q8T498,Q9VZD5,0,0.33027538006280055
gi:20129763,gi:24648674,0,0.20258637313755706
Q95TN4,gi:17864612,0,0.21024755827425512
P32392,gi:17737649,0,0.2520974479366904
gi:17864154,gi:19921362,0,0.2798860693260834
Q9VA73,Q9VGI8,0,0.29868026557648025
O76924,gi:20128953,0,0.5204577536457422
P47938,gi:24643052,0,0.3402283910271144
P48605,gi:17137470,0,0.24299289161232193
Q23985,Q8ST83,0,0.7609079437852779
P04657,Q27350,0,0.4042068280916938
Q9W123,gi:17864612,0,0.21024755827425512
O97159,P22812,0,0.19513537572433676
gi:21355573,gi:24641702,0,0.22620117778141435
P08879,gi:17738243,0,0.5932187594157114
P52304,gi:17136920,0,0.9368265104054423
Q8IN94,Q9VHD2,0,0.21024755827425512
P45594,P49847,0,0.3293425577179446
gi:18859859,gi:20129161,0,0.22620117778141435
gi:17864390,gi:24158463,0,0.18789384875128695
P25171,gi:19920958,0,0.24299289161232193
gi:20128953,gi:21355315,0,0.19513537572433676
Q9VNT5,gi:18543229,0,0.21811921688530922
gi:24641090,gi:28573684,0,0.5594863665210903
P41094,Q9VEX9,0,0.7105640143990507
gi:20130239,gi:20130345,0,0.40471509857545473
P21525,Q9VIW3,0,0.2705566590855738
P02575,Q9VLV5,0,0.2610181081278827
Q9VUL9,gi:17136934,0,0.269724575596179
P48603,gi:28573893,0,0.9648041607580965
Q94920,gi:21357009,0,0.33027538006280055
P00444,P28518,0,0.19513537572433676
P51123,Q9VYV5,0,0.38289146943458485
Q9VF89,gi:17136784,0,0.21811921688530922
P91928,gi:21358351,0,0.21847929837228713
gi:24655568,gi:24663250,0,0.45256239052470076
Q9V5C6,gi:20130405,0,0.19513537572433676
O02649,gi:21356151,0,0.2614253303070255
P54733,Q9VA73,0,0.3498443399644219
Q24180,gi:17137310,0,0.22620117778141435
Q9VAD6,gi:24650126,0,0.18789384875128695
Q02360,Q9VGC3,0,0.33928169865193414
Q9VM75,gi:17736971,0,0.19513537572433676
Q27884,gi:19922116,0,0.19513537572433676
Q9V595,gi:28573684,0,0.2889757857047761
Q9V407,gi:28571807,0,0.21024755827425512
Q9VHN6,gi:21358051,0,0.18789384875128695
gi:24654383,gi:24656262,0,0.72649281753163
Q960E8,gi:17647699,0,0.28984368678254757
gi:24643270,gi:24647320,0,0.23487178043810159
P04052,Q9VZD5,0,0.24338125389360502
P22812,Q9VVN2,0,0.24299289161232193
Q94511,gi:24645264,0,0.2610181081278827
gi:17137724,gi:19921720,0,0.21811921688530922
gi:17647853,gi:21355315,0,0.21811921688530922
gi:17136208,gi:17648035,0,0.24299289161232193
P09089,gi:17647699,0,0.3945061069561947
Q8T498,Q9VHI4,0,0.29956503309342614
P04197,P45594,0,0.4295053575421735
Q24297,gi:17136846,0,0.24338125389360502
Q9VFJ2,gi:24646729,0,0.32841107807292325
Q24174,Q9V8M5,0,0.21811921688530922
O16102,Q24276,0,0.22657073512763554
P13469,Q9VF78,0,0.20258637313755706
gi:24645243,gi:24653614,0,0.27014041554724594
Q23973,gi:24641561,0,0.36055637209382824
Q9VSS2,gi:24585803,0,0.3823930007709409
Q11002,gi:24659086,0,0.21024755827425512
Q9V9S8,gi:24585154,0,0.2790362693947917
P47938,gi:24654219,0,0.25169980408687587
P48605,gi:21358053,0,0.24299289161232193
Q24133,gi:17137804,0,0.7175290031609705
O77427,P12613,0,0.28984368678254757
Q8MSS1,gi:24581628,0,0.24299289161232193
Q9VN97,gi:24656262,0,0.21811921688530922
gi:17864100,gi:24641404,0,0.3407022166520228
P46461,gi:24655228,0,0.6014235936546437
gi:17864246,gi:28571865,0,0.2520974479366904
P02267,gi:24641449,0,0.4515170360227507
Q24139,gi:17737917,0,0.21024755827425512
Q9VHN6,gi:24585303,0,0.18789384875128695
P02283,gi:24641449,0,0.3823930007709409
Q02360,gi:24651351,0,0.37190180118610394
P00444,Q24266,0,0.19513537572433676
gi:17647877,gi:20130345,0,0.4747723356156669
O18405,Q95083,0,0.25169980408687587
Q9VFJ2,gi:21355815,0,0.28854241412290604
P41073,gi:17737549,0,0.28984368678254757
P00444,gi:21355555,0,0.21847929837228713
P91927,Q24143,0,0.21024755827425512
gi:24642586,gi:24645769,0,0.33975488478365257
gi:17864390,gi:24644609,0,0.21024755827425512
Q9VDS6,Q9XY35,0,0.2524955080232646
P16241,gi:24582221,0,0.20258637313755706
Q24276,Q24572,0,0.20258637313755706
P02828,P54733,0,0.8457582397140315
P92208,gi:19920846,0,0.5574050771117391
Q24133,Q9V6X7,0,0.6564191666631591
Q04787,Q94511,0,0.6034451503554185
Q9V3P0,gi:17647875,0,0.21811921688530922
gi:24586344,gi:24645264,0,0.19513537572433676
Q961G1,Q9VJE4,0,0.23487178043810159
Q24117,gi:24663288,0,0.6335553966249884
gi:17647877,gi:19920958,0,0.21024755827425512
Q9W3R7,gi:24653664,0,0.33928169865193414
gi:24585372,gi:24646818,0,0.21847929837228713
gi:24585154,gi:24585372,0,0.30856921131348064
Q95028,gi:19921768,0,0.22620117778141435
O96860,gi:24649824,0,0.7624401154409656
P16241,gi:21355315,0,0.20258637313755706
gi:17136256,gi:21357009,0,0.5220374878077179
gi:17647699,gi:18860069,0,0.23487178043810159
P02828,P29673,0,0.3929949782350923
Q24451,gi:17864100,0,0.2520974479366904
Q24451,gi:21355815,0,0.31863681258735244
P08879,Q9VA73,0,0.2794609716270164
P00444,Q23973,0,0.21847929837228713
Q9VHN6,gi:20129085,0,0.2344927883985483
gi:21358125,gi:24581791,0,0.21024755827425512
Q95028,gi:17933606,0,0.30947034608163926
P19889,Q9VJD3,0,0.2520974479366904
gi:24653614,gi:24663292,0,0.6583202566999143
Q86B79,gi:24655182,0,0.19513537572433676
gi:24582221,gi:24585013,0,0.19513537572433676
Q9VUL9,gi:19922206,0,0.269724575596179
Q9VIW3,Q9W141,0,0.2705566590855738
P13496,gi:24656262,0,0.24338125389360502
Q94516,gi:24580914,0,0.5937278537945282
gi:19920758,gi:24662626,0,0.22620117778141435
Q9VJD3,gi:24645801,0,0.19513537572433676
P18053,P21914,0,0.3723948400618094
gi:24662700,gi:28573893,0,0.4504721092130105
P00034,Q9V595,0,0.41603214504320013
Q9VUJ0,gi:24584926,0,0.29956503309342614
P10735,P12982,0,0.3818947794511891
P39736,gi:24582221,0,0.269724575596179
P54367,gi:24655228,0,0.5668400527774922
gi:18860107,gi:21355315,0,0.18789384875128695
P40417,Q9VN97,0,0.22620117778141435
P05552,gi:21356033,0,0.38388914508619953
P00444,gi:17647803,0,0.19513537572433676
Q9VI10,gi:19922324,0,0.23487178043810159
gi:24644609,gi:24645264,0,0.23487178043810159
P41073,P45594,0,0.3615299451148602
P12613,P30052,0,0.319553760338377
Q9VFJ2,gi:19921002,0,0.3818947794511891
O44437,gi:24642645,0,0.23487178043810159
O96860,gi:24645769,0,0.882951846421178
O96860,gi:17864576,0,0.8101468377557576
Q9V8M5,gi:24654219,0,0.18789384875128695
O18388,Q02360,0,0.4404819451724985
Q9V3G3,Q9VZD5,0,0.21811921688530922
Q9VPH7,gi:24656024,0,0.19513537572433676
Q9VZD5,Q9W1K5,0,0.3728881445229649
gi:17864154,gi:24650829,0,0.33975488478365257
P00034,gi:24648780,0,0.41603214504320013
O77264,P92208,0,0.41603214504320013
gi:17136864,gi:24662626,0,0.5108842488637899
P08970,P13060,0,0.7171011244850488
Q9VVN2,gi:24666434,0,0.6150817607656682
P13054,gi:20129347,0,0.38438835021546713
O77427,Q9VIM5,0,0.2614253303070255
P49906,Q961G1,0,0.27014041554724594
P02572,gi:18859859,0,0.2798860693260834
gi:17647565,gi:24582283,0,0.3929949782350923
P35220,Q9W123,0,0.2614253303070255
P45594,Q9VGC3,0,0.29868026557648025
gi:17136812,gi:24645801,0,0.18789384875128695
Q95TN4,gi:17136342,0,0.32980880139069724
Q9VJD3,gi:24666434,0,0.40471509857545473
Q24117,Q9VKH0,0,0.6335553966249884
gi:24641449,gi:28572086,0,0.3493645374227344
P10383,Q05783,0,0.22657073512763554
P25028,gi:17137092,0,0.26020489555983745
Q9V595,gi:28574980,0,0.19513537572433676
gi:17136208,gi:21357009,0,0.3620171589930397
gi:19922138,gi:21357009,0,0.3407022166520228
P39572,P52029,0,0.3293425577179446
P49905,gi:21357023,0,0.9823084413082872
gi:17864390,gi:24639496,0,0.2982384448729169
gi:20130405,gi:24645257,0,0.18789384875128695
Q94516,gi:24647702,0,0.31863681258735244
P47938,Q9VWA1,0,0.3090195971223799
gi:24641198,gi:24662700,0,0.2520974479366904
Q24180,Q9VSS2,0,0.5225639694819275
P18053,Q95YI5,0,0.23487178043810159
gi:24581359,gi:24641702,0,0.19513537572433676
P13706,gi:24663250,0,0.3407022166520228
gi:24653649,gi:28571807,0,0.5199310830985445
P09083,P18487,0,0.18789384875128695
P20227,gi:17137572,0,0.8098220693148804
Q24180,gi:24644404,0,0.22620117778141435
P28518,gi:24585803,0,0.19513537572433676
Q9W4J5,gi:24586344,0,0.18789384875128695
Q9VPH7,gi:24649236,0,0.3934984617839398
P02575,P14734,0,0.3498443399644219
O96860,gi:21358551,0,0.6448284853363413
Q9VJD3,gi:24641561,0,0.36055637209382824
Q9NIV1,gi:17136216,0,0.2790362693947917
P29673,gi:24586487,0,0.20258637313755706
P14734,Q9VUJ0,0,0.41705781396281055
P29673,Q03017,0,0.4499498090174188
Q8MQI6,gi:19922888,0,0.20258637313755706
Q9VSC1,gi:17647877,0,0.2614253303070255
P04657,P52656,0,0.19513537572433676
P20232,gi:17137572,0,0.6443450671189636
Q9VHN6,gi:28574980,0,0.18789384875128695
P29742,gi:24639410,0,0.28854241412290604
P29775,Q9Y1A3,0,0.21811921688530922
gi:17986187,gi:28574851,0,0.3288766497207673
P30052,Q8T498,0,0.3512855693310601
gi:24581791,gi:24647320,0,0.19513537572433676
P00034,gi:28574061,0,0.4509945185911777
P92189,gi:28571841,0,0.19513537572433676
P48603,gi:17647875,0,0.4731940284073014
Q94920,gi:24586487,0,0.2705566590855738
P04197,gi:17864318,0,0.37338171368508716
Q9V407,gi:17647589,0,0.28984368678254757
P35875,P41094,0,0.2790362693947917
P38979,gi:24660629,0,0.27014041554724594
P92208,Q9VTE2,0,0.3818947794511891
Q9W5B9,gi:17864318,0,0.22620117778141435
O96860,gi:24648780,0,0.6448284853363413
P02575,Q24325,0,0.21847929837228713
P29742,Q9VZD5,0,0.4175709183069264
P00444,gi:24641702,0,0.19513537572433676
P05084,P52029,0,0.20258637313755706
gi:17864390,gi:21355643,0,0.4499498090174188
gi:19922888,gi:28571958,0,0.2524955080232646
gi:24655568,gi:28573125,0,0.7478783093740051
P27619,Q24143,0,0.2614253303070255
gi:17137092,gi:24645257,0,0.28854241412290604
P40417,gi:24585803,0,0.2520974479366904
Q9VAD6,gi:17136820,0,0.2344927883985483
Q9VIU7,gi:24658707,0,0.21024755827425512
O01666,Q24117,0,0.7534728318273323
Q9VHN6,gi:17137168,0,0.4965550303691921
O18405,gi:24651351,0,0.3090195971223799
Q24206,gi:19922888,0,0.3293425577179446
Q8MQI6,gi:24662700,0,0.19513537572433676
P21914,P48987,0,0.33975488478365257
Q9VDS6,Q9VWA1,0,0.2524955080232646
P00444,gi:17933606,0,0.23487178043810159
Q9V9Z9,gi:17137310,0,0.18789384875128695
P91928,gi:24651979,0,0.21847929837228713
P21461,gi:17647699,0,0.6771978433620621
O46106,gi:17737549,0,0.5793154090520658
Q9V411,gi:17864612,0,0.21811921688530922
P00444,gi:21358351,0,0.21847929837228713
gi:24643052,gi:28572154,0,0.29956503309342614
P91928,gi:24643559,0,0.21847929837228713
Q8IN94,gi:24586344,0,0.21024755827425512
P35381,gi:21358551,0,0.2610181081278827
P12613,Q9VD51,0,0.21024755827425512
Q8IN94,Q9XY35,0,0.2614253303070255
O01666,P11420,0,0.4175709183069264
gi:19921494,gi:24655616,0,0.20258637313755706
P13706,gi:19921720,0,0.33027538006280055
Q9VNT5,gi:24582482,0,0.18789384875128695
P07487,P45890,0,0.8634378945340203
gi:24640986,gi:24645264,0,0.21847929837228713
gi:17737917,gi:18543229,0,0.29956503309342614
Q86B79,Q9VJE4,0,0.21024755827425512
Q9VMN5,gi:21356033,0,0.21811921688530922
P18289,P29413,0,0.5241431090536487
Q9VYD7,gi:17736971,0,0.24299289161232193
P12426,Q9V9S8,0,0.18789384875128695
O02649,P52295,0,0.555842781942213
Q9VPH7,gi:21358351,0,0.21847929837228713
Q27272,Q9VZD5,0,0.24338125389360502
Q95YI5,gi:17136258,0,0.5204577536457422
P91927,Q7PLI2,0,0.16711908093691472
gi:28572086,gi:28574851,0,0.2982384448729169
P35381,gi:24661022,0,0.2344927883985483
Q9VD51,Q9VHD2,0,0.18789384875128695
P22813,gi:17737549,0,0.23487178043810159
O16011,Q23985,0,0.9987857823081705
Q9V407,gi:17136948,0,0.4057322518230702
gi:21358557,gi:24644404,0,0.21811921688530922
P08985,Q9Y1A3,0,0.3407022166520228
Q9VU68,gi:28573684,0,0.2606112964508466
P08985,gi:24641561,0,0.49919263223573096
P09082,gi:17136934,0,0.3293425577179446
gi:17137310,gi:21358019,0,0.21024755827425512
gi:20130239,gi:21356661,0,0.19513537572433676
gi:24586487,gi:28574980,0,0.20258637313755706
O18405,O77427,0,0.3402283910271144
P51123,Q86B79,0,0.31817886437248366
O61443,gi:17647815,0,0.319553760338377
Q06559,Q9VUJ0,0,0.9035817414768748
O18388,Q24143,0,0.29956503309342614
gi:19920958,gi:24585730,0,0.24299289161232193
Q9U616,gi:19921720,0,0.21811921688530922
Q9VHB6,gi:24666434,0,0.4394420954403789
P52304,gi:28574980,0,0.42692207843524443
gi:24642525,gi:24645264,0,0.22657073512763554
Q9VHY5,gi:24642645,0,0.22657073512763554
Q9VU68,gi:24645769,0,0.2790362693947917
Q05201,Q9V6X7,0,0.319553760338377
O46036,gi:20129763,0,0.6115787745702528
P40301,gi:28571841,0,0.24338125389360502
gi:17137092,gi:24652542,0,0.31863681258735244
Q24407,gi:18543187,0,0.21847929837228713
P48603,gi:28574980,0,0.4731940284073014
P35875,Q9XY35,0,0.20258637313755706
P04052,gi:24665485,0,0.21847929837228713
O97159,gi:17137310,0,0.19513537572433676
Q9VGS2,gi:21357109,0,0.3945061069561947
Q9VA73,gi:24584736,0,0.29868026557648025
Q9VSA3,gi:21357047,0,0.2798860693260834
gi:24661022,gi:24662700,0,0.19513537572433676
Q9VJD3,gi:24668014,0,0.23487178043810159
Q9V407,gi:20129085,0,0.319553760338377
P10987,gi:21357131,0,0.5432201926344257
P53501,gi:24639926,0,0.31909511144885117
Q9VSS2,gi:17137310,0,0.3493645374227344
P08928,gi:19921910,0,0.28940954340822506
Q9V3G3,gi:24640986,0,0.19513537572433676
Q24320,Q24439,0,0.21024755827425512
O18405,P08970,0,0.3728881445229649
Q11002,gi:24650922,0,0.19513537572433676
P19538,gi:24641561,0,0.9952843588229277
Q27884,gi:24582006,0,0.6115787745702528
Q9VJE4,gi:18543299,0,0.43996195443834984
Q9VXE0,gi:19922324,0,0.22657073512763554
P25028,P27619,0,0.18054826488108783
P53501,Q9V3G3,0,0.2606112964508466
P10735,gi:24653999,0,0.20258637313755706
gi:21355815,gi:24649646,0,0.5937278537945282
Q9V9Z1,gi:21357023,0,0.4384027770792988
P08970,gi:17647815,0,0.29956503309342614
P45594,gi:28571807,0,0.269724575596179
P13706,gi:24654383,0,0.72649281753163
gi:17136762,gi:24653614,0,0.2991224618188889
Q94511,gi:21358051,0,0.2344927883985483
gi:17136216,gi:21687222,0,0.3723948400618094
P08970,Q9VIM5,0,0.2705566590855738
gi:24645769,gi:24663874,0,0.2790362693947917
gi:17647699,gi:24645801,0,0.21024755827425512
Q24133,gi:17647677,0,0.7175290031609705
gi:24652770,gi:24662626,0,0.41808420117628076
gi:19923034,gi:24655568,0,0.28854241412290604
P00444,gi:24645553,0,0.30856921131348064
Q9VYV5,gi:21358051,0,0.20258637313755706
P02572,P39413,0,0.2705566590855738
Q24492,gi:17737549,0,0.21024755827425512
Q9V3P0,gi:24663250,0,0.3407022166520228
P02267,Q9VKH0,0,0.21024755827425512
P47825,gi:18543299,0,0.40522357348902877
Q7PLI2,gi:17864612,0,0.16711908093691472
gi:21357009,gi:30923526,0,0.3512855693310601
P13054,P29413,0,0.44152231741611286
gi:19922888,gi:20128953,0,0.22657073512763554
P08928,Q9U616,0,0.2344927883985483
Q9VF89,gi:21355555,0,0.19513537572433676
P02575,Q8IN94,0,0.23487178043810159
Q27884,gi:21355315,0,0.18789384875128695
gi:18543229,gi:24641480,0,0.3620171589930397
P38979,Q9VWR5,0,0.2991224618188889
P08985,P35220,0,0.2798860693260834
Q9VJD3,gi:24653664,0,0.21847929837228713
P23758,Q9W141,0,0.2614253303070255
P19889,gi:28574851,0,0.46417411966134337
Q9VFJ2,gi:24658707,0,0.21024755827425512
P48603,gi:21355099,0,0.6135819179919101
P49906,gi:24647455,0,0.24299289161232193
gi:17136780,gi:17864154,0,0.2798860693260834
gi:17864154,gi:24643559,0,0.22657073512763554
Q9VIU7,Q9VSC1,0,0.20258637313755706
O44437,Q9VIM5,0,0.2614253303070255
Q9VXE0,gi:24659997,0,0.20258637313755706
Q9VU68,gi:24650829,0,0.2790362693947917
Q27268,Q9W3R7,0,0.475824822465761
P54367,gi:24652770,0,0.2889757857047761
P13496,gi:24645243,0,0.21847929837228713
P54358,gi:24641561,0,0.6044546099748522
Q9VHN6,gi:19922138,0,0.22620117778141435
gi:17136864,gi:21357009,0,0.4752985516112684
P19889,Q9V8M5,0,0.22620117778141435
P00034,gi:17647815,0,0.48644755255988015
Q95NU9,Q9VSS2,0,0.3493645374227344
Q24297,Q9XY35,0,0.2705566590855738
Q9V407,gi:17647875,0,0.21024755827425512
gi:17737649,gi:24586487,0,0.22657073512763554
Q11002,gi:24639410,0,0.18789384875128695
P00444,gi:24645243,0,0.21847929837228713
Q24143,gi:17647815,0,0.28984368678254757
Q8T498,gi:19921872,0,0.24338125389360502
P21914,gi:24654586,0,0.4410020665348054
P39572,gi:24662700,0,0.29868026557648025
gi:17737917,gi:21358077,0,0.3723948400618094
Q05913,Q961G1,0,0.19513537572433676
Q27350,gi:24659997,0,0.4042068280916938
Q24207,Q24251,0,0.4295053575421735
Q94511,gi:24642586,0,0.28940954340822506
Q9VA73,gi:24655182,0,0.21847929837228713
P54358,Q24133,0,0.7956829742311785
P39572,Q9V6X7,0,0.3615299451148602
gi:17647503,gi:20129161,0,0.5891388784310002
P39736,gi:24644404,0,0.269724575596179
Q9V9Z1,gi:24656262,0,0.21811921688530922
Q86B79,gi:24656024,0,0.18789384875128695
Q9VUL9,Q9VYH3,0,0.19513537572433676
P13060,P52656,0,0.6231257714262273
P25171,gi:24638766,0,0.6477227635868326
gi:17137298,gi:17864460,0,0.4284715768649996
P04052,gi:24580914,0,0.2889757857047761
P00444,gi:20130405,0,0.19513537572433676
gi:21355729,gi:24656966,0,0.33027538006280055
P42124,Q9VHP2,0,0.19513537572433676
Q24368,gi:24657292,0,0.24299289161232193
P52304,gi:17864576,0,0.6687619792736984
gi:20128953,gi:24650435,0,0.30856921131348064
Q95YI5,gi:24584376,0,0.21847929837228713
gi:19922708,gi:24642465,0,0.20258637313755706
gi:17986187,gi:20129563,0,0.27014041554724594
P40301,Q95TN4,0,0.29956503309342614
P25028,gi:24641561,0,0.297797000212385
gi:17136208,gi:21357131,0,0.24299289161232193
Q24206,Q94511,0,0.46469898194882964
Q24451,gi:24639272,0,0.27014041554724594
gi:24584376,gi:24656262,0,0.24338125389360502
Q9VPH7,gi:19921720,0,0.24338125389360502
Q24174,gi:24651351,0,0.2705566590855738
gi:19923034,gi:24647702,0,0.19513537572433676
Q24400,gi:17137310,0,0.4384027770792988
P41094,gi:19920958,0,0.2790362693947917
gi:21355315,gi:24648674,0,0.20258637313755706
P48605,gi:19920758,0,0.24299289161232193
P08879,gi:24646818,0,0.2794609716270164
P56672,gi:19922324,0,0.19513537572433676
gi:17137648,gi:24641702,0,0.269724575596179
P42124,Q95028,0,0.22620117778141435
O96860,gi:17737635,0,0.6115787745702528
P49906,Q9U4L6,0,0.27014041554724594
gi:17137116,gi:24641090,0,0.2606112964508466
gi:17136772,gi:24643270,0,0.21024755827425512
Q24297,Q9VHD2,0,0.21811921688530922
P10987,gi:24656966,0,0.6776589459558231
Q94920,gi:21358129,0,0.3728881445229649
P25007,gi:17136342,0,0.48855635555156235
gi:24638927,gi:28571958,0,0.28940954340822506
O76924,Q9W5R8,0,0.9854046822898193
P10981,gi:24584376,0,0.29868026557648025
gi:17736971,gi:21356159,0,0.19513537572433676
Q24407,gi:24655228,0,0.5668400527774922
Q27884,gi:17864246,0,0.19513537572433676
gi:19920468,gi:20130345,0,0.40471509857545473
P05084,Q9VHS2,0,0.19513537572433676
Q9VFJ2,gi:24651979,0,0.19513537572433676
gi:21358077,gi:24647899,0,0.2790362693947917
P02574,gi:24659086,0,0.23487178043810159
gi:17136820,gi:17864286,0,0.2344927883985483
Q24407,gi:28573125,0,0.3823930007709409
gi:24639272,gi:24646199,0,0.6477227635868326
Q9W5R8,gi:17737649,0,0.5204577536457422
P00034,gi:28571644,0,0.48644755255988015
Q9VU68,gi:24654383,0,0.6004115123089059
Q24206,Q9V8M5,0,0.269724575596179
gi:20129299,gi:21357009,0,0.2705566590855738
P00444,gi:24641480,0,0.27014041554724594
Q9VHS2,Q9VIF0,0,0.19513537572433676
gi:20128953,gi:24654219,0,0.19513537572433676
P91928,gi:28571644,0,0.23487178043810159
Q9V595,gi:24654383,0,0.6340451511728595
P00444,gi:17136772,0,0.19513537572433676
O18404,gi:22023983,0,0.3402283910271144
P08970,gi:24582482,0,0.21811921688530922
Q24338,gi:21356033,0,0.2705566590855738
Q94516,Q9V5C6,0,0.31863681258735244
gi:24585730,gi:24668274,0,0.24299289161232193
P00444,Q24368,0,0.19513537572433676
P47825,Q9VYV5,0,0.2524955080232646
gi:17137298,gi:21357047,0,0.30947034608163926
P02574,Q27272,0,0.21847929837228713
Q9W141,gi:24655182,0,0.22657073512763554
P09087,Q9V9Z1,0,0.2606112964508466
Q27597,gi:24668103,0,0.18789384875128695
P20227,Q9VIU7,0,0.2344927883985483
P48605,Q95TN4,0,0.32980880139069724
gi:24645801,gi:28571841,0,0.19513537572433676
P10383,Q9VFJ2,0,0.20258637313755706
gi:20128953,gi:24585730,0,0.27014041554724594
P02835,Q24276,0,0.3503244466504934
P29413,P29742,0,0.5589662372351882
P49906,Q8T498,0,0.3620171589930397
Q94981,gi:24655228,0,0.5668400527774922
P02307,Q9VF78,0,0.2344927883985483
P47825,gi:24647455,0,0.20258637313755706
Q86B79,gi:28574692,0,0.19513537572433676
Q94511,Q9W0K7,0,0.3512855693310601
Q24297,Q9VWR5,0,0.2705566590855738
gi:20130345,gi:28571958,0,0.4394420954403789
P08879,gi:24645243,0,0.2794609716270164
P29052,P45594,0,0.3950102666387321
gi:21355807,gi:24648674,0,0.2798860693260834
gi:24651351,gi:24652542,0,0.22657073512763554
P25007,gi:24585154,0,0.5823978114406005
P08879,gi:28574692,0,0.2794609716270164
O46106,P29413,0,0.7373256419914825
gi:24638750,gi:24643715,0,0.9275710254024614
Q9VHP2,gi:24584736,0,0.29868026557648025
gi:18860069,gi:24659997,0,0.19513537572433676
Q9VHB6,gi:17136784,0,0.2705566590855738
Q27387,gi:24643052,0,0.18757207740654158
gi:20129299,gi:24653614,0,0.2991224618188889
gi:17136920,gi:18543229,0,0.5220374878077179
P43332,gi:24582482,0,0.18789384875128695
P08044,Q24439,0,0.21811921688530922
gi:22023983,gi:24639496,0,0.3945061069561947
gi:21355315,gi:24659953,0,0.2790362693947917
gi:19921768,gi:24663874,0,0.18789384875128695
P05084,gi:19921910,0,0.20258637313755706
gi:17137804,gi:17864390,0,0.22620117778141435
P04052,Q9VHS2,0,0.21847929837228713
Q94511,Q9VGI8,0,0.46469898194882964
P13060,P17917,0,0.8175518111149117
gi:19920344,gi:24648896,0,0.6491658611686753
P91928,gi:24659086,0,0.23487178043810159
Q27415,Q9VUL9,0,0.20258637313755706
gi:17137270,gi:22023983,0,0.2614253303070255
P23758,gi:24657292,0,0.32980880139069724
P91929,Q86B79,0,0.21811921688530922
Q9NIV1,gi:20130345,0,0.370916523718302
Q24251,gi:24648780,0,0.29868026557648025
P16371,gi:24641198,0,0.568911287801405
Q94516,Q960E8,0,0.38339018451578694
P20232,gi:24585372,0,0.19513537572433676
gi:24652762,gi:24662626,0,0.475824822465761
Q9VAD6,gi:24659953,0,0.2790362693947917
Q27597,gi:24641480,0,0.24299289161232193
P07487,gi:28573893,0,0.8740980551605132
gi:18860069,gi:24582482,0,0.19513537572433676
gi:21355689,gi:24158463,0,0.18789384875128695
P22058,gi:17137310,0,0.33880883335984435
gi:17647343,gi:24586487,0,0.31909511144885117
O18404,O77264,0,0.2794609716270164
P12881,Q9VCX3,0,0.22657073512763554
P10383,gi:18860107,0,0.20258637313755706
Q27884,Q9VSA3,0,0.20258637313755706
P19538,Q03017,0,0.9990120356104462
gi:24585372,gi:24645243,0,0.21847929837228713
Q27884,gi:17136864,0,0.33880883335984435
O76767,gi:24580629,0,0.2524955080232646
Q24180,gi:19921910,0,0.2798860693260834
P09089,gi:24653614,0,0.5352690346054877
O18404,Q9W1K5,0,0.512465978066035
gi:20130405,gi:24663250,0,0.22620117778141435
P00444,gi:24666434,0,0.40471509857545473
P04657,P20232,0,0.18789384875128695
P23757,gi:17647677,0,0.7269119009488341
gi:21358483,gi:24645553,0,0.2790362693947917
O18405,P08266,0,0.3090195971223799
Q961G1,Q9W5R8,0,0.5204577536457422
Q94516,gi:28571644,0,0.38339018451578694
Q27387,Q86B79,0,0.16711908093691472
P27619,gi:21687222,0,0.2614253303070255
gi:17986113,gi:24650126,0,0.370916523718302
P43332,Q24439,0,0.18789384875128695
P35381,gi:24659953,0,0.47635114701589937
Q02360,gi:24641561,0,0.7822185343509996
Q9VGS2,gi:21358557,0,0.4289883897510397
P02834,P04657,0,0.24299289161232193
gi:17648035,gi:24649250,0,0.3081191892177415
Q27934,Q9VSA3,0,0.18054826488108783
O18388,P23757,0,0.697744577066888
P02835,Q94514,0,0.5937278537945282
O96860,gi:17986187,0,0.6448284853363413
P25008,Q9V3P0,0,0.38388914508619953
P10383,Q95NU9,0,0.20258637313755706
P46461,gi:24644609,0,0.2614253303070255
gi:19922138,gi:24655616,0,0.22620117778141435
Q9VHS2,gi:17864390,0,0.19513537572433676
gi:24659997,gi:24660629,0,0.19513537572433676
gi:24643715,gi:24650922,0,0.3823930007709409
Q9V3G3,gi:24659997,0,0.18789384875128695
P00034,gi:19922116,0,0.41603214504320013
Q24168,gi:24665485,0,0.19513537572433676
Q9VU68,gi:24666434,0,0.370916523718302
gi:20129161,gi:24663250,0,0.22620117778141435
P54367,gi:19921494,0,0.22657073512763554
P28159,gi:17647677,0,0.46417411966134337
P18053,Q94511,0,0.319553760338377
P35875,gi:24641561,0,0.32841107807292325
Q94920,gi:24642586,0,0.2705566590855738
P16241,Q9Y1A3,0,0.2705566590855738
Q9NIV1,gi:24649236,0,0.3600700146162289
gi:24582482,gi:28571644,0,0.21024755827425512
Q9VNT5,gi:24581359,0,0.19513537572433676
P05552,gi:24644404,0,0.2606112964508466
Q24133,gi:24641480,0,0.7715524179061958
P10735,Q06559,0,0.8594078528038206
Q86B79,gi:17137298,0,0.21024755827425512
Q9VU68,gi:17137298,0,0.21024755827425512
Q03017,Q24174,0,0.5911803888683651
Q24407,gi:28573684,0,0.2889757857047761
O02649,gi:18858205,0,0.4626000134988968
gi:17137116,gi:19920344,0,0.3081191892177415
Q8MQI6,Q9VKH0,0,0.18789384875128695
P02572,gi:24645769,0,0.33975488478365257
Q94981,gi:28571807,0,0.19513537572433676
Q8MSS1,gi:19921872,0,0.27014041554724594
P06601,gi:24641702,0,0.2344927883985483
Q9VNT5,gi:24645264,0,0.19513537572433676
gi:17864612,gi:21356159,0,0.19513537572433676
gi:17737549,gi:28571841,0,0.23487178043810159
Q9VC49,gi:19922324,0,0.21847929837228713
O97159,P21914,0,0.30856921131348064
gi:17864390,gi:24655228,0,0.5315928419235562
Q24139,Q9VZD5,0,0.21811921688530922
P10383,gi:17136920,0,0.4509945185911777
Q94523,gi:24654586,0,0.37338171368508716
P30052,gi:21357023,0,0.6472411296672146
Q961G1,gi:17647581,0,0.41603214504320013
gi:20129239,gi:24585013,0,0.19513537572433676
gi:17737549,gi:28574296,0,0.29956503309342614
gi:24643052,gi:28571807,0,0.21024755827425512
P40417,gi:24581791,0,0.22620117778141435
Q24451,gi:21358077,0,0.30856921131348064
gi:24641404,gi:28574061,0,0.2705566590855738
P28518,Q86B79,0,0.18789384875128695
Q9W5B9,gi:24643052,0,0.21024755827425512
Q9U1H0,gi:24641561,0,0.32841107807292325
P21461,gi:24654219,0,0.5777718697576569
P13706,gi:28571768,0,0.2705566590855738
Q9V564,gi:17136784,0,0.568393702081657
gi:21356661,gi:24645769,0,0.2790362693947917
P25171,gi:19922324,0,0.27014041554724594
Q8MSS1,gi:17136208,0,0.46522392243561744
Q24368,gi:17737549,0,0.21024755827425512
P91943,Q9VHD2,0,0.20258637313755706
O01666,Q8MQI6,0,0.21811921688530922
gi:24158463,gi:28571865,0,0.22620117778141435
Q9VYH3,gi:24647320,0,0.21847929837228713
P18289,Q23985,0,0.9086369995006033
Q95028,gi:24652542,0,0.2520974479366904
gi:17137648,gi:24585803,0,0.29868026557648025
O44081,Q9VUJ0,0,0.2614253303070255
P12881,Q9VGC3,0,0.21847929837228713
Q95TN4,gi:24582482,0,0.21024755827425512
gi:17136772,gi:24639926,0,0.20258637313755706
P02572,gi:28571451,0,0.20258637313755706
gi:21358019,gi:28571807,0,0.21024755827425512
Q24139,Q9VF89,0,0.18789384875128695
P08970,Q9W0V1,0,0.3620171589930397
O76767,gi:19921910,0,0.2524955080232646
Q9VU02,Q9VYV5,0,0.22657073512763554
P54733,Q9W5R8,0,0.8885385350520286
Q02361,Q94514,0,0.8107951003190943
gi:19922116,gi:20130405,0,0.19513537572433676
gi:19922708,gi:20129347,0,0.2798860693260834
P02283,P52029,0,0.22657073512763554
gi:24655568,gi:28574296,0,0.4175709183069264
P43332,gi:24665485,0,0.19513537572433676
Q9VWA1,gi:24585154,0,0.33975488478365257
P42003,Q9VFJ2,0,0.2982384448729169
P13469,gi:24641449,0,0.41654488919254296
Q24133,Q8MQI6,0,0.5548006361080196
gi:24641404,gi:24659086,0,0.29956503309342614
Q94535,Q9VPS5,0,0.7171011244850488
Q02361,Q9Y1A3,0,0.6776589459558231
P08879,P09089,0,0.5704631375959077
P10981,gi:21358483,0,0.269724575596179
gi:17737635,gi:24643052,0,0.21024755827425512
gi:18543299,gi:21357047,0,0.5108842488637899
P30052,gi:24647455,0,0.2344927883985483
gi:24645513,gi:24649250,0,0.33928169865193414
P19538,P22700,0,0.9873220549150455
P35875,Q9W141,0,0.20258637313755706
gi:21355099,gi:24662700,0,0.24338125389360502
Q9VGC3,Q9VGI8,0,0.29868026557648025
P02828,gi:28573207,0,0.9396585238129574
P54367,gi:24644609,0,0.23487178043810159
gi:20130345,gi:28571712,0,0.4747723356156669
P15330,Q9V9S8,0,0.6335553966249884
P17133,gi:24647455,0,0.21024755827425512
P21914,gi:17864444,0,0.33975488478365257
Q24451,gi:24646607,0,0.23487178043810159
gi:19922138,gi:21358077,0,0.4410020665348054
P22058,P22700,0,0.6486851301264698
P02575,Q24492,0,0.19513537572433676
O01666,P22058,0,0.4752985516112684
gi:24643270,gi:30923655,0,0.4284715768649996
gi:19921362,gi:24655568,0,0.45256239052470076
gi:17737533,gi:21358483,0,0.5891388784310002
Q94514,gi:24584736,0,0.5709801147907655
gi:17864390,gi:24580629,0,0.20258637313755706
P17133,gi:19922324,0,0.23487178043810159
gi:17648035,gi:24641404,0,0.21811921688530922
P04197,Q9VIW3,0,0.3407022166520228
P19889,Q9VKH0,0,0.22620117778141435
gi:17647581,gi:21356661,0,0.3818947794511891
gi:17647425,gi:24650126,0,0.21024755827425512
gi:24641090,gi:24646737,0,0.6999650194437866
P49028,gi:24638876,0,0.22657073512763554
Q24276,gi:21687222,0,0.2614253303070255
O18405,Q9VSC1,0,0.3090195971223799
P25028,gi:20129239,0,0.16711908093691472
O01666,Q24133,0,0.6877899571565597
P92189,Q86B79,0,0.18789384875128695
P56672,P91927,0,0.18789384875128695
P18491,gi:20129347,0,0.37338171368508716
P14734,Q9VSS2,0,0.8197447211152695
gi:17647581,gi:24643052,0,0.48644755255988015
gi:17137002,gi:24582283,0,0.4626000134988968
O44081,P22812,0,0.20258637313755706
gi:24585372,gi:24654219,0,0.19513537572433676
Q24251,gi:24650922,0,0.29868026557648025
P02267,P18487,0,0.21024755827425512
P54367,gi:24648780,0,0.21847929837228713
O44081,gi:19922888,0,0.2524955080232646
gi:17647699,gi:24655616,0,0.21024755827425512
P22813,P91927,0,0.19513537572433676
Q9VHN6,Q9VSS2,0,0.3493645374227344
P00444,gi:17738243,0,0.3498443399644219
P00034,gi:24585154,0,0.7474802239328249
P28518,Q24117,0,0.6335553966249884
Q94523,gi:24647899,0,0.22620117778141435
gi:24647320,gi:24762622,0,0.22657073512763554
Q9VHB6,gi:24158463,0,0.20258637313755706
Q24143,Q9VSS2,0,0.4515170360227507
gi:24641090,gi:30923655,0,0.6379531449117253
P04657,P08970,0,0.21811921688530922
P08985,P53501,0,0.41808420117628076
Q9VPH7,gi:17136780,0,0.2520974479366904
P48592,Q24325,0,0.2520974479366904
P12613,P53034,0,0.23487178043810159
Q9VPS5,gi:24650922,0,0.6231257714262273
P52304,gi:21358557,0,0.568393702081657
Q9U1H0,gi:18543229,0,0.21811921688530922
gi:24582283,gi:30923655,0,0.8634378945340203
P29673,Q9V3P0,0,0.21811921688530922
O76767,gi:24648896,0,0.3293425577179446
P48603,gi:24581791,0,0.4731940284073014
gi:19923034,gi:24585154,0,0.2790362693947917
gi:24585013,gi:24649646,0,0.2889757857047761
Q9W0K4,gi:19921720,0,0.33027538006280055
Q24143,gi:19922888,0,0.2614253303070255
P91929,gi:24585132,0,0.5220374878077179
gi:24663288,gi:28574296,0,0.21811921688530922
Q24400,Q95TN4,0,0.5447905261110968
Q9TX74,gi:20129763,0,0.25169980408687587
gi:17137168,gi:24638927,0,0.6986338718211824
P13496,gi:24649250,0,0.33928169865193414
P13469,gi:24580914,0,0.31909511144885117
P25992,Q9V9S8,0,0.19513537572433676
Q11002,gi:24581791,0,0.18789384875128695
Q8ST83,Q9VCX3,0,0.22657073512763554
Q23973,gi:24580914,0,0.2889757857047761
O77427,gi:28574296,0,0.29956503309342614
P04197,gi:24641449,0,0.5225639694819275
Q24180,Q94514,0,0.41808420117628076
P10735,gi:24656024,0,0.18789384875128695
Q9VJE4,Q9VWR5,0,0.2614253303070255
P11420,Q9VUJ0,0,0.38339018451578694
P05205,gi:17136812,0,0.2982384448729169
gi:24646729,gi:24653614,0,0.5699460066437073
P91927,Q95NU9,0,0.18789384875128695
Q9W5R8,gi:24641702,0,0.48486626278772893
P17133,Q9W0V1,0,0.32980880139069724
P02574,P20227,0,0.2610181081278827
P38979,Q27387,0,0.21775956349903638
Q95YI5,Q9V595,0,0.21847929837228713
P18487,Q9XY35,0,0.20258637313755706
P52304,gi:24649824,0,0.6029400893911713
gi:24638876,gi:30923526,0,0.2610181081278827
Q9TX74,Q9V8M5,0,0.25169980408687587
P38979,gi:20130405,0,0.24299289161232193
P25007,Q9VHB6,0,0.31909511144885117
Q961G1,Q9VTE2,0,0.19513537572433676
P12613,Q9VI10,0,0.28984368678254757
gi:24581628,gi:24653614,0,0.24299289161232193
gi:24639017,gi:24655616,0,0.22620117778141435
Q9V5C6,gi:17136934,0,0.29868026557648025
Q8MQI6,gi:22023983,0,0.21024755827425512
P29673,gi:24638927,0,0.2344927883985483
gi:24641198,gi:24651351,0,0.2798860693260834
Q9VSC1,gi:18859859,0,0.2798860693260834
gi:28571712,gi:28574851,0,0.3945061069561947
gi:24646199,gi:24647702,0,0.4389223692854569
P02267,Q9VF78,0,0.21024755827425512
P10734,gi:28572086,0,0.24299289161232193
Q9VUJ0,gi:24653999,0,0.2614253303070255
Q9VFJ2,gi:17136256,0,0.3818947794511891
P11420,gi:20129763,0,0.28854241412290604
P18487,P39413,0,0.21811921688530922
P13496,Q9VU02,0,0.21847929837228713
O18405,Q9W5B9,0,0.25169980408687587
P12613,Q27934,0,0.18757207740654158
P25992,Q9VNT5,0,0.19513537572433676
Q9V3P0,gi:17647877,0,0.29956503309342614
O44437,gi:24585803,0,0.23487178043810159
Q94535,Q9VWA1,0,0.2705566590855738
gi:20128953,gi:21357047,0,0.2520974479366904
gi:19921494,gi:21356661,0,0.20258637313755706
Q9VD25,gi:24642465,0,0.31817886437248366
P00444,Q9W141,0,0.22657073512763554
Q9TX74,Q9W5R8,0,0.7462834726239771
Q24206,gi:21355315,0,0.269724575596179
gi:20129161,gi:24647899,0,0.18789384875128695
P52304,gi:17647877,0,0.5331687964913024
P14734,gi:24641198,0,0.48750189844128966
Q9VPS5,gi:24652762,0,0.9132856293237017
Q9VHB6,gi:17137652,0,0.20258637313755706
gi:21357023,gi:24660629,0,0.4737200728516752
P12613,Q8ST83,0,0.23487178043810159
gi:19920344,gi:19922708,0,0.37190180118610394
P49028,Q9VVN2,0,0.2991224618188889
P18487,P29775,0,0.18789384875128695
O76924,Q95028,0,0.6573703429775132
gi:17737635,gi:19920344,0,0.3081191892177415
Q9VU68,gi:24646737,0,0.3929949782350923
Q9U1H0,gi:21356033,0,0.21811921688530922
P12426,gi:17648035,0,0.18789384875128695
O76767,gi:17737635,0,0.20258637313755706
P14734,Q9VIW3,0,0.4520396603776108
gi:20129085,gi:24638927,0,0.4185976615207393
Q95TN4,gi:17137156,0,0.23487178043810159
gi:19920758,gi:24649250,0,0.3081191892177415
Q23985,gi:21687222,0,0.8088452140320198
Q9VHP2,gi:17137652,0,0.19513537572433676
gi:17137572,gi:19921872,0,0.6762746039653394
P27619,Q95NU9,0,0.20258637313755706
P12613,P20227,0,0.319553760338377
Q9VSC1,gi:24663250,0,0.2798860693260834
gi:20130405,gi:24645769,0,0.2790362693947917
Q8MSS1,gi:24652762,0,0.5468829139422121
gi:24582283,gi:24654383,0,0.9718223458489431
gi:21355729,gi:24648183,0,0.24338125389360502
P53501,Q9VIF0,0,0.2606112964508466
gi:24649646,gi:24650922,0,0.2889757857047761
P18487,Q02361,0,0.5432201926344257
Q9VIW3,gi:24644404,0,0.21811921688530922
P39413,Q94511,0,0.3512855693310601
P07909,Q9VIW3,0,0.3620171589930397
gi:17137298,gi:24649824,0,0.30947034608163926
P02834,P48592,0,0.3955146497551835
P56672,Q9W141,0,0.20258637313755706
P02283,gi:24638766,0,0.4389223692854569
gi:24646737,gi:24650126,0,0.3929949782350923
P02307,Q9VSS2,0,0.5579255914195972
P54622,gi:24642586,0,0.2798860693260834
P12613,Q9V3G3,0,0.21024755827425512
P16371,gi:21355807,0,0.568911287801405
Q27272,gi:24643052,0,0.23487178043810159
P91943,Q9VIW3,0,0.2705566590855738
P29052,gi:24584926,0,0.33027538006280055
O16011,gi:17864612,0,0.6004115123089059
Q9VF78,gi:24667016,0,0.19513537572433676
gi:28571841,gi:28574851,0,0.3288766497207673
Q94981,gi:18543299,0,0.3714090287781982
Q9VJE4,gi:21355279,0,0.30947034608163926
Q9V727,gi:17986187,0,0.19513537572433676
gi:21358345,gi:24762622,0,0.20258637313755706
O18404,gi:17137092,0,0.5589662372351882
P02307,gi:24666493,0,0.2610181081278827
Q8MSS1,gi:24639826,0,0.24299289161232193
Q24266,Q9VKH0,0,0.18789384875128695
gi:19923034,gi:24643559,0,0.19513537572433676
P92208,Q24562,0,0.5220374878077179
Q94516,gi:17136846,0,0.31863681258735244
Q23985,Q8IN94,0,0.8088452140320198
P04657,Q27268,0,0.22620117778141435
P05205,gi:20129347,0,0.46417411966134337
P38979,Q27272,0,0.27014041554724594
Q9VNT5,gi:17136846,0,0.19513537572433676
gi:24663874,gi:28573732,0,0.19513537572433676
O18388,Q95NU9,0,0.21811921688530922
Q9V407,Q9Y1A3,0,0.29956503309342614
P02575,Q95NU9,0,0.19513537572433676
Q94981,gi:24668014,0,0.23487178043810159
gi:24158463,gi:24645264,0,0.19513537572433676
Q27884,gi:24650829,0,0.2790362693947917
P29742,gi:19921362,0,0.45256239052470076
Q9V3P0,gi:20129085,0,0.3512855693310601
Q24325,gi:17137572,0,0.6762746039653394
P42003,Q95TN4,0,0.3945061069561947
gi:17737649,gi:18543229,0,0.24338125389360502
P47825,Q9VWA1,0,0.2524955080232646
P38979,gi:24668014,0,0.32980880139069724
Q24178,gi:24642645,0,0.19513537572433676
P91929,gi:21358557,0,0.33027538006280055
gi:17933528,gi:20130345,0,0.6799592624033026
O18388,P10734,0,0.3620171589930397
Q9VMN5,gi:30923526,0,0.2344927883985483
P19538,Q9VIW3,0,0.9744934262718893
Q961G1,gi:24582221,0,0.19513537572433676
gi:24582006,gi:24582283,0,0.9730752926265877
P54367,gi:24645553,0,0.30856921131348064
Q03017,gi:24582221,0,0.4499498090174188
gi:24639410,gi:24646199,0,0.4042068280916938
P02575,gi:17737649,0,0.21847929837228713
gi:24653614,gi:28571644,0,0.32980880139069724
gi:24582006,gi:24643270,0,0.7070799199123384
P10981,Q27597,0,0.269724575596179
P52295,gi:24657292,0,0.7183835822316756
P08879,gi:20129451,0,0.40675021470660927
gi:19922138,gi:24655568,0,0.45256239052470076
O97159,P27619,0,0.22657073512763554
P27619,Q02361,0,0.6125808221462368
Q24407,gi:24662729,0,0.5204577536457422
Q24562,gi:19923034,0,0.21811921688530922
Q960E8,Q9U4L6,0,0.23487178043810159
P38979,Q961G1,0,0.27014041554724594
Q9V595,gi:24648780,0,0.21847929837228713
Q9V9Z9,gi:21356033,0,0.21811921688530922
P07487,gi:28571451,0,0.32841107807292325
P21914,Q24180,0,0.4410020665348054
P52656,gi:24585372,0,0.21847929837228713
gi:21355689,gi:21357543,0,0.20258637313755706
gi:24582283,gi:24666434,0,0.9178783478395416
gi:24653614,gi:24659086,0,0.32980880139069724
P91928,gi:24584968,0,0.21847929837228713
Q27268,gi:28571958,0,0.2798860693260834
Q11002,gi:24645513,0,0.19513537572433676
gi:21358483,gi:24649236,0,0.3600700146162289
P07487,gi:18860107,0,0.32841107807292325
P54622,gi:21358051,0,0.22620117778141435
Q9W0V1,gi:20129161,0,0.24299289161232193
O18404,P91943,0,0.3090195971223799
gi:17136208,gi:24639979,0,0.24299289161232193
Q24320,Q86B79,0,0.21024755827425512
P00034,Q9VYV5,0,0.4509945185911777
Q05783,gi:21355807,0,0.2520974479366904
Q9VI10,Q9VYV5,0,0.2614253303070255
Q23985,Q27934,0,0.7053286910968697
Q27597,gi:21358019,0,0.21024755827425512
P20153,P38979,0,0.32980880139069724
P12982,P42124,0,0.3818947794511891
Q9VYH3,gi:21358053,0,0.19513537572433676
P54733,Q9VKH0,0,0.31817886437248366
Q9VPS5,gi:17137572,0,0.9978690411980154
gi:24645264,gi:24655182,0,0.21847929837228713
P08044,P92208,0,0.5220374878077179
P02574,Q9W5B9,0,0.19513537572433676
P56672,gi:24641449,0,0.3493645374227344
P08985,gi:17136934,0,0.4295053575421735
P10735,P46461,0,0.20258637313755706
Q9VIU7,gi:28574061,0,0.20258637313755706
gi:21355315,gi:21687222,0,0.21024755827425512
P09089,Q9VF89,0,0.2982384448729169
gi:17986113,gi:21358077,0,0.7385498435710078
P10735,P48592,0,0.22620117778141435
P52304,gi:21357543,0,0.4976100563283039
Q9VSC1,gi:19922116,0,0.22657073512763554
P18491,P22700,0,0.41808420117628076
P45890,gi:19920958,0,0.3929949782350923
Q9V595,gi:24646729,0,0.36055637209382824
gi:21355553,gi:24641404,0,0.24338125389360502
P02575,Q9TX74,0,0.2794609716270164
Q9V407,gi:30923526,0,0.319553760338377
gi:21357009,gi:24584017,0,0.3620171589930397
P04657,Q24325,0,0.19513537572433676
Q9VX09,gi:21355315,0,0.18789384875128695
P53501,Q24451,0,0.2889757857047761
gi:17864576,gi:24662700,0,0.27014041554724594
Q9V407,gi:28573207,0,0.5098296396745938
P02574,Q9VJE4,0,0.23487178043810159
P92208,Q9VHB6,0,0.4509945185911777
Q9VJD3,gi:24646729,0,0.36055637209382824
gi:19920344,gi:19922138,0,0.475824822465761
Q9U405,gi:20129347,0,0.4410020665348054
Q9VHY5,gi:24665485,0,0.22657073512763554
O76924,P02828,0,0.9557613867668052
P10383,Q9U4L6,0,0.22657073512763554
Q9W0K7,gi:19922888,0,0.2705566590855738
Q9VHD2,Q9VM75,0,0.19513537572433676
P91943,gi:21355279,0,0.2798860693260834
Q94516,gi:24585154,0,0.6602162726870373
gi:17136216,gi:24645264,0,0.30856921131348064
Q9V9Z1,gi:24647455,0,0.18789384875128695
gi:24647702,gi:28571503,0,0.22657073512763554
P00444,P39572,0,0.29868026557648025
P02283,gi:24651351,0,0.22657073512763554
Q24251,gi:19921002,0,0.7196624990187487
P02572,gi:24648674,0,0.2524955080232646
P49869,gi:17736971,0,0.18789384875128695
gi:19923034,gi:21356545,0,0.18789384875128695
gi:24643715,gi:28571644,0,0.4515170360227507
Q9U1H9,Q9VYV5,0,0.20258637313755706
Q11002,gi:24663288,0,0.18789384875128695
Q9V727,gi:19921720,0,0.21811921688530922
Q24400,Q9VAD6,0,0.4384027770792988
Q9VC49,gi:24641449,0,0.3823930007709409
O18388,Q9VC49,0,0.24338125389360502
P47938,gi:21357023,0,0.7092603587069174
gi:17137298,gi:24654219,0,0.21024755827425512
P21914,gi:21358557,0,0.40624113256651906
gi:21355553,gi:24646199,0,0.4389223692854569
O77264,gi:28571841,0,0.21847929837228713
gi:21357023,gi:24646818,0,0.4737200728516752
P08879,gi:28571644,0,0.3402283910271144
Q95YI5,gi:24642525,0,0.22657073512763554
P91927,Q9V595,0,0.19513537572433676
P13706,gi:19920846,0,0.3407022166520228
Q9VJD3,gi:24582006,0,0.6448284853363413
P02572,gi:17647503,0,0.6559431068976144
P49028,gi:28571958,0,0.2524955080232646
P15330,Q9XY35,0,0.6968537967863396
P20153,gi:24642645,0,0.23487178043810159
O97159,P02828,0,0.4274384201286716
P54367,gi:24649236,0,0.3934984617839398
P53034,Q9VSA3,0,0.22657073512763554
Q9VSS2,gi:24644404,0,0.3493645374227344
P32392,gi:17933528,0,0.41808420117628076
gi:24662626,gi:28571644,0,0.30947034608163926
P46461,gi:19922116,0,0.22657073512763554
P49905,Q9VWR5,0,0.6453116081729466
Q9V411,gi:20129347,0,0.3407022166520228
gi:24641404,gi:24643559,0,0.24338125389360502
P35220,Q8IN94,0,0.2614253303070255
Q9VU02,Q9VWA1,0,0.22657073512763554
gi:21355729,gi:24663288,0,0.21811921688530922
O46036,gi:17986187,0,0.6448284853363413
P40417,Q9Y1A3,0,0.3407022166520228
P32392,Q02360,0,0.475824822465761
Q24139,gi:24645257,0,0.18789384875128695
P08266,gi:19922324,0,0.22657073512763554
Q9VHN6,gi:28571451,0,0.18789384875128695
P02575,gi:24668103,0,0.19513537572433676
O18405,gi:24580914,0,0.5241431090536487
P22058,Q9V8M5,0,0.33880883335984435
P10383,gi:17933606,0,0.2614253303070255
O16102,P00444,0,0.21847929837228713
Q9W3R7,gi:24654383,0,0.9169189469622679
P00444,gi:24648231,0,0.27014041554724594
P35381,gi:17933528,0,0.45308522533203444
P10981,gi:24663250,0,0.4295053575421735
gi:21357009,gi:24650829,0,0.40624113256651906
gi:17864246,gi:21358483,0,0.19513537572433676
gi:21358483,gi:24650922,0,0.19513537572433676
gi:17647503,gi:21356661,0,0.5891388784310002
O01666,gi:20130281,0,0.38388914508619953
gi:21355553,gi:24582482,0,0.19513537572433676
P25992,Q9VPH7,0,0.21847929837228713
P08970,P48592,0,0.3407022166520228
P05552,gi:19922888,0,0.31909511144885117
P54622,gi:17864318,0,0.37338171368508716
P08970,gi:24580914,0,0.38388914508619953
Q9VPS5,gi:28574061,0,0.6559431068976144
Q9VJD3,gi:17738243,0,0.3498443399644219
P48603,Q27597,0,0.4731940284073014
Q9VSC1,gi:21358557,0,0.2705566590855738
Q9V9Z1,gi:24641449,0,0.3493645374227344
Q94981,gi:28572129,0,0.5553217698529703
gi:17864576,gi:20129161,0,0.24299289161232193
P53034,gi:17737549,0,0.23487178043810159
O18388,Q9VA73,0,0.24338125389360502
gi:24585803,gi:24647455,0,0.19513537572433676
O16797,gi:24654383,0,0.9987857823081705
P45594,Q7PLI2,0,0.24260495033350593
Q9V9Z1,gi:21355729,0,0.21811921688530922
Q94920,gi:28571865,0,0.3407022166520228
P13706,Q9VKH0,0,0.21811921688530922
gi:17864390,gi:21358551,0,0.19513537572433676
P91929,gi:24647251,0,0.21811921688530922
Q9VYH3,gi:24639272,0,0.27014041554724594
P08970,P12426,0,0.21811921688530922
Q24251,gi:17136854,0,0.7004079880451143
P41094,Q23973,0,0.30856921131348064
Q9VMN5,gi:17136772,0,0.18789384875128695
O77264,gi:24641702,0,0.19513537572433676
P02574,Q27350,0,0.4389223692854569
Q9VNT5,gi:24639272,0,0.24299289161232193
Q27268,gi:24642645,0,0.2520974479366904
gi:21687222,gi:24581628,0,0.21024755827425512
Q9VN97,gi:22023983,0,0.21024755827425512
Q9VPS5,gi:17864246,0,0.6231257714262273
Q9VD51,gi:17137572,0,0.6443450671189636
O16011,Q9VUL9,0,0.6004115123089059
Q05783,gi:17136846,0,0.21847929837228713
P54367,gi:24639017,0,0.2520974479366904
Q9VYH3,gi:24645243,0,0.21847929837228713
gi:19921002,gi:24643270,0,0.48644755255988015
gi:24582283,gi:24585132,0,0.9279951695686302
Q9W3R7,gi:24668014,0,0.4057322518230702
Q9VKH0,Q9W088,0,0.20258637313755706
Q9VYH3,gi:19920758,0,0.19513537572433676
gi:17647677,gi:24654219,0,0.22620117778141435
Q9V407,gi:24638845,0,0.8544498994687201
gi:17738243,gi:21355729,0,0.4520396603776108
O01666,Q9U1H9,0,0.21811921688530922
Q9VEX9,gi:17136846,0,0.3714090287781982
gi:17137002,gi:28571865,0,0.2798860693260834
gi:19920344,gi:24656966,0,0.4404819451724985
O16797,gi:24655228,0,0.997150787371874
P18487,Q24338,0,0.20258637313755706
P18491,Q9VIW3,0,0.3407022166520228
gi:17136864,gi:24762622,0,0.40522357348902877
P08985,gi:21355807,0,0.37338171368508716
P52295,Q9VAD6,0,0.48486626278772893
Q9VFJ2,gi:20129299,0,0.20258637313755706
P02835,Q9Y1A3,0,0.4175709183069264
O16102,P27619,0,0.22657073512763554
gi:21356151,gi:24650126,0,0.21024755827425512
gi:17864390,gi:17864460,0,0.32841107807292325
P13496,P92189,0,0.19513537572433676
Q9W3R7,gi:19920846,0,0.475824822465761
Q05856,gi:24641702,0,0.4965550303691921
Q9VHS2,gi:19921720,0,0.24338125389360502
P02572,gi:24643052,0,0.2614253303070255
P04197,gi:17647677,0,0.37338171368508716
Q9W0V1,gi:24641702,0,0.24299289161232193
Q8T498,gi:24660629,0,0.24338125389360502
P13054,Q9VYD7,0,0.4300224791566088
P21461,gi:19922708,0,0.6453116081729466
Q94920,gi:17137648,0,0.3950102666387321
P45594,P91943,0,0.3293425577179446
P00034,gi:21358053,0,0.3818947794511891
P11420,P27619,0,0.3503244466504934
Q9VJE4,gi:19921910,0,0.2614253303070255
Q9VC49,Q9VHD2,0,0.19513537572433676
P21914,Q9VGI8,0,0.6165794198350218
P07487,gi:24639496,0,0.7569834567418853
Q9VHS2,gi:24642586,0,0.22657073512763554
P22700,P54733,0,0.6270817888871933
P50536,gi:17647677,0,0.2520974479366904
P52295,Q9VMN5,0,0.48486626278772893
P02575,P91943,0,0.22657073512763554
Q9VU68,gi:24586344,0,0.18789384875128695
P18487,P23023,0,0.6335553966249884
O16797,gi:24639272,0,0.8820767153063006
Q8IN94,Q9VUL9,0,0.21024755827425512
P49028,Q9VYD7,0,0.2991224618188889
Q95YI5,Q9VIM5,0,0.22657073512763554
gi:17136934,gi:17647581,0,0.7196624990187487
P00444,Q27268,0,0.2520974479366904
gi:20130405,gi:24584376,0,0.19513537572433676
P17886,gi:21355807,0,0.7708077074757275
P02267,P02575,0,0.23487178043810159
Q24133,gi:28571712,0,0.6564191666631591
P25028,Q9VSS2,0,0.3177212674203415
Q9V411,gi:17136762,0,0.2705566590855738
Q9V9Z1,gi:19921768,0,0.18789384875128695
P13469,Q9W141,0,0.2524955080232646
Q95028,gi:17933528,0,0.41808420117628076
P20232,P92208,0,0.3818947794511891
Q9VSC1,gi:17737649,0,0.22657073512763554
P48592,Q9VDS6,0,0.2798860693260834
P48592,P49847,0,0.2798860693260834
Q24206,Q9VSS2,0,0.6905021771595458
P54622,gi:28571768,0,0.2798860693260834
P07487,gi:24638845,0,0.973954756914074
gi:19921872,gi:21355729,0,0.24338125389360502
Q9VF78,Q9VIF0,0,0.18789384875128695
P54350,Q8T498,0,0.3620171589930397
gi:19921720,gi:24667016,0,0.24338125389360502
Q9V9Z9,gi:24641561,0,0.32841107807292325
P35220,Q9VD51,0,0.20258637313755706
gi:17864612,gi:24659997,0,0.18789384875128695
P49028,Q95TN4,0,0.2614253303070255
Q24451,gi:24649250,0,0.33928169865193414
P52304,gi:20129239,0,0.42692207843524443
P48592,gi:24652762,0,0.475824822465761
P42003,Q9VYV5,0,0.3610430158705395
P46461,gi:17647343,0,0.31909511144885117
P10987,Q9V9S8,0,0.5432201926344257
P54622,gi:21355729,0,0.3407022166520228
Q9VUL9,gi:17647853,0,0.21811921688530922
gi:19922206,gi:21358483,0,0.269724575596179
Q9VM75,Q9VUL9,0,0.19513537572433676
gi:19922888,gi:19923034,0,0.20258637313755706
gi:24647251,gi:28571807,0,0.18789384875128695
P54367,gi:21356995,0,0.4970825401012719
P46461,gi:17933528,0,0.31909511144885117
gi:17647565,gi:24641090,0,0.2606112964508466
P29052,gi:28571958,0,0.2705566590855738
Q94920,gi:21355573,0,0.3407022166520228
gi:21357131,gi:24655568,0,0.28854241412290604
Q24139,gi:17137270,0,0.20258637313755706
Q24133,gi:21355099,0,0.6877899571565597
Q9U1H0,gi:24644404,0,0.18789384875128695
P45594,P91928,0,0.29868026557648025
gi:17864286,gi:28573207,0,0.4042068280916938
gi:17986113,gi:20130405,0,0.370916523718302
gi:24645801,gi:28574296,0,0.21811921688530922
P11420,Q9W5R8,0,0.8387029080049357
P02575,P39413,0,0.24338125389360502
P02267,gi:17737549,0,0.28984368678254757
P45890,Q9VSS2,0,0.8936903049269355
gi:17136256,gi:24643270,0,0.48644755255988015
P00444,gi:24663292,0,0.4504721092130105
gi:17647565,gi:24650126,0,0.18789384875128695
Q24117,Q9VZD5,0,0.7534728318273323
P02835,Q9VSS2,0,0.7478783093740051
P52656,Q9VWR5,0,0.22657073512763554
gi:19921720,gi:24638845,0,0.8712849105258009
gi:17136812,gi:24639800,0,0.20258637313755706
gi:24638750,gi:24662626,0,0.6678264473383826
Q95YI5,gi:20130405,0,0.19513537572433676
O16011,gi:17647815,0,0.6972993723541508
O76767,gi:28572129,0,0.5901600220441708
P35875,gi:17737549,0,0.21024755827425512
P18487,Q24572,0,0.18789384875128695
P16241,Q9V6X7,0,0.2614253303070255
P13496,Q9VF78,0,0.19513537572433676
P16241,Q9VGC3,0,0.22657073512763554
O46036,gi:21355315,0,0.6115787745702528
P10735,gi:24585154,0,0.2790362693947917
gi:17647853,gi:28572086,0,0.21811921688530922
Q9U1H0,Q9VSS2,0,0.3493645374227344
P41094,gi:17137310,0,0.2790362693947917
Q11002,Q95YI5,0,0.19513537572433676
P10981,gi:24649646,0,0.5709801147907655
Q9V3P0,gi:17986113,0,0.5103569557931482
gi:21355643,gi:24582283,0,0.9494341741628929
gi:17933528,gi:24662700,0,0.2889757857047761
P02575,gi:24650435,0,0.30856921131348064
gi:17136258,gi:24650126,0,0.48486626278772893
gi:24641404,gi:24645513,0,0.24338125389360502
O02649,gi:24643007,0,0.20258637313755706
P49869,Q03017,0,0.4499498090174188
gi:24649236,gi:28571865,0,0.5342190671989998
Q9VXE0,gi:18543299,0,0.40522357348902877
P02575,gi:24650126,0,0.19513537572433676
O16797,gi:17137002,0,0.7858507861763471
Q24139,gi:24650435,0,0.2790362693947917
P12613,P47938,0,0.3402283910271144
P54358,gi:20129347,0,0.40675021470660927
Q95NU9,gi:21355807,0,0.22620117778141435
O16102,Q9V6X7,0,0.23487178043810159
gi:24643007,gi:24649646,0,0.2606112964508466
Q8MSS1,Q9U4L6,0,0.27014041554724594
gi:24645553,gi:24646199,0,0.7647256709227274
gi:24663292,gi:28571503,0,0.48592042425830684
P11420,gi:21356033,0,0.4175709183069264
Q11002,gi:24646818,0,0.19513537572433676
gi:17647677,gi:21357047,0,0.37338171368508716
Q95NU9,gi:24655182,0,0.19513537572433676
P10987,gi:17737533,0,0.9952528982910458
O97159,gi:17986187,0,0.21847929837228713
Q24178,gi:21356661,0,0.18789384875128695
Q9VJD3,gi:20130345,0,0.40471509857545473
P45594,Q24325,0,0.29868026557648025
Q9W1K5,gi:17864318,0,0.40675021470660927
gi:19921720,gi:21355099,0,0.33027538006280055
Q9W1K5,gi:24585803,0,0.2794609716270164
P00034,gi:24642465,0,0.3818947794511891
Q9TX74,gi:24663874,0,0.25169980408687587
P28518,Q9VWA1,0,0.20258637313755706
Q9VFJ2,gi:17647803,0,0.18789384875128695
Q02360,gi:19922708,0,0.37190180118610394
Q24251,gi:24646032,0,0.3615299451148602
gi:18543229,gi:24657292,0,0.3620171589930397
gi:24643559,gi:24646199,0,0.4389223692854569
P32392,Q9V9S8,0,0.22620117778141435
gi:24581628,gi:28571503,0,0.20258637313755706
P00444,gi:17647503,0,0.6231257714262273
Q9VX09,gi:17137092,0,0.28854241412290604
Q9VGI8,gi:24638766,0,0.7381421861901231
Q8MSS1,Q9V9Z1,0,0.24299289161232193
Q9VF89,gi:24584736,0,0.269724575596179
P56672,gi:24657292,0,0.24299289161232193
Q06559,Q9VCX3,0,0.8904397505666983
Q9V407,gi:17864460,0,0.4284715768649996
Q9VPH7,gi:21355643,0,0.485393327277395
P22813,gi:24655182,0,0.21847929837228713
gi:21357009,gi:24655182,0,0.24338125389360502
Q94981,gi:24639017,0,0.2520974479366904
gi:17136256,gi:17137298,0,0.48644755255988015
Q9VDS6,gi:28571841,0,0.22657073512763554
gi:18859665,gi:24762622,0,0.3610430158705395
gi:18543229,gi:21358557,0,0.33027538006280055
P29742,gi:28573125,0,0.7478783093740051
Q9VU68,gi:24653649,0,0.5199310830985445
gi:17137298,gi:18543229,0,0.29956503309342614
O76767,gi:17647853,0,0.2705566590855738
O18388,Q24180,0,0.3407022166520228
Q9V3P0,gi:17933528,0,0.38388914508619953
gi:17864286,gi:24648674,0,0.20258637313755706
P49869,P53501,0,0.2606112964508466
O01666,P54358,0,0.3728881445229649
Q27884,gi:24652770,0,0.2606112964508466
O02649,gi:18543187,0,0.22657073512763554
P16241,gi:24638766,0,0.4742461756417152
Q24492,Q9VIM5,0,0.20258637313755706
O61443,gi:24640986,0,0.2610181081278827
gi:17136208,gi:28574061,0,0.2991224618188889
gi:19921720,gi:20129563,0,0.3620171589930397
Q24117,gi:19921002,0,0.9717645053216545
Q94981,gi:24647320,0,0.21847929837228713
O44081,gi:17136934,0,0.3293425577179446
Q9W4J5,gi:24657292,0,0.24299289161232193
gi:24585154,gi:24653614,0,0.5119387611722339
Q9VU68,gi:24645553,0,0.2790362693947917
P00444,gi:19921872,0,0.21847929837228713
P02828,P17886,0,0.974274000751004
gi:17137298,gi:24656966,0,0.29956503309342614
P00034,gi:24639410,0,0.3818947794511891
P56672,Q9VHD2,0,0.18789384875128695
Q24400,gi:17647699,0,0.5447905261110968
gi:17864390,gi:24638766,0,0.4042068280916938
Q9VX09,gi:24662700,0,0.19513537572433676
Q24320,Q9VHD2,0,0.21024755827425512
O01666,P09082,0,0.2705566590855738
P05205,gi:24641198,0,0.46417411966134337
P02575,P47825,0,0.22657073512763554
gi:24582482,gi:24657292,0,0.24299289161232193
Q9VHI4,gi:24582482,0,0.21024755827425512
Q9VVN2,gi:17136772,0,0.24299289161232193
gi:24584968,gi:24643715,0,0.3823930007709409
Q9V564,gi:17647565,0,0.42692207843524443
Q9VX09,gi:20129347,0,0.22620117778141435
P09089,P13496,0,0.3288766497207673
P08266,Q9VHS2,0,0.22657073512763554
P40301,gi:18543299,0,0.4752985516112684
Q11002,gi:24658707,0,0.21024755827425512
P22769,gi:17136812,0,0.18789384875128695
P45594,Q9VLV5,0,0.46469898194882964
Q9VPH7,gi:24639272,0,0.27014041554724594
P02572,gi:24644609,0,0.2614253303070255
P42519,Q27884,0,0.21024755827425512
P45890,Q95028,0,0.568911287801405
P49847,gi:28574296,0,0.2705566590855738
Q9VIF0,Q9VYD7,0,0.24299289161232193
P10981,gi:21356545,0,0.269724575596179
gi:21357023,gi:21358351,0,0.4737200728516752
P17917,gi:17647677,0,0.40675021470660927
Q9U1H0,gi:17137092,0,0.28854241412290604
gi:24647702,gi:24653614,0,0.27014041554724594
Q9VPH7,gi:24652770,0,0.2889757857047761
gi:17864154,gi:17864612,0,0.20258637313755706
Q24117,Q9W3C1,0,0.6968537967863396
gi:17137116,gi:24586487,0,0.20258637313755706
P13706,gi:24648780,0,0.24338125389360502
P27619,P91927,0,0.20258637313755706
O16797,gi:17986113,0,0.9794440956711795
gi:21357009,gi:24641198,0,0.3407022166520228
gi:24639496,gi:28571807,0,0.2982384448729169
P13706,Q9V6X7,0,0.29956503309342614
gi:19920468,gi:24655616,0,0.19513537572433676
Q05201,Q9U616,0,0.2344927883985483
gi:17864460,gi:24662626,0,0.49919263223573096
P10734,P41094,0,0.5119387611722339
Q9TX74,gi:24582221,0,0.25169980408687587
Q9VF89,gi:24645513,0,0.19513537572433676
gi:20130405,gi:24639017,0,0.22620117778141435
gi:17737917,gi:24662700,0,0.23487178043810159
Q8MSS1,gi:24663292,0,0.6583202566999143
P04197,Q9VHP2,0,0.2520974479366904
gi:17647875,gi:24586487,0,0.20258637313755706
O16797,gi:17647875,0,0.734043116223587
Q24117,gi:24646818,0,0.665951410542753
Q95028,gi:24643270,0,0.30947034608163926
Q9VYV5,gi:21355729,0,0.2705566590855738
O01666,P40304,0,0.21811921688530922
gi:21355815,gi:24653614,0,0.523616781269337
gi:24642525,gi:28571807,0,0.20258637313755706
Q06559,Q9VHN6,0,0.8594078528038206
P09087,gi:21356033,0,0.38388914508619953
O97159,gi:21356033,0,0.24338125389360502
Q9VVN2,gi:24645553,0,0.5119387611722339
gi:24640986,gi:24641702,0,0.19513537572433676
Q9VHD2,gi:28574851,0,0.2982384448729169
P25007,Q9VC49,0,0.2889757857047761
gi:24648231,gi:24762622,0,0.2991224618188889
Q9VI10,Q9VWA1,0,0.2614253303070255
gi:24659953,gi:24662700,0,0.30856921131348064
gi:21355279,gi:24654219,0,0.22620117778141435
P18491,gi:21356033,0,0.3407022166520228
O18388,Q05856,0,0.6355127495373076
P22058,gi:24638766,0,0.884253977133747
P02574,P02834,0,0.27014041554724594
P05205,gi:17136846,0,0.3288766497207673
gi:17137572,gi:24656024,0,0.6443450671189636
Q9VSA3,Q9W1K5,0,0.3090195971223799
Q94511,Q9V727,0,0.2344927883985483
O18404,Q01842,0,0.3728881445229649
Q24117,Q9VYD7,0,0.8241195738098755
O44424,Q94514,0,0.7804158563987929
P12613,P47825,0,0.2614253303070255
P29673,gi:17986187,0,0.19513537572433676
Q8T498,gi:21355555,0,0.24338125389360502
Q95028,gi:28573732,0,0.2520974479366904
Q9VPS5,gi:24643559,0,0.6231257714262273
O18404,Q9VU02,0,0.2794609716270164
P54350,gi:24649250,0,0.5468829139422121
P02574,Q9Y1A3,0,0.24338125389360502
P32392,P34021,0,0.2798860693260834
Q9VEX9,gi:18543299,0,0.8522937706073566
Q9VIM5,gi:24762622,0,0.2524955080232646
gi:17647503,gi:24650126,0,0.5891388784310002
P16241,gi:24641561,0,0.394002171680807
O46106,P22812,0,0.4731940284073014
P00444,Q95TN4,0,0.23487178043810159
P02828,Q9VX09,0,0.3929949782350923
O18388,P29413,0,0.3728881445229649
gi:24582283,gi:24643559,0,0.4274384201286716
P10981,P35381,0,0.46469898194882964
gi:17864154,gi:28574692,0,0.22657073512763554
Q24266,gi:17137092,0,0.28854241412290604
gi:17933606,gi:24586487,0,0.2614253303070255
Q9VMN5,gi:21358125,0,0.21024755827425512
Q9V9S8,gi:24584736,0,0.269724575596179
gi:18543229,gi:24644609,0,0.29956503309342614
Q24451,gi:22023983,0,0.23487178043810159
Q24492,gi:24665485,0,0.19513537572433676
P15330,Q9V6X7,0,0.7260733333395897
gi:28571865,gi:28574692,0,0.2520974479366904
P40417,gi:24586344,0,0.22620117778141435
P12426,P43332,0,0.18789384875128695
P28159,Q24251,0,0.6384403761062153
O77264,P41094,0,0.30856921131348064
gi:24584926,gi:24668014,0,0.29956503309342614
Q9V564,gi:24665485,0,0.4620754755092738
gi:20130345,gi:24663250,0,0.5458369224054841
P19889,P35381,0,0.38438835021546713
P48987,Q9V3P0,0,0.2705566590855738
Q9V411,gi:28572086,0,0.21811921688530922
P41094,Q01842,0,0.40624113256651906
gi:21358077,gi:24643052,0,0.3723948400618094
P29742,Q9VF78,0,0.28854241412290604
P13469,gi:17737549,0,0.2614253303070255
gi:24582482,gi:24658707,0,0.21024755827425512
P48605,gi:21356995,0,0.69907796081609
P52656,Q9VIM5,0,0.22657073512763554
P00444,gi:21358345,0,0.19513537572433676
gi:17864154,gi:24648183,0,0.22657073512763554
Q9VPS5,gi:24662729,0,0.9903711098659133
Q8T498,gi:24641090,0,0.38388914508619953
P49906,gi:17137572,0,0.8307967624902867
P02834,gi:21357023,0,0.6790401776611327
P05552,P22700,0,0.5594863665210903
Q24297,gi:24659997,0,0.21811921688530922
P22700,Q24174,0,0.38388914508619953
P22769,gi:24638876,0,0.19513537572433676
O18404,Q9VI10,0,0.3402283910271144
Q9VD25,gi:18543299,0,0.8127297017465704
Q9VPS5,gi:24664391,0,0.6231257714262273
Q11002,gi:24645243,0,0.19513537572433676
O18405,Q05856,0,0.7550373108298257
gi:17864390,gi:24668103,0,0.18789384875128695
P29775,gi:19922888,0,0.20258637313755706
Q8ST83,gi:24647455,0,0.19513537572433676
P17886,gi:19922708,0,0.6868830048239799
Q24117,gi:24649236,0,0.9628048832510236
P49905,Q9VZD5,0,0.7075167734391612
P92208,gi:19921872,0,0.41603214504320013
Q03017,Q9Y1A3,0,0.5911803888683651
P21525,P41094,0,0.33975488478365257
P06601,gi:17647677,0,0.38438835021546713
P08879,Q9V7P1,0,0.2794609716270164
gi:24640591,gi:24649250,0,0.4057322518230702
gi:17137092,gi:24659953,0,0.6602162726870373
Q95028,gi:24638845,0,0.8864315174717499
P00034,gi:17864246,0,0.41603214504320013
gi:17986113,gi:24586487,0,0.4394420954403789
P52656,Q9XY35,0,0.22657073512763554
Q27272,Q95TN4,0,0.23487178043810159
P91929,gi:24648674,0,0.2705566590855738
P41094,Q9VC49,0,0.30856921131348064
gi:18543299,gi:20129563,0,0.5813710466028804
P25007,gi:17137310,0,0.2606112964508466
gi:19923034,gi:21357009,0,0.21811921688530922
P08044,gi:24585372,0,0.24338125389360502
P00034,gi:24584376,0,0.41603214504320013
P32392,gi:17136820,0,0.38438835021546713
P20153,Q9W3R7,0,0.4057322518230702
P25007,gi:17137156,0,0.2889757857047761
Q8T498,Q960E8,0,0.29956503309342614
P20227,gi:17864318,0,0.38438835021546713
Q8T498,Q9VHB6,0,0.2705566590855738
gi:24649646,gi:24659086,0,0.35080485670035144
P13060,P29052,0,0.7171011244850488
Q9VHS2,gi:24654586,0,0.2520974479366904
Q24168,gi:17864612,0,0.18789384875128695
P07909,P45594,0,0.5002476937852618
Q9V3P0,gi:17737649,0,0.24338125389360502
gi:19921362,gi:24641090,0,0.41808420117628076
Q9VN97,gi:24646607,0,0.21024755827425512
P29775,gi:24638766,0,0.4042068280916938
Q8T498,Q9VTE2,0,0.21811921688530922
Q24133,Q24174,0,0.6877899571565597
gi:17986113,gi:28574851,0,0.7897310920341297
gi:17137092,gi:21357129,0,0.4175709183069264
gi:24638876,gi:24665485,0,0.21847929837228713
P02572,Q9VAD6,0,0.20258637313755706
gi:18860069,gi:21355729,0,0.24338125389360502
gi:17647875,gi:20129161,0,0.18789384875128695
gi:24646199,gi:24659086,0,0.5098296396745938
P00444,gi:24639017,0,0.2520974479366904
P00444,Q24572,0,0.19513537572433676
gi:24586487,gi:28573893,0,0.48592042425830684
P52656,Q86B79,0,0.19513537572433676
gi:21358551,gi:28571807,0,0.19513537572433676
gi:17137092,gi:17737917,0,0.38339018451578694
Q9V595,gi:19922100,0,0.485393327277395
Q24117,gi:28574692,0,0.665951410542753
Q9VPH7,gi:19921362,0,0.2520974479366904
gi:17738243,gi:28571865,0,0.48750189844128966
Q9V9S8,gi:21356033,0,0.21811921688530922
P08266,gi:24585372,0,0.22657073512763554
Q9W0K7,gi:24642586,0,0.2705566590855738
Q9VMN5,gi:21355815,0,0.28854241412290604
P15330,P91928,0,0.665951410542753
Q9V9Z1,gi:17136820,0,0.2344927883985483
P54367,gi:18859859,0,0.2520974479366904
P13060,Q9VDS6,0,0.6559431068976144
O46106,Q9VCX3,0,0.5442671790194767
P54367,gi:19922100,0,0.485393327277395
Q9VYH3,gi:17864100,0,0.2520974479366904
Q9VHB6,Q9VPH7,0,0.22657073512763554
P43332,P45594,0,0.269724575596179
Q9VJE4,Q9VSA3,0,0.2614253303070255
P32392,gi:24581791,0,0.22620117778141435
P13496,gi:24762622,0,0.22657073512763554
P39572,Q9Y1A3,0,0.3950102666387321
Q9VPH7,gi:17137470,0,0.19513537572433676
Q95YI5,gi:28574980,0,0.19513537572433676
Q8MT36,gi:21355279,0,0.22620117778141435
P04197,P13060,0,0.7450829838711764
Q9VSC1,gi:24584376,0,0.22657073512763554
Q9VUJ0,gi:19921910,0,0.2614253303070255
Q9NIV1,gi:24650829,0,0.2790362693947917
P10987,gi:18860069,0,0.5782865532268306
P08928,P41094,0,0.47635114701589937
P00034,gi:19922100,0,0.9421417704507862
P13469,P29413,0,0.3090195971223799
Q9V9Z1,gi:24646607,0,0.21024755827425512
gi:17736971,gi:24643007,0,0.18789384875128695
gi:19921768,gi:24645264,0,0.19513537572433676
P04052,P48592,0,0.2520974479366904
Q9U4L6,Q9W1K5,0,0.2794609716270164
Q9VEX9,gi:24586344,0,0.33880883335984435
O76767,gi:17136258,0,0.555842781942213
Q27597,gi:18860107,0,0.18789384875128695
gi:19921002,gi:21357009,0,0.5220374878077179
P10981,gi:30923526,0,0.46469898194882964
P17133,gi:17136846,0,0.23487178043810159
Q9VU68,gi:24649236,0,0.3600700146162289
gi:19923034,gi:24659086,0,0.21024755827425512
Q9VGS2,gi:17136920,0,0.7973928555480916
gi:24581791,gi:28573125,0,0.3493645374227344
P08044,gi:17137572,0,0.7620577071123404
Q95028,gi:28571712,0,0.30947034608163926
P02575,P49905,0,0.6120799168516209
Q9VFJ2,gi:17136784,0,0.21811921688530922
Q27884,gi:17737635,0,0.18789384875128695
P21525,gi:17136812,0,0.20258637313755706
gi:17864460,gi:24650126,0,0.32841107807292325
gi:24648896,gi:28574851,0,0.6384403761062153
P54622,gi:24655228,0,0.6981894103974287
P54733,Q94511,0,0.5230904010240245
P00444,Q9W5B9,0,0.19513537572433676
P48601,Q9VFJ2,0,0.21811921688530922
P07487,gi:21358551,0,0.36055637209382824
gi:21355555,gi:24649646,0,0.2889757857047761
Q9V3P0,Q9W0K7,0,0.33027538006280055
Q02361,gi:24651351,0,0.6125808221462368
Q9VM75,gi:19922708,0,0.22657073512763554
Q9VIF0,gi:17864612,0,0.18789384875128695
gi:24638927,gi:24661022,0,0.2344927883985483
gi:17647853,gi:24643715,0,0.48697471101125145
P12982,Q04787,0,0.9279951695686302
P02834,gi:17864318,0,0.3955146497551835
Q9VJD3,gi:21356159,0,0.21847929837228713
P00444,gi:17986113,0,0.40471509857545473
P42124,gi:21356033,0,0.21811921688530922
Q9VNT5,gi:24639826,0,0.18789384875128695
P00034,gi:24656024,0,0.3818947794511891
P12982,Q9VFJ2,0,0.3818947794511891
gi:24647702,gi:24662626,0,0.2520974479366904
P45594,P47825,0,0.3293425577179446
Q94920,gi:17647589,0,0.29956503309342614
P00444,P05084,0,0.19513537572433676
gi:17737635,gi:24639926,0,0.20258637313755706
Q9W4J5,gi:24641561,0,0.32841107807292325
Q9VAD6,gi:17136948,0,0.3081191892177415
P20232,gi:17864318,0,0.22620117778141435
P10735,Q9VF78,0,0.18789384875128695
Q05201,gi:17136812,0,0.2344927883985483
P08879,gi:24648183,0,0.2794609716270164
P08985,Q9VIW3,0,0.3407022166520228
Q9VHS2,gi:17737635,0,0.19513537572433676
P00034,gi:24645243,0,0.41603214504320013
O96860,gi:24585132,0,0.9690812882179012
O46036,Q94514,0,0.8501559743270815
gi:19921872,gi:24641404,0,0.24338125389360502
gi:21355689,gi:24646032,0,0.21024755827425512
Q9VYD7,gi:24585013,0,0.27014041554724594
P06601,gi:17137572,0,0.8098220693148804
P42519,P52295,0,0.5906703030673954
P10735,gi:24659086,0,0.21024755827425512
Q95TN4,gi:17647699,0,0.28984368678254757
gi:17137648,gi:17736971,0,0.269724575596179
O96860,gi:17647425,0,0.7070799199123384
Q8MT36,gi:20129239,0,0.18789384875128695
gi:20129763,gi:24662729,0,0.48486626278772893
Q27597,gi:21358551,0,0.19513537572433676
gi:24584968,gi:24641404,0,0.24338125389360502
P13060,P20232,0,0.5891388784310002
P13496,gi:28574061,0,0.22657073512763554
Q24338,gi:20129239,0,0.20258637313755706
Q24451,gi:18859665,0,0.3288766497207673
P09082,gi:19921910,0,0.2524955080232646
Q24320,Q9VYV5,0,0.2614253303070255
gi:17647565,gi:24642586,0,0.20258637313755706
Q9VAD6,gi:18543187,0,0.19513537572433676
Q9TX74,Q9VA73,0,0.2794609716270164
P12982,P54733,0,0.8395574480158995
gi:24642645,gi:24664391,0,0.21847929837228713
P39736,Q9VA73,0,0.29868026557648025
Q9VUL9,gi:17136784,0,0.21811921688530922
P49905,gi:24585372,0,0.6120799168516209
gi:24642586,gi:24648674,0,0.2524955080232646
Q9VGI8,gi:24582221,0,0.269724575596179
gi:17137310,gi:24650435,0,0.2790362693947917
Q24251,gi:17864154,0,0.3293425577179446
O16797,gi:21356995,0,0.9933289081882949
P09089,gi:24659997,0,0.2982384448729169
Q94523,gi:20129085,0,0.38438835021546713
gi:21357543,gi:28571807,0,0.20258637313755706
gi:21355815,gi:24584926,0,0.4175709183069264
Q9VX09,gi:24663874,0,0.18789384875128695
Q9VYV5,Q9W1K5,0,0.3090195971223799
Q94535,gi:24585372,0,0.24338125389360502
Q9U4L6,gi:17136624,0,0.24338125389360502
gi:24653649,gi:24655568,0,0.8567958731245138
P02575,P22813,0,0.21847929837228713
P13060,Q9VI10,0,0.6873366602510026
P20153,gi:24585803,0,0.23487178043810159
P00034,gi:24158463,0,0.3818947794511891
Q24400,gi:28574296,0,0.5798295792882568
Q9VNT5,gi:17647803,0,0.18789384875128695
P11147,gi:17864286,0,0.4965550303691921
Q9V9S8,gi:24663288,0,0.18789384875128695
Q9VYH3,gi:18859665,0,0.3288766497207673
Q95028,gi:20129161,0,0.22620117778141435
Q9VGS2,gi:24585803,0,0.3288766497207673
P18487,P45890,0,0.3929949782350923
P10383,gi:21358557,0,0.2705566590855738
P25007,Q8ST83,0,0.2889757857047761
P05084,Q9VYD7,0,0.24299289161232193
Q24407,gi:19921362,0,0.2520974479366904
Q95YI5,gi:24663250,0,0.2520974479366904
Q05856,gi:17647815,0,0.6019293100573035
Q04787,gi:21355315,0,0.3929949782350923
P08044,gi:24642645,0,0.24338125389360502
P12613,P49906,0,0.32980880139069724
Q95YI5,gi:17136934,0,0.29868026557648025
P02828,gi:28574851,0,0.8048444299497718
P07909,Q24439,0,0.24299289161232193
P34021,gi:24655182,0,0.22657073512763554
gi:17737917,gi:24655616,0,0.21024755827425512
Q24439,Q27272,0,0.19513537572433676
P12982,gi:21355315,0,0.3818947794511891
P00444,Q9TX74,0,0.2794609716270164
P13054,Q9VSS2,0,0.5579255914195972
P00444,P13469,0,0.22657073512763554
gi:21355729,gi:24652770,0,0.38388914508619953
Q9VMN5,gi:24664391,0,0.19513537572433676
gi:17737917,gi:19920958,0,0.21024755827425512
P00444,P53034,0,0.21847929837228713
P35875,Q9VIM5,0,0.20258637313755706
Q95028,Q9U4L6,0,0.2520974479366904
gi:21357047,gi:24649250,0,0.475824822465761
Q9VGS2,gi:17647503,0,0.9013218521115691
Q94920,gi:24584017,0,0.3620171589930397
Q9VIU7,Q9VSS2,0,0.3493645374227344
Q960E8,gi:24582482,0,0.21024755827425512
gi:24638766,gi:24654219,0,0.4042068280916938
gi:24659997,gi:28571958,0,0.20258637313755706
gi:17136208,gi:24645801,0,0.24299289161232193
P10734,Q9W0V1,0,0.46522392243561744
Q24492,gi:18543299,0,0.33880883335984435
gi:17137116,gi:24638876,0,0.19513537572433676
P00444,gi:17136780,0,0.2520974479366904
gi:19922888,gi:28574296,0,0.2705566590855738
gi:17864390,gi:24659953,0,0.2790362693947917
gi:24582283,gi:24639272,0,0.6369778321205511
Q02360,Q95028,0,0.475824822465761
P20227,gi:24582482,0,0.2344927883985483
gi:24660629,gi:28571503,0,0.22657073512763554
Q06559,Q9V9S8,0,0.8594078528038206
P48592,Q9VEX9,0,0.5108842488637899
P19538,gi:17986187,0,0.9614205082558479
P54358,gi:17137310,0,0.25169980408687587
gi:17737533,gi:24762622,0,0.6559431068976144
P38979,gi:24663288,0,0.24299289161232193
Q24178,gi:24654219,0,0.18789384875128695
P35381,gi:17137804,0,0.38438835021546713
P13706,gi:17647425,0,0.29956503309342614
P00034,gi:24650922,0,0.41603214504320013
Q9V595,gi:24584968,0,0.21847929837228713
P22769,gi:21687222,0,0.21024755827425512
gi:24641449,gi:28574296,0,0.48697471101125145
Q24451,gi:30923655,0,0.36055637209382824
gi:24585730,gi:24649250,0,0.5468829139422121
P23758,Q961G1,0,0.23487178043810159
gi:18543229,gi:24668103,0,0.21811921688530922
P18491,P22812,0,0.22620117778141435
Q9VU02,gi:17737549,0,0.23487178043810159
P29742,Q9VF89,0,0.28854241412290604
gi:17136854,gi:24655568,0,0.7565950688138876
P10981,gi:24652770,0,0.5709801147907655
Q9VGS2,gi:24580629,0,0.3610430158705395
gi:18859859,gi:24655568,0,0.45256239052470076
gi:24654219,gi:28571865,0,0.22620117778141435
Q11002,Q9VCX3,0,0.20258637313755706
P02834,Q9U4L6,0,0.27014041554724594
gi:17864444,gi:21355315,0,0.20258637313755706
Q9W5B9,gi:28571958,0,0.20258637313755706
Q9VPH7,gi:24645513,0,0.21847929837228713
Q94516,gi:24656024,0,0.28854241412290604
gi:24646199,gi:24652762,0,0.832863022030542
P02828,Q9W0K7,0,0.5336939691814582
P38979,gi:24643715,0,0.5927094647165868
Q9VGS2,gi:24644404,0,0.2982384448729169
Q9VGS2,gi:28573125,0,0.773776316561179
Q9VHY5,Q9VZD5,0,0.2705566590855738
gi:24584017,gi:24762622,0,0.2991224618188889
gi:17647589,gi:24643270,0,0.28984368678254757
P49906,gi:24585372,0,0.27014041554724594
Q24400,gi:24640986,0,0.4737200728516752
gi:24655616,gi:24659953,0,0.2790362693947917
gi:17136920,gi:17137092,0,0.7734067332132954
Q9VYV5,gi:18543187,0,0.22657073512763554
gi:17647565,gi:28571807,0,0.18789384875128695
O02649,gi:17986113,0,0.4394420954403789
P38979,Q9W3C1,0,0.2991224618188889
O76767,gi:18858205,0,0.4626000134988968
Q94523,gi:28571712,0,0.30947034608163926
Q8IN94,gi:19921910,0,0.2614253303070255
O44424,Q9VGC3,0,0.5321182317078645
Q11002,gi:24649236,0,0.3600700146162289
gi:24655228,gi:24663874,0,0.5315928419235562
gi:17137168,gi:21355689,0,0.4965550303691921
O16011,gi:24647455,0,0.6004115123089059
Q9U4L6,Q9VI10,0,0.23487178043810159
gi:17136258,gi:24655568,0,0.8387029080049357
P40417,Q95YI5,0,0.2520974479366904
Q23973,gi:17864612,0,0.19513537572433676
Q9VC49,gi:24580914,0,0.2889757857047761
Q9VAD6,gi:24652542,0,0.19513537572433676
P54367,gi:20129161,0,0.19513537572433676
gi:24582006,gi:24639926,0,0.6767363958181514
P19538,Q9V6X7,0,0.9707034539428724
P04052,Q8T498,0,0.24338125389360502
Q9VAD6,gi:24638845,0,0.7929249027994624
P92208,Q9W3C1,0,0.4509945185911777
Q9VLV5,gi:18543299,0,0.5463599693360518
P45594,gi:24581791,0,0.269724575596179
P00444,P02307,0,0.2610181081278827
Q9VHI4,Q9W0V1,0,0.32980880139069724
Q05856,Q9XY35,0,0.5673580834806307
P16241,Q24133,0,0.623621184270228
gi:24642525,gi:24655568,0,0.3503244466504934
Q9VNT5,gi:28571644,0,0.21024755827425512
Q24139,gi:24639496,0,0.2982384448729169
P08879,Q9VHY5,0,0.3090195971223799
P52304,gi:17137116,0,0.42692207843524443
Q24407,gi:24585132,0,0.41603214504320013
gi:17137298,gi:28573125,0,0.4515170360227507
Q9V3P0,gi:24666493,0,0.24338125389360502
P91929,Q9V564,0,0.568393702081657
gi:19922100,gi:24645264,0,0.485393327277395
Q9VZD5,Q9XYN7,0,0.4404819451724985
P05552,Q95028,0,0.41808420117628076
P00444,P14734,0,0.3498443399644219
gi:19922206,gi:20129239,0,0.269724575596179
Q9V407,gi:24642525,0,0.2614253303070255
P10981,gi:24638876,0,0.29868026557648025
Q01842,Q9VUL9,0,0.21811921688530922
Q03017,Q9TX74,0,0.7188102818084728
Q9V3P0,gi:24645769,0,0.40624113256651906
gi:17986113,gi:18543229,0,0.5103569557931482
P54367,gi:20129085,0,0.2610181081278827
P02575,P05084,0,0.19513537572433676
Q24276,Q8IN94,0,0.2614253303070255
Q24297,gi:21357023,0,0.5798295792882568
Q9VU68,gi:17136864,0,0.33880883335984435
gi:24584926,gi:24647702,0,0.24338125389360502
P02572,gi:21358483,0,0.20258637313755706
P34021,P53501,0,0.31909511144885117
gi:17647699,gi:24648183,0,0.23487178043810159
P08266,Q9U4L6,0,0.22657073512763554
gi:24645264,gi:24650829,0,0.30856921131348064
P14734,gi:17137310,0,0.31817886437248366
P23757,gi:17864318,0,0.7269119009488341
Q9VHB6,gi:21358345,0,0.20258637313755706
Q27884,Q961G1,0,0.19513537572433676
Q9U1H9,gi:17647677,0,0.22620117778141435
gi:19920344,gi:24584017,0,0.5468829139422121
P20227,Q86B79,0,0.2344927883985483
P13469,gi:24640986,0,0.22657073512763554
P29052,Q8T498,0,0.33027538006280055
gi:17136208,gi:24585013,0,0.27014041554724594
Q9V411,gi:24641449,0,0.48697471101125145
Q9VYH3,gi:24652762,0,0.33928169865193414
P42519,Q9V3P0,0,0.29956503309342614
P12613,gi:21355315,0,0.21024755827425512
P09083,gi:20129347,0,0.22620117778141435
Q9W3R7,gi:24666434,0,0.812408328554639
P10734,P22812,0,0.24299289161232193
O61443,gi:17864612,0,0.2344927883985483
gi:20130345,gi:24647899,0,0.370916523718302
Q24338,gi:22023983,0,0.2614253303070255
Q01842,Q9W141,0,0.2705566590855738
Q9VUJ0,Q9W0K7,0,0.29956503309342614
P02574,P49905,0,0.6120799168516209
Q86B79,Q9VI10,0,0.21024755827425512
O16011,gi:24641702,0,0.6004115123089059
P42124,gi:20129347,0,0.22620117778141435
gi:19920344,gi:24584376,0,0.33928169865193414
Q24180,Q9Y1A3,0,0.3407022166520228
P02572,gi:24645257,0,0.20258637313755706
P19538,gi:24582221,0,0.9557762086614422
Q9U4L6,Q9VEX9,0,0.3714090287781982
Q24325,Q86B79,0,0.19513537572433676
gi:20129161,gi:28573893,0,0.4155195825603172
P52029,Q9VZD5,0,0.2705566590855738
Q9W3R7,gi:19920758,0,0.3081191892177415
gi:17136846,gi:24586344,0,0.19513537572433676
gi:17137092,gi:24647899,0,0.28854241412290604
Q24117,gi:24642645,0,0.665951410542753
P25008,gi:20129347,0,0.41808420117628076
P54350,Q86B79,0,0.24299289161232193
Q95028,gi:19920468,0,0.2520974479366904
P16241,gi:17137092,0,0.3503244466504934
P16371,Q9U616,0,0.3929949782350923
gi:17737917,gi:22023983,0,0.28984368678254757
Q94523,gi:17137168,0,0.6678264473383826
Q9VSC1,gi:17137168,0,0.5673580834806307
P09087,Q9VSS2,0,0.65926890190031
Q9V3G3,gi:17136762,0,0.20258637313755706
Q9VNT5,Q9VU68,0,0.18789384875128695
Q95NU9,gi:17736971,0,0.18789384875128695
Q03017,gi:21355279,0,0.6251058688342147
P00444,Q9VD51,0,0.19513537572433676
gi:18860069,gi:24643715,0,0.3823930007709409
gi:21357009,gi:21358345,0,0.21811921688530922
Q95TN4,Q9U1H9,0,0.21024755827425512
Q94981,gi:24641480,0,0.27014041554724594
P21525,Q24133,0,0.623621184270228
P34021,gi:24651351,0,0.2524955080232646
gi:21358125,gi:24762622,0,0.2614253303070255
gi:24582482,gi:28572086,0,0.18789384875128695
Q9VD51,gi:17647677,0,0.22620117778141435
O18405,Q9W3C1,0,0.3090195971223799
P02572,gi:24583043,0,0.2798860693260834
P21914,gi:24650435,0,0.6496462896778114
P09087,Q9VN97,0,0.2606112964508466
Q9VM75,gi:24641198,0,0.2520974479366904
Q24143,Q24276,0,0.2614253303070255
gi:17137648,gi:21355315,0,0.269724575596179
O44424,P52029,0,0.5673580834806307
Q9VMN5,gi:24649236,0,0.3600700146162289
P10987,gi:17647589,0,0.6457944348248295
P06601,Q8T498,0,0.3512855693310601
O76767,gi:17986113,0,0.4394420954403789
P10383,P39572,0,0.3293425577179446
P16371,P52029,0,0.4626000134988968
gi:21355729,gi:24586344,0,0.21811921688530922
P08266,P48592,0,0.2798860693260834
P20153,gi:24653614,0,0.32980880139069724
Q9VJD3,gi:21357131,0,0.19513537572433676
gi:17136812,gi:24585013,0,0.19513537572433676
gi:20130345,gi:24650829,0,0.7385498435710078
P10735,Q9VYH3,0,0.19513537572433676
Q9V564,gi:17137168,0,0.9719951779423369
gi:24658707,gi:24662626,0,0.30947034608163926
P13060,P17133,0,0.6873366602510026
O18404,gi:17864154,0,0.3090195971223799
gi:17864460,gi:20130405,0,0.32841107807292325
P00444,P09087,0,0.2889757857047761
gi:18859859,gi:24586487,0,0.2798860693260834
gi:17864390,gi:21358125,0,0.21024755827425512
P52304,gi:18858205,0,0.9447495580619989
Q9W123,gi:17647677,0,0.30947034608163926
Q9V7P1,gi:19923034,0,0.19513537572433676
P13496,Q95YI5,0,0.21847929837228713
Q02360,gi:24666493,0,0.33928169865193414
P42124,gi:19922888,0,0.20258637313755706
P02572,gi:17986113,0,0.4394420954403789
gi:21358345,gi:24586487,0,0.20258637313755706
Q9V3P0,gi:18859859,0,0.3407022166520228
P48605,gi:21358345,0,0.24299289161232193
Q9VUL9,gi:24643007,0,0.18789384875128695
P29673,gi:24651351,0,0.20258637313755706
P39572,P41094,0,0.6165794198350218
Q8ST83,gi:24665485,0,0.21847929837228713
P13468,P27619,0,0.2798860693260834
P00444,gi:24645257,0,0.19513537572433676
P47825,Q9VZD5,0,0.2705566590855738
gi:17136934,gi:24654219,0,0.269724575596179
Q9VVN2,gi:24648231,0,0.46522392243561744
P18289,Q9W0V1,0,0.48855635555156235
P43332,gi:24585803,0,0.19513537572433676
Q24439,Q9VU02,0,0.19513537572433676
Q05201,gi:17136846,0,0.2610181081278827
P18289,gi:17647815,0,0.35080485670035144
gi:17738243,gi:24639926,0,0.38289146943458485
gi:21355573,gi:24668274,0,0.22620117778141435
gi:17864286,gi:24647251,0,0.18789384875128695
P02575,Q24407,0,0.21847929837228713
gi:24586487,gi:28573207,0,0.4742461756417152
P04197,P22812,0,0.22620117778141435
Q9VJE4,gi:28571841,0,0.23487178043810159
Q24168,gi:17864318,0,0.22620117778141435
gi:17986187,gi:21355573,0,0.2520974479366904
Q9V3P0,gi:24639496,0,0.4289883897510397
Q8MQI6,Q9V6X7,0,0.21024755827425512
Q9V595,gi:18858205,0,0.4274384201286716
gi:19920846,gi:24582482,0,0.22620117778141435
gi:17136208,gi:28574851,0,0.5352690346054877
O02649,gi:18859859,0,0.2798860693260834
P13496,Q27387,0,0.17373122232578128
Q9VYH3,gi:17137470,0,0.19513537572433676
Q9VYH3,gi:21355553,0,0.21847929837228713
Q9VXE0,gi:21357023,0,0.5093023016806608
gi:21355573,gi:24586344,0,0.22620117778141435
P00444,P09082,0,0.22657073512763554
gi:17137270,gi:17864390,0,0.20258637313755706
P46461,gi:21358129,0,0.3090195971223799
Q9V727,gi:22023983,0,0.21024755827425512
gi:24649236,gi:24653614,0,0.6039499908762794
gi:20129239,gi:24643052,0,0.21024755827425512
gi:21358483,gi:24654383,0,0.6004115123089059
P35381,gi:24650435,0,0.47635114701589937
P92189,gi:24647455,0,0.18789384875128695
P91928,Q9VF78,0,0.19513537572433676
P28518,gi:24654219,0,0.18789384875128695
P91943,gi:17864612,0,0.20258637313755706
P35381,Q9V727,0,0.2344927883985483
P41073,gi:19922324,0,0.23487178043810159
Q95YI5,gi:24582909,0,0.23487178043810159
P35220,P39572,0,0.3293425577179446
Q24338,gi:24641561,0,0.394002171680807
P00034,gi:21358351,0,0.41603214504320013
O16797,gi:17136854,0,0.9763718976955283
P02574,gi:19921872,0,0.21847929837228713
P04657,gi:19921910,0,0.20258637313755706
Q9VSC1,gi:21355643,0,0.5209843787238614
P48592,gi:24666493,0,0.2520974479366904
P10735,gi:24663292,0,0.4155195825603172
P04197,gi:24640986,0,0.2520974479366904
P00034,gi:24649236,0,0.9024422012363089
Q9VHN6,gi:18543229,0,0.21811921688530922
Q9VHB6,gi:21355643,0,0.5209843787238614
P02828,gi:19920468,0,0.4274384201286716
gi:17136208,gi:24655568,0,0.523616781269337
P38979,gi:21355555,0,0.27014041554724594
P17886,gi:20129347,0,0.7708077074757275
gi:17647343,gi:24656262,0,0.38388914508619953
gi:17647581,gi:21687222,0,0.48644755255988015
P52295,gi:24640986,0,0.5204577536457422
Q9VPH7,gi:17136864,0,0.3714090287781982
Q24174,gi:20129763,0,0.21811921688530922
Q94523,gi:28573207,0,0.58034357632937
O18404,P35875,0,0.25169980408687587
Q27597,Q9VX09,0,0.18789384875128695
Q9VUJ0,gi:17136624,0,0.29956503309342614
gi:17736971,gi:17737635,0,0.18789384875128695
P22700,P42124,0,0.2606112964508466
gi:17136854,gi:24582283,0,0.9064833343880817
P10735,gi:19920758,0,0.18789384875128695
Q8IN94,Q9VIM5,0,0.2614253303070255
P21914,Q9VX09,0,0.2790362693947917
P22812,Q9VNT5,0,0.18789384875128695
P54622,gi:17136258,0,0.6573703429775132
gi:24584017,gi:24655568,0,0.523616781269337
Q24572,gi:21356033,0,0.21811921688530922
P02834,Q94516,0,0.523616781269337
P13706,gi:17137470,0,0.21811921688530922
Q05201,Q94511,0,0.4185976615207393
gi:17136208,gi:17137092,0,0.523616781269337
P52304,gi:28573125,0,0.9063043028954714
P46461,gi:19921768,0,0.20258637313755706
P00034,gi:24654383,0,0.9676486588797987
gi:19920344,gi:24653649,0,0.8883293815452888
gi:17136208,gi:28571644,0,0.32980880139069724
gi:20130345,gi:28573684,0,0.6799592624033026
Q24168,gi:24641449,0,0.3493645374227344
Q9VD51,Q9VUL9,0,0.18789384875128695
gi:20130281,gi:21356661,0,0.2606112964508466
P29413,Q9W4J5,0,0.25169980408687587
Q9VPH7,gi:21358053,0,0.19513537572433676
Q95028,gi:17647877,0,0.30947034608163926
P13469,gi:17864318,0,0.2798860693260834
P18289,gi:28572086,0,0.2606112964508466
P02575,Q9W5B9,0,0.19513537572433676
P10734,gi:24640986,0,0.27014041554724594
P92208,Q9VFJ2,0,0.3818947794511891
Q05856,gi:24647455,0,0.4965550303691921
O76924,gi:19922888,0,0.555842781942213
P10735,gi:28574061,0,0.20258637313755706
gi:20130405,gi:21357047,0,0.22620117778141435
Q9VN97,gi:24653999,0,0.20258637313755706
gi:19920468,gi:21356661,0,0.19513537572433676
Q9V9Z9,gi:19921910,0,0.20258637313755706
Q8MSS1,gi:24585154,0,0.5119387611722339
P08879,P49847,0,0.3090195971223799
Q27387,Q9VPS5,0,0.5542793818253574
gi:24584017,gi:24646199,0,0.6477227635868326
P09082,gi:24641198,0,0.2798860693260834
P29673,gi:21358077,0,0.2790362693947917
P06601,gi:17647815,0,0.319553760338377
gi:19920344,gi:24585303,0,0.3081191892177415
gi:24652770,gi:24762622,0,0.31909511144885117
P14734,gi:20129239,0,0.31817886437248366
Q27387,gi:24653614,0,0.21775956349903638
Q24368,gi:24641198,0,0.22620117778141435
P48603,gi:18860107,0,0.4731940284073014
gi:17647877,gi:24644404,0,0.21024755827425512
P52029,P56672,0,0.20258637313755706
Q24400,Q9VYV5,0,0.5093023016806608
O18388,P16371,0,0.5336939691814582
gi:24643270,gi:24667016,0,0.23487178043810159
P02574,gi:24663288,0,0.19513537572433676
gi:24638750,gi:28571503,0,0.5673580834806307
P23023,P32392,0,0.7789660110335198
P02834,gi:28574296,0,0.3620171589930397
gi:21356033,gi:24639926,0,0.2705566590855738
Q9VPS5,gi:24660629,0,0.6231257714262273
O61443,Q9W0V1,0,0.4300224791566088
P52304,gi:24666493,0,0.4620754755092738
P17917,P42519,0,0.3402283910271144
P35220,Q24338,0,0.2524955080232646
gi:17865642,gi:24655616,0,0.269724575596179
gi:17647503,gi:22023983,0,0.6873366602510026
Q24133,gi:24661022,0,0.5548006361080196
gi:19922206,gi:24586344,0,0.269724575596179
gi:24645264,gi:30923526,0,0.2610181081278827
P13468,gi:17136934,0,0.4295053575421735
P25171,gi:17137298,0,0.32980880139069724
Q9V595,gi:30923526,0,0.2610181081278827
Q9VHN6,Q9VSC1,0,0.20258637313755706
gi:24655616,gi:30923655,0,0.32841107807292325
Q9VHB6,gi:17647425,0,0.2614253303070255
P22813,Q9VCX3,0,0.22657073512763554
gi:17737549,gi:20128953,0,0.23487178043810159
Q9NIV1,gi:17137470,0,0.18789384875128695
gi:24654383,gi:28571503,0,0.6664206646248669
gi:24650126,gi:24653999,0,0.20258637313755706
P49906,gi:24585803,0,0.27014041554724594
Q8MSS1,gi:20129347,0,0.3955146497551835
O18405,gi:24662700,0,0.2794609716270164
gi:19920344,gi:24652770,0,0.6160804443365129
P16241,gi:19921720,0,0.2705566590855738
Q24139,gi:21687222,0,0.21024755827425512
gi:17647343,gi:24638876,0,0.2889757857047761
P02828,Q24174,0,0.5336939691814582
P27619,gi:17136920,0,0.4509945185911777
P45594,gi:24656262,0,0.3950102666387321
Q24178,Q95TN4,0,0.21024755827425512
gi:19920468,gi:20128953,0,0.21847929837228713
P20227,gi:24659997,0,0.2344927883985483
P08879,gi:24668014,0,0.3402283910271144
gi:24641404,gi:24660629,0,0.24338125389360502
Q95NU9,gi:24651351,0,0.20258637313755706
Q9VGS2,gi:28573893,0,0.8191202814337073
O76924,gi:24668274,0,0.48486626278772893
O44081,Q9VSS2,0,0.41654488919254296
P49906,gi:17864318,0,0.3955146497551835
P29775,Q9U616,0,0.18789384875128695
Q9VIF0,gi:24665485,0,0.19513537572433676
gi:24639826,gi:24649250,0,0.3081191892177415
P34021,gi:17136812,0,0.20258637313755706
gi:19922708,gi:24585730,0,0.2991224618188889
O01666,P16371,0,0.5336939691814582
P19538,P52029,0,0.9663697713624437
Q9VI10,Q9VSA3,0,0.2614253303070255
Q9VUJ0,gi:21355807,0,0.30947034608163926
P17886,Q9VGC3,0,0.6554667337251965
Q9V564,gi:21355573,0,0.6029400893911713
P02575,gi:18858205,0,0.4274384201286716
gi:17864246,gi:21357023,0,0.4737200728516752
O44081,P10383,0,0.2524955080232646
P48605,Q9VHS2,0,0.27014041554724594
Q9U405,gi:17136812,0,0.2790362693947917
Q9U1H0,Q9W5R8,0,0.48486626278772893
P40417,gi:17986187,0,0.2520974479366904
Q9VN97,gi:24661022,0,0.18789384875128695
Q9V595,gi:24580629,0,0.22657073512763554
Q9VA73,Q9W0K7,0,0.24338125389360502
P25007,gi:17736971,0,0.2606112964508466
gi:17136780,gi:28571503,0,0.2798860693260834
P48605,gi:21358351,0,0.27014041554724594
gi:24638750,gi:24646199,0,0.9631059733962185
O76767,gi:17647425,0,0.2614253303070255
gi:17136820,gi:22023983,0,0.319553760338377
P12613,Q9VJE4,0,0.28984368678254757
P17133,Q9VWR5,0,0.2614253303070255
P29413,Q9V5C6,0,0.2794609716270164
P00034,P02572,0,0.4509945185911777
P04197,P41094,0,0.4410020665348054
P27619,Q24368,0,0.20258637313755706
P92189,Q9W0V1,0,0.24299289161232193
Q9VDS6,gi:24643052,0,0.2614253303070255
P27619,gi:17136820,0,0.28940954340822506
P91928,Q9W3R7,0,0.33928169865193414
gi:20130345,gi:28574296,0,0.5103569557931482
Q9W141,gi:24662729,0,0.555842781942213
P12426,Q9W5B9,0,0.18789384875128695
P53501,Q8IN94,0,0.35080485670035144
gi:21357023,gi:28574061,0,0.5093023016806608
P13060,P29413,0,0.8175518111149117
O01666,P02835,0,0.4175709183069264
O76767,gi:28571865,0,0.2798860693260834
P02574,Q9VCX3,0,0.22657073512763554
P39736,gi:21356033,0,0.3950102666387321
gi:28571768,gi:28571865,0,0.2798860693260834
O96860,gi:18859859,0,0.7624401154409656
gi:21356661,gi:21357047,0,0.22620117778141435
gi:24585154,gi:24659997,0,0.2790362693947917
P20232,gi:28571958,0,0.20258637313755706
P11147,gi:24656262,0,0.6355127495373076
P00034,Q24207,0,0.5574050771117391
Q9V3P0,gi:17136820,0,0.3512855693310601
gi:24643270,gi:24664660,0,0.28984368678254757
Q9VPH7,gi:17738243,0,0.3498443399644219
P13496,gi:18860069,0,0.21847929837228713
gi:17136208,gi:24638750,0,0.7277488640308131
O46036,Q9VIW3,0,0.7356876440870845
Q9VUL9,gi:24585730,0,0.24299289161232193
gi:24582482,gi:24638750,0,0.4965550303691921
gi:17137116,gi:28571865,0,0.22620117778141435
gi:24584376,gi:24762622,0,0.22657073512763554
P92189,Q961G1,0,0.19513537572433676
P13706,gi:24650829,0,0.40624113256651906
P00444,P21914,0,0.30856921131348064
gi:19921720,gi:24648674,0,0.2705566590855738
P02828,gi:28573684,0,0.6999650194437866
P10734,P29413,0,0.4768775240979616
P52304,gi:24668103,0,0.42692207843524443
Q06559,gi:19922324,0,0.8757527915594846
P02572,gi:28573207,0,0.4742461756417152
O02649,Q9V595,0,0.22657073512763554
P22813,Q03017,0,0.485393327277395
gi:22023983,gi:28571712,0,0.28984368678254757
P22812,Q9V411,0,0.21811921688530922
gi:21355729,gi:24638750,0,0.6355127495373076
gi:17864460,gi:24642586,0,0.394002171680807
P13054,P18487,0,0.2344927883985483
Q95YI5,gi:24643715,0,0.3823930007709409
P53501,Q24168,0,0.2606112964508466
Q9VNA5,gi:28571807,0,0.21024755827425512
P13496,gi:24646818,0,0.21847929837228713
gi:20128953,gi:20130345,0,0.40471509857545473
P35220,Q24320,0,0.2614253303070255
P35875,gi:19921910,0,0.20258637313755706
P25008,Q9Y1A3,0,0.38388914508619953
Q9VI10,gi:24659997,0,0.21024755827425512
gi:17737917,gi:24586487,0,0.2614253303070255
gi:24655616,gi:24661022,0,0.18789384875128695
O96860,gi:20130239,0,0.6448284853363413
gi:28571644,gi:28571865,0,0.30947034608163926
P16241,gi:24644404,0,0.20258637313755706
P02267,gi:24655182,0,0.23487178043810159
gi:17864390,gi:28573207,0,0.4042068280916938
P30052,gi:28571841,0,0.2610181081278827
Q9VEX9,gi:24580914,0,0.6486851301264698
gi:21356661,gi:24643007,0,0.18789384875128695
P25008,gi:24641561,0,0.6379531449117253
P22700,Q02360,0,0.6160804443365129
Q9VXE0,gi:24580914,0,0.31909511144885117
gi:17136820,gi:24655616,0,0.2344927883985483
P00444,gi:24584376,0,0.21847929837228713
P09087,gi:17986187,0,0.2889757857047761
Q24206,gi:24662700,0,0.29868026557648025
Q9VI10,gi:17137572,0,0.7352771235419232
gi:17864154,gi:24581628,0,0.20258637313755706
P54367,gi:19922138,0,0.2520974479366904
gi:24639800,gi:28574296,0,0.2705566590855738
Q24174,gi:17137092,0,0.4175709183069264
P11420,gi:21355315,0,0.28854241412290604
P48592,gi:24646818,0,0.2520974479366904
P13496,gi:28571807,0,0.19513537572433676
Q24251,gi:21355729,0,0.3950102666387321
P05084,Q23985,0,0.734043116223587
P02828,gi:19921768,0,0.3929949782350923
P10383,Q9VSA3,0,0.2524955080232646
O96860,gi:21687222,0,0.7070799199123384
gi:17864154,gi:19922100,0,0.5209843787238614
P00444,gi:17136728,0,0.3288766497207673
Q86B79,Q9VHS2,0,0.19513537572433676
P25992,gi:24649250,0,0.33928169865193414
O16797,gi:24666434,0,0.9794440956711795
O02649,gi:17647875,0,0.20258637313755706
gi:24640986,gi:28571807,0,0.19513537572433676
Q9V411,gi:24640986,0,0.24338125389360502
Q9VMN5,gi:17738243,0,0.31817886437248366
Q24325,Q9VIM5,0,0.22657073512763554
gi:17864318,gi:28574296,0,0.3407022166520228
gi:19921768,gi:21356661,0,0.18789384875128695
gi:24580629,gi:24581791,0,0.20258637313755706
Q9U1H0,Q9V6X7,0,0.21024755827425512
P54622,gi:24648896,0,0.4295053575421735
P07487,gi:24585303,0,0.32841107807292325
P41094,Q05856,0,0.8253396494522379
Q27350,gi:24665485,0,0.4389223692854569
P13496,Q24325,0,0.21847929837228713
gi:21356151,gi:24582283,0,0.49813757787597257
P22812,P49869,0,0.18789384875128695
Q9U405,gi:24638766,0,0.7647256709227274
P08266,Q24439,0,0.20258637313755706
gi:24584968,gi:24643270,0,0.23487178043810159
P10987,gi:24584968,0,0.5782865532268306
Q9VGI8,gi:19922888,0,0.3293425577179446
P48605,P91929,0,0.3620171589930397
P00034,gi:30923526,0,0.5921999707134131
Q8ST83,gi:17864612,0,0.19513537572433676
Q9VNT5,gi:24646607,0,0.21024755827425512
O76924,gi:17137092,0,0.8387029080049357
Q961G1,Q9VU02,0,0.21847929837228713
O16102,gi:19922888,0,0.22657073512763554
P13060,Q9VU02,0,0.6231257714262273
Q95028,Q9W0K4,0,0.3407022166520228
Q24451,gi:24664660,0,0.23487178043810159
O18404,Q9V411,0,0.3728881445229649
gi:21358483,gi:24639272,0,0.24299289161232193
O16011,Q9VIW3,0,0.72649281753163
Q8MSS1,Q94920,0,0.3620171589930397
Q9VWA1,Q9W3C1,0,0.2524955080232646
P02828,gi:24642645,0,0.4274384201286716
Q9VHD2,Q9VJE4,0,0.21024755827425512
P17917,gi:24647455,0,0.25169980408687587
O46106,P41094,0,0.8114416645477411
P02575,P25028,0,0.17373122232578128
P08928,Q9VIM5,0,0.28940954340822506
Q8IN94,gi:28572086,0,0.21024755827425512
gi:24646818,gi:28574296,0,0.24338125389360502
gi:24580914,gi:24585803,0,0.2889757857047761
Q9VPH7,gi:17737533,0,0.6231257714262273
P48987,Q9VN97,0,0.20258637313755706
Q9VEX9,Q9VZD5,0,0.4752985516112684
O18404,gi:20129347,0,0.40675021470660927
Q9W123,gi:19921910,0,0.2614253303070255
gi:21358077,gi:28573684,0,0.5823978114406005
gi:24585372,gi:24647702,0,0.21847929837228713
Q24174,gi:24638927,0,0.3512855693310601
O44424,gi:17986187,0,0.5321182317078645
Q9VIM5,Q9W123,0,0.2614253303070255
Q9V9S8,gi:21355555,0,0.19513537572433676
gi:17864612,gi:20130345,0,0.370916523718302
P42124,Q9VKH0,0,0.18789384875128695
Q27272,Q9VIU7,0,0.19513537572433676
P25007,Q24297,0,0.38388914508619953
Q9NIV1,gi:24640591,0,0.21024755827425512
Q24251,gi:21356995,0,0.7807772480265328
Q94920,gi:19922888,0,0.2705566590855738
P14734,gi:21355807,0,0.48750189844128966
gi:21355099,gi:24586487,0,0.2705566590855738
P25028,gi:21355807,0,0.20224570670610195
Q23973,Q9VIW3,0,0.24338125389360502
P00444,P05205,0,0.3288766497207673
Q9VHN6,gi:17136784,0,0.21811921688530922
gi:24668274,gi:28573732,0,0.19513537572433676
P08985,gi:24666493,0,0.2520974479366904
P09089,P38979,0,0.5352690346054877
Q9VF89,Q9VHY5,0,0.20258637313755706
P13496,gi:24643559,0,0.21847929837228713
Q960E8,gi:24642645,0,0.23487178043810159
P02575,Q9V3G3,0,0.19513537572433676
O77427,gi:24585803,0,0.23487178043810159
Q94516,gi:24582482,0,0.28854241412290604
Q9V3G3,Q9VHS2,0,0.19513537572433676
gi:17647699,gi:24659086,0,0.28984368678254757
Q9VPH7,gi:17647803,0,0.19513537572433676
gi:17136948,gi:24655616,0,0.3081191892177415
O18388,Q9VKH0,0,0.21811921688530922
gi:17136256,gi:21358483,0,0.3818947794511891
gi:24644609,gi:28574851,0,0.3945061069561947
P91927,Q8T498,0,0.21811921688530922
gi:19920344,gi:24649646,0,0.6160804443365129
P39572,gi:24655182,0,0.29868026557648025
Q9U1H0,gi:20129347,0,0.22620117778141435
Q9VPH7,gi:24659086,0,0.23487178043810159
P08928,P53501,0,0.45308522533203444
Q24276,Q7PLI2,0,0.18054826488108783
Q27934,gi:17864318,0,0.20224570670610195
gi:17137092,gi:28571841,0,0.31863681258735244
gi:19922888,gi:21355099,0,0.2705566590855738
Q11002,gi:24645553,0,0.2790362693947917
P13060,gi:21687222,0,0.6873366602510026
P10735,gi:24648183,0,0.19513537572433676
Q05783,Q9VHD2,0,0.19513537572433676
P02575,Q24451,0,0.21847929837228713
gi:17136846,gi:24657292,0,0.27014041554724594
Q9VGS2,gi:24582909,0,0.3945061069561947
P02575,gi:17865642,0,0.29868026557648025
Q94981,gi:21357131,0,0.19513537572433676
P34021,Q94514,0,0.31909511144885117
P23757,Q9VZD5,0,0.697744577066888
P51123,P92208,0,0.8395574480158995
Q94516,Q9VJD3,0,0.31863681258735244
P02835,P18487,0,0.28854241412290604
P48592,Q9W5B9,0,0.22620117778141435
Q9VYH3,gi:19921002,0,0.41603214504320013
P48605,gi:19921002,0,0.6260943546024416
P28159,Q94514,0,0.6049590066740793
O77427,P38979,0,0.32980880139069724
P02307,P02575,0,0.2610181081278827
P53034,Q9VWA1,0,0.22657073512763554
gi:19920344,gi:21355643,0,0.8573129044849324
Q9V411,gi:17737549,0,0.29956503309342614
Q9VJD3,gi:21355815,0,0.31863681258735244
O02649,gi:24654586,0,0.2798860693260834
Q9VPH7,gi:19922100,0,0.485393327277395
Q9VSA3,gi:24662729,0,0.555842781942213
O61443,P02575,0,0.2610181081278827
P23757,gi:21355279,0,0.7269119009488341
P09082,Q9V6X7,0,0.2614253303070255
Q94981,gi:17136864,0,0.3714090287781982
gi:19920344,gi:24645553,0,0.6808769521670589
P02834,Q9VYH3,0,0.27014041554724594
P02574,P08266,0,0.22657073512763554
Q9VN97,Q9VX09,0,0.18789384875128695
Q9VU68,gi:28571768,0,0.20258637313755706
P17917,Q9XY35,0,0.3090195971223799
gi:19923034,gi:21358053,0,0.18789384875128695
Q9VAD6,gi:24668103,0,0.18789384875128695
gi:24638876,gi:30923655,0,0.36055637209382824
gi:19922138,gi:28574851,0,0.46417411966134337
Q8ST83,Q9VIM5,0,0.22657073512763554
gi:24663874,gi:28571841,0,0.19513537572433676
Q9VHP2,gi:20130345,0,0.40471509857545473
O02649,P48603,0,0.5442671790194767
P23023,Q9Y1A3,0,0.7534728318273323
gi:17933528,gi:21356661,0,0.2606112964508466
P00444,gi:28571451,0,0.19513537572433676
O01666,P02828,0,0.5336939691814582
Q9W3R7,gi:24650829,0,0.6808769521670589
P02575,P92189,0,0.19513537572433676
gi:24584376,gi:24655616,0,0.19513537572433676
Q9W1K5,gi:24580914,0,0.5241431090536487
P28159,Q9VF78,0,0.2982384448729169
O44437,Q9W0V1,0,0.32980880139069724
Q94523,gi:17647503,0,0.7450829838711764
P02575,Q9VI10,0,0.23487178043810159
Q9V407,gi:21355099,0,0.29956503309342614
Q94981,gi:24649236,0,0.3934984617839398
P09087,gi:17137092,0,0.5937278537945282
gi:18860069,gi:19923034,0,0.19513537572433676
Q24451,gi:20130281,0,0.2889757857047761
P28518,gi:24582482,0,0.18789384875128695
P54622,gi:17864460,0,0.49919263223573096
Q24439,Q9U1H9,0,0.18789384875128695
P49847,Q24439,0,0.20258637313755706
Q05913,gi:24582482,0,0.18789384875128695
Q27368,gi:21355807,0,0.2520974479366904
Q9VHD2,Q9VKH0,0,0.18789384875128695
Q23985,Q9V3G3,0,0.734043116223587
gi:24641404,gi:24655616,0,0.21811921688530922
P00034,gi:28572129,0,0.955672081559985
P53501,Q9V8M5,0,0.2606112964508466
Q24174,Q9W5R8,0,0.624611233872572
gi:17933528,gi:24663874,0,0.2606112964508466
P18289,P52029,0,0.31909511144885117
gi:21356661,gi:24663250,0,0.22620117778141435
Q9U405,Q9VSS2,0,0.7200880158492433
P10734,gi:17136934,0,0.5002476937852618
Q27884,gi:28572129,0,0.5199310830985445
P02267,gi:21355807,0,0.30947034608163926
gi:21357543,gi:22023983,0,0.2614253303070255
Q9VDS6,gi:17864318,0,0.2798860693260834
P54622,gi:24649824,0,0.37338171368508716
P45594,Q9V3G3,0,0.269724575596179
Q94981,gi:21357543,0,0.22657073512763554
O44424,P32392,0,0.6678264473383826
Q9VA73,Q9W0K4,0,0.24338125389360502
Q05913,Q8T498,0,0.21811921688530922
Q94523,gi:17647565,0,0.22620117778141435
P16371,P35220,0,0.4626000134988968
Q86B79,Q9U616,0,0.18789384875128695
P25007,P91943,0,0.31909511144885117
O01666,Q9V595,0,0.24338125389360502
P91928,gi:24646818,0,0.21847929837228713
P08879,gi:20129299,0,0.3090195971223799
Q95028,Q961G1,0,0.2520974479366904
P40301,gi:24638876,0,0.24338125389360502
gi:24646199,gi:24663288,0,0.4042068280916938
O96860,gi:21358557,0,0.7356876440870845
P13706,gi:24581628,0,0.21811921688530922
gi:17864390,gi:24646737,0,0.3929949782350923
gi:18543229,gi:19920958,0,0.21811921688530922
Q9VM75,gi:17136812,0,0.19513537572433676
P17133,gi:24665485,0,0.23487178043810159
P10735,gi:17647803,0,0.18789384875128695
P32392,gi:24652542,0,0.2520974479366904
P02828,gi:18858205,0,0.9369512780099378
P12982,Q9W0K4,0,0.5220374878077179
gi:20129451,gi:24643715,0,0.5225639694819275
Q24251,Q9VGC3,0,0.29868026557648025
gi:21357009,gi:21357131,0,0.21811921688530922
P48603,Q24206,0,0.788677968155842
gi:24654383,gi:28571865,0,0.7538645809999961
Q9VD51,Q9VHS2,0,0.19513537572433676
Q9V595,gi:28571768,0,0.22657073512763554
Q9VEX9,gi:28571841,0,0.3714090287781982
gi:21356033,gi:24638876,0,0.24338125389360502
P32392,gi:17737917,0,0.30947034608163926
Q9VA73,gi:21355099,0,0.24338125389360502
P40417,gi:21358483,0,0.22620117778141435
P02828,Q94523,0,0.568911287801405
P08266,Q9VWR5,0,0.2524955080232646
P18289,P22812,0,0.2606112964508466
P45890,gi:20129347,0,0.568911287801405
Q27350,gi:17737549,0,0.5098296396745938
Q9VA73,Q9VJD3,0,0.21847929837228713
P48592,gi:24648183,0,0.2520974479366904
P10735,gi:24646607,0,0.21024755827425512
Q9VHS2,gi:24580914,0,0.2889757857047761
gi:18858205,gi:19920344,0,0.8262503202571894
Q9VNA5,gi:28572086,0,0.21024755827425512
Q24338,Q9U616,0,0.20258637313755706
Q94523,gi:24651979,0,0.2520974479366904
Q9NIV1,gi:24584017,0,0.24299289161232193
Q9VN97,gi:17647815,0,0.21024755827425512
gi:24581628,gi:24582283,0,0.3929949782350923
P35875,Q9VIW3,0,0.21811921688530922
gi:17136256,gi:24584926,0,0.5220374878077179
Q24174,gi:24662700,0,0.24338125389360502
P52656,gi:24582482,0,0.19513537572433676
P00034,P40304,0,0.3818947794511891
Q24407,gi:24662626,0,0.2520974479366904
gi:20129299,gi:28571503,0,0.2524955080232646
P49869,P52029,0,0.20258637313755706
P15330,Q9VUJ0,0,0.7260733333395897
Q94920,gi:28571768,0,0.2705566590855738
P18053,Q9VA73,0,0.23487178043810159
gi:21358345,gi:24662626,0,0.22620117778141435
Q9VPS5,gi:24663292,0,0.9776588550819938
Q27368,gi:24655182,0,0.21847929837228713
gi:20129563,gi:24639926,0,0.2991224618188889
P07487,gi:17647343,0,0.6379531449117253
P54367,gi:17647589,0,0.23487178043810159
gi:17864390,gi:21356995,0,0.4615510214657002
gi:24158463,gi:24581791,0,0.18789384875128695
P28159,Q9W141,0,0.3610430158705395
P91929,gi:24641480,0,0.3620171589930397
gi:21357009,gi:24656966,0,0.33027538006280055
Q24407,gi:17737635,0,0.19513537572433676
gi:24641404,gi:24658707,0,0.29956503309342614
P17886,gi:17136812,0,0.6226301010882948
gi:24655568,gi:28573684,0,0.5937278537945282
P29742,gi:17864460,0,0.7298342334464777
Q27350,gi:24586344,0,0.4042068280916938
gi:20128953,gi:20130281,0,0.2889757857047761
P05205,gi:24651351,0,0.3610430158705395
Q9VSC1,gi:21358345,0,0.20258637313755706
P05084,P29413,0,0.25169980408687587
P18487,P25028,0,0.16711908093691472
P04657,Q94535,0,0.21811921688530922
P12613,P17917,0,0.3402283910271144
gi:18860107,gi:24586487,0,0.20258637313755706
P54622,gi:24641449,0,0.5225639694819275
Q8MT36,Q9VSS2,0,0.3493645374227344
P21525,gi:24641449,0,0.41654488919254296
Q8MSS1,gi:24667016,0,0.27014041554724594
P54622,gi:24642525,0,0.2798860693260834
Q95TN4,gi:28571503,0,0.2614253303070255
Q9VA73,gi:24647899,0,0.19513537572433676
P13054,gi:17647815,0,0.319553760338377
gi:24662626,gi:24668014,0,0.30947034608163926
P23758,Q9VIW3,0,0.29956503309342614
gi:17136208,gi:21358053,0,0.24299289161232193
gi:17137572,gi:18860069,0,0.6762746039653394
gi:21358077,gi:24653649,0,0.8384172455806288
P50536,gi:19922324,0,0.21847929837228713
P25007,P53034,0,0.2889757857047761
gi:17864286,gi:24638845,0,0.7929249027994624
gi:17136256,gi:24762622,0,0.4509945185911777
P54367,gi:28573684,0,0.2889757857047761
P10981,gi:24580629,0,0.3293425577179446
P11147,Q9VYV5,0,0.5673580834806307
Q9VIM5,gi:21355279,0,0.2798860693260834
Q9VJD3,Q9VMN5,0,0.19513537572433676
O16797,gi:21355643,0,0.9923155941156941
gi:18860069,gi:24643052,0,0.23487178043810159
P29742,gi:28574692,0,0.31863681258735244
gi:17647589,gi:28571865,0,0.30947034608163926
P91929,Q9W5R8,0,0.624611233872572
P08879,gi:24656024,0,0.25169980408687587
Q27268,Q9U4L6,0,0.2520974479366904
P54367,gi:19922116,0,0.21847929837228713
gi:17737649,gi:20128953,0,0.21847929837228713
P52304,gi:17647343,0,0.7285842197543599
O76767,gi:17864460,0,0.394002171680807
P48603,gi:17933528,0,0.7639655142351577
Q06559,Q8MSS1,0,0.9430739513241629
Q95TN4,Q9W3C1,0,0.2614253303070255
gi:21356661,gi:28573684,0,0.2606112964508466
gi:20128953,gi:21355099,0,0.24338125389360502
P48592,gi:24641702,0,0.22620117778141435
P02307,P22812,0,0.2344927883985483
P52656,gi:24584926,0,0.24338125389360502
P29673,Q27597,0,0.18789384875128695
gi:19921872,gi:19923034,0,0.19513537572433676
P48603,gi:28571807,0,0.4731940284073014
P20227,Q9V9S8,0,0.2344927883985483
P04657,gi:24653614,0,0.24299289161232193
O02649,gi:28573207,0,0.4742461756417152
O18404,gi:24659997,0,0.25169980408687587
gi:17864286,gi:18858205,0,0.3929949782350923
Q9VHB6,gi:24642525,0,0.2524955080232646
Q9VMN5,gi:24646032,0,0.21024755827425512
Q8ST83,Q9XY35,0,0.22657073512763554
gi:17738243,gi:24649646,0,0.6270817888871933
Q9V595,gi:17647343,0,0.2889757857047761
gi:24582283,gi:24648231,0,0.6369778321205511
P10383,gi:24668274,0,0.20258637313755706
O16797,gi:24639826,0,0.734043116223587
P54622,gi:24638927,0,0.38438835021546713
Q9V564,gi:22023983,0,0.5331687964913024
P29052,Q9VF89,0,0.21811921688530922
Q94523,gi:24638845,0,0.8864315174717499
Q9VFJ2,gi:18859665,0,0.2982384448729169
gi:17137804,gi:24582221,0,0.22620117778141435
P29413,Q9U1H9,0,0.25169980408687587
P07487,gi:24583043,0,0.49919263223573096
P08266,Q86B79,0,0.20258637313755706
Q9VLV5,Q9VWA1,0,0.28940954340822506
Q9VPH7,gi:24639410,0,0.19513537572433676
Q8MQI6,gi:24666493,0,0.19513537572433676
P02283,gi:17737549,0,0.23487178043810159
P09082,Q9VF78,0,0.20258637313755706
P13468,gi:24580914,0,0.41808420117628076
gi:24648896,gi:24650126,0,0.269724575596179
Q9VU02,gi:24580914,0,0.2889757857047761
Q9VIM5,Q9W5B9,0,0.20258637313755706
O44081,gi:18543229,0,0.2705566590855738
Q24117,gi:17864100,0,0.7789660110335198
Q9VXE0,gi:17647815,0,0.2614253303070255
Q9VU02,gi:28571841,0,0.21847929837228713
Q9NIV1,gi:17137092,0,0.28854241412290604
P21914,Q24174,0,0.40624113256651906
Q9VPH7,gi:24584017,0,0.27014041554724594
Q9V564,gi:24645769,0,0.7811382116770155
Q9VIF0,Q9W0V1,0,0.24299289161232193
O18388,gi:17864286,0,0.21811921688530922
P13496,P52656,0,0.21847929837228713
P08970,Q23985,0,0.8299050153002681
Q94516,gi:24645513,0,0.31863681258735244
Q9VPS5,gi:21355553,0,0.6231257714262273
gi:20129161,gi:28574980,0,0.18789384875128695
P54358,gi:19921910,0,0.3090195971223799
Q9VU68,gi:24653664,0,0.19513537572433676
gi:20129763,gi:24655616,0,0.18789384875128695
Q9VIF0,Q9W141,0,0.20258637313755706
P38979,gi:21358053,0,0.24299289161232193
Q961G1,gi:17986187,0,0.21847929837228713
P10987,Q9Y1A3,0,0.6776589459558231
P38979,gi:24646729,0,0.5699460066437073
P91928,Q9VWA1,0,0.22657073512763554
gi:24585132,gi:24641090,0,0.6900510435405517
gi:17647343,gi:21355689,0,0.2606112964508466
O18388,Q9VIF0,0,0.21811921688530922
P05084,gi:24580914,0,0.2606112964508466
gi:21355729,gi:24650829,0,0.40624113256651906
O02649,gi:28573125,0,0.41654488919254296
P32392,gi:24656262,0,0.3407022166520228
P54358,gi:17136934,0,0.5357939016907437
P51123,gi:21357023,0,0.868619297197789
gi:24664660,gi:28571865,0,0.30947034608163926
gi:21356661,gi:24662729,0,0.48486626278772893
Q9VIU7,gi:24646818,0,0.19513537572433676
gi:17136780,gi:24584926,0,0.3407022166520228
P23023,Q9VKH0,0,0.6335553966249884
P13496,P47825,0,0.22657073512763554
P52304,gi:24647899,0,0.42692207843524443
Q9VPS5,gi:17864154,0,0.6559431068976144
gi:24582283,gi:24652770,0,0.6999650194437866
P23757,gi:24640986,0,0.6009176607425054
O16102,Q9V8M5,0,0.19513537572433676
gi:17864460,gi:24655568,0,0.7298342334464777
Q95YI5,gi:18543187,0,0.21847929837228713
Q9V564,gi:19921362,0,0.6029400893911713
P00444,gi:21357543,0,0.22657073512763554
P13706,gi:20129451,0,0.3407022166520228
P08879,gi:17864286,0,0.25169980408687587
P05084,gi:24641449,0,0.3493645374227344
P09083,P91927,0,0.18789384875128695
Q9VGS2,gi:24642525,0,0.3610430158705395
Q9U405,Q9VHD2,0,0.2790362693947917
Q9VHN6,gi:19922116,0,0.19513537572433676
Q11002,Q9VAD6,0,0.18789384875128695
gi:24582283,gi:24638876,0,0.4274384201286716
P22769,gi:17136208,0,0.24299289161232193
P25007,P42519,0,0.35080485670035144
Q9W0V1,Q9W5B9,0,0.24299289161232193
P49847,Q9VYV5,0,0.2524955080232646
Q95TN4,gi:28574692,0,0.23487178043810159
P02267,gi:24662700,0,0.23487178043810159
P00444,P02835,0,0.31863681258735244
P25007,Q9VEX9,0,0.6486851301264698
P16371,gi:24638766,0,0.9396585238129574
Q9VYH3,gi:24645553,0,0.30856921131348064
Q94511,gi:24651979,0,0.2610181081278827
Q9VU02,gi:24585372,0,0.21847929837228713
gi:17137298,gi:24653664,0,0.23487178043810159
P16371,Q9VHD2,0,0.3929949782350923
P49905,gi:24665485,0,0.6120799168516209
P12982,P25008,0,0.6900510435405517
Q8MSS1,gi:18860069,0,0.27014041554724594
Q9V407,gi:24646737,0,0.49813757787597257
P10383,gi:24641090,0,0.31909511144885117
P00034,gi:24664660,0,0.48644755255988015
O44424,gi:24641561,0,0.9059453177702189
P08044,Q9W0V1,0,0.3620171589930397
P10987,gi:24639826,0,0.5432201926344257
Q9W3R7,gi:24658707,0,0.4057322518230702
Q27368,Q9U616,0,0.19513537572433676
gi:21355099,gi:24668274,0,0.21811921688530922
Q9Y1A3,gi:24646607,0,0.29956503309342614
gi:24584017,gi:24638876,0,0.27014041554724594
P54733,gi:17137310,0,0.31817886437248366
P45890,P48603,0,0.9537410362435993
P92189,Q9VYV5,0,0.20258637313755706
Q9VIU7,gi:18860069,0,0.19513537572433676
P29742,gi:24656966,0,0.4175709183069264
O02649,gi:24646737,0,0.4626000134988968
Q9VHI4,gi:24665485,0,0.23487178043810159
gi:24655568,gi:24656966,0,0.4175709183069264
P12613,Q9W123,0,0.28984368678254757
gi:19922708,gi:24655616,0,0.20258637313755706
P29742,gi:17137470,0,0.28854241412290604
Q9V9Z1,gi:24639979,0,0.18789384875128695
O46036,gi:19922888,0,0.6767363958181514
Q05913,Q9VF89,0,0.18789384875128695
Q9W3R7,gi:24582221,0,0.3081191892177415
P02572,gi:19921494,0,0.2524955080232646
P13060,Q9VF78,0,0.5891388784310002
Q9VPS5,gi:24648183,0,0.6231257714262273
P23758,gi:17136846,0,0.23487178043810159
P10981,gi:24650829,0,0.6165794198350218
Q9VHB6,gi:24580629,0,0.2524955080232646
P52029,Q24180,0,0.2798860693260834
Q24178,Q9VGC3,0,0.19513537572433676
P49905,gi:24643052,0,0.6771978433620621
gi:24639926,gi:24645553,0,0.33975488478365257
Q8T498,gi:18860069,0,0.24338125389360502
