protein_a,protein_b,label,y_prob
Q27368,gi:24582879,1,0.5534495991441594
gi:20129227,gi:24650922,1,0.6340033038573126
gi:24583644,gi:24667071,1,0.48974256652717824
O18413,gi:24650745,1,0.5735273112143021
gi:24645058,gi:24652999,1,0.5429401421267279
P11455,gi:24663246,1,0.5787702356583024
gi:19921028,gi:24667063,1,0.64882120765368
gi:21355733,gi:24641831,1,0.49891767524440955
gi:21355521,gi:28571157,1,0.48804323655207826
P17704,gi:24666434,1,0.33749512858956987
P48603,gi:24641090,1,0.4550893245630946
gi:24585313,gi:28571447,1,0.5287859940588142
gi:19921458,gi:24581719,1,0.592261434686272
gi:24649025,gi:28573278,1,0.5619585901739974
Q9VYR1,gi:24642276,1,0.5115970958378001
gi:24646199,gi:24663340,1,0.44321164623932974
gi:24655121,gi:28571891,1,0.4895934626447849
Q24253,gi:28571819,1,0.4764946050955349
P16568,gi:24639988,1,0.4777053101551798
P21914,gi:17933604,1,0.5326265177214191
gi:24656553,gi:24664023,1,0.6091770462594192
P13097,gi:24645653,1,0.5130943828746143
gi:24648946,gi:24654606,1,0.5545960467740145
gi:24656486,gi:24661872,1,0.48856967438290133
P55035,Q02361,1,0.5534081287150014
gi:24662946,gi:28574886,1,0.5656525397138671
gi:19920396,gi:24668309,1,0.3608669028238498
gi:24649169,gi:28574406,1,0.4883288003196267
gi:20129227,gi:24645769,1,0.6029015419332521
gi:20130151,gi:24638872,1,0.6144912823546118
gi:24663027,gi:28571678,1,0.41520803732300055
gi:21356855,gi:24653322,1,0.5274549224131955
gi:17137074,gi:21356415,1,0.5368741882377787
gi:20128797,gi:24638544,1,0.5703392304005862
Q94511,gi:24645053,1,0.4535190689643956
P07181,gi:17136554,1,0.46416657623510416
gi:24654934,gi:28572036,1,0.6131188805844038
gi:17137586,gi:28573893,1,0.480641025618876
gi:24643394,gi:24661830,1,0.4543188911619101
gi:21356741,gi:24641068,1,0.5132027664966592
gi:24649025,gi:24655644,1,0.48068046372441275
gi:24641689,gi:28571515,1,0.5713614483915914
P45890,gi:24585681,1,0.47209006648537843
gi:19920390,gi:24583312,1,0.4877317324128575
gi:17647755,gi:24643634,1,0.5443904360040979
P13096,Q01071,1,0.44618674411267106
P82147,gi:28573278,1,0.48731904496351935
gi:19920866,gi:28571678,1,0.5307999766601954
P19538,gi:24581778,1,0.5560987324773974
P50887,gi:24649848,1,0.4170905663990825
Q8INW0,gi:24652438,1,0.5539326694196639
gi:24642561,gi:24647609,1,0.5064014262763296
gi:21357211,gi:24667117,1,0.5554726720181716
gi:19923028,gi:20129131,1,0.2497314927630267
gi:19923044,gi:24649952,1,0.5357369608191994
gi:24642517,gi:24656168,1,0.4580016711689293
gi:19922294,gi:24649697,1,0.5376606150851749
gi:21357511,gi:24643447,1,0.4971067788233089
gi:24650192,gi:24651703,1,0.5357665838721464
gi:19921710,gi:28572997,1,0.4737418171021963
gi:19921326,gi:24651935,1,0.5109203401206162
P53997,gi:20129291,1,0.4244944062151946
gi:24639021,gi:24648919,1,0.44868101750470374
O46106,gi:17647459,1,0.4689084598881544
P00528,gi:21356285,1,0.5141552367063811
gi:24654441,gi:24656574,1,0.49015671700534036
P02828,gi:18859939,1,0.6388033018643586
gi:18858147,gi:24645951,1,0.5987257169393614
gi:21358301,gi:24638532,1,0.5142174811682723
gi:17981735,gi:20129157,1,0.5593737597270503
P13097,gi:24655187,1,0.5294229843380645
gi:24639885,gi:24667258,1,0.7087419108025035
gi:20130399,gi:21356209,1,0.4561589020726303
gi:17737875,gi:24639414,1,0.5040121647260106
P29742,gi:19922640,1,0.4977366247852747
gi:19922526,gi:24638766,1,0.5440685260958145
gi:24643761,gi:24651236,1,0.5386903166863245
gi:21356367,gi:24667063,1,0.6097775706298803
gi:21358467,gi:24640855,1,0.5153012846077911
gi:17136854,gi:24643702,1,0.4872097715485232
gi:17137114,gi:24650168,1,0.48358940214817253
P17276,gi:24645115,1,0.5180183165922736
gi:24582918,gi:28574037,1,0.54337318759645
gi:19920776,gi:24653350,1,0.5782275396447957
gi:24652930,gi:28571108,1,0.5161230611122005
P13060,gi:24641578,1,0.47210273678150394
P08570,gi:24583894,1,0.40853734128691427
P50887,Q24570,1,0.21584202211089296
gi:24653255,gi:24661359,1,0.4951691770277061
gi:20128797,gi:21357495,1,0.578418345211513
gi:24668309,gi:28574529,1,0.7286724262387679
gi:21358101,gi:22026831,1,0.4855245310762806
gi:24642517,gi:24651491,1,0.4773278961433784
gi:24667016,gi:28571820,1,0.45214096432177947
P07183,gi:24584729,1,0.5168373093416182
gi:17530825,gi:24582205,1,0.5884010416526763
gi:24641831,gi:24666524,1,0.6390078794106369
gi:19920406,gi:20129835,1,0.5968651076188242
gi:24644764,gi:28571412,1,0.4797786237005637
gi:24641493,gi:24647383,1,0.4402751111855561
gi:20130049,gi:24648294,1,0.4387008881610966
gi:24639496,gi:24762383,1,0.4217565794988951
gi:17933532,gi:24647137,1,0.611137092339699
gi:19921962,gi:24640747,1,0.5238915686957626
gi:19922100,gi:20130345,1,0.481137297449388
Q24167,gi:24648592,1,0.4267881594338541
Q9VQQ9,gi:24656802,1,0.5397346405036334
gi:24652882,gi:28572997,1,0.49177433755922045
gi:17137620,gi:24656431,1,0.6471873996826154
gi:17136568,gi:17137752,1,0.6423680403859586
gi:18858161,gi:24652897,1,0.532940220622909
gi:21355625,gi:21358139,1,0.4301209020810212
Q9VNA5,gi:24640683,1,0.5228969674459062
gi:24582643,gi:24655996,1,0.5707437422269122
gi:24648044,gi:24656362,1,0.12029404526157651
gi:24652733,gi:24657699,1,0.6696120218311045
gi:24638718,gi:24657684,1,0.44540084445893313
gi:24584683,gi:24641790,1,0.4915862821616432
gi:24639687,gi:24649976,1,0.39134536707245954
P51123,gi:24649109,1,0.48194264088978434
gi:17647939,gi:21357733,1,0.43540478802579885
gi:17933736,gi:24581976,1,0.50291757661488
gi:24653057,gi:24762582,1,0.3840729681341844
gi:20130151,gi:24642586,1,0.5420215895623837
gi:24647083,gi:24649025,1,0.5402398022407547
gi:24582431,gi:24649499,1,0.5227168139441596
gi:17137240,gi:28571396,1,0.4713712630459378
gi:21356927,gi:24640119,1,0.652814260266374
gi:24645216,gi:28574949,1,0.5815857806375182
P35415,gi:24642799,1,0.28367449887443086
P13395,gi:17137188,1,0.3003457256833582
gi:24647609,gi:24663548,1,0.40889697259540736
Q9XZS4,gi:24651236,1,0.4368024065018109
gi:17137344,gi:24584126,1,0.515481209423657
gi:21687092,gi:24581542,1,0.2025451598233673
gi:24643634,gi:24650311,1,0.5482218215939803
P54350,P92208,1,0.5078579253579155
gi:18921139,gi:28571891,1,0.46765325112027434
gi:20129061,gi:24666737,1,0.44428887712450876
P16914,gi:19922904,1,0.5157997584804592
gi:21357089,gi:24664029,1,0.5310723703479232
Q9VJZ7,gi:24584798,1,0.5781204884614358
gi:24583803,gi:28573125,1,0.33526234336034405
gi:24640903,gi:24643280,1,0.577167862835122
gi:24585335,gi:24586585,1,0.5483338696594292
gi:20129579,gi:24650124,1,0.49612461736786784
gi:17737727,gi:28574071,1,0.5237240648277639
P13395,gi:24642799,1,0.3932716323097747
gi:24644064,gi:24650208,1,0.5084363246712785
gi:17136830,gi:24640430,1,0.5328694352714134
gi:17137800,gi:21357051,1,0.46345784838185383
gi:20129611,gi:24655053,1,0.4993565796143003
gi:18543293,gi:24641561,1,0.459997003018997
gi:24584736,gi:24646199,1,0.41204675675375607
gi:20129967,gi:21355815,1,0.6457500210411113
gi:17137234,gi:24638625,1,0.553578009283078
gi:24640264,gi:24642241,1,0.3766451780345045
gi:24640233,gi:24667117,1,0.5363895485997339
P02828,gi:24643375,1,0.5190700752085005
gi:19920706,gi:24582962,1,0.4615506328799226
P02517,P29775,1,0.49580548717723394
gi:24639548,gi:24652112,1,0.5309894255322696
gi:24641790,gi:24642817,1,0.5362418957337836
Q03334,gi:24666394,1,0.5136928249067211
gi:24581719,gi:24582473,1,0.5010943805284529
gi:26080381,gi:28573157,1,0.5325443926598395
gi:20129967,gi:21357305,1,0.35407552050458385
gi:21357761,gi:28574971,1,0.49970809328212
P02824,gi:28572963,1,0.49893763775873984
gi:17136968,gi:17137452,1,0.4617295868360178
gi:17136258,gi:21355573,1,0.6402549242981085
gi:17137568,gi:24645053,1,0.4719450405368635
gi:17865642,gi:24648751,1,0.6256655837258644
P48592,gi:22024283,1,0.4671420443279992
gi:19922044,gi:24656312,1,0.48981764145473045
P21461,gi:24653649,1,0.4788686783821235
gi:19920746,gi:24643702,1,0.5155000933249657
P15364,gi:17647979,1,0.4982527748009381
gi:21687092,gi:28573551,1,0.794752135692595
gi:19920922,gi:24663548,1,0.6195039220631687
gi:20130405,gi:24643010,1,0.5533002054998467
P05389,gi:24646440,1,0.4981464607806407
gi:24646860,gi:28571593,1,0.5570222763861622
P08570,gi:21358101,1,0.5406058686661807
P07207,gi:30923613,1,0.4291946917013649
gi:19920912,gi:21358247,1,0.5383210866020685
gi:18859751,gi:21355869,1,0.6390105508527361
gi:24640951,gi:24657678,1,0.2869879392080977
gi:19920746,gi:19922390,1,0.37570026019909813
gi:21358039,gi:24651203,1,0.5257426978131413
gi:21357387,gi:24638625,1,0.5270782431280551
gi:19920798,gi:21358535,1,0.5771142208584825
gi:17647735,gi:24641921,1,0.8185101186460585
gi:21356003,gi:21357311,1,0.5120337457045169
gi:24643110,gi:24645344,1,0.4347616058294241
P48149,gi:24584198,1,0.4222681187115554
gi:24640430,gi:24667760,1,0.5074565555035095
gi:21355807,gi:24638927,1,0.5500607080037392
gi:19921312,gi:24651610,1,0.6577286592108412
Q9VMA2,gi:20129835,1,0.5280370648764318
gi:20130399,gi:24638625,1,0.5075985202359015
Q9W553,gi:24642267,1,0.5494198713242386
Q9XYN7,gi:24661140,1,0.4767914341179487
gi:19922670,gi:24654471,1,0.47958662603352775
P25007,gi:24639183,1,0.4613543880932007
gi:19922444,gi:24652290,1,0.5628715918485238
gi:21357711,gi:24658714,1,0.38542828719381605
gi:24640973,gi:24655674,1,0.7701601290220031
gi:24584030,gi:24586176,1,0.4439507488200339
P02835,gi:24667829,1,0.4781618658510756
gi:17137696,gi:21356655,1,0.4111068733106744
gi:17136948,gi:24641148,1,0.5266770797537644
Q9VNE9,gi:24762726,1,0.45536434139866255
gi:21358103,gi:24655053,1,0.45175325538338085
gi:17137488,gi:18858209,1,0.555236586978797
gi:24583803,gi:24663228,1,0.4082708928054742
gi:17137216,gi:24653649,1,0.5222269641367422
gi:21357711,gi:24586237,1,0.4895962712470305
gi:18860521,gi:19921250,1,0.5431380548942786
Q24133,gi:24648253,1,0.5460970473452907
P18171,gi:24640527,1,0.5063843981344284
Q9NJH0,gi:24581467,1,0.5257719392733166
gi:24663047,gi:24665583,1,0.6020448435918152
P36975,gi:24638845,1,0.4043450918958899
O16797,gi:24583474,1,0.5277447770666885
O16797,gi:24655053,1,0.5774777732538378
gi:18859679,gi:24646430,1,0.49753683225995
gi:17737917,gi:21355657,1,0.4543602993692202
Q9W0K7,gi:24585499,1,0.4153069690993711
gi:22026831,gi:28571341,1,0.48017003439338096
P17886,gi:19922516,1,0.5769689800290011
gi:24642884,gi:24649646,1,0.6102600301056784
gi:24644642,gi:28571615,1,0.46786629194513196
gi:24653350,gi:24656785,1,0.42255862126051297
Q24423,gi:24641449,1,0.542555143708641
gi:24638625,gi:24639687,1,0.5433857754584651
gi:17137650,gi:24653674,1,0.40820228341537534
gi:18859833,gi:24642808,1,0.6163541304644038
gi:24639571,gi:24642261,1,0.4231480221994879
gi:24656959,gi:24667063,1,0.48193923920378445
gi:24643702,gi:24648755,1,0.4728954998234237
gi:24646365,gi:24664257,1,0.4162382149222208
Q24564,gi:24661864,1,0.5784159089776422
gi:24650084,gi:24661467,1,0.5486562289083081
gi:17864162,gi:21357211,1,0.45504203363175516
gi:24639782,gi:24661707,1,0.36884966897077354
gi:24645869,gi:24652641,1,0.4093394576455522
P41126,gi:24648294,1,0.4730003014311773
P00528,gi:19921798,1,0.5713865461435113
gi:24581719,gi:24651247,1,0.4989919806629715
gi:24645182,gi:24663118,1,0.6111580191405721
gi:17933722,gi:19921582,1,0.5387602614818079
gi:17137220,gi:17864162,1,0.5780212252233118
Q8IN81,gi:28558748,1,0.539121877397706
P82910,gi:28574284,1,0.5312132922800635
P29503,P40796,1,0.34370044852516635
gi:24584645,gi:24642267,1,0.5099199543699585
gi:24646664,gi:24651028,1,0.4922301526419255
gi:24640172,gi:24655067,1,0.4394951992823511
gi:24643755,gi:24656820,1,0.5419213357119558
gi:18860011,gi:21357481,1,0.5110538593735939
P13395,P36241,1,0.6377323134652045
gi:20128797,gi:24643303,1,0.5812130984414812
P07181,gi:24666886,1,0.530001669256751
Q8IGR0,gi:24659237,1,0.52251231192967
gi:24650263,gi:24654441,1,0.529926358055392
P54733,gi:24648824,1,0.5760271595895553
O77264,gi:24654441,1,0.5127051911955469
gi:19922620,gi:24659451,1,0.3203644718437674
Q9VAD6,gi:28574009,1,0.5348250441937676
gi:21355965,gi:21356311,1,0.5258455243618625
gi:18543285,gi:24584828,1,0.5499901694610081
P40427,Q24251,1,0.5103886336721036
Q8INW0,gi:24651690,1,0.5656392855169916
gi:24580839,gi:24641068,1,0.5592603501134666
gi:20129835,gi:24652235,1,0.5755198917838416
P22058,gi:24582926,1,0.4091518058895041
gi:18860011,gi:24647498,1,0.5103554678579505
gi:17136732,gi:19920984,1,0.5697209609387492
gi:21357051,gi:24646365,1,0.4456256012278051
Q9W5R8,gi:28574939,1,0.5221728682629093
Q9Y0I1,gi:24649620,1,0.4983222066616506
Q27350,gi:24648617,1,0.4878783505432401
O18640,gi:24647582,1,0.4583189564561312
gi:24647137,gi:24649025,1,0.6341544253730467
gi:24581467,gi:24666096,1,0.5538313330161393
P10379,gi:24639885,1,0.474285519480644
P82910,gi:28572963,1,0.4990695789625864
gi:18859889,gi:24666524,1,0.7196550350252638
gi:24642763,gi:28574886,1,0.5388711117604622
gi:24644116,gi:28571447,1,0.48165210457408003
gi:18921123,gi:21358053,1,0.38939684528781016
gi:17647523,gi:24646410,1,0.5099232028132702
gi:24586550,gi:24666886,1,0.49567406051549345
Q9VXX8,gi:19922328,1,0.2049563156627031
gi:20428641,gi:24649427,1,0.53161135559569
gi:24639548,gi:24656262,1,0.5297778933886477
gi:24642233,gi:24654843,1,0.5309182463265443
gi:21355719,gi:24648536,1,0.44849773358903994
gi:24660416,gi:24663462,1,0.5167888689221397
gi:20130247,gi:24666442,1,0.39680543603150703
gi:24642561,gi:24658927,1,0.45813255766163496
gi:24581626,gi:24639715,1,0.47044366987120995
gi:17136698,gi:24580836,1,0.503102232223541
gi:20130085,gi:24661002,1,0.4705649334037809
gi:24661625,gi:28573278,1,0.4176914216489674
gi:21355383,gi:28574414,1,0.476525869072245
gi:24586562,gi:24650829,1,0.7190784501037084
gi:17137648,gi:24668042,1,0.47317887847614926
gi:24580815,gi:24582219,1,0.549386490483782
P08182,gi:21356361,1,0.4895881840359973
gi:17136968,gi:17933532,1,0.5573575894327212
gi:18859953,gi:21355139,1,0.5454281231893291
gi:24666274,gi:28573830,1,0.500241881151396
gi:18543215,gi:24662330,1,0.4592327980638684
Q8INW0,gi:24661359,1,0.6220387322089856
gi:19920676,gi:24646827,1,0.5438898372022685
gi:17647699,gi:24582096,1,0.5609963193754187
gi:19921566,gi:24584828,1,0.5630951043424878
Q9VMW8,gi:24640683,1,0.5997147834204052
Q01644,gi:24639904,1,0.9093867965700753
gi:17136294,gi:24652999,1,0.510201544640404
P29742,gi:24641689,1,0.5511906067272386
P20354,P40320,1,0.46634837753119024
gi:24648776,gi:24665172,1,0.2728435908895659
gi:19920696,gi:22026831,1,0.47853886472469176
P02824,gi:28574284,1,0.5331328535163556
gi:18860521,gi:21355617,1,0.4929282921271205
gi:24655245,gi:28574597,1,0.5389760793325692
gi:21355331,gi:21357723,1,0.4583606413485208
gi:19921458,gi:24662048,1,0.4520213189004605
Q24564,gi:24651703,1,0.5015843968651182
gi:19920386,gi:24582270,1,0.46031239332749363
gi:24654017,gi:24668321,1,0.4734562247141186
gi:18858125,gi:24648828,1,0.4545024310634736
gi:17647911,gi:24584835,1,0.6266850001804118
gi:24644250,gi:24665154,1,0.4440672994090109
gi:21356265,gi:24641209,1,0.5423684125288604
gi:17647891,gi:24649994,1,0.4573618664172998
P08111,gi:24656486,1,0.5469931365541769
gi:24580672,gi:28574726,1,0.5192868759650014
gi:20129961,gi:24643413,1,0.4656577146806411
gi:21357117,gi:24642361,1,0.3754149769566506
gi:17737533,gi:24657019,1,0.43597298258367073
gi:19921060,gi:24642559,1,0.5064906002030868
gi:20130007,gi:24655502,1,0.3613276382215223
gi:24638894,gi:24643270,1,0.5362134192357374
gi:24648905,gi:24649663,1,0.5733581289064557
gi:24582283,gi:24646611,1,0.5240272061406522
gi:17137788,gi:20130017,1,0.4444283413215956
gi:24583312,gi:24659992,1,0.46780518164872253
gi:19920594,gi:24667089,1,0.5267353830660352
gi:24642517,gi:24646312,1,0.49177586490606784
gi:20128985,gi:21355643,1,0.5248275438843528
gi:24640578,gi:24656644,1,0.43276821135290916
P13060,gi:24642367,1,0.5169894555729333
gi:21358587,gi:24647779,1,0.4986076089049732
gi:24643755,gi:24644880,1,0.4475630516859456
gi:24667063,gi:28573879,1,0.5039814307802722
Q9VSS2,gi:21356873,1,0.4630283272524488
P25867,gi:24584167,1,0.4520257466196677
gi:24585428,gi:24649202,1,0.5994512318206665
P48593,gi:20129701,1,0.38088560701772073
P52295,gi:19920696,1,0.5421137938301009
gi:20130399,gi:28574582,1,0.5610499728369622
gi:19921588,gi:24663275,1,0.5382756703678335
gi:21356979,gi:24646860,1,0.4872930449735307
gi:24652684,gi:24654749,1,0.32646333966832386
P91615,gi:21355581,1,0.5824259553023077
P08181,gi:28571396,1,0.4083276494184744
gi:17738243,gi:24641449,1,0.461868709291891
Q9VCR6,gi:24657689,1,0.5466771723714744
gi:24654996,gi:24655741,1,0.4457691683582077
gi:24647334,gi:24648828,1,0.4304420483224403
gi:20128911,gi:24648063,1,0.6118923371534348
gi:17137188,gi:24640713,1,0.5551336666722374
gi:18543215,gi:24647864,1,0.576899637186471
Q9XZT6,gi:24666702,1,0.5289234546786041
Q94524,gi:24581901,1,0.4885429511479485
P07207,gi:21356895,1,0.35596700085481714
P09087,gi:28574876,1,0.6293708097948651
O76924,gi:19920954,1,0.4133935193511208
gi:18859939,gi:21355243,1,0.4207854722282725
gi:21356777,gi:24582294,1,0.5245011704716938
Q03017,gi:21358205,1,0.5665444427355414
gi:17647155,gi:24639988,1,0.43990201963072156
Q8T053,gi:24762757,1,0.5019886914919574
gi:19921242,gi:28573850,1,0.5479483807080284
gi:17137752,gi:24663462,1,0.635312788238762
gi:24583747,gi:24640672,1,0.41583966497893476
Q9XTM1,gi:24639705,1,0.5028172094106194
gi:18543271,gi:21357711,1,0.4740242786691411
P17276,gi:24654530,1,0.5285333097995002
gi:17864162,gi:24647137,1,0.523522985268584
gi:24653791,gi:24665661,1,0.4845113875160535
gi:24585618,gi:28571445,1,0.5345538600826112
gi:24581310,gi:24660710,1,0.5460035023731752
gi:24645817,gi:24663462,1,0.5165437226313968
gi:18858189,gi:24640672,1,0.706925698465644
gi:24647609,gi:28572129,1,0.49653761891409565
gi:19921552,gi:21356055,1,0.5172931519118081
gi:21358275,gi:24643243,1,0.5605521394504154
gi:19920568,gi:24652463,1,0.4761137055884443
P27716,gi:17738153,1,0.5778853550816382
Q8IGR0,gi:24582182,1,0.4664401242660795
P02839,gi:24642808,1,0.6916620626462248
gi:17137700,gi:28573674,1,0.48385553114184865
gi:17137740,gi:24645951,1,0.580287682094275
gi:17137560,gi:24646962,1,0.49848898284817733
gi:20129061,gi:24666753,1,0.4467316346107133
P23757,gi:24583917,1,0.565888123560898
P11455,Q8INW0,1,0.579101826569993
gi:24653741,gi:24661332,1,0.5358046856618202
gi:24653649,gi:24655741,1,0.46202389402324134
gi:24645157,gi:28571537,1,0.4775797572588641
P14734,Q9VAN0,1,0.48302165764894306
P39413,gi:24655153,1,0.44038480749675235
Q95YI5,gi:24649452,1,0.42565449882393114
gi:24642276,gi:28573278,1,0.5143038975917671
gi:24642517,gi:28574316,1,0.431233124614844
gi:21357017,gi:24642586,1,0.528054604932117
gi:20129527,gi:30923613,1,0.45307474950332843
P06601,gi:28573795,1,0.5236758808123236
gi:24649646,gi:24661263,1,0.46739877270154917
gi:24640513,gi:24664817,1,0.6002533478244382
P91943,Q9VGI8,1,0.5104796013390633
Q9V407,gi:24647285,1,0.44765084632703683
gi:17137514,gi:24641056,1,0.5252444889678924
gi:24639609,gi:24657218,1,0.5621778627725685
gi:20129357,gi:24648484,1,0.4085422563480136
gi:24652112,gi:24666850,1,0.5470644233860116
gi:17530793,gi:24646283,1,0.5102234621036141
O46036,gi:17737723,1,0.5683457515285099
gi:24643110,gi:28573278,1,0.43450973227058864
gi:24581719,gi:24641561,1,0.5573148958943716
P00528,gi:24665193,1,0.40490799722855814
gi:24642267,gi:28571451,1,0.5251223251965672
Q9VUR3,gi:17136276,1,0.5441486827489606
O46036,gi:24663901,1,0.4794732220196485
gi:18543285,gi:21355123,1,0.4102699068636266
gi:21357917,gi:24664458,1,0.45297757007034056
gi:24646114,gi:24651937,1,0.3577142588480061
gi:18543295,gi:19922816,1,0.5272571427148028
gi:24641045,gi:24645621,1,0.48547793597064254
gi:17647911,gi:19921530,1,0.23200795445431183
gi:19920776,gi:24582858,1,0.49890506639316123
P08182,gi:19922274,1,0.5004269491997402
gi:24641919,gi:24654172,1,0.28207910994129004
gi:24640672,gi:28574391,1,0.5079365341065896
gi:18859973,gi:24638872,1,0.45736946070606094
gi:19920876,gi:24581719,1,0.5167979767686108
P22700,gi:24642301,1,0.5024730053973072
gi:19921694,gi:24645413,1,0.4344603733709938
gi:24639705,gi:24643447,1,0.4649667109406947
gi:24643634,gi:24647759,1,0.6073756904045603
gi:21356453,gi:24762383,1,0.7212476265775379
Q9VVN2,gi:24583567,1,0.7021184905095269
gi:18859825,gi:24654854,1,0.556998738817242
gi:19921652,gi:19921672,1,0.4839453407175523
gi:24639301,gi:28572124,1,0.3634315927549314
gi:20129563,gi:24647143,1,0.44704801648144593
gi:17137760,gi:24580788,1,0.4763169803494522
Q24180,gi:24655778,1,0.5407093511868865
P17886,gi:28573019,1,0.5415684116185656
gi:24648289,gi:24660416,1,0.5094150242458042
gi:24586371,gi:28574726,1,0.496314771822501
Q9W2N0,gi:24651028,1,0.49283258651392564
Q8MSF5,gi:19921270,1,0.5382259454251982
gi:17864566,gi:24583394,1,0.5070491549494502
gi:21358527,gi:24657782,1,0.41710515555573213
P13607,gi:28574582,1,0.4659920411815116
gi:24650356,gi:28574582,1,0.6424464768406786
gi:24582104,gi:24668704,1,0.5053027774455764
gi:19920370,gi:24640181,1,0.561703159143158
gi:17137574,gi:21356415,1,0.4760973241034043
gi:21355673,gi:24651944,1,0.6450370100137147
P08570,gi:24646410,1,0.5010030145642662
gi:19921244,gi:21356337,1,0.45670046750963633
O46106,gi:24581314,1,0.5144491889557242
P29681,gi:28571819,1,0.48698100840221514
O02195,gi:24653096,1,0.4941005934283591
gi:20130175,gi:24639519,1,0.5083668538215249
Q24133,Q9VPH7,1,0.627634345583248
gi:21356211,gi:24650074,1,0.443777053868953
P18502,gi:24653810,1,0.4960408127230153
gi:17137224,gi:24642276,1,0.5818698799967891
Q24141,gi:21356337,1,0.4806004192517147
gi:24580804,gi:24656959,1,0.4764876794188592
gi:24582714,gi:24640268,1,0.4959895262393096
gi:19920706,gi:24640506,1,0.446480600146096
gi:24657019,gi:28573799,1,0.43123053226092056
gi:17136732,gi:24648308,1,0.5694067883069419
gi:24648207,gi:24648946,1,0.4216323862772625
P05552,gi:24645148,1,0.4500264031330007
gi:20130277,gi:24665135,1,0.36031393859776983
O17445,gi:24654996,1,0.3857529561480003
gi:19922000,gi:24639187,1,0.5356192571383359
gi:24649695,gi:24662048,1,0.30935324733923436
gi:19922626,gi:24649911,1,0.47781701683495365
P10734,gi:17137168,1,0.4768900926964684
gi:17136262,gi:17137760,1,0.4652518569937289
Q06559,gi:18859961,1,0.3677182359589237
Q94899,gi:24648459,1,0.4676614291661206
O18640,gi:20129481,1,0.6004178101461073
gi:17933694,gi:28573662,1,0.5260539825183368
gi:21357711,gi:24655888,1,0.38286769231338424
gi:18543285,gi:24645053,1,0.4881039120023588
gi:19922166,gi:24648514,1,0.48889453493838136
gi:17136524,gi:24655644,1,0.558337855167349
gi:24646190,gi:24648942,1,0.6019341555907174
gi:24639687,gi:24666818,1,0.4834477092502103
gi:21357903,gi:28571100,1,0.4795559948879519
Q8IGR0,gi:24640672,1,0.575554380632548
gi:24641014,gi:28572158,1,0.5248473784860436
gi:23308611,gi:24654530,1,0.542650297191687
gi:20128841,gi:28574886,1,0.4826774496222382
gi:24640625,gi:24656494,1,0.3822041910239037
gi:24583531,gi:24659188,1,0.43390875467409207
gi:24583965,gi:24586240,1,0.46095730617615066
P82910,gi:21355911,1,0.47315794074029793
P48609,gi:24640494,1,0.5511980239634809
gi:19922206,gi:24639808,1,0.5502641110923412
gi:24655153,gi:24668642,1,0.5073981954905527
gi:17136820,gi:20128841,1,0.525585911252805
gi:17737425,gi:24663246,1,0.5083841714533692
gi:21357781,gi:24582294,1,0.4946819358024546
gi:21356995,gi:24581719,1,0.41963476829539353
gi:21355799,gi:24652235,1,0.5202904401507098
gi:21355521,gi:24643170,1,0.5120005466522494
gi:17137752,gi:24641280,1,0.5628023934289547
gi:24580731,gi:24649039,1,0.5142519030509622
gi:24645921,gi:28573781,1,0.4251961890710732
gi:17136862,gi:24643303,1,0.5420431245817919
P41093,gi:24639649,1,0.6772027548483981
P25008,gi:24663352,1,0.5016384733287188
gi:24583803,gi:24652686,1,0.47623829238245563
gi:24646729,gi:28571658,1,0.5064384539242466
gi:19920696,gi:28571218,1,0.5059404199084202
gi:17647899,gi:19922144,1,0.5260996009388252
gi:24667837,gi:28571660,1,0.5101049667645335
gi:19923004,gi:24662583,1,0.5053073191771147
O17445,gi:24585156,1,0.4311911554320961
gi:19922328,gi:21356029,1,0.4381088094376421
gi:24640353,gi:24663039,1,0.6103238527386221
P02839,gi:24657782,1,0.5226130855847665
gi:24585242,gi:24640268,1,0.530457780706584
gi:24639711,gi:24641280,1,0.4816066480169567
P23023,gi:24667876,1,0.5878559817378987
P49905,Q9VN93,1,0.5511206648312025
gi:24582306,gi:24762701,1,0.39250408673300474
gi:21357211,gi:24652680,1,0.6661103569288019
gi:28574582,gi:28574764,1,0.4368070465934134
Q8T498,gi:21356337,1,0.5003645232439627
gi:17933676,gi:24656938,1,0.5974225162621871
gi:24651149,gi:28571891,1,0.5031434951693958
P11147,gi:24638862,1,0.5004147181352153
gi:21955276,gi:24644880,1,0.5048833023629571
gi:21358039,gi:28573563,1,0.5121538709981454
gi:24648289,gi:24651688,1,0.3992534742739406
gi:21687092,gi:24663599,1,0.45119735796989063
gi:24585618,gi:24649695,1,0.28126579131395557
gi:24582672,gi:24583332,1,0.29866960486102434
gi:24580712,gi:24647566,1,0.44409133150279867
Q24564,gi:24655034,1,0.47834488822746307
gi:21355909,gi:24665583,1,0.5233958660652756
gi:24650473,gi:24666240,1,0.508171474636976
Q9W3C1,gi:24653988,1,0.47595845038041185
Q9V3I1,gi:24585499,1,0.5162561186141723
Q9VQ62,gi:28572129,1,0.492209986550263
Q24260,gi:24584547,1,0.5996571863867028
P13607,gi:21358161,1,0.5293262847515501
gi:20128811,gi:28573173,1,0.42326097183046346
gi:24650148,gi:24650263,1,0.43293176969898267
gi:17137074,gi:28573893,1,0.4387759184242531
gi:24647609,gi:24668194,1,0.5341840285744061
gi:17647979,gi:28573563,1,0.4966617052498711
gi:21357915,gi:24654479,1,0.7626570096855655
gi:17864566,gi:24646884,1,0.6030167096994762
P15364,gi:24582746,1,0.47907738001398487
gi:18857963,gi:24654086,1,0.4709358854442225
gi:18859973,gi:24643118,1,0.5101551761363609
gi:24642235,gi:24646312,1,0.5132748091753243
O46341,gi:24656273,1,0.5378428949905835
P10987,gi:24646440,1,0.5321701324713047
Q24404,gi:24639705,1,0.455827069721426
gi:17933704,gi:21356995,1,0.45511797464430215
gi:24581626,gi:24641302,1,0.5119371917615789
P00034,gi:24652686,1,0.5109040847993866
gi:24584039,gi:24646940,1,0.5093763671057273
P19538,P29742,1,0.5189737680759146
gi:21357305,gi:24647468,1,0.5268623615345183
gi:18859635,gi:24639301,1,0.9422704281069962
gi:24661662,gi:24667117,1,0.6334986758222718
P48591,gi:21355205,1,0.5048373240802441
gi:24641404,gi:28573563,1,0.495033116548519
P09775,Q01068,1,0.5578712835035768
gi:20129157,gi:21357761,1,0.5333564198108722
P51123,Q01083,1,0.4749766865577085
gi:24582006,gi:24662753,1,0.5394459020589113
Q24404,gi:24583929,1,0.4571910624585656
gi:24640264,gi:24655245,1,0.4833563715510441
Q9VJV9,gi:18858161,1,0.47109201952276986
gi:24645621,gi:24647952,1,0.5652072113790824
P22807,gi:24643447,1,0.6094212884357414
gi:17137438,gi:24647356,1,0.5655960616560621
gi:24651303,gi:28572963,1,0.4155562309095319
gi:24646774,gi:24658229,1,0.43409455078645287
gi:20129291,gi:24651703,1,0.4492877038748699
gi:17137740,gi:24643375,1,0.508774958375855
gi:17137196,gi:24762594,1,0.5518887990682156
gi:24649183,gi:24654854,1,0.7268697918643234
gi:24646593,gi:24656644,1,0.6052600362672215
gi:19922526,gi:28573544,1,0.4826640545482811
gi:24643476,gi:28571506,1,0.4642740515747712
gi:17136914,gi:24659237,1,0.5247844695032478
gi:17864622,gi:24583965,1,0.6321089986299018
gi:17136830,gi:24659868,1,0.4960859192543194
P36188,gi:24666913,1,0.3558155250622559
gi:19922640,gi:30923526,1,0.5054702590284588
Q9V407,gi:24583312,1,0.49583839060139007
Q24253,gi:20129209,1,0.3980450516825605
gi:18858189,gi:24665657,1,0.34183563267160294
P45889,gi:21355167,1,0.5275774671685278
gi:19920928,gi:24659188,1,0.44394207211689507
gi:21355663,gi:24582106,1,0.4071988734983739
gi:24584287,gi:24641831,1,0.6122556757868205
gi:24655741,gi:24658229,1,0.33990439650681775
gi:24662650,gi:24762816,1,0.3793370534787739
gi:20130261,gi:24659237,1,0.5830509504423032
gi:21357147,gi:28573310,1,0.48798044074698704
P23696,gi:28573264,1,0.5529631639848404
gi:19921554,gi:24650634,1,0.43195083843794435
O97420,gi:21355085,1,0.5098613573603312
gi:24582339,gi:24638976,1,0.46318825336681874
P17704,gi:24581976,1,0.49456407060100926
P17886,gi:21357953,1,0.6152102747375334
gi:24582219,gi:24642615,1,0.46331787069394137
gi:22024244,gi:24648042,1,0.3405829947581443
gi:17136212,gi:24655170,1,0.6389202268653096
P10041,gi:24649007,1,0.6536000222214461
P29052,gi:20130017,1,0.5241329622018375
gi:20129291,gi:24583310,1,0.39165214273924953
P04814,gi:24762594,1,0.4925342378581485
gi:20130281,gi:24638708,1,0.4676081618577905
gi:24650284,gi:24668346,1,0.4638213685228645
gi:17136732,gi:24582879,1,0.5478597357953089
gi:24639936,gi:24643497,1,0.5958336440351786
gi:24580712,gi:24649164,1,0.4834699387374512
gi:17136732,gi:24666240,1,0.4865083793174385
gi:24656168,gi:24666826,1,0.485619301800921
Q02645,gi:24655537,1,0.4428233679950992
O76924,gi:17647739,1,0.47814305267654134
Q9VJZ7,gi:24584776,1,0.6179435400641249
gi:17136732,gi:21358569,1,0.4546328577645649
P10084,P18491,1,0.4269100835960786
P36241,gi:21355873,1,0.8238579788378891
gi:24643110,gi:24650658,1,0.5115531367010887
gi:21358465,gi:24649283,1,0.4394174987280169
gi:24581339,gi:24585681,1,0.49935742853511583
gi:24646073,gi:24646090,1,0.5240382056393292
gi:24644073,gi:24667917,1,0.7166936528453783
gi:17647155,gi:28574009,1,0.4389878608151939
gi:21356797,gi:24646318,1,0.4954641065631763
gi:24639210,gi:24645887,1,0.4427343557013371
gi:24639496,gi:24646337,1,0.4540791248626156
P18102,gi:24646146,1,0.5173445884617933
gi:24643118,gi:24657782,1,0.5274178547348916
Q24133,gi:24657052,1,0.5613845351221124
Q94524,gi:28574997,1,0.36347784629931745
P40427,gi:17136216,1,0.48422154780112714
Q24404,gi:24642134,1,0.8752599101564046
gi:24585242,gi:24642884,1,0.5070959077981547
gi:17137582,gi:19922526,1,0.531814981053602
gi:24585943,gi:28574635,1,0.5776815130623593
Q9XYN7,gi:24585215,1,0.5319560346340156
gi:24645769,gi:24652344,1,0.4077396907766529
gi:21357871,gi:24585240,1,0.4541085714012587
gi:24652733,gi:24660923,1,0.5482909203266837
gi:20130139,gi:24661332,1,0.48342675548681563
P47938,gi:17136286,1,0.4440097177707594
gi:19922714,gi:24585327,1,0.44691330466735923
gi:18858007,gi:21355869,1,0.45077392791790877
gi:24655474,gi:24664469,1,0.5119756124793167
gi:24646860,gi:24648136,1,0.4890764222121962
gi:19922248,gi:21355603,1,0.44052241862498237
P19538,gi:17647589,1,0.5003701727930983
gi:17137234,gi:24652825,1,0.5552212376858213
gi:19922458,gi:24581987,1,0.4362100555917946
gi:24582283,gi:24583279,1,0.5037256269790059
Q9W1C9,gi:19920696,1,0.38994409084583764
gi:24581582,gi:24651671,1,0.5056908412604945
gi:24649345,gi:28574284,1,0.5082566127171226
gi:24646090,gi:24653791,1,0.5134866951211853
Q9W5R5,gi:20129301,1,0.5693532375609325
gi:20130151,gi:24638864,1,0.5154762320966382
gi:17136698,gi:24667917,1,0.5076308296382388
gi:24640704,gi:24762491,1,0.4560731706868575
O76924,gi:17864542,1,0.5066138869837331
gi:17136934,gi:19921530,1,0.5748184415111519
gi:28573173,gi:28573264,1,0.4293122318533545
gi:19921306,gi:21357969,1,0.5215786064347179
O16797,gi:18859825,1,0.46965549833713943
Q24251,gi:24661084,1,0.44098193216167403
gi:18857963,gi:24642517,1,0.4527907662398777
gi:24650035,gi:24656275,1,0.34416524116468467
gi:21358003,gi:24638845,1,0.5893658881681406
P92201,gi:21358103,1,0.45642908128805454
gi:24650035,gi:30923655,1,0.5502593813348404
gi:17647181,gi:20130017,1,0.5825897016451097
gi:24663242,gi:28573799,1,0.5488017844714556
P02307,gi:24658110,1,0.5653452794478289
gi:20129227,gi:21355125,1,0.39956147331418873
gi:18858043,gi:24655701,1,0.5484943628997441
gi:24641121,gi:28574284,1,0.47849433692522786
P49905,gi:24654325,1,0.538851633099011
Q24564,gi:24659892,1,0.48099080345144996
gi:17737433,gi:21356121,1,0.5598705881008937
gi:19920464,gi:24649059,1,0.553433277249171
O61345,gi:24647233,1,0.5554666079266903
gi:24642799,gi:24659237,1,0.4463353923226832
gi:24642276,gi:24659451,1,0.5058955007510576
gi:24646232,gi:24647687,1,0.35644394043903815
gi:17647581,gi:24649519,1,0.48327901215794755
P18502,gi:24647609,1,0.5028246856103761
gi:24664399,gi:24665583,1,0.5267112586133994
gi:24583332,gi:24648828,1,0.3604676058378202
O44424,gi:24657684,1,0.4848218327837802
gi:17137620,gi:24646970,1,0.5853573245578492
gi:17986183,gi:24652818,1,0.537873805053608
P20227,P51123,1,0.4918736157205065
gi:24640994,gi:24658861,1,0.5781205697702889
Q24404,Q9VMW8,1,0.48758490391593895
gi:21356727,gi:24650208,1,0.5409743252446478
gi:18858117,gi:24641434,1,0.3797768782890033
gi:24662044,gi:24662431,1,0.5871515518822593
gi:20129499,gi:24654082,1,0.5041637557390852
gi:24642267,gi:24643755,1,0.5071401739130366
gi:24643118,gi:28574406,1,0.5204048230298944
gi:24643578,gi:24649383,1,0.5442597418455325
gi:24580731,gi:24648127,1,0.5102490912781023
gi:20130049,gi:24646365,1,0.5290428214410601
gi:24585618,gi:24643151,1,0.5677984155505932
Q02748,gi:24641561,1,0.5343432971470355
gi:18859657,gi:24655474,1,0.5155659904994828
gi:24583067,gi:24641449,1,0.555388690135475
gi:17136368,gi:24656486,1,0.49372186063079443
gi:24582306,gi:24652785,1,0.5560724724125827
gi:21355631,gi:24657218,1,0.6050954670175844
gi:18858073,gi:18858205,1,0.543687685296531
gi:24653805,gi:24663462,1,0.6283309274427948
Q9W5R8,gi:24641790,1,0.550311877487258
gi:19921710,gi:24653743,1,0.5744375255146948
gi:19922274,gi:24664004,1,0.4001422939928935
gi:24641790,gi:24646724,1,0.4829473766360431
gi:24638845,gi:24643729,1,0.6359636427613682
gi:24649452,gi:24762726,1,0.3924478328879724
gi:18859693,gi:24643312,1,0.4721333662668673
gi:24642037,gi:24652295,1,0.4849591793964399
Q9XTM1,gi:24645011,1,0.5095028211788178
gi:21355361,gi:24640747,1,0.5270429445637537
gi:21356073,gi:28574371,1,0.5305639688148086
gi:20130067,gi:24584167,1,0.4294333915086212
gi:22024283,gi:28571447,1,0.39558310098967364
gi:24581061,gi:24640570,1,0.7215261669262547
gi:20129527,gi:28572154,1,0.45328781419776076
gi:17137650,gi:24641085,1,0.5222216221991066
gi:24639124,gi:24667089,1,0.48912907905859326
gi:21356995,gi:24648329,1,0.5162001895516866
Q9VG82,gi:24667246,1,0.40984954015858804
Q9Y1A3,gi:21358569,1,0.4455247925740759
gi:24648461,gi:24652720,1,0.6881644312555677
gi:18859953,gi:20129291,1,0.41684883070327833
gi:24642263,gi:24645728,1,0.45200634228443026
gi:24643516,gi:24653350,1,0.7288938340358271
gi:20128797,gi:24585871,1,0.6133602122116691
gi:18543325,gi:28573934,1,0.49061125289302165
gi:17738243,gi:24640353,1,0.5307798206152292
gi:18860545,gi:21358099,1,0.31238630924216554
gi:18543293,gi:24659272,1,0.49662682175091244
Q9VN93,gi:24584835,1,0.47782108955304686
P22807,Q01644,1,0.6128988025348705
gi:22024114,gi:24652785,1,0.4485721663779189
gi:20129705,gi:24642703,1,0.5860018348970724
gi:24647779,gi:24653497,1,0.4535364874214012
gi:24641831,gi:24652882,1,0.591313671972832
Q03017,Q24564,1,0.45176699400102643
gi:24642021,gi:28573125,1,0.37656808460414565
gi:24648294,gi:24655741,1,0.46304735488302723
gi:24586105,gi:24647008,1,0.5286046150497848
gi:24644093,gi:28571615,1,0.34744151137346746
gi:24645869,gi:28574472,1,0.5521335165846063
gi:19920406,gi:24648896,1,0.49843027515376415
Q9W2U9,gi:24655568,1,0.5997860901704049
gi:20129067,gi:20130085,1,0.4026504388806297
gi:24646436,gi:24762726,1,0.48841376205457
gi:17136268,gi:24666794,1,0.26150069692458827
gi:21356645,gi:24639782,1,0.4530382330130564
gi:24639705,gi:24644819,1,0.5513036472969854
Q9W1C9,gi:19921566,1,0.4933436619320475
gi:24640430,gi:24649735,1,0.4603742276386249
gi:17647523,gi:20129705,1,0.44939251735858754
gi:21356183,gi:24666053,1,0.46063842713504066
gi:21356191,gi:24661359,1,0.4225544731264871
gi:17864630,gi:24649087,1,0.46899516044275474
P13008,gi:19920376,1,0.4638540537089073
P02518,gi:24646212,1,0.46862830263229965
gi:19920406,gi:24643634,1,0.5195998955377514
gi:18858161,gi:24664000,1,0.5434844891960379
gi:24582554,gi:24647789,1,0.5257345081230596
P35415,gi:24643516,1,0.7124360161418549
gi:24648981,gi:24652733,1,0.5529597961569264
Q9W5H8,gi:21357023,1,0.5176319505697121
gi:24639883,gi:24656954,1,0.5345156777939111
gi:24638609,gi:24644242,1,0.4743992197101453
gi:17647155,gi:24642019,1,0.4747731482698257
P16371,Q01071,1,0.33718665832453804
Q24260,gi:24642547,1,0.49066565559545705
gi:24585840,gi:28573563,1,0.4597463756554759
gi:19921506,gi:24647385,1,0.5864293990796532
gi:17864566,gi:18859877,1,0.5442073932802304
gi:18543285,gi:24650420,1,0.5328765045424126
gi:24651986,gi:28571125,1,0.5507380682036562
Q9VPS5,gi:28574432,1,0.46166671825787076
Q9VVX3,gi:24585236,1,0.5749663030710856
gi:17136854,gi:24663462,1,0.44757459168113833
Q9V675,gi:20129291,1,0.5233679784504299
gi:24585154,gi:24585926,1,0.45366155597233276
gi:24581719,gi:24639687,1,0.5069186520233679
gi:19920344,gi:24648615,1,0.44926327593295795
gi:17933748,gi:24762771,1,0.54713759162408
O97394,gi:24645581,1,0.4987884101673656
P29742,P48609,1,0.49273463377207505
Q8IN94,Q9XTM1,1,0.39385269405988227
gi:21356069,gi:28571819,1,0.3687347897129946
gi:24585990,gi:24640635,1,0.5198304768961667
gi:24654595,gi:28558748,1,0.5106237304923537
gi:19921332,gi:24656490,1,0.38999581129383876
gi:21355349,gi:28571965,1,0.5025688482482866
gi:24641624,gi:24643437,1,0.47138242836735883
gi:17136378,gi:20129499,1,0.45220161135286147
gi:21356061,gi:26080381,1,0.49080865947617897
gi:24580674,gi:24639782,1,0.48931499926806893
P40417,gi:24644764,1,0.5297787683640783
gi:17933630,gi:24650467,1,0.44881744012407987
gi:17530857,gi:21357799,1,0.37354475260548814
gi:24583067,gi:28574726,1,0.5387256072506562
gi:21356723,gi:24644253,1,0.4622903759582127
gi:24650829,gi:28572963,1,0.31070997470035006
gi:21356031,gi:24662765,1,0.3979468564595748
gi:21357761,gi:24649697,1,0.5322592485039771
gi:18858205,gi:21357643,1,0.5036706648316176
gi:18860537,gi:24668309,1,0.5200667043370574
gi:19920584,gi:19920776,1,0.5525346280239513
gi:24585343,gi:24643437,1,0.404805576838723
Q02361,gi:24649824,1,0.4774698198100695
Q9VC49,gi:24641689,1,0.5608023349056763
gi:24586562,gi:24643447,1,0.6667523664245834
gi:17137564,gi:22024283,1,0.5233884092826727
gi:17352479,gi:24652930,1,0.5265468966178032
gi:21357653,gi:24643516,1,0.5588700797950218
gi:24584236,gi:24658342,1,0.5724975428402751
gi:24644242,gi:24645053,1,0.5290021464215974
gi:19920696,gi:24650348,1,0.5507689191408982
gi:18859851,gi:24584828,1,0.5561315730192931
gi:19922274,gi:24657344,1,0.49491206210139893
gi:21357799,gi:24659237,1,0.5212256424804766
gi:24585681,gi:28574582,1,0.40910036892779184
P13095,gi:17137644,1,0.43700253993583904
gi:24580861,gi:24585448,1,0.5179076921727853
gi:24645585,gi:24648896,1,0.43989872230696414
gi:17136698,gi:19920978,1,0.4655326861949079
gi:21356019,gi:21356221,1,0.37590566725740543
gi:19920692,gi:24660555,1,0.47508728374030335
P15330,gi:24646386,1,0.4909999979376123
gi:21356645,gi:24580731,1,0.5112488797520977
gi:24586591,gi:24762582,1,0.4529990460525565
gi:24643168,gi:24658086,1,0.31797205410897683
gi:18860537,gi:24583294,1,0.5529807091128612
gi:24652268,gi:28573207,1,0.4547909006129661
gi:18921125,gi:24647823,1,0.37949730519210956
gi:19921030,gi:19921372,1,0.43530117237042554
gi:17864566,gi:24646404,1,0.489492092782266
Q9W1Y7,gi:28573466,1,0.5431812633239633
P39736,gi:21355719,1,0.4652511565072252
gi:17137616,gi:20428641,1,0.561014787547919
Q24562,gi:24644250,1,0.5522120737278042
gi:17647503,gi:24581339,1,0.5496204263068278
gi:18859947,gi:24584536,1,0.20100348488427017
gi:21355641,gi:24585205,1,0.522407149338945
P25843,gi:20130017,1,0.5728969954888264
P15364,gi:17136342,1,0.503266426116727
gi:24642261,gi:24653645,1,0.39083072185499357
gi:20130175,gi:21357147,1,0.5215353475825112
Q9W0P5,gi:28573850,1,0.5143193325756367
gi:24656859,gi:24665297,1,0.5227219914192551
gi:17136820,gi:28573662,1,0.5055195010552845
Q03334,gi:24654441,1,0.465059069811402
gi:24655153,gi:28574443,1,0.41087730672038253
gi:20130085,gi:24654891,1,0.4415465790154149
gi:21356739,gi:21358145,1,0.5165956944175548
gi:24639715,gi:24644214,1,0.5475956928490076
gi:24585795,gi:24655679,1,0.44790728890609677
O18640,P40301,1,0.5338440298447759
gi:17738089,gi:24642267,1,0.49791858035309605
gi:19921250,gi:24643516,1,0.4573510614773186
gi:24653999,gi:24659182,1,0.4498159416157967
Q9VFC8,gi:24583208,1,0.5983418323896011
gi:24581155,gi:24649236,1,0.4358980932003655
gi:24652436,gi:24661136,1,0.6253278067453202
gi:24642884,gi:24645951,1,0.6265529410156575
gi:17864328,gi:24581484,1,0.40656221254549296
gi:21355783,gi:21355785,1,0.6297862051520667
P41093,gi:18859771,1,0.4284390360894212
Q24207,gi:24644675,1,0.7214523118128553
gi:21356771,gi:24640785,1,0.5647543851350973
gi:20129441,gi:28572129,1,0.4746044037997234
Q9VSH3,gi:24653302,1,0.4474939712047573
gi:24641555,gi:24660416,1,0.5312909460877604
P02824,gi:24663027,1,0.4155014580904191
gi:19922814,gi:28572129,1,0.5419128351983473
gi:21357019,gi:24641689,1,0.5687657549736886
Q06559,gi:21356965,1,0.47698859551597633
gi:24638927,gi:24652825,1,0.532097994454749
P54359,gi:24666240,1,0.49605999046960464
gi:21356733,gi:24645177,1,0.5546113126489057
gi:17737989,gi:20129591,1,0.5291514623148131
gi:24643312,gi:24658567,1,0.5058443287425097
gi:21357677,gi:24641831,1,0.5188437307708964
Q24564,gi:24638862,1,0.5213115359697988
gi:24638625,gi:24660583,1,0.5064443974840306
gi:17137168,gi:24642484,1,0.4996647664849711
gi:24641209,gi:28574920,1,0.4731647879179665
gi:21687092,gi:24644337,1,0.4555508346830678
gi:18858161,gi:24580927,1,0.48026251299846934
gi:24586193,gi:24644797,1,0.3219404146202987
P18502,Q24400,1,0.4192888666411512
P07713,gi:17864460,1,0.4735342992323265
gi:20129277,gi:24667258,1,0.5632668400714973
gi:17137536,gi:20130085,1,0.5403692058578408
gi:20128797,gi:24648253,1,0.6201892011432725
gi:24642267,gi:24653614,1,0.4915853677940247
gi:24639301,gi:24665160,1,0.805481080203506
gi:24641363,gi:28574228,1,0.5130686465274544
gi:21355869,gi:24582487,1,0.358735369150686
gi:24650202,gi:24657961,1,0.5420143819568257
gi:18859803,gi:28573310,1,0.49133426715541434
gi:19921238,gi:24648828,1,0.44705518315975806
Q9VPS5,gi:18859953,1,0.4900915592823994
P25724,gi:24648294,1,0.4434475796224944
gi:19922144,gi:24663481,1,0.6012156180879084
Q06559,gi:19920692,1,0.5495245565386058
gi:24667117,gi:28571678,1,0.4398748522360161
gi:17864246,gi:21355733,1,0.5323008596528651
gi:19921312,gi:24640817,1,0.5302927173362592
O44783,Q04787,1,0.5497907284594921
P09089,P42003,1,0.5811185097632172
gi:17136506,gi:24654335,1,0.5072270300888405
gi:18543183,gi:18859947,1,0.5326699216307412
Q24570,gi:24644917,1,0.32920167005214684
gi:17136732,gi:21355361,1,0.570855427421965
gi:24648946,gi:24666323,1,0.5327415264186439
P17886,gi:24644422,1,0.5359536583725779
gi:17136524,gi:24658459,1,0.46532258818861577
Q00748,gi:20128797,1,0.5095227778168165
Q9NJH0,gi:24585375,1,0.5800192742522629
gi:24657763,gi:24665135,1,0.6536609939637753
gi:24581467,gi:24644349,1,0.4800225447041004
P10084,Q01068,1,0.562775771550383
P00034,gi:24646199,1,0.42488366629829544
gi:17137352,gi:28574284,1,0.45362913744906985
P52295,gi:24649236,1,0.5180901986957855
Q95RI5,gi:24639782,1,0.36209182139957075
gi:23308611,gi:24663657,1,0.531251490829279
gi:24639414,gi:24647779,1,0.42957135443268235
gi:24638845,gi:24660927,1,0.5747527678925948
gi:24646410,gi:24647137,1,0.4580232487384116
gi:19921030,gi:24585147,1,0.5304487343324535
gi:20129165,gi:24666694,1,0.5637598752962153
gi:24650202,gi:24651303,1,0.5393668234122118
P17276,gi:24639304,1,0.5336797662809887
P16371,Q961V5,1,0.4861597311201668
Q94524,gi:21355181,1,0.5471235451859864
P17971,gi:18859691,1,0.5209483959853578
gi:24662729,gi:24667238,1,0.5797417857255145
gi:24642703,gi:24645177,1,0.6523621711859622
O96860,gi:24640994,1,0.5614610884581203
gi:17137196,gi:17737549,1,0.5201451724892336
gi:24585242,gi:24644119,1,0.521143303623786
Q24564,Q9VCR6,1,0.3518487357961873
gi:24648484,gi:24667117,1,0.6870751052501789
Q24564,gi:24666905,1,0.5277358789601718
gi:24582540,gi:24656431,1,0.5551455177048568
gi:19549546,gi:24649618,1,0.527712900637135
gi:18858007,gi:21687206,1,0.5094271592672324
gi:18859807,gi:24641673,1,0.5457793777716293
P25171,gi:17136692,1,0.46089783066263185
gi:17647581,gi:24655153,1,0.5465039804863359
gi:24641251,gi:24648294,1,0.48886098220049307
Q9W1Y7,gi:21357439,1,0.5420292630100972
gi:19922620,gi:28573466,1,0.5754722322724591
P48588,gi:21355673,1,0.4798642174089786
gi:21355811,gi:24581572,1,0.5997584626118291
Q24117,gi:24581719,1,0.6037005263346577
gi:24641042,gi:24648207,1,0.29386632402666135
gi:17136720,gi:24648615,1,0.43692674202996246
gi:21356785,gi:24586167,1,0.588362662649299
gi:18859735,gi:28573278,1,0.43712763259640197
P45594,gi:28574764,1,0.49272153805038116
gi:20130397,gi:28574707,1,0.5506978857291829
P08630,gi:19920776,1,0.5436706350505442
Q9VLU0,gi:24656431,1,0.5594658835468935
gi:24582008,gi:24665583,1,0.5116502750089084
gi:19920826,gi:24585943,1,0.48440277246655916
gi:24656938,gi:24661136,1,0.5049626952809053
gi:19921030,gi:24581155,1,0.480627142975993
gi:20128797,gi:28571506,1,0.6809659953930928
O02649,gi:24655850,1,0.5414011601994523
gi:24648294,gi:24653270,1,0.5037982971703601
gi:24663325,gi:28573195,1,0.5872809407453493
gi:24650758,gi:28572977,1,0.4752764252052558
gi:17136268,gi:24654677,1,0.5615017045849019
Q9VHI4,gi:17136732,1,0.462229994212634
P48588,gi:24654479,1,0.8215181736902333
gi:24651303,gi:28571689,1,0.7535152060287036
P13060,Q9XYN7,1,0.500934163147296
P07185,gi:24581842,1,0.43898426288205633
gi:24647897,gi:28574564,1,0.4766214502573944
Q24207,gi:21357861,1,0.5628203768113992
gi:18860521,gi:24582172,1,0.4995866074877768
gi:18543299,gi:19921346,1,0.4685611911537964
O46036,gi:17136258,1,0.5098043868862593
gi:17137692,gi:24646318,1,0.5445453733682125
gi:24641790,gi:24652542,1,0.43305188042982423
gi:21357871,gi:24661830,1,0.528132905749068
gi:21358103,gi:24662626,1,0.44582676354762274
gi:22026898,gi:24583061,1,0.4964141430855696
gi:19922502,gi:24581998,1,0.5327274953122001
gi:24581662,gi:24645182,1,0.5921487357917086
gi:21355477,gi:21357677,1,0.45901244795803675
gi:19922144,gi:24642523,1,0.57635471034456
gi:21355581,gi:24642301,1,0.546028576398755
gi:24664023,gi:28573095,1,0.380918915556128
P40320,gi:24650747,1,0.5153069094644012
gi:21357761,gi:28574767,1,0.5024133290855289
gi:18543273,gi:21355885,1,0.4401433253931467
gi:24644250,gi:24652897,1,0.5522977566190218
gi:17738243,gi:23397621,1,0.44222238399724934
gi:20128985,gi:24638845,1,0.4176812678256484
O44081,gi:18859635,1,0.3161042115926954
P11147,gi:28574555,1,0.510607325840108
Q9VU02,gi:24639448,1,0.6168208462812553
gi:24639715,gi:24655187,1,0.6105424964189523
gi:24652386,gi:28573115,1,0.51993843697414
gi:24644093,gi:28574582,1,0.7360593223624702
gi:24658040,gi:24665049,1,0.42228209460350313
gi:24583208,gi:24654644,1,0.5147061219796768
gi:20128811,gi:24663462,1,0.511897574826028
O46036,gi:28571707,1,0.5207403101846293
gi:21355513,gi:24582962,1,0.4736895198666187
gi:24581155,gi:24667258,1,0.34558553693046257
gi:17530857,gi:17647581,1,0.3863032260289828
Q9XZS4,gi:24659237,1,0.511252674246414
O77051,P25171,1,0.5181169551568762
gi:24665331,gi:28571447,1,0.48551914947337604
P48149,gi:19920376,1,0.6665683167602088
Q9V447,gi:24585974,1,0.4868871070891692
gi:24643118,gi:24648690,1,0.5582358135846168
gi:24586506,gi:24647819,1,0.5078660049977919
gi:24656926,gi:24663500,1,0.4499783014937547
gi:24582962,gi:28572057,1,0.440206640559797
Q9XYQ2,gi:24656938,1,0.459576449762822
gi:24580927,gi:24649210,1,0.49646611569324905
gi:21357953,gi:21358481,1,0.5869983597041524
gi:17137764,gi:18859929,1,0.45408910757574444
gi:22024126,gi:24581939,1,0.47665249942586363
gi:19922144,gi:20130199,1,0.6517915873800606
P40657,gi:24638978,1,0.4844536127800609
gi:17136692,gi:24661625,1,0.4591460822534984
gi:18857963,gi:24656161,1,0.4754124263934403
gi:21357669,gi:24647786,1,0.5124434329462976
gi:19921554,gi:24652344,1,0.4603791448777831
gi:21357761,gi:24665587,1,0.4494410045600027
gi:17647723,gi:24638691,1,0.5168530991509522
Q01842,gi:24661759,1,0.35365579038904976
gi:24648682,gi:24666240,1,0.49469236450300363
gi:19921230,gi:24583965,1,0.505339173958343
gi:18858205,gi:20129227,1,0.4140588806771654
gi:19920776,gi:24580965,1,0.4835445402118737
gi:24580597,gi:24656168,1,0.43816307462391757
Q94524,gi:28572094,1,0.44449364653080303
P55828,gi:20130399,1,0.5706647034384108
gi:17136536,gi:24649911,1,0.39376694926743644
gi:24642922,gi:28573563,1,0.4791722467698106
gi:17737805,gi:28571108,1,0.6129803119140649
gi:17933722,gi:24648461,1,0.538751896801334
P00528,gi:24663831,1,0.5016211278165562
gi:17737533,gi:18858055,1,0.42430774580685054
P15330,gi:24580572,1,0.40204565472277787
gi:17137454,gi:28574150,1,0.49499547698382007
P17886,gi:24655034,1,0.48955654543834204
gi:19920358,gi:28574010,1,0.5478921331312335
gi:24580513,gi:24667600,1,0.5509835439805353
gi:18543285,gi:24648484,1,0.3482365058251251
P28159,gi:24658567,1,0.48152828450138546
gi:19922106,gi:24582006,1,0.5050051691540022
gi:17933736,gi:21355909,1,0.5324579809329638
Q9V8K2,gi:24647609,1,0.4206392653527554
gi:24647222,gi:24664355,1,0.5399104226513809
gi:17136898,gi:20128797,1,0.5827541914142111
Q9VNE9,gi:24582182,1,0.48577203058858004
gi:24583965,gi:24654595,1,0.5280431648688785
gi:24582306,gi:28573483,1,0.5381963367930126
gi:17137452,gi:17986069,1,0.4326468575215419
P23023,gi:24667258,1,0.7347167497485978
gi:24651395,gi:24652218,1,0.4281686005456283
gi:24644797,gi:24652999,1,0.71492732954666
P13096,Q01068,1,0.5161878231293924
gi:24639573,gi:24642814,1,0.5104059042715082
gi:17864566,gi:24655930,1,0.7696886842848787
gi:24583919,gi:24653385,1,0.455169995212336
gi:24647430,gi:24665229,1,0.3958705593117655
gi:18543285,gi:24667760,1,0.5711841646041942
gi:20129165,gi:24651629,1,0.35457460678891295
gi:17647155,gi:20130321,1,0.4455815744054515
gi:21357017,gi:21357387,1,0.5850811077412776
P04052,gi:24647779,1,0.5245006498637296
gi:19921162,gi:28573799,1,0.40327287810972684
gi:24640855,gi:30923711,1,0.5580903916313259
gi:24652897,gi:24659451,1,0.49131363620830326
Q9VXK0,gi:24641831,1,0.4971396250129627
gi:24649844,gi:24658993,1,0.5451043654797575
gi:24583965,gi:24656168,1,0.4982684442692728
gi:24583360,gi:24663292,1,0.4799319525720522
P23696,gi:24643312,1,0.49011271122413846
gi:17137710,gi:24665932,1,0.4393435921439676
gi:17933606,gi:17986155,1,0.5597533072858245
gi:21355535,gi:21355909,1,0.41823956937452483
gi:24647779,gi:24663031,1,0.5313233055724569
gi:24641480,gi:24762471,1,0.5609417579068448
gi:17647179,gi:19922620,1,0.7113905010246062
gi:17136864,gi:17647279,1,0.6175376044101424
gi:24650747,gi:24650914,1,0.5175204285037868
gi:24648592,gi:24762701,1,0.5122855769886365
gi:21357915,gi:24653057,1,0.4369529086505745
P41073,gi:28573590,1,0.46010641366064503
gi:21356121,gi:24646365,1,0.5672357529917045
gi:24643702,gi:24658772,1,0.5546321461812362
gi:24583965,gi:24641729,1,0.5231250699156123
gi:24655252,gi:24659194,1,0.49953421639762696
P23380,gi:24580815,1,0.3856633416954957
P32100,gi:20129527,1,0.5081325754578839
Q24167,gi:24665657,1,0.49021120081879493
O16130,gi:24640527,1,0.5246790723660285
P19538,gi:19922464,1,0.4372094963818653
Q8INW0,gi:24667876,1,0.6484725068866577
Q9W2M2,gi:28571412,1,0.5008511988903613
Q9Y0I1,gi:24654245,1,0.5361427001356835
gi:24585147,gi:24640817,1,0.4869972528803454
Q9XTM1,gi:24648329,1,0.5582544773387742
gi:20130049,gi:24655850,1,0.421756221631205
gi:20129055,gi:20129903,1,0.4540125070437667
gi:17136920,gi:24662650,1,0.48872826060419816
gi:21356595,gi:24658177,1,0.5523923227473696
gi:24645817,gi:24653649,1,0.48782705045702734
gi:17647979,gi:24645413,1,0.5236417777498698
P22700,gi:17864566,1,0.46422658970165254
P92208,gi:24639601,1,0.44975409872368294
gi:20130417,gi:24665141,1,0.5219725536790218
gi:24649114,gi:24654854,1,0.6079712781981989
gi:20129301,gi:24655170,1,0.6305142210365647
gi:24652720,gi:24665095,1,0.3954273806159927
gi:19920896,gi:21357387,1,0.5399265269962211
O18373,gi:24644214,1,0.5277907088998965
gi:24650248,gi:24665172,1,0.44156963994576554
gi:21355811,gi:24641919,1,0.754959853435355
gi:24647885,gi:24655153,1,0.601342321613756
Q9XYM0,gi:24641578,1,0.5348386296001241
O76908,gi:17864622,1,0.6262602284468389
gi:17530825,gi:21357419,1,0.5016827101580177
gi:20128863,gi:21355683,1,0.5168606075175803
gi:24646073,gi:24655741,1,0.4717567248872905
P13097,gi:19920546,1,0.5662171798086841
gi:24667063,gi:28573010,1,0.5506286013131637
P32100,gi:21358631,1,0.5468892438599576
gi:21357669,gi:24653791,1,0.42449404608575003
gi:24649427,gi:24656275,1,0.48807708494785
gi:20129061,gi:24648563,1,0.46696703717668286
gi:20130377,gi:24639782,1,0.48527804898507143
O96860,gi:24650084,1,0.593309578524711
gi:24642517,gi:24649692,1,0.5461919698691691
gi:24642517,gi:24661140,1,0.4655660501884833
P18502,gi:24660872,1,0.5029990803974844
gi:19920696,gi:24644880,1,0.4706887973138208
gi:18543183,gi:18859635,1,0.37043190249937724
Q9U3Z7,gi:21357953,1,0.42759074828118926
gi:24638718,gi:24646369,1,0.5380422387563376
gi:19922418,gi:21356481,1,0.4984880620267402
P15330,gi:23397623,1,0.520807632291159
Q9W3R7,gi:20129427,1,0.4834618102914782
gi:20129745,gi:28573893,1,0.5334560804904853
gi:24584798,gi:24665172,1,0.322189143332697
gi:17137296,gi:24648401,1,0.532123591886094
P19538,gi:24656802,1,0.4187939066887849
gi:17933704,gi:24661455,1,0.5352900681792195
Q01842,gi:24663462,1,0.4771856541114809
O46036,Q9VPS5,1,0.4914319266385885
gi:24581901,gi:24639782,1,0.42772889507340495
P55828,gi:24645300,1,0.5352348046092033
gi:24641555,gi:24656938,1,0.5321296460732111
P12613,gi:21355923,1,0.38853445306832524
gi:24647858,gi:24661136,1,0.4160058214976601
gi:17647645,gi:21357871,1,0.5472857246334037
gi:24639796,gi:24651703,1,0.5684906273384417
gi:24583803,gi:24650340,1,0.4613438133727799
gi:19920692,gi:24655759,1,0.5544663481769712
gi:19922708,gi:24642074,1,0.45751531566263237
gi:17864676,gi:28573717,1,0.4179165100681277
P48603,gi:17737302,1,0.4698927286012762
gi:24642172,gi:24654595,1,0.5270085171725029
gi:19921312,gi:21357781,1,0.5475933820361365
gi:24643118,gi:28573937,1,0.5344672320327173
gi:17136212,gi:24659237,1,0.5603046270448697
gi:24581944,gi:24643207,1,0.5380011251679827
gi:19920572,gi:24654441,1,0.48609250217296807
gi:19922252,gi:24645236,1,0.5720632023727037
gi:21358381,gi:28573662,1,0.5504169108120776
gi:24580806,gi:24581719,1,0.4225282218908279
P41375,gi:24656093,1,0.4631094613216811
gi:18543285,gi:28572057,1,0.4914357931876861
gi:24644950,gi:24645413,1,0.5293426799560211
gi:20130425,gi:24583312,1,0.5563742246688925
gi:17136258,gi:24641689,1,0.5078059375181757
gi:24638982,gi:28573195,1,0.5305932389484765
Q9XYN7,gi:24585358,1,0.5829515613570138
gi:24649519,gi:24652733,1,0.47457886062062493
Q9W1C9,gi:24642611,1,0.440403895085023
P54622,gi:20128911,1,0.4665944450826631
gi:17137710,gi:24641919,1,0.5177375857011349
P43248,gi:17986155,1,0.5268766903829816
gi:19921672,gi:24642792,1,0.48159072817792037
gi:24640114,gi:24654578,1,0.48699066656567797
gi:21358077,gi:28573879,1,0.5512317234407027
O97067,gi:24666850,1,0.5445255690376303
gi:24646899,gi:28571565,1,0.5460027849400576
Q9VFC8,gi:24581719,1,0.562011357339353
gi:24584494,gi:24650311,1,0.5458683663255228
gi:21356383,gi:24663672,1,0.33364069108753724
gi:24638625,gi:24647143,1,0.4859495662776814
gi:17137710,gi:28573954,1,0.49461294719937265
gi:17137692,gi:24646365,1,0.5177466016875942
gi:20128863,gi:24584547,1,0.5727089687880894
gi:24582306,gi:24654471,1,0.5189821068121333
gi:19920706,gi:21357861,1,0.46645558324103625
gi:17136920,gi:23397623,1,0.44389101683239646
gi:24650758,gi:24663500,1,0.5196285752255979
Q8SYG3,gi:24582283,1,0.5133726324263614
gi:19922030,gi:20130277,1,0.35169289200833537
Q9V597,gi:21357211,1,0.325023716978476
gi:18859671,gi:24657153,1,0.5486247736491826
Q9VFP1,gi:24584673,1,0.47508791757373176
Q8INW0,gi:24640510,1,0.5104587907150993
gi:24647601,gi:28573576,1,0.48240364081165044
gi:20130425,gi:24585730,1,0.5696058244575417
gi:24582212,gi:24650358,1,0.5142842511256464
Q9W1C9,gi:24638995,1,0.3781729679876006
gi:21355851,gi:24581600,1,0.566420527731124
P10041,gi:18543325,1,0.49655950263296844
P14734,gi:24584547,1,0.5459815103927126
P18459,gi:18543215,1,0.37857114996979946
gi:24643595,gi:24659237,1,0.49723464968918846
gi:20128863,gi:24643447,1,0.5755266548557468
gi:24640566,gi:24641344,1,0.5648705985673419
gi:24642662,gi:24647143,1,0.527584081118098
gi:19922186,gi:24654325,1,0.4832810218338282
gi:24582592,gi:24651599,1,0.24382346146618958
P50245,gi:24668018,1,0.5093495754738225
Q8INW0,gi:24646212,1,0.5764755730891282
gi:19920586,gi:24654162,1,0.5566126442945404
gi:24650469,gi:28571447,1,0.5214091756509247
gi:24641689,gi:28574284,1,0.6170407383571792
gi:24645528,gi:24655606,1,0.6265095384579901
P39413,gi:21357761,1,0.4617139075577637
gi:21357471,gi:21687222,1,0.4716100442958911
gi:21358025,gi:24640119,1,0.43870563645134036
Q24133,gi:24581939,1,0.5205511827405671
gi:17137692,gi:19922904,1,0.4577858380061748
gi:17136780,gi:19922668,1,0.5013828262307801
gi:24649564,gi:24655121,1,0.4859385499150974
gi:19920746,gi:24665193,1,0.4522079988653498
gi:24649210,gi:24649895,1,0.5416330238974281
Q05856,gi:24582248,1,0.4297435428249274
Q9VQQ9,gi:24658719,1,0.54762251633451
gi:24647786,gi:24663336,1,0.5319364137827642
gi:24643447,gi:24645553,1,0.47450438158521285
P18502,gi:24644599,1,0.5282877828268528
gi:19922260,gi:24651671,1,0.4331868205816982
gi:20128863,gi:24663462,1,0.4803447608593451
gi:17137572,gi:24662830,1,0.5200154765556642
gi:20128797,gi:20129835,1,0.6708080484385592
gi:21357951,gi:24646318,1,0.501431635075053
gi:17137616,gi:21356595,1,0.4486841759040726
gi:24642363,gi:24657351,1,0.6128080640885868
gi:19922544,gi:24667554,1,0.5303328655986504
P00034,gi:24646827,1,0.5030392819791392
gi:19920984,gi:24645583,1,0.4237471348514882
gi:18859869,gi:21955276,1,0.5728553211888341
gi:19920620,gi:24641689,1,0.6459348437456688
Q9VHS2,gi:21358467,1,0.5468697382907852
gi:24650124,gi:24654595,1,0.4591831982238694
O62622,gi:17933528,1,0.45551864265211506
gi:17137758,gi:17648053,1,0.45257210215545607
gi:24644675,gi:24661625,1,0.540360268707928
gi:18859825,gi:21357309,1,0.5795681701059111
gi:24648095,gi:24657023,1,0.5970344334583925
gi:21355995,gi:28571878,1,0.45196434502571725
gi:19920936,gi:24582116,1,0.5245919371264104
gi:24584534,gi:24640353,1,0.5222543328030215
Q9W123,gi:21355617,1,0.5843638226267628
gi:24646729,gi:24659254,1,0.4840030445044766
gi:18859635,gi:24667246,1,0.5296890470047757
P42325,gi:24650126,1,0.5049902584431067
P50887,gi:28571823,1,0.2768418334077695
gi:21357187,gi:24652652,1,0.3680511996118822
gi:24645653,gi:24648294,1,0.545619700845113
gi:17136830,gi:24580815,1,0.4161209647063563
P82910,gi:28574851,1,0.5168054921695102
gi:17647503,gi:24650346,1,0.5405802254121361
gi:18859847,gi:24645300,1,0.43088751452639484
gi:24586614,gi:24643634,1,0.6097302649145976
P07187,gi:24641115,1,0.5752563943682482
Q02361,gi:24581719,1,0.5428874355971488
gi:21358201,gi:28574391,1,0.5058048279309968
gi:17933722,gi:28573181,1,0.5055247402588531
gi:17136536,gi:24661359,1,0.5234726387134947
gi:24643083,gi:28573278,1,0.4612797400265016
Q9VMT6,gi:24642922,1,0.4784978237308482
P52304,gi:24650933,1,0.5317672919950187
gi:24649996,gi:24667063,1,0.5395373528695968
gi:24585154,gi:24656769,1,0.39747939892092127
gi:17137524,gi:24656168,1,0.4524322233743176
gi:17137220,gi:24660872,1,0.5440882080435098
gi:24644948,gi:24652686,1,0.5497186904572595
gi:24585618,gi:24661359,1,0.5744852901490685
Q24206,gi:24667117,1,0.5829531163260685
gi:24643702,gi:24644242,1,0.46029502146560813
gi:19922950,gi:24649007,1,0.607603417980504
gi:21356595,gi:28574950,1,0.5026677752772575
gi:19920688,gi:24649735,1,0.5504322475506851
gi:19920396,gi:24649473,1,0.4854024813731936
gi:21355869,gi:24653618,1,0.4075231519839503
P21914,gi:24646972,1,0.5256307687087398
gi:17647757,gi:24661689,1,0.4284322489394688
Q9W1M8,gi:21358481,1,0.4924744231882415
gi:28573607,gi:28574635,1,0.48065648639495195
gi:21357505,gi:24645513,1,0.47071200207492137
Q9VHI4,gi:24648461,1,0.4586698963580269
gi:17647677,gi:28571815,1,0.5569561474723854
gi:18858205,gi:19921738,1,0.503730388801321
P17886,gi:24643516,1,0.7520658181648331
P45437,gi:17647759,1,0.4801639684539389
gi:17137168,gi:21356221,1,0.452773987988313
gi:17647755,gi:19921566,1,0.5470127118537418
gi:19923032,gi:24645883,1,0.4657383187484918
gi:18859939,gi:24662288,1,0.5278240459484432
gi:24646593,gi:28574443,1,0.5594110025440268
P17886,gi:24649262,1,0.6600894546684706
gi:24644133,gi:24650311,1,0.5073369623663734
gi:19921834,gi:21355521,1,0.5249732143273321
gi:17137296,gi:17864566,1,0.574301925145837
gi:18859931,gi:28574909,1,0.4152811591918764
gi:19920406,gi:21357781,1,0.4934488301363095
gi:17647891,gi:24664191,1,0.46426415373814867
gi:17136286,gi:24639936,1,0.5508533673540655
gi:17137758,gi:28574009,1,0.4840368245039986
gi:24653096,gi:24660075,1,0.5052248201459736
gi:24654111,gi:28571885,1,0.5316728169651852
gi:17648085,gi:24648858,1,0.46654757804184727
P11455,gi:24582746,1,0.4846672121334688
gi:21357653,gi:24651212,1,0.5321565807592361
gi:24644051,gi:28573878,1,0.5042930230690668
gi:21358381,gi:24655606,1,0.6130171137313708
gi:17137696,gi:24640430,1,0.5577267426745927
gi:24581719,gi:24583724,1,0.5053399053503762
gi:17864162,gi:24649221,1,0.5831410736793211
gi:24644119,gi:28572057,1,0.3969314057815904
gi:20129967,gi:21355325,1,0.5684435678996134
gi:18857949,gi:24639299,1,0.3803059515644253
gi:19922030,gi:24762779,1,0.5186040746482129
gi:24642125,gi:28574582,1,0.37146604647776704
Q9V597,gi:24640119,1,0.6894490745697994
gi:24650070,gi:24651156,1,0.5292864645747292
gi:24646928,gi:28573278,1,0.5334564870311899
gi:24638644,gi:24641946,1,0.5377546893533837
gi:24581314,gi:24656820,1,0.47936530951407974
gi:20129903,gi:28573590,1,0.4817213804890441
O16797,gi:19921458,1,0.6205248044105417
P14785,gi:24762775,1,0.5419967088457165
P25992,gi:24665821,1,0.49746743398630355
gi:24583134,gi:24640005,1,0.4128477153379597
gi:17647383,gi:24667089,1,0.6200523649636559
gi:24580513,gi:24663292,1,0.5410920962993238
gi:20129835,gi:24656355,1,0.5169687241506497
P18289,gi:24655153,1,0.4029279210729171
gi:17864100,gi:24645148,1,0.6042893945831946
gi:17647645,gi:24585372,1,0.47024378431129416
gi:17137026,gi:24658822,1,0.5253088968929059
gi:24641732,gi:24650168,1,0.38241266767254534
gi:18859891,gi:24667917,1,0.3218667598021183
gi:24639748,gi:24648905,1,0.43928738443179816
gi:17737805,gi:19920396,1,0.255351269093801
P10987,gi:21357275,1,0.45652627169209886
gi:22024283,gi:24656938,1,0.5823780568021585
gi:24665565,gi:24665583,1,0.4774608593155901
Q24547,gi:17737503,1,0.48562363990562807
Q9V727,gi:21358465,1,0.6303134526215817
Q06559,gi:24585626,1,0.42269070848807766
P07666,gi:21358297,1,0.4988805335765838
Q9VPS5,gi:19921472,1,0.4672360980858826
gi:24661601,gi:26080455,1,0.5149836668862001
gi:17137648,gi:24650259,1,0.46589686011193415
gi:24655187,gi:24662048,1,0.5272776212971434
gi:24639448,gi:24663462,1,0.3843180738930578
gi:19922516,gi:20129481,1,0.37471301484442715
gi:24641798,gi:24646729,1,0.4580934929288512
P02824,gi:28572129,1,0.4958365692303402
gi:17136624,gi:18859977,1,0.509588636785173
P13097,gi:24654828,1,0.4996442960485225
P10041,gi:24643140,1,0.5386505915306034
gi:24586270,gi:24663228,1,0.5357332266560555
gi:17137616,gi:24638591,1,0.4693857539376183
gi:20128797,gi:21358423,1,0.5886216991448626
gi:19920692,gi:24642662,1,0.5382701077266999
gi:17137620,gi:21357129,1,0.6055973154361008
gi:17647503,gi:24658155,1,0.5491603276141073
P23696,gi:28573410,1,0.5215045246338578
gi:24580731,gi:24581465,1,0.5137244729983247
gi:20128841,gi:24651236,1,0.47551635396622405
P20480,gi:24581791,1,0.5716463216400748
gi:19920696,gi:24647689,1,0.50699005285783
P41094,gi:28574851,1,0.4913375619900458
gi:21357903,gi:24648828,1,0.6052181989549069
gi:17648021,gi:24585943,1,0.46035561165891065
gi:24585499,gi:24649942,1,0.5590791440966435
gi:19921778,gi:24657052,1,0.4642007328233326
gi:17136820,gi:17137454,1,0.5224412761520326
P48588,gi:20130045,1,0.47587731933507643
gi:18859679,gi:24640525,1,0.4843612258860538
gi:19921250,gi:24650186,1,0.5419401923673834
gi:18858039,gi:24658696,1,0.5457802011514842
gi:24642555,gi:24647498,1,0.7400233402550099
gi:24585282,gi:24655153,1,0.49899221425208756
gi:24649755,gi:24662231,1,0.647531852683213
gi:17136968,gi:19921946,1,0.49726601567132783
gi:24580914,gi:24647058,1,0.5153797666523714
gi:20128841,gi:24665950,1,0.43345606293836964
Q9VGX3,gi:17137344,1,0.36929453585973043
P52485,gi:24650377,1,0.5797517567678124
gi:24581155,gi:28573544,1,0.4913781903648609
gi:19921294,gi:24581854,1,0.40807579974903607
gi:22024244,gi:24640672,1,0.5579349802055745
gi:24642321,gi:24661432,1,0.5090728538860302
gi:24581578,gi:28574406,1,0.5307009549004222
gi:24649007,gi:24665583,1,0.47276567237906114
gi:24645553,gi:24652930,1,0.466999221807074
P91943,gi:21358455,1,0.48949286454646446
gi:19920436,gi:28574939,1,0.44488159897697677
gi:17738153,gi:24645339,1,0.5112754321741169
gi:17137578,gi:24645058,1,0.49474566866579694
gi:24654498,gi:24655406,1,0.3750929443735783
P17205,gi:24643312,1,0.4174005569568354
gi:19920906,gi:24647343,1,0.4733299880769626
P09491,gi:24650248,1,0.656209889837561
Q9VSS2,gi:17137572,1,0.5201302088618408
gi:21355869,gi:24666619,1,0.5215895671566988
Q06559,gi:24584056,1,0.5250227967110985
gi:24657747,gi:24666694,1,0.7012548065187953
gi:24648917,gi:26080381,1,0.5478381923491862
gi:19921244,gi:24762594,1,0.5184707781516904
gi:24581901,gi:28574529,1,0.6346124584990351
gi:19922640,gi:19922906,1,0.4452704577763033
gi:24581719,gi:24585033,1,0.515734508170532
P02518,gi:21355125,1,0.43324131746940886
gi:24642484,gi:24654383,1,0.5893551173407151
P91938,gi:28572057,1,0.4863463409170779
gi:17137026,gi:24583965,1,0.6131064972412017
gi:17647645,gi:24651339,1,0.5494164826419387
gi:17137398,gi:24583518,1,0.4790236978796886
P35005,gi:24658363,1,0.58176348362542
P15330,gi:17137444,1,0.5204122570135632
gi:20129705,gi:24584017,1,0.4248753360516252
P21461,P50882,1,0.49160758477645317
gi:17136810,gi:21355383,1,0.4830314070825016
gi:24649579,gi:24651703,1,0.5390709512745036
gi:24585795,gi:24640233,1,0.5518355996934678
O97067,gi:28573662,1,0.5376799312745235
gi:18858161,gi:24662713,1,0.47467764808668367
P16371,gi:24652762,1,0.5378195079883007
gi:19921326,gi:24656267,1,0.5579875175014841
Q9XTM1,gi:22026966,1,0.5556212359934771
gi:17136826,gi:24668650,1,0.5245071692252596
gi:18858161,gi:24646440,1,0.4782792830604877
O46036,gi:19920696,1,0.48901836955783956
gi:24641125,gi:24649025,1,0.5890324954883259
P07187,gi:21356799,1,0.5065886669820803
gi:18921171,gi:24663292,1,0.5092196192161844
gi:17137732,gi:24641831,1,0.5239595450022254
gi:24649114,gi:24665469,1,0.5954553825595769
gi:24641831,gi:28571762,1,0.4753539030438769
gi:18543285,gi:21355081,1,0.47010000247035477
P48609,gi:17647293,1,0.46741177778627907
gi:18860055,gi:24642233,1,0.4720888042784241
gi:17864566,gi:24642670,1,0.5260309849734679
gi:24583894,gi:24662155,1,0.5175308516317876
Q9VPS5,gi:24642826,1,0.46928729656031154
gi:24582224,gi:24646884,1,0.5757185422753244
gi:18859969,gi:24647779,1,0.5660537712036792
O46036,gi:24646758,1,0.5045014972718777
gi:24645058,gi:24649158,1,0.34220465480619094
gi:18859869,gi:24656694,1,0.6207396937083044
gi:23308611,gi:24657052,1,0.5931011445191234
gi:19920696,gi:20128847,1,0.5551724236493755
P29310,gi:24641718,1,0.4555815732097039
O18404,gi:24581499,1,0.5895855559180645
gi:17136536,gi:24585813,1,0.5070581600901944
gi:19922100,gi:24582516,1,0.512909067839258
Q24564,gi:18921145,1,0.5323104463701565
gi:24639812,gi:24645724,1,0.6307768836569184
gi:24584415,gi:24645724,1,0.5823916468529347
P08840,gi:24652101,1,0.481536479677211
gi:17136968,gi:24586371,1,0.5287763582151329
gi:17136914,gi:24582094,1,0.4669053153654091
Q23985,gi:24580817,1,0.426053051551062
gi:24581572,gi:24648101,1,0.7588802935552665
gi:21356031,gi:24580965,1,0.45980504827495133
gi:24642363,gi:24642697,1,0.5257401802266176
Q9W0K7,gi:21356595,1,0.474894075113145
P19109,gi:24663043,1,0.4601392106137663
P91938,gi:24655228,1,0.4966808045401786
gi:24584167,gi:24586585,1,0.4261136899611639
gi:21357455,gi:28573666,1,0.5255491440520206
gi:17975518,gi:28574582,1,0.5194360192438723
gi:21356117,gi:24582283,1,0.5359346821311806
gi:19920916,gi:24656312,1,0.5486148301175411
Q9XYP8,gi:20130313,1,0.5169756589246274
gi:24639195,gi:24641831,1,0.4960094348030678
gi:21355163,gi:24651377,1,0.44654249638057236
P07183,gi:24643156,1,0.6469061482768003
gi:24638750,gi:24640211,1,0.5168559556703713
gi:19922640,gi:24581429,1,0.528283170268235
P18502,gi:24762491,1,0.4697961809244594
gi:24646223,gi:24668302,1,0.5488014098189502
P19538,gi:20129741,1,0.5022345000845979
gi:17737551,gi:28573604,1,0.5627229447699803
P40427,gi:24640689,1,0.45226081112079963
P08181,gi:24580815,1,0.5646554715877684
gi:22026831,gi:24646365,1,0.47157704071852513
P36241,Q24117,1,0.582569094486307
gi:17137108,gi:24649175,1,0.5981186802699051
Q9VVA8,gi:24654769,1,0.3721092135506833
gi:21356945,gi:24641921,1,0.5252737945775547
Q24475,gi:17737759,1,0.44259304721801324
Q9NGC3,gi:21955276,1,0.5528813935627367
gi:20129565,gi:24645184,1,0.4890514780562643
gi:20128797,gi:24646972,1,0.662748805076758
gi:19921312,gi:24583919,1,0.466389005288068
P13097,gi:18543289,1,0.5226280881313222
gi:24655703,gi:28573729,1,0.4437920455793723
P25843,gi:21358131,1,0.584647317519999
gi:20128841,gi:28573278,1,0.4345927064004784
gi:22024283,gi:24643303,1,0.6226967683223715
gi:21357227,gi:24663127,1,0.41418053104530206
gi:24644797,gi:24663344,1,0.48824790812685276
O61348,gi:19920776,1,0.5130574434137303
gi:24580523,gi:24585681,1,0.4445507500482067
gi:24663657,gi:24668206,1,0.4947172091183211
gi:24642484,gi:24668006,1,0.5556265305935688
Q23985,gi:28574695,1,0.5242308501078677
gi:21357711,gi:24657747,1,0.5286222055602887
Q9W2N0,gi:24644242,1,0.5016244215582272
gi:24585158,gi:24649007,1,0.7423105583093816
gi:21356365,gi:24585071,1,0.5065464222088145
gi:24646073,gi:28573563,1,0.48757523792148977
gi:24645419,gi:24665657,1,0.6039800530580809
gi:19921294,gi:28573495,1,0.44839770230908893
gi:24641209,gi:24641919,1,0.5035244059659588
P48555,gi:28574997,1,0.6080048280815442
Q9VTE5,gi:24645921,1,0.5579630269389252
O77051,Q06559,1,0.5973097795498377
gi:21358247,gi:24640785,1,0.5048474005741567
gi:24642814,gi:24651185,1,0.5823015041447144
P41092,gi:19921710,1,0.5129078423399178
gi:17136994,gi:28571569,1,0.5401409038224074
gi:19921002,gi:19921312,1,0.6404752875666606
gi:24650346,gi:28571891,1,0.5772760921394444
Q9VGX3,gi:24642517,1,0.3772356224011441
gi:24644250,gi:24654383,1,0.5299929111496967
gi:18859703,gi:24658229,1,0.42198119218318847
gi:20129291,gi:24646073,1,0.44737744193772283
gi:20428641,gi:24647905,1,0.40380623019646
gi:20129385,gi:24665205,1,0.6472868029733114
O61443,gi:24645148,1,0.4607469658368749
gi:24643761,gi:24658567,1,0.5190543699623126
P11147,gi:24658772,1,0.4980332985370097
gi:24641045,gi:28558744,1,0.5379587704919002
gi:17864622,gi:24659237,1,0.6317380168527258
gi:24649158,gi:24652557,1,0.42411199874084515
gi:24582499,gi:24666972,1,0.5457222823212646
gi:19920940,gi:24580729,1,0.509177664920874
gi:21356265,gi:28571831,1,0.5444761283017396
gi:24584067,gi:24642233,1,0.4774806336177375
gi:24646908,gi:24653270,1,0.53374988028425
gi:18859953,gi:24654782,1,0.5136880008113723
gi:19923016,gi:24661359,1,0.32652822255780045
gi:24583279,gi:24584782,1,0.4893196983916311
gi:21357311,gi:24654530,1,0.5373856475059583
gi:17137156,gi:17137558,1,0.5252957046844772
Q960E8,gi:21356995,1,0.5055520080728931
P17917,gi:24642916,1,0.46875470799893315
gi:21356965,gi:24655293,1,0.49921751708788786
gi:17647653,gi:24647060,1,0.6993687687232452
gi:17647179,gi:24659451,1,0.3804804790845537
gi:24655474,gi:28574992,1,0.4843117983666661
gi:17137568,gi:24581314,1,0.42029181472157856
gi:17865634,gi:24638845,1,0.5918923864837483
gi:21357653,gi:24650873,1,0.5408365726339622
gi:24661359,gi:28573975,1,0.5489334670062105
gi:19922172,gi:21356743,1,0.5495123500542657
gi:24640785,gi:24662143,1,0.510195718292686
gi:20130169,gi:21355349,1,0.5310777201431842
gi:22024141,gi:24640510,1,0.5744525928237181
gi:24646273,gi:24656161,1,0.5239855999295673
gi:21358101,gi:28571787,1,0.4182876079005305
gi:24647137,gi:24649795,1,0.6073950942382025
P06002,gi:24639573,1,0.5163998775846033
gi:17737425,gi:24638609,1,0.42767297514901387
P35220,gi:21355911,1,0.4778323147809621
gi:18543285,gi:24641014,1,0.595973376313625
gi:17647939,gi:24651238,1,0.47855560749767884
P46824,gi:21356727,1,0.552981948388146
gi:24647638,gi:24660826,1,0.49064340892600766
gi:17530833,gi:24584039,1,0.5307101711601314
gi:17137620,gi:24649087,1,0.5976551555097859
O77051,gi:20129397,1,0.6029228083315814
gi:21355163,gi:22026831,1,0.597659836189443
gi:19922144,gi:24666619,1,0.5503119798445266
gi:21357023,gi:28571865,1,0.4560158511233739
gi:17136884,gi:21355471,1,0.5064264921998133
gi:21356391,gi:24583557,1,0.5518222622233389
gi:21356713,gi:24661336,1,0.5030002862820365
O44437,P13060,1,0.5627181531536593
gi:24641831,gi:24651281,1,0.4983636142275107
gi:24648150,gi:24668309,1,0.5962395254918271
gi:17986113,gi:24655577,1,0.5317223328468013
O44424,gi:24658927,1,0.4471550813666749
gi:17530833,gi:24581429,1,0.6171387853536405
O77259,gi:21357023,1,0.46696925760701474
gi:21355717,gi:24645855,1,0.5616879473253225
P02828,gi:24645581,1,0.5038993645899318
gi:24645887,gi:24654144,1,0.4693535858675202
P11147,gi:20129579,1,0.4871139832695746
P19538,gi:18858189,1,0.45174601074819426
gi:24664199,gi:24665221,1,0.44630311047643256
gi:17530957,gi:28574529,1,0.4212009524805575
gi:17136488,gi:17864398,1,0.540333600305574
gi:24660188,gi:28572977,1,0.5057404596405741
P13238,gi:21357761,1,0.4554090758548317
P29310,gi:24641085,1,0.5756956083012371
Q24133,gi:28573795,1,0.5863004929602673
P13060,gi:18858137,1,0.643163648673648
Q24320,gi:17737551,1,0.350141453706183
P45890,gi:24642794,1,0.574154244533751
gi:19920380,gi:24583965,1,0.5883183352003655
gi:20129901,gi:24641831,1,0.5375536294917075
gi:24585242,gi:24639988,1,0.5207440483774971
gi:28573347,gi:28574764,1,0.4623339252462088
gi:24582264,gi:24644719,1,0.5565638575643781
gi:21356361,gi:22024283,1,0.41725300184800695
gi:24641790,gi:24668631,1,0.4878283568546571
gi:21358599,gi:24666434,1,0.6599706437806558
gi:24583345,gi:24661359,1,0.4291117662214279
gi:24585156,gi:24639964,1,0.480040316490563
gi:20129603,gi:28571831,1,0.5198261423924618
gi:17137658,gi:28574893,1,0.5078190004739369
gi:24653422,gi:28573830,1,0.5873572862989981
gi:19921312,gi:24653894,1,0.3985918568497867
gi:21356859,gi:24646369,1,0.49612682869901725
P35005,gi:24651920,1,0.3886982717330612
gi:20128847,gi:24657747,1,0.5144135461135873
gi:17352479,gi:21358129,1,0.5648863725716274
gi:17137298,gi:24582283,1,0.535852365445295
Q9VTJ4,gi:24664979,1,0.5216854928467437
gi:17136556,gi:24646369,1,0.5519250437578266
gi:24642884,gi:28573173,1,0.5915304582581068
gi:21355205,gi:21356549,1,0.48475399527958796
gi:17137636,gi:24658681,1,0.390711614389242
gi:19922440,gi:24585158,1,0.4562649707464079
gi:21358603,gi:24643437,1,0.503974939673344
gi:17136732,gi:28573491,1,0.4214869389011276
gi:17648053,gi:24581879,1,0.44191567339979293
gi:21687206,gi:24641860,1,0.5857205190681095
gi:17137616,gi:24582088,1,0.48486833998185064
gi:21356363,gi:24641148,1,0.467059298712453
gi:24582383,gi:24647609,1,0.47113237007689723
gi:21356727,gi:23308611,1,0.45633881289637734
gi:21356337,gi:21358323,1,0.4870627938168961
Q24186,gi:28574939,1,0.5932677275660074
gi:17137454,gi:28573125,1,0.4452887021237288
gi:21355099,gi:21357417,1,0.4546885960629621
gi:24581686,gi:28571863,1,0.4007221513616346
gi:21355395,gi:24662973,1,0.3957789800133256
gi:24654595,gi:28574443,1,0.525673353779503
gi:21356995,gi:24640704,1,0.47449445963615045
P92208,gi:24652907,1,0.5549870400683616
gi:19922874,gi:24581939,1,0.4165075791046832
gi:24584736,gi:24662048,1,0.4409557690189928
gi:21955276,gi:24666524,1,0.34747898604854394
gi:24644498,gi:24652652,1,0.3378880823034696
Q24407,gi:24647233,1,0.6028975913693227
gi:24585240,gi:24648294,1,0.5970208174008594
Q9VSS7,gi:18543289,1,0.45912000853819446
gi:21357817,gi:28573486,1,0.46267015470658823
gi:20129853,gi:24584009,1,0.33565572852278797
gi:24580804,gi:24650747,1,0.46143805398455445
P32100,gi:19920876,1,0.537710693945356
gi:19922992,gi:21357903,1,0.5355943425354512
Q02361,gi:19922196,1,0.49301742291653633
Q8T053,gi:20129291,1,0.5362615965467062
Q8IGR0,gi:24641790,1,0.5716676754174638
P19538,gi:24582522,1,0.5540637715056933
P08570,Q94514,1,0.5419449467922294
gi:19920696,gi:21357621,1,0.4985999228414999
gi:24582962,gi:24646510,1,0.49037711246206445
gi:24645175,gi:24668321,1,0.4091976222097198
gi:17981755,gi:24665229,1,0.5951377323971193
gi:24582339,gi:24646611,1,0.5361015684471923
gi:20129907,gi:24640785,1,0.4901206795123324
gi:17137296,gi:18921125,1,0.46051932156135233
P55828,gi:24654934,1,0.44235063804022123
gi:17137760,gi:21356741,1,0.5286577429516083
gi:17136732,gi:17864630,1,0.5880222517686506
gi:24583873,gi:24655577,1,0.5499167233257481
gi:20129745,gi:24650284,1,0.5165288243485242
gi:24638954,gi:30923711,1,0.49176104046034497
P20354,gi:24640435,1,0.5376685611014969
gi:19921504,gi:24582306,1,0.5536695964562864
P82910,gi:24665583,1,0.489338505406499
gi:24651247,gi:24659237,1,0.5350162961352927
gi:24643130,gi:24651173,1,0.48424323642867717
gi:24648294,gi:24657689,1,0.38927065273130396
gi:24583332,gi:24586562,1,0.3422382019720658
gi:17136294,gi:24643151,1,0.5130383302233353
gi:24655053,gi:24662650,1,0.49913978630030914
gi:20130175,gi:24650263,1,0.5129489029968055
gi:24652071,gi:24660416,1,0.40870524897591815
gi:20128797,gi:21955276,1,0.641545512039784
gi:24645058,gi:28574539,1,0.44213875314370876
Q9VG82,gi:24661685,1,0.5376854475404348
gi:20129381,gi:24653096,1,0.4904381187729022
gi:21357311,gi:24762669,1,0.5930872809415428
gi:24642476,gi:24645425,1,0.5140980232470482
gi:20428641,gi:24639687,1,0.47500512062367306
gi:17864572,gi:24661826,1,0.5513382253889536
gi:20129745,gi:24642852,1,0.5313481510548377
gi:24650084,gi:24762755,1,0.5233195948608138
Q961V5,gi:21357875,1,0.440524923209849
gi:17137224,gi:21358161,1,0.5374527247249495
gi:19920706,gi:21355077,1,0.40112646741907476
gi:24646581,gi:24667089,1,0.5274719129199577
P48148,gi:28571791,1,0.47889346952569745
gi:20128797,gi:24652434,1,0.6268052969844613
gi:21356927,gi:24666323,1,0.4524491097078149
gi:21355125,gi:21357363,1,0.3549834751135913
P22058,gi:24648461,1,0.357487729359195
P29310,gi:28573563,1,0.48149550502399174
gi:17737302,gi:19921306,1,0.5671078239659137
gi:20129835,gi:21357211,1,0.5427015410367743
gi:17933748,gi:21356873,1,0.521391178898218
gi:21358351,gi:24586535,1,0.4191156073426896
P13098,P16371,1,0.46557485655691905
gi:17647939,gi:21357743,1,0.401851906476123
gi:19921812,gi:20129291,1,0.5476916139852838
gi:21356595,gi:24660746,1,0.5409460297558322
P48148,gi:20129101,1,0.5153495048750515
Q9VCR6,gi:24653385,1,0.31977771421090406
P07187,Q9XTL9,1,0.467158245250098
gi:24653385,gi:24655741,1,0.3912060345987391
gi:24639603,gi:28573440,1,0.5070288940163759
gi:19921778,gi:24653350,1,0.48293703695108475
P18824,Q24178,1,0.49571277479081277
P36241,Q9VQQ9,1,0.5085511032719673
gi:24644242,gi:24656270,1,0.4771115478314194
gi:24638774,gi:28574707,1,0.45675146228940067
Q9V564,gi:24645942,1,0.48563417221389166
P48461,gi:19920572,1,0.4980448228131668
P07207,gi:24580900,1,0.5426083097733423
Q9NJH0,gi:28571396,1,0.46553176205340374
gi:24640510,gi:24643702,1,0.4644075332964704
P45890,gi:24654550,1,0.5580166336857305
P23023,gi:24582339,1,0.7631901841117039
gi:18859825,gi:21356587,1,0.48471634870933233
gi:24648682,gi:28574707,1,0.4872984034421123
gi:24640855,gi:28574115,1,0.47179742485248427
gi:21357275,gi:24663657,1,0.4577978168364483
gi:20129579,gi:24646430,1,0.45904821529299494
P10987,gi:24655228,1,0.5240717241049028
Q9XTM1,gi:24658110,1,0.6339763819429123
Q9VNH6,gi:20129131,1,0.3773728600606468
gi:21355851,gi:24660308,1,0.5412235995645903
gi:19921002,gi:24668026,1,0.521352598446649
gi:17647335,gi:18859825,1,0.5213443046507558
gi:19920570,gi:21357653,1,0.41733775148135627
Q94899,gi:24641790,1,0.47957161942104737
gi:24643729,gi:24657782,1,0.5125319055046402
Q9VZS3,gi:20129527,1,0.4407512997399839
Q9W5R8,gi:21357951,1,0.6153096298096942
Q9W5R8,gi:21356743,1,0.42812633635246167
gi:24580996,gi:28573729,1,0.5209555310905594
O18373,gi:17864100,1,0.4991813412977442
O96860,gi:24639632,1,0.559777423498282
gi:24581983,gi:24642814,1,0.47070334137980424
P20227,P49847,1,0.48864621607767184
gi:17137692,gi:24662288,1,0.591005281850648
gi:24585795,gi:28573310,1,0.513191474748396
Q9V558,gi:28574949,1,0.4811964748853362
Q9VQQ9,Q9VXX8,1,0.5213994064616417
P10987,gi:28574049,1,0.5615900309439018
gi:20129257,gi:24640973,1,0.335961479255099
gi:24586252,gi:24654636,1,0.5450833610587987
gi:19922554,gi:24654934,1,0.4717841411002584
gi:24640482,gi:24649078,1,0.4597213069562138
gi:21357211,gi:24649904,1,0.48989189534377325
gi:18859807,gi:24582283,1,0.618890048288825
Q9VJE4,gi:17864162,1,0.5247325866922637
gi:18543289,gi:24649158,1,0.4587123881366796
gi:19921778,gi:24642517,1,0.3810759575756846
P54185,gi:24641831,1,0.5096162730827768
P00034,gi:24665661,1,0.5444897318532887
P08570,gi:24639333,1,0.5761772461038798
gi:24652682,gi:26080381,1,0.49253961046335354
gi:21357009,gi:22024201,1,0.7197468760140746
gi:17137168,gi:24643817,1,0.5213449567047623
gi:24647609,gi:28573310,1,0.4991511266863384
gi:21356265,gi:23308611,1,0.48633697356882144
gi:21356383,gi:24638750,1,0.35462705758777135
gi:24663556,gi:28574249,1,0.23175678895022572
gi:21355869,gi:24580804,1,0.4103923420734727
gi:21358471,gi:28573466,1,0.5445600142764403
gi:24585516,gi:24665160,1,0.43512102344361436
Q06559,gi:24642363,1,0.4853183030674964
gi:24582628,gi:24641555,1,0.6033736447053167
gi:24644675,gi:24665154,1,0.939695346301825
P35220,gi:28571205,1,0.45585255315380757
gi:24652897,gi:28573597,1,0.5481325098570895
gi:24585405,gi:28572059,1,0.5387577393052094
gi:24582306,gi:28574284,1,0.5278703575498628
gi:17986113,gi:24644093,1,0.36814428214427275
gi:21355377,gi:24663504,1,0.5676415094972767
Q27268,gi:24655153,1,0.57613038475679
P18502,gi:19922030,1,0.49457110431230916
gi:20130049,gi:24650202,1,0.42348936008466076
gi:24582746,gi:28574635,1,0.4817908492918945
gi:24582096,gi:24650025,1,0.5059226643455241
gi:24665297,gi:24665469,1,0.46736385067018876
gi:17136968,gi:19920808,1,0.48984205082957827
gi:24581719,gi:24643578,1,0.5585622116367546
Q9V557,gi:17136762,1,0.5306968376780044
gi:24642547,gi:30923711,1,0.496323174131873
gi:17137616,gi:24652897,1,0.49974029643206114
P02517,Q9VC27,1,0.4770961348241765
gi:18859693,gi:24642517,1,0.44601388561935223
P49905,gi:17647867,1,0.48710786707406134
gi:24646940,gi:24663027,1,0.34617593809044667
gi:24654832,gi:28571815,1,0.40207232076587157
gi:17136748,gi:28573207,1,0.5187398534723048
gi:21357023,gi:24583067,1,0.5157133398710976
P46824,gi:24643134,1,0.49806353756605526
gi:24644093,gi:28574744,1,0.5628221556625111
gi:18859749,gi:24657216,1,0.6170328628089078
gi:24644592,gi:28574432,1,0.5455244917835006
gi:24582516,gi:24650208,1,0.536559647728659
Q94514,gi:24639740,1,0.49018821632700393
P02844,gi:24584835,1,0.49266211928199416
gi:19920706,gi:24640289,1,0.49961350510042446
gi:24638845,gi:24646737,1,0.7059872592225739
gi:21358323,gi:24647638,1,0.5338575121072927
P18502,gi:24655003,1,0.4776990208534119
gi:21357113,gi:24642852,1,0.45059791924052656
gi:19920464,gi:24652733,1,0.3114588136508872
gi:21357817,gi:24661811,1,0.535559547957234
gi:24644870,gi:26080381,1,0.5655988025012278
gi:19921660,gi:28573264,1,0.5112730026152718
P29310,Q9XTM1,1,0.4879617494198395
gi:20129903,gi:24650420,1,0.44417962582697706
gi:20129893,gi:24639715,1,0.6373595949238604
gi:20130175,gi:24583264,1,0.4481456262111637
gi:24649183,gi:24652344,1,0.47228593070532643
gi:19922798,gi:21358247,1,0.5971357028571102
gi:22023983,gi:24584913,1,0.4736123075098183
O18373,Q9VGI8,1,0.5188334603817872
gi:24659254,gi:28571504,1,0.5561493996375882
P10090,gi:24666886,1,0.512343254753392
Q9VRL3,gi:28573544,1,0.48469680068678844
gi:24644797,gi:28571445,1,0.4806463856578331
gi:20128911,gi:21357019,1,0.5117671055604289
gi:18859939,gi:24583803,1,0.42131536759734356
gi:19921586,gi:24582182,1,0.4520434533427726
P82910,gi:21355869,1,0.35661018981252224
gi:24644642,gi:24656355,1,0.517879298411692
gi:21357481,gi:24642950,1,0.5179734536780994
gi:24586242,gi:24650294,1,0.4920631528923132
P08570,gi:24666567,1,0.49048825987002287
gi:24650311,gi:24660815,1,0.5661621880158353
gi:20130261,gi:21356235,1,0.3550604862694368
gi:21358507,gi:24655153,1,0.6178549641306766
gi:19920926,gi:24667063,1,0.5116477042814925
gi:21355873,gi:24645425,1,0.3787833494794366
gi:17136826,gi:18859855,1,0.5814215846402645
gi:21356285,gi:24655644,1,0.5385887006629113
gi:24643312,gi:24663283,1,0.40745480674023093
P82910,gi:24645883,1,0.4176605781770374
gi:17647503,gi:20129731,1,0.5176695799527171
Q8IN81,gi:23397621,1,0.4936428779566409
Q9V422,gi:24638894,1,0.555969037037292
gi:24584828,gi:24651179,1,0.5973385696061129
gi:23397524,gi:24647885,1,0.5202896514805884
P29310,gi:28574875,1,0.37521507996043363
Q27368,gi:17136994,1,0.42282884439636986
P17276,gi:21355775,1,0.4843147247492464
gi:21356595,gi:24662431,1,0.5068341374631358
gi:21355865,gi:28573278,1,0.42679725865426305
gi:20130017,gi:24648281,1,0.4208376184484411
gi:18858209,gi:24656959,1,0.47918834931485604
Q9W088,gi:28574582,1,0.4786396570742328
Q06559,gi:24648484,1,0.5290500736877426
gi:21356337,gi:24663292,1,0.5143240334219207
gi:24583256,gi:24649007,1,0.4778202395822391
gi:24581484,gi:24639782,1,0.49753340741941926
P17276,gi:24658069,1,0.5088314866884315
gi:24581976,gi:24663336,1,0.5591527535530199
gi:24654872,gi:24668623,1,0.512851968888631
gi:24583965,gi:24659953,1,0.5384124206070199
gi:17864162,gi:24648484,1,0.46831458040970275
gi:17933748,gi:19920932,1,0.47158761276068445
gi:24582339,gi:28574875,1,0.6933205139836981
Q9VPS5,gi:24648319,1,0.457154490496823
gi:24641732,gi:28573563,1,0.5302273775464827
P21461,gi:24645182,1,0.4516252072458096
P50887,gi:28571831,1,0.4202034624635028
gi:24649976,gi:24661428,1,0.4606600044278768
Q9VPS5,gi:24639740,1,0.4946376732126467
Q27268,gi:24648668,1,0.4885509495703147
gi:19922196,gi:24644250,1,0.4249701181463018
gi:24647100,gi:24648828,1,0.44355503158122883
gi:24639711,gi:24660416,1,0.5105096897767948
gi:17864244,gi:24645053,1,0.3361176251491855
Q9VCZ8,gi:28571789,1,0.48664701997969706
gi:18543225,gi:18859903,1,0.5552260771461732
gi:24641689,gi:24647897,1,0.5463909741434934
gi:17933624,gi:28571147,1,0.4134771542574182
gi:17738103,gi:21356595,1,0.49678171886496203
gi:24643634,gi:24654383,1,0.6210452072240233
P15330,P23023,1,0.5533920694066401
gi:19922328,gi:24643879,1,0.46335078661193324
gi:21357547,gi:24583222,1,0.5761671751437732
gi:19922166,gi:24648484,1,0.41417161349843934
P02517,gi:24582383,1,0.5094039952978865
gi:24642876,gi:24655187,1,0.5430121070752804
Q24570,gi:24656486,1,0.5590150751953344
gi:24650984,gi:24653484,1,0.4997618220046474
gi:17136286,gi:22024004,1,0.5422703664495364
gi:24584372,gi:24642267,1,0.48308371989877397
P48554,gi:30923711,1,0.5269856568947199
gi:24645650,gi:24648858,1,0.6163232739349093
Q24141,gi:24665950,1,0.6147445064395959
gi:23308611,gi:28571176,1,0.4944538975969321
P47938,gi:24584030,1,0.46422256070039986
Q9VYH3,gi:24645778,1,0.44725637495237774
gi:24584043,gi:24762471,1,0.5760561440270958
gi:24642134,gi:24657747,1,0.5209566191245888
Q24400,gi:24660872,1,0.4808437845149988
gi:17352479,gi:24642303,1,0.5474234084409677
gi:21358161,gi:24582962,1,0.5587821076841645
gi:19920906,gi:24665661,1,0.5172781133516589
gi:24660555,gi:24762367,1,0.580852100541615
P18502,gi:23308611,1,0.5685377530695961
P16371,gi:21356117,1,0.49025339802908563
P07183,gi:24649859,1,0.449597259297275
gi:24652373,gi:24663726,1,0.47742860023510997
P25867,gi:20129061,1,0.5067937096776735
Q09024,gi:20128797,1,0.6215909885043782
Q05856,gi:24643110,1,0.5241402772839369
O46106,gi:24651303,1,0.5301532608283324
gi:19920622,gi:28571823,1,0.4954616796376138
Q24475,gi:24647885,1,0.5862548643161025
gi:21357711,gi:24584043,1,0.5190114149790439
gi:18859859,gi:18859961,1,0.4164622345275547
gi:24655121,gi:24663556,1,0.9023188256793703
gi:24650088,gi:24656431,1,0.5278119783188497
P02307,gi:19920682,1,0.622888372716508
gi:21355815,gi:22026816,1,0.6417951617245925
gi:24639496,gi:24668309,1,0.5050890140617039
gi:24652438,gi:24663118,1,0.6288102210649735
P18502,gi:21357871,1,0.5449848332698843
P02307,P54358,1,0.6131133425550768
gi:19922640,gi:24662729,1,0.35432463525936836
Q01642,gi:24643715,1,0.3353012328166077
gi:24641727,gi:24649080,1,0.553944667922609
gi:24581901,gi:24668563,1,0.7098508231576326
P21663,gi:24644968,1,0.4555617474057382
gi:24667829,gi:28574864,1,0.5160484559588093
gi:17137488,gi:24649183,1,0.5243601673542182
P54622,gi:21357215,1,0.5660027250597905
gi:24580809,gi:24580817,1,0.43333525851468707
gi:24656694,gi:28574638,1,0.5688761679427472
gi:17933720,gi:21355923,1,0.41813950002610706
Q9XYN7,gi:19920568,1,0.43472242821910273
O77430,gi:24641340,1,0.5562136270092695
gi:18860519,gi:24642543,1,0.4732528136468992
gi:24583965,gi:24645887,1,0.5378642823347213
gi:20129381,gi:24640747,1,0.46899640153811145
Q24423,gi:20128797,1,0.6045149207655268
O77260,gi:18858225,1,0.5184867627769666
P02835,gi:20130151,1,0.5650952580807026
gi:24650311,gi:24657389,1,0.5201832615933742
gi:24640501,gi:24650714,1,0.46968802133958715
gi:19921830,gi:21355083,1,0.43275559935540187
gi:17137224,gi:19922516,1,0.5953720690663795
gi:24639187,gi:24644592,1,0.5707543551000555
gi:24586234,gi:24762582,1,0.5630775728309263
gi:20128901,gi:24649183,1,0.44817580631934034
gi:24648433,gi:24649820,1,0.4913011118266711
gi:24650435,gi:24653521,1,0.4573776576737596
gi:24583067,gi:24639885,1,0.6829133867266494
gi:21357677,gi:21357915,1,0.533304761448972
gi:24663548,gi:28574125,1,0.7324927065440447
P54350,gi:24584167,1,0.47326168712914
gi:24640625,gi:24661811,1,0.5386142412266249
gi:19920576,gi:24666790,1,0.6966717371075964
gi:21356797,gi:28571678,1,0.502503074574248
gi:21356121,gi:24665539,1,0.445001667112708
gi:19920576,gi:21687194,1,0.48688036701619863
gi:17137146,gi:21686961,1,0.5394524676688398
gi:24581574,gi:24585795,1,0.5429329082467835
P41094,gi:24654595,1,0.4693006266771413
gi:21356337,gi:24640435,1,0.492969315360748
P40320,gi:20130025,1,0.5168455593297968
gi:24585033,gi:28572997,1,0.5119165187403707
gi:17136506,gi:21357975,1,0.5279383954314245
gi:24643715,gi:24658927,1,0.47957036047812734
gi:21358379,gi:28573512,1,0.5807633356641623
gi:24662189,gi:24667093,1,0.4801188931694428
gi:21358097,gi:24651688,1,0.4157512480112794
Q9V3G3,gi:21355081,1,0.4298568177400611
O44783,gi:20129385,1,0.5894023636856717
gi:24582006,gi:24657427,1,0.37711114964271975
P55841,gi:24585353,1,0.6884347113202719
P19109,gi:24655341,1,0.5159555879294894
gi:17137398,gi:24644634,1,0.5678837566851114
P17276,gi:24762669,1,0.5161963413555909
gi:17647757,gi:24582746,1,0.5222588110273501
gi:24644238,gi:24648289,1,0.5511058469805545
gi:24581572,gi:30923613,1,0.2630927884041985
gi:17647723,gi:24585635,1,0.5223395136108189
gi:24640713,gi:24650084,1,0.5818845219608398
gi:24657684,gi:28574529,1,0.5562184509880979
gi:19923024,gi:24640798,1,0.5661574278908698
gi:19921802,gi:24762775,1,0.5024281958170228
gi:24655741,gi:28574284,1,0.49881658660881995
gi:19920688,gi:24650658,1,0.49183026269310803
O96860,gi:17647383,1,0.6518464366610018
gi:17647853,gi:24583431,1,0.5104722881347744
gi:20129643,gi:24660923,1,0.45140408893579875
gi:24653385,gi:24653584,1,0.5725664356183311
gi:24641831,gi:24655930,1,0.49106591507144254
P91929,Q9W3R7,1,0.5287857445892551
gi:21358247,gi:24762828,1,0.5402812869934446
P17886,gi:21356041,1,0.6989015423062004
gi:24582323,gi:24642543,1,0.5389871537483258
gi:19922138,gi:24645515,1,0.6863919368722515
gi:24645509,gi:24652897,1,0.5080289875538705
gi:24581719,gi:28571108,1,0.517979514771164
gi:24652101,gi:28574875,1,0.6758599586160753
gi:20128901,gi:24654540,1,0.5642799417609797
gi:24657684,gi:24762726,1,0.4740946542048788
P02824,gi:24665583,1,0.49038830482239515
P13008,gi:24762726,1,0.30091867555371987
P37157,gi:17933592,1,0.408723868847613
Q8T0S6,Q9W5R5,1,0.505893120818297
Q8INW0,gi:24663523,1,0.47243293707557726
gi:17136820,gi:21357817,1,0.5706584760539154
Q9VCE6,gi:24665657,1,0.3805871593582127
P55841,gi:24641790,1,0.5306502821385534
P07909,gi:17137234,1,0.38508836374585936
gi:17933606,gi:24643497,1,0.49124369686492164
gi:21357477,gi:21357537,1,0.44798139827308076
gi:21356995,gi:28573549,1,0.49488880831887105
gi:17137416,gi:24654899,1,0.4071688382041119
gi:21357683,gi:24584167,1,0.4628212426191344
P29310,gi:24655121,1,0.3988269785404872
P16163,gi:24639187,1,0.4992983326210019
P23757,gi:17137634,1,0.5394748946383845
gi:17137168,gi:24583848,1,0.5006444811313655
O46309,gi:24648688,1,0.4980393295274506
gi:18858125,gi:19921646,1,0.4903676506260821
P06002,gi:24658370,1,0.5425662614645969
gi:17137700,gi:24657747,1,0.564238801876937
gi:24582746,gi:24654550,1,0.4468642946990128
Q03017,gi:21357483,1,0.4790517341321738
P13395,gi:24653139,1,0.49782994456452145
gi:24582744,gi:24650124,1,0.43793070932331124
gi:17137560,gi:24664199,1,0.5082395389490474
gi:17737425,gi:24647137,1,0.5902247051463867
gi:24583332,gi:24658567,1,0.4923171641590794
Q9W2N0,gi:24649047,1,0.5299032304288698
gi:17136258,gi:21356337,1,0.4720255509288221
gi:24582846,gi:24650420,1,0.506956690614496
gi:24649454,gi:28574851,1,0.5177300835750941
gi:17137168,gi:21356743,1,0.4972260984548941
gi:20129739,gi:24582909,1,0.46938788105074075
gi:21358561,gi:24649183,1,0.6094364705055082
Q27297,gi:28573115,1,0.4679518448629918
Q9U3Z7,gi:17137586,1,0.4384698111824776
gi:24653245,gi:24667974,1,0.5433687249733505
P48592,gi:19921554,1,0.5476562677304154
gi:24647369,gi:24649236,1,0.47546088818525845
gi:24655480,gi:24655568,1,0.5304351273795842
gi:24652512,gi:24663246,1,0.55663341476445
gi:18543299,gi:24646908,1,0.48265199543727644
gi:17647723,gi:24650346,1,0.5527438464430382
P31009,gi:24650814,1,0.5834249020842335
gi:24580900,gi:24640672,1,0.40179003331606383
gi:24659362,gi:28571762,1,0.6027003147811438
gi:17647815,gi:24640005,1,0.5112095344719524
gi:24639027,gi:24652842,1,0.43266992466941956
gi:24640246,gi:24653856,1,0.5476737546601251
P41094,P52295,1,0.5187310213604701
gi:17648053,gi:21356083,1,0.45359700116933555
gi:24643016,gi:24646212,1,0.4694164020780044
P23023,P54356,1,0.5920361855480486
gi:21355851,gi:28571181,1,0.5553990054647251
gi:20128893,gi:28571447,1,0.4978757716980158
P16163,gi:19922620,1,0.4938925600688769
gi:20129775,gi:28574284,1,0.5533864388913029
P54358,gi:24580900,1,0.4776430120352032
gi:24584774,gi:24665996,1,0.4628529580824056
P07187,gi:17647755,1,0.47666606126759853
gi:24584043,gi:24655824,1,0.5771124627794851
gi:17136294,gi:24642799,1,0.5355394084502069
Q9VLP3,gi:18543301,1,0.526626738580489
gi:19920778,gi:24645115,1,0.45372840844785334
gi:21356041,gi:24666096,1,0.5211656442308286
gi:17647581,gi:19920696,1,0.45298718790845355
gi:21357645,gi:24582598,1,0.5735733258826068
Q24337,gi:21357817,1,0.4499852810318305
gi:17647503,gi:21357211,1,0.5495903582885546
gi:19920622,gi:24762383,1,0.41228172019834053
P19538,gi:24643151,1,0.576898690971082
gi:24583901,gi:24641831,1,0.4660996330639184
gi:21356973,gi:28574303,1,0.5429035222556793
Q24423,gi:24665169,1,0.6516274395467028
O61348,Q03017,1,0.5580973955540273
gi:18859931,gi:24651950,1,0.4653202281312492
Q9W2D9,Q9W4E2,1,0.48497226563543416
gi:19920808,gi:28574726,1,0.5370735260677926
gi:19921294,gi:24658492,1,0.4744468237600081
P11420,gi:24639385,1,0.5536708359581228
gi:24643634,gi:24660663,1,0.5406310281231876
P02516,P07666,1,0.4543300282201363
O16797,gi:21356743,1,0.44326977456827027
gi:24651599,gi:24656938,1,0.4645331996803639
gi:18859665,gi:24658927,1,0.4640678896108551
gi:24641014,gi:28574406,1,0.5662902812614452
Q24186,gi:17137110,1,0.49213401989045064
gi:19921566,gi:24649895,1,0.5789882544710503
gi:17137642,gi:24647320,1,0.4435495665682623
gi:24580817,gi:24583965,1,0.5192453872527591
gi:24641689,gi:24646440,1,0.5147909116361429
gi:24585943,gi:24645148,1,0.5310874061602899
gi:24647060,gi:28574851,1,0.4904146521845754
O02194,P07207,1,0.438461300648522
Q9VC49,gi:21356211,1,0.4479502560754136
O77051,P25007,1,0.5059839721782281
gi:24642517,gi:24656980,1,0.529560810175552
gi:24644372,gi:24645476,1,0.5956700790563051
P02267,gi:19920876,1,0.5399577841849055
gi:21355811,gi:24648536,1,0.6667014701365473
P15330,P41092,1,0.535713560918431
P18824,gi:24661826,1,0.4967166132671545
P25008,gi:24642884,1,0.5803409861040173
gi:21356367,gi:21357817,1,0.4928800963213196
gi:24585353,gi:24642021,1,0.5547184627228492
P21914,gi:24662729,1,0.5298229733001293
Q24133,gi:21355717,1,0.57825394295008
gi:24649164,gi:24663292,1,0.6305264813078948
gi:22024283,gi:30923613,1,0.5521155390875467
P06002,gi:24663802,1,0.4744190260753122
O44783,gi:28574875,1,0.5007523437016445
P32392,gi:19922440,1,0.43553382274645236
gi:20129291,gi:24645795,1,0.38554717264347427
gi:24648828,gi:24657216,1,0.5186430284057577
gi:24584710,gi:24654916,1,0.427842795868018
gi:21356397,gi:21356809,1,0.4972146400112293
P11455,gi:19922144,1,0.43782048126868045
gi:21356965,gi:24582746,1,0.42981841957899874
Q9V564,gi:21355099,1,0.5133017640460651
P45889,gi:19921136,1,0.5067080758065949
gi:19921122,gi:28571108,1,0.4891226155464848
gi:24648207,gi:24663246,1,0.4741759338393504
gi:24647609,gi:24656346,1,0.4840290122120457
gi:21358161,gi:24657732,1,0.4811645745524221
gi:19920926,gi:21356743,1,0.3855620550753626
gi:24640973,gi:24645581,1,0.3701271906826932
gi:19922810,gi:24666944,1,0.45589968889372584
Q24404,gi:24585618,1,0.8133247759333023
gi:24663462,gi:26080381,1,0.4895622377649393
gi:17136854,gi:20129387,1,0.4499682814906536
gi:24648294,gi:24649262,1,0.5566086585805994
gi:24654843,gi:24656486,1,0.5319137438533486
gi:17136392,gi:24586344,1,0.4537418979286318
P55828,gi:20129835,1,0.44851959946678316
gi:17136378,gi:24586587,1,0.5074941200753662
gi:24642134,gi:24663055,1,0.5627458650097407
gi:19920620,gi:24581205,1,0.7518198492822246
gi:24660872,gi:24666587,1,0.5208654184924553
gi:24639885,gi:24667238,1,0.6750851498072667
gi:19920776,gi:24655281,1,0.4706763703364993
gi:24646318,gi:24664652,1,0.558913947255896
gi:24652999,gi:28574804,1,0.5565971753916018
P12982,gi:24641302,1,0.5223808937503378
P49630,gi:26080381,1,0.3907110813536528
P08570,gi:24647518,1,0.46345600456998054
gi:24646827,gi:24664652,1,0.5275549942704333
gi:24648919,gi:28574385,1,0.4544639995014649
Q01071,gi:20128797,1,0.4931080238564968
gi:24584043,gi:24650425,1,0.5519334589037355
gi:24641578,gi:28573590,1,0.4459749382034308
gi:21355333,gi:24645515,1,0.5527417147551126
gi:24583061,gi:24651179,1,0.5994590657984394
P25843,gi:24664652,1,0.4653385796379514
gi:17530817,gi:17933676,1,0.5502065437367607
gi:24640973,gi:24649824,1,0.4048090914882029
gi:21357943,gi:24651526,1,0.6074542063434778
gi:18858055,gi:18858161,1,0.5081361231482897
gi:17864452,gi:28573563,1,0.5546826056853024
gi:24650284,gi:24651238,1,0.4103094857419944
gi:19921326,gi:24667569,1,0.4973051718672559
gi:24649007,gi:24663246,1,0.5631982899551331
P15330,gi:24583485,1,0.4799663063516573
gi:18858231,gi:24646970,1,0.5137532164798276
gi:24648828,gi:24649661,1,0.42681242707971523
gi:20129405,gi:24582294,1,0.49419427321365356
gi:17647911,gi:18858037,1,0.6000817949480641
gi:24639086,gi:24645093,1,0.3514864770630946
gi:24585599,gi:24653758,1,0.5204603006593161
gi:28574406,gi:28574635,1,0.5269539724204823
gi:24641148,gi:24641813,1,0.4441808161489055
gi:18859961,gi:24640086,1,0.2982547281071616
gi:24657023,gi:26080373,1,0.5434606528211545
gi:18859973,gi:24581633,1,0.44665735728720773
gi:24651690,gi:24654041,1,0.48365273129576547
gi:24644642,gi:24668321,1,0.49994623291544243
P40688,gi:21358101,1,0.5182972837071131
gi:17998687,gi:24585100,1,0.5599048211342579
gi:18859955,gi:24582212,1,0.4630306287753183
gi:17136208,gi:20130017,1,0.4409597918488096
Q04787,gi:19921692,1,0.4768136435971089
gi:20130049,gi:24645177,1,0.5069690159343193
gi:20129527,gi:24640704,1,0.4909951704397
O44783,P23792,1,0.596325044648171
P18824,gi:24646478,1,0.515100791845802
gi:19922670,gi:28574529,1,0.512831433862867
gi:20129291,gi:21355577,1,0.5445095045881414
gi:20129565,gi:24651688,1,0.43627374612445113
gi:24647942,gi:24661136,1,0.5507172799546328
gi:17136826,gi:20428641,1,0.6209978618721407
gi:24646017,gi:24647137,1,0.4699359220843464
gi:24652999,gi:28573466,1,0.37107207887638094
gi:20129621,gi:24650570,1,0.47454796144740935
P91641,Q9XZT1,1,0.4737868094428783
gi:24641090,gi:24651688,1,0.4290917394460741
gi:21357995,gi:24650208,1,0.49746861732759706
gi:18543285,gi:24639316,1,0.5206424360112812
gi:24644819,gi:24648674,1,0.3807730852560271
gi:17137344,gi:20128963,1,0.4525064915106001
gi:24582741,gi:24583929,1,0.5018371656775156
gi:17352479,gi:21355383,1,0.5385314276978294
gi:21356265,gi:24639368,1,0.4545254210417847
gi:24585205,gi:24664458,1,0.5072696826590252
P50887,gi:24582096,1,0.5525852418845109
gi:17647383,gi:19920978,1,0.538581739359699
gi:21355581,gi:30923774,1,0.49419938523703066
P08570,gi:24658786,1,0.5311874986905814
gi:20130169,gi:24667117,1,0.5437275555534102
P15330,gi:17648013,1,0.5285331259169915
gi:24586270,gi:24639915,1,0.5603260970130328
gi:24583571,gi:24648905,1,0.518855665135574
gi:17137296,gi:19922070,1,0.4722596457297008
gi:19920344,gi:20130085,1,0.5771397305542215
gi:24639208,gi:24645887,1,0.28886798640223976
O02195,gi:24650420,1,0.46183091283422933
gi:21356033,gi:24647905,1,0.4795338342173254
gi:21355535,gi:24657684,1,0.5703884017817663
gi:17648053,gi:24668309,1,0.40748673275726877
gi:18859903,gi:24642367,1,0.5260961982212463
gi:17136698,gi:21355989,1,0.4690181487810227
gi:17137300,gi:18858137,1,0.5824728232018689
gi:17137216,gi:24641251,1,0.4676990382412017
gi:24648896,gi:24658567,1,0.463525807724222
gi:23397623,gi:24663011,1,0.49379896164259585
gi:24658567,gi:28571891,1,0.40778630363871143
gi:21355617,gi:24644293,1,0.5015383259686231
Q9V3C0,gi:28573937,1,0.4863108730589677
gi:19922072,gi:24641790,1,0.5530667479036077
gi:18860051,gi:21358025,1,0.5962660394855648
gi:17136672,gi:21357897,1,0.5111985322956001
gi:24668824,gi:28572018,1,0.5692707174090196
gi:19920798,gi:24639141,1,0.45739895945337156
gi:24638750,gi:24645115,1,0.5241668057555642
Q23982,gi:24645011,1,0.4916887231594082
Q94523,Q9VLP3,1,0.4656479804696769
P02517,Q9VHN6,1,0.5383415168418998
Q9VSS2,gi:22026959,1,0.5263181958991573
P49905,gi:24651935,1,0.610087072831208
gi:24650829,gi:24664458,1,0.3611400023045999
P06601,P08646,1,0.41060086124664275
gi:20130151,gi:24640777,1,0.591523789280674
gi:24643118,gi:24664199,1,0.5125699525446198
O46202,gi:21356797,1,0.4918248401877382
gi:19921030,gi:26080328,1,0.5283690204253253
gi:24649035,gi:24649114,1,0.4471831715191043
gi:24642301,gi:24650208,1,0.5283027329731486
gi:24581314,gi:24657743,1,0.5060063006785893
gi:17137452,gi:24652770,1,0.4704668658837664
O46084,gi:28573633,1,0.47948538508051064
gi:24646410,gi:24663275,1,0.5147848159620385
gi:24639715,gi:24654017,1,0.521069658865942
P54733,gi:24659552,1,0.5309924363331556
gi:19922386,gi:24652762,1,0.6452017419753326
gi:17933748,gi:28574516,1,0.5292046277753627
O44783,gi:21357219,1,0.6075729329428341
P54353,gi:28572158,1,0.46439987791652765
O44783,gi:19922310,1,0.4824405978941735
gi:23397621,gi:24666790,1,0.6389359456801904
gi:24657504,gi:24668214,1,0.483495688992026
Q9W4P5,gi:28574009,1,0.5110287639507092
O18404,gi:24652999,1,0.3676340197038301
P29310,gi:24666434,1,0.4132598960263337
gi:17647757,gi:28573466,1,0.5355970441897887
gi:21955276,gi:28572129,1,0.5117863809270863
gi:24582006,gi:24641251,1,0.5126538029547894
gi:18858205,gi:24583394,1,0.5826322676623938
gi:24639681,gi:28574735,1,0.451092854418087
gi:21955276,gi:24584067,1,0.5896345273453462
gi:20129999,gi:24585345,1,0.38269723937246064
O97420,P18289,1,0.44419314024670387
gi:17647581,gi:21358161,1,0.4772326701949757
gi:24582006,gi:24762837,1,0.5718871768089093
P12982,gi:24647285,1,0.46232771099935777
P13008,gi:24642543,1,0.43172175167595084
gi:19922620,gi:24655824,1,0.5451550215821219
gi:21356069,gi:21356365,1,0.6636983444566886
gi:24640527,gi:24646434,1,0.5181421098043663
gi:17647873,gi:24651303,1,0.42052852118611667
gi:17137190,gi:24665583,1,0.5102205870338621
gi:22024283,gi:24644165,1,0.5711190965347994
P02834,gi:24649250,1,0.4656926656307178
gi:21358247,gi:24644544,1,0.4848879498594081
gi:24661625,gi:24664191,1,0.5780679375698743
P10987,Q9V3I1,1,0.46119677811190496
P21461,gi:24584144,1,0.5745000265141449
Q94524,gi:24661166,1,0.6572375784825456
gi:21355219,gi:24651441,1,0.4442473410006478
Q9VBL6,Q9W0V1,1,0.48419282868832525
gi:20130121,gi:21357211,1,0.3008148496855133
P08570,gi:17137216,1,0.5047710749547579
gi:19921312,gi:28571445,1,0.4528947525781786
gi:24584632,gi:24655153,1,0.4749171700842436
gi:19921458,gi:22024141,1,0.6113946295893864
P08182,gi:24641251,1,0.446305261907176
gi:18860017,gi:24647143,1,0.5487146767633013
gi:24645830,gi:28574406,1,0.5183577060665976
O01666,gi:21355913,1,0.49447947420736493
gi:24585353,gi:24652268,1,0.517985786987411
gi:24652897,gi:24660188,1,0.5649109617568105
gi:21357907,gi:24663027,1,0.44900171339341505
gi:24581820,gi:24653649,1,0.39618550262641244
gi:24582096,gi:24582697,1,0.5095070433720765
P07183,Q24311,1,0.39171321367566264
gi:24584835,gi:24662360,1,0.5420152177371612
gi:21356415,gi:28574582,1,0.44471096173214975
gi:20129859,gi:24647609,1,0.48219544708924367
gi:19921312,gi:24647685,1,0.5274863919176954
gi:24580731,gi:24641029,1,0.5103161639859022
P08175,gi:24650924,1,0.12119706479745705
gi:19920636,gi:21357547,1,0.45908990096226904
gi:17647755,gi:28574920,1,0.5184245722799709
gi:24643286,gi:24648198,1,0.502450591189027
Q9W2D9,gi:21358039,1,0.47719547566303117
gi:19922030,gi:24581155,1,0.4805154034328057
Q05856,gi:24654441,1,0.3805122645632861
gi:24642950,gi:24643474,1,0.5614500881108231
P48611,gi:24662475,1,0.5185964824720789
Q24423,gi:24638766,1,0.42727002037956124
gi:24640430,gi:24663292,1,0.5253031579625287
gi:21357547,gi:24649214,1,0.5275763307237807
gi:17647523,gi:24638795,1,0.5007171251698502
gi:24645909,gi:28574406,1,0.5394930426481291
P56079,gi:24642074,1,0.6288373667146806
Q27297,gi:24585158,1,0.4728511139126941
Q02361,gi:24586371,1,0.4900352069243553
gi:24656312,gi:28571157,1,0.44391537970375883
Q9VL18,gi:24662946,1,0.6529719608220116
gi:24649976,gi:24655568,1,0.6185342720158953
gi:24639301,gi:24641921,1,0.8294785133445527
gi:24583067,gi:24641689,1,0.42907435881811795
gi:24647100,gi:24665950,1,0.5546544549930149
gi:24586305,gi:28574886,1,0.5114635751374138
gi:24641148,gi:28573410,1,0.47719345806276625
gi:24647500,gi:28574406,1,0.5257122653993896
gi:21358485,gi:24663462,1,0.4724508065117216
gi:24644498,gi:24655153,1,0.6149440413086591
gi:19921984,gi:21687092,1,0.4466598707439265
gi:19921112,gi:24640372,1,0.37813601776501327
gi:24582224,gi:24643270,1,0.4848375827924779
gi:24643303,gi:24644797,1,0.4884003953564379
P19538,gi:19920448,1,0.4979983655972104
gi:17136378,gi:24582516,1,0.5452484433025263
gi:17137616,gi:30923613,1,0.44123342172459057
P15330,gi:24415388,1,0.5569386659275286
P48601,P53501,1,0.4941316797328404
gi:20130085,gi:28573264,1,0.49995726514800753
P41375,gi:24583380,1,0.5701831593478084
gi:17137398,gi:24662973,1,0.4848958499379899
gi:21357761,gi:24585576,1,0.49890260353668536
gi:24641410,gi:24655869,1,0.5039490610245617
P07183,gi:21357817,1,0.4604433481288396
gi:20130193,gi:23397595,1,0.5205454611003784
gi:24586562,gi:24644770,1,0.4900635941109514
gi:17136488,gi:28574950,1,0.603889351258244
gi:24654325,gi:24662048,1,0.4622209345190291
Q9V676,gi:24643172,1,0.36492477337436224
gi:24581976,gi:28573464,1,0.46723168739089976
P18459,gi:19921114,1,0.5150970435296537
P52304,gi:24580900,1,0.5122687197333282
gi:28573034,gi:28574286,1,0.5527762292745796
gi:19920502,gi:24584547,1,0.43568307120185
Q9XYM0,gi:24650338,1,0.5129579502938346
Q94883,gi:17137648,1,0.44703395949172275
gi:20128797,gi:24585240,1,0.491298949545346
gi:21357315,gi:21357903,1,0.5578999766915987
Q24533,gi:18543285,1,0.4595800140995641
Q94523,gi:17136256,1,0.5513949854805323
gi:21358039,gi:24648678,1,0.4582499141412771
gi:21356561,gi:24585154,1,0.5410763679491395
P07187,gi:24650658,1,0.5406908605711337
gi:24585353,gi:24650598,1,0.536081369159988
gi:17647581,gi:19922150,1,0.4736293102448261
gi:17865835,gi:24647905,1,0.5308929433441576
P41093,gi:24663027,1,0.4955955285303405
gi:18859953,gi:24640806,1,0.5305810659318835
gi:24653385,gi:24654471,1,0.4614461781105723
gi:24581838,gi:24584167,1,0.5829116645962291
gi:19922100,gi:21357903,1,0.5810531245182381
Q9V447,gi:21358201,1,0.462703443188828
gi:24585022,gi:24653856,1,0.48061020569759233
gi:20129165,gi:28573393,1,0.519646871995877
gi:21357505,gi:24584139,1,0.500077894563668
Q24564,gi:24639715,1,0.5672578433593345
P55828,gi:24645150,1,0.47297470248662915
gi:23397621,gi:23397623,1,0.4433879055980077
P23757,gi:24648480,1,0.44885799882681676
gi:24583332,gi:24667063,1,0.4215329162095494
gi:20128921,gi:24641311,1,0.525701686708992
gi:17647523,gi:24657356,1,0.42556529534064985
gi:21687206,gi:28574635,1,0.5625548683836781
gi:22023983,gi:24638862,1,0.5034101963441487
gi:24580900,gi:24650864,1,0.566158625389141
gi:24644797,gi:28574726,1,0.5314130688527318
gi:19922314,gi:24646689,1,0.4514028356450702
gi:20129067,gi:20130417,1,0.494276357764163
gi:19921306,gi:20130391,1,0.4789332373625489
gi:24583827,gi:24639721,1,0.49794837266204356
gi:18859891,gi:28572043,1,0.48783263641966973
Q8IGR0,gi:24584056,1,0.5717925048304998
P18502,gi:24642814,1,0.5072630354413794
gi:24583929,gi:24643447,1,0.4296113960990918
gi:24652999,gi:24663027,1,0.6305187951539494
gi:24650253,gi:24667211,1,0.4069779008196442
P18102,gi:28571891,1,0.409246231535134
gi:24583012,gi:24658714,1,0.523041251467439
Q24297,Q9VI10,1,0.6000080908747919
O77051,gi:17864162,1,0.567828695521801
gi:20128863,gi:21355195,1,0.5433638274475436
gi:17864176,gi:24647942,1,0.5069307809221381
gi:19920922,gi:24653856,1,0.565881545339736
gi:21357817,gi:24649834,1,0.5053891200554433
gi:24642691,gi:24647100,1,0.61975144581089
P17210,gi:24658110,1,0.6713232738966399
P08630,gi:20129967,1,0.5244095657635066
gi:24658567,gi:28571396,1,0.4068870891206417
gi:19920604,gi:21356367,1,0.4218523956116719
gi:19920688,gi:24650202,1,0.522914897882307
Q9VG82,gi:24656903,1,0.5385549243971819
gi:20130321,gi:21357759,1,0.5817732985665164
gi:24640501,gi:24657689,1,0.3901820391223655
gi:24581622,gi:24653791,1,0.4801230466039836
gi:19922310,gi:24649007,1,0.4393531024366631
gi:24584017,gi:28574383,1,0.46797189820085755
Q9XZT6,gi:20129485,1,0.6061887077935586
gi:21356785,gi:24645148,1,0.5499548891082169
gi:21357005,gi:24649488,1,0.5113158797473388
gi:19922144,gi:23397619,1,0.4914808597317594
gi:24639756,gi:24649025,1,0.4843857190578455
gi:24641831,gi:28573607,1,0.5506335704298801
O96860,gi:21358109,1,0.6589111089395812
Q95RS6,gi:24649427,1,0.5467886424435222
P07183,Q06559,1,0.5092018743701725
gi:19920826,gi:24762775,1,0.5348778001958189
gi:24660935,gi:28558744,1,0.5276478099948727
P33450,gi:24583380,1,0.4775307866313741
gi:17647755,gi:24582270,1,0.5306222386952724
gi:21356337,gi:24646860,1,0.49197501735208515
P26308,gi:17136256,1,0.626648040582193
gi:24644274,gi:24651247,1,0.5896245082981465
gi:18859825,gi:24665784,1,0.5925335022561136
gi:17530857,gi:20428641,1,0.5410763632394169
gi:19922746,gi:24654578,1,0.3566024522139283
gi:19922620,gi:24648207,1,0.7946354458380179
gi:21357009,gi:24655187,1,0.48951513364471666
gi:19920910,gi:24647148,1,0.5560261292238108
gi:17137386,gi:24642404,1,0.4521897856889732
P49630,gi:24654578,1,0.3995292321267287
gi:17136256,gi:19921660,1,0.41355369380818097
gi:24641831,gi:24654082,1,0.4961639706050234
P20432,gi:21356695,1,0.5594873991807865
gi:24645967,gi:24651339,1,0.5457861448527301
gi:24652101,gi:24667117,1,0.7008825186902821
gi:24582018,gi:24644093,1,0.5548935716828121
P11455,gi:24649262,1,0.5763110198472448
P08985,P23757,1,0.47751323360070635
Q24451,gi:24649564,1,0.5523183782167159
gi:17737433,gi:24582212,1,0.48731618179751335
gi:18860099,gi:24650658,1,0.5065591890399642
gi:17137572,gi:19921554,1,0.5560458597648856
Q24564,gi:24638625,1,0.47202776161141596
gi:21355815,gi:24641831,1,0.5971897858989267
P22058,gi:19920428,1,0.4479798817438929
gi:20128797,gi:21356785,1,0.6099333273748666
gi:18859635,gi:24663462,1,0.633827373081421
gi:19920434,gi:28574383,1,0.47640159463959436
gi:24582339,gi:24664979,1,0.49563786236333623
gi:24653912,gi:28574303,1,0.5501663045301656
P39572,gi:24643118,1,0.5340615779381626
gi:23397399,gi:24665657,1,0.31112822603216417
gi:18857983,gi:24639187,1,0.47745841353861285
gi:17137724,gi:18858231,1,0.3650708755073862
gi:18859893,gi:24654578,1,0.5418641757273012
P50887,gi:24667211,1,0.2992270121234342
P49906,gi:24647648,1,0.3533495420242883
gi:24645967,gi:28573264,1,0.3702125960993768
gi:21356019,gi:21686963,1,0.4590734735287802
gi:17136780,gi:24661136,1,0.46211224657439437
P07207,gi:24664951,1,0.525851924033434
Q95TN4,gi:18921123,1,0.45921138185655436
gi:21357817,gi:28573466,1,0.4777278828865291
O16102,gi:24639506,1,0.490661370997816
gi:24640510,gi:24653649,1,0.49159009530831127
O18404,gi:28573466,1,0.35252237907208606
Q9VJE4,gi:17137650,1,0.46378743011015316
gi:21358101,gi:24660212,1,0.47176716381711575
gi:17530949,gi:24762471,1,0.5579710430563901
P54399,gi:24641946,1,0.547574483891663
gi:20129431,gi:24641734,1,0.5191472674787743
Q9VPS5,gi:24641134,1,0.46344240588005725
gi:24644093,gi:24663462,1,0.566735610614308
Q8IGR0,gi:19920696,1,0.488516946618906
gi:24642715,gi:24658342,1,0.4725616735219097
P16241,gi:24641156,1,0.5140489039262632
gi:17136826,gi:24658567,1,0.46768492271482454
P48555,gi:24641251,1,0.5096162227979529
gi:21356003,gi:24645177,1,0.7339407399793769
gi:20130399,gi:24665784,1,0.5432747767063657
gi:24667089,gi:28571181,1,0.5042698702357722
P16371,gi:18860099,1,0.5179979319425593
gi:17137344,gi:21355123,1,0.430112813632586
gi:24647143,gi:24649931,1,0.4837476810896489
Q8T0G4,gi:24640672,1,0.5521577597811145
gi:24644244,gi:24654746,1,0.5280199203825165
P12982,gi:19922418,1,0.4941864175470422
gi:24647638,gi:24661336,1,0.5206682910141096
gi:17530817,gi:18921137,1,0.3815895995225148
gi:24645515,gi:28574707,1,0.45993760916588494
P54733,gi:24667565,1,0.4231142003667004
gi:24644059,gi:28574150,1,0.4935824342252168
gi:24652762,gi:24659254,1,0.488661654778439
Q9VEX9,gi:24654441,1,0.4972497673762167
gi:21355617,gi:24638708,1,0.5101157598189622
gi:17737533,gi:24665229,1,0.49968485991553613
gi:17136212,gi:24646928,1,0.6510529040094308
Q24564,gi:24580672,1,0.5176799563756361
gi:19922116,gi:24582172,1,0.5268942409921907
O46036,gi:24657218,1,0.5139774547290104
gi:24582306,gi:24663292,1,0.5342194853185331
gi:24585720,gi:26080381,1,0.5101502536531095
gi:19922516,gi:24651963,1,0.5820256823016965
gi:17738257,gi:24581180,1,0.41240580712963176
gi:17137200,gi:17137398,1,0.4726266681781457
gi:19922538,gi:28574804,1,0.567600885491013
P82910,Q9VG82,1,0.5615233603650274
gi:17986113,gi:24646073,1,0.56164523145582
P27619,gi:24649427,1,0.48767459085626164
gi:24580716,gi:24657689,1,0.5193567383343525
gi:21358555,gi:28572043,1,0.5021188649769516
Q9VG94,Q9VG96,1,0.6355056191177397
O16011,P10987,1,0.5413092730211451
gi:24644592,gi:24667403,1,0.5335220717082693
gi:20129067,gi:24648929,1,0.5275740608804762
gi:20130345,gi:28571649,1,0.5140563874450491
Q9VNA5,gi:19922624,1,0.5178097146649863
gi:24582522,gi:24582643,1,0.5212164719699736
gi:24644116,gi:24649564,1,0.43967158563568104
Q24564,gi:20129491,1,0.5530098658492675
gi:21357781,gi:24584547,1,0.4962206391557211
gi:24641689,gi:24658332,1,0.5235769214818236
gi:24647905,gi:28573095,1,0.5432663029979484
gi:22026816,gi:24652780,1,0.5056517249760573
gi:24667016,gi:28574523,1,0.46562230030752844
gi:24651619,gi:30923613,1,0.4501182085308878
gi:17647723,gi:28573590,1,0.5375975937335833
gi:21357903,gi:24643822,1,0.43053453777413525
gi:24639822,gi:24653350,1,0.5748905499819678
O96860,gi:20130151,1,0.5551910450037078
gi:18859991,gi:21358175,1,0.7410320167527068
gi:19922300,gi:24649103,1,0.5845710163294382
P13607,gi:24639885,1,0.41561935039600745
gi:24585730,gi:24655502,1,0.407247897218891
gi:21357211,gi:24581574,1,0.4739560990495485
gi:24585154,gi:24642456,1,0.40745068136253715
gi:24641507,gi:24656851,1,0.5692562796171461
gi:19920776,gi:28573157,1,0.4852170828197817
P35381,gi:24648828,1,0.444136838104811
Q9VQQ9,gi:21356265,1,0.5040220344864845
P49905,gi:19921638,1,0.5314566971967098
gi:24638702,gi:24762771,1,0.6198164632784969
Q9W3C2,gi:19920912,1,0.5542841866745047
gi:17136378,gi:24583982,1,0.42125968968152133
gi:17136948,gi:24643118,1,0.583132508223782
gi:19920706,gi:21356031,1,0.42390874307665
gi:24650124,gi:24655577,1,0.37341231291231625
gi:17136392,gi:20129967,1,0.5338940117531076
Q27350,gi:24658585,1,0.44921038044562406
gi:24640188,gi:24648776,1,0.4428067250627498
gi:24643029,gi:24643294,1,0.52986410296517
P54733,gi:23308611,1,0.5457033319272817
O97067,P54357,1,0.5010418713616285
P23757,gi:28558744,1,0.5050167703790673
gi:21357417,gi:24654522,1,0.44828113954712084
gi:24585851,gi:24662431,1,0.685939665042067
Q24210,Q9VHY5,1,0.4986140486279378
Q24564,gi:24665297,1,0.5443052760844759
gi:24649080,gi:24660416,1,0.525540253295156
gi:24648063,gi:24652101,1,0.8589952486404188
Q04787,gi:19920434,1,0.5211348134197579
P38979,gi:20130085,1,0.5327430576008956
Q9VYD7,gi:24646485,1,0.21527922008657524
Q9VSJ8,gi:28573717,1,0.5395065426006692
gi:21355801,gi:24665160,1,0.4683878974736378
Q24407,gi:24639368,1,0.5008162783516653
gi:24581061,gi:24665154,1,0.5690782401761374
gi:21357483,gi:24649202,1,0.5226016364917698
gi:24584835,gi:24650348,1,0.6279776360147878
gi:17647979,gi:21357711,1,0.39632069602492315
Q9VYD7,gi:24652897,1,0.3350923423774342
gi:24639548,gi:24665973,1,0.3040466953520215
Q00963,gi:17648053,1,0.43590543884602656
gi:17530825,gi:17647523,1,0.5850002217183478
P07666,gi:18858095,1,0.5054179697190979
P29310,gi:24648484,1,0.5068044661264818
gi:21355163,gi:30923530,1,0.4378203401696428
O77430,gi:17137296,1,0.4899482551373699
gi:24645538,gi:24648751,1,0.5580139506232106
gi:24580731,gi:24584043,1,0.5281789772240357
P08570,gi:24585033,1,0.4950716453528677
gi:21355163,gi:24667063,1,0.586902067577544
gi:24584774,gi:24641168,1,0.5863999479064097
gi:19921802,gi:24666053,1,0.5352710274541395
gi:24582294,gi:24657689,1,0.43372095636022756
Q9W2D9,gi:21955276,1,0.4696046305785421
gi:20128863,gi:24583332,1,0.40320801966890246
P49630,gi:17864576,1,0.5154350546837221
gi:17137300,gi:24645521,1,0.5347883256579314
gi:17137536,gi:24586098,1,0.4950764714823536
P02828,gi:20130175,1,0.4437430361414498
Q02645,gi:24659272,1,0.528624303539822
gi:17137616,gi:24583067,1,0.6091652969436043
O18405,P21461,1,0.5938162783315116
gi:22026880,gi:24649803,1,0.5583080794491166
gi:24665583,gi:28574316,1,0.6131786939728182
gi:17137572,gi:24642543,1,0.551979050087674
gi:24639299,gi:28573276,1,0.5140975032705674
gi:24638571,gi:24666240,1,0.5080160863642705
gi:19922620,gi:24643702,1,0.546566465746271
gi:21358247,gi:24665229,1,0.44024246669220574
O96827,gi:24643715,1,0.5482966440550923
Q27350,gi:24581314,1,0.449673326495794
gi:24665761,gi:24666790,1,0.5765449055234446
gi:24581061,gi:24645089,1,0.6562580183947911
gi:24641860,gi:28573018,1,0.4707623158420591
gi:24646318,gi:28572129,1,0.4920365287009352
gi:24661073,gi:28573773,1,0.42133943239884475
O96860,gi:21357595,1,0.6133350524994825
gi:18543285,gi:24650658,1,0.5385289536885709
gi:19920728,gi:24762618,1,0.461887238382983
gi:24640719,gi:28573799,1,0.43035256858327303
gi:24581339,gi:24638978,1,0.4572144924229673
gi:19922538,gi:24582643,1,0.5122235292770181
gi:17737551,gi:24582212,1,0.4170229988028038
gi:20129859,gi:24641831,1,0.4356185413353993
gi:17737647,gi:24648826,1,0.4055010631394725
gi:18858099,gi:24650196,1,0.5094513770846407
P82147,gi:24644498,1,0.4950734271774313
gi:19921360,gi:28574851,1,0.5499953471327189
gi:17136762,gi:24658861,1,0.5992924290905935
gi:18543199,gi:24582319,1,0.5397860525643785
gi:24651212,gi:24653708,1,0.5227150091693812
gi:24580914,gi:24648690,1,0.5505346067340644
gi:19922310,gi:24663011,1,0.4891980737864367
Q9V3A4,gi:21357897,1,0.49841271789788694
O76899,gi:24654082,1,0.472595966829099
P41126,gi:17136588,1,0.28837634807522633
gi:21358379,gi:28573278,1,0.4630654537514436
Q9V564,gi:24645653,1,0.5251667198803753
gi:24638625,gi:24654854,1,0.45989140149808866
gi:20129903,gi:24641831,1,0.49483437630626026
Q01642,gi:24654383,1,0.1865864979768998
gi:24639711,gi:24666944,1,0.468680094661113
gi:21356397,gi:24643715,1,0.4733248371480208
Q24404,gi:24640353,1,0.517324144945149
gi:24585240,gi:24652438,1,0.47668035960644184
P08044,P18502,1,0.5607772959132642
gi:20128797,gi:24655996,1,0.47833932204036617
gi:24581572,gi:24653887,1,0.5373943130383118
gi:18859901,gi:21355105,1,0.5154567226536129
P29310,gi:24661759,1,0.4816921781400459
gi:19922620,gi:24641014,1,0.5072414173769264
gi:17864344,gi:21355383,1,0.605505380137039
Q24337,gi:19922100,1,0.4614061825045895
gi:24648522,gi:24663304,1,0.5270617312736574
gi:19921312,gi:24639885,1,0.6080262669677124
gi:17986113,gi:28573830,1,0.5089668429424314
gi:24647685,gi:24652797,1,0.57078233394192
gi:22024201,gi:24641790,1,0.4698972459212366
gi:24582826,gi:28558748,1,0.4952478983949147
gi:19922538,gi:24663027,1,0.4984404351010888
Q9NJH0,gi:24582294,1,0.4615529343417935
gi:17137710,gi:24655555,1,0.5166289410905576
Q9Y1A3,gi:24642021,1,0.5270418186855874
gi:23397595,gi:24583567,1,0.6210342808174705
P45890,gi:24667196,1,0.47819628949910026
gi:17648123,gi:24645236,1,0.6184856664722268
gi:24649976,gi:28571908,1,0.3951608508611793
O61231,gi:28574886,1,0.453569960395527
Q9VYR1,gi:19922458,1,0.5169051861301331
gi:20129741,gi:28574564,1,0.5520616243506232
gi:24655568,gi:24655822,1,0.45612352317384613
gi:24646884,gi:28573213,1,0.5307608775043575
gi:19921850,gi:24585024,1,0.4183827866006368
gi:23397524,gi:24638774,1,0.49563616999565063
gi:17137648,gi:24642867,1,0.4730171066510526
O16797,gi:24645724,1,0.4573297529206937
gi:21357761,gi:28573746,1,0.5275313353327644
gi:17137788,gi:17647503,1,0.5557787872830556
gi:21356309,gi:24651920,1,0.49712081129262004
gi:19920382,gi:19922266,1,0.5544190753881381
gi:23397621,gi:24582094,1,0.5328611679365504
gi:24584547,gi:24656208,1,0.5221052699772775
gi:24583965,gi:24652789,1,0.5549169083511354
gi:24653084,gi:28574886,1,0.5656844793111214
gi:18859939,gi:19922464,1,0.607717802054493
gi:20129899,gi:24641493,1,0.4113300599517231
gi:24585242,gi:24641209,1,0.5869398138746378
O61351,gi:24663304,1,0.43786855238383865
Q8INW0,gi:24645817,1,0.5897003362838735
gi:21355995,gi:28573486,1,0.494849195762936
Q02360,gi:21357653,1,0.49271462173871655
gi:24582006,gi:24585358,1,0.5790165598520064
gi:20128797,gi:24642363,1,0.6298706003130686
gi:24653856,gi:28574920,1,0.5723061465824053
Q9VYV5,gi:24646214,1,0.5302430450022907
gi:21358109,gi:26080447,1,0.5571201594572468
P16914,gi:18860091,1,0.5331405001194882
gi:24648010,gi:24657619,1,0.5200760627503844
Q9VE01,gi:21357019,1,0.5027525027741737
gi:21358605,gi:24586111,1,0.5375861318939889
gi:17998687,gi:24660923,1,0.5037465886417567
gi:21358235,gi:22024283,1,0.41600187125749427
Q23983,gi:17737503,1,0.5613990783214103
gi:24641090,gi:24646039,1,0.43076952825265885
gi:17648123,gi:18858161,1,0.5480347039864982
P42287,gi:24665784,1,0.6003114266450131
P08182,gi:24581968,1,0.43938971979682967
P13217,gi:17136554,1,0.531927613433813
gi:19920358,gi:19922918,1,0.5219145309629311
gi:17864612,gi:24583140,1,0.5454712109371228
gi:21356727,gi:24645053,1,0.602329974368628
P08646,gi:24661685,1,0.5333243996192325
gi:19921238,gi:28573466,1,0.5398225091940546
gi:20130321,gi:24648231,1,0.6141683228343748
gi:24581165,gi:24642814,1,0.4735113661368806
gi:21355093,gi:24582219,1,0.45869211081268896
O02195,gi:21355783,1,0.38317925319520474
gi:24583666,gi:24640672,1,0.6635549353952913
gi:24585013,gi:24657504,1,0.5578465086506926
Q24400,gi:17647809,1,0.5254623592916228
gi:18129620,gi:24663336,1,0.49302503655990954
gi:18859685,gi:21358297,1,0.48755488525969815
Q9V564,gi:24662155,1,0.48549624733253977
gi:21355975,gi:24583827,1,0.5711901653560434
gi:20129863,gi:24659237,1,0.5448199775636227
gi:24641831,gi:28572129,1,0.5713657766111715
Q9W1Y7,gi:24646716,1,0.5700211763817594
Q9XYP8,gi:24663657,1,0.40079719154857796
O97420,gi:24639794,1,0.5557799237485359
gi:24655577,gi:28571637,1,0.47539899896924176
gi:24652737,gi:24762680,1,0.4685000677015163
gi:24581686,gi:24641302,1,0.49116404817882636
gi:21356743,gi:24762779,1,0.48720771538129387
gi:21356743,gi:24658721,1,0.4521884866251585
gi:24581719,gi:24585759,1,0.5056219509960859
gi:24661625,gi:28572090,1,0.6265747095103079
P54353,gi:28571356,1,0.3984182251644926
gi:18543225,gi:24649080,1,0.6121973926144205
gi:20130399,gi:21356221,1,0.4659198739102711
P06603,gi:21357215,1,0.5775525572834748
Q9VCR6,gi:18860011,1,0.42127005608980045
P16371,Q01069,1,0.5081693335904257
P29310,gi:21357821,1,0.48417303117410615
gi:24639541,gi:24655502,1,0.5228318051479933
gi:24646105,gi:24655187,1,0.41009680386260344
gi:24648828,gi:24655577,1,0.3268414085703804
gi:21356449,gi:24655888,1,0.6332083169733378
gi:19920424,gi:24639354,1,0.523455095545472
P92208,gi:24655577,1,0.46671588222157456
gi:24657782,gi:28573278,1,0.4601098919111807
gi:17647503,gi:24646924,1,0.48786033477738006
gi:17136732,gi:21355555,1,0.47058573696021816
Q8T0S6,gi:24662048,1,0.43280148803939394
gi:24650208,gi:24661140,1,0.5694554999339084
gi:17648053,gi:24581873,1,0.42997078264184563
gi:21356801,gi:24667211,1,0.5508466616417764
gi:21357711,gi:28573684,1,0.48251709534272264
O18413,gi:24655034,1,0.4777939374233102
gi:18859761,gi:28571891,1,0.5167216157104804
gi:24647148,gi:24649114,1,0.6466839256414394
P23380,gi:24646860,1,0.4414547656508377
gi:24586474,gi:24640599,1,0.5137810499227029
gi:21358065,gi:28571216,1,0.5794760631139473
gi:24645384,gi:24650168,1,0.4742809143864781
gi:24656026,gi:24668642,1,0.5188037241802231
gi:19921312,gi:24642235,1,0.49457433339721346
Q9V8K2,gi:22024206,1,0.4102397379675058
gi:17737433,gi:24582205,1,0.4802139957517584
gi:24642134,gi:24663802,1,0.5778720957205827
gi:18859793,gi:24645058,1,0.5206581977076575
P14130,gi:19921286,1,0.5722803049654408
P21914,gi:24582879,1,0.5361066887722721
gi:21357387,gi:28573879,1,0.5541483694502264
gi:24583408,gi:24655606,1,0.5244623449164542
gi:21356023,gi:24664979,1,0.5387418044625821
gi:24656938,gi:24665132,1,0.5781466964628101
O77425,gi:24646199,1,0.5654941005166768
O44424,gi:24642884,1,0.6004699010736141
gi:24648253,gi:28574582,1,0.46540647875345925
gi:17136556,gi:19920396,1,0.534235215450318
gi:20129527,gi:20129923,1,0.46580513693723197
Q24251,gi:24584828,1,0.4880194034892226
gi:20128793,gi:24643106,1,0.429137388767735
gi:24640233,gi:24658567,1,0.4445325227138631
gi:24647199,gi:24656694,1,0.47773116926447357
gi:19921950,gi:24663889,1,0.527718622813185
gi:24580674,gi:24655170,1,0.4952703343345986
gi:18858239,gi:21355115,1,0.46098557498045345
gi:17137616,gi:21356727,1,0.43998546853927206
gi:24654160,gi:24660188,1,0.5203633369331894
P02843,gi:24667238,1,0.48772254605001447
gi:21355383,gi:24655741,1,0.42186824215407953
P00528,gi:19921936,1,0.5510523602808463
gi:19921694,gi:28574635,1,0.47979502235365545
gi:17647939,gi:28573195,1,0.4305512598362653
gi:21356003,gi:24660710,1,0.6058831389709939
gi:24649175,gi:24661826,1,0.4558064828289936
gi:17136286,gi:24648643,1,0.4856832845195812
P40304,gi:24646857,1,0.4977756493612533
Q8INW0,gi:24644797,1,0.6558456483740565
gi:24583067,gi:28573563,1,0.4444097668665745
gi:24646290,gi:28574886,1,0.4832787500226228
O16011,gi:21356767,1,0.4434751589791091
gi:17933604,gi:30923711,1,0.553519791211265
gi:17647523,gi:24645663,1,0.4712012623955612
P40427,gi:24640951,1,0.5011252011875357
gi:24583454,gi:24668290,1,0.5498723286374197
gi:17737503,gi:24654854,1,0.5802312258425537
gi:24581572,gi:24585795,1,0.42039615749026543
P00034,gi:20129835,1,0.5502161241196719
gi:17137344,gi:24652101,1,0.5603102913150851
gi:24585384,gi:24643632,1,0.5413078926018025
gi:24586240,gi:24658940,1,0.48583771791459107
gi:20130247,gi:24660416,1,0.47609341435769803
gi:19922100,gi:24643310,1,0.42204809064566845
gi:22026966,gi:24645769,1,0.5521910496351146
P23757,gi:21687092,1,0.7916227305811979
Q06559,gi:24638750,1,0.49169125680349884
gi:19920766,gi:21356797,1,0.5269760533626523
gi:17647755,gi:24648198,1,0.4601671222311225
P18491,gi:24655366,1,0.41848124812788007
gi:24584916,gi:24655888,1,0.5305292610783966
gi:20128977,gi:24642670,1,0.4999906692170317
gi:19922796,gi:24582879,1,0.5505644373906687
gi:24638571,gi:24654595,1,0.4913814209580618
Q9VWR5,gi:24641014,1,0.5363952631024042
gi:24644880,gi:28574406,1,0.5661433429489012
gi:17864630,gi:24651524,1,0.4512302652659267
P19538,gi:24580513,1,0.5560227107647121
P08175,gi:24644093,1,0.7812883909232341
Q06559,gi:28571216,1,0.4551441931474914
P05389,gi:22024114,1,0.4777809101294743
gi:17864358,gi:28574303,1,0.511224665910701
gi:21357761,gi:24762556,1,0.29116946967133756
P21461,gi:18859669,1,0.48286201103426857
Q24133,gi:24646017,1,0.5167970251080526
P20483,gi:21358081,1,0.4666731380276557
P52295,gi:24654383,1,0.5001735877658173
gi:24639368,gi:24654522,1,0.47571361221845193
Q8INW0,gi:24582294,1,0.5985901973214715
gi:17136864,gi:28573963,1,0.47479241219541385
Q24117,gi:24643106,1,0.6088947084858732
gi:18543299,gi:22024111,1,0.501904164987827
gi:19920776,gi:24664652,1,0.6002156029272236
gi:24640430,gi:24651006,1,0.5070791401395532
gi:21357387,gi:24655153,1,0.5004418127664523
Q9VPS5,gi:24645179,1,0.5420845294020878
Q06559,gi:24647385,1,0.45928421403429537
gi:17137696,gi:24585242,1,0.6704040261118768
gi:19921778,gi:21357817,1,0.48472216226068787
Q9VUM0,gi:24641689,1,0.5972204841008623
Q24475,gi:17647503,1,0.6111463948682624
P16371,gi:24648755,1,0.4968517082422555
gi:24581949,gi:24638868,1,0.5254571620341997
P00528,gi:24641732,1,0.39417919696378634
P02834,gi:24584415,1,0.41189071273225064
gi:24641439,gi:24659203,1,0.5014819410348229
gi:24658206,gi:24667089,1,0.40789699075981933
gi:19923044,gi:24648198,1,0.5015347355630487
P41094,P48603,1,0.6315670120886071
gi:24638978,gi:24650729,1,0.6702410219666827
gi:19921312,gi:24582339,1,0.754787507598433
gi:17137696,gi:24658492,1,0.4029959061657477
gi:24582294,gi:24583724,1,0.48387483579523355
gi:21358297,gi:24583134,1,0.49387228579472947
gi:24652463,gi:24665469,1,0.4602624158970856
gi:18858125,gi:24642561,1,0.4635987865713586
gi:24643755,gi:24651236,1,0.5356396798846567
Q24025,gi:21357959,1,0.49749542891280135
P12613,gi:28574150,1,0.48978591209648636
gi:20129227,gi:24643516,1,0.7371993245554241
gi:24583436,gi:24644766,1,0.5145195074213075
P32392,gi:18860521,1,0.5214519826730525
Q9VG82,gi:17136412,1,0.5797459665446069
gi:17864254,gi:24659237,1,0.46101236977341276
P30052,Q24564,1,0.5104353665721619
gi:24663043,gi:24668018,1,0.37029844892098907
Q24141,gi:24648195,1,0.5657363488619763
gi:17648053,gi:24581854,1,0.46812342193756196
gi:18543289,gi:21356367,1,0.5065879017022483
gi:24650420,gi:24652999,1,0.42204515249046765
gi:24583531,gi:24651303,1,0.3199728812208275
gi:24638766,gi:24639885,1,0.4022611468243305
gi:21356061,gi:24653760,1,0.48251994886795113
P23696,gi:24652999,1,0.6148427131171156
P48149,gi:24645011,1,0.5702237696283442
gi:24642517,gi:28574950,1,0.5371433261882043
gi:18860011,gi:19922464,1,0.4995893403868949
gi:18543299,gi:24639772,1,0.49643618182445165
gi:19921458,gi:23397623,1,0.4933298460049165
gi:24641014,gi:24641689,1,0.6576624816073412
O18640,gi:24582467,1,0.5304591515200346
P54399,gi:24661625,1,0.4060737393346145
gi:24582383,gi:24640430,1,0.4506926694860954
Q01083,gi:24640982,1,0.5360833349367491
gi:24583208,gi:24644165,1,0.5039104804671956
gi:21955284,gi:24641363,1,0.5302002265748976
gi:24584835,gi:24586270,1,0.4743203258873845
gi:24641555,gi:24655474,1,0.58581706476852
gi:17986113,gi:28574284,1,0.47721418012867856
gi:18859953,gi:24658034,1,0.5400232381460327
gi:24646216,gi:24648444,1,0.5205082483587848
gi:21355125,gi:24583965,1,0.44838832948595997
gi:19920696,gi:24643078,1,0.48822463320661663
gi:24583827,gi:24639195,1,0.5934113785399465
gi:21955276,gi:24662288,1,0.4156842644690502
gi:24647897,gi:24651364,1,0.5613375546265432
gi:22026837,gi:24654441,1,0.46079974996129325
gi:17137616,gi:24655153,1,0.4188664812228813
gi:24583965,gi:24642134,1,0.38184851905411704
P09089,gi:17530843,1,0.5503126766193899
gi:24582104,gi:24658567,1,0.5043019895891954
gi:17137234,gi:28573830,1,0.5392486543841014
gi:28571707,gi:28572987,1,0.5307245460808707
gi:24584835,gi:24667108,1,0.45839894736839193
gi:18859889,gi:24661151,1,0.45593214872923504
gi:17986155,gi:21356415,1,0.5526220039211328
Q24570,gi:24640599,1,0.3479190161819834
gi:17647723,gi:24642452,1,0.5384037237367526
gi:18921139,gi:19922294,1,0.537634155942837
gi:24646607,gi:24648966,1,0.35167938231957635
O77430,gi:19921154,1,0.5806321540062594
P02824,Q9VG82,1,0.5660955741533604
gi:24666524,gi:24762669,1,0.4951627907094443
P29310,gi:24582268,1,0.36707764229536766
gi:24586167,gi:24647143,1,0.5722424161453775
gi:17137346,gi:24667211,1,0.4394396645472888
gi:19920776,gi:24762433,1,0.5092077711719349
gi:20129277,gi:28573466,1,0.5539726218102922
Q9V597,gi:21955284,1,0.6652341498269122
Q9W5Q1,gi:24651703,1,0.4517098301808707
gi:24643761,gi:24653514,1,0.47249627785972953
gi:22024201,gi:24645384,1,0.44546740973216675
O16867,Q01069,1,0.48463102747897874
Q9W3R7,gi:24585880,1,0.5031623684765313
gi:24640973,gi:24646169,1,0.39586381270579285
gi:18860011,gi:28573495,1,0.45587829537314417
gi:24638978,gi:24651185,1,0.2925738341685705
gi:17137344,gi:18543285,1,0.4523470388437397
gi:17647759,gi:24644617,1,0.49820511871781475
P17210,gi:19922144,1,0.29073389153088036
gi:24646365,gi:24653459,1,0.5344565419274134
Q94883,gi:24644365,1,0.5567796695466448
gi:19920406,gi:24663556,1,0.3148862041117392
gi:20130067,gi:24643078,1,0.5701835342664368
Q02645,Q9W0K7,1,0.47838682273635785
gi:24643347,gi:24644274,1,0.41892765088991296
gi:21355789,gi:24653999,1,0.446181371632598
gi:24653538,gi:24666303,1,0.6821699633812135
P17276,gi:24661022,1,0.5056287509701328
gi:20130261,gi:30923537,1,0.5029780330813917
gi:20128793,gi:24646001,1,0.5664843114959951
gi:19920696,gi:24652930,1,0.4948705426253992
gi:17137616,gi:24650168,1,0.4801045071396105
gi:19921700,gi:21358181,1,0.5394521883910105
gi:24663462,gi:28572963,1,0.42532499037704324
gi:18858095,gi:24580815,1,0.5421227106371608
gi:19921362,gi:24647601,1,0.43320675033737843
gi:24645413,gi:24656486,1,0.5332404474082467
gi:21355757,gi:24643731,1,0.44856967007286397
P52295,gi:24648198,1,0.5467775781781099
P35381,gi:24645087,1,0.45308613367362666
gi:24643817,gi:24646884,1,0.5506364319292658
gi:24649519,gi:24665489,1,0.7511335897057642
gi:19922480,gi:24639715,1,0.5112395183503742
Q9VRL2,gi:24648905,1,0.34344972683527775
gi:17137648,gi:17647803,1,0.4881406348110154
Q05201,gi:24641689,1,0.5071502644825101
P49258,gi:24639187,1,0.4542397063390913
gi:17933624,gi:19922110,1,0.5932291800201431
gi:24584017,gi:24585795,1,0.49971066613809056
gi:20128797,gi:24582319,1,0.6620214978235421
Q01644,gi:28574406,1,0.5160292082438621
gi:17647179,gi:17737989,1,0.5351306104275915
gi:18860545,gi:19922106,1,0.4308366724925072
gi:24644675,gi:24644677,1,0.8660015683347708
gi:17647341,gi:21355643,1,0.5380824149982854
P35381,gi:24665469,1,0.4799016770705795
gi:19921274,gi:20129433,1,0.5799454908666566
gi:24663949,gi:24666524,1,0.7144724217775257
P18502,P29052,1,0.4857720756901539
gi:17136788,gi:24651610,1,0.5208740257614428
P25867,P54611,1,0.3160069077510247
gi:17136864,gi:24584547,1,0.5093996512798756
gi:17137220,gi:24581901,1,0.49858894731470005
gi:18859657,gi:24650814,1,0.5759128383242857
gi:17648085,gi:24583041,1,0.5011151511493802
gi:21356995,gi:24667063,1,0.4326353440077019
gi:21356337,gi:24668317,1,0.4781436036359397
gi:24644757,gi:24648592,1,0.6496773849904977
gi:19922220,gi:24664257,1,0.5253443596107019
Q01083,gi:24646073,1,0.48806381199740195
gi:17136810,gi:24652897,1,0.5358325493411136
gi:17737433,gi:24641567,1,0.4243399918985025
O16011,gi:17647755,1,0.5286967654349753
gi:17136920,gi:19921578,1,0.3909506066993756
gi:19920688,gi:24659304,1,0.4367346700430953
gi:24654355,gi:24657054,1,0.512759408744764
gi:21356965,gi:24658342,1,0.3586322580126699
gi:22023983,gi:24665016,1,0.5345301067112148
gi:21357975,gi:28574707,1,0.4318917534091169
gi:24582319,gi:24642267,1,0.4746254426298732
gi:20130121,gi:24582212,1,0.4841641769494964
gi:24651028,gi:24661707,1,0.4058227137449096
gi:24639657,gi:24642744,1,0.44792494624037654
gi:24584494,gi:24654261,1,0.4892343545842732
Q01083,gi:21356741,1,0.42515585237290626
gi:21355917,gi:24649427,1,0.5083938617401454
P50887,Q24475,1,0.2845838426557789
P18502,gi:24583474,1,0.5122908026181773
gi:24642168,gi:28573671,1,0.13201892196429105
gi:19922686,gi:24653727,1,0.4899329913960921
gi:21356019,gi:24663011,1,0.44174816394537675
gi:24581572,gi:28571356,1,0.7404920149040782
gi:19920464,gi:24657070,1,0.5696434325738641
P09082,gi:24641790,1,0.5780178307180919
gi:24666933,gi:28571396,1,0.537295309513367
O97420,gi:24639086,1,0.20701282589797856
gi:17136506,gi:24664226,1,0.567979660204676
gi:17933532,gi:20128797,1,0.45889557010095433
gi:17136294,gi:24667132,1,0.4773840910195481
gi:24647864,gi:28573466,1,0.5429721631717616
gi:24584968,gi:24649312,1,0.4446373497368062
gi:19922868,gi:24644242,1,0.5327573333237074
gi:28571396,gi:28573598,1,0.48984533501778627
gi:24585053,gi:24668006,1,0.5310417280474543
P06603,gi:21358101,1,0.43391581870480367
gi:24585679,gi:28573590,1,0.44876460692518777
gi:18859961,gi:24661830,1,0.4442530385790296
gi:24658786,gi:24666694,1,0.3981350406593363
gi:17137454,gi:28574555,1,0.4463281744289527
P17276,gi:24644675,1,0.46316014240453357
gi:21357817,gi:24650248,1,0.4656269377923993
gi:24640029,gi:28558744,1,0.58954127283788
gi:24641344,gi:24654465,1,0.420521561727036
gi:20129237,gi:24585154,1,0.5124027661547412
gi:24582283,gi:24651247,1,0.5074226988885534
gi:19921758,gi:21357677,1,0.35903825532892797
gi:24640527,gi:24762376,1,0.541178203009709
gi:24641555,gi:24648484,1,0.5448780104820826
Q9VJV9,gi:24656431,1,0.5066335680122798
gi:24642867,gi:24652770,1,0.5642756813956648
O17445,gi:28558744,1,0.42111582604842646
gi:24641480,gi:24648615,1,0.4735566263978414
P05205,gi:24638702,1,0.40539848233476894
gi:19921254,gi:21356397,1,0.3196535385720832
gi:21357869,gi:24649122,1,0.3638465347519284
gi:24642235,gi:24646073,1,0.4926689161819855
P49905,gi:20128963,1,0.5946275288070608
gi:21356973,gi:24762726,1,0.5428042786070751
gi:21357439,gi:21358429,1,0.4419814541431763
gi:19920622,gi:24585459,1,0.453022673101629
P17210,gi:24648690,1,0.4927347475094458
gi:20130085,gi:24582699,1,0.5267551893546647
gi:17530857,gi:24652897,1,0.6446725669602197
gi:21358129,gi:24668006,1,0.5250811537211798
gi:24652852,gi:28571396,1,0.4673927060140956
gi:21357161,gi:24668091,1,0.447053595544965
gi:21355617,gi:24638625,1,0.5056552910106039
Q01644,gi:24659028,1,0.5331897423512896
gi:21358507,gi:24640527,1,0.4993074409806085
gi:24652737,gi:24667211,1,0.5614144076295919
Q94524,gi:24639727,1,0.57194979931546
gi:19921622,gi:24584167,1,0.5569446910955651
gi:24640233,gi:24655968,1,0.5843829411008059
gi:24585813,gi:24655759,1,0.5382233398865087
gi:21357711,gi:28573264,1,0.4125558995880364
gi:20129887,gi:24641921,1,0.34900377418780376
gi:19921638,gi:24640986,1,0.5288453258205765
gi:24648981,gi:24649519,1,0.6538757328258967
gi:19922676,gi:24642261,1,0.4149306190548296
P49906,gi:17137296,1,0.4232171398661724
gi:24648668,gi:28571934,1,0.47929747020405794
gi:24582006,gi:24586621,1,0.47782143287031675
gi:24585813,gi:24666240,1,0.47937526547656684
gi:20128999,gi:24639653,1,0.4535032724400237
gi:19921912,gi:24580765,1,0.5306997317823668
P82910,gi:17737533,1,0.4665012314708853
gi:24647367,gi:28574029,1,0.3930684292595342
P23023,gi:24585087,1,0.6643026787511915
P18459,gi:17136860,1,0.47280059311397554
gi:24586193,gi:28571891,1,0.4221132350514444
gi:24585813,gi:28571825,1,0.4911994412516774
gi:17933750,gi:24650439,1,0.447029711142222
gi:24647233,gi:24661455,1,0.44264270523701826
gi:24650577,gi:24652946,1,0.49402919221107494
gi:17933750,gi:24653322,1,0.356156864036384
gi:21686985,gi:26080381,1,0.4888896122971095
gi:17137616,gi:24642808,1,0.5138269723407407
Q8INW0,gi:19921274,1,0.47996953406786647
Q9VZD5,gi:24651498,1,0.4378179315883159
P19538,gi:28573674,1,0.49395630034090965
gi:21355851,gi:24642916,1,0.526415360763143
gi:24584167,gi:24652999,1,0.38975319741339476
P18171,gi:22024131,1,0.45474560091129446
gi:21356855,gi:24651524,1,0.4806293182950656
Q9VWA2,gi:24655153,1,0.5666326405017689
gi:20129961,gi:24641410,1,0.4360849401922402
P28159,gi:21357163,1,0.4983161888547575
P48603,Q94920,1,0.4630840033589792
P05389,gi:24657801,1,0.36531821427327393
Q9VCR6,gi:24585873,1,0.5031513948751001
O97420,gi:24655888,1,0.640389056915433
P07185,gi:24667917,1,0.265583592315208
gi:19922480,gi:24581719,1,0.47499144317929615
gi:18859977,gi:28571891,1,0.6111342570993996
gi:21355167,gi:24667211,1,0.43859098483646686
gi:24646827,gi:24655751,1,0.4660656501271208
gi:24585981,gi:24650257,1,0.5963132719347791
gi:24583067,gi:24648668,1,0.43705711589745516
gi:18860055,gi:24668309,1,0.5157362959388928
O96860,gi:24651203,1,0.5074298131691622
Q03017,gi:24653385,1,0.48661929431622974
P02835,gi:24654530,1,0.5080347252940999
gi:24652789,gi:24664391,1,0.44235946853417824
gi:24645148,gi:24646017,1,0.587035909853412
gi:17137224,gi:24664979,1,0.5173501584009976
gi:21356743,gi:24642836,1,0.5062864754046877
P13008,gi:24663802,1,0.6659186879533139
gi:19921856,gi:28573662,1,0.5458342632604386
gi:21357547,gi:24653595,1,0.5089096454206874
gi:19920376,gi:24585481,1,0.4552469647596248
P52295,gi:17136972,1,0.581921352088022
gi:17136854,gi:19921356,1,0.5433207489533158
P13097,gi:24643151,1,0.5229612828619171
gi:24645425,gi:24657974,1,0.44077580395220795
Q9VTE5,gi:28573604,1,0.6166846488452787
gi:24581572,gi:24657671,1,0.5088085064715527
Q960T2,gi:24656362,1,0.5075086309274868
Q960T2,gi:21355653,1,0.5003995272291992
gi:17647459,gi:19921494,1,0.4694788325553401
gi:24655153,gi:28572055,1,0.5837505437968104
O62622,gi:24657109,1,0.5341205790039242
gi:24644250,gi:24665132,1,0.5058465073236652
gi:20130017,gi:20130269,1,0.4880758978488457
gi:20130151,gi:24638868,1,0.632257734444487
gi:18860011,gi:24640689,1,0.4898593076373567
Q24260,gi:24643447,1,0.49297109167381814
gi:20129949,gi:24668429,1,0.34636290598450903
gi:19922024,gi:20130151,1,0.5254156387608764
P10987,Q94514,1,0.5267472341923461
P18432,gi:19920630,1,0.5778561894176439
gi:24654828,gi:28573431,1,0.4445594317133278
gi:23397595,gi:24644119,1,0.7455500990612
gi:24645177,gi:28571678,1,0.5941038725678309
P02518,gi:18858205,1,0.48746651496303467
Q9VJE5,gi:20428645,1,0.458575019813485
gi:24652930,gi:24662650,1,0.4839851209466384
gi:20129481,gi:21357753,1,0.6349291021893066
P40945,gi:24644642,1,0.5561110902346134
P23757,gi:24648840,1,0.5428051252421223
O77259,gi:24649427,1,0.44627190232711383
P13469,Q24564,1,0.5446451977611931
gi:24580965,gi:24656355,1,0.538401026160063
gi:17737749,gi:18543197,1,0.5330974693492893
gi:17136692,gi:24667117,1,0.5344082591327086
P07187,gi:24642021,1,0.6160668051594181
gi:24649976,gi:28574553,1,0.4887428483038885
gi:19920436,gi:24650009,1,0.4317760648901382
gi:19920688,gi:24584007,1,0.49135982119702026
O16011,gi:24654383,1,0.6716629045260892
gi:19920912,gi:24645413,1,0.5458670242227153
P48593,gi:24642547,1,0.3537716661069262
gi:21355715,gi:24583726,1,0.49957574567113094
Q960T2,gi:24762324,1,0.47941302740878494
gi:24586098,gi:24647285,1,0.3829091352817541
P13060,gi:24652518,1,0.4437990448089171
gi:21355851,gi:24653614,1,0.4542225060609897
gi:20128865,gi:24652438,1,0.4927085719115489
P07909,gi:24585156,1,0.3794985813640705
gi:24581314,gi:24665583,1,0.40271152865290033
gi:17933604,gi:24653584,1,0.5659727677618234
gi:24647609,gi:24657218,1,0.5277255208791665
P02835,gi:24644057,1,0.5220748791494533
gi:24582212,gi:24649327,1,0.4104440012563164
gi:17864566,gi:24651625,1,0.525678374363778
P00444,gi:24664458,1,0.4404168576138219
P10041,gi:17136520,1,0.5262776061092139
P13395,gi:24583218,1,0.5183473292492586
gi:19921758,gi:24583355,1,0.4521773299059422
gi:24655644,gi:24666323,1,0.5518774457035874
gi:24582746,gi:24658492,1,0.46541888848140806
gi:19921710,gi:24660989,1,0.48164279927199205
gi:24582741,gi:24646737,1,0.6371005429623363
gi:19920448,gi:24664199,1,0.550137496898054
gi:24665821,gi:28573115,1,0.5001956209477586
gi:20128953,gi:24639609,1,0.5365526730103359
P10987,Q9W2U9,1,0.5645257987654465
gi:24583332,gi:24641957,1,0.4403470346434594
O44783,gi:24645553,1,0.5031540350472185
gi:21355869,gi:28558748,1,0.43773007607034126
gi:19920808,gi:24649080,1,0.49810982277673477
gi:24654644,gi:24664458,1,0.524511027461053
Q9W5U2,gi:24643118,1,0.48641840950210014
gi:20130199,gi:24655577,1,0.5049579978890458
gi:24583726,gi:28574115,1,0.5332944931554185
gi:21356677,gi:21357761,1,0.42736742999812616
Q9V7D2,gi:24644026,1,0.4788225873807851
P14130,gi:24582104,1,0.5971858360789352
P40320,gi:24667917,1,0.3463338369406295
gi:18543285,gi:22024244,1,0.4704505208877399
gi:19920776,gi:24654325,1,0.49596426927409576
Q9XTM1,gi:20129011,1,0.5005408039010313
gi:17864418,gi:24583827,1,0.4714986486523377
gi:21357875,gi:28571396,1,0.41594610522953146
P54367,gi:24641790,1,0.5223350760488294
P52304,gi:17737871,1,0.5539594389328625
gi:24580619,gi:24642517,1,0.42831599369291967
gi:20128977,gi:21357837,1,0.5714630727292943
Q24117,gi:21358019,1,0.6792977761785614
gi:24582306,gi:24652846,1,0.5158904667681481
Q9VTF9,gi:24655888,1,0.5639714061563033
P29310,gi:24655036,1,0.5114406360052258
gi:22026831,gi:24639687,1,0.4773322690672996
P16378,Q06559,1,0.4883264433325763
O77051,gi:24640959,1,0.48026492448141817
gi:20129739,gi:24651247,1,0.4896988112087897
gi:24582383,gi:24584056,1,0.5455912213170012
P22464,gi:19921838,1,0.5158379120956514
gi:24650658,gi:24650873,1,0.542455351351803
gi:24582540,gi:24650737,1,0.5107174555087329
gi:19921872,gi:24645869,1,0.55309635923792
P42287,gi:24647609,1,0.47712394822822374
gi:18543285,gi:24641555,1,0.5472128987686887
gi:19921140,gi:24762491,1,0.5065640923253809
gi:17647979,gi:24639715,1,0.49392187351699485
P07183,P31009,1,0.5951760714739127
gi:19921002,gi:24640578,1,0.7036966864127545
gi:24584906,gi:24644242,1,0.41257516643115394
gi:24585132,gi:24653536,1,0.5624359798735082
Q03017,gi:28574009,1,0.5251330327177425
Q9VC27,gi:24656486,1,0.5353103591461639
O46106,O76912,1,0.5036144684536652
gi:17137102,gi:24649996,1,0.4725618741312618
gi:21357817,gi:28573563,1,0.41100972696862176
gi:17864630,gi:24583965,1,0.41088130964939024
gi:24658229,gi:24666997,1,0.6005854696265995
gi:20128985,gi:24661936,1,0.5785143321009691
gi:20129399,gi:28573662,1,0.5040499740828712
gi:17136412,gi:24659210,1,0.48793027431451963
P15330,P31009,1,0.6212435446114244
P18502,gi:18858069,1,0.5081676870795903
gi:24645581,gi:28574920,1,0.4442009729283776
gi:17864566,gi:24662634,1,0.5099435187447258
gi:21357417,gi:28571147,1,0.42333572081538673
gi:24666323,gi:28574757,1,0.47997598910121253
gi:21357969,gi:28574726,1,0.540915008648183
O46036,gi:17136378,1,0.53283487206798
gi:18921097,gi:24585384,1,0.5104759624567027
O97125,gi:24652940,1,0.5384254974921489
gi:24642882,gi:24649473,1,0.5598277335482421
gi:20129835,gi:28571789,1,0.6189217519824958
gi:20128863,gi:24640233,1,0.4971323877886264
Q9W3R7,gi:24650924,1,0.5056295893834842
P23779,gi:21355581,1,0.5652243457188931
gi:21355361,gi:24654854,1,0.4982804503072718
Q9W0K4,gi:28571515,1,0.5007104205877888
gi:17933688,gi:24655153,1,0.515178622675022
gi:17137620,gi:24647343,1,0.5833032800767425
gi:17647581,gi:24659086,1,0.5088640967547433
gi:20129277,gi:24663027,1,0.48448305630224414
gi:24656759,gi:28573879,1,0.5595714501100615
gi:20129291,gi:24642719,1,0.5057319248010321
gi:19922794,gi:20128797,1,0.5500096907983238
gi:19920696,gi:28573010,1,0.5086489333730482
Q27350,gi:21355075,1,0.4340971940920648
P14734,gi:21358569,1,0.3928549666362019
gi:20129579,gi:22026831,1,0.6750172570826918
gi:20129859,gi:24664652,1,0.5399686522466878
gi:21358569,gi:24640689,1,0.5222021411385023
gi:24650814,gi:28571865,1,0.46518103100369257
Q9V407,gi:17933748,1,0.5562597504627806
gi:17136692,gi:24649952,1,0.5202963890624287
gi:17137234,gi:28573879,1,0.5283756437047871
gi:17864630,gi:24648981,1,0.6693841479172359
gi:24641357,gi:24668519,1,0.37692625174857264
gi:20130085,gi:24648195,1,0.5048436408475588
gi:21358333,gi:24665661,1,0.5347346062742762
Q9VPS5,gi:24642256,1,0.47480654987318566
gi:19921274,gi:24645058,1,0.32486082256201776
gi:24650575,gi:30923711,1,0.5262510380035189
O76924,gi:24581719,1,0.6183276935340678
gi:21357145,gi:24661359,1,0.5534115332703271
gi:24585358,gi:24665042,1,0.5500727663136998
gi:18859825,gi:24639715,1,0.5393721281934373
gi:24582283,gi:28571108,1,0.4848661087565263
Q24404,gi:19921566,1,0.2806216363376235
O16797,gi:24585236,1,0.4563844283069653
O16867,gi:21357365,1,0.5677937952709019
gi:21355117,gi:21357483,1,0.7813767084425892
gi:18859825,gi:20129437,1,0.35697888396445115
gi:19922896,gi:24664105,1,0.5244528294055113
gi:23397621,gi:24646737,1,0.7658570727168243
gi:18859989,gi:21356733,1,0.4640512035798303
P49905,gi:24648828,1,0.43241186792705977
gi:21358111,gi:23397621,1,0.5412545143295608
O16797,gi:24638995,1,0.4667548647519973
P02835,gi:24650192,1,0.5141328187145336
gi:24583965,gi:24646212,1,0.5309982216403835
gi:21357113,gi:24581976,1,0.5413589030782252
gi:24582598,gi:24657185,1,0.5204906567927648
P08182,gi:24645148,1,0.5016960281332842
O16797,gi:24641148,1,0.48069782835135544
Q24141,gi:24650979,1,0.57106603965691
gi:19922918,gi:24656362,1,0.6486815511420408
gi:21355717,gi:24648409,1,0.44681110004206454
O44226,gi:24582306,1,0.4926290072077333
gi:18858231,gi:24581719,1,0.46368946592397486
P82147,gi:28574303,1,0.4732472742407898
P28159,P49905,1,0.5920706238127762
gi:17137620,gi:21355873,1,0.5871568670106976
gi:24646318,gi:24663861,1,0.4758285100130431
Q9VES1,gi:24661136,1,0.45151779129560515
gi:21358247,gi:24644498,1,0.6081087119261819
gi:24645769,gi:24655153,1,0.5691804841522228
gi:21357903,gi:24646365,1,0.5959382598208389
Q24311,Q24564,1,0.5718963309710773
gi:18858055,gi:24655741,1,0.47834682878239865
gi:21355657,gi:28571660,1,0.5190876199886306
gi:28574726,gi:28575006,1,0.43665715040100006
gi:28574303,gi:30923558,1,0.41902934351313664
P82910,Q24404,1,0.4687660272518936
gi:19920688,gi:24640289,1,0.6062043764065181
P50887,gi:24582926,1,0.3891693598945508
gi:24646928,gi:24662753,1,0.5171266363975393
gi:21355719,gi:24668816,1,0.48939370927544906
P25867,P42325,1,0.593526886705456
Q9U1M2,Q9W1C9,1,0.4215108721039783
P11455,gi:20129101,1,0.5295942837809834
Q02361,gi:24644207,1,0.5206956064417948
Q9W1P7,gi:24646114,1,0.5409375430574083
O97067,gi:19922518,1,0.550707752514712
gi:20129859,gi:24646318,1,0.5254838155690109
gi:21357365,gi:22024283,1,0.6105514728917024
gi:21355581,gi:24656982,1,0.5896154934708238
gi:20129745,gi:24581719,1,0.42872122975314525
gi:18858101,gi:24662518,1,0.4882118038322821
gi:18857963,gi:24582757,1,0.44076049173508647
gi:18859929,gi:24653562,1,0.4033787979564655
gi:17136258,gi:24584547,1,0.654941276423353
gi:24642799,gi:24648574,1,0.5074318297527924
P41374,gi:24647050,1,0.5207880568650824
gi:21355379,gi:21356041,1,0.38219929418630105
gi:17738007,gi:24586270,1,0.5104404932770017
gi:17137220,gi:19922172,1,0.5161084947889143
P02824,P92208,1,0.5238942868653345
P55841,gi:24649797,1,0.49972323528197304
P18432,gi:24655577,1,0.38175691488356706
gi:21357511,gi:24584547,1,0.6080724330240311
gi:17137234,gi:24583799,1,0.5024788145218352
gi:24652852,gi:24657782,1,0.5473042884889144
gi:21358085,gi:24581719,1,0.47345248452739735
P18102,gi:21357479,1,0.49507794403461397
gi:17864328,gi:24665583,1,0.46411902861997767
O44437,gi:20129565,1,0.5412544651169297
gi:24648198,gi:24651939,1,0.3604886533236328
P23757,gi:28571495,1,0.5937594409415554
gi:22024201,gi:24650284,1,0.5142049570644383
gi:24656270,gi:24666879,1,0.5122977393887894
gi:24659210,gi:28574527,1,0.5013994873751527
gi:23397623,gi:24657684,1,0.34811719882179176
gi:17352479,gi:24642517,1,0.47515457914476383
gi:24585242,gi:24649646,1,0.5961489111317402
gi:24639715,gi:24653350,1,0.6019067215832216
gi:19921136,gi:24641919,1,0.3240418378181637
gi:24582592,gi:24650097,1,0.37025477393598955
gi:21357211,gi:24657671,1,0.7661178195889752
gi:20129129,gi:21687133,1,0.6243455999612476
Q05856,gi:21355163,1,0.38160583198178405
P18102,gi:17136732,1,0.5625129879617836
P92208,Q9VHP2,1,0.5029512011098398
Q9U1H9,gi:24646664,1,0.549245001097846
gi:17647979,gi:18858137,1,0.5907703125188167
gi:24583929,gi:24644819,1,0.606730110801068
gi:24584547,gi:24655187,1,0.5677519204984907
Q02926,gi:17136728,1,0.627611061640193
gi:24645887,gi:24653690,1,0.48492584011496115
gi:24649564,gi:24655555,1,0.6160005500211955
gi:18859961,gi:24650208,1,0.470724061359088
P07207,gi:24584494,1,0.35103705875533714
gi:21358339,gi:24665821,1,0.43813283237531697
P48555,gi:24656486,1,0.47126182626697083
gi:21357171,gi:24650670,1,0.5515024907654531
Q24141,gi:24639581,1,0.46090760562680816
gi:19921140,gi:24653061,1,0.6168672040672591
Q9W1Y1,gi:21357761,1,0.5206591940655603
gi:24642517,gi:28573486,1,0.5176096429148347
gi:24652842,gi:24663462,1,0.39017057550676815
Q9V6G5,gi:24651326,1,0.5517287604097949
gi:24646434,gi:24648401,1,0.5272791423080317
gi:17137074,gi:24663250,1,0.5427863694572757
gi:24656168,gi:24657218,1,0.465791656353296
gi:18543215,gi:24640233,1,0.5657430527892535
P42003,gi:24641921,1,0.6620414390816188
gi:24581168,gi:24644057,1,0.53800926167456
gi:20129301,gi:24646316,1,0.5907977900671223
gi:19921326,gi:24581787,1,0.4319687322908717
gi:24646420,gi:24652930,1,0.6023360306889122
Q9W2N0,gi:24642021,1,0.5148784428406836
gi:24639687,gi:24664652,1,0.5130318761646723
gi:19920436,gi:24650914,1,0.4288386928872939
P19538,gi:24666434,1,0.597275734710184
gi:21358615,gi:24581901,1,0.37324169012843195
gi:24586353,gi:24649452,1,0.48131340721126725
Q9VGS2,gi:18859929,1,0.5459108356020966
gi:24638774,gi:24646827,1,0.5510696865233006
gi:21355909,gi:24653649,1,0.5151050569347772
gi:19920344,gi:24645967,1,0.31428282859125123
P16163,gi:24646600,1,0.4982489697125686
gi:17737655,gi:24646928,1,0.5274443228251074
gi:24647685,gi:24657364,1,0.4957995101118688
gi:20130399,gi:21357181,1,0.541700401899004
gi:24638691,gi:28571412,1,0.4784556231050852
gi:20130085,gi:24583012,1,0.6491739646425606
gi:24640777,gi:24663462,1,0.6636539816788489
P16378,gi:24585027,1,0.5608932528306771
gi:24642261,gi:24657160,1,0.580073805514545
gi:19922560,gi:24640599,1,0.5803284732027764
gi:17137238,gi:24647058,1,0.5834523872896411
gi:24641616,gi:24649007,1,0.6244441405790181
gi:18921145,gi:19921830,1,0.5661088219096734
gi:19920696,gi:20128797,1,0.5265762351281863
gi:20129291,gi:24586067,1,0.5165690686113079
gi:24642517,gi:24651526,1,0.49758023472080803
Q9VDD9,gi:28573544,1,0.5346582782046744
gi:20129227,gi:24655153,1,0.6206039074325496
gi:18860011,gi:24668309,1,0.4614906870984102
gi:24647385,gi:28574726,1,0.5852119216416318
P51123,gi:24650248,1,0.49405144894783876
O77434,gi:24639396,1,0.48438214672461344
P48149,gi:30923655,1,0.3971110352298173
gi:20129291,gi:24656494,1,0.49718264418521085
gi:21357915,gi:24655474,1,0.4696281745730531
gi:24584835,gi:24586048,1,0.43979024970248665
gi:24641555,gi:24667285,1,0.5017590442617863
P08182,gi:24641946,1,0.4675612647037282
gi:24639508,gi:28573662,1,0.4872623744338762
gi:24583067,gi:24648198,1,0.3109322179946798
P16371,Q01070,1,0.4456814660174084
P13060,gi:18860545,1,0.4621058292741241
gi:24644819,gi:28574316,1,0.5359993893071642
gi:21357817,gi:24657782,1,0.4940357597156634
gi:24640164,gi:24641553,1,0.6290566893850674
gi:24581572,gi:24651939,1,0.4153729347297679
gi:24645446,gi:24657782,1,0.5862592080667575
gi:21356083,gi:24642559,1,0.5424856920207973
gi:24640344,gi:24643052,1,0.5653081544497449
gi:21357761,gi:24651212,1,0.49882510334089003
gi:21357211,gi:24644250,1,0.3811287944250793
gi:17933748,gi:24664132,1,0.3744844162283827
gi:21358145,gi:24657619,1,0.5533943674674011
gi:18857963,gi:28574903,1,0.457492950698542
gi:21357781,gi:24667117,1,0.6009344644139984
Q9V8K2,gi:17137758,1,0.5269081087282009
gi:21355917,gi:28573310,1,0.45796200512443624
Q9W5R8,gi:21355851,1,0.524150701961072
gi:24582879,gi:24650348,1,0.5459854716682416
gi:17137760,gi:24646369,1,0.5248714356992954
gi:24583947,gi:24584039,1,0.5126975309892211
gi:24665583,gi:28573576,1,0.5571037845898813
Q9VCZ8,Q9VW56,1,0.5672463077585611
Q9VQQ9,gi:17985991,1,0.5461762217709293
gi:21356355,gi:24582788,1,0.43204748725976627
Q9VNE9,gi:24654017,1,0.47488149485876197
gi:18859807,gi:24644592,1,0.5649317554016929
gi:18858231,gi:24586562,1,0.4050677528927414
gi:17136846,gi:20129967,1,0.4319812007636826
gi:18543301,gi:21356211,1,0.538781932307562
gi:17137616,gi:24641148,1,0.49896943846119796
P42325,gi:17136926,1,0.49160053176646934
gi:24650714,gi:28571447,1,0.42465181945959174
gi:24580731,gi:24663131,1,0.6355805087438834
gi:20129945,gi:20129967,1,0.5783829329448272
O44783,gi:24660872,1,0.4473053009814353
gi:19921312,gi:24647498,1,0.20923485392839147
gi:24647609,gi:24652737,1,0.5560967493539318
gi:24647779,gi:24648643,1,0.4565728134941572
O96860,gi:24641792,1,0.6209727827693525
Q8INW0,gi:24583474,1,0.5700643551832527
P16378,gi:24650658,1,0.5104320432094177
gi:24640704,gi:28573034,1,0.5209121238967317
gi:19920906,gi:21358181,1,0.5075790693555372
gi:24583929,gi:24639806,1,0.5735881863965914
gi:24583067,gi:24645553,1,0.5203075633413944
gi:17998687,gi:24645621,1,0.47730802105735287
gi:21355799,gi:24646593,1,0.40385566777220744
gi:19920448,gi:22024255,1,0.460228940055295
Q9VGX3,gi:24581572,1,0.4197272252702605
gi:24583803,gi:28573590,1,0.4021696912711907
P19538,Q9V8K2,1,0.43144831479407625
gi:20129291,gi:21355477,1,0.4129255732999944
gi:24652946,gi:24654441,1,0.4931958547815221
gi:21355851,gi:24582755,1,0.5747219292610569
P36241,gi:21357223,1,0.412191634699939
gi:24647609,gi:24668551,1,0.532729666787571
gi:24641097,gi:28574582,1,0.5992782987818702
gi:24639885,gi:24641480,1,0.3196188981660128
Q24564,gi:24582516,1,0.4612934520372748
gi:17647757,gi:21358161,1,0.4302778446577083
gi:24581089,gi:24668026,1,0.41917936167228526
P40796,gi:24657567,1,0.4930509750091934
Q8INW0,Q94981,1,0.5392307252412418
P55828,gi:24652882,1,0.577132740380068
gi:19922030,gi:24646485,1,0.4845121229214369
gi:19922196,gi:24650013,1,0.48879946042737843
P54611,gi:24661689,1,0.30722690151384124
gi:24585242,gi:24659451,1,0.5190258896589246
P40427,gi:20129901,1,0.4623075183807759
gi:17137616,gi:24640959,1,0.34181923416300714
gi:20129369,gi:28571955,1,0.5411235365920717
P07183,gi:24655121,1,0.7747039085360188
gi:24643497,gi:30923655,1,0.5110469705022231
Q24400,gi:30923613,1,0.4108975734346852
gi:21356927,gi:24661136,1,0.7002671757563187
gi:21355365,gi:24652720,1,0.549267244699341
gi:19920376,gi:21357913,1,0.5210331198473047
O16011,gi:17737881,1,0.5346149219669982
gi:18858125,gi:20129865,1,0.46575103477475516
gi:21356415,gi:24668338,1,0.465791351064194
gi:17137760,gi:24650658,1,0.550540947298451
P41093,gi:28573799,1,0.46081497734408133
gi:19923016,gi:21357677,1,0.5090459609529385
P49905,gi:24646440,1,0.5545563015500723
gi:17137488,gi:21357999,1,0.5486807452344681
Q9NJH0,gi:24648776,1,0.5595863391210215
gi:18860099,gi:21355719,1,0.5312376069436107
gi:24649952,gi:28571487,1,0.5100746259493875
gi:17137752,gi:24640704,1,0.6186444367305116
gi:19921254,gi:24585236,1,0.3977562050536317
gi:24640164,gi:24647702,1,0.4448136661381625
gi:24639936,gi:24654828,1,0.5488786847939704
gi:24638845,gi:24640233,1,0.5913237605645612
gi:24586550,gi:24641831,1,0.5082007551550035
O18640,P40427,1,0.49893871020996755
P23757,gi:24659060,1,0.5741993261395603
gi:24647508,gi:24655153,1,0.5925862077214613
gi:22024141,gi:24582212,1,0.35605345491015816
Q24564,gi:28574726,1,0.3757852330017562
gi:17647755,gi:28573310,1,0.48181595439144276
gi:24583929,gi:24645538,1,0.6737999368424931
gi:21358201,gi:24654636,1,0.4999733266520379
P17276,gi:21357023,1,0.5263826376134375
gi:24581425,gi:28574903,1,0.4176451291459447
Q9VQQ9,gi:24667207,1,0.515296177040636
gi:18859833,gi:20129563,1,0.5191450157392367
gi:18857963,gi:24655153,1,0.4948897066451459
gi:17864444,gi:24659237,1,0.5436526620983679
gi:22024283,gi:24643702,1,0.5486966669054417
Q9VEX9,gi:20129903,1,0.5517937407475861
P48461,gi:24642367,1,0.4924777908462062
gi:20128901,gi:21357417,1,0.5245664299588981
gi:19920978,gi:24638571,1,0.49536594780751736
gi:21357953,gi:21358161,1,0.5759297715758491
gi:17647281,gi:24668824,1,0.43081482545198657
gi:24642884,gi:24667330,1,0.515645540363143
P23696,gi:24644214,1,0.4944836311935438
gi:24666579,gi:28572018,1,0.5624083851579275
P23696,gi:21355717,1,0.5386448408682161
gi:24647572,gi:24667246,1,0.5618487742194086
gi:24584296,gi:24640672,1,0.436990074127985
gi:24581719,gi:28574406,1,0.5148711273287735
gi:21356727,gi:24641209,1,0.44670277251670504
gi:24646318,gi:24647905,1,0.5221226014736795
Q24564,gi:24580900,1,0.40538955129253634
P07487,gi:24640903,1,0.5311672585147642
P49258,gi:24586270,1,0.5973099137290735
P50882,gi:17647723,1,0.5723991317809732
gi:21356313,gi:21357761,1,0.5375454161509726
gi:18859635,gi:20129067,1,0.5680921404398316
gi:20128797,gi:24658772,1,0.672523896298023
gi:21357875,gi:21358039,1,0.5259785672240831
gi:24586472,gi:24640599,1,0.5334987230840442
gi:24642799,gi:24644242,1,0.46999371469641904
P19538,P41044,1,0.422552294464889
gi:24580513,gi:28574443,1,0.49899190954454664
gi:17137710,gi:24586562,1,0.36466973773351424
Q24117,gi:24663861,1,0.6218977003887568
gi:24642588,gi:24658370,1,0.36262953862785857
P48149,gi:28574150,1,0.5613451026547839
gi:19920424,gi:24644778,1,0.4907057083542023
gi:18859825,gi:24652268,1,0.48113061873262963
Q24297,gi:20129565,1,0.44082914824508806
Q9VGX3,gi:20128901,1,0.432950878925895
gi:17137452,gi:24644214,1,0.5511108333075098
P42325,gi:24640777,1,0.41957307360868307
gi:17316365,gi:24655474,1,0.5252387980812202
P41093,gi:18859961,1,0.42356384654067253
gi:20130331,gi:24655170,1,0.5237527534415288
P39572,gi:20128797,1,0.550840247510738
gi:19922186,gi:24583724,1,0.5327242897239358
gi:19922260,gi:24653385,1,0.49304582206146896
gi:24585943,gi:24586621,1,0.5503422247429045
Q9VUJ0,gi:28558744,1,0.5524933241283253
gi:17864256,gi:24650814,1,0.3799916519513429
Q9VGX3,gi:19923044,1,0.38496326982065737
gi:17737533,gi:18079297,1,0.5447097498494248
gi:17933748,gi:18859851,1,0.47698317756300024
P13096,P13097,1,0.5674036756810842
gi:24667063,gi:28573427,1,0.5779310287597165
gi:21355641,gi:21357653,1,0.5540860000350865
gi:21358025,gi:24642628,1,0.5921974933652955
P21461,gi:24653385,1,0.4095555100477166
Q9V4Q0,gi:28571934,1,0.6171055222470949
gi:24650530,gi:28571660,1,0.5768761195363382
gi:19921976,gi:24656346,1,0.5851981755044381
gi:19921312,gi:28572120,1,0.39590515719423947
gi:21355681,gi:24643375,1,0.48546583374015156
gi:21355613,gi:24586311,1,0.5214984479195823
P07666,gi:20130125,1,0.3906185079128004
gi:24647638,gi:28573846,1,0.4847749879556718
gi:19922516,gi:24650658,1,0.573077824538075
gi:19923028,gi:24650124,1,0.47843897207903485
P42287,gi:28573662,1,0.5799380603926896
Q95028,gi:21687092,1,0.38399164989276513
gi:24580914,gi:24645053,1,0.45733187148368426
gi:18858055,gi:28574675,1,0.4866799233774729
P54733,gi:20129061,1,0.41798204727907523
Q9U3Y5,gi:24657054,1,0.5186598110714052
gi:18859713,gi:24663043,1,0.4150208253889077
Q24564,Q9Y0A7,1,0.5374411095767974
gi:17737655,gi:28573879,1,0.5874758950247729
gi:21357995,gi:24644242,1,0.4663491193105285
P02824,gi:24644057,1,0.49257726183416634
Q9XZT0,gi:28573563,1,0.4873080530486029
gi:20129941,gi:24583827,1,0.465391426905355
Q95YI5,gi:24656137,1,0.5848921776732756
gi:28573278,gi:28574742,1,0.4264318834729123
gi:24659829,gi:28573133,1,0.5780220045919235
gi:19922676,gi:24666442,1,0.4667932921916966
gi:21358165,gi:24656026,1,0.5553863208070708
gi:24643702,gi:24651265,1,0.471206524375098
gi:24640804,gi:24652999,1,0.1911827171485913
gi:18859635,gi:24641935,1,0.5216479729810524
gi:21357875,gi:28571445,1,0.538349209953237
gi:24640042,gi:24663043,1,0.5388107908154973
P34739,gi:24646369,1,0.5351721143677315
gi:19921140,gi:28573034,1,0.5538903232948394
gi:18858125,gi:24658086,1,0.4408384009157638
Q9V3P0,gi:18858235,1,0.4775845339580825
P91929,gi:24642543,1,0.5177731421892572
gi:19923032,gi:24645902,1,0.4681833626741658
gi:24642267,gi:24648690,1,0.5514038746578815
gi:20130085,gi:21356453,1,0.5201325427379606
gi:17933736,gi:28572980,1,0.5664954296301925
gi:21355617,gi:28574950,1,0.6071022873387416
gi:24581205,gi:24665297,1,0.5360512511662373
gi:17738153,gi:24645309,1,0.487029393144998
gi:24642517,gi:24651179,1,0.4464125819370043
gi:21358455,gi:28573403,1,0.4491609814907219
P48603,gi:24657891,1,0.4346916065466811
Q06559,gi:19920912,1,0.49101482620447534
gi:21355911,gi:28573563,1,0.4884712453665326
gi:19549546,gi:24666323,1,0.5017272208133053
gi:24639885,gi:24663035,1,0.6212745938319512
gi:24646530,gi:24657454,1,0.48250510947140746
gi:24582306,gi:24643634,1,0.5049793889942277
gi:24651006,gi:24659166,1,0.5367986201612959
gi:19921648,gi:24663336,1,0.545970477357523
P29310,gi:17737425,1,0.5385809516301366
O02195,gi:24665229,1,0.4860672005952596
Q24423,gi:24650782,1,0.5938820302444483
gi:21355717,gi:24581838,1,0.5172240076255807
P00528,gi:24657023,1,0.5354129631824708
Q01644,Q9V9S8,1,0.4000810938890926
gi:24646718,gi:24650658,1,0.549623432234731
gi:18858161,gi:24581467,1,0.5339191227162815
P19538,gi:24583873,1,0.5494280609734065
gi:21356695,gi:24650284,1,0.5392830633545836
gi:17864128,gi:22024059,1,0.48117583686185317
Q23985,gi:24641732,1,0.41448780836683013
gi:24645058,gi:28573817,1,0.45440128590533757
gi:24642563,gi:24666323,1,0.5690193773886866
gi:21687092,gi:24641578,1,0.3559456887987254
gi:17864274,gi:24642484,1,0.49952916198830816
gi:20129403,gi:21357099,1,0.4986410954953892
Q9VZS3,gi:21358103,1,0.49582979643518954
P11455,gi:24662384,1,0.3399194003457689
gi:17137452,gi:24585795,1,0.4392919582169235
Q24117,gi:28572043,1,0.5821387029414952
gi:20128863,gi:28571965,1,0.4709830945087691
Q06559,gi:24665661,1,0.5698512560845788
gi:24583965,gi:24648127,1,0.4322031764038893
gi:24647885,gi:24667833,1,0.4938456191928293
P35415,gi:18858161,1,0.47581636398589977
gi:19921648,gi:24642867,1,0.4861355804747576
Q9Y0I1,gi:24649671,1,0.590151793175572
P11147,gi:19920776,1,0.4654465249584703
gi:19922186,gi:24585132,1,0.5375780854212721
gi:17137528,gi:19920866,1,0.667127399849401
P19538,gi:24666933,1,0.5721812602993821
gi:17137296,gi:21358569,1,0.4856918943113182
gi:18858161,gi:24639687,1,0.482920646116445
gi:24585205,gi:24663304,1,0.5684968306092265
gi:24643151,gi:28573467,1,0.4334977687926702
P82711,gi:24646114,1,0.5196977894904112
gi:22026843,gi:24659100,1,0.6042975872169798
O16797,Q24395,1,0.5833981030456865
P49258,gi:24647845,1,0.4036745843056287
gi:17137620,gi:20304109,1,0.5993930967966459
gi:21357669,gi:24664023,1,0.3735624330025413
P91928,Q960T2,1,0.5210358828716983
gi:24580731,gi:24581574,1,0.5807347981791636
P13008,gi:28573590,1,0.48158062045087163
Q9W5U2,gi:24582283,1,0.45176276444576985
gi:24641827,gi:24762726,1,0.5155777521048248
gi:19921140,gi:24639782,1,0.5206978512414704
P08175,gi:24649007,1,0.5295044957897874
gi:24642691,gi:24642884,1,0.5938693922497054
gi:24666818,gi:28573662,1,0.44233657347478234
gi:24643702,gi:24762418,1,0.45310524684966386
gi:20129291,gi:24658164,1,0.5800673061707476
gi:28571515,gi:28573466,1,0.4459646427296979
gi:18859717,gi:20128863,1,0.6699686961683882
gi:24581719,gi:28573264,1,0.5328848010594949
gi:17864162,gi:24666524,1,0.629624992125063
gi:24647083,gi:24649452,1,0.5392945667098296
gi:22024201,gi:28574296,1,0.48124515372141785
gi:21355663,gi:28571519,1,0.42784671706218735
gi:17137700,gi:24654263,1,0.5591096538973027
gi:21356337,gi:24668563,1,0.5536886385875606
gi:19921230,gi:21356211,1,0.5022206029784138
gi:24581602,gi:24646718,1,0.5858834401439272
gi:24640211,gi:24643761,1,0.5076585456206716
gi:24643731,gi:28571565,1,0.3670437382436437
gi:24652930,gi:24663292,1,0.4851094815712669
O61351,P48598,1,0.5273732391132153
Q9VG82,gi:21357145,1,0.4047177121879156
gi:24650124,gi:28573278,1,0.425443054017193
gi:24645583,gi:24657782,1,0.461857707479588
gi:24662431,gi:24762837,1,0.5855212783647654
P48603,Q9W1Y7,1,0.5197508343402037
gi:21355909,gi:28573173,1,0.4682924171532251
P17886,gi:24668309,1,0.581176369193618
P10987,gi:28574893,1,0.5658439906058077
gi:21356767,gi:24654383,1,0.48455638487931285
gi:24655577,gi:24665583,1,0.46357603489125204
gi:24585813,gi:24649109,1,0.42168527879928586
gi:17136488,gi:24645058,1,0.45462903711714064
gi:24643303,gi:24667117,1,0.5172775452330904
O18404,gi:19921710,1,0.5103431166810037
gi:17137586,gi:24639685,1,0.5042766531127012
gi:19921976,gi:21355873,1,0.5075326198020251
gi:24656168,gi:24657684,1,0.42854362578801014
gi:24655474,gi:24656764,1,0.5193700344477024
gi:19920692,gi:24584067,1,0.516958875772007
Q9VHB6,gi:24667093,1,0.5594394954644244
gi:20130425,gi:28573729,1,0.5022495292238481
gi:24585079,gi:24586621,1,0.4747454473841988
Q24117,gi:19921842,1,0.5710820252591444
gi:24645581,gi:24654828,1,0.5358695788086554
gi:24581248,gi:24660075,1,0.5167521065445122
gi:19920866,gi:24647508,1,0.6940218204112023
gi:21358161,gi:24659272,1,0.5475311199909885
gi:24580731,gi:24655095,1,0.49613346307948036
Q9W3C1,gi:24585358,1,0.5548772498202761
P29742,Q27350,1,0.4767258475245503
P08182,P18432,1,0.4801468213859914
gi:17864176,gi:18859635,1,0.37001673937148283
gi:20129227,gi:24666524,1,0.8100891152037514
gi:24762745,gi:28571506,1,0.5629046389372836
gi:17864460,gi:21357019,1,0.4665068998710435
gi:21358201,gi:24586506,1,0.4926075437286888
Q9U405,gi:19921312,1,0.4896073111234337
gi:24585154,gi:24644638,1,0.5470187805771456
gi:24582370,gi:24646190,1,0.4121831164320369
gi:24665950,gi:28571481,1,0.4535323325197708
Q27350,gi:28573173,1,0.4016323175685833
P13582,P23938,1,0.6455784338997858
gi:21357593,gi:30923526,1,0.49494270241693616
Q9W3R7,gi:19920576,1,0.4481856327828554
gi:24655036,gi:24658110,1,0.5332519972012045
gi:24651451,gi:28573195,1,0.47434820790598164
gi:21357455,gi:21358201,1,0.5681409467640813
gi:17737503,gi:24639414,1,0.4885215903948637
gi:21355603,gi:24641689,1,0.6128718361971972
gi:20130425,gi:24654479,1,0.4447735517375692
gi:24585313,gi:24653245,1,0.49344292013248275
P10084,Q01069,1,0.5719443737268235
P55828,gi:28573729,1,0.44314202331014413
gi:24584039,gi:24644242,1,0.5606447892555584
gi:24580513,gi:28573310,1,0.5164685399718992
gi:21355917,gi:24638894,1,0.5080305608321536
P15330,gi:24662048,1,0.45213124077436273
P41043,gi:21356265,1,0.4242191428065884
gi:24645869,gi:24658772,1,0.46520510100288354
gi:24667063,gi:28574764,1,0.559934608169163
gi:20130357,gi:24640982,1,0.5611800423835857
P08175,gi:24666053,1,0.34017309190003653
gi:18859631,gi:24652686,1,0.5048609944245743
gi:17647155,gi:24656486,1,0.48628288090656113
P48149,gi:17737917,1,0.5171730139348989
P02517,gi:24640867,1,0.6753312098852013
gi:20130345,gi:24653649,1,0.5300628347519304
gi:20129291,gi:24762688,1,0.5064974935210312
gi:24638845,gi:24654644,1,0.5277634240454429
gi:22026843,gi:24644059,1,0.5443971271912289
gi:24582006,gi:24651377,1,0.45829549615823273
gi:24644422,gi:28573830,1,0.5341515227885453
gi:17864572,gi:24639687,1,0.5071200286162526
gi:24640777,gi:24657344,1,0.5400082809721313
P17276,gi:24639904,1,0.46626039453036583
gi:17737425,gi:19922166,1,0.5880854589109303
gi:20129433,gi:24584719,1,0.5489332093332996
gi:24649039,gi:24659282,1,0.5409410230390115
P17276,gi:24654471,1,0.4546079605427716
Q24338,gi:24645011,1,0.4632138619271257
Q24404,gi:28573684,1,0.5480416627717651
gi:20129291,gi:24663344,1,0.4173389758735715
O44783,gi:24654046,1,0.5678960490952168
gi:17986113,gi:19922100,1,0.5450736448889001
P07183,gi:20128797,1,0.6353734635391488
gi:21356003,gi:28573310,1,0.37209949575190204
gi:24585481,gi:24639304,1,0.5514396123258046
gi:24655153,gi:24667063,1,0.567737603411609
gi:19922670,gi:24648044,1,0.2423541669304524
gi:24652999,gi:24663462,1,0.6075482226237016
gi:24640713,gi:24658772,1,0.5296365558868198
gi:24648981,gi:24663556,1,0.5639110261920248
Q24133,gi:24582210,1,0.5314395792132272
gi:21357969,gi:24583929,1,0.6180068905141528
gi:21357117,gi:21358115,1,0.5235005824875572
gi:24642799,gi:24647638,1,0.5142538542425983
Q9VGS2,gi:21357761,1,0.47902204845374385
gi:24640672,gi:24652561,1,0.46527069036654123
gi:24655406,gi:24657160,1,0.5536601183251253
gi:24642021,gi:24666096,1,0.5310210233105095
gi:19920706,gi:20129369,1,0.521990496014201
P20153,gi:24639926,1,0.5359886422328171
gi:24581314,gi:24585635,1,0.5628934574572929
P07666,gi:24646318,1,0.4981764392855051
gi:24584798,gi:24641831,1,0.6155150697856393
O02194,gi:24647648,1,0.5169646792780089
gi:18860537,gi:24652071,1,0.5351998170013151
gi:17647979,gi:24584032,1,0.5049325367601526
gi:19921122,gi:24640817,1,0.48361846620752946
gi:21356235,gi:21357495,1,0.44647673292832957
P21461,gi:24662159,1,0.46368725196239385
gi:18859837,gi:24583691,1,0.5326017920242277
gi:20130199,gi:24663511,1,0.5976248566059615
gi:20129433,gi:21358067,1,0.5220400102253049
P11420,gi:24650196,1,0.5713966412733381
gi:20129731,gi:21357495,1,0.5124760389137404
gi:17933676,gi:24650248,1,0.3693738038784674
gi:19922000,gi:24643530,1,0.4488932993282511
gi:24584043,gi:24640806,1,0.5679153771483177
gi:21355231,gi:24646827,1,0.4709562191952276
P17886,gi:24649499,1,0.464775745521652
gi:19921312,gi:24643702,1,0.5323400609611584
Q9V9A8,gi:22026880,1,0.4976088662964422
gi:24640959,gi:24664458,1,0.4721258987269208
Q9GU68,gi:17136412,1,0.57576561923269
gi:24643439,gi:24649019,1,0.47799489834955966
gi:21355871,gi:24651599,1,0.4442702863271748
gi:24582096,gi:24658567,1,0.5393283832660891
Q24400,gi:24645058,1,0.6777086016833668
gi:24643911,gi:24668519,1,0.47986203244836345
gi:24581719,gi:28573830,1,0.5517266457105027
P19538,gi:24762491,1,0.5112468298281212
gi:24649080,gi:24662356,1,0.4208714243827415
gi:24640566,gi:24642123,1,0.491607734457434
gi:17137760,gi:24649499,1,0.4767749680551442
gi:24581719,gi:24585943,1,0.5485611188406759
gi:21356615,gi:28574582,1,0.4044122343037993
Q9NJH0,gi:24639541,1,0.484528743094025
gi:17647335,gi:17647939,1,0.43809531203453683
P02843,gi:26080381,1,0.48344385467604306
Q8IGR0,gi:24641493,1,0.5721596612873381
gi:24650182,gi:24655228,1,0.5229609744517278
gi:24654479,gi:24659237,1,0.6530635167149157
gi:21358039,gi:24654874,1,0.5318744310261414
gi:19921422,gi:28571865,1,0.41742612594362977
gi:18860099,gi:24645887,1,0.443892672682437
gi:17137732,gi:17933560,1,0.49564910869998946
gi:20129433,gi:24649183,1,0.5173635294123045
O96860,gi:20129301,1,0.5767006673945855
P19538,gi:24667974,1,0.5147472329817836
Q24133,gi:24661136,1,0.6292591518343481
gi:24659451,gi:24664697,1,0.44288034270911936
gi:18543215,gi:24585156,1,0.41729856552553
gi:21356777,gi:24648078,1,0.4708136630992999
gi:24582339,gi:28571445,1,0.4210540941330279
gi:19921554,gi:24581901,1,0.49614252783792484
P07207,gi:17137572,1,0.4440219491800788
gi:24643822,gi:28574529,1,0.5272978558676679
gi:24640005,gi:24647143,1,0.48409050256361796
Q27324,gi:24651454,1,0.5425988784368793
gi:24580841,gi:24585681,1,0.4402052300251163
gi:24580674,gi:24639569,1,0.60839930956355
Q9VD25,gi:24584828,1,0.606127589972794
Q8INW0,gi:19921036,1,0.6095510372598422
gi:17137764,gi:24640631,1,0.5042376618198436
P19538,gi:24639681,1,0.41898107047088806
gi:17136378,gi:24762779,1,0.5048693183882234
gi:21357871,gi:24585051,1,0.5778759517813227
gi:18857963,gi:24639659,1,0.4555914083009555
gi:19920932,gi:24656644,1,0.5558930131123005
Q9VVT2,gi:24641042,1,0.4431356640200612
gi:19920978,gi:24653514,1,0.5022940352141939
gi:17137344,gi:24582858,1,0.47259124791052487
gi:18543285,gi:24640430,1,0.5501628625636263
gi:17864566,gi:17986187,1,0.6504034619506217
Q9VRJ8,gi:24651589,1,0.4211661474682318
gi:21357363,gi:24654677,1,0.4138657494970566
gi:20130199,gi:28574582,1,0.6497087111873985
Q24117,gi:19922680,1,0.5268346648647797
gi:17737805,gi:28573207,1,0.46037147578672594
P11147,Q24570,1,0.3144673370869801
gi:21356741,gi:21357023,1,0.493894209642046
P09083,gi:24655341,1,0.48404695528348696
gi:24650248,gi:24655047,1,0.5496793510557354
P18289,gi:24638625,1,0.4215544058581427
P00528,gi:24655741,1,0.49940696197888435
gi:24646766,gi:24662765,1,0.4664196337838204
O01382,gi:24643666,1,0.44204386968897136
gi:21356739,gi:24648828,1,0.4889556442940249
gi:17737655,gi:24584736,1,0.5896938492699385
P46824,gi:24644422,1,0.4894624496719425
gi:24585331,gi:24661685,1,0.43605130320252483
gi:24644888,gi:24762594,1,0.5559116014224706
P50887,gi:24646073,1,0.4601140870186362
P08182,gi:24655741,1,0.4290204935220207
gi:24650202,gi:24762566,1,0.523449829434593
gi:24582048,gi:24662729,1,0.5401897263685878
gi:24580712,gi:24659221,1,0.5379512144566265
gi:24642588,gi:24665132,1,0.3446622573272413
gi:24643375,gi:24661662,1,0.5757639594656437
gi:24762383,gi:28572963,1,0.2668214732505428
gi:28573466,gi:28573893,1,0.4080140207827875
gi:24584039,gi:24655741,1,0.510590161278776
gi:24583470,gi:24762726,1,0.4683348586291735
P22807,gi:24665583,1,0.5203986631694164
gi:24641616,gi:24652101,1,0.5719585789887013
gi:17137692,gi:24641042,1,0.6462075472801587
O44424,gi:24639715,1,0.5932132444512653
gi:24586098,gi:28573264,1,0.46357689887910297
P22058,gi:24647942,1,0.5243949394363226
P02824,gi:24654441,1,0.4790205971861201
Q9NJH0,gi:24647905,1,0.5216882547508813
gi:17136646,gi:28574920,1,0.612673957654133
gi:21687037,gi:28573491,1,0.3084066760734295
P16371,Q27350,1,0.4820349751919468
gi:24639715,gi:24641781,1,0.6484616562647736
gi:21356337,gi:21357211,1,0.43034831496942244
Q02360,gi:24666096,1,0.43286309883403584
gi:17137802,gi:24647779,1,0.5761259467685181
gi:17136720,gi:21358247,1,0.44189250909733074
Q24180,gi:24644165,1,0.5955368035984471
gi:24651564,gi:24667569,1,0.5043625214673595
Q9NIP6,gi:24582598,1,0.5434203947374232
gi:18543225,gi:20129721,1,0.6448091005176109
P48149,gi:24585236,1,0.5331049424427031
P82910,gi:24645300,1,0.5143638247901915
gi:24638609,gi:24650420,1,0.4452476839676032
gi:19920866,gi:24662650,1,0.35522951626083776
gi:17137752,gi:30923613,1,0.5394010190304168
Q9VVF3,gi:24648281,1,0.4676656083310872
P17276,gi:24649692,1,0.5531322429914403
gi:21355909,gi:24642884,1,0.616672790273119
P08646,gi:19920776,1,0.46514650696889176
gi:21356973,gi:24638976,1,0.5061079851246821
gi:17137752,gi:24655187,1,0.5679008255975939
P15330,Q03017,1,0.5066930935808134
gi:18859825,gi:24584536,1,0.16040950157318207
gi:24583234,gi:24585242,1,0.4320967402077009
gi:20129853,gi:24664423,1,0.9502441051092356
gi:24585795,gi:24586133,1,0.467200093544616
gi:17986155,gi:24648294,1,0.4670194730980641
Q9VIU7,gi:24585236,1,0.46683707951108083
gi:19921242,gi:24585156,1,0.4592077884616786
gi:19920350,gi:28573740,1,0.47075582021449197
gi:24657153,gi:24762506,1,0.5875141039937181
Q9VX09,gi:24641689,1,0.6304812793837713
gi:18858949,gi:28572090,1,0.5850384300667795
gi:24648981,gi:24650786,1,0.706823435701257
gi:21357017,gi:24658577,1,0.5620809884889211
gi:24646114,gi:28571396,1,0.5221936277933856
gi:24649646,gi:24654522,1,0.4525941986874061
gi:17137252,gi:24640268,1,0.42146547613340035
O18640,Q8T0S6,1,0.4781481528774422
gi:19922144,gi:24664458,1,0.5602545614455843
gi:21358507,gi:24652897,1,0.5641524610306726
gi:21355547,gi:21356511,1,0.6428554126874715
gi:24651451,gi:24655888,1,0.5893620394985037
P54733,gi:24643530,1,0.5205098009251173
gi:19921250,gi:24639448,1,0.5427745946494656
gi:20129277,gi:24582294,1,0.518752277319261
O44783,gi:24640353,1,0.581485362700717
gi:24650124,gi:24663228,1,0.5358113427795176
Q9VPS5,gi:24585803,1,0.45537143855836243
gi:21358631,gi:24659237,1,0.4900508106621881
gi:21357853,gi:24640510,1,0.6680204551815293
O18640,gi:24665661,1,0.5644880589327776
gi:21358555,gi:28571447,1,0.5117560409644867
gi:17864460,gi:24582858,1,0.49017078405751197
O16011,gi:24640233,1,0.6150685776839231
Q9GU68,gi:28574707,1,0.3859245196460977
P42287,P51123,1,0.4332609168460531
gi:24584835,gi:24647909,1,0.5410680409480946
gi:24585242,gi:28573427,1,0.5959347863615796
gi:21356401,gi:21357915,1,0.4330614759601658
gi:17864154,gi:20128797,1,0.5559428678328351
gi:17136294,gi:17933604,1,0.5099546749159798
gi:21357669,gi:24650202,1,0.6095420784542517
gi:24640704,gi:28574949,1,0.43758350268936663
P18105,gi:24583358,1,0.5153532978017978
gi:24584938,gi:24639715,1,0.46797182955484795
gi:19920406,gi:24641921,1,0.667840806485458
gi:21356595,gi:24649158,1,0.48072019389584636
gi:24654578,gi:28574296,1,0.49999364061183954
P18459,gi:24648549,1,0.5385751018423761
gi:20129077,gi:21356157,1,0.5234772842850487
gi:19922820,gi:24660188,1,0.49063947466122293
Q9V5C6,gi:19922922,1,0.4343402044348619
gi:21355777,gi:24647831,1,0.422632845291122
Q01644,gi:17136854,1,0.37558329214027963
gi:24644739,gi:24645285,1,0.49848727154259515
gi:20129709,gi:24584043,1,0.5901976406361688
P52295,gi:24650311,1,0.5110066554109074
P10333,gi:24657292,1,0.5272537929150651
O44783,gi:17136778,1,0.5806171934500107
gi:24641449,gi:24654765,1,0.4368205127247561
P07187,gi:24646318,1,0.5057048146149933
gi:17647677,gi:24643516,1,0.7143228233349366
gi:21356797,gi:24645419,1,0.39999839838936097
gi:24650248,gi:24654944,1,0.5292477086979113
O02195,gi:18860545,1,0.37603728864708713
gi:21356031,gi:24655366,1,0.47338568607287956
P55162,gi:17933736,1,0.4659570273365539
gi:20128797,gi:24585169,1,0.5432338952203039
gi:24661166,gi:24664154,1,0.8611370182009968
Q24141,gi:24586373,1,0.553571328865255
gi:19922440,gi:28572036,1,0.3842148052684228
gi:24639740,gi:24650356,1,0.47039620879454475
Q9VCR6,gi:21356815,1,0.49196115541608326
gi:20128985,gi:24662729,1,0.3558343961718564
gi:24582598,gi:24655905,1,0.42783575780823824
gi:21357387,gi:24656564,1,0.5505732213396874
O16011,gi:21355597,1,0.5138775955973804
Q24260,gi:20130085,1,0.5960271425060271
gi:24640353,gi:24667258,1,0.5431668127384717
gi:21355331,gi:24657218,1,0.5542632997963204
gi:19922106,gi:24650873,1,0.5299743385232346
gi:17136212,gi:24661826,1,0.5055772487520982
gi:24640353,gi:24641156,1,0.4805620783180195
gi:20428641,gi:28574726,1,0.5402630405648408
gi:24582212,gi:24585112,1,0.4476060042429134
gi:24646199,gi:24655121,1,0.3734901731036279
P19109,gi:17137642,1,0.45192735127426187
P42325,gi:24668824,1,0.4709570755967157
gi:21358081,gi:24642691,1,0.4564527713720278
P11455,gi:24642517,1,0.5408599887331687
Q95RI5,gi:17647979,1,0.47311492133775956
P05389,gi:24654595,1,0.47295352753063774
gi:19922670,gi:24662830,1,0.5891017921988301
P45594,gi:24639124,1,0.5587895794361654
gi:24644994,gi:28574153,1,0.5000442177412798
gi:24585205,gi:24640973,1,0.38003803821906956
Q9VEX9,gi:24646009,1,0.5519178216884524
gi:24641831,gi:24667521,1,0.5144396622457779
gi:24581155,gi:24640353,1,0.5374563651842638
gi:24581787,gi:24641689,1,0.5780028066261773
gi:24580543,gi:24663802,1,0.5540664121269794
gi:20130281,gi:24580799,1,0.5319234339845883
gi:21355917,gi:24656644,1,0.4802185305445301
Q9VJV9,gi:24647570,1,0.4767347816306505
P17704,gi:20129907,1,0.6141772129694116
P17917,gi:17136852,1,0.5466780072395862
gi:24581314,gi:24647285,1,0.49460746009428236
Q27350,gi:21357321,1,0.4679055534157123
gi:21356561,gi:24643586,1,0.4999414136196939
gi:24585074,gi:24639649,1,0.661579190363294
gi:24581719,gi:24651524,1,0.46446337422022166
gi:24644714,gi:28574516,1,0.5039483199442757
gi:24582212,gi:24647557,1,0.5076815816841388
gi:24642261,gi:24644390,1,0.4903042618816465
gi:21356743,gi:24651507,1,0.4862747564118333
gi:18858225,gi:24641790,1,0.5357580909021717
gi:18857963,gi:19922430,1,0.3542215706867165
gi:17137652,gi:24648397,1,0.5324194430777678
gi:21356453,gi:24655153,1,0.5035369052898137
gi:19922726,gi:20129485,1,0.40345799392238285
P08879,gi:24640903,1,0.6027865752223547
gi:22026840,gi:24663462,1,0.5523641735650231
gi:17137696,gi:21357129,1,0.5676847022865438
gi:24582283,gi:24642363,1,0.4947388407114356
gi:21357455,gi:21358375,1,0.270130712234969
gi:21356995,gi:24586086,1,0.41877961171339223
gi:20129885,gi:24646737,1,0.6108945148048789
gi:24581582,gi:24650208,1,0.47233633202225367
P07666,gi:18859949,1,0.4973303582076759
gi:19921002,gi:24583067,1,0.7030165766170507
gi:18859859,gi:24659188,1,0.6233671837337322
Q9VCH4,gi:24639760,1,0.5619600190396369
gi:24647609,gi:24762779,1,0.5493148890113912
gi:24584327,gi:24762582,1,0.5381636885165076
gi:28573207,gi:28574472,1,0.5599702990172548
gi:24639301,gi:28574303,1,0.5590976119378147
gi:24644675,gi:24665761,1,0.7239286553979581
gi:20130247,gi:24641790,1,0.5899059777925465
gi:19922668,gi:24667063,1,0.5209694828089546
P02835,gi:24651028,1,0.5804008910523283
gi:21355717,gi:24581314,1,0.48750100124955387
gi:21357075,gi:24640672,1,0.46511689606337336
gi:19923044,gi:24642884,1,0.5148344187786783
gi:24649980,gi:24654082,1,0.44844822567841963
gi:24642884,gi:24654471,1,0.5013127129647282
gi:19921246,gi:21357023,1,0.5549984824855521
gi:24639715,gi:24665229,1,0.4397509175807551
gi:17864238,gi:24665958,1,0.5853137376004531
gi:24653432,gi:24654441,1,0.4560642376082934
Q24564,gi:24650937,1,0.3763652936539938
gi:24585313,gi:24640119,1,0.49356725956577663
gi:24655606,gi:28574432,1,0.5744945284999696
gi:19921116,gi:24658342,1,0.49271923325157135
gi:21357169,gi:21357761,1,0.5418218956536909
gi:24642267,gi:24642543,1,0.4555046243102259
gi:21356743,gi:24583134,1,0.37556147462018563
gi:21357455,gi:24648461,1,0.49985546378885953
gi:18859983,gi:24639304,1,0.5091878940018155
gi:18860537,gi:24665297,1,0.5432580729943288
P55828,gi:24585384,1,0.5611639659120802
gi:20128797,gi:24652438,1,0.6407306583675734
gi:21356041,gi:24644675,1,0.2233223270111633
Q9VD25,gi:24645058,1,0.34761655236696254
Q01820,gi:24655153,1,0.531274214313182
Q8T0S6,Q9Y0A7,1,0.5878996198335552
gi:24581465,gi:24585154,1,0.5201934940477106
gi:20130169,gi:24583799,1,0.5154179819902901
gi:19922670,gi:24645053,1,0.589548865951105
gi:21357537,gi:24650248,1,0.7395584589112983
P10987,gi:24581061,1,0.5075750693079636
gi:24655606,gi:24663246,1,0.4984872782638424
gi:21355643,gi:24646440,1,0.5299160090976143
gi:24644119,gi:28573195,1,0.49326387937186494
gi:24651935,gi:26080381,1,0.5216472491751982
Q27415,gi:24651247,1,0.6793839575697521
gi:19920776,gi:24649648,1,0.5219175535100883
gi:24586096,gi:24647864,1,0.4555878524104804
gi:24646860,gi:24655502,1,0.5275905175724507
gi:24644504,gi:24667211,1,0.5872829789815752
gi:17137700,gi:24658721,1,0.5310534151852478
P15330,Q8IGR0,1,0.5663599150069457
gi:21355361,gi:21355973,1,0.6075316454165391
gi:18859891,gi:21357417,1,0.39719924023841385
gi:24585452,gi:28574406,1,0.441105721922254
gi:19922274,gi:24651238,1,0.498727275154808
gi:21687233,gi:24667089,1,0.4889621738885374
gi:20129527,gi:24651498,1,0.46061815802166417
gi:21356709,gi:28574726,1,0.5542886049681217
gi:24585610,gi:24644214,1,0.4486694736921393
gi:21356517,gi:21358205,1,0.4594528689034256
P29746,gi:19922206,1,0.5338318822119799
gi:24639782,gi:24666790,1,0.3836855106654616
gi:24661625,gi:24665205,1,0.762761748092624
P18502,gi:24655850,1,0.49203361887496155
gi:24650248,gi:24659237,1,0.49244017607875884
gi:17136608,gi:24586240,1,0.5298303500558844
gi:17530793,gi:24650829,1,0.3801040396042675
Q8MSF5,gi:17647723,1,0.5348502444618757
Q24570,gi:28573937,1,0.36888320333926894
gi:24581976,gi:24645869,1,0.6032504458383419
gi:21355807,gi:21356221,1,0.43536006549308703
gi:24585215,gi:24640905,1,0.5277454634462726
gi:17136826,gi:21357875,1,0.4908012120083776
P23696,gi:24649158,1,0.4121739039845553
gi:24659829,gi:28573140,1,0.541648822881583
O76924,gi:24664627,1,0.5139986924006218
Q27324,gi:24649499,1,0.47674351066657633
gi:18859971,gi:21356061,1,0.4748663716411531
gi:24643761,gi:24652930,1,0.5085198810401723
P35421,gi:17530817,1,0.40654559300880316
gi:17981711,gi:24645684,1,0.5056596056218492
gi:17737425,gi:21355163,1,0.5662196886527829
gi:17137488,gi:24666694,1,0.39363379304313983
gi:19921442,gi:24663228,1,0.3874176784375447
gi:20128841,gi:21358201,1,0.4822284116298093
gi:17864162,gi:24651395,1,0.5350990858429105
gi:17316358,gi:21355441,1,0.4935865814335974
Q24533,gi:24582212,1,0.4118073261381502
gi:20129903,gi:24647609,1,0.4913734583814458
gi:24582926,gi:24665132,1,0.4004746243059798
P13607,gi:24657306,1,0.5295487282232566
gi:24581774,gi:28573729,1,0.4181879370117901
gi:17352479,gi:24640430,1,0.4413037171088229
gi:19921802,gi:24648905,1,0.5401535085233187
gi:17933624,gi:24643110,1,0.5562274253463475
P02824,gi:17137692,1,0.5480771868754977
Q07327,gi:28571108,1,0.4748623117932297
gi:24655741,gi:26080381,1,0.4891826808746562
gi:24661936,gi:28574439,1,0.4953731510576493
gi:19921950,gi:24648826,1,0.534246994342974
P12982,gi:24642282,1,0.49761148758967577
gi:24584798,gi:24649221,1,0.5784120368092291
P55841,gi:21357147,1,0.4752325574463628
O18405,gi:24644274,1,0.5179449637329817
Q01642,gi:24644093,1,0.882973361326284
P50887,gi:24646737,1,0.29060876228162874
P07181,gi:21357495,1,0.484557187150549
gi:23397623,gi:24645887,1,0.3571588600734835
gi:21356337,gi:24642233,1,0.5405548574255702
gi:17137696,gi:24655888,1,0.5658117982173166
gi:17137016,gi:24647885,1,0.6594077105918179
gi:21357677,gi:24663481,1,0.39750444848945493
P10987,gi:24643447,1,0.5381810530723948
gi:18858125,gi:24646928,1,0.5516459067172567
gi:19922294,gi:24584153,1,0.4494785659058426
Q9V411,gi:22024059,1,0.46478088127546574
gi:19922844,gi:24643822,1,0.5559598720469802
gi:19920688,gi:24651703,1,0.44180184515094656
gi:21357505,gi:24649971,1,0.4880514200437034
gi:17647155,gi:28571503,1,0.4990288230976945
gi:20128797,gi:24668338,1,0.5941412293383753
gi:21356995,gi:24663470,1,0.5005722057983486
gi:24643578,gi:28572053,1,0.48516169101631496
P54356,gi:24652999,1,0.7237624819387544
O02649,Q05856,1,0.5153009524825317
gi:20128797,gi:21358077,1,0.6436141500629539
gi:24658567,gi:28574555,1,0.5222537508117683
gi:17137694,gi:19921296,1,0.5305509265665845
gi:24651265,gi:24659237,1,0.6060868411791736
gi:24645476,gi:24646312,1,0.5426275298744718
P23696,gi:24643702,1,0.5285534865467919
gi:24644422,gi:24657782,1,0.5177777387698133
P08175,gi:24638982,1,0.22147586686363036
gi:21357037,gi:24583208,1,0.5429082855214759
Q24337,gi:17647815,1,0.35543196624832035
gi:19920594,gi:21355643,1,0.502027700783928
Q01642,gi:28558744,1,0.5038400696662934
gi:17136864,gi:24653463,1,0.40303482089558035
gi:21355799,gi:24580841,1,0.44405344485969134
gi:24641555,gi:24656644,1,0.593058933086736
gi:23397524,gi:24641831,1,0.4687777005519987
O18388,gi:24646001,1,0.5396814188612113
gi:24653459,gi:24659367,1,0.4448458955745657
gi:22024283,gi:24643052,1,0.589692650857117
gi:24581719,gi:24646312,1,0.5523707862290856
gi:17136830,gi:24654899,1,0.3912150625226276
gi:24645384,gi:24652621,1,0.5116645478122017
P48602,gi:24668091,1,0.46068939857639085
Q24210,gi:24656574,1,0.5242219828092473
gi:17137216,gi:24583012,1,0.510721801077907
Q05856,gi:21355219,1,0.48633163277041175
gi:21357113,gi:24585582,1,0.5711931771888679
gi:24648294,gi:24663372,1,0.5409449468814906
P82147,gi:24641148,1,0.48458386401326065
gi:24648549,gi:24655245,1,0.42310570570405504
gi:24640119,gi:24656749,1,0.4060688260165115
P42207,gi:17137572,1,0.5922132897530539
P16378,gi:24582205,1,0.4901256292414492
gi:19922106,gi:24663292,1,0.48790408143603325
gi:17137444,gi:19920776,1,0.4832679261134352
gi:18858125,gi:24655474,1,0.4903459448779569
gi:24666394,gi:28571515,1,0.606544478317392
P14734,Q01642,1,0.8018012979666428
gi:24659210,gi:24663336,1,0.43345097356841505
O46084,gi:24582104,0,0.500167664496991
gi:17864622,gi:18860011,0,0.5463384303529508
gi:18543289,gi:24583485,0,0.3986961362006608
gi:19921700,gi:24649374,0,0.46112344641774056
gi:24646030,gi:24658883,0,0.6137673848530079
gi:24584776,gi:24639988,0,0.5275410474275366
gi:21687206,gi:24584043,0,0.5466755565285186
gi:24762779,gi:28573691,0,0.5060566162524368
gi:24648231,gi:24661263,0,0.5913271969997713
gi:24649109,gi:24655121,0,0.3524433106345832
gi:17648123,gi:24656168,0,0.42862288645806546
Q02748,gi:24643516,0,0.5388810739701866
gi:24639715,gi:24651610,0,0.5609591735992109
gi:21358101,gi:24649250,0,0.5356575729255625
O76912,gi:24651451,0,0.4759202047768534
P46824,gi:24580817,0,0.5406261380148959
gi:20130313,gi:21355361,0,0.5654499819294639
Q9XTM1,gi:24639936,0,0.49351062908464144
gi:24582016,gi:24663228,0,0.5016947052487738
gi:24585974,gi:24646839,0,0.5843784591524418
gi:20129967,gi:24585158,0,0.4790665055772729
gi:17530857,gi:24582248,0,0.5174203193376811
Q9W5R8,gi:21955276,0,0.46597297375176755
gi:24649646,gi:24655341,0,0.4577728040188455
P17917,gi:20128863,0,0.45523325859899855
gi:21356337,gi:24649114,0,0.5294760877458757
gi:24647638,gi:24659944,0,0.5452620992941157
Q9VPS5,Q9XTM1,0,0.45681031222523366
gi:21357019,gi:24585277,0,0.49701385396747016
gi:19920692,gi:24640777,0,0.40755230480513793
gi:24653364,gi:24666524,0,0.4875277679062133
Q9W5R8,gi:24652725,0,0.4826991111343782
gi:20130261,gi:24643864,0,0.4920388804773982
gi:24639885,gi:28574920,0,0.34307596224448716
gi:24585033,gi:24648536,0,0.600751186020165
gi:21357817,gi:21358129,0,0.5095096445496197
P23792,gi:24639782,0,0.5082191255103703
gi:21355265,gi:24647942,0,0.4980239190395824
Q9XTM1,gi:21358401,0,0.5895305140958107
gi:19921830,gi:24643634,0,0.5049464657657857
gi:17864460,gi:24582879,0,0.4860921123558082
Q95RI5,gi:24640672,0,0.5363510425550231
Q9V813,gi:28573310,0,0.4904468617161195
gi:21357311,gi:21357761,0,0.5271852492639484
Q24564,gi:24639705,0,0.4401885699194334
gi:20428641,gi:21358631,0,0.5142065201765907
gi:17864100,gi:24643761,0,0.5160584458534628
gi:21358103,gi:24646496,0,0.473952093149126
gi:24644888,gi:24646232,0,0.5058650280770619
P46824,gi:24652101,0,0.3583237773578958
gi:24643140,gi:24664639,0,0.3559457005446306
gi:19922058,gi:24580513,0,0.5202795453974988
gi:17647371,gi:24649820,0,0.23766886687633829
Q9VG96,gi:28558748,0,0.4920401399032624
P19538,gi:28573544,0,0.5287475463706575
gi:24645384,gi:24653708,0,0.5490443968608797
gi:19921140,gi:24646212,0,0.5369638761047969
gi:24585765,gi:24649202,0,0.5373731357459139
O77051,gi:20129257,0,0.5360880528699409
gi:24643516,gi:24644422,0,0.5649703902142925
gi:17137696,gi:24665583,0,0.4411999028161678
gi:20129721,gi:24659100,0,0.3828551275810119
gi:21355205,gi:28571396,0,0.37981456747362136
gi:24643715,gi:28571356,0,0.43060444889108945
P29310,gi:17136494,0,0.4574155276455078
gi:18858125,gi:24646440,0,0.48377570746791065
gi:24642543,gi:24644250,0,0.5199589051895899
gi:24641156,gi:24652825,0,0.4174847091204879
gi:18860011,gi:20129527,0,0.49055623640822876
gi:19920454,gi:24657877,0,0.5436208641573422
gi:20129369,gi:24652248,0,0.5635081916550155
gi:24645653,gi:28571412,0,0.556169051909582
gi:17530793,gi:17530857,0,0.5578133787250771
P08182,gi:24585813,0,0.5383453954753381
gi:21355909,gi:28573391,0,0.4640669030068926
P18459,gi:24661359,0,0.371858236146678
gi:24642867,gi:24666886,0,0.5007533749157039
gi:24638766,gi:24667246,0,0.4307667782053239
Q27350,gi:21358081,0,0.3737739408065564
gi:24638774,gi:24666434,0,0.4380419110181326
gi:18858161,gi:24660872,0,0.5765304624840258
gi:17865634,gi:21356521,0,0.45282846306149005
Q24337,gi:24649345,0,0.44858109452103356
O16011,gi:17648033,0,0.4162639821705076
gi:24648461,gi:28573401,0,0.6031416198888423
gi:24656168,gi:24666997,0,0.5034006675235587
gi:17137444,gi:24663275,0,0.4466854597495332
gi:21356815,gi:21687092,0,0.37230047409640676
Q9VA73,gi:18859707,0,0.45978977745802885
gi:24641781,gi:24641935,0,0.5023983931608552
gi:19920866,gi:24650658,0,0.569740912732925
gi:17933592,gi:24656808,0,0.5067592650007623
gi:21358247,gi:24585353,0,0.5381603876883265
gi:17137572,gi:24645148,0,0.5022073601329206
gi:24582306,gi:24646440,0,0.5143026374143823
O76924,gi:17864238,0,0.518258067400015
gi:21357871,gi:24658370,0,0.5900630298872277
gi:20129789,gi:24638978,0,0.5367786919799403
P48149,gi:18921171,0,0.4956066570386244
gi:24580631,gi:24655474,0,0.4606340260434053
gi:19921710,gi:24585263,0,0.5199662309266057
gi:19920436,gi:24660416,0,0.4937486557037161
Q9VPS5,gi:17864630,0,0.3916753834388978
gi:24582306,gi:24583294,0,0.5159719107425289
P07185,gi:21356695,0,0.6172829108364701
gi:20129481,gi:24643151,0,0.640270706798083
gi:24645951,gi:24663462,0,0.2332852471885404
gi:21358527,gi:24654082,0,0.5823100048467683
Q9VMA2,gi:24665657,0,0.5474420488963788
P20432,gi:24586242,0,0.4931351520929421
Q24133,gi:21356299,0,0.5311234374640111
Q9VUJ0,gi:17737425,0,0.5353894708232947
gi:24584017,gi:24663344,0,0.5006619293591257
P10987,Q9VCR6,0,0.5095013961939237
gi:18543215,gi:24649564,0,0.49653818100802644
P48588,gi:24651703,0,0.45704942869928705
gi:24647247,gi:24658714,0,0.536307201914448
gi:21357677,gi:24641616,0,0.4827246466494976
P02824,gi:21358103,0,0.4929669075684781
gi:24580809,gi:28571396,0,0.4583469350101503
P40796,gi:28573644,0,0.3241156054228798
gi:21358081,gi:24639021,0,0.5048981938272585
gi:21356743,gi:24652720,0,0.4132102182222706
gi:17647581,gi:24654854,0,0.4597781197767002
gi:24581314,gi:24642567,0,0.34458171281772976
gi:17137560,gi:24641946,0,0.49936084422908156
gi:24582458,gi:24584030,0,0.5194438561902698
Q24564,gi:24648463,0,0.3080532879296741
gi:24581711,gi:24658696,0,0.3459917562222427
Q24564,gi:24583660,0,0.38634931780046633
gi:24580815,gi:24652897,0,0.4816410662794227
gi:21357023,gi:28574395,0,0.5103336048168801
gi:17738007,gi:20130151,0,0.5264588848362436
Q01070,gi:24643755,0,0.4597578137348868
gi:20129129,gi:24582443,0,0.5811527340801138
P49258,gi:17136920,0,0.403777044014137
gi:21357495,gi:24648281,0,0.41173067335713576
gi:18859635,gi:19920584,0,0.3296240397464322
gi:24641156,gi:24662518,0,0.49130431955314396
gi:24650124,gi:24655610,0,0.424903531733699
Q9V9Z1,gi:24650248,0,0.5406341576487986
gi:17136852,gi:19921312,0,0.48180581178676807
gi:17647699,gi:24648389,0,0.5239338639249876
gi:17738243,gi:21358101,0,0.4391536474684685
Q24564,gi:24642235,0,0.4846393329429383
P19538,gi:24583485,0,0.4999521407841578
Q95028,Q9V6A9,0,0.5012970702302442
gi:17136826,gi:24583436,0,0.45768763284836145
gi:21355333,gi:24583012,0,0.5119196096745419
gi:19922906,gi:20128977,0,0.5632317780288657
Q9W2D9,gi:24646928,0,0.45160516938672085
Q9V4U9,gi:24645457,0,0.5465411323004189
P13607,gi:24643118,0,0.5729808077190691
Q9VEX9,gi:24644638,0,0.5337071814603226
gi:21357363,gi:24638571,0,0.4253787913339399
O16797,gi:24639715,0,0.6208073526150337
gi:17737425,gi:24667063,0,0.6342031805581729
gi:24643130,gi:24645883,0,0.49364713718637143
gi:21687233,gi:24663325,0,0.600526819846386
gi:22024238,gi:24648966,0,0.2653181604413002
P54399,gi:24644797,0,0.3779246861241766
gi:17136830,gi:24647786,0,0.3689234210121096
gi:24583703,gi:28574565,0,0.3723902018020672
gi:24584547,gi:28573563,0,0.48782335977668256
gi:24640777,gi:24654441,0,0.4357737155695074
gi:17647755,gi:24638591,0,0.5394851057922683
gi:21358379,gi:22026840,0,0.42772136719762444
Q9VRL3,gi:24643702,0,0.3693437549751606
gi:24639017,gi:24654383,0,0.5306833765668497
gi:17137296,gi:21356311,0,0.5139773906865538
P29310,gi:24654595,0,0.4724303429068119
gi:24638862,gi:28572129,0,0.5542822288500526
gi:24649755,gi:28574799,0,0.5601706645890038
gi:19921312,gi:24650420,0,0.41699407486863765
gi:24651236,gi:28571579,0,0.5098741090847418
gi:24645419,gi:24663043,0,0.6007676261732142
P23023,Q9NJH0,0,0.523085824976747
P82910,gi:21356383,0,0.4557296598953673
Q9VGX3,gi:24650769,0,0.39111185079599076
gi:20129231,gi:23397623,0,0.429347320666012
gi:24650168,gi:24653350,0,0.6390259314176168
gi:18858123,gi:24584767,0,0.5408443202555812
gi:24585681,gi:24644617,0,0.452285622226384
Q9VXX8,gi:24666612,0,0.5261018803310052
gi:24642214,gi:28574303,0,0.39444408943580833
P40427,gi:24586506,0,0.46164091908590443
gi:24580731,gi:24667117,0,0.481296662569482
Q9W5R8,gi:24649158,0,0.4606685384735376
gi:18860011,gi:24580965,0,0.47199689392717525
gi:17647867,gi:24648294,0,0.4332425121519723
Q9NGC3,gi:17352479,0,0.46780565506332633
gi:17647523,gi:24586111,0,0.494967754812149
gi:21687233,gi:24647233,0,0.5591095089852771
gi:24651364,gi:24664191,0,0.5682996777129706
gi:20130085,gi:24650598,0,0.672096521579018
gi:17647979,gi:24648917,0,0.46000132165593977
gi:19920776,gi:24651920,0,0.49729419615004367
gi:17136216,gi:24643634,0,0.5942684658348463
Q23985,gi:24645967,0,0.3434118587258466
gi:24641831,gi:24663372,0,0.5327772066063575
gi:24642016,gi:24661689,0,0.47374632390030347
gi:24641209,gi:24641718,0,0.5383792019438308
gi:24581155,gi:28574389,0,0.5101790845232645
gi:24647442,gi:28574726,0,0.49165018383278053
gi:24645285,gi:24650013,0,0.47088210467655117
Q24260,gi:20129603,0,0.5797216118920726
Q05856,gi:19921116,0,0.46505976790540143
P54353,gi:19920876,0,0.5001441329232312
P17886,gi:24656312,0,0.4447004915617207
gi:24656574,gi:24657619,0,0.5245020007036807
gi:24650120,gi:24666282,0,0.5108412802777157
O16797,gi:17864274,0,0.453712057942561
P10090,gi:24666997,0,0.5622753400396092
gi:24648433,gi:24651897,0,0.5337355273279839
gi:17136698,gi:24654677,0,0.4783334837691006
gi:22024141,gi:24665661,0,0.5117560654545577
gi:19922180,gi:24585156,0,0.4048772571667769
Q9VSA3,gi:21357047,0,0.523367285220395
gi:24581901,gi:24653584,0,0.5692443844368468
gi:21356727,gi:24581155,0,0.5960232701051872
gi:19921692,gi:21357275,0,0.5301864235343614
gi:24583134,gi:24586252,0,0.41908305944098423
Q24570,gi:24581467,0,0.30107496855289556
gi:24581983,gi:24643879,0,0.5356790791374907
gi:17933570,gi:21355581,0,0.5383600428525751
gi:24660923,gi:26080381,0,0.5261629235800703
Q01071,gi:24649834,0,0.3280430995642364
gi:20129813,gi:24583827,0,0.5083837151736851
gi:18858037,gi:18860021,0,0.5436278791886484
gi:21357653,gi:24639885,0,0.34221009981158523
gi:24645581,gi:24649976,0,0.58440481552406
gi:21357369,gi:24651526,0,0.47561519493487414
gi:21357995,gi:24663802,0,0.4188039192639579
gi:24644994,gi:24659598,0,0.48948222478888365
gi:24647100,gi:24657961,0,0.5247141365764734
gi:22024283,gi:23397598,0,0.5136397321682332
Q9VSJ8,gi:24659100,0,0.4228932721570742
gi:17137576,gi:21358101,0,0.5494519071316689
gi:20129835,gi:24649579,0,0.4805499791397483
Q9VD25,gi:21358161,0,0.5782711596893408
gi:24586240,gi:24663304,0,0.5051487485087135
gi:24659863,gi:28574903,0,0.5710479437958951
P08181,gi:28573563,0,0.46702461540712314
P08928,gi:19922066,0,0.4898392822224669
gi:24641831,gi:24651333,0,0.4473147634786841
P18432,gi:21356073,0,0.5157521384784153
gi:21356743,gi:24584547,0,0.4398535237225713
gi:24641734,gi:24663246,0,0.5512563053152614
Q01644,gi:24663039,0,0.6796030729117863
Q9W1Y7,gi:24655555,0,0.6059052046767204
gi:24663462,gi:28574992,0,0.3323573182250939
gi:17137616,gi:19922186,0,0.4633029435114556
P23757,gi:17647755,0,0.5425066813673408
gi:19922518,gi:21357369,0,0.49217100604550434
gi:19921250,gi:21356055,0,0.5781276898151021
gi:17136368,gi:24640704,0,0.5132176884477415
gi:24663011,gi:28558744,0,0.5171942062913064
gi:24580815,gi:24584494,0,0.5246663272663409
gi:17865835,gi:24640510,0,0.5336384817355443
gi:18860537,gi:24663292,0,0.37217631016904096
P06603,gi:21357817,0,0.5305499540701962
gi:24640426,gi:28571341,0,0.45793464889201424
Q9VH39,gi:24582746,0,0.5202662919829861
P13060,gi:21355851,0,0.5123312916529895
gi:18859825,gi:24652434,0,0.47659231046897826
gi:20128893,gi:24643715,0,0.5342211326662091
gi:18859713,gi:24661685,0,0.5438356783552347
gi:21356121,gi:24662626,0,0.4899783980859823
gi:18859953,gi:24645778,0,0.43360277310128575
gi:17137566,gi:24665661,0,0.5424119145420679
gi:17136262,gi:24644422,0,0.4445372304267581
P17886,gi:24644293,0,0.5835821078909229
Q24564,gi:24662048,0,0.3140289910920394
gi:17137184,gi:24583827,0,0.4356070545184818
gi:24582294,gi:24651920,0,0.46132852885685005
P19109,gi:21357817,0,0.5693942956029155
Q9VNA5,gi:18859899,0,0.5299976881144522
Q06559,gi:19921122,0,0.444035501359237
P07666,gi:17137108,0,0.5113404122622632
gi:24583332,gi:24647572,0,0.4061208811909554
gi:24583848,gi:24642276,0,0.5388154047383957
gi:24583529,gi:24667117,0,0.4740821928436597
O97125,gi:24642197,0,0.47123579667518434
gi:21356727,gi:24655741,0,0.5657119424767185
gi:21356801,gi:21357507,0,0.6036987241190765
P10083,gi:24585245,0,0.6608592694414225
Q9VD25,gi:24646017,0,0.5227296818264227
gi:17864128,gi:24647430,0,0.46436393026833295
gi:20129291,gi:28573034,0,0.49981374719304184
gi:18858137,gi:24644797,0,0.6086475075904278
gi:24650202,gi:24652438,0,0.5052302516500244
gi:24582221,gi:24651265,0,0.5379933863851218
P23757,gi:28573951,0,0.5904833952370022
gi:24664284,gi:28572078,0,0.4973279158298735
gi:23397595,gi:24649820,0,0.2497365773878055
Q02748,gi:24581205,0,0.6122416101141857
gi:21356235,gi:24650356,0,0.6176047035819775
gi:18859929,gi:24653385,0,0.5203609453054997
gi:17737425,gi:24639788,0,0.4707326531712161
gi:21357037,gi:28573486,0,0.5069326470157419
gi:24644870,gi:24646001,0,0.5729231474285942
gi:24640188,gi:24665395,0,0.5153820447346024
P52304,gi:17530957,0,0.49406098303856255
P18289,gi:24655985,0,0.4776891537227422
gi:18859679,gi:24646199,0,0.45238141677097626
P22058,gi:19921122,0,0.5328723264966826
gi:24641790,gi:24666434,0,0.5061052374742868
gi:24640054,gi:24652512,0,0.5566034113418987
gi:21355869,gi:24639904,0,0.6158932074573614
P05205,gi:17136378,0,0.4605978083925011
P29503,gi:24645553,0,0.5769564461869144
Q9VPS5,gi:24667117,0,0.3762307048168138
P25007,gi:20128797,0,0.6570139220651758
gi:20128985,gi:24660416,0,0.47865246371750214
Q9VJE4,gi:24645684,0,0.44083695467817874
P25008,Q9XZH6,0,0.6091182359116085
gi:18543299,gi:28571908,0,0.5133508681773967
P23757,Q8T0S6,0,0.5166321555670109
Q9W0K7,gi:24584547,0,0.5022532124720147
gi:24646440,gi:24658123,0,0.5348586224455987
gi:24665958,gi:24762779,0,0.4921177551280203
gi:24656127,gi:24661151,0,0.5586721200487759
Q9W5Q2,gi:24646718,0,0.5400413608588256
gi:24640713,gi:24645951,0,0.5590310737510982
gi:17136342,gi:24656841,0,0.48069606503145007
Q02361,Q8T053,0,0.6252960713935838
gi:24648095,gi:24650906,0,0.620173289865374
P52295,gi:28571883,0,0.5069357767442184
gi:18858145,gi:20129841,0,0.483162588651558
O18640,gi:21357211,0,0.6100629822171109
P13468,gi:17137188,0,0.5615434918156514
gi:24582294,gi:24654746,0,0.5288075610168468
gi:24641813,gi:24649427,0,0.3147171218645036
Q24564,gi:28572120,0,0.50715112497348
gi:21357417,gi:21358165,0,0.5167035382536962
P23023,gi:24655245,0,0.5670383980252678
Q24239,gi:21356743,0,0.4754059693304158
gi:24655741,gi:24665583,0,0.533584267198759
gi:24644675,gi:24663292,0,0.49599067277966724
Q9NJH0,gi:21355917,0,0.5536412497849139
Q9VCH4,gi:28574516,0,0.5061625077196186
gi:19921250,gi:24586353,0,0.5531170926009231
gi:17647523,gi:24644626,0,0.5242242489371749
gi:19920774,gi:24585974,0,0.5354757726488812
gi:21356083,gi:24640023,0,0.3995253972843465
gi:17738085,gi:24656093,0,0.5859063536078347
O02649,Q24141,0,0.5451384404422225
P07185,gi:28573934,0,0.4877622937452316
P16378,gi:24658883,0,0.4806818245646402
gi:19922816,gi:24662189,0,0.5279672388430486
O76924,gi:24648207,0,0.4036204647755531
Q9VFC8,gi:24657504,0,0.525509513891811
gi:24580817,gi:28574555,0,0.5020896170368004
gi:24649087,gi:24663304,0,0.48580976585711905
gi:19921312,gi:24655034,0,0.4679985256024877
O77260,gi:24649427,0,0.5076976773356368
Q24246,gi:24641978,0,0.5481171128365988
gi:21358247,gi:24652974,0,0.5416554542170439
gi:24584043,gi:28571658,0,0.45197328168864237
gi:19922798,gi:24657019,0,0.5418964695589008
gi:24646039,gi:24762383,0,0.505241553243645
gi:28574582,gi:28574920,0,0.2993101518124349
Q9GU68,gi:24585217,0,0.5405689556238996
gi:20129347,gi:24582006,0,0.4943330093801351
gi:24582172,gi:24640251,0,0.41650685293270256
gi:24586111,gi:24643375,0,0.5631023274197162
gi:24639756,gi:24651599,0,0.41615209951940524
gi:22026831,gi:24663657,0,0.5161110787116681
gi:28573173,gi:28574174,0,0.4601774467716845
gi:24647378,gi:28558748,0,0.585807534631905
gi:28571947,gi:28573830,0,0.5497674051616318
P05552,gi:24648450,0,0.5203375084126992
gi:24585635,gi:28571955,0,0.5088310289614413
gi:17737425,gi:24583901,0,0.53778157869697
gi:17137572,gi:24665583,0,0.5618741831311747
gi:24638627,gi:28572129,0,0.5657659528367354
gi:20128841,gi:24649820,0,0.48633597256046834
P48461,Q24320,0,0.47422475898956434
Q9VHB6,gi:24641045,0,0.5430292944870552
gi:24662518,gi:24663131,0,0.4348806745425083
gi:24586562,gi:24667063,0,0.4513155032898493
gi:21355681,gi:21358201,0,0.4658819851801767
P23696,gi:17137536,0,0.5415357330652636
gi:24642123,gi:24650248,0,0.4212239990552384
gi:17137700,gi:24651610,0,0.5533763791009576
P18502,gi:24663263,0,0.5273798113001102
gi:19922950,gi:21357677,0,0.34147652351948565
gi:24641302,gi:24666096,0,0.49183165324342454
gi:24643822,gi:24650148,0,0.4793669340929809
Q9VTJ4,gi:28571947,0,0.5619690438882754
gi:24643413,gi:24644047,0,0.41241082469194434
gi:19923016,gi:24652436,0,0.368647824019109
gi:24643174,gi:24658567,0,0.47437198101205824
gi:19922218,gi:24641831,0,0.4954253073320346
Q9VYD7,gi:18543265,0,0.37256754173557893
gi:19921326,gi:24663481,0,0.4671521137089027
gi:21356723,gi:24638845,0,0.5128334639442161
P18502,gi:24648010,0,0.5487278909545751
O97067,gi:24646782,0,0.5778569156514869
P08630,gi:17647503,0,0.5431285080075271
Q24154,gi:17530857,0,0.39435550307805023
gi:21355581,gi:24639964,0,0.48231686198929863
gi:19921732,gi:24654479,0,0.5422021145039843
gi:24585071,gi:24640683,0,0.5389429759467724
gi:21355383,gi:28573278,0,0.44307976370869223
gi:24585681,gi:28573466,0,0.363193418252816
gi:20129903,gi:24646090,0,0.516766320891299
gi:24656026,gi:24662317,0,0.38667931323937693
gi:19920696,gi:24650009,0,0.43838009648510273
gi:17137164,gi:24658229,0,0.2713624969384477
P11455,gi:24638845,0,0.5579560271874731
gi:17647755,gi:24654854,0,0.5026513483943881
gi:18860011,gi:24652268,0,0.41945888578963353
P52295,gi:21357017,0,0.534272421701637
gi:21357761,gi:22026831,0,0.4590729191801944
gi:21356743,gi:24651413,0,0.4362275236555577
gi:24639782,gi:24644038,0,0.3708029956974696
gi:17137092,gi:24640635,0,0.4461596782469714
gi:24655153,gi:24658772,0,0.4641354744223806
gi:21357711,gi:24583567,0,0.4139128916172881
Q9Y0I1,gi:24648089,0,0.5044108806057901
gi:24582182,gi:24649976,0,0.40084959459241964
gi:19922390,gi:24645053,0,0.6433533567163462
gi:17137692,gi:24641689,0,0.6046097938789989
O16797,O97067,0,0.4911906955808357
P41126,gi:24666323,0,0.3863097980259546
gi:24582846,gi:24652101,0,0.3669470942615492
gi:24640635,gi:24655341,0,0.48656427920230255
gi:24650448,gi:24660176,0,0.4765670381299429
gi:21357131,gi:28574565,0,0.541683939179895
gi:24586595,gi:24659451,0,0.46606625647471844
gi:21356337,gi:24640855,0,0.46510335162880284
gi:21355383,gi:24584043,0,0.4839476632954875
gi:28574720,gi:28574726,0,0.5288243989465434
gi:17137692,gi:21357903,0,0.6372882460000452
gi:24638591,gi:24653791,0,0.5391733781465442
Q9V411,gi:28558748,0,0.4267762734810433
gi:24582096,gi:24652386,0,0.5511525878471182
gi:24645951,gi:28574303,0,0.35198798956916766
gi:22024141,gi:24580765,0,0.48483368658079756
gi:20129193,gi:24646827,0,0.532114934452789
gi:17137540,gi:24642517,0,0.501385180464806
gi:24647605,gi:24657496,0,0.5679998373090028
Q06559,gi:24651641,0,0.49889913303654726
gi:24645769,gi:28573549,0,0.5265647747685388
gi:17136732,gi:20129841,0,0.5093853119126794
P20432,gi:24650924,0,0.5183685240593512
gi:20129061,gi:24656802,0,0.4490987257410851
Q9VG82,gi:19920692,0,0.5104815611658073
gi:24650829,gi:24652652,0,0.4743216351417692
gi:20129299,gi:20130175,0,0.4546995587521765
gi:24584547,gi:24638978,0,0.5485706702472511
gi:24646498,gi:28572018,0,0.5135485858442466
O46341,gi:24642559,0,0.5324666869596324
gi:21357761,gi:21358181,0,0.5281764889919358
P35381,gi:24640353,0,0.635328574978021
P17276,gi:24657025,0,0.4858442289917481
P47947,gi:24652974,0,0.5032944361685339
P00528,Q9VTE5,0,0.4609533635261577
gi:17137572,gi:24643151,0,0.5197612026771065
gi:20129499,gi:24657054,0,0.4312875963446544
gi:24586176,gi:24648592,0,0.45123472511854756
gi:20128797,gi:24668563,0,0.47178706936940407
gi:21356337,gi:24581339,0,0.5052746644042094
gi:21357041,gi:24581622,0,0.5059298305297019
Q8MSS1,gi:24583279,0,0.4735016326856453
O18640,gi:17136368,0,0.4888030443940712
O77051,Q01068,0,0.545079209064551
gi:24657218,gi:24665229,0,0.5285584587980006
gi:24660075,gi:28571705,0,0.5209559499305437
gi:24653690,gi:24667611,0,0.4917210694854101
Q9V597,gi:24643634,0,0.4372993743639771
gi:20130085,gi:24641567,0,0.43594025734998626
P48461,gi:24649952,0,0.5741178071014057
gi:17864344,gi:28574875,0,0.5221482543383998
Q9W5R8,gi:21357019,0,0.43665312553608243
gi:19922248,gi:24668309,0,0.4167316345285416
gi:24580799,gi:28574385,0,0.4406690066866756
gi:24585635,gi:28571108,0,0.5051849325594359
gi:24648401,gi:24663242,0,0.5251822263565846
gi:17137616,gi:24652834,0,0.48833617766526966
gi:24641788,gi:24653350,0,0.3653817880034753
gi:24641790,gi:24651577,0,0.5274354153460663
P29746,Q24564,0,0.5112658394720514
gi:24582628,gi:24662431,0,0.4839780939433243
gi:24643156,gi:24648095,0,0.5642850307918533
gi:24639796,gi:28574153,0,0.4155016079064265
gi:18859903,gi:28574582,0,0.44556760941560714
Q9XTM1,gi:20129257,0,0.4609829421696816
gi:17136864,gi:24639195,0,0.46022674384395307
gi:24639883,gi:24652785,0,0.6828258878567159
gi:19922870,gi:24582006,0,0.4699858395383008
P49258,gi:17136672,0,0.39233178838024335
gi:20428641,gi:24585943,0,0.5289390229350885
gi:21356337,gi:24583294,0,0.5148406477588688
gi:24649904,gi:24668018,0,0.5106486397865388
gi:24652071,gi:24662431,0,0.5814894852056678
gi:17137220,gi:24668206,0,0.5434124605939725
gi:21357913,gi:24648195,0,0.5000119142197713
gi:18921171,gi:24655888,0,0.4643505410977002
gi:21355851,gi:21356655,0,0.5229923252126238
Q08012,gi:24665489,0,0.5357689814654821
Q9V4M2,gi:28573879,0,0.5510745218477353
gi:24644422,gi:24649200,0,0.5587416702059537
gi:24582628,gi:24586133,0,0.5608852989913808
gi:28571883,gi:28572036,0,0.43102621578287464
gi:19921230,gi:24643394,0,0.45994569286199627
gi:17738153,gi:19922896,0,0.5455851176717662
gi:17647293,gi:28574284,0,0.5090603181648458
gi:21357817,gi:28571947,0,0.5260979630660084
Q24583,gi:17136864,0,0.40528819508307024
gi:17137328,gi:24581578,0,0.469836846963291
gi:19920382,gi:24582879,0,0.5483369242343049
gi:24653856,gi:24655741,0,0.4723349564117783
P35220,P48588,0,0.5252391158886894
gi:24581719,gi:24663657,0,0.49887672611692696
gi:28573563,gi:28574539,0,0.5394677987531525
gi:24658492,gi:28573173,0,0.3299913314399136
O77051,gi:24659799,0,0.5330798506588775
gi:24583965,gi:24640973,0,0.435196686416474
P92208,gi:24645236,0,0.5606972974993802
Q24117,gi:17864622,0,0.6096053542614541
gi:24638702,gi:24645177,0,0.4667046971589263
gi:17137220,gi:17137488,0,0.542415946745572
gi:17864630,gi:24640007,0,0.46582468288793066
gi:20130085,gi:24640430,0,0.5278612798074218
gi:24654441,gi:24655170,0,0.5298177948894636
gi:24638766,gi:28571660,0,0.5157524699196668
gi:19920876,gi:24661428,0,0.5040028615160937
gi:24645967,gi:24648643,0,0.37160322896228043
Q27350,gi:24655341,0,0.4688670980508257
P19538,gi:28571900,0,0.5857711589860433
gi:20130151,gi:21357605,0,0.5372835969194016
gi:24667063,gi:28571447,0,0.5038527534924685
O97420,gi:28571216,0,0.45786638928804463
gi:17136506,gi:24641555,0,0.5324756886512508
O16797,O44783,0,0.4155468763359224
gi:24638845,gi:24649158,0,0.576131604267333
gi:24639021,gi:24654660,0,0.5940307733965037
gi:20129385,gi:21356743,0,0.46495528950229853
gi:17136208,gi:30923567,0,0.525480328894008
gi:21358285,gi:24652897,0,0.5299462576072204
gi:17137296,gi:28573427,0,0.4605919901850563
gi:24581901,gi:24583279,0,0.5452627828551946
gi:24643731,gi:24645339,0,0.41963606405943416
Q9XZT0,gi:24657782,0,0.495543662497317
gi:21357309,gi:24660182,0,0.2839640012132379
gi:24658229,gi:28571658,0,0.4719562317430945
gi:17137620,gi:24583222,0,0.5687996959981271
gi:24645058,gi:24650208,0,0.5024214568047953
gi:24648078,gi:28571660,0,0.5895110319152664
P05205,gi:28571396,0,0.39544839228582296
P17276,gi:24646199,0,0.3636630783533927
O46036,gi:24661908,0,0.5311217217606801
Q02361,gi:28573674,0,0.3904115413618315
P13008,P55828,0,0.39875599443492954
gi:19921238,gi:24643761,0,0.5156182456032077
gi:24584251,gi:24663802,0,0.622939763756691
P29052,gi:24580900,0,0.4786794740187191
gi:24643731,gi:24644242,0,0.34153553015083654
gi:24585759,gi:24645093,0,0.4926971495116615
gi:17137188,gi:24650435,0,0.36671931328971197
gi:17137616,gi:19920808,0,0.48405566466998856
gi:24581484,gi:24583971,0,0.508038991309957
gi:21357875,gi:24583208,0,0.48779916337082474
O01346,gi:17137800,0,0.4835011019655214
gi:17136258,gi:21355531,0,0.6376900709551894
gi:20129967,gi:24657739,0,0.5697946162911993
gi:24639292,gi:24666240,0,0.5233014563898222
gi:24583965,gi:24653912,0,0.5031932030144207
gi:24586614,gi:24656486,0,0.29532683476039034
gi:20130007,gi:24663043,0,0.4464967728626251
P16163,gi:24638750,0,0.5212380388485545
gi:18079297,gi:24582094,0,0.5865389565660772
gi:24642703,gi:24647285,0,0.428398624483448
gi:18858161,gi:28574023,0,0.5400796301252099
gi:24643156,gi:24651303,0,0.5744751697004916
P13468,gi:17136920,0,0.46139861804403554
gi:21357455,gi:24663283,0,0.5161199918232525
gi:24582094,gi:24652834,0,0.48156389430190943
gi:21355801,gi:24644047,0,0.5032130885816675
gi:24638872,gi:28573879,0,0.5558439344952457
gi:24642267,gi:28574298,0,0.6023188501469608
gi:17137670,gi:24582592,0,0.42128470527833256
gi:21358103,gi:24640534,0,0.48994557283471935
gi:24584039,gi:24638679,0,0.4695307888756703
O76908,gi:21355783,0,0.4806210011417229
gi:21356743,gi:24639354,0,0.45110734180792955
gi:17136256,gi:20129897,0,0.4844870180930665
P42570,gi:24762424,0,0.5026690524568929
gi:18859971,gi:24667063,0,0.410721256282602
gi:28571447,gi:28573621,0,0.4832873327905554
Q9VJE5,gi:24582628,0,0.438869516490749
gi:17865642,gi:28573951,0,0.569177621748757
gi:24581578,gi:24661685,0,0.45991835043089263
gi:24667117,gi:28573291,0,0.46860904627331595
gi:22024283,gi:24666240,0,0.40807208604692113
gi:17137560,gi:21357047,0,0.6105236062512137
gi:24645053,gi:24655751,0,0.3965078017315839
gi:20128811,gi:24639715,0,0.46567362845163907
gi:19920846,gi:19921312,0,0.3099022048085003
gi:24580815,gi:24585705,0,0.496554697091495
P09089,gi:19921458,0,0.4981951057411376
gi:21357871,gi:24642235,0,0.598013581792182
gi:24645653,gi:28571218,0,0.5449221609495157
P48592,gi:24654636,0,0.5958989970407669
P41093,P48603,0,0.544971206865145
gi:19922554,gi:28573264,0,0.4431740771811093
gi:20128797,gi:24641344,0,0.5208544117853128
O44783,gi:17864162,0,0.3906223108642212
gi:24582205,gi:24583982,0,0.4348115656904503
gi:24651149,gi:28574303,0,0.5023885372238595
gi:24644059,gi:24655245,0,0.4860923191631192
P41093,gi:17737727,0,0.4598935710603934
gi:17648053,gi:19923004,0,0.5512220215085435
gi:24663556,gi:28571678,0,0.25820399894912993
P11455,gi:17137696,0,0.5356943813714448
gi:21357831,gi:24645087,0,0.506631880765975
gi:24644870,gi:24656938,0,0.543705793380292
gi:21355903,gi:28573563,0,0.445625385147636
gi:21357037,gi:24652897,0,0.5319443398368475
gi:24650729,gi:24657153,0,0.6024006725396285
gi:24582643,gi:24663462,0,0.40595841302247304
gi:22026831,gi:24639988,0,0.5740910017816743
gi:21357875,gi:24646847,0,0.4445145329816993
gi:24642601,gi:24653096,0,0.5578481116141122
gi:21357417,gi:24653061,0,0.4401793846139618
Q9VXN4,gi:26080381,0,0.4835258209576852
gi:19921120,gi:21358555,0,0.5526469154258521
gi:24640175,gi:30923711,0,0.4545282745293302
gi:20129745,gi:24639885,0,0.3626530344679813
gi:19922516,gi:21356083,0,0.6678455717585811
gi:19922440,gi:24656486,0,0.6254001793552458
Q24141,gi:24663657,0,0.44355793036442653
Q24133,gi:17137188,0,0.5685112411337458
Q27297,gi:21355531,0,0.5184608895982379
gi:24642517,gi:28573427,0,0.5891337921035604
gi:24640430,gi:24642235,0,0.5131918653343325
P07181,gi:24648615,0,0.4150774183823181
gi:24641919,gi:24646420,0,0.4064036974112134
gi:24585156,gi:24648296,0,0.3408506121980892
Q9VVF3,gi:19920354,0,0.542605760576495
O76454,gi:19922110,0,0.5703703060447878
gi:17137296,gi:28573820,0,0.5609672817009351
gi:24585990,gi:24663556,0,0.40056324050629866
gi:24656486,gi:24657172,0,0.5562947808438037
gi:24585599,gi:24642099,0,0.5588467677953453
gi:24652408,gi:24654441,0,0.4606903428357939
Q01644,gi:24641431,0,0.14133432717754807
P20480,gi:21357897,0,0.5597802440994007
gi:19921554,gi:28571947,0,0.502646574545816
gi:24654854,gi:24662288,0,0.5009326004002315
gi:24654586,gi:28574767,0,0.480343923799706
Q24533,gi:24585715,0,0.5080478971710722
O97067,gi:24662243,0,0.6105418402655188
gi:24639044,gi:24654082,0,0.5512478213423064
P13607,gi:24642134,0,0.43812139524269783
P07487,Q9Y0I1,0,0.5179416146631811
gi:19922526,gi:24668198,0,0.2895417642074886
Q23985,gi:24641156,0,0.47890839585901906
gi:21358455,gi:24586487,0,0.4823712614729484
gi:18921123,gi:24647781,0,0.47498393585465787
gi:17864406,gi:28572977,0,0.5500746497094238
gi:24649854,gi:28573879,0,0.5197639344429646
gi:24638544,gi:24643831,0,0.5635840869580162
P48555,gi:24650342,0,0.4544966717208755
gi:24641493,gi:24654828,0,0.5253295443272507
gi:22024201,gi:24639885,0,0.2649965221845122
Q01642,gi:24657504,0,0.29599715385422726
gi:24584372,gi:24666394,0,0.5710554972207819
gi:20130169,gi:28573115,0,0.4767091825633765
gi:19922640,gi:28571947,0,0.4396734204032374
gi:20130115,gi:24642263,0,0.4215156351380027
gi:24643595,gi:28574903,0,0.5299241021608985
Q06559,gi:24585282,0,0.4680274676476877
Q9XZS7,gi:24648905,0,0.5575804946507511
P18824,Q9V8R9,0,0.44496268387546745
gi:24583067,gi:28574249,0,0.46195059752958045
gi:17864256,gi:24645902,0,0.3485858430016659
gi:18859977,gi:24651212,0,0.42603738916834455
gi:21357875,gi:24642134,0,0.36848076308533895
gi:24583414,gi:28574529,0,0.4236712146684854
gi:19921672,gi:24585053,0,0.448619977417252
gi:24647137,gi:28573563,0,0.46797251098798043
gi:24657052,gi:28574555,0,0.5732165480415126
gi:24582319,gi:24663292,0,0.49098941186877665
gi:24641449,gi:24642523,0,0.5267273580219577
gi:21357483,gi:24645177,0,0.6851551190844654
gi:24580716,gi:24646600,0,0.5784046339339449
P49258,gi:24646737,0,0.41665189160922
gi:24655610,gi:24658229,0,0.3069268326899551
gi:17136398,gi:24584039,0,0.47938896327259495
gi:18858205,gi:24643729,0,0.7204582270231501
gi:24644979,gi:24648231,0,0.5565127846158462
gi:24585681,gi:28573393,0,0.4377454557462794
gi:24643516,gi:24658567,0,0.5792540730809548
O46036,gi:24639605,0,0.5136763482588746
P82147,gi:24646860,0,0.44984433680513813
P02516,Q06559,0,0.5624816418740816
gi:17648123,gi:19922310,0,0.5363845329147973
gi:17137344,gi:17352479,0,0.4361199157139121
Q24337,gi:21358157,0,0.46944105764644206
gi:21356265,gi:21687092,0,0.5465856833502487
gi:19921152,gi:24583009,0,0.44025446619949055
gi:18859947,gi:24661826,0,0.5573830619214178
gi:21356415,gi:24639301,0,0.3322452042488614
Q961V5,gi:17738243,0,0.4914598807039945
gi:20129061,gi:28573034,0,0.5324427406463454
gi:20129291,gi:24642950,0,0.43282308615014925
gi:17136378,gi:19921802,0,0.4098644356997398
gi:24649735,gi:28573308,0,0.5172789966585283
gi:24649214,gi:24650265,0,0.48088352601844414
gi:24583567,gi:24668642,0,0.4522417464897674
gi:24582212,gi:24642267,0,0.45551650334559274
P22807,gi:24649007,0,0.5540532782753397
gi:24648389,gi:24664817,0,0.631589521120078
gi:24583332,gi:24657418,0,0.34947584150259403
gi:20129441,gi:28573563,0,0.5088526523307155
gi:18921137,gi:24654101,0,0.5401290331270672
Q02748,gi:17136854,0,0.43193417931004074
P29742,gi:28573954,0,0.5533001031943088
gi:17352479,gi:21357817,0,0.561448140311132
gi:19920344,gi:21357151,0,0.42916583006605663
gi:24641567,gi:28574980,0,0.4912214340496094
gi:20130261,gi:21355667,0,0.5621943131701654
gi:24659237,gi:24668704,0,0.46285302667014794
gi:21357269,gi:24663901,0,0.507404046222591
gi:20129131,gi:21355917,0,0.40749759062347024
gi:24582813,gi:24654383,0,0.5612561775162171
gi:17136968,gi:21357019,0,0.47114546386909156
gi:28573173,gi:28574514,0,0.44482965043302913
gi:24642922,gi:28571396,0,0.46874176749326885
gi:20129445,gi:21687092,0,0.18600587461905094
gi:24646899,gi:24654586,0,0.3557495242376649
gi:20129865,gi:20130085,0,0.4691525720781538
gi:24648981,gi:28571823,0,0.35293179073095915
Q24564,gi:24652842,0,0.5341065985924226
gi:21356397,gi:24650949,0,0.5571969746503797
gi:17737302,gi:24646386,0,0.5515740856889904
gi:18860055,gi:24641555,0,0.4776736976451225
gi:24584926,gi:28573662,0,0.553319830865072
gi:24583485,gi:24655121,0,0.41089656001616964
Q9VFC8,gi:19922100,0,0.556643852685345
gi:18543285,gi:28574284,0,0.5480728725204779
gi:24585481,gi:24638702,0,0.5123136610236071
gi:24642559,gi:28571338,0,0.5310878639199699
gi:24650729,gi:28571865,0,0.5324591319776788
gi:24642233,gi:24650469,0,0.4341671139934215
Q9VCH4,gi:24662163,0,0.4407717020138261
P20354,gi:19921030,0,0.40415190178511484
P02843,gi:24645091,0,0.45237831904265174
P35381,Q9W0K7,0,0.47223586462529743
Q08012,gi:24580716,0,0.472517693990552
gi:20129385,gi:21356595,0,0.47564887558652125
gi:17136748,gi:28574284,0,0.49021017770604813
gi:21358161,gi:24639988,0,0.5101985744241342
O16797,Q24564,0,0.514589979215767
gi:24649345,gi:24655728,0,0.4697691906315316
P07713,gi:18859929,0,0.528755157187527
gi:19921312,gi:20130007,0,0.5336933545283872
gi:24650864,gi:24659272,0,0.5041378878629482
gi:24582924,gi:24658567,0,0.5086063801057188
gi:28571819,gi:28574939,0,0.4682360620431192
gi:24644498,gi:24667117,0,0.34253703073464065
gi:18858005,gi:24640855,0,0.5229990282395234
gi:21356023,gi:24643937,0,0.5300630843576646
gi:24581838,gi:24663011,0,0.5250799874392269
gi:19921312,gi:20128901,0,0.371542716366453
gi:24584835,gi:24643702,0,0.4830930435432266
P07183,gi:24583279,0,0.44724627663328836
gi:24654405,gi:24656820,0,0.4864861549194203
gi:17137270,gi:20129853,0,0.20871386348513402
gi:24650124,gi:28574406,0,0.4123137109647968
gi:18543293,gi:24667258,0,0.5478693363301049
gi:17137224,gi:24643578,0,0.543141838968179
gi:20128797,gi:20130425,0,0.589238270821632
P07207,gi:21357105,0,0.3528239124873157
gi:17737425,gi:19922686,0,0.6111541068810701
gi:17647755,gi:28574726,0,0.5229006386790229
gi:21356815,gi:24648536,0,0.5463131352694007
gi:17136286,gi:30923655,0,0.5492977007492159
gi:24651339,gi:24664226,0,0.5003295503103117
gi:24583567,gi:24651185,0,0.666334727427512
gi:20130247,gi:21355799,0,0.5447871397656472
P08970,P23696,0,0.5208402088307255
Q9VTJ4,gi:17647581,0,0.5254546466967881
Q9V3D2,gi:24583474,0,0.48480742987704684
O97420,gi:24640246,0,0.5961588150866463
gi:20129669,gi:24657961,0,0.5048694838932001
gi:21357853,gi:24586562,0,0.3905774322540263
Q24046,gi:28574707,0,0.5066965607805913
gi:24645162,gi:28574860,0,0.5051088234414255
gi:17530817,gi:20129621,0,0.29461454902101053
gi:24664817,gi:28571445,0,0.4972849846875813
Q8INW0,gi:19922274,0,0.6302672372190375
gi:21357321,gi:24654595,0,0.5081643966310257
P22058,gi:24580815,0,0.5799259722424326
gi:24580817,gi:24642517,0,0.5019095792278704
gi:24642691,gi:24663462,0,0.4491667580076178
gi:20129739,gi:24665950,0,0.5821997304196053
gi:24581879,gi:24653584,0,0.5460115868935439
P40417,gi:20129907,0,0.558909104433548
gi:19922196,gi:24585156,0,0.37092508148120323
gi:24656982,gi:24663027,0,0.5667206285627482
gi:21358611,gi:28571356,0,0.47554656297854936
gi:19922340,gi:24645951,0,0.2798326140600745
gi:18858161,gi:21355451,0,0.44958384858652817
gi:24645177,gi:24663011,0,0.5000469539959148
O77260,gi:18858185,0,0.4262441903139579
Q24400,gi:24642884,0,0.5848249505310243
P49258,gi:22024255,0,0.5610623994530247
gi:19920824,gi:28571147,0,0.49219750216506375
P30052,Q07327,0,0.5036702269228234
Q9VCR6,gi:24640430,0,0.45168215214243024
gi:24640268,gi:24667258,0,0.3656571329636965
gi:21356337,gi:24653791,0,0.5064565797668299
gi:18858161,gi:24582306,0,0.4919081337835576
gi:17136732,gi:21357685,0,0.5398368181150276
P92201,Q9V6G5,0,0.4664040093143993
gi:20129045,gi:24650862,0,0.48535394394246933
gi:17137146,gi:21357903,0,0.48649251025144974
gi:21355167,gi:28573563,0,0.5137745314703541
gi:24643729,gi:24655741,0,0.5447991787187857
gi:20129423,gi:21358155,0,0.5073370466826709
gi:17137752,gi:28574284,0,0.5229509866979817
gi:24583234,gi:24652652,0,0.4542463857352551
P08985,gi:24665169,0,0.5187087235161189
gi:23397524,gi:24663462,0,0.4244724635565986
P48593,gi:28573125,0,0.3605774124162396
gi:24654578,gi:24654586,0,0.5113410226161434
gi:21355231,gi:28571623,0,0.5359188374824331
gi:21357903,gi:24651339,0,0.5990430584620339
P29742,gi:21357817,0,0.5021329411860312
Q24423,gi:21357761,0,0.3904851018611251
Q27415,gi:17647383,0,0.37619523262066834
Q24564,gi:24663462,0,0.3274020632309903
gi:24584776,gi:24642517,0,0.4540081765155529
P52295,gi:21356743,0,0.5456352262497832
gi:21355811,gi:24643286,0,0.3956668462167053
gi:24644940,gi:24656545,0,0.4618521229832833
P23696,gi:18543263,0,0.5431863149288729
gi:18858169,gi:24648592,0,0.5740983345577632
gi:17137692,gi:24651303,0,0.5310084305813992
Q9VG94,gi:28573544,0,0.48295847695067656
gi:17647503,gi:24581429,0,0.39864507576344843
P52029,gi:24647779,0,0.4833280971915944
P08570,gi:24640689,0,0.5143784668360836
gi:20129227,gi:24650469,0,0.4190802203106367
gi:21356073,gi:24762837,0,0.521862713844986
gi:24641831,gi:24645732,0,0.44453963212552455
P16163,gi:24651028,0,0.5009343217203305
P07666,gi:24659468,0,0.4532177271439415
gi:20130085,gi:24653810,0,0.5117947765634822
gi:19921286,gi:21357969,0,0.2514880127384881
gi:19921250,gi:20129861,0,0.5055431436211657
gi:24663802,gi:28572004,0,0.5165042920197952
gi:21355977,gi:24650467,0,0.4338331581951501
gi:24640501,gi:24667117,0,0.4854971685683174
P10084,gi:18857963,0,0.4260585156735684
gi:19921638,gi:21355673,0,0.4064778721366178
gi:24582224,gi:24665583,0,0.585951790938735
gi:24657678,gi:24660161,0,0.8526289007990598
gi:19920344,gi:19920866,0,0.5514870401897899
gi:21356881,gi:24649221,0,0.5176474290496673
gi:24662650,gi:24663548,0,0.35406465982331664
gi:21356265,gi:24650747,0,0.5104283319783046
gi:17136974,gi:24641794,0,0.5540504114328293
gi:18859953,gi:24649250,0,0.533556974839289
O16797,gi:19921250,0,0.46524922584413053
gi:24582918,gi:24639301,0,0.2910680791788688
Q9VQQ9,gi:24640430,0,0.5151649181739159
gi:24654595,gi:24662729,0,0.5071090199110903
O46106,gi:28574886,0,0.5101027412518854
Q06559,gi:24581572,0,0.28532708554621555
gi:24646436,gi:28558748,0,0.46173709210742536
gi:19922328,gi:24665661,0,0.4822535103237371
Q94899,Q960T2,0,0.5220862898247174
gi:24583482,gi:24651690,0,0.5112609208544759
gi:18859889,gi:24580817,0,0.6436733534114739
gi:19922106,gi:24663802,0,0.5673371262443037
gi:17864290,gi:24586609,0,0.5803645625155532
gi:24640233,gi:26080381,0,0.5139885224852401
Q8INW0,gi:20130331,0,0.4781204252692537
P25991,gi:24640100,0,0.4640774161252234
gi:24657782,gi:28571922,0,0.4981808485212246
O46341,gi:26080381,0,0.5445657330436181
Q9XZS4,gi:24586562,0,0.4498004041658502
gi:21357495,gi:24646434,0,0.5261512579598102
gi:24580841,gi:28574735,0,0.4772900188399055
gi:24582909,gi:24646485,0,0.48634516000482564
Q961V5,gi:21357547,0,0.4019741573018259
gi:19922144,gi:24641935,0,0.4815170727149122
gi:18859973,gi:24643755,0,0.5162215873195999
gi:20129901,gi:24651524,0,0.5392649177485689
gi:24644349,gi:28571987,0,0.5485661701356601
P39572,gi:24649080,0,0.5053605134838761
P27091,gi:21357417,0,0.5328137168450522
P07185,gi:24644498,0,0.4599596173809436
P14318,gi:24642301,0,0.4702544375997621
gi:17137572,gi:24650814,0,0.5219391878741421
Q9XTM1,gi:24584327,0,0.4815341899197705
gi:24638845,gi:24648619,0,0.514284059414453
O96860,P39572,0,0.47632919975121824
Q04787,gi:24648461,0,0.5270117586358314
gi:24643497,gi:24666394,0,0.571384535363856
gi:28573590,gi:28573773,0,0.5193606339497141
P23023,gi:24665132,0,0.8486771011342722
gi:24641085,gi:24665657,0,0.4066288898759997
Q9XY35,gi:28572965,0,0.33842847526248565
gi:24639794,gi:24651028,0,0.461788566656368
gi:17137572,gi:21357871,0,0.5232473666529519
gi:17864566,gi:19921340,0,0.5567769210234428
P08181,gi:24582205,0,0.5093347662468686
gi:24648917,gi:24657877,0,0.5459375732566972
gi:24584043,gi:24657182,0,0.5635351440547718
gi:18543285,gi:28573655,0,0.4845823478905617
gi:19921830,gi:21355913,0,0.5255260900784934
gi:21355865,gi:28574009,0,0.4976688884579453
gi:20128797,gi:24647500,0,0.5361219602911848
gi:24583965,gi:24650084,0,0.5146691897717292
gi:17737533,gi:21358381,0,0.5530699632972156
O46106,gi:24646737,0,0.5213595857917785
gi:24581314,gi:24666879,0,0.5522090076791455
gi:21358131,gi:24641831,0,0.40314027327428054
gi:24646001,gi:24648401,0,0.48558128385828825
gi:24640183,gi:24644675,0,0.5303003108281296
gi:24585156,gi:28574893,0,0.4929398041360641
gi:24582699,gi:28574860,0,0.49819153549844813
P22700,gi:20129433,0,0.6145581015422745
P41073,gi:24666394,0,0.4944486778985433
gi:21357761,gi:24639210,0,0.4414822375794759
P52295,gi:24641340,0,0.5547027808719261
P10383,gi:24643343,0,0.4524634874793436
P29742,gi:28574406,0,0.48723845092029766
Q9VQQ9,gi:24584710,0,0.5308938271431147
Q9VJD2,gi:24639243,0,0.4818482891807269
gi:24585499,gi:24586587,0,0.464516308459696
gi:18859713,gi:24641125,0,0.5568577141394552
gi:21355719,gi:24652999,0,0.5041140927479603
gi:21355187,gi:21355783,0,0.4784268851899287
gi:24643312,gi:24646105,0,0.4146954210202413
gi:24644250,gi:24663246,0,0.4721285390943601
gi:21358205,gi:24642233,0,0.4809867347997671
gi:24650348,gi:24653686,0,0.5851460563330115
gi:23397621,gi:24640704,0,0.48745231501686387
gi:24646494,gi:24659451,0,0.5389373314633961
Q9XTM1,gi:24645332,0,0.5451073380912392
gi:17137298,gi:24668302,0,0.543636083071828
gi:20130281,gi:21357919,0,0.4339700330662419
gi:24639711,gi:24639885,0,0.3173213584670898
gi:24580815,gi:28571615,0,0.5661432366745812
O16011,gi:24643151,0,0.6391035650623299
gi:17647723,gi:24648572,0,0.4771614771816038
gi:21357783,gi:24639301,0,0.512806950304427
Q8IGR0,gi:20130175,0,0.4751598409985635
Q24564,gi:17137188,0,0.3209465679000746
Q08694,gi:24659221,0,0.473421176545427
P25158,gi:24585282,0,0.5066586170176232
gi:17137344,gi:24641854,0,0.48059505936553726
gi:24648463,gi:28573576,0,0.4545581133173177
P09491,gi:24641790,0,0.3953640579156917
gi:24584776,gi:24641344,0,0.4696415844392656
gi:18860017,gi:24649183,0,0.6251381221654353
gi:17986113,gi:28574406,0,0.5023996637629394
Q9V6G5,gi:24638730,0,0.4646709593370053
gi:24641567,gi:24642233,0,0.5280605544409832
gi:17864238,gi:24639885,0,0.4555401891780176
gi:17738085,gi:28573773,0,0.5365448599247853
gi:24643020,gi:24656127,0,0.5558736754877345
gi:24659237,gi:28574582,0,0.36339997075678593
P52295,gi:24652720,0,0.6219564617304401
gi:24582306,gi:24650747,0,0.44367198646007744
Q9VCR6,gi:24641827,0,0.4897127612439377
gi:24643447,gi:24644987,0,0.45149675427286196
gi:19922100,gi:24582962,0,0.5228926422995933
gi:19921372,gi:24652897,0,0.5310123407708582
gi:17136258,gi:28572057,0,0.6037649263126761
P49258,gi:28574284,0,0.4769135358895483
gi:24640177,gi:24666096,0,0.474431939065526
Q9V597,gi:24649499,0,0.5696968394195898
Q24564,gi:24642418,0,0.48153900827211116
gi:18858239,gi:21358175,0,0.358220919234933
gi:24665154,gi:24667117,0,0.5568454650950342
P52029,Q24207,0,0.5108492904612368
O16011,gi:24644880,0,0.5291691286454073
gi:21355719,gi:24654660,0,0.47826063318626666
gi:24651610,gi:24667510,0,0.5443713170801955
gi:21356415,gi:24649183,0,0.45339065402277495
gi:24643702,gi:28571908,0,0.45039642075751085
gi:24646318,gi:24664284,0,0.482551145453183
P07187,gi:17647155,0,0.5108967390206173
P48588,gi:19920984,0,0.37059731804164703
gi:21357915,gi:24651028,0,0.44546130855978744
gi:17864274,gi:24657877,0,0.49594870371085714
P02828,gi:24646908,0,0.4658222661115432
P26308,gi:24668006,0,0.5174444275366867
P48554,gi:24660611,0,0.48362131612955966
gi:24643110,gi:24647137,0,0.44378514869621044
gi:21357275,gi:24653385,0,0.48328945938240697
gi:21356727,gi:28574389,0,0.5512298627080781
gi:17352479,gi:21358201,0,0.4738138186226077
gi:21358033,gi:24656297,0,0.5781226216803044
gi:21355903,gi:21356265,0,0.5246148921941992
gi:21357817,gi:24586595,0,0.49520469249816723
gi:17137760,gi:24642543,0,0.5103432639981148
P15330,gi:24663238,0,0.5687809963216155
P13008,gi:28571891,0,0.23810180194064026
P08570,Q8IGR0,0,0.5963717556321396
gi:21357915,gi:24641209,0,0.46361055762266956
gi:21356415,gi:24639316,0,0.4914657272071253
gi:20129061,gi:20129227,0,0.3613739908435848
gi:17647757,gi:24650084,0,0.4820573108669631
gi:21355331,gi:24762519,0,0.5287953367982876
gi:24583208,gi:24653760,0,0.5466931471897248
gi:24583965,gi:24663039,0,0.3862934148031515
gi:21357871,gi:28572090,0,0.5458784576223678
gi:17864256,gi:21355293,0,0.3694466555383267
gi:28573850,gi:28574949,0,0.4474232314131326
P18502,gi:24641134,0,0.50394770881493
gi:21358205,gi:21687080,0,0.5521286256723719
P49906,gi:28574288,0,0.5393431277892103
gi:22026843,gi:24666694,0,0.4660380109819133
Q03017,gi:17137168,0,0.5181583397643896
gi:17985985,gi:21356121,0,0.5182631378967586
gi:24648010,gi:24650377,0,0.5749417583804939
Q24174,gi:28573740,0,0.5033334082805586
Q9VSJ8,gi:21357537,0,0.5847853536258427
P02824,gi:24646114,0,0.49656386498674265
gi:24640777,gi:24646365,0,0.40271236864740767
gi:20130121,gi:24665583,0,0.5086615445850017
gi:19921312,gi:20128911,0,0.5573930343426173
gi:24642547,gi:24645413,0,0.5272055064064484
gi:24642021,gi:24665132,0,0.5341310886437407
O18404,gi:17864176,0,0.5249257407578699
gi:21358557,gi:24653452,0,0.399669662562106
gi:18858161,gi:24665565,0,0.5418696744757844
gi:21356041,gi:24640672,0,0.6527932678461823
gi:24640625,gi:28573486,0,0.37981583589271833
O44424,gi:24652652,0,0.2788275012767693
gi:24657086,gi:28574316,0,0.6145996753649754
gi:24645053,gi:24651052,0,0.5282819844719636
gi:24654325,gi:24656312,0,0.48401539398850246
gi:17647979,gi:24663861,0,0.4648291715623191
gi:24640264,gi:28573607,0,0.49596011792208405
P52304,gi:24665172,0,0.2932845526749097
gi:24584372,gi:24649935,0,0.42961887126959
gi:21357275,gi:24644517,0,0.4459916092579973
O02194,gi:24653484,0,0.531516204767818
gi:19920776,gi:24643083,0,0.5547749893780555
gi:24659572,gi:24762726,0,0.4773230191610952
Q95RI5,gi:24641555,0,0.3557309188030355
gi:24581879,gi:24648484,0,0.2952252744928786
gi:17647523,gi:28572120,0,0.5098529431762044
gi:24647083,gi:24658577,0,0.5706400650507243
P13097,gi:24650202,0,0.5699987797701698
gi:19920350,gi:24659451,0,0.6402657198094829
gi:24582443,gi:24639715,0,0.6849158141666146
gi:24657504,gi:24668585,0,0.47472586178175624
gi:24583929,gi:26080381,0,0.528712890392034
gi:24582104,gi:24640777,0,0.44684198482328163
P52295,gi:28574876,0,0.5173658476765246
gi:24639299,gi:24656545,0,0.4651604237405649
gi:24649413,gi:28574150,0,0.5063484267898938
gi:19922144,gi:28574010,0,0.4939402283966958
P10041,P13468,0,0.5787196025968206
gi:20130417,gi:24649601,0,0.4048115559507668
P54611,gi:17864566,0,0.3719233662326801
gi:24647609,gi:24661263,0,0.48986766340591603
gi:24580765,gi:24652112,0,0.4194260692890886
Q9VXK0,gi:24640855,0,0.47550072006144234
gi:24585372,gi:24651703,0,0.512224931633627
gi:19922516,gi:21356363,0,0.47042266851528797
P18502,gi:19921252,0,0.41489551543289016
P07666,gi:24649906,0,0.5631895227517018
gi:24668321,gi:28558748,0,0.5600862901269683
P20348,gi:24652680,0,0.5988947935181441
gi:19920354,gi:24583929,0,0.3699077327006675
gi:24649638,gi:24667063,0,0.3851569158075285
gi:24649519,gi:24651100,0,0.43844873106200977
gi:17864614,gi:24666524,0,0.6898632116453719
gi:24645585,gi:24663043,0,0.3946293255743528
P00034,gi:24640905,0,0.5511897405257473
gi:18858071,gi:19920620,0,0.6215049263999247
P40427,gi:19922670,0,0.5187914419896306
O97067,P48451,0,0.575260086315037
gi:18543215,gi:24584645,0,0.5448830250973783
gi:28573207,gi:28574939,0,0.46276038947439746
Q9VPH7,gi:24666240,0,0.5508908269641566
gi:24638978,gi:24648078,0,0.3917909178945751
gi:19920484,gi:24580815,0,0.5357288693497021
Q9VVN2,gi:24666997,0,0.5574211513404903
gi:20428641,gi:24642367,0,0.41622032093306416
gi:19921030,gi:24648828,0,0.368036115088992
P42325,gi:28573495,0,0.4795895976784757
gi:24641919,gi:24645300,0,0.509986364285212
gi:24582182,gi:24641798,0,0.5161770025468438
gi:19922904,gi:24585459,0,0.6165395194411735
gi:24650981,gi:28572129,0,0.5219777012508398
gi:17137352,gi:24647905,0,0.4502090016911207
Q27368,gi:24657504,0,0.4944093362013254
gi:24585635,gi:24650168,0,0.43682804354630134
Q24533,gi:17137616,0,0.5827752407224733
gi:20129527,gi:21355911,0,0.48215186698650025
gi:17530817,gi:24583965,0,0.4026369087237495
gi:24640973,gi:24646174,0,0.41210378811629117
gi:21687233,gi:24657019,0,0.5241266069057563
gi:24582006,gi:24650263,0,0.5482375481877609
P54399,gi:19920696,0,0.493271228873818
gi:24650084,gi:24661689,0,0.3672065387604409
gi:24583482,gi:24647199,0,0.505118665005113
gi:17137224,gi:28574553,0,0.5954267614065912
gi:24584102,gi:24640566,0,0.3929685227196315
gi:24657367,gi:24659451,0,0.49499343705433546
gi:18857967,gi:24649665,0,0.5184919580276833
P48603,gi:24664199,0,0.4296770873331665
gi:19921672,gi:24650435,0,0.47262078432309595
Q9VSC1,gi:24638625,0,0.4462493976746803
P28750,gi:24640635,0,0.49344785340423747
gi:24580815,gi:24650609,0,0.6075349068600475
gi:24652825,gi:24653690,0,0.45444573315924836
gi:24584043,gi:24639301,0,0.3542617961184687
P14130,gi:19922260,0,0.5208000779654673
Q9VZH1,gi:17137268,0,0.3970019628050216
gi:18543215,gi:18860545,0,0.4420362723692539
Q23985,gi:21357595,0,0.46338655310504556
Q24206,gi:24651589,0,0.5212423583200249
P02824,gi:24652999,0,0.390310931652597
gi:24651671,gi:24658110,0,0.48870324843440444
gi:24643118,gi:24649080,0,0.5128302685497531
gi:21358085,gi:24663462,0,0.5316045565472185
gi:20130151,gi:24583067,0,0.6079940142249995
gi:24580914,gi:28571515,0,0.5478461735386184
gi:24642565,gi:24645148,0,0.4598873061565397
gi:24582212,gi:24643793,0,0.4389590527452557
Q9VTE5,gi:17137696,0,0.5598139181240084
gi:17647735,gi:20129967,0,0.32556653122184626
gi:24582846,gi:24638750,0,0.505150166488683
gi:17933532,gi:21358101,0,0.5930490140587354
gi:21358039,gi:24657216,0,0.5942721125006094
P00034,gi:24649007,0,0.4775658847899545
gi:24642884,gi:24643864,0,0.5967090415120103
gi:21358081,gi:24647601,0,0.46846958036337943
Q9V3W6,gi:17864630,0,0.4639232643818333
gi:19921326,gi:19922430,0,0.45288288064343846
Q24276,gi:24665469,0,0.6122014048696249
gi:21357817,gi:24654471,0,0.5235781696688254
gi:24653708,gi:28558744,0,0.5560100120389729
P40427,gi:24585033,0,0.5150936062731944
O16011,Q05856,0,0.5013552046967026
gi:24641578,gi:28573427,0,0.4739704886390014
P08570,gi:24667040,0,0.49784251639051136
gi:28571412,gi:28572977,0,0.5844848673357754
gi:19920370,gi:24668504,0,0.5523366845149491
gi:21355103,gi:24638845,0,0.46505347345290754
gi:17864630,gi:21356481,0,0.5529744753269014
gi:19920776,gi:24762491,0,0.4719416468253012
gi:23397524,gi:24585240,0,0.5806337437909102
gi:24644059,gi:24661359,0,0.45834858504461473
P40320,gi:17864576,0,0.49613585897429485
P07207,gi:17530857,0,0.44988998478190934
gi:24646737,gi:24657989,0,0.5063725208489585
gi:21357365,gi:24663462,0,0.5256427297387426
gi:17737727,gi:17864452,0,0.6094608873938286
gi:17136286,gi:19922444,0,0.5087833728078035
gi:17137616,gi:24645216,0,0.4683873418672516
gi:19922798,gi:24647885,0,0.6253660358904266
gi:24646924,gi:24654872,0,0.44679108585146055
gi:24581660,gi:24585813,0,0.5230712139434572
Q9VHB6,gi:24663523,0,0.5020475654472584
P23696,gi:24663336,0,0.5150099862564468
gi:24641831,gi:24650025,0,0.4703648831668491
gi:24581355,gi:24639187,0,0.5438731309149382
gi:22024114,gi:24639368,0,0.5117491882472311
P16548,gi:24655888,0,0.5227878057733922
gi:21356157,gi:24653649,0,0.4358368075939063
gi:24640747,gi:24650530,0,0.5066510576711631
gi:20129901,gi:24662830,0,0.6473640702052087
gi:20130135,gi:21356995,0,0.38990542389030913
gi:17136624,gi:28572059,0,0.5265734240499801
gi:24581939,gi:24646223,0,0.48628630990405386
O61443,gi:24640607,0,0.44286902226149255
gi:24582864,gi:24651395,0,0.45835550526434926
gi:21356053,gi:24645425,0,0.508655047403823
gi:17136728,gi:17137188,0,0.6770149880791829
P15372,gi:24582592,0,0.5660202036605149
gi:17136256,gi:24641825,0,0.48216408711990993
P15330,gi:17136920,0,0.5084553952907476
gi:24581425,gi:24645585,0,0.5582262826929075
gi:19921144,gi:21357229,0,0.4728690639317017
Q9W2N0,gi:24651303,0,0.45084112070490534
Q9VSJ8,gi:20129579,0,0.440092937672952
P55841,gi:20129705,0,0.4798296689173444
gi:17864444,gi:24639711,0,0.5702264253093486
gi:24647759,gi:24661625,0,0.4665515589918654
P06002,gi:24662243,0,0.4661181136071827
gi:24643634,gi:24649109,0,0.503885512590312
P41043,gi:20129745,0,0.4696381566898949
gi:24642452,gi:28571791,0,0.46550471430500795
gi:17136520,gi:24654782,0,0.5074223566939559
gi:24582746,gi:24644634,0,0.4571445660875513
gi:24642233,gi:24651185,0,0.5619572659523674
gi:24582212,gi:24583827,0,0.4837886164071168
P52295,gi:24650914,0,0.5226856629851647
gi:19921154,gi:24654479,0,0.5835133514735605
gi:21357417,gi:24651021,0,0.4689468149525344
gi:19922746,gi:28573125,0,0.48471307730336766
gi:21357853,gi:24659203,0,0.32260634379775577
P20348,gi:17137398,0,0.5854814687274357
gi:24580841,gi:24762594,0,0.5068183757163727
gi:18543283,gi:24583747,0,0.4631385185327833
gi:24581061,gi:24586270,0,0.4417158998021624
gi:21357761,gi:24643010,0,0.434895675359881
gi:20129279,gi:24582094,0,0.47300829992551946
gi:24649158,gi:24666045,0,0.4021280690290079
P49905,gi:21358567,0,0.5918146757084467
gi:24582746,gi:24643702,0,0.4032834948030476
gi:17864228,gi:28574009,0,0.44132697167879853
gi:24584547,gi:24641792,0,0.6078869406191976
gi:24586591,gi:28573195,0,0.5396468927435577
Q9VCE6,gi:20129579,0,0.5410957600458581
gi:17647523,gi:24649854,0,0.5350039077968397
gi:19921710,gi:24641727,0,0.42383910767710486
gi:24640704,gi:28573729,0,0.49059249944266803
gi:17647503,gi:24645137,0,0.6789419679699702
gi:19921140,gi:19922144,0,0.5524793749166753
Q00748,gi:24586371,0,0.46081699880115157
gi:19921136,gi:24586550,0,0.4496127226593686
gi:21355741,gi:24647905,0,0.42337427541766753
P20232,Q24133,0,0.5478957448179195
gi:17933736,gi:24650662,0,0.5176835025296387
gi:17352479,gi:24642884,0,0.6381416845548972
gi:21355677,gi:24646729,0,0.5111646427980903
gi:24581879,gi:24655480,0,0.4243320081642218
gi:24647058,gi:24654677,0,0.5840088891971895
P35415,gi:21356855,0,0.48933721761076204
gi:24642233,gi:24647137,0,0.46901749083447164
gi:21357113,gi:24581484,0,0.40393984371700076
gi:24638987,gi:24642884,0,0.5362272137625018
gi:21358587,gi:24638894,0,0.5709902538273436
gi:18859891,gi:24584673,0,0.4061991446385332
Q9VCR6,gi:28574939,0,0.452214660844017
gi:17136646,gi:17648053,0,0.4708263838405887
gi:21357969,gi:24644642,0,0.33554443535950385
gi:17737761,gi:28572044,0,0.48880470647601765
gi:21355597,gi:23397623,0,0.4261581879214966
Q02360,gi:24664320,0,0.6025734332282248
Q9W3C1,gi:28573684,0,0.4872133476689792
P82910,Q9XTM1,0,0.5225469640447606
gi:24639187,gi:24641662,0,0.5532697431522229
gi:21357023,gi:24639183,0,0.5116412393807083
gi:19922992,gi:24654595,0,0.46709579015897823
gi:17647335,gi:28571615,0,0.482946009485514
gi:17137220,gi:19921154,0,0.5427686503210618
gi:17137224,gi:24662753,0,0.5322740843903836
Q9VHI4,gi:24643437,0,0.5362304016436352
gi:18859929,gi:24662288,0,0.500653488982828
Q9GU68,gi:24580667,0,0.5201098969633812
gi:21355313,gi:24640430,0,0.5172996974986953
gi:20129835,gi:24641449,0,0.6074576618700199
P07666,gi:18859825,0,0.5025412304905239
gi:24582096,gi:24642515,0,0.4887167699197978
gi:18858161,gi:19920546,0,0.5465502551427108
P22058,gi:24648069,0,0.4623433819257655
gi:20129887,gi:24584009,0,0.4388726160089613
P12982,gi:24762543,0,0.49326976127526434
gi:24656168,gi:24657356,0,0.3394234378264536
O46036,gi:20130249,0,0.5255302653982304
gi:21357761,gi:21358427,0,0.5080273055095511
gi:18859713,gi:21357817,0,0.4777582872322505
gi:24580900,gi:24639272,0,0.524390113540072
gi:18543289,gi:24646498,0,0.49874559647955397
O46036,gi:18859679,0,0.47041683546192353
gi:24648828,gi:24651303,0,0.37116025782321077
P16548,Q24564,0,0.3804742787773688
O18404,gi:21356031,0,0.4354150617815427
gi:24639917,gi:28573466,0,0.5097881022814958
gi:21356265,gi:24643474,0,0.5896677086914103
P21525,gi:24659451,0,0.5061035381940003
gi:24584835,gi:24641148,0,0.5115396212323827
gi:24643106,gi:28571955,0,0.44566258034467876
gi:20128797,gi:21358471,0,0.6196838243395439
Q01068,gi:17137168,0,0.47846283057345573
P48149,gi:24655679,0,0.4515667777420812
gi:24647864,gi:24649755,0,0.493013667657409
Q9VJV9,gi:19920376,0,0.554413556370472
gi:18860011,gi:20129879,0,0.45301932141012125
gi:21358039,gi:24664434,0,0.48175026970522516
gi:21358145,gi:24582339,0,0.49406488203722854
gi:17137572,gi:28573691,0,0.5117964621222367
gi:19922708,gi:24644133,0,0.39637038296233607
Q9VCE6,gi:21357711,0,0.4304224633336921
gi:23397623,gi:24639782,0,0.41247817798129655
gi:17137800,gi:19921536,0,0.4662009089201476
gi:24639790,gi:28573308,0,0.5008186795058536
P08044,gi:19921244,0,0.47118856153518257
gi:21357305,gi:24666323,0,0.5782123407531913
gi:24654975,gi:28573729,0,0.46562743131359763
P21461,gi:20128963,0,0.5763893216714892
gi:24650168,gi:30923564,0,0.46882963435691927
gi:22024283,gi:24655840,0,0.6377799653000453
gi:17137168,gi:21356629,0,0.5000977886754566
gi:17137752,gi:19920576,0,0.6965326982335577
gi:17864428,gi:24584046,0,0.4752592179987939
gi:21356453,gi:24585079,0,0.5197042374602123
gi:18859859,gi:24646212,0,0.49937543677945495
gi:24654313,gi:24661795,0,0.4399789076716776
gi:24638845,gi:24653236,0,0.5198058817037623
gi:24644242,gi:24663292,0,0.5018078021124698
gi:18858161,gi:24665958,0,0.6122216980645282
gi:19921648,gi:24642233,0,0.4872115103656588
gi:17136732,gi:19922620,0,0.656999222884833
gi:24584534,gi:30923655,0,0.35005294311886376
gi:24582879,gi:24585242,0,0.4884803914467517
gi:23397621,gi:24584828,0,0.358319997876938
gi:17137608,gi:21355075,0,0.5036348450058018
gi:19921120,gi:24664561,0,0.5089001866837991
Q94524,gi:20130211,0,0.5342416120927668
gi:17136212,gi:21357305,0,0.33479197637440977
P11147,gi:24654383,0,0.5052145856168407
P15330,P37157,0,0.4590680969940779
gi:18859793,gi:24582860,0,0.49064538907069455
gi:21356595,gi:24639292,0,0.48121473705513346
P11420,gi:21955284,0,0.4245848565948932
O62619,gi:19920746,0,0.47086220577724036
P07666,gi:24657216,0,0.5206244531183519
gi:20129845,gi:24640289,0,0.5051936713497398
gi:24639806,gi:24663802,0,0.4588965755555122
Q9VQQ9,gi:17137074,0,0.4933989900380591
gi:18543285,gi:24659166,0,0.5750734589713643
gi:24648592,gi:28573278,0,0.5015639899563374
gi:18543285,gi:24654479,0,0.44602850866697535
gi:24582339,gi:24639715,0,0.3879591588691075
Q01069,gi:24645309,0,0.3625087397940676
gi:17647979,gi:21357575,0,0.4594907184450595
gi:19921338,gi:24654522,0,0.4172631299419408
O97420,Q23985,0,0.3898075096394566
gi:24762688,gi:28574582,0,0.44477071812508867
gi:24650074,gi:28573563,0,0.45455866964808167
gi:17647565,gi:24582006,0,0.48500402135980714
gi:17136968,gi:21357547,0,0.51898907915872
gi:21356019,gi:24649429,0,0.5172793200991229
Q24141,gi:24643702,0,0.472453260445434
gi:24582294,gi:24583747,0,0.41476740940879475
gi:17647899,gi:24643755,0,0.556767038774199
P19538,gi:24655606,0,0.5631766317705925
gi:24641357,gi:24647779,0,0.4944176858495163
gi:21357455,gi:24641209,0,0.5370105579901483
Q01644,gi:24640672,0,0.10078170795646552
gi:19920746,gi:24581602,0,0.5212725934237349
P02828,Q9VMA2,0,0.4468898016530019
Q9W553,gi:17137224,0,0.538325802959316
Q24337,gi:21357669,0,0.4216069203012093
gi:21358569,gi:24644145,0,0.5456040664265441
gi:24641555,gi:24649007,0,0.6446049753998134
gi:24585169,gi:24655741,0,0.5118946545759742
gi:24584056,gi:24659237,0,0.5622903286488272
gi:21357547,gi:24658292,0,0.42944619581881727
gi:24582283,gi:24656938,0,0.5521924818916825
P09082,gi:24668042,0,0.47675559392127276
gi:20128797,gi:28573646,0,0.48668560976298936
gi:19921250,gi:20130031,0,0.5379583665110865
P37161,gi:20130261,0,0.38394402264479477
Q00963,gi:17864286,0,0.45909510473112675
gi:24580965,gi:24650124,0,0.31674652630758354
gi:21355081,gi:21357761,0,0.5385560218415856
gi:24644498,gi:24659237,0,0.5824802329518165
gi:21356727,gi:24654595,0,0.5590607558918343
gi:17137752,gi:17933722,0,0.5572893248415703
gi:21356743,gi:24647385,0,0.4665051797064424
Q9GU68,gi:24654872,0,0.609252560041557
gi:24580731,gi:28574249,0,0.5334582101330951
gi:24580513,gi:24581314,0,0.46495760674619513
gi:19921152,gi:28574371,0,0.5871504570981481
P09615,gi:28571447,0,0.5292720250540761
gi:24580677,gi:24581572,0,0.590864053848366
Q9V597,gi:24656694,0,0.39326804724502745
gi:19921596,gi:21358081,0,0.5594857324286817
gi:18921137,gi:21355869,0,0.41375875033625087
gi:24665297,gi:28573590,0,0.5245872132267134
gi:24582094,gi:24640233,0,0.5206318711987123
gi:24638876,gi:24656163,0,0.5351259100382412
gi:19920454,gi:24645869,0,0.4953559960423995
gi:19920682,gi:24649214,0,0.4782481162172397
O97067,gi:24644059,0,0.5303862183381445
P25008,gi:24648484,0,0.4348978661379204
P21461,gi:28574284,0,0.49100429939105483
gi:19921156,gi:24584547,0,0.6372152722834579
gi:17136258,gi:24583803,0,0.41395067994384405
gi:24581574,gi:24668018,0,0.4920136902078684
gi:24643282,gi:24648294,0,0.521347200904194
gi:24654172,gi:28571623,0,0.43285190994642864
gi:19921860,gi:24652733,0,0.43446151483435935
gi:24648536,gi:24663657,0,0.6108769192137542
P35415,gi:21356799,0,0.4659017596616624
gi:18859851,gi:24665095,0,0.5189880671934738
gi:24665132,gi:28574920,0,0.20060443225813412
gi:22026959,gi:28573740,0,0.5080313886014084
gi:17136646,gi:28573879,0,0.5496020406464376
gi:24658974,gi:24668627,0,0.27574107429374345
gi:24582918,gi:24649519,0,0.49312459976137735
gi:24641876,gi:28573393,0,0.49460402292896155
gi:17136920,gi:24585432,0,0.5296383190452973
gi:17933742,gi:19921162,0,0.5508448654853279
gi:24639021,gi:24654522,0,0.4731226923528434
P48555,gi:24644521,0,0.4508474556805528
gi:17137224,gi:24640005,0,0.5509214885129061
gi:24586396,gi:24653236,0,0.6254892017415006
gi:21358039,gi:24762517,0,0.5361134737837063
P31009,gi:24581939,0,0.46918863484942697
gi:19921144,gi:24650847,0,0.4931424277729208
P48461,gi:24639687,0,0.454092959814391
gi:24662973,gi:28574886,0,0.47989994327119995
gi:28571833,gi:28574903,0,0.5106795783253985
P13008,gi:24646318,0,0.4769854217024722
gi:18857949,gi:19921312,0,0.5951352217787392
gi:19920876,gi:24663300,0,0.5194179297763294
P16163,gi:17136864,0,0.4499916467004682
gi:24642430,gi:28573173,0,0.6293065283596285
gi:17136732,gi:24663336,0,0.5632155234332921
gi:21357761,gi:24762433,0,0.4634814683590693
Q02748,gi:20130345,0,0.5165631740620574
Q27324,gi:28571341,0,0.5843186961371617
gi:24581542,gi:28574764,0,0.4011432349765326
P02843,gi:24648896,0,0.5516347655491748
gi:17864264,gi:24645300,0,0.6192901895533041
gi:24586562,gi:24642367,0,0.42622356082460894
gi:19921638,gi:24654327,0,0.49318271656276597
gi:28572057,gi:28573278,0,0.37181604758778236
P18459,gi:22024170,0,0.49596977721905056
P02844,gi:17137642,0,0.46445887628814264
gi:18858069,gi:24667089,0,0.4306008859415112
gi:21358485,gi:24662048,0,0.5025578916669063
gi:24642233,gi:24653649,0,0.5035239811961922
O96860,Q94516,0,0.6135494003541687
gi:19920358,gi:22026898,0,0.4369428707434887
gi:19922260,gi:24641180,0,0.36865567711577873
P17276,gi:28573644,0,0.440533486841144
gi:24584547,gi:24655474,0,0.5151041295327438
Q9VGX3,gi:24643174,0,0.37623169661589445
gi:28571565,gi:28573590,0,0.47791608447949785
gi:24639649,gi:24659237,0,0.46513040121422417
gi:18859635,gi:19922196,0,0.4857159279759507
Q9V564,gi:24642662,0,0.5175979722752927
P40427,gi:17137488,0,0.5315466446779993
Q9VQ66,gi:24641831,0,0.5005298359175231
Q23985,gi:24665661,0,0.49822531375405305
Q9NGC3,gi:24660872,0,0.5429153732444881
gi:21355643,gi:24638750,0,0.48435601125334216
gi:20129967,gi:24651411,0,0.41653479825235606
Q9V597,gi:24654082,0,0.5568057740769309
gi:24581879,gi:24585242,0,0.6306494181868962
gi:20129563,gi:24657989,0,0.46886746584256234
gi:17136732,gi:21355573,0,0.6094269853816827
gi:24645975,gi:24648929,0,0.4871083375166555
O44424,gi:24648207,0,0.31551833012711605
gi:24640949,gi:24651265,0,0.39883887320407885
P10987,gi:21357653,0,0.45173387009080124
P23573,gi:24649427,0,0.5141371695589071
gi:19921250,gi:24640982,0,0.5905126314119782
Q9XZT0,gi:19921294,0,0.4873872498215264
P08181,gi:24585240,0,0.5536728484409942
gi:24656168,gi:28573879,0,0.4907411304824059
Q24141,gi:24644145,0,0.5725133601777233
gi:24641732,gi:24649820,0,0.5866932642712297
gi:17137764,gi:24659237,0,0.4914964335779155
Q9Y0A7,gi:28574284,0,0.5257183128607232
gi:21356963,gi:24653562,0,0.5851183884029993
gi:17136968,gi:24648264,0,0.5039329303430868
gi:17136854,gi:24585880,0,0.4800684698213249
gi:24653614,gi:28573264,0,0.4703400403830047
gi:24639740,gi:28574527,0,0.48591429257929886
gi:20129231,gi:24664660,0,0.5664892854859713
Q960E8,gi:26080381,0,0.48876902295177993
gi:24665354,gi:24668563,0,0.4941020893651248
gi:23397623,gi:28573679,0,0.5079643422791963
gi:24581719,gi:28573679,0,0.48700693327877975
gi:24580809,gi:24646199,0,0.535111721346519
gi:21357903,gi:28571445,0,0.478605464691588
P30052,gi:24641555,0,0.5429628794440943
gi:18859961,gi:24641097,0,0.4331888001576478
gi:24640635,gi:28573590,0,0.42050420982628267
gi:18543285,gi:19922620,0,0.4885412722427943
gi:24641148,gi:24643286,0,0.5104102863655982
gi:20129813,gi:24662048,0,0.6044078167536661
gi:17136830,gi:20130007,0,0.4795343764448634
O46106,gi:24642565,0,0.40170808862928364
gi:17137452,gi:24656644,0,0.34362792548057375
Q8T053,gi:24581719,0,0.567653289865309
gi:21358569,gi:24667117,0,0.4420142259495213
gi:24643702,gi:24645621,0,0.46780750560458895
gi:24643081,gi:24663901,0,0.43493181129132097
Q9V597,gi:24639715,0,0.6979284048716874
Q06559,gi:28574228,0,0.300003196358786
gi:17137296,gi:24668824,0,0.46373225232267934
gi:21357495,gi:24582006,0,0.5058010415014121
P02517,P10987,0,0.5248868791343713
gi:18858161,gi:24654325,0,0.5449099339219635
Q9VH95,gi:19920906,0,0.4880902548663731
P02824,gi:24651703,0,0.49180167083772036
gi:24649210,gi:24668704,0,0.5339887376995781
P21914,gi:17137616,0,0.45519202823901445
P18502,gi:24583607,0,0.48082492368312535
P51123,gi:19921312,0,0.41733601998735154
gi:24584547,gi:24644422,0,0.5311235866170883
P23696,gi:17647343,0,0.5535061915170905
gi:17137168,gi:17530817,0,0.441815126831712
gi:24646318,gi:24663246,0,0.49514468339596107
gi:24666240,gi:28574903,0,0.4959018588188097
gi:21356003,gi:28574886,0,0.46526899090592744
P10333,gi:24583531,0,0.501518548299666
gi:24582744,gi:24646273,0,0.5329137183663305
gi:19920826,gi:19920906,0,0.5573412415521442
gi:23397621,gi:24653667,0,0.47721919079266384
gi:24580900,gi:24659237,0,0.4565969128948267
gi:19920912,gi:19921250,0,0.5653655400314717
P20354,gi:17137188,0,0.37918900820131224
gi:24645887,gi:24649078,0,0.5390394396332316
gi:18858095,gi:24649158,0,0.4880848168729028
gi:24653385,gi:28574383,0,0.5199442723041184
gi:19921778,gi:24644650,0,0.4908676905144097
gi:24653385,gi:26080381,0,0.4728386684010455
gi:24582294,gi:28573646,0,0.43930740645379146
gi:24652268,gi:28574692,0,0.5070292222384642
gi:17137398,gi:24643702,0,0.4568240219070804
gi:17137002,gi:24643310,0,0.34809760728678607
gi:17137644,gi:24667089,0,0.5967294072456724
gi:24653612,gi:28571768,0,0.5391183866893468
gi:24662518,gi:24663462,0,0.3970736462796741
gi:18859825,gi:24583741,0,0.45171812199844175
gi:17137616,gi:24642852,0,0.48153257555695084
O44783,gi:17738243,0,0.5041569568982737
Q9VAS7,gi:24654899,0,0.32531782926442654
gi:24651688,gi:28574364,0,0.5024277513710503
gi:21355939,gi:24654944,0,0.41587644136025653
gi:24641831,gi:24655170,0,0.511151104307571
gi:24650786,gi:28574764,0,0.3763669777680924
O18413,gi:24641760,0,0.5014073833558214
gi:24665583,gi:28558748,0,0.5446824851355603
P07183,gi:28558744,0,0.43530759392241614
gi:24642611,gi:24645724,0,0.3851711340509704
P92208,gi:24645137,0,0.470427048984927
gi:17136216,gi:24646928,0,0.3757887471364433
Q9VXX8,gi:21955276,0,0.44578878901564134
Q02360,gi:21357129,0,0.4869170435656819
gi:18859735,gi:24665154,0,0.46931758648718747
gi:21355923,gi:24641946,0,0.46649435959695107
gi:18859833,gi:24586371,0,0.39814838554063414
Q9VGX3,gi:24649109,0,0.36484475860004006
gi:24640430,gi:24654383,0,0.4553507772604722
gi:24648536,gi:24662729,0,0.5840096887025201
gi:24652999,gi:24660979,0,0.5851641814246876
P23696,Q24404,0,0.5462958841189715
gi:22023983,gi:24650208,0,0.529250747487901
gi:21357817,gi:23397623,0,0.5187665647826372
Q06559,gi:21357037,0,0.534663001035479
gi:19921254,gi:24582598,0,0.6201532945916718
P02517,gi:17738153,0,0.5122683750718454
Q24564,gi:24666053,0,0.46736270356039417
gi:17737911,gi:24642517,0,0.5761008244891587
gi:24659451,gi:24665135,0,0.2871479996004842
Q24475,gi:19923044,0,0.46319696858053083
gi:20130135,gi:28573264,0,0.4162425864887347
gi:20129291,gi:24654325,0,0.4690068967173459
gi:17137752,gi:19922896,0,0.5176061679241915
gi:24584167,gi:24640759,0,0.5268012968601136
gi:21357761,gi:24639301,0,0.2444014916222022
gi:24647137,gi:28573278,0,0.539299172151456
gi:21357369,gi:24666894,0,0.457578707924337
gi:18859891,gi:23397395,0,0.4688500282572015
P13469,gi:19921312,0,0.35895643804785293
Q9XYN7,gi:21356741,0,0.47782820582307195
gi:24643310,gi:24644819,0,0.18902015020573068
O46106,gi:20130399,0,0.47857443533544397
Q27350,gi:24581939,0,0.4185776053570703
gi:20128863,gi:28574063,0,0.3861691151469938
Q9VPS5,gi:24582090,0,0.4818338979260947
gi:21955284,gi:24661787,0,0.4565238628907915
P17917,gi:20130211,0,0.3696757506652474
gi:17137220,gi:24656494,0,0.5572586844925087
Q9GU68,gi:24640348,0,0.4814227110129912
gi:24586167,gi:24643634,0,0.5139210460442172
gi:19921294,gi:24644242,0,0.4789262852902679
gi:17136216,gi:24651238,0,0.32478920064836503
gi:24646249,gi:24667238,0,0.4397145321230973
gi:24642517,gi:24664627,0,0.44183639817149756
gi:21356743,gi:24644592,0,0.48015333051086795
gi:19920370,gi:19922658,0,0.5152800503230947
P25867,gi:24643118,0,0.6197915455683647
gi:24653610,gi:24663352,0,0.5062030299065964
gi:18858169,gi:28573173,0,0.558465371738425
gi:18543265,gi:24652408,0,0.4053897446487756
gi:21686961,gi:24638896,0,0.45485568616215377
Q24564,gi:24666524,0,0.6192311807099233
P08175,gi:20130151,0,0.26140370332808954
Q24141,gi:24663275,0,0.5195387944747962
gi:24651339,gi:24653708,0,0.5215815628093868
gi:18858007,gi:24648401,0,0.5438312758256261
gi:24643394,gi:24665583,0,0.46814400469452644
gi:19921778,gi:24651028,0,0.5297229497329323
P39572,gi:24641689,0,0.5053749766584542
gi:18859973,gi:24640362,0,0.6254188721642422
P31009,gi:24642601,0,0.538096254708541
gi:24582170,gi:24661263,0,0.5688433534465412
gi:19921306,gi:24655824,0,0.5681573074122467
P42287,gi:21355677,0,0.2590551237651228
Q9U4L6,gi:21955284,0,0.4525076355195132
gi:24585452,gi:24666524,0,0.5033718932075801
gi:24655034,gi:24662155,0,0.4395492289030088
gi:21358161,gi:24645344,0,0.538783257622381
gi:24650284,gi:24667403,0,0.5090428150875023
gi:17737805,gi:21355617,0,0.24206253711524103
P49258,gi:24647137,0,0.47208927632907377
gi:17738085,gi:24655996,0,0.42186712067363596
gi:21356815,gi:21357483,0,0.6749401446167971
Q23985,gi:19921422,0,0.41080740692415724
P82147,gi:24648294,0,0.5307646527176125
gi:17137726,gi:24415388,0,0.4893904282410374
gi:24650420,gi:24657317,0,0.5218143700952237
gi:24647665,gi:28574757,0,0.5367752744603079
gi:24638750,gi:24762688,0,0.442807200492352
O46106,Q9VM75,0,0.5107528552539178
gi:21358101,gi:24650658,0,0.5377552290085305
P10083,gi:24641198,0,0.5317307307720117
gi:17137296,gi:24642134,0,0.4753172378251967
gi:24656959,gi:28571445,0,0.47516522843906434
gi:17136860,gi:21357799,0,0.4609271160412302
gi:17737503,gi:24648198,0,0.5532250496002519
gi:24644250,gi:24659210,0,0.5009145066097471
gi:24584341,gi:24638845,0,0.27684552665247675
gi:19921312,gi:24665657,0,0.5127062327790446
gi:17136968,gi:28574385,0,0.48223899020745803
gi:24586307,gi:28573799,0,0.5228005442926886
P52304,gi:24666096,0,0.4803763899456165
O44437,gi:24645058,0,0.5249876553238151
gi:17136258,gi:24653649,0,0.5198279032423222
P16163,gi:24582628,0,0.5700961049545245
gi:24584030,gi:28571678,0,0.5051750500198093
gi:18859719,gi:20130085,0,0.5682381265247475
gi:21356133,gi:24640635,0,0.6165517528097466
P10083,gi:17647891,0,0.48676047158106855
gi:21687133,gi:24642916,0,0.5162425398925221
P52304,gi:24662626,0,0.4820967225983568
gi:24581542,gi:24653350,0,0.5518125233193913
gi:18860011,gi:24654934,0,0.4536909442311473
gi:24585943,gi:24655176,0,0.5662830160735021
gi:20129669,gi:28573278,0,0.4795051066396859
gi:20130151,gi:24653385,0,0.3430209980427681
gi:24642301,gi:24646611,0,0.41023974453286627
gi:19922516,gi:24661523,0,0.43972357908698045
gi:21356895,gi:24647786,0,0.49791195214338385
gi:22026966,gi:24642517,0,0.5345640468941308
P54733,gi:24643151,0,0.5292205192941831
gi:24656494,gi:28574582,0,0.5550541620635497
gi:28573393,gi:28573735,0,0.5087930730658731
gi:17136732,gi:24583567,0,0.5295743007257108
gi:21686989,gi:24643831,0,0.49474411366191373
gi:24645583,gi:24649183,0,0.4222266381631709
gi:24641921,gi:24667546,0,0.48106957363238023
gi:17738007,gi:24663462,0,0.5062362499749914
P02516,gi:24641831,0,0.5629049717572341
gi:24638708,gi:24654688,0,0.35715510924870114
gi:24642547,gi:24654325,0,0.49160115670101057
gi:21358507,gi:24663462,0,0.34280091638832794
Q9VPS5,gi:22024201,0,0.44283109002130283
gi:24639187,gi:24658069,0,0.4639441294195833
gi:21355643,gi:24642808,0,0.49511466895226236
gi:19921312,gi:24655067,0,0.46107210792742526
gi:17137108,gi:24667876,0,0.6637166429177991
gi:17136392,gi:24641567,0,0.46595793931522816
gi:24585926,gi:24647786,0,0.4756485829836065
gi:24666323,gi:24667565,0,0.5025920696677999
gi:19922992,gi:20129043,0,0.5327947039985808
gi:20130281,gi:24661136,0,0.4939350223310918
gi:24640806,gi:28572059,0,0.5508069388281788
gi:18543215,gi:24658567,0,0.4312506085667684
gi:24642021,gi:24663011,0,0.47382488526381256
gi:24648484,gi:24660416,0,0.45352703761736746
gi:24586587,gi:24655850,0,0.4461642002779088
P52029,gi:24655577,0,0.5191401870963087
gi:24650924,gi:24665469,0,0.44368335103769085
gi:24642287,gi:24650348,0,0.5392184640769492
gi:20130399,gi:24649427,0,0.5089584730749963
gi:24581449,gi:24651092,0,0.3914609872834581
gi:24582283,gi:24644390,0,0.507574487658187
P24492,gi:17137146,0,0.4610318227695429
gi:20129381,gi:20130321,0,0.46755970231036553
Q9VLP3,gi:18858161,0,0.5120026133703826
gi:20129907,gi:28574150,0,0.4554252736657952
P10180,gi:24646199,0,0.5498190397066103
P18502,gi:24583012,0,0.5005123012659095
gi:24641452,gi:24653856,0,0.43782869179812167
P15330,gi:24651963,0,0.5699531994176541
gi:17137188,gi:24581939,0,0.3713734414243856
gi:21355777,gi:21357483,0,0.5963975046654437
gi:24584043,gi:24642235,0,0.47771272884589583
gi:24583061,gi:28573173,0,0.6140678909744071
Q9VVA8,gi:28571506,0,0.33897942250177593
gi:17647979,gi:24652940,0,0.5399188802189978
P22813,gi:17137644,0,0.4709555322038423
gi:21357761,gi:24661826,0,0.5221010811141076
Q9VAN0,gi:24646782,0,0.49477251023756824
gi:24581572,gi:24663283,0,0.5460000516091403
P16378,gi:24668290,0,0.4707734133036508
gi:24584039,gi:24668820,0,0.6062536022907515
gi:21355713,gi:24642799,0,0.4331341277149876
gi:21357019,gi:24646860,0,0.5120749022537523
gi:21355477,gi:24662048,0,0.5608077333139163
P18502,gi:24654891,0,0.5909034111952943
gi:21357761,gi:24643634,0,0.4617143774326015
gi:24651671,gi:24666240,0,0.48606800475491835
P19538,P23757,0,0.5412911061806005
gi:24640855,gi:28573544,0,0.5258440328188001
gi:19920706,gi:24658342,0,0.401234732261836
P18459,gi:21357227,0,0.42175559119145384
gi:24646782,gi:28573563,0,0.43355050712041376
gi:17136258,gi:17137696,0,0.44187549190574765
gi:24641340,gi:24655093,0,0.5221444498414041
Q9VXX8,gi:21355195,0,0.2387843540176314
gi:20130085,gi:24582879,0,0.5354583087722774
gi:19921904,gi:24584774,0,0.360356814355391
P07909,gi:24641085,0,0.5136050077318788
P29742,gi:24663672,0,0.4818118183988149
gi:24580815,gi:24640570,0,0.4205593746768076
gi:21357187,gi:24645921,0,0.600477991684828
gi:20128963,gi:24651671,0,0.4946677041040667
gi:21356995,gi:24651185,0,0.48794009940678745
gi:17136646,gi:24665132,0,0.24039589219006405
gi:21357683,gi:24582096,0,0.5076581883662559
Q24106,gi:18858189,0,0.3139276488126627
gi:24581582,gi:24638862,0,0.4953533807310151
P18487,gi:24660200,0,0.5194403398897386
gi:21355365,gi:24668563,0,0.5416784290114111
Q9W2D9,gi:17737533,0,0.44814978949158457
gi:24586485,gi:24645011,0,0.5100605963818863
gi:24580731,gi:24639715,0,0.5172118108169115
gi:24642214,gi:24642301,0,0.4117035992774095
gi:17737419,gi:20130261,0,0.543260202093842
P40320,gi:24581205,0,0.4396170117416047
gi:19921250,gi:24664660,0,0.5672997624413463
gi:20129257,gi:24585813,0,0.5475574274358023
gi:24645476,gi:24652770,0,0.5026854014999775
P13607,gi:21357917,0,0.49661770206987504
Q94524,gi:24666694,0,0.458750335064201
gi:22024206,gi:24642134,0,0.4219017033237716
Q24564,gi:24643702,0,0.40568895747925154
gi:24585880,gi:24659237,0,0.5050618373155136
gi:17864238,gi:28571900,0,0.4969124566577514
gi:24641555,gi:24658403,0,0.5685876102286842
gi:24585635,gi:24668006,0,0.49238721969367644
gi:19920344,gi:24642267,0,0.3556092210806801
P28159,gi:24666096,0,0.5195290324826908
gi:21358109,gi:24652684,0,0.6132370912395101
O16797,gi:24643118,0,0.5310562756576876
gi:21356743,gi:24655606,0,0.49371188961385787
gi:19920604,gi:24655228,0,0.36978867075700733
gi:24643118,gi:24647759,0,0.5767779559539918
gi:24639548,gi:28571421,0,0.5894921125442474
gi:24646001,gi:24655577,0,0.495480689999942
gi:17137580,gi:24648198,0,0.5986263033949984
gi:21358145,gi:24642517,0,0.4501211941743236
P82147,gi:21355909,0,0.4512118842409193
gi:17648123,gi:24652737,0,0.5953683846484719
gi:24657019,gi:24666826,0,0.4910614995508916
gi:17136208,gi:20129385,0,0.4227857361629413
gi:24639301,gi:24648461,0,0.3214230518213002
gi:24584831,gi:24642583,0,0.5277661849993607
P23792,gi:24648147,0,0.48945316607216693
Q9VCZ8,gi:24649427,0,0.4149485316284961
P00034,gi:24644797,0,0.5560662594961047
P02834,gi:24663462,0,0.5311060386290648
gi:17648053,gi:19921122,0,0.4598463971143699
gi:17647979,gi:19920354,0,0.4565687000119494
gi:24583894,gi:24656280,0,0.5726102727432077
Q01069,Q9VYV5,0,0.5198799977332921
Q9V7D2,gi:28574582,0,0.3792027023401287
gi:24641734,gi:24667211,0,0.5015848360685057
P22058,P48555,0,0.6019247130233698
gi:17137760,gi:24654540,0,0.5397502487549796
gi:19921312,gi:24643530,0,0.3682999749348515
gi:24584643,gi:24656026,0,0.5288195290691914
Q9NJH0,gi:24649025,0,0.5098777427979407
gi:17737425,gi:20129859,0,0.5424629484431099
gi:24663011,gi:28571885,0,0.4389044800442805
gi:24650025,gi:24653674,0,0.42600247160065413
gi:20128985,gi:24651247,0,0.5797707671781879
gi:24640570,gi:24644797,0,0.6350657271755963
gi:24643394,gi:24643755,0,0.4850546358834577
P16548,gi:24581719,0,0.3141997998841822
P10041,gi:24762491,0,0.43756618854980167
gi:18859749,gi:24583567,0,0.554138926407954
P48609,gi:24652624,0,0.43483284956892015
gi:21357745,gi:24654934,0,0.4480330689862467
gi:20130247,gi:24645300,0,0.5535269352851224
P07185,gi:19921312,0,0.6979267601206705
gi:17647735,gi:24649169,0,0.5557072556088768
gi:24638625,gi:24656820,0,0.556547130528193
gi:19921850,gi:24585599,0,0.5354993166464111
gi:17136524,gi:21358019,0,0.48792652783696494
gi:24584090,gi:24656168,0,0.5177764731479801
gi:17136532,gi:24664458,0,0.5404808021173412
gi:24585060,gi:24657023,0,0.5370083727645639
gi:21355851,gi:24663599,0,0.5631104087610089
P91928,gi:24581465,0,0.5848468805636227
gi:17136294,gi:18858125,0,0.4386648898499654
gi:18858231,gi:24666394,0,0.5024580820291578
gi:21355617,gi:24662317,0,0.42174033801998956
P92208,gi:24581314,0,0.4373413147368115
Q01068,gi:24646337,0,0.36487053003658604
gi:18921155,gi:24642884,0,0.4479335724420965
gi:19922308,gi:24762753,0,0.15931554690511338
Q9V3P0,gi:24641156,0,0.5064382399491276
gi:21358167,gi:24654441,0,0.452641666397435
P17886,gi:20129061,0,0.4069752611317154
gi:24641148,gi:24655480,0,0.4958607895440466
gi:24582443,gi:24646009,0,0.5817777550768674
gi:24583567,gi:24640482,0,0.47355805104071536
gi:24654086,gi:28573879,0,0.5518391567049525
gi:19920386,gi:24643516,0,0.40193915465488167
gi:24639988,gi:28574527,0,0.5307610268282869
gi:22024283,gi:24641014,0,0.4298482064798222
gi:24639988,gi:24651006,0,0.5088107084541159
gi:24640119,gi:28571356,0,0.26214792441099105
Q9VGI8,gi:24643634,0,0.5344501435668093
gi:17530957,gi:28573563,0,0.4323840552095861
P02843,gi:24647759,0,0.5036282817073344
gi:19920746,gi:19921692,0,0.55238679654589
gi:21357737,gi:24648329,0,0.45382885506456333
gi:19921672,gi:24639301,0,0.260278988111907
O96827,gi:28573466,0,0.4614055896066149
gi:21357151,gi:24655850,0,0.46013416527915135
P20007,gi:24650311,0,0.5078600751964792
gi:24640704,gi:24650914,0,0.556429677412994
O96860,Q9VYH3,0,0.43394087645242285
gi:17986187,gi:24656808,0,0.6191209642533321
gi:18921125,gi:28573729,0,0.45199285618737806
P52295,gi:21356415,0,0.5019901181735364
gi:21358033,gi:24647356,0,0.612531186621781
P13060,gi:24582268,0,0.46283529672331375
P32392,gi:17864576,0,0.512247273718512
gi:17986113,gi:24583557,0,0.4915474018257387
gi:21355477,gi:24649976,0,0.42339156223898805
gi:24650814,gi:24666479,0,0.6180791223482759
gi:24583431,gi:28558744,0,0.5283483315292079
P48555,gi:24762383,0,0.4549725566397847
gi:21356019,gi:24640635,0,0.47102635132839304
gi:24649996,gi:24661707,0,0.5283860500857727
gi:21357113,gi:24642697,0,0.5504322138420569
gi:21356073,gi:24582281,0,0.5323252229634157
gi:24653667,gi:24668519,0,0.6844631599444199
gi:17933736,gi:24656959,0,0.39965685414868457
gi:24644797,gi:24647385,0,0.6604576732718829
gi:19921910,gi:19922666,0,0.5591003304514164
gi:24584985,gi:24642561,0,0.47421139501017534
gi:24647060,gi:28573401,0,0.4886414469795909
gi:18860099,gi:19921230,0,0.5203511069186717
Q9V407,gi:24640599,0,0.4698087094356481
Q9VZD5,gi:21355279,0,0.3901095154196607
gi:18858205,gi:21357863,0,0.5443610726786509
Q9W5R8,gi:24656808,0,0.5092737709014696
gi:21358111,gi:24645553,0,0.5781886807271835
gi:24582239,gi:24640591,0,0.32673219517197294
gi:21358035,gi:24582283,0,0.4687364478794822
gi:21356881,gi:24646847,0,0.5494177221926202
gi:21357211,gi:24664979,0,0.3733324721045273
gi:24645384,gi:24659237,0,0.5132527893488062
gi:24582306,gi:24659755,0,0.5420970633005457
gi:19921710,gi:19922658,0,0.49226214385951045
P08181,gi:24581660,0,0.4982664460396512
Q9Y1A3,gi:24582212,0,0.5392666686654727
P55828,gi:24651303,0,0.4621864295443611
gi:24585152,gi:24656644,0,0.5610688284026215
gi:24655502,gi:28571865,0,0.37303561984999783
gi:17137168,gi:24665583,0,0.4948255352303254
gi:24641790,gi:24663344,0,0.5128912139363109
gi:19922560,gi:23397623,0,0.4565742588997606
gi:24580731,gi:28558744,0,0.5243729988454338
gi:18858137,gi:24665661,0,0.6204571690382629
gi:17352461,gi:24660504,0,0.4981438621491527
P13607,gi:21358201,0,0.5175533319267274
gi:24585618,gi:24649236,0,0.4658846358670014
P19538,P54357,0,0.4382612349979461
gi:19921312,gi:24652897,0,0.45200190447899635
gi:24642367,gi:24651364,0,0.46949716359566845
gi:24640949,gi:24643050,0,0.47857757352887625
Q24564,gi:20129745,0,0.39977495297162075
gi:24582306,gi:24639368,0,0.5290933179861428
gi:17137220,gi:24667726,0,0.5022977030005573
O62619,gi:24652438,0,0.5194932626372883
gi:21357483,gi:24641660,0,0.4737101805699946
P08570,gi:17137300,0,0.5222911838343921
gi:24581425,gi:28574778,0,0.5658064772032236
gi:24654086,gi:24666274,0,0.5615239963565631
gi:24640672,gi:24649236,0,0.3534964346687509
gi:24653096,gi:28574875,0,0.5152574756983053
gi:24639988,gi:24649473,0,0.520672922877021
gi:21356265,gi:24657782,0,0.5579816267465535
P18824,gi:28571148,0,0.4654698744377716
gi:24645002,gi:24655228,0,0.12545698478296835
gi:19921582,gi:19922186,0,0.46175532142265574
P08175,gi:24645300,0,0.2637511603463097
gi:24652112,gi:24652804,0,0.4650789192588416
gi:18859635,gi:24649236,0,0.5796524668504394
gi:21357817,gi:28574764,0,0.475071709494696
gi:21357129,gi:24649423,0,0.41853762573050124
Q9VZD5,gi:24584017,0,0.41769730092025087
gi:19921950,gi:24585767,0,0.4677592608524438
P02824,P51123,0,0.5136830446733621
gi:21356367,gi:24642517,0,0.5250605864345447
gi:17137616,gi:24646737,0,0.6427921868783179
gi:24643640,gi:24650658,0,0.556234325846896
gi:17647755,gi:18858095,0,0.4151724447089292
gi:24641555,gi:24650084,0,0.43983774901553035
O46106,gi:17137620,0,0.5270302937448074
gi:18859933,gi:21356031,0,0.43514941139741625
O97420,gi:28571108,0,0.4030445766511532
gi:24649383,gi:24665135,0,0.2586774365863459
gi:24582746,gi:24646972,0,0.5173522827911196
gi:21955284,gi:22024201,0,0.4625227566655828
gi:17933604,gi:24647083,0,0.587789931743912
gi:19922918,gi:24643715,0,0.5555314443734277
gi:24640672,gi:24652946,0,0.6457033855947759
Q9VJV9,gi:28573795,0,0.5585282786252926
gi:17137644,gi:24663523,0,0.46560658735729027
gi:17136968,gi:24643634,0,0.502031158829581
Q9NGC3,gi:24654595,0,0.5623728667244343
gi:17737425,gi:24660935,0,0.46616831128421565
P13008,gi:24585245,0,0.4631389540814674
O46106,gi:21357037,0,0.503269334553221
Q9XYM0,gi:17137296,0,0.4632865476719817
gi:17137586,gi:24668658,0,0.4965678128259332
gi:24650658,gi:24658567,0,0.5277654947875484
P82910,gi:24668551,0,0.48185903293250054
gi:21355443,gi:24582224,0,0.5175985107546047
P49630,gi:17647503,0,0.39225038674224694
gi:19921144,gi:24651924,0,0.5228374172066356
gi:24643822,gi:24662729,0,0.43687830173303477
gi:24581484,gi:24651524,0,0.474089743178246
gi:20129859,gi:24667059,0,0.5117836843981447
P13607,gi:20129387,0,0.43100653667529304
gi:24650202,gi:24667778,0,0.6308630247812844
gi:24663015,gi:28573893,0,0.4976058164416839
gi:20129291,gi:24641420,0,0.5255422477773668
gi:24645425,gi:24655341,0,0.4945334119086325
Q06559,gi:24585943,0,0.5004551813198369
gi:21358247,gi:24651690,0,0.5597647883093054
Q9GU68,gi:20130321,0,0.49830916760851696
gi:24641831,gi:24655662,0,0.5641850950575213
gi:20129835,gi:24653031,0,0.5410770181922765
gi:24584916,gi:24664458,0,0.567585651289162
Q9VH95,gi:24666524,0,0.7573674429325611
gi:24585154,gi:24661332,0,0.5071657451221561
gi:24581205,gi:24663930,0,0.24943504391142468
P02824,gi:24639681,0,0.40768124305187986
gi:24583268,gi:24652652,0,0.39754013668064414
P18824,gi:28571791,0,0.5062375680704181
gi:24659997,gi:24661625,0,0.4063820856086404
Q01642,gi:24663556,0,0.09378782859477616
gi:24647385,gi:24665657,0,0.5879924753643085
P08175,gi:24666790,0,0.7626291267634308
gi:17737533,gi:24647563,0,0.40099417929709447
gi:24582746,gi:24668076,0,0.42238260883459
gi:17137168,gi:24663861,0,0.4654638297593999
gi:17648053,gi:24665157,0,0.5509221043462239
P82711,gi:17137692,0,0.5185976391748603
Q9VAW0,gi:24658927,0,0.5399204706169626
gi:24581901,gi:24642517,0,0.5628551190343422
P08182,gi:21357817,0,0.4439833957235796
gi:21356927,gi:23397524,0,0.43576803813709936
P13097,Q9VHI4,0,0.5072495445096028
P18824,gi:24646073,0,0.47663752419992034
gi:24641831,gi:24655363,0,0.5204795111482332
gi:21356595,gi:23397621,0,0.4003822912352092
P55841,gi:24647343,0,0.5645269690409043
gi:24654082,gi:24663462,0,0.37979033822510677
gi:18859931,gi:24655245,0,0.43777658050075946
P09087,gi:17136826,0,0.5363543751244677
Q8IGR0,gi:18858171,0,0.4757880176141534
Q9VGS2,gi:24648592,0,0.5786172843309676
gi:28574516,gi:30923564,0,0.5117670553461477
P31009,gi:24645425,0,0.5160629100043682
gi:22026959,gi:28574886,0,0.5345545321756531
gi:21355995,gi:24585154,0,0.46240427143917556
gi:24583848,gi:28574950,0,0.5555752594068233
gi:21356741,gi:24583894,0,0.46548380127639105
gi:19921992,gi:24649214,0,0.5067430931180225
gi:21355719,gi:24651339,0,0.4667793386277727
gi:21357915,gi:24654636,0,0.47201272005461226
gi:24582212,gi:24658292,0,0.335519016054333
gi:17136378,gi:24639782,0,0.5208549652573732
gi:24642586,gi:24662753,0,0.5206383203924924
gi:24645184,gi:24645967,0,0.518088238036142
P17276,gi:24642303,0,0.46140653293463024
gi:19921112,gi:24652842,0,0.5148106095946131
gi:28571660,gi:28572997,0,0.5705877555124933
gi:21357275,gi:28571396,0,0.4537804874392884
gi:21357723,gi:24641792,0,0.5507343133921202
gi:24657070,gi:28571689,0,0.643215229368591
O62619,gi:19921060,0,0.43253864048646296
gi:24639885,gi:24657974,0,0.1122695635778478
gi:24647320,gi:24651238,0,0.3376006955155015
Q9XTM1,gi:17647875,0,0.49801768767184335
gi:24645817,gi:24651671,0,0.42201501842948075
gi:24643110,gi:24643118,0,0.5058276152710931
P23757,gi:18859771,0,0.47736165907325756
gi:18859735,gi:24653385,0,0.44081224487903115
gi:17137586,gi:24667917,0,0.4312377075798215
gi:21355163,gi:24643118,0,0.46079357326439185
P11147,gi:21358129,0,0.5352351817521871
gi:19920436,gi:20129165,0,0.4304590574474653
gi:19921710,gi:28571447,0,0.5232004432627273
P52295,gi:28574764,0,0.42000332829640924
P06603,gi:26080381,0,0.4814656131227461
gi:20129527,gi:24648198,0,0.4700244909598095
P08182,gi:24645909,0,0.4526212238090779
gi:20128847,gi:24644797,0,0.6687628920072586
gi:24582746,gi:24653484,0,0.4707358597446326
P15330,gi:24649942,0,0.5776155434171995
O62622,gi:28574364,0,0.6120886314112113
P10041,gi:21355309,0,0.3849861878871428
gi:21355851,gi:24646246,0,0.548978380763113
O76767,gi:24650265,0,0.44667595184553543
gi:17137752,gi:24651236,0,0.3836632549063712
gi:24639124,gi:24640510,0,0.5467729190442777
O44424,gi:24583380,0,0.5481009535158662
gi:24586353,gi:24641831,0,0.5142686436256516
gi:20129563,gi:24653350,0,0.49724292663567904
Q9VVN6,gi:28574383,0,0.5101693096256859
gi:21358101,gi:24665583,0,0.45280722874737034
gi:19920546,gi:24646524,0,0.39353906921059395
gi:21356031,gi:21356595,0,0.4693071584313243
P09491,gi:20129481,0,0.19156967433571767
gi:24640721,gi:28573313,0,0.47112794245995754
gi:18859867,gi:24638995,0,0.541906368279296
gi:17352479,gi:24668309,0,0.4293504440456001
gi:17137074,gi:24651935,0,0.4987468139108137
gi:24655840,gi:24661811,0,0.6073551636504222
gi:17737425,gi:24641790,0,0.5024264577805512
gi:24647557,gi:24651610,0,0.4885724974458138
gi:19922518,gi:22026880,0,0.5050432436608101
gi:24642517,gi:28571108,0,0.462895878591013
gi:17136826,gi:24643831,0,0.6294024387516804
gi:20129061,gi:24663664,0,0.39024515247132946
Q9V564,gi:24647582,0,0.5584542186434256
gi:24644051,gi:24650750,0,0.41958566058678776
O17445,Q9V7P1,0,0.41387691246622105
gi:21357711,gi:24652733,0,0.43109953156259634
gi:21355383,gi:24667703,0,0.47293175564144146
gi:24581310,gi:24647885,0,0.4509866962138274
gi:24580949,gi:24667211,0,0.5005947757606056
gi:24641127,gi:24661830,0,0.4933369836014247
gi:21355245,gi:24652268,0,0.42658417798069753
gi:21357969,gi:24638708,0,0.46718103585108095
gi:21355891,gi:24641831,0,0.5181744756551621
Q9XYM0,gi:24663462,0,0.43109909265299917
gi:24585077,gi:24655606,0,0.5435072226227247
Q03334,gi:17136342,0,0.5079316742296818
gi:21356265,gi:24582858,0,0.4472972642915752
gi:17137234,gi:24642884,0,0.4939463357795919
gi:17647335,gi:24581842,0,0.5029396198142438
Q24400,gi:24656026,0,0.3939191657612141
gi:17530817,gi:24642884,0,0.42435486854364524
gi:20130199,gi:24654172,0,0.48213416262356296
P22058,gi:24585880,0,0.5764532135083065
gi:19921162,gi:24584030,0,0.5061453387081241
gi:18860017,gi:24582306,0,0.5658678780063408
gi:24654383,gi:28573729,0,0.49066470995745914
P10987,P11147,0,0.49567468053405717
P10333,Q9V8K2,0,0.5935721865339781
gi:24581572,gi:28574395,0,0.6382669543352215
P19538,gi:24666905,0,0.5521892976927487
O16867,gi:24645425,0,0.4333620758095749
gi:21356815,gi:21357669,0,0.6138532182446699
gi:24652762,gi:24662700,0,0.5103761119325391
P08182,gi:24652112,0,0.4625722887183008
gi:21358175,gi:24583965,0,0.4455892186729476
gi:24643889,gi:24666972,0,0.5142110418978062
P19538,gi:24762688,0,0.4368518921362946
gi:24639926,gi:24656637,0,0.4659630264004786
gi:24643151,gi:24662155,0,0.3878568891340207
gi:20130151,gi:24645967,0,0.3704781837091447
gi:24645515,gi:28573212,0,0.52481524662606
gi:19921996,gi:24645967,0,0.5067989990669073
gi:21356285,gi:24664199,0,0.5573775790916022
P13097,gi:17137740,0,0.4822609787527654
gi:24586111,gi:24664257,0,0.5108732135621427
gi:20130027,gi:24663250,0,0.4436102235014485
P25161,gi:20129291,0,0.6117753385875282
gi:17647979,gi:28572124,0,0.4788509544489689
Q24174,gi:17738007,0,0.4522249826836014
gi:24582294,gi:24641156,0,0.6154269185155395
Q9W5R8,gi:21358101,0,0.47610668232915687
gi:24585132,gi:24664979,0,0.5197655283429136
P35381,gi:24655245,0,0.475234496706611
gi:17737805,gi:18858089,0,0.2913692061192328
gi:19922220,gi:24581499,0,0.5884604325465643
gi:21357995,gi:28571678,0,0.48435050354652837
gi:21357761,gi:24655996,0,0.5146901899845016
gi:21355851,gi:24648042,0,0.4382188225221225
gi:24653538,gi:24661759,0,0.3993402631982462
gi:24653385,gi:24762383,0,0.4403530806748927
gi:18543205,gi:24656820,0,0.433824412080354
Q9XYN7,gi:19921296,0,0.518710637516384
O02649,gi:24654854,0,0.5502426012687633
gi:21357645,gi:24581465,0,0.377307346318089
Q94524,gi:24583443,0,0.4805837038519821
gi:18858225,gi:24667089,0,0.6036689250841101
gi:21357023,gi:24762554,0,0.47600778168175856
gi:21356299,gi:24647430,0,0.45827636723714466
gi:24584985,gi:24653667,0,0.5065654058612433
gi:20130199,gi:24643702,0,0.5192081118099607
Q24117,gi:24641148,0,0.5775112485127716
gi:24581711,gi:28573195,0,0.47654059785499436
P22058,gi:21356727,0,0.556101384492329
gi:24666323,gi:24666619,0,0.5451133641938793
gi:21358081,gi:24638995,0,0.45847682198413503
gi:24584009,gi:24639731,0,0.41611935055737553
gi:21357481,gi:24585353,0,0.5032335418129068
gi:24654101,gi:24655888,0,0.5669685699544584
gi:21358061,gi:24649859,0,0.5042058587723339
gi:21358491,gi:24656851,0,0.5175789157308024
gi:24643010,gi:24762554,0,0.48505059698503494
gi:19920776,gi:24584916,0,0.485027183524121
gi:20128841,gi:24668563,0,0.4747605901179102
P02824,gi:24641344,0,0.47800243999123226
P22058,gi:17352479,0,0.507150995784244
O77260,Q27297,0,0.42411489987922407
gi:21356595,gi:24643437,0,0.49887257345852537
gi:22024114,gi:28573464,0,0.4689885873212978
gi:21357743,gi:24666850,0,0.5908371579805733
gi:24661651,gi:24662431,0,0.5471976905069654
gi:21356061,gi:24651610,0,0.5930314021888531
gi:17137470,gi:24641831,0,0.4647829494416434
gi:19922560,gi:24641394,0,0.5345330796571494
gi:24643110,gi:28574300,0,0.5447559946025629
gi:17137300,gi:24643666,0,0.47454095545905756
gi:24641607,gi:24642517,0,0.5862271943872989
gi:19922620,gi:24645053,0,0.2522860795545417
gi:24581274,gi:24645058,0,0.5238532193355596
gi:18858055,gi:24646737,0,0.5960208799248513
P17210,gi:21355873,0,0.6347619121119519
gi:18858125,gi:28572043,0,0.5270118100606624
gi:18858071,gi:28573466,0,0.5166527421064585
Q9V564,gi:24642555,0,0.5953004917288233
gi:20129061,gi:24657317,0,0.5002499759443279
gi:21357817,gi:24665331,0,0.4883998399699101
gi:19921904,gi:24663657,0,0.4687293826439999
gi:20129859,gi:24585795,0,0.5308410884460254
gi:17985985,gi:24652897,0,0.5921713935474415
Q9VAN0,gi:24663131,0,0.47577738793693986
gi:19922086,gi:24651869,0,0.4735236499216763
gi:24642214,gi:24645384,0,0.5169645258453064
gi:24650420,gi:24650469,0,0.42799023250389306
gi:17137296,gi:24582939,0,0.5333099576626089
Q8T0S6,gi:24581484,0,0.45164031799974086
Q8INW0,gi:19922166,0,0.5736769611752619
gi:19921140,gi:28571819,0,0.4393905382894366
gi:20129109,gi:28571660,0,0.5336837120724961
P49905,gi:24652101,0,0.4545621636784944
gi:20129227,gi:24657218,0,0.42250565818083813
gi:19922086,gi:20128985,0,0.4786274382408742
gi:18859631,gi:20129967,0,0.4901726962354954
gi:17136780,gi:17137752,0,0.6014064188989021
gi:21356743,gi:28573304,0,0.4263896564931828
gi:21355677,gi:24639124,0,0.4951312042969247
gi:21356383,gi:24640268,0,0.4372423434257396
gi:21356743,gi:24585024,0,0.5206166434108016
gi:21356157,gi:24640527,0,0.4496788965422476
gi:19920484,gi:19920978,0,0.6123450235588848
gi:18860005,gi:24586270,0,0.5021514133771373
P08182,gi:28573551,0,0.7019251303767111
P18502,gi:21355167,0,0.4455819415726118
gi:20130137,gi:24668206,0,0.5410588882340424
gi:24581465,gi:24663462,0,0.4146760536341694
gi:17136854,gi:24585156,0,0.33986575584897555
gi:24580513,gi:24641452,0,0.524018466913447
Q9VLV5,gi:21357161,0,0.3532365502853752
P23757,gi:24647845,0,0.4119026657739714
P49905,gi:24645902,0,0.5775319625831332
gi:24667117,gi:28573427,0,0.34650331134573475
O61351,gi:21355115,0,0.832287785562768
P23573,Q24570,0,0.38167057763856116
gi:19922144,gi:28573466,0,0.5173609127357879
P48598,gi:24649692,0,0.542227889892206
gi:24581061,gi:24662650,0,0.5041170493056911
gi:24638774,gi:24664652,0,0.5113432866411214
gi:24649524,gi:24654101,0,0.348687551829915
P92208,gi:24646090,0,0.49900805922688435
gi:21356815,gi:24667917,0,0.5717809645647116
P13008,gi:24663292,0,0.32487463775729847
gi:24655582,gi:24657689,0,0.39178131502547636
gi:20128921,gi:24638591,0,0.5467512473161474
gi:17136268,gi:21358631,0,0.4624988584853241
gi:20129433,gi:24584007,0,0.8136627911414505
gi:18857975,gi:21355581,0,0.48730609380449313
gi:24653390,gi:24660246,0,0.5838076008066926
gi:24641449,gi:28572977,0,0.456674017439087
P33450,gi:24585880,0,0.4959389291730604
gi:20130357,gi:24656830,0,0.5218383099502154
gi:24665661,gi:24762566,0,0.503927324887258
gi:21356061,gi:24639655,0,0.5000158666811516
gi:17136728,gi:24663027,0,0.5909202130352007
gi:24639653,gi:24644242,0,0.5030396416555325
gi:17981711,gi:21357817,0,0.4843398556771897
gi:24582306,gi:24648828,0,0.47520264906792065
gi:24582294,gi:24652897,0,0.4974587525821992
gi:21356581,gi:24649665,0,0.4605621311620312
P39413,gi:21355783,0,0.4915928324343701
gi:19922100,gi:24583803,0,0.6128237601116309
gi:17137794,gi:24667009,0,0.575384431783482
Q9VQQ9,gi:20129709,0,0.5470790689459674
gi:17137644,gi:24586307,0,0.5603492801460529
gi:21358129,gi:24644468,0,0.4218473876465745
gi:21355643,gi:24639368,0,0.5240046970789537
gi:18921161,gi:24666240,0,0.5204386832299742
gi:24650769,gi:24656486,0,0.4490656431313245
gi:21357653,gi:28573799,0,0.46447885602120365
Q27297,gi:19920774,0,0.5299783153292998
P49071,gi:28573264,0,0.5484572382023376
gi:21357653,gi:24643824,0,0.5282504334611943
gi:24641732,gi:24652972,0,0.3240485033974737
Q01842,gi:17864576,0,0.44831781051657615
gi:17136826,gi:24647490,0,0.4109905953946563
gi:17864162,gi:21356995,0,0.4613911883549028
gi:24665661,gi:28574472,0,0.6293502963730875
O44424,Q8IGR0,0,0.5351600122007916
P10734,gi:24662431,0,0.3635111412352596
Q94899,gi:24583686,0,0.44019232538247766
gi:21356621,gi:28573761,0,0.535045516203238
Q9Y0I1,gi:24666323,0,0.5189196297661125
gi:24586270,gi:24649214,0,0.5250980033406204
gi:21355603,gi:21358247,0,0.590874406887213
gi:17137224,gi:21356083,0,0.5069656972996263
gi:21687222,gi:24644642,0,0.5601113058189353
P11147,gi:24643423,0,0.3695243551086448
Q9W1Y7,gi:21357113,0,0.557079648091965
gi:24665966,gi:28574150,0,0.49438230579611725
gi:20129579,gi:24665821,0,0.4586068870531511
Q9VQQ9,gi:28571955,0,0.49596425279559486
gi:24762738,gi:28574539,0,0.5165774397704157
gi:24584970,gi:24585132,0,0.4392581807316004
P36951,gi:24584835,0,0.4642710977663285
gi:24582926,gi:24640719,0,0.5363024513516045
gi:24645515,gi:24655003,0,0.40238438505432916
gi:24643755,gi:24663246,0,0.49803689734689394
Q9VCR6,gi:30923496,0,0.5124794172292173
Q27350,gi:24639703,0,0.4380608241323266
P02307,gi:21357537,0,0.5792269150085597
gi:19920878,gi:24649262,0,0.5730285601164766
gi:24656486,gi:24663462,0,0.45768904976384917
gi:17136212,gi:24656959,0,0.5005523247930601
gi:21358101,gi:28571445,0,0.496126493401012
O44424,gi:24658567,0,0.5117422145162814
gi:21356995,gi:28574529,0,0.5792838150117694
gi:19922620,gi:24586167,0,0.45836091040947224
P20432,Q8INW0,0,0.5320593622952154
gi:17737871,gi:21357211,0,0.42605577639849146
gi:21358175,gi:24650584,0,0.4611726517272132
gi:17647581,gi:28571481,0,0.43285500352156264
gi:17137696,gi:21356727,0,0.586545732941945
gi:24657218,gi:24663336,0,0.4540312601535114
gi:24642628,gi:24647369,0,0.5338115785385807
gi:24638927,gi:24662048,0,0.40069180045294206
gi:24656644,gi:24664652,0,0.4553676046725153
gi:24639021,gi:24651920,0,0.5087274061858121
gi:24643437,gi:24653674,0,0.40873538549726823
gi:24660182,gi:24664199,0,0.6244819205552022
Q24564,gi:24656802,0,0.6225982702927076
gi:24584534,gi:24654441,0,0.43525459278006673
Q9VWA1,gi:24653322,0,0.672280190544729
O76924,gi:21355995,0,0.4885897661554681
gi:19922844,gi:24648858,0,0.5030019163302807
gi:17137752,gi:24649236,0,0.5314762326783115
gi:24650634,gi:24660923,0,0.5072376220222827
Q9W5R8,gi:24584547,0,0.5150659854223396
gi:17352479,gi:24654479,0,0.5901932917029041
gi:24638896,gi:24656644,0,0.4724300214079603
gi:21357547,gi:24583279,0,0.5404101937144201
gi:20130085,gi:22026816,0,0.5608396239413459
gi:24654498,gi:24663242,0,0.27408758884262274
P17886,gi:21356365,0,0.5716445360206751
gi:24659194,gi:28558744,0,0.5149981038790835
gi:18859703,gi:28573278,0,0.3746101178616449
P25007,gi:24654660,0,0.47488903498733226
gi:24659086,gi:24762367,0,0.5228767027263538
gi:20129347,gi:21357915,0,0.4571701222044579
gi:24645951,gi:24654843,0,0.486340461648808
P13060,P49630,0,0.4574042098373185
gi:17137344,gi:24583394,0,0.5370901752554551
gi:24584916,gi:24643303,0,0.5495716577142137
gi:17864280,gi:24657279,0,0.5682903594790343
P10041,Q02361,0,0.5858965061747592
gi:20129531,gi:24583146,0,0.5326353901041475
Q9VQQ9,gi:17737881,0,0.5083892967834517
gi:24652897,gi:24662360,0,0.5143918799088414
P15330,Q9VI10,0,0.541607675920698
P09089,Q9V564,0,0.5723285557484051
P02824,gi:24653562,0,0.4448867830627306
gi:24654383,gi:28571660,0,0.592284652435883
O76908,gi:28571958,0,0.3950836712926817
gi:17136968,gi:17530793,0,0.47324434148188693
gi:20129835,gi:24663523,0,0.5471758515091836
gi:24639988,gi:24662749,0,0.6103640387901684
gi:24651979,gi:30923655,0,0.26225803592303865
P02828,gi:24654383,0,0.4359841011438799
gi:21357711,gi:24658719,0,0.44817295590377854
P48593,gi:24646073,0,0.4178363141300434
gi:19920866,gi:21355683,0,0.6295058820590385
gi:24586587,gi:24640119,0,0.38509973477400755
gi:24653031,gi:28573466,0,0.4339733206272447
gi:24639715,gi:24668006,0,0.496588016658536
gi:20128811,gi:21356031,0,0.5148195266946457
Q9VFC8,gi:24580551,0,0.5307535135608522
gi:19923034,gi:20129257,0,0.5384596559531011
gi:19922640,gi:24638625,0,0.4140248983737988
Q8MSF5,gi:21355869,0,0.7616394544373304
Q9VEX9,gi:24663246,0,0.5383141167009916
gi:24644797,gi:24665583,0,0.5460687135935185
P52304,gi:24657699,0,0.3205755836617641
Q24564,gi:21357547,0,0.5693421032105127
P18824,gi:20129859,0,0.5029505723514612
P00034,gi:24663523,0,0.558176119003672
gi:21355219,gi:21357419,0,0.5278139380655363
Q01068,gi:20129565,0,0.41544452973915774
P19109,gi:24639885,0,0.2974451035147982
Q95RS6,gi:24642146,0,0.5214070779678834
P55035,gi:24658714,0,0.5462822922357753
gi:17647723,gi:24639794,0,0.5281523313859812
gi:18543215,gi:19920906,0,0.4972433803562092
O97420,gi:24647609,0,0.38447956829082913
Q9VNE9,gi:24642484,0,0.4305628537395337
gi:21357711,gi:24585215,0,0.4621091537504297
gi:21355851,gi:24762779,0,0.5528199579844167
P08928,gi:24638750,0,0.4584973305910356
gi:17136720,gi:17647685,0,0.46166441096648153
gi:19920512,gi:24651303,0,0.4656408112103135
gi:24641555,gi:28573173,0,0.4010667610348695
gi:17737437,gi:24585154,0,0.4878268246467312
gi:21356091,gi:24640777,0,0.5390058970122424
gi:18858095,gi:21355279,0,0.45368431734777126
gi:19921312,gi:24654636,0,0.5121977041298252
gi:22026880,gi:24661359,0,0.4831540911888888
gi:21357761,gi:24641679,0,0.5617883915312369
gi:17933624,gi:24665469,0,0.5817113850500699
P08181,gi:24642301,0,0.4606908979408557
gi:24659060,gi:28571181,0,0.5285039593803293
gi:17738243,gi:24653805,0,0.4838423755333802
gi:21357685,gi:24649803,0,0.4865436312588654
gi:24649262,gi:28573662,0,0.4810112075882477
Q9VCR6,gi:24645182,0,0.41407925659952877
gi:24583318,gi:24643459,0,0.5278223210950164
gi:24641790,gi:24668321,0,0.5106070326097201
P13097,gi:24642461,0,0.5233890259959861
gi:21358033,gi:28571947,0,0.5625872882407766
Q9V447,gi:24656644,0,0.5797002538726211
Q06559,gi:24585353,0,0.530643990236806
gi:24645339,gi:24667063,0,0.4126684652883041
Q9V3W6,gi:24659237,0,0.43588570280800887
gi:24583332,gi:24640430,0,0.44486397936996647
gi:20130085,gi:28571965,0,0.41826326019536664
gi:17647723,gi:24646017,0,0.4279199113307987
gi:18859691,gi:24643634,0,0.5433673789303197
gi:21356209,gi:24639885,0,0.30261198581694454
gi:17136728,gi:17136920,0,0.4063661279209063
gi:24658155,gi:24667089,0,0.5255878878620696
gi:20129835,gi:24663462,0,0.4714055031481955
gi:24580672,gi:24653614,0,0.5715532583958036
gi:18858099,gi:23308611,0,0.5133221666619179
gi:24583567,gi:24647609,0,0.4906171903317736
Q94524,gi:24652386,0,0.4815739261317977
Q24570,gi:24583067,0,0.405544596982952
P07909,gi:24663500,0,0.5040283155848387
P19538,gi:24658940,0,0.5550323998043615
gi:24641831,gi:28573879,0,0.5163293364252511
gi:22023997,gi:24656959,0,0.5491224672319636
gi:17647755,gi:24648981,0,0.40052935727920375
gi:24582697,gi:24647905,0,0.46363720754336135
gi:24645555,gi:24663027,0,0.630011352765679
gi:17864210,gi:18543285,0,0.48809709816958824
gi:17136392,gi:24667174,0,0.3205132484961842
P08570,gi:24581089,0,0.41179389104148323
P52485,gi:21358081,0,0.4167842547433764
gi:24585236,gi:24643151,0,0.5532343005296252
gi:17137224,gi:24641578,0,0.5154853568166234
Q9V3S0,gi:24643118,0,0.5398853257682388
gi:24650311,gi:24656245,0,0.4961461352366438
gi:17137380,gi:24642561,0,0.4969947236800238
gi:24585499,gi:24652101,0,0.4064230717770662
gi:20129151,gi:24640164,0,0.4288319315176139
gi:21357309,gi:24582212,0,0.36113198354347137
Q24564,gi:24641919,0,0.2646121278106143
gi:24639885,gi:24641729,0,0.384404313096764
gi:24638724,gi:24652733,0,0.3590701988324195
gi:24642367,gi:24656112,0,0.4867839163066493
P18502,gi:20129669,0,0.4829447825146852
Q9VSS2,gi:28574406,0,0.4345742263857496
gi:21356895,gi:24581719,0,0.5038490544786756
gi:19922516,gi:24661359,0,0.41398197037361995
gi:17738153,gi:19923004,0,0.48748148916160167
gi:20130249,gi:24583408,0,0.5090405359391424
Q9U6L5,gi:24582030,0,0.40497817162251837
gi:19921312,gi:24647597,0,0.5180236640902386
gi:24639243,gi:24656574,0,0.4799412389268778
gi:17864162,gi:18858161,0,0.5554133940764739
gi:24646318,gi:24653350,0,0.547841580701451
gi:24656312,gi:24667063,0,0.463913220981855
gi:21358485,gi:24583557,0,0.5631564649479728
gi:24581719,gi:24643151,0,0.527417238384236
gi:24415388,gi:24659188,0,0.3840822699017752
Q24564,gi:24649200,0,0.4520774444708249
gi:22026898,gi:24644735,0,0.5265679800011106
gi:17647503,gi:24653760,0,0.4689213753608863
gi:17137398,gi:24655989,0,0.4743430288075415
gi:20130109,gi:21686989,0,0.5361807389952831
Q24564,gi:24642715,0,0.41930596879014026
P14199,P15215,0,0.48408787451255847
P20432,gi:24645902,0,0.4756893739350167
P25843,gi:17647911,0,0.7272556713409475
gi:24640704,gi:24646959,0,0.49879941094225455
P52487,gi:28571108,0,0.32086364405720946
P42287,gi:24583793,0,0.4942078455981652
P17917,P51123,0,0.4223250493508908
gi:24646972,gi:24651690,0,0.5825487560548761
gi:28573684,gi:28574726,0,0.44777477591773235
gi:21356019,gi:24641097,0,0.39186637329726676
gi:24582319,gi:28571762,0,0.46282118704874864
P40657,gi:17647523,0,0.42079492988301165
gi:24582094,gi:24653674,0,0.5369291256381623
gi:24583394,gi:24649164,0,0.619680415367867
gi:21357595,gi:24654441,0,0.44407772801174233
gi:24653649,gi:24666109,0,0.4661462882916117
gi:17647341,gi:17864292,0,0.4997464733293604
gi:21357867,gi:28558748,0,0.5465202521189043
Q03017,gi:24643516,0,0.43127073810193195
gi:24585156,gi:24653649,0,0.5166707204031074
gi:21356031,gi:22023997,0,0.4922134967421097
gi:17137488,gi:24640903,0,0.5271759456871229
gi:24646312,gi:24661707,0,0.5339193894932535
P13468,gi:24652842,0,0.4420846964914075
gi:18858161,gi:24656486,0,0.4358039141053795
Q01644,gi:21357211,0,0.5715653955468666
gi:17648123,gi:24650914,0,0.5438419342219963
P18502,gi:24664652,0,0.5079964053729195
gi:17137572,gi:24665661,0,0.5394296681490428
P49905,gi:21358379,0,0.6320767948086362
gi:17136692,gi:24650570,0,0.5639370695046647
gi:17647281,gi:24641788,0,0.6439699538386146
gi:24642884,gi:24652930,0,0.6119330504840113
gi:21357621,gi:24582212,0,0.4178956279776267
P08570,gi:19922440,0,0.3712437635425501
Q9XZS4,gi:17137650,0,0.470357219879541
Q8INW0,gi:28574950,0,0.5945195754236516
Q8SXJ8,gi:24584056,0,0.7369879471732115
P00528,gi:20130085,0,0.5422513930744928
gi:17137710,gi:24658985,0,0.46845639156133384
P48588,gi:24583557,0,0.47157682901354786
gi:17647979,gi:24665583,0,0.4558059063182523
gi:17136256,gi:19922620,0,0.5024905389118893
O44783,gi:24645457,0,0.44135302167176166
gi:17136728,gi:24584893,0,0.36502963314062026
gi:17137452,gi:18543285,0,0.4884222329053803
gi:19922144,gi:24644119,0,0.27051557833592915
gi:24638795,gi:28574284,0,0.528929308599792
gi:17136934,gi:24668551,0,0.4394963273729007
gi:24649078,gi:24762837,0,0.5667045510305779
gi:19922458,gi:20129835,0,0.5214613918500293
gi:21356029,gi:24645011,0,0.5011535268300739
gi:24584056,gi:24648289,0,0.48491578843051103
P49258,gi:24647343,0,0.5287080185785202
gi:19920688,gi:24665958,0,0.4133858642476588
gi:19921254,gi:24667211,0,0.41091249104624383
gi:24583279,gi:28573576,0,0.4934688299675068
gi:18859929,gi:24663462,0,0.37717635256005017
gi:19920406,gi:24653350,0,0.4426815776754442
gi:18859825,gi:24640853,0,0.4505939795550446
gi:24582094,gi:24648682,0,0.4631977806527641
gi:18543215,gi:23397623,0,0.4149094571398712
gi:24640959,gi:24646001,0,0.4660904029426147
gi:17647755,gi:21356815,0,0.4874574227648295
gi:24654441,gi:24662431,0,0.5901149426797806
gi:17986155,gi:24641148,0,0.5360196528891676
Q9VF89,gi:24655121,0,0.28819943223054323
gi:21355537,gi:24584167,0,0.4601102109488367
P02824,gi:24647759,0,0.5413808561730963
gi:24584729,gi:24648455,0,0.4198161726110104
gi:18859867,gi:24640986,0,0.5807742885716555
gi:23397595,gi:24644057,0,0.4342190070811135
Q06559,gi:24639681,0,0.4560065950179001
gi:20130345,gi:24648251,0,0.5863835489891585
gi:18860099,gi:24582283,0,0.49888551036855255
gi:24646487,gi:24649383,0,0.44355143837328775
gi:20129485,gi:22024114,0,0.5324158708099799
gi:17136506,gi:24647369,0,0.5522205306057894
P92208,gi:21357841,0,0.43843078031921356
P19538,gi:20129745,0,0.5073584606114679
gi:24643530,gi:24664652,0,0.6222835891656584
gi:17137136,gi:17137580,0,0.4074632687880298
gi:21356075,gi:24582219,0,0.475760133304244
Q02361,gi:24582168,0,0.49369264404783464
gi:17136772,gi:24649976,0,0.5270898962212924
gi:21358555,gi:28573278,0,0.5984526033864728
P08570,gi:24581976,0,0.3908020247129213
gi:18543183,gi:19920696,0,0.5149547430798371
gi:21357547,gi:21357919,0,0.42463079233667655
gi:20129745,gi:24647083,0,0.4978434307699708
gi:22024170,gi:24651028,0,0.4733854953389535
gi:18079297,gi:28574432,0,0.5268729616176242
P21663,gi:24653966,0,0.5339836059347454
Q9W4P5,gi:24645653,0,0.551320490039312
gi:24640591,gi:24642547,0,0.5421921190668982
P02824,gi:24582294,0,0.4938485945946058
P25007,gi:28573590,0,0.4313810177936608
gi:21357315,gi:24639304,0,0.5634013944713068
gi:22026831,gi:24641125,0,0.5599396296738866
gi:24641831,gi:28573590,0,0.48959002697551585
P07183,gi:24586270,0,0.3611401274514335
gi:24639124,gi:24663657,0,0.4342329344900414
P23023,gi:21357023,0,0.5958794055034607
Q02748,gi:24643118,0,0.5999615606408073
gi:17136762,gi:28573018,0,0.583354592987122
gi:24639885,gi:24641781,0,0.3930844462078352
gi:24584043,gi:24653598,0,0.542254865113853
P02518,gi:24640353,0,0.5115215926170795
P25228,gi:24643715,0,0.5167210903111341
Q27297,gi:24583873,0,0.528113984681607
gi:24659944,gi:28571762,0,0.433665191133446
gi:24639782,gi:24657931,0,0.4735857402696066
gi:18858161,gi:21357009,0,0.5826079482161595
Q03017,gi:24655121,0,0.41139997683031504
gi:17864398,gi:24663292,0,0.5142466451191501
gi:24642261,gi:28572985,0,0.4018695349439023
gi:19922546,gi:24647759,0,0.5961418013124493
Q8MSF5,gi:24659210,0,0.5284873456127611
gi:20129261,gi:24582306,0,0.49813033003717494
gi:24582306,gi:24651610,0,0.4908624144697045
Q9V564,gi:24667726,0,0.5248900861200329
P55841,gi:24648883,0,0.5975504180892158
gi:24638862,gi:24645618,0,0.5016206879709436
gi:17647523,gi:21355573,0,0.4889709865929759
gi:17136934,gi:18921139,0,0.49398658606780627
P19538,Q8IN81,0,0.4963168524949949
gi:24585154,gi:24653988,0,0.49270364383923637
gi:20129291,gi:28572963,0,0.4758145262152108
gi:17137298,gi:24648198,0,0.4547431847226527
gi:24648136,gi:24649695,0,0.49050985150108345
Q9W0K4,gi:19920906,0,0.5215819279744988
gi:18857979,gi:24582205,0,0.5798570839347885
gi:18858095,gi:24586307,0,0.38085121663011073
O96860,gi:24649047,0,0.6065420247001697
Q06559,Q9XZS4,0,0.5400185706382284
gi:17864238,gi:21357799,0,0.5093682508891986
gi:20129261,gi:28574150,0,0.48155161872080005
gi:17136256,gi:17864446,0,0.43432477726756175
gi:23308611,gi:24645182,0,0.487384955365098
gi:24648294,gi:24663462,0,0.38372008418118797
Q27350,gi:19921458,0,0.4323707895047587
Q24251,gi:24649976,0,0.436969787963408
gi:21356075,gi:24580674,0,0.5389106373410263
gi:19921312,gi:20129491,0,0.34962467250625295
gi:24582746,gi:24650284,0,0.4502176685981585
gi:21357761,gi:24648592,0,0.47134439268451667
gi:24653459,gi:24657782,0,0.5270703892012869
gi:18859679,gi:24666737,0,0.4488713814652657
gi:24583741,gi:24661359,0,0.4905762008182033
P49905,gi:24646860,0,0.520925408558661
gi:20129527,gi:21358131,0,0.3707596601893616
Q01069,gi:19922328,0,0.4587754060487314
Q24564,gi:24639782,0,0.431821777208246
gi:17864476,gi:24658370,0,0.46686097565083795
gi:24638766,gi:24659035,0,0.4280349051902697
gi:24651212,gi:24662650,0,0.4398710191471939
gi:20129835,gi:24639385,0,0.5692749329055913
P13054,gi:24585813,0,0.5594151755467587
Q07327,gi:18857963,0,0.4456701585142676
gi:24647779,gi:28573604,0,0.517624547899287
O18640,P13008,0,0.5031553749237329
gi:24581314,gi:28574529,0,0.49144794484324694
gi:17136692,gi:24646469,0,0.5339395800206376
gi:24582319,gi:24647468,0,0.5058339304440786
gi:24662785,gi:24665583,0,0.5291403076536775
P50887,gi:24643140,0,0.3407441081730218
O96860,Q9VPS5,0,0.5317729383893249
P18502,Q9W3C1,0,0.46292059619534187
gi:21358097,gi:24641831,0,0.4713524537405784
gi:17137220,gi:17864566,0,0.5402701315178429
O46099,gi:24585282,0,0.4796706364634372
P07187,gi:17647757,0,0.4012635886952574
P12982,gi:24648294,0,0.5390954247415417
gi:24640745,gi:24650148,0,0.506529953259435
gi:21355163,gi:24654677,0,0.3918295314168074
gi:24650311,gi:28574228,0,0.49598566240750813
gi:17981711,gi:24650248,0,0.5675554462964378
P10735,gi:28571396,0,0.4974298406500329
P13097,gi:24654595,0,0.495397495415655
gi:17137300,gi:24650202,0,0.5073538255590397
gi:24585345,gi:24653614,0,0.4902388328266565
gi:19921230,gi:24653791,0,0.44679969999011704
gi:24646318,gi:24648010,0,0.46309426538727105
P21461,gi:24667554,0,0.4811571324137396
P07183,gi:24653708,0,0.39090399382099944
gi:19921692,gi:24654749,0,0.5655367294182242
gi:20130085,gi:24657317,0,0.53985573466498
P41044,gi:20128797,0,0.46077945292982875
Q9VNA5,gi:24666524,0,0.5389152664009852
gi:24584415,gi:24651498,0,0.4497462488511728
gi:24585948,gi:28573264,0,0.519855465042246
gi:20128985,gi:24641340,0,0.5467512386993071
P14734,gi:19921332,0,0.368883612521292
gi:17865634,gi:24641029,0,0.4161380308800157
O02195,gi:24641937,0,0.43459052155357253
gi:17137344,gi:24655153,0,0.45202814873225006
gi:18857963,gi:19921600,0,0.43907934070307114
P32100,gi:24640353,0,0.5703932471128604
Q9W1C9,gi:24582643,0,0.42348728306374034
gi:21357915,gi:24649183,0,0.7761321356667886
gi:24581572,gi:24654383,0,0.713814083548407
gi:24652897,gi:24663325,0,0.604207262231477
gi:24664191,gi:28573631,0,0.5055594705208024
gi:24666619,gi:28573729,0,0.5373426906048614
gi:20129481,gi:20130329,0,0.39556679789161847
O44424,P13238,0,0.361449992204396
O76924,gi:28574391,0,0.4739837975560742
gi:24658772,gi:28558744,0,0.5214032546030403
gi:17136258,gi:20128921,0,0.5043890986201005
gi:18857963,gi:19920406,0,0.3937176998531828
gi:18543299,gi:24643110,0,0.4961234554177656
gi:20130175,gi:24585943,0,0.5374092431081936
gi:17136692,gi:18859877,0,0.484515904887112
gi:24644675,gi:24667089,0,0.7346286891735115
gi:24585245,gi:24639301,0,0.4625962224687536
P46824,gi:28574950,0,0.5300951346736836
gi:24651212,gi:28574875,0,0.5202161167886226
Q94511,gi:24643578,0,0.4916589457541038
gi:21357761,gi:24583691,0,0.5312235434964883
gi:24653236,gi:24655850,0,0.5794297570828918
gi:21356591,gi:24649208,0,0.4821300003076061
gi:24584090,gi:24641831,0,0.5452446972566509
gi:21357269,gi:24583332,0,0.4448645829758991
gi:24644250,gi:24666323,0,0.5067934107060479
P00444,gi:24642367,0,0.37256672683016906
Q9W2N0,gi:21355581,0,0.481248219120911
gi:24646496,gi:24651703,0,0.5198692798422917
Q01083,gi:21357953,0,0.5066664355447839
gi:24585840,gi:28571396,0,0.5509166165230263
O77430,gi:20128901,0,0.49367585901550476
P18502,gi:24639448,0,0.46249858528867915
gi:17647503,gi:24583041,0,0.4860249131080894
gi:19922544,gi:22024078,0,0.513170360091469
Q06559,gi:17137616,0,0.4780427438939755
gi:20428645,gi:24657153,0,0.6023781503419563
P30052,gi:24652897,0,0.5173347336399082
gi:24586297,gi:24657732,0,0.4870077467595553
gi:24650202,gi:28573590,0,0.5103455735500676
gi:24583332,gi:24585616,0,0.4211189928317442
gi:21356337,gi:24649795,0,0.48759182398705936
gi:18858161,gi:19922100,0,0.3911636130129814
Q9VXY0,gi:21358129,0,0.5777676528278153
gi:24641792,gi:28573207,0,0.568330207792876
P28750,gi:24664652,0,0.5641664396017282
gi:24647864,gi:28571125,0,0.5230641816265305
gi:17737425,gi:28573879,0,0.5060690327697283
gi:21955276,gi:24652720,0,0.6186423090737243
gi:19922144,gi:24645553,0,0.5183068752244628
P02824,gi:28571396,0,0.4215045734767194
gi:20129067,gi:24638976,0,0.40072856377858723
gi:24640460,gi:24651326,0,0.5544726836752952
gi:21356209,gi:24649427,0,0.43907987967955736
gi:24648668,gi:24655153,0,0.579173406724574
P02517,gi:21357619,0,0.5865182454164672
gi:24582096,gi:24584736,0,0.41459035654336324
gi:24583253,gi:24657931,0,0.5375876824114507
gi:19922546,gi:21358247,0,0.5630739463885773
gi:21357181,gi:24645585,0,0.5796565231190127
P17886,Q8INW0,0,0.4411794349033459
gi:24641831,gi:24660923,0,0.48455417797589534
P31009,gi:23397623,0,0.6789564115816124
gi:20129291,gi:24585618,0,0.22065030913162526
P41093,gi:24584828,0,0.571809590987517
Q9VVN2,gi:28574406,0,0.46235551296545807
Q27268,gi:17136820,0,0.4889506314025612
gi:21355525,gi:24653448,0,0.7179934479178816
gi:24586562,gi:24665583,0,0.6138322485772054
gi:24659188,gi:24661136,0,0.6965833693066857
P27619,gi:24583965,0,0.5522765200778224
P31009,gi:21357817,0,0.5537930204733881
gi:17137540,gi:24639657,0,0.44843727925038457
gi:18543295,gi:24659237,0,0.44600854514810306
P49630,Q27324,0,0.4290601050603077
gi:23397621,gi:24653608,0,0.492332837956463
gi:24663027,gi:24668623,0,0.5551661392456211
gi:17136864,gi:24642367,0,0.3342346479044923
P18459,gi:20128985,0,0.44142545882969414
Q9VCZ8,gi:24658577,0,0.4167501308504129
Q9V4Q0,Q9V8I2,0,0.5479029424685627
gi:24648836,gi:24665078,0,0.5903963830564025
gi:21357211,gi:28574249,0,0.26549922349975086
gi:24638982,gi:24647609,0,0.4135638120906074
P42003,gi:24666240,0,0.43680989626847866
gi:24648044,gi:24650074,0,0.5007152865288758
gi:24639605,gi:24640973,0,0.3369479437026397
Q8T053,gi:18859961,0,0.519429211444279
gi:19922144,gi:19922698,0,0.5549725260998357
Q23983,gi:17136506,0,0.5286030300207222
gi:18921139,gi:24642588,0,0.4591964370887581
gi:18858231,gi:24654530,0,0.555434134956825
gi:19922560,gi:24644870,0,0.4797696098955211
gi:24644797,gi:24653350,0,0.44625721115585804
gi:24638845,gi:24651236,0,0.42414607092440176
gi:24643437,gi:24645869,0,0.5576658225375957
gi:17137452,gi:24658883,0,0.6218741604204481
gi:17737425,gi:20128865,0,0.5155662569298333
P07666,gi:24639301,0,0.09376400999996812
gi:24649904,gi:24654677,0,0.5886963214926105
gi:24643822,gi:24648676,0,0.47831909853430943
O44783,gi:24644242,0,0.4488802934167956
gi:19920376,gi:24584916,0,0.5024344230091244
Q9VZS6,gi:24644544,0,0.484550688196531
gi:19920718,gi:24657770,0,0.5384425506293237
gi:24639715,gi:24645515,0,0.6785958354391866
gi:21356031,gi:24644349,0,0.46182914194104624
gi:19922746,gi:24582294,0,0.46485646751563514
P17886,gi:24659237,0,0.562351275702854
gi:24583208,gi:24645011,0,0.47122222686659615
P19538,gi:28572036,0,0.5206066567485768
gi:18860537,gi:20129277,0,0.5402987949230967
gi:24648905,gi:24666766,0,0.47046273582119474
gi:19921312,gi:24639548,0,0.6171830891630837
P17276,gi:28573729,0,0.4901453821747314
gi:23397623,gi:24664979,0,0.4211952699064256
gi:21355719,gi:24653448,0,0.5113040545672439
gi:21357817,gi:24655824,0,0.4927066573130287
gi:24585087,gi:24639782,0,0.5340265201284446
gi:21687222,gi:24664836,0,0.41285462904578213
gi:24647605,gi:28573799,0,0.5278389763066029
gi:21355603,gi:24584774,0,0.45351545358177525
Q9NHP1,gi:28573512,0,0.5201141040763121
gi:24648690,gi:28574288,0,0.5557811820964146
gi:18859751,gi:24664391,0,0.5225539642268149
gi:24645425,gi:24647609,0,0.5271983067558517
P07666,gi:24648329,0,0.550990641687948
Q01642,gi:21355379,0,0.28298662420173987
gi:18859973,gi:24643937,0,0.5112852692776523
gi:18921139,gi:19920424,0,0.5701361307276903
gi:19921120,gi:24585488,0,0.5178204530144186
gi:17137168,gi:17137800,0,0.4868190836698088
gi:24584835,gi:24647100,0,0.5428086239401663
gi:24644073,gi:24653057,0,0.4527110459333256
gi:17530833,gi:24667238,0,0.45590725482514766
gi:24581061,gi:24645967,0,0.43573259111814616
gi:17137710,gi:24644504,0,0.4644084523593881
gi:24650248,gi:24653459,0,0.5057335252650799
gi:17137190,gi:24643052,0,0.5426110921046577
gi:19920776,gi:24659632,0,0.4556199222977648
gi:21357113,gi:21358361,0,0.453300799399909
gi:24651247,gi:28572987,0,0.45217172651352616
gi:24659451,gi:24666587,0,0.461321962988616
gi:24650348,gi:24662830,0,0.549416306277717
Q94516,gi:24649025,0,0.650559679515072
gi:24652101,gi:24653459,0,0.3909100370123137
P08646,gi:20128797,0,0.5507691481322892
gi:19920906,gi:21355617,0,0.524288292881486
gi:24583268,gi:24651379,0,0.5122317718500964
gi:19922992,gi:24651690,0,0.4958562914265409
gi:24663344,gi:28574009,0,0.54137549768617
gi:17647723,gi:24662914,0,0.5344160099604712
gi:21356797,gi:24641626,0,0.5066421686486117
gi:21355119,gi:24582431,0,0.48721432505846923
gi:17648123,gi:20128797,0,0.6066514995820528
gi:21357761,gi:24660927,0,0.547260670316549
gi:17647939,gi:24646510,0,0.36362851279615044
gi:21358103,gi:28574516,0,0.5184879047454048
P52485,gi:19922668,0,0.530066289752551
gi:21356041,gi:24648643,0,0.3808782926729671
gi:24580729,gi:24657504,0,0.4672336755879011
gi:20130175,gi:24640430,0,0.46475039906829524
Q9W5R8,gi:19920676,0,0.5208165926485542
gi:24639617,gi:24762618,0,0.3388467197138923
gi:24585240,gi:24658714,0,0.4841232827393895
gi:21356743,gi:24639446,0,0.47700963542808694
gi:21356113,gi:24762779,0,0.5352935090250476
gi:24581719,gi:24652268,0,0.40596847186820856
gi:18543285,gi:28573717,0,0.5390185525188995
gi:18859665,gi:24647789,0,0.49449969937400196
gi:24582094,gi:24638862,0,0.6136955591760033
gi:24586058,gi:24652344,0,0.5615876536055129
gi:24582210,gi:26080381,0,0.5242532917899309
gi:24585873,gi:24643106,0,0.3895428329490999
P22807,gi:28574950,0,0.5918002264067722
gi:24645177,gi:24645581,0,0.680389793337042
gi:17137108,gi:24582846,0,0.4892954098756157
O96689,P55841,0,0.5847447795731765
gi:24649486,gi:28573712,0,0.29169272106048644
Q9V5C6,gi:24582864,0,0.39693814924886306
gi:17137488,gi:18859671,0,0.5479401637364442
gi:22026898,gi:24638795,0,0.4148074749448134
gi:19921162,gi:20129297,0,0.3798322480356807
gi:20129049,gi:24641831,0,0.45888341300647223
P22700,gi:20130017,0,0.425653947711282
gi:24648981,gi:28571678,0,0.3778894162475838
gi:21355139,gi:24581719,0,0.5723501265267223
gi:24651690,gi:24665583,0,0.5937629443671185
P16371,P42003,0,0.5492098173024463
gi:21356995,gi:24661263,0,0.447518630752346
gi:20130299,gi:24663462,0,0.38225986244499754
gi:17137092,gi:28573879,0,0.547227215130783
gi:18858125,gi:24645515,0,0.4453364530525947
gi:20129835,gi:24648776,0,0.4561136641474761
gi:21356033,gi:24664652,0,0.5177601198385922
Q01070,gi:24642233,0,0.4032987891387895
gi:24641831,gi:24649486,0,0.4795394996130295
gi:17136208,gi:24652235,0,0.5378643853941905
P10981,gi:20129907,0,0.4496062429431069
gi:24642134,gi:24668309,0,0.20109461418750313
P07666,gi:24586092,0,0.473283008101657
gi:19922100,gi:28571900,0,0.6486602117213778
Q24564,gi:24651111,0,0.7034830412370526
gi:24580765,gi:24644899,0,0.5041149651179857
gi:20130417,gi:24654595,0,0.3779160789458485
gi:17864542,gi:18543273,0,0.48086304570783445
gi:21355417,gi:24638845,0,0.4011766541274021
Q24404,gi:19921244,0,0.45957312345079454
Q8MSF5,gi:24585943,0,0.5174011650966348
gi:24659237,gi:28574432,0,0.44634543507116575
Q960E8,gi:24642916,0,0.5156667339422206
P29742,gi:28574582,0,0.4230789711233584
gi:24586562,gi:24642588,0,0.41838761990983503
P14130,P92208,0,0.5788711915897495
P40796,gi:24581465,0,0.5816212306087352
gi:24650420,gi:24659237,0,0.6239231908461546
gi:24580785,gi:24650263,0,0.5468497434537555
gi:24642867,gi:24665661,0,0.5309968319969869
gi:18859891,gi:24645425,0,0.42671109292944837
gi:17137444,gi:18543285,0,0.4633879728580311
gi:21355995,gi:24646962,0,0.5326499368515265
gi:18543225,gi:24586193,0,0.5512748965260688
P18502,gi:17136368,0,0.4750845942272512
gi:21358247,gi:28574582,0,0.36895439210994263
gi:23397623,gi:24638845,0,0.4098233815268912
P15372,gi:24583803,0,0.3731054959236638
P13096,gi:28573597,0,0.4409184623167206
gi:24580653,gi:24663462,0,0.43604117514450225
gi:17737425,gi:17737533,0,0.4732144698532358
Q02361,gi:24660416,0,0.5001674918373477
gi:24640625,gi:28571762,0,0.5386745817801414
gi:18858161,gi:24655577,0,0.5160478374632222
gi:19922516,gi:24645621,0,0.6820849946688261
P23380,gi:28573576,0,0.262381253420939
gi:28573604,gi:28574443,0,0.41639586509080223
gi:17136920,gi:24641156,0,0.3998153527395699
P48598,gi:24584167,0,0.5515183892478663
Q9VG82,gi:17737425,0,0.5543569081392576
gi:17137252,gi:24665095,0,0.2230259809437102
gi:19921238,gi:28574582,0,0.4896353130390206
Q01820,gi:24650025,0,0.5185530314716327
gi:17933528,gi:24651185,0,0.5213898284949792
gi:24583061,gi:24639272,0,0.38586316390587283
gi:24580817,gi:24583873,0,0.4300769850945733
gi:17136732,gi:24639187,0,0.5323895195220735
gi:24581314,gi:24649250,0,0.5219640553382969
gi:18858007,gi:20130425,0,0.5992270250063867
gi:19920706,gi:24645653,0,0.48530637587666875
gi:24646664,gi:24664652,0,0.49627177532076155
gi:17137074,gi:28571396,0,0.6206732889765164
gi:24584970,gi:28571445,0,0.5037484857043749
gi:19920692,gi:24652905,0,0.5136360153620637
gi:24651092,gi:24666323,0,0.4527589411791322
gi:24639681,gi:24647369,0,0.4358022935717067
gi:19921554,gi:24643879,0,0.5570926907171163
P11147,gi:18857985,0,0.5339436247531198
gi:18858239,gi:24581205,0,0.635266117265642
Q9VG82,gi:24762837,0,0.4975190699096275
P48598,gi:28571515,0,0.5635071360461131
P52304,gi:24663228,0,0.48321433212681697
gi:24583041,gi:24644675,0,0.34633887230481153
gi:24657782,gi:24662785,0,0.4992697574348665
gi:17137760,gi:18858125,0,0.5114905621627649
gi:20129745,gi:24762443,0,0.488165075645624
gi:24641148,gi:24666434,0,0.5051738574083755
O18405,P20354,0,0.46404198629678256
P07183,gi:24664458,0,0.48491914665089536
gi:21357211,gi:28571080,0,0.44235209988114427
gi:24641831,gi:24657185,0,0.4678848383161042
gi:19922652,gi:24642611,0,0.5317182711148617
Q9VNT5,gi:24659254,0,0.44039112467316405
P08182,gi:24643715,0,0.4504549365733774
P14199,gi:28574726,0,0.48277565332369465
gi:24582065,gi:24582172,0,0.5899977297949207
Q9VG82,gi:24663755,0,0.5465815585902897
gi:19922072,gi:24585156,0,0.558509568385476
gi:24585626,gi:24643634,0,0.4914418865085249
Q9VG82,gi:24583944,0,0.5020601744516859
gi:24658567,gi:24667063,0,0.49932229585199817
gi:24643168,gi:24663548,0,0.2378679925549541
gi:22024238,gi:24642233,0,0.44097534406162214
gi:17647979,gi:24653057,0,0.4847916339378846
gi:18859877,gi:24657216,0,0.5167498165113196
gi:24583816,gi:24650814,0,0.4860262635655223
gi:21356073,gi:24651111,0,0.5874341107904305
P29746,P45890,0,0.5021771871068644
Q9VQQ9,gi:24640701,0,0.551543773631495
gi:24582294,gi:24660738,0,0.4952989019860286
gi:19921370,gi:24663043,0,0.41415938200668506
gi:18543285,gi:24643078,0,0.4877592874142243
gi:24584893,gi:24646073,0,0.5096834455212372
P19538,gi:24644791,0,0.40768885296118157
gi:24665583,gi:24667722,0,0.5482039632615585
gi:24581314,gi:24666694,0,0.2654003864441509
gi:21356995,gi:24666619,0,0.477112030177843
O16797,gi:24584997,0,0.5499607880145942
gi:22024114,gi:24653536,0,0.596907517305453
gi:24638750,gi:28573729,0,0.4913639690604244
gi:17137564,gi:17647503,0,0.4908644914652397
gi:19921962,gi:21355667,0,0.6020717674014322
gi:24584043,gi:24655474,0,0.521332612579248
gi:28573401,gi:28574316,0,0.47031019940349855
gi:17136778,gi:19922100,0,0.5101124103000774
P25007,gi:24649535,0,0.4048960748959346
gi:24654066,gi:26080373,0,0.37495717785352395
gi:24649976,gi:24657019,0,0.27339932937449996
P13008,gi:20129307,0,0.44697938533788134
gi:21358471,gi:24644250,0,0.5361654495392666
P23757,gi:20130277,0,0.4229257120334589
gi:19920344,gi:20129227,0,0.6079992711378593
gi:24642884,gi:28571445,0,0.5731397137118134
gi:24652897,gi:24655996,0,0.5083214317587847
P48605,gi:17136698,0,0.576853120429797
gi:20128999,gi:24638542,0,0.5467811456857795
gi:18859931,gi:24649499,0,0.4541349872675009
Q9Y0I1,gi:28574590,0,0.5524338886433005
P42003,Q9NJH0,0,0.5441098519537585
gi:21356695,gi:24582628,0,0.5823247540089577
gi:24581873,gi:24648484,0,0.2472371461815661
P08570,P18502,0,0.4830934780476347
Q9VJD2,gi:17137760,0,0.5422367366186557
Q8IN81,gi:28573393,0,0.4822240739906593
O96841,Q9VQQ9,0,0.5166881094184688
O44783,gi:24650202,0,0.46942064546659584
gi:24641090,gi:24646595,0,0.8248621675336169
gi:17648053,gi:24650311,0,0.5019488627013078
Q94524,gi:24654644,0,0.5537604055515288
gi:24585759,gi:24650658,0,0.48348621976404255
gi:19921226,gi:24654205,0,0.39786702509800737
gi:18859997,gi:21356265,0,0.473871924545199
gi:20130169,gi:24658861,0,0.5809939158637257
gi:21357711,gi:28574443,0,0.5317762988621496
O76924,gi:20129151,0,0.4753223371093918
gi:21357511,gi:24667063,0,0.5552400772851841
gi:19921230,gi:24651111,0,0.5419799916918397
gi:19921778,gi:24641689,0,0.5577015516104452
gi:17137616,gi:21357761,0,0.41879987827987186
gi:17737727,gi:24646737,0,0.7540772281869299
gi:17933524,gi:24651910,0,0.5028503033542833
gi:24641561,gi:24646508,0,0.4863049562375125
gi:24638987,gi:24641798,0,0.5340911057711024
gi:21356175,gi:22024071,0,0.3875969628391167
gi:24580874,gi:24582383,0,0.38059963512391376
P54358,gi:28572980,0,0.5371594747473147
gi:24641280,gi:28574009,0,0.4810530937430513
gi:24647143,gi:24659194,0,0.42224799757932796
gi:24650346,gi:28573173,0,0.4325562075786906
gi:17136568,gi:21357817,0,0.456940979026799
gi:24645236,gi:24648010,0,0.5931267119361541
gi:24641014,gi:24643245,0,0.5288793603068228
gi:24655741,gi:24663657,0,0.46530786450094264
gi:21355535,gi:24644250,0,0.46451008141640293
gi:24657504,gi:28573418,0,0.457074806045384
gi:24649262,gi:24762594,0,0.5315137892390451
P45594,gi:28573213,0,0.43021239567124814
gi:19921250,gi:24650922,0,0.4409271239957929
gi:18859939,gi:24639790,0,0.4428063783644463
gi:21356895,gi:24642301,0,0.38515010872730515
P54185,gi:17137804,0,0.46713227590627415
gi:19920984,gi:24583134,0,0.40040528894989513
P15364,gi:20129433,0,0.5927387503201307
gi:24646860,gi:24655759,0,0.506545597797148
gi:17647809,gi:24581165,0,0.42774735369523437
P49905,gi:17648051,0,0.6054269894768143
Q23985,gi:24581572,0,0.4988177930163808
Q9Y0I1,gi:24655067,0,0.6103058848554768
P15330,gi:21356309,0,0.5302334369384887
gi:21357547,gi:24641831,0,0.5286746218619783
gi:17137572,gi:21357455,0,0.5857871166462425
P40427,gi:24651935,0,0.504554012245517
P19109,gi:24585240,0,0.4384514178509793
gi:24667063,gi:28571820,0,0.5084233014085536
gi:24580996,gi:24657782,0,0.4915166266614898
P15364,gi:28571891,0,0.5131149502999739
Q9VGX3,gi:24661084,0,0.26879627511247467
P42287,gi:17737425,0,0.460802973445612
gi:24647609,gi:24648828,0,0.33283308094978875
gi:24585353,gi:24666323,0,0.395208297472607
gi:24654595,gi:24657504,0,0.5202920510766229
gi:24644057,gi:24762471,0,0.5531792870213704
gi:17738125,gi:24655948,0,0.5231061244562004
P17886,gi:24641946,0,0.48101481035685084
gi:21357759,gi:24583009,0,0.4301513332330983
gi:18860545,gi:24586282,0,0.511688899714473
gi:21356337,gi:24581465,0,0.5399420560160688
gi:19921244,gi:24642301,0,0.4817788404624697
gi:20130049,gi:24650168,0,0.4959952307254198
gi:17998687,gi:24650924,0,0.5081219903782302
gi:19921002,gi:24662143,0,0.3020443780048991
gi:17864238,gi:24586133,0,0.5286493122524715
Q24404,gi:24647120,0,0.4079867501807043
gi:21357761,gi:24655095,0,0.4006983384468048
gi:21357761,gi:24648463,0,0.4327591420571743
gi:21355719,gi:28573173,0,0.435744186884064
gi:21355783,gi:21355939,0,0.4429140815419764
gi:24652680,gi:24653350,0,0.4590522641513645
gi:19921856,gi:24647905,0,0.49027539036470286
gi:24648592,gi:24650124,0,0.5974984732258817
P17210,gi:24646420,0,0.43214626560996766
gi:17136864,gi:24657785,0,0.34910545703423473
O46106,P47949,0,0.5836946930607054
gi:17137380,gi:19921254,0,0.5352781021168429
P48987,gi:17137264,0,0.49936998168030533
gi:17137764,gi:28572965,0,0.5132235508880525
Q01083,gi:24650864,0,0.4886917529709063
gi:21356183,gi:24665821,0,0.5814308399885753
gi:19923032,gi:24650284,0,0.46683272753302274
P23696,gi:24581719,0,0.5908245120259006
P54358,gi:24648929,0,0.4523847560630043
Q8MSF5,gi:19922464,0,0.4468793445277835
gi:20129967,gi:24643118,0,0.5800188443654544
gi:17737655,gi:21355383,0,0.4637313084911641
Q9GU68,gi:24585132,0,0.4934529860582834
Q9VG96,gi:17647723,0,0.4784111947140262
gi:20129227,gi:24658567,0,0.49722680907125477
gi:24648776,gi:24650168,0,0.4117990702241354
gi:18859665,gi:24584835,0,0.4608405249096822
P10981,gi:20130151,0,0.5487022945848921
gi:19921112,gi:28574602,0,0.4894330923951621
gi:24646073,gi:24667876,0,0.5355982797610384
gi:21357817,gi:24654325,0,0.5252719298055071
gi:21355383,gi:24585158,0,0.40881218969365657
gi:17737367,gi:21356121,0,0.45313631301091184
gi:20129301,gi:24651303,0,0.37637311213832547
gi:17648007,gi:24583567,0,0.4650256817533936
gi:20129745,gi:21356741,0,0.528488913163025
gi:24652436,gi:24656500,0,0.5466883446833998
gi:17137710,gi:19922144,0,0.5516024154403224
gi:24642517,gi:28573563,0,0.41678157710962455
gi:24586167,gi:24646928,0,0.5495622667086377
gi:24645177,gi:24648251,0,0.5829000067636075
gi:21358555,gi:24650758,0,0.503911260702961
gi:24654066,gi:24659306,0,0.4851217462153399
Q27350,gi:24647137,0,0.378537934007138
gi:24641493,gi:24653385,0,0.5700482939562076
P13008,gi:21356713,0,0.5342827480794049
gi:24642261,gi:24653096,0,0.43863226777246456
gi:17136216,gi:21357817,0,0.5015332217442957
gi:28573393,gi:28573729,0,0.4637715129652348
gi:19922086,gi:24649389,0,0.5620949815350724
O18413,gi:24640994,0,0.5695474775538963
gi:24650148,gi:28573512,0,0.5908684834896473
gi:19920902,gi:24762582,0,0.5032105619788662
gi:21357817,gi:24656980,0,0.5445097160752296
P22464,gi:24651986,0,0.48194374397004613
gi:21355511,gi:24650084,0,0.41014124297034626
P15372,gi:17864418,0,0.5395045610063315
gi:20129853,gi:24650168,0,0.6747757868404368
Q9VJG0,gi:24668321,0,0.5014247023560432
gi:24646009,gi:24654144,0,0.48696886257600647
gi:21355219,gi:28573604,0,0.5055981039476075
gi:24641029,gi:24652930,0,0.47419696004793765
gi:24652624,gi:24654595,0,0.47751877683351573
Q8MSF5,gi:24585635,0,0.6043477797893908
gi:19922186,gi:24654479,0,0.46553817896968475
gi:20129325,gi:24638766,0,0.5164573057255274
gi:24652770,gi:24663462,0,0.465115172662699
gi:24638702,gi:28573310,0,0.5738423091280862
gi:17136860,gi:24650758,0,0.4472278288844044
Q24564,gi:24656151,0,0.5154505120673265
gi:19921312,gi:24641416,0,0.7532858481462505
P00034,P17276,0,0.5647182486415584
gi:24643634,gi:24647609,0,0.5257071576534391
gi:17137620,gi:24639220,0,0.6350367694179473
gi:20304109,gi:24646827,0,0.4969930239608457
gi:17737635,gi:24649035,0,0.4418735735361456
gi:24585681,gi:28573590,0,0.5028099573447501
gi:17137234,gi:24645653,0,0.5315955883423995
gi:17352479,gi:18859833,0,0.42203972561201414
gi:18859665,gi:24666303,0,0.5394267399147377
gi:24585112,gi:28571660,0,0.625907747478705
gi:24648044,gi:24666794,0,0.5378557749692526
gi:17137026,gi:24667089,0,0.5157861535518244
gi:24660710,gi:28571820,0,0.567446350109488
gi:20129907,gi:24641790,0,0.4997469464431373
gi:24643294,gi:24646829,0,0.4414200400244753
gi:23397609,gi:28573466,0,0.32733529857628263
P19538,gi:17737649,0,0.48061296636784323
Q9V8K2,Q9VUJ0,0,0.4921095574760845
gi:17737425,gi:30923518,0,0.5655194212303835
gi:20130345,gi:21355117,0,0.40061728399860136
gi:20130399,gi:28573631,0,0.5107424425205381
P10987,gi:17137220,0,0.5230626813104086
gi:21356235,gi:24665132,0,0.33553897952652734
gi:20128797,gi:24643831,0,0.6804965098169156
P00528,gi:24651313,0,0.49660888582948737
Q07327,gi:21357711,0,0.4488206780025024
P35600,Q9VTC4,0,0.5984684533909592
gi:24645951,gi:24647500,0,0.4129384176920634
gi:17137650,gi:24643110,0,0.5056654518842936
P82147,gi:24655741,0,0.4540744196365722
P15330,gi:17136934,0,0.5398631719945476
gi:24654479,gi:24667117,0,0.28531480666368475
gi:17137092,gi:28574553,0,0.5147644471922693
gi:24640873,gi:24641344,0,0.45981920669541254
P41073,gi:24584835,0,0.5128053296994717
gi:19921376,gi:24583965,0,0.45674130738354846
Q24210,gi:19921312,0,0.4251898243352602
P42325,Q9VCR6,0,0.4496955925134144
gi:24586649,gi:24663246,0,0.5473590573236479
gi:24639917,gi:24662785,0,0.5518950130459925
gi:21687092,gi:24584534,0,0.762771948980151
gi:21356799,gi:24641831,0,0.5283369740395986
P07207,gi:24639141,0,0.3675782718757505
gi:24658110,gi:24667089,0,0.3321199757758884
gi:21356113,gi:24657320,0,0.5553793356106171
Q26263,gi:17647523,0,0.4819269971001199
gi:24584039,gi:24663246,0,0.5107977372369007
gi:24640959,gi:24659237,0,0.4624959496610617
gi:24638750,gi:24647233,0,0.43852087097370546
gi:24641129,gi:24660603,0,0.3296459386671171
P08879,gi:20129129,0,0.5461609143419992
gi:21357817,gi:24643702,0,0.5061820766110051
gi:24647143,gi:28573157,0,0.4226899047116929
gi:19921114,gi:24657504,0,0.5487817792124324
gi:24583929,gi:24643118,0,0.4913816656415743
gi:17136646,gi:24655480,0,0.5064054494864169
gi:21356561,gi:24657292,0,0.49639377847098304
gi:17737643,gi:20130399,0,0.5297472317650896
gi:20130017,gi:24667089,0,0.44301374105833896
gi:24647607,gi:24652641,0,0.5179458406264403
Q24253,gi:19920382,0,0.5432823888083517
gi:17647125,gi:19922814,0,0.5576416729826406
gi:17647757,gi:28574063,0,0.553185285073669
gi:23308611,gi:24584056,0,0.47527254366129446
P29413,gi:19920436,0,0.5353332185226839
gi:24581759,gi:24639790,0,0.49892995033635673
gi:18857963,gi:24659367,0,0.4445222715823521
gi:21357711,gi:24663889,0,0.40314238431102756
gi:24582219,gi:28574920,0,0.5142685830066167
gi:24585582,gi:24645300,0,0.5193135257270787
gi:24639541,gi:24657819,0,0.5592872431818859
gi:22024182,gi:24640713,0,0.49642717457838925
gi:17137296,gi:24650009,0,0.4723832334497262
gi:21955276,gi:24660504,0,0.47247646651348946
Q94523,gi:17136728,0,0.5339829927683898
Q9VPS5,gi:17137800,0,0.44866466421573803
P29413,gi:24662048,0,0.473594944543132
P19538,gi:24661681,0,0.5172935885058868
Q24404,gi:24663481,0,0.6190944441361012
gi:19921312,gi:21356493,0,0.5500801520476745
Q9VG82,gi:24642021,0,0.4435754614205651
gi:17137764,gi:24646273,0,0.5064883035267989
gi:21357781,gi:24644242,0,0.4356929193199123
O02195,gi:24665016,0,0.49717210817850405
gi:20129901,gi:24652121,0,0.5207109262654006
gi:24663292,gi:24666323,0,0.6093575466913184
gi:24650356,gi:24653810,0,0.47982154827127
gi:17737727,gi:24580804,0,0.5006953005655245
gi:19921752,gi:20130017,0,0.5076676139578684
gi:18859877,gi:21357417,0,0.459337444103427
gi:20129433,gi:21358247,0,0.29565503543094335
gi:17352479,gi:24667089,0,0.4178145959107693
gi:24642611,gi:24645216,0,0.48828602953263867
gi:17137224,gi:28573310,0,0.5655721289031156
Q9V8K2,gi:21357837,0,0.5004269098661434
gi:24585242,gi:24650284,0,0.5546938729780607
gi:19920912,gi:20129841,0,0.5686779517985632
Q01071,gi:24649976,0,0.33909681662034613
P13060,gi:21358569,0,0.4670569142611515
Q9VSH3,gi:24650747,0,0.37714294270937626
gi:19922172,gi:24644242,0,0.49984911689959566
P23696,gi:24659367,0,0.5023327402164569
gi:21357875,gi:24644797,0,0.43426743816782726
gi:17136854,gi:19922144,0,0.5124053859427575
gi:21356383,gi:24657185,0,0.458832173433341
gi:21357761,gi:24652436,0,0.46663972677746407
gi:20129433,gi:24639812,0,0.1605686975656867
gi:24653350,gi:24659035,0,0.5169007925898027
gi:24583803,gi:24651203,0,0.44890248129946536
gi:24656980,gi:24663462,0,0.3891512303378722
gi:21357211,gi:24641781,0,0.39596320789633827
gi:20129291,gi:24582182,0,0.2943439866787666
gi:24585236,gi:24645011,0,0.5656976159896693
P50245,gi:24650284,0,0.5580516464676907
Q9VYD7,gi:24639740,0,0.4291728260480102
gi:24582294,gi:28574385,0,0.3834835988150227
gi:19921458,gi:24653550,0,0.4327603481696133
gi:17136698,gi:20130199,0,0.4283144655846146
P02824,gi:24655951,0,0.4893326018966506
gi:24643915,gi:24644880,0,0.48529414988284475
gi:24583134,gi:24653562,0,0.5153629639010837
gi:24650395,gi:24652344,0,0.5850385917001677
gi:22026816,gi:24646365,0,0.5027724213008359
gi:19922030,gi:24639715,0,0.36769254497573667
P83501,gi:24639017,0,0.5023318414757706
gi:17864428,gi:24646498,0,0.4691730692689143
gi:24645648,gi:24762726,0,0.5089995306713406
gi:24581180,gi:24640029,0,0.4851631537661139
gi:21355513,gi:24639027,0,0.24849956391227845
gi:18543285,gi:24663188,0,0.5066321340906658
Q05856,gi:19922726,0,0.5100354351142963
Q95028,gi:24639187,0,0.5596166669860478
gi:18859693,gi:21357817,0,0.4804336585993103
gi:17933624,gi:19921606,0,0.41669692455798846
gi:24649236,gi:24655121,0,0.5595916701792931
gi:19920448,gi:24657684,0,0.4328291858481091
Q961G1,Q9VXK0,0,0.5125570774849746
Q24260,gi:17136968,0,0.5066868042398683
gi:17136646,gi:24639740,0,0.5012083412884268
gi:18859825,gi:24667117,0,0.33072673321127205
gi:21356731,gi:24651265,0,0.5498001793147591
gi:20128797,gi:24644197,0,0.6762423777607789
P07188,gi:20128797,0,0.5219441799748992
Q24338,gi:24638766,0,0.4959220877824153
gi:24653674,gi:24665950,0,0.370448270694122
gi:24666114,gi:28573264,0,0.4028012389606765
gi:24581622,gi:24584030,0,0.5034230829587102
gi:24638845,gi:24645724,0,0.432891996229392
O44783,Q8SYG3,0,0.4109466889380912
gi:20130299,gi:24646316,0,0.5145036688146132
gi:21355909,gi:24665297,0,0.5106891060497839
gi:17136542,gi:28571689,0,0.4294028566394656
Q9VJV9,gi:24653649,0,0.5566670735736833
gi:24582294,gi:24661578,0,0.49802283595890473
P18824,gi:24649433,0,0.3809536804340041
P02283,gi:18859679,0,0.4092827610701209
gi:20129227,gi:24643118,0,0.49162218331408275
gi:19922260,gi:21355521,0,0.4821685476876572
gi:17136984,gi:24644592,0,0.49966819884742447
P19538,gi:24656982,0,0.5840074156458755
gi:18858137,gi:24667760,0,0.6146551713045776
gi:24581180,gi:28571341,0,0.507974416100535
P25160,gi:18859869,0,0.5823508405017234
P02839,gi:21357653,0,0.5210908626010003
gi:24647609,gi:24651972,0,0.4569690828602382
gi:28573173,gi:28573893,0,0.5198923566778799
Q9W1C9,gi:24644675,0,0.28716352394979777
gi:17352479,gi:18859825,0,0.42139726369941144
gi:17530793,gi:24643303,0,0.5220631803326832
P38979,gi:17738243,0,0.4452035424957779
gi:24641068,gi:28574757,0,0.4901759973887062
gi:20128797,gi:24659237,0,0.6105611008927349
gi:19920776,gi:24655850,0,0.48948751066997526
gi:24653452,gi:24655153,0,0.5626432545810418
gi:17137710,gi:18858161,0,0.5109233996355291
gi:19920594,gi:24584167,0,0.4880516631080576
P05389,gi:21357023,0,0.49539468778578655
P23757,Q9VXX8,0,0.3242702110925826
gi:19921076,gi:21357761,0,0.5305083303864098
Q9XZT0,gi:24640119,0,0.36112820782319643
P19109,gi:21356539,0,0.5164435576416386
gi:20129277,gi:24658772,0,0.6143577426319011
gi:19921814,gi:19922196,0,0.43105608068293605
gi:18543289,gi:21355581,0,0.49202200987563455
gi:21355815,gi:24642884,0,0.6192599937106067
P40427,gi:18858039,0,0.47786127322981703
O44783,gi:17137168,0,0.42401142315040263
gi:18543205,gi:24652825,0,0.4659629598013559
gi:19920706,gi:28574997,0,0.47255593498417603
gi:21356595,gi:24656275,0,0.42007552761105604
Q24239,gi:24643702,0,0.5035024379212779
gi:24580579,gi:28574582,0,0.5479031050200578
P17210,gi:24644592,0,0.48196218608285907
P00034,gi:28573879,0,0.5050756166404413
gi:24581719,gi:24583294,0,0.4909785155232249
gi:20428641,gi:24583061,0,0.35356223797441677
P10041,gi:28574949,0,0.5346539218863653
gi:17137642,gi:19921312,0,0.3656221851373101
gi:17530793,gi:18858005,0,0.5878488588633156
Q9V9Z9,gi:24654383,0,0.39114772889226246
gi:21356931,gi:24582006,0,0.46754818245580915
Q9VEX9,gi:28574886,0,0.5111746508706974
gi:24642233,gi:24653452,0,0.48103919278461227
gi:21355125,gi:21357867,0,0.5275935841585261
gi:24639301,gi:24647779,0,0.42830535879919224
P13060,gi:24659166,0,0.5571201431684031
gi:17137488,gi:20129423,0,0.529736252864078
gi:17137752,gi:21358099,0,0.28213561129334663
gi:24583358,gi:24643303,0,0.554580894260529
Q00748,gi:21687037,0,0.44923509461339983
P17205,gi:21356741,0,0.5344092836534017
gi:18543225,gi:21357801,0,0.502413986335809
gi:17137616,gi:20129835,0,0.4883793578780983
gi:24586562,gi:24641449,0,0.2842909882599005
gi:21356073,gi:24666762,0,0.463046513104901
gi:24586133,gi:24639187,0,0.5806610908870216
P45890,gi:24665784,0,0.5674856035062011
gi:20129279,gi:24582036,0,0.4201039149383078
gi:24582672,gi:28574903,0,0.3518470776498245
gi:21356073,gi:24654259,0,0.5421061269341416
gi:20129903,gi:24656959,0,0.49307383670746113
gi:17137582,gi:19920936,0,0.4964618988015798
gi:24640959,gi:24667211,0,0.45707948465635917
Q8INW0,gi:24643110,0,0.5201015058190342
gi:17933736,gi:19922144,0,0.4448783661930259
P54353,gi:24641788,0,0.3191336748492372
P12982,gi:19922896,0,0.5519384328378262
gi:24586167,gi:28574468,0,0.5527516396657566
gi:24650259,gi:24762669,0,0.39808472526344274
gi:20130199,gi:24584547,0,0.570835109228801
gi:19920776,gi:20129579,0,0.5625954976170446
gi:18859837,gi:24582699,0,0.5184726135868841
gi:20130199,gi:24585358,0,0.531063184684139
Q9VQQ9,gi:28574635,0,0.5138575056849712
gi:21358415,gi:24650284,0,0.45081792802460136
gi:24662785,gi:28573799,0,0.4453409892574112
gi:21358205,gi:28574539,0,0.5309465517800831
P35415,gi:24654522,0,0.3169699780820084
P09491,gi:24643437,0,0.8544707880296957
P46863,gi:21358311,0,0.5251267211666854
gi:21358323,gi:24584547,0,0.45383834146791474
gi:21356121,gi:24581542,0,0.5762217047851215
gi:17737899,gi:18859843,0,0.4500460440825553
P10379,gi:22024283,0,0.4545590152199186
P55841,gi:24641831,0,0.5099887035606154
gi:18860055,gi:24667163,0,0.5452086443618004
Q24400,gi:18859703,0,0.5411069882660278
gi:24645538,gi:24646860,0,0.5237744407787582
gi:17137648,gi:24582306,0,0.4307345649473628
gi:19922294,gi:24653385,0,0.5671403165472694
Q9VV43,gi:24647779,0,0.5315202536217483
gi:17738243,gi:24586550,0,0.46575146982568
gi:24667760,gi:28571743,0,0.5464489162180095
P10090,gi:24584032,0,0.5220390158974081
Q94524,gi:28571787,0,0.46960778118295277
O61348,gi:24646312,0,0.5778725322537367
gi:21355589,gi:24644797,0,0.43190241187202133
gi:17136864,gi:24644242,0,0.48601061229518755
gi:21356855,gi:24648981,0,0.2671523061247623
gi:21357211,gi:21358175,0,0.6725129973932427
gi:21357743,gi:24654621,0,0.4411414383348639
gi:21357817,gi:24586472,0,0.5672696633698997
P50882,Q24547,0,0.5551356522569649
gi:24655170,gi:28574875,0,0.2568246614639459
gi:24648883,gi:24656026,0,0.5111561981511495
gi:17136286,gi:24649236,0,0.5180812178725045
gi:24650598,gi:24657782,0,0.5730798022617818
gi:21355717,gi:24646829,0,0.5682617522112432
gi:17647639,gi:24647060,0,0.5038289932426302
gi:24644819,gi:24648592,0,0.16884569384098325
gi:17136860,gi:24585795,0,0.5275522704280519
P29310,gi:24584043,0,0.46240554436842496
gi:24643702,gi:24657782,0,0.5324167010320444
gi:21356337,gi:23397629,0,0.4989795445845037
Q9W0P5,gi:24582826,0,0.5131003486117848
gi:21356581,gi:24656938,0,0.4524980501680833
P13607,gi:21356815,0,0.5085090259002613
gi:24644059,gi:24666694,0,0.39789090071066907
gi:19921120,gi:24649646,0,0.44147057534905754
gi:19921752,gi:28573207,0,0.4011087091607192
gi:17136342,gi:24664724,0,0.518983322409669
gi:20129385,gi:24583332,0,0.5231266912877846
gi:24583726,gi:24665657,0,0.4398689915435006
gi:24586133,gi:24662753,0,0.4667711341215044
P25867,gi:17864292,0,0.5627844807763046
gi:24646073,gi:24658086,0,0.5201331429946878
gi:17137452,gi:24655741,0,0.4516472578023168
P08181,P23696,0,0.49425676856917167
gi:24585990,gi:24639301,0,0.28435947025559877
Q24564,gi:19922464,0,0.6212351000252779
gi:17648123,gi:28574707,0,0.47701877053522135
gi:24586167,gi:24663657,0,0.5025457953449022
gi:20129877,gi:24660182,0,0.45846928694016187
gi:19922144,gi:24642561,0,0.4398863484125165
gi:17352479,gi:24641831,0,0.5159043329570779
O96827,gi:21357113,0,0.5664120278211046
gi:24639917,gi:24641302,0,0.7279148550815162
gi:19921270,gi:28574288,0,0.5901088513207888
gi:24585488,gi:24642517,0,0.47408649607289094
gi:21355513,gi:24662024,0,0.42178519405294895
gi:18859635,gi:21357211,0,0.60310605341014
gi:21356025,gi:24762757,0,0.4618554508059353
gi:24582592,gi:24656678,0,0.5908801555453547
gi:24660923,gi:28571356,0,0.5076840890183267
gi:17352479,gi:24663481,0,0.4054161469759882
gi:21356861,gi:24664257,0,0.46487368966980813
Q9W2N0,gi:24583332,0,0.452474617674352
gi:24642808,gi:24646827,0,0.4964149646252958
gi:19922526,gi:21355617,0,0.496447253210652
P42287,gi:24646337,0,0.6424433678628244
gi:24580817,gi:24652930,0,0.5255805250983455
gi:24663228,gi:24663462,0,0.30689803216573275
gi:24647050,gi:24648536,0,0.3936891040759751
gi:20129291,gi:20129789,0,0.2201739642770447
gi:20130049,gi:24645457,0,0.5127755058331331
gi:24582096,gi:24650088,0,0.4781891178605527
gi:18858055,gi:19921904,0,0.42900082045060334
Q9VJE5,gi:19920776,0,0.521530242007477
Q9VQQ9,gi:21358175,0,0.41704137201381253
gi:18543283,gi:20129095,0,0.4020471789002196
Q24117,gi:24647233,0,0.5235680618970917
P06002,gi:24584167,0,0.3836531290576445
gi:21356227,gi:24668563,0,0.32444782082115975
gi:17647581,gi:24650202,0,0.5939228940137541
gi:17137524,gi:24650348,0,0.5468029533335244
gi:17137300,gi:24644057,0,0.4829156341935784
gi:21357477,gi:24643702,0,0.5553897750948938
gi:24581719,gi:24644349,0,0.5101127344348593
P08630,gi:19922274,0,0.5398069434232082
P07207,gi:24663011,0,0.5207418191809375
Q9VLP3,gi:24643455,0,0.45607925548522277
gi:24643715,gi:24643755,0,0.5344923489211463
gi:20129481,gi:24661359,0,0.5783780187739976
gi:17647911,gi:24583803,0,0.2086562156871631
gi:24582219,gi:24643066,0,0.5281360346440671
P18491,gi:26080381,0,0.4760576500940521
gi:18859631,gi:24651451,0,0.4099768625654023
gi:24581719,gi:24646611,0,0.42885906548777936
gi:24663901,gi:28574529,0,0.4158810970439838
gi:24657961,gi:24762775,0,0.4814498545958079
gi:24651185,gi:28574115,0,0.5801666064168417
P17205,gi:17647891,0,0.5704713726461232
gi:24580927,gi:24585040,0,0.33581877400749327
gi:19922796,gi:24643394,0,0.5284977849032519
P02828,gi:24648883,0,0.472943306094436
P02824,Q9VCR6,0,0.41976797168915725
gi:17137488,gi:22024131,0,0.4581910129351651
gi:24586048,gi:24665973,0,0.6041320761002237
P07181,P32100,0,0.7159749821224581
Q9VYR1,gi:20130045,0,0.5238069805898763
gi:20130085,gi:28573467,0,0.5178951593195378
P02843,P08879,0,0.5602744380367346
gi:24653595,gi:24664257,0,0.46023671725081794
P41073,gi:24650348,0,0.469307299799199
gi:24638766,gi:24664652,0,0.46852798944851637
gi:19920718,gi:24658940,0,0.43786560689297777
Q04787,gi:17647503,0,0.5136941327797554
Q24423,gi:24641919,0,0.5984983593105448
gi:21357951,gi:24639782,0,0.3640623471772544
gi:24642125,gi:26080381,0,0.46301351837219984
P29310,gi:18859953,0,0.43207262839780236
gi:19921710,gi:24644675,0,0.32893793125146403
gi:24638609,gi:24664199,0,0.5147822069899753
gi:24641567,gi:24665193,0,0.5159452887097881
gi:17137752,gi:21357417,0,0.379795189236384
P48461,gi:24641689,0,0.6386809763832008
gi:17137700,gi:24655474,0,0.608899817453674
P53501,gi:18859635,0,0.3597153251233448
gi:24652930,gi:24656026,0,0.49253685392248725
gi:24580815,gi:24646729,0,0.47996399650562394
gi:24638845,gi:30923655,0,0.5581275887649941
Q9VG82,gi:24659552,0,0.549146184005905
gi:24642074,gi:24661997,0,0.4714254881886971
gi:24658567,gi:24663657,0,0.414445180134181
P54350,gi:24643050,0,0.41481968341364994
gi:24581421,gi:24654522,0,0.48364058491089656
gi:24585687,gi:24663548,0,0.4956113457335685
gi:17647155,gi:17864328,0,0.5147404871444508
Q24180,gi:24643755,0,0.5298439851937284
gi:18543199,gi:24649665,0,0.5104945400715557
gi:19922432,gi:20130151,0,0.48797508242211657
gi:17647383,gi:24655121,0,0.47894008830410345
gi:21955284,gi:24644250,0,0.5032549161436112
gi:19921652,gi:24585488,0,0.5557036717153814
Q01820,gi:19921738,0,0.5592363328208421
P22700,gi:24665583,0,0.49015126019151317
P35415,gi:24648198,0,0.563751244328361
gi:24653497,gi:24658567,0,0.5126940428280462
gi:19920688,gi:24661651,0,0.4642843149650732
gi:24648514,gi:24656026,0,0.4646594201152737
P48592,gi:24647143,0,0.487235957916131
gi:24667117,gi:24668006,0,0.5645132477330163
gi:21358339,gi:24644650,0,0.5321056492721966
P13395,gi:24658721,0,0.5261457604997986
Q8T0S6,gi:24651411,0,0.5278257484312772
gi:24647137,gi:24651926,0,0.32966368429878623
gi:24640501,gi:24640959,0,0.4099122640395184
gi:24586621,gi:28574992,0,0.5825733642685961
gi:24583965,gi:24668704,0,0.5028881234063382
P00034,gi:21358379,0,0.5163127419206678
Q24400,gi:28574529,0,0.2937528574770313
gi:24583067,gi:24654782,0,0.500027135867063
P07181,gi:24663263,0,0.45876276988930187
gi:21356695,gi:24585730,0,0.5731301575829607
gi:21356019,gi:24584534,0,0.4797192412328374
P16378,gi:19921294,0,0.5620535209982078
gi:21356927,gi:24585481,0,0.37414853509643
gi:20129123,gi:24645384,0,0.5772382251134912
P13097,gi:24645058,0,0.4105261947417656
gi:19923032,gi:24762519,0,0.47241958450030447
gi:19920406,gi:24641616,0,0.524250267599573
gi:17136820,gi:24646972,0,0.6332627848431173
gi:24641616,gi:24661136,0,0.41580941133398286
P23696,gi:24653649,0,0.5281083458842876
gi:21358003,gi:24644797,0,0.48635007053550516
gi:24648207,gi:24654595,0,0.4190019903388599
gi:19922480,gi:24582333,0,0.15105658243790884
P08181,gi:19921230,0,0.5450304200832721
Q94920,gi:24581314,0,0.4732217646337349
gi:17136256,gi:24649994,0,0.48449841284510586
gi:21357113,gi:24580788,0,0.4441293107150331
gi:17647685,gi:24654441,0,0.49147671814719374
gi:21356967,gi:24652897,0,0.5914680870894237
gi:21358297,gi:24658229,0,0.30552160769292863
gi:21355975,gi:28573440,0,0.5361106428908801
gi:17352479,gi:24658721,0,0.5325833530106324
O16011,gi:20129433,0,0.7638015187668956
gi:24581719,gi:24658086,0,0.47536405954217253
gi:18543197,gi:24643294,0,0.5415492039390035
gi:24666524,gi:28573975,0,0.3499230205594429
Q9W5R8,gi:24649952,0,0.6310856238300986
gi:23397621,gi:24665132,0,0.5633541270136622
gi:21355577,gi:28572055,0,0.5032270696900336
gi:24641662,gi:28571176,0,0.4655307481046579
P07666,gi:18858205,0,0.4752821135755843
gi:19920706,gi:21355851,0,0.47394235673867524
gi:20129527,gi:28571131,0,0.46278120985129306
Q9VXX8,gi:24655778,0,0.41104482823882565
gi:17737749,gi:24639715,0,0.471382790846156
Q04787,gi:24650984,0,0.4693213305451672
P18502,gi:17137732,0,0.4796795343268966
gi:24646729,gi:24656849,0,0.4499712122148987
gi:19921544,gi:21355683,0,0.5244376347466438
Q02360,gi:28572963,0,0.5142318563012519
gi:24639715,gi:24651703,0,0.5052595325782491
Q9W2U9,gi:21358407,0,0.5565274696484054
gi:24641280,gi:24641302,0,0.5020638287497152
gi:20130313,gi:24659829,0,0.5626790787488388
gi:19921140,gi:24643761,0,0.5272736281391114
gi:18858137,gi:28571791,0,0.6537509494946598
gi:24644797,gi:24650469,0,0.5449343172120366
gi:21357653,gi:24644642,0,0.47857744406914304
P46824,gi:21357653,0,0.5516034880330373
gi:24642461,gi:28574726,0,0.4476384840295995
gi:19921776,gi:28574555,0,0.42848320004835955
gi:21358039,gi:24665132,0,0.45193120897359773
gi:18859713,gi:24658567,0,0.4551139578742399
gi:24642517,gi:24651028,0,0.40595009136012206
gi:17864256,gi:24667063,0,0.3634654154078779
gi:19922310,gi:24655741,0,0.4920754681139766
gi:18858161,gi:28574638,0,0.3887906732816662
gi:24583873,gi:24657689,0,0.4786895010243891
P12982,gi:28573278,0,0.4652149005908316
P13097,gi:19921230,0,0.47430136527358785
gi:24642633,gi:24655577,0,0.57536282043585
gi:24580731,gi:28573313,0,0.5033262037788316
gi:24581719,gi:24663011,0,0.5504289664110256
Q9V3S0,gi:24640672,0,0.5004694931620431
gi:19922310,gi:30923711,0,0.5186234185827394
gi:24583009,gi:24642134,0,0.4744288247211155
gi:21356221,gi:24666524,0,0.2907299017180049
gi:21356157,gi:24583041,0,0.5068408242411291
gi:17352479,gi:24647702,0,0.4687075876285844
gi:17864652,gi:23397629,0,0.4618204635245919
gi:24641493,gi:24643755,0,0.5310699791976066
gi:24643118,gi:24647648,0,0.509102183915039
O76924,Q9XYP8,0,0.44912168158636906
gi:21357151,gi:24658342,0,0.31005502593439044
gi:24581901,gi:24584415,0,0.6112645695910816
gi:24586307,gi:24663462,0,0.4860517309762676
gi:17136854,gi:24652999,0,0.3070040465846504
gi:24582205,gi:24645732,0,0.5129958747378598
gi:21357761,gi:24643140,0,0.493420306984875
gi:24646318,gi:24653760,0,0.5483894209392912
P25007,gi:20129231,0,0.5163113542836968
gi:21357211,gi:24655245,0,0.515851620062579
gi:21356785,gi:24656490,0,0.41860895163843853
gi:24652254,gi:24655153,0,0.5874799961041256
gi:17647581,gi:24581542,0,0.336163268574164
gi:19921306,gi:24582858,0,0.425848979157436
Q9W4P5,gi:24584547,0,0.5757371602372352
gi:19921570,gi:24660710,0,0.4880742692090175
gi:24638862,gi:24762471,0,0.5332043101198237
gi:18858161,gi:24582283,0,0.4815778438246794
Q24253,gi:24642263,0,0.49794436558020966
P02824,gi:24660161,0,0.3027661913038972
gi:24580911,gi:24649164,0,0.5438382153346472
P19889,P29310,0,0.5263444562468204
gi:24585926,gi:28574303,0,0.47665159208880264
P12982,gi:24583803,0,0.6063960181592464
gi:24641014,gi:24643180,0,0.4854378887977026
gi:24651703,gi:24655991,0,0.5165807785420519
gi:23397623,gi:24586048,0,0.5914973875234552
gi:21358515,gi:24655438,0,0.5333268188006346
gi:24643516,gi:24650311,0,0.5078376394571731
gi:24582370,gi:24585813,0,0.4992566036999416
gi:24639649,gi:24663462,0,0.38665938316056825
P17886,gi:20128797,0,0.5068579048628823
gi:28573466,gi:28574997,0,0.5239382388572885
gi:21357211,gi:24657689,0,0.5979029216337618
Q9W0V1,gi:24647893,0,0.5067878854477958
P16371,gi:18859973,0,0.48524268060474385
gi:24582960,gi:24650658,0,0.549637615679287
gi:17864274,gi:24580712,0,0.46128887140974734
O16011,gi:24583929,0,0.5878941371627243
gi:17647891,gi:24655741,0,0.5008946654664707
gi:18859973,gi:24662189,0,0.48691652524258805
gi:24642214,gi:30923655,0,0.27202390214024585
gi:21355769,gi:24663027,0,0.4452920408169446
P49258,gi:28571823,0,0.5372621968041129
gi:24668642,gi:28558739,0,0.485339829538497
gi:24584859,gi:28573427,0,0.5984818711989818
Q9XY35,gi:17137734,0,0.31065154003083745
gi:19922390,gi:28572129,0,0.47023384149091907
gi:24582283,gi:24657218,0,0.554750130111393
gi:19921586,gi:24644119,0,0.5314211273809322
O16797,gi:24581719,0,0.5078009064857086
gi:21357495,gi:21358557,0,0.553840411162405
gi:24655187,gi:24657782,0,0.5029815881175966
P18502,gi:24641261,0,0.4505579730174281
Q23983,gi:24653614,0,0.5007050338753438
gi:24642367,gi:24659953,0,0.5386018842686053
gi:17137038,gi:24648461,0,0.5236803723514659
gi:24582205,gi:24646017,0,0.4908210198985488
gi:24658403,gi:24668519,0,0.31132985375187644
gi:19920682,gi:21357999,0,0.5088281849134183
gi:17137616,gi:24642543,0,0.4894401339534113
gi:28571891,gi:28572057,0,0.40539106489720395
gi:20128999,gi:24651303,0,0.5338522480214423
Q9VD51,gi:28573466,0,0.55508486347722
gi:21357711,gi:24643354,0,0.45856224851348465
gi:18859977,gi:24584167,0,0.356376778364905
Q8SZH8,gi:24650714,0,0.545610811723963
O46341,gi:24643102,0,0.5239695284343848
gi:19921694,gi:21355885,0,0.5067693950469204
gi:19923028,gi:24762775,0,0.49735866439244186
P23023,gi:24648207,0,0.7532585059750485
gi:21355673,gi:24643702,0,0.5732313252822325
Q01069,gi:28574660,0,0.5112047618665809
P04814,gi:24650311,0,0.43891045799697437
gi:21356415,gi:24646729,0,0.5276342097323603
Q9VSS2,gi:19922676,0,0.4453988330765955
gi:17864630,gi:21356337,0,0.4107812202019396
gi:17933722,gi:24643394,0,0.49321364748853874
gi:24645115,gi:24651028,0,0.498679750100636
gi:24584547,gi:24645026,0,0.5274782796284189
P29310,gi:21355865,0,0.4337151719897023
Q04787,gi:24653856,0,0.46120796296251965
Q9VQ62,gi:21357761,0,0.46073006023883806
gi:24658927,gi:24662048,0,0.5046514496077901
Q9W1K5,gi:20128797,0,0.5664281519384948
O97420,gi:24655187,0,0.41601878534773734
Q9XTM1,gi:24663336,0,0.47356822709358865
Q9V8K2,gi:19920468,0,0.43370551432942994
Q02748,gi:17136608,0,0.5049667247631994
gi:21355075,gi:24638750,0,0.5180071061949031
gi:17738153,gi:28573427,0,0.47800797036964454
gi:20130377,gi:24582006,0,0.46689549161811306
gi:24646039,gi:24653562,0,0.3715611618296427
gi:24582589,gi:24639301,0,0.4467551220373559
gi:19921638,gi:24644051,0,0.5010035603679278
gi:24642261,gi:28573951,0,0.4246348910281869
gi:21358205,gi:24651939,0,0.4331616518752363
P49905,gi:24645653,0,0.5887630443184624
gi:19921230,gi:28573679,0,0.43730029158375905
O76924,gi:24643822,0,0.5230132640923689
gi:18859895,gi:24643516,0,0.5880884850240842
gi:20129835,gi:24652682,0,0.5373716482518615
gi:21355465,gi:24638750,0,0.46249921106712794
gi:24649059,gi:24649183,0,0.42204856583659245
gi:20129451,gi:24585795,0,0.45348641832046527
gi:21357313,gi:24580788,0,0.40165729411490897
gi:17136506,gi:18859631,0,0.5176531737946616
gi:21358161,gi:24580799,0,0.5272486062195657
gi:17864210,gi:28573850,0,0.5072347655676516
P13607,gi:24639304,0,0.5026516878358058
P10734,gi:24583929,0,0.42370335002055676
gi:18858101,gi:20128797,0,0.625018450809394
P23696,gi:24643516,0,0.47652688376625907
P06002,gi:22026898,0,0.46172883196771886
Q8T498,gi:20129297,0,0.4855817427067304
gi:24581949,gi:24647905,0,0.4163777132671199
Q24564,gi:28572963,0,0.5028027276853203
gi:24645538,gi:24647343,0,0.46529002279046966
gi:24648173,gi:28571660,0,0.6497629053313367
gi:21357761,gi:24585240,0,0.5993774579620952
gi:18860055,gi:24639782,0,0.39974094691859985
gi:20128797,gi:24580674,0,0.5306585958431823
gi:24642836,gi:24646774,0,0.5203345531859712
O77263,gi:21357943,0,0.5050623556101832
gi:21357711,gi:24644870,0,0.5085534989423478
O44783,gi:24642836,0,0.46334309625591197
gi:19922206,gi:24639904,0,0.4322596882350072
P07487,gi:24584547,0,0.517715271386222
gi:20128841,gi:24657052,0,0.5294883898314492
gi:17737425,gi:24639715,0,0.6270558150808728
P13060,gi:24586297,0,0.4661145943937277
P52304,gi:24643634,0,0.5339290553997537
gi:24654144,gi:28571934,0,0.46472611148205023
gi:19922686,gi:24586133,0,0.4632491743613617
Q24266,gi:17647873,0,0.35914850525170583
gi:17137344,gi:24639988,0,0.4690546360834713
gi:17647589,gi:24647143,0,0.4892222493460827
P31009,gi:19922676,0,0.5551225476891525
gi:17647677,gi:17647723,0,0.5062889004781616
P82910,gi:24644797,0,0.4576324986868323
gi:19920630,gi:21357089,0,0.4299510001667731
gi:24640011,gi:24762491,0,0.4896897914476489
gi:17137572,gi:21357753,0,0.492052720889608
gi:19922516,gi:24644250,0,0.5714121014359979
gi:17136368,gi:28574949,0,0.5514826024843168
gi:18859929,gi:24584798,0,0.4946768737595086
gi:21357163,gi:24652624,0,0.5336522129690469
gi:24580817,gi:24650009,0,0.4866894505498928
gi:19923024,gi:24659341,0,0.7950355473754039
gi:24581572,gi:24654854,0,0.2714649840519513
P82910,gi:24647137,0,0.488539073337926
Q02748,gi:21357145,0,0.4729398825710973
gi:17137454,gi:28571125,0,0.4878804171621661
P07185,gi:24651111,0,0.3741655294713061
gi:24639936,gi:24656820,0,0.5655520090611259
gi:24582294,gi:28573631,0,0.4883438887708473
gi:19922538,gi:24651339,0,0.495469568429054
gi:17136732,gi:24581901,0,0.4600995748797898
gi:18859657,gi:24661488,0,0.5789187001938697
gi:24651671,gi:24668642,0,0.4468466343513942
gi:24643702,gi:24663802,0,0.49560534120603666
P18502,Q23983,0,0.4960684851865464
gi:17933750,gi:28573740,0,0.46038633120942896
Q8INW0,gi:24646207,0,0.6002865344911904
gi:18859891,gi:24584167,0,0.3829501793456846
gi:24581622,gi:24581949,0,0.4950276541899036
gi:21355123,gi:24641014,0,0.5074591613741689
gi:17137616,gi:21355923,0,0.5229796242410139
gi:20129739,gi:21356031,0,0.3720701070735602
Q9W5R8,gi:17864128,0,0.510386242276601
gi:21356337,gi:24665958,0,0.5238775667733696
gi:24642543,gi:24646478,0,0.4817104175927557
gi:24642884,gi:24655930,0,0.30855630611870105
P18502,gi:24650168,0,0.427886252222042
gi:24647143,gi:24655682,0,0.5237689627704608
gi:24647557,gi:26080447,0,0.3970672526622263
gi:19920412,gi:24639124,0,0.47112207235844933
gi:20128985,gi:24644797,0,0.27919604171931767
gi:24762556,gi:28574406,0,0.4337719765721773
gi:18859791,gi:24586474,0,0.48280101782804463
gi:17737551,gi:24639790,0,0.4438467563561316
gi:18859977,gi:28574468,0,0.5081818487547417
gi:21355553,gi:24654017,0,0.5266334009448723
gi:24638644,gi:24646520,0,0.5227160372973821
gi:17137344,gi:24642517,0,0.45748999026822995
gi:21355081,gi:24762669,0,0.4894400283215434
gi:19921710,gi:24655474,0,0.5085961634985494
gi:24641025,gi:24648905,0,0.4991225403229377
gi:17137658,gi:18859635,0,0.3477295572087449
Q9VQQ9,gi:17864210,0,0.4600696505433554
gi:17137270,gi:17737647,0,0.5381741119819979
gi:17137452,gi:24652999,0,0.4081698856196605
gi:17137738,gi:24639187,0,0.4619709644417846
gi:17137224,gi:21355917,0,0.5519489113479265
Q9V3S0,gi:21358039,0,0.49038596049439864
gi:24642884,gi:24644093,0,0.3972635477228496
gi:24583947,gi:24644086,0,0.4906286269452811
Q01083,Q9V564,0,0.3079948832029762
gi:19921710,gi:24580986,0,0.5081971851782158
gi:20130085,gi:24583929,0,0.4313688892632239
gi:23397623,gi:24582096,0,0.5469699046107891
gi:23397598,gi:24663246,0,0.5435535240102084
O76908,P09089,0,0.3689874645427257
P16371,gi:24640527,0,0.5389201619031361
gi:24642801,gi:24652999,0,0.5922954214274844
gi:18921171,gi:24639812,0,0.42879032429030545
gi:24640430,gi:24663802,0,0.3181527622285673
Q8T0S6,gi:24585335,0,0.46419235297584815
gi:19921778,gi:24762424,0,0.4696318479874554
gi:24642517,gi:24667117,0,0.3235135079901943
gi:18858161,gi:24584835,0,0.46437630734763063
Q9VSS2,gi:24583515,0,0.36563572809128997
gi:23397399,gi:24663548,0,0.547054925884831
Q24297,gi:19921294,0,0.4445505692684208
gi:24583154,gi:24654086,0,0.5463181546440523
P18053,gi:24638845,0,0.5070372790378446
Q02360,gi:28574071,0,0.43834991297753556
gi:24649638,gi:24665583,0,0.528813286847599
gi:21356337,gi:24645184,0,0.4485667194925037
gi:24642543,gi:24649389,0,0.5289031483888743
gi:19920922,gi:21357483,0,0.6051406326379283
gi:20128999,gi:24645457,0,0.5333048996999054
gi:21358139,gi:24639272,0,0.45839357843933687
gi:24666753,gi:28558744,0,0.43963192927905365
P45594,Q24186,0,0.590340130071151
gi:18859635,gi:24647199,0,0.38178788088192017
gi:21357817,gi:28573999,0,0.541565854437068
gi:21357959,gi:24639837,0,0.49534522932149233
P82910,gi:24639687,0,0.5216398158584702
gi:24645902,gi:24666096,0,0.3989520088995817
gi:24643729,gi:24666240,0,0.48624174474843324
P08570,gi:24647727,0,0.392613827787174
Q9VCE6,gi:28572057,0,0.5091069778051147
gi:24644337,gi:24647885,0,0.4850618992775275
gi:24648195,gi:24663344,0,0.4188013909706816
gi:19921270,gi:24585681,0,0.47590785368708455
Q24210,gi:17738007,0,0.48970563717109344
gi:17933686,gi:24581572,0,0.46588386479220584
Q9VPS5,gi:24585948,0,0.5449834072125133
P29742,gi:24585236,0,0.49425704118062075
gi:18860069,gi:20129433,0,0.5323058736123316
gi:17137760,gi:24584804,0,0.5234682284786771
gi:19922918,gi:24641148,0,0.5457414669584055
gi:18859953,gi:24644057,0,0.5755341564069226
Q02360,gi:21355353,0,0.5768995042065916
gi:24647113,gi:28571790,0,0.514067951427853
Q9VAW0,gi:20129477,0,0.6457394386881086
gi:21358101,gi:24648776,0,0.46609988184469475
gi:24585132,gi:24664652,0,0.4476222591546458
P13060,gi:24583067,0,0.40415746996673857
O44424,gi:24651303,0,0.5688669880199283
gi:24648776,gi:24663462,0,0.4760879052885924
Q9XTM1,gi:19922300,0,0.5223209602630066
gi:17647939,gi:18860545,0,0.4045729680535941
Q02748,gi:24653084,0,0.5241794361386993
gi:24585236,gi:24646827,0,0.4662666877430128
Q94524,gi:24649236,0,0.5449743318876664
gi:24640268,gi:24641831,0,0.47554352478375855
P15330,gi:18543285,0,0.48351526452364146
P18102,Q960T2,0,0.4838053569245075
gi:21357211,gi:24666240,0,0.3218600341721136
gi:19920774,gi:21356995,0,0.45400699646560566
O16797,gi:24583152,0,0.3579134661137115
P15364,gi:24647897,0,0.41774725958713815
P07187,gi:24639301,0,0.4222186717134923
P14734,gi:24659237,0,0.3779827882032107
P08182,gi:24580900,0,0.45988305073729946
gi:24582592,gi:24662729,0,0.2946560795964673
gi:24646312,gi:24650168,0,0.4825586047226602
gi:24639715,gi:24643303,0,0.39496425548926195
gi:24648069,gi:24652737,0,0.5818325578901706
gi:24650658,gi:24651395,0,0.5698683590585685
gi:24581407,gi:24642814,0,0.5391112784188884
gi:24654479,gi:24656168,0,0.5727659749368588
gi:21356595,gi:24639727,0,0.49846044226217684
gi:21355083,gi:24647123,0,0.4580388721430804
gi:18858137,gi:24585313,0,0.5896660263289245
gi:24657054,gi:24657785,0,0.532213523573467
Q9VCE9,gi:17137558,0,0.4880578398947166
gi:24641561,gi:24642662,0,0.5302350231145402
gi:24639581,gi:24654854,0,0.40990751606217224
Q9VMW8,gi:21357653,0,0.4830311623099047
gi:24583134,gi:24661681,0,0.4692459777150768
gi:17136720,gi:21357753,0,0.523889199076768
O16797,Q02361,0,0.5623251021117759
P08570,gi:24664004,0,0.3486175784589065
gi:20129479,gi:24641434,0,0.48724398743741676
gi:21356847,gi:24651265,0,0.55367851705191
gi:24583380,gi:24658567,0,0.5196257135011538
gi:24582306,gi:24644059,0,0.5749483166050087
gi:19921114,gi:28574303,0,0.3568436852674123
gi:24646318,gi:24647233,0,0.5309212308689794
gi:19921156,gi:24644250,0,0.5420731515401456
gi:24649689,gi:24656245,0,0.5400601780172515
gi:24581155,gi:28574726,0,0.39559882936245383
gi:24641673,gi:24651265,0,0.5815068520604194
gi:17137696,gi:21356001,0,0.5289481779989186
gi:24642922,gi:24666479,0,0.32379399892500876
gi:21357387,gi:24648251,0,0.5685162460096549
gi:20129291,gi:24648253,0,0.44342840951024465
Q9V3W6,gi:28572057,0,0.43690633837047016
gi:21357817,gi:24646199,0,0.4229976790429596
P14954,gi:24585974,0,0.4842001552675156
gi:24584767,gi:24661336,0,0.5305798684917744
gi:24582319,gi:28573034,0,0.565162409715403
gi:17136826,gi:24664257,0,0.4830087430560682
gi:24654843,gi:24657054,0,0.5066954245438726
gi:18859991,gi:24646972,0,0.6669956475910057
gi:17136258,gi:17136568,0,0.6109386166165092
gi:24657054,gi:28573491,0,0.40448636693555157
gi:24652101,gi:24653350,0,0.33354099104474566
P23696,gi:20128841,0,0.5249592255074605
gi:21356743,gi:24667211,0,0.4928947822975081
Q24564,gi:21355913,0,0.43916532075567294
gi:24640672,gi:24658086,0,0.3810735512405709
gi:24651629,gi:24657782,0,0.5409661814482725
gi:17647873,gi:24661707,0,0.5913570005475637
Q94514,gi:24649768,0,0.5509948456855204
gi:20129347,gi:21358485,0,0.5909235118590391
gi:17648021,gi:28573879,0,0.47731552393919474
Q8T0S6,gi:24582611,0,0.5477958596084248
P17276,gi:24641794,0,0.5822822455116656
gi:17647979,gi:20130109,0,0.5024046554338732
gi:17530857,gi:24642662,0,0.5220416481473082
gi:24641555,gi:24648592,0,0.36469623183426175
gi:21355323,gi:28574286,0,0.5179806784993469
gi:17137168,gi:24646420,0,0.563437066092708
Q24337,gi:17647873,0,0.4654253163837037
gi:21356799,gi:28573125,0,0.40711637029311754
gi:17137572,gi:24580672,0,0.5553361672008061
O16011,gi:20428641,0,0.5544416203616704
gi:21358507,gi:24655568,0,0.396258879632775
gi:21355535,gi:24581901,0,0.593512525259045
O18640,gi:24655623,0,0.453275063053702
gi:20130007,gi:24585079,0,0.5673825428804403
gi:18543215,gi:24655153,0,0.3817541970851112
gi:18543299,gi:21357365,0,0.5122364702933896
P12881,gi:20130403,0,0.51524668466125
gi:17530817,gi:24646073,0,0.4520346141900793
gi:24642517,gi:24647897,0,0.49652381287217656
Q9XYM0,gi:28572064,0,0.44996126113611923
gi:19921710,gi:24652834,0,0.5116438772557933
P46824,gi:20129061,0,0.4261684454054438
P04197,gi:24648294,0,0.5536381983988201
gi:19920746,gi:24646884,0,0.4792078445311845
gi:21356743,gi:24645157,0,0.46414901653265306
gi:17137224,gi:24644242,0,0.490107338238338
P92208,gi:24658772,0,0.5264144734933611
gi:24651185,gi:24655187,0,0.556452199754444
gi:24639826,gi:24644626,0,0.4669200781359182
Q06559,gi:24660611,0,0.5132429289925184
gi:18858205,gi:24650346,0,0.50112841558622
gi:21357305,gi:28573291,0,0.474523645255409
gi:21358099,gi:24643702,0,0.3162334291224161
gi:24641555,gi:28573679,0,0.5841341921615757
gi:21355491,gi:21357677,0,0.4401574490386578
Q9XYQ2,gi:24663861,0,0.5294538576976948
gi:24583043,gi:24643761,0,0.5348997857144068
P50882,gi:24664979,0,0.5847562222345116
Q9W1C9,gi:24661177,0,0.19913159071300415
gi:17933624,gi:24651203,0,0.4532777169210445
gi:24648198,gi:24652762,0,0.501358030291064
gi:21357275,gi:28573276,0,0.5381141946719921
gi:18921137,gi:20129061,0,0.42704201942352243
gi:18543285,gi:24644064,0,0.4683944352354182
gi:24648536,gi:24649385,0,0.40065239147772286
gi:19923032,gi:24664191,0,0.4991431021666927
P02516,gi:24639705,0,0.5058967037810195
gi:24583332,gi:28573207,0,0.3968472790884718
gi:24581719,gi:24655577,0,0.5113902354558308
gi:21356743,gi:24581879,0,0.5691921083020088
Q24570,gi:24647508,0,0.26603336971469244
gi:24648919,gi:24667569,0,0.4939428794853117
gi:28573684,gi:28573879,0,0.514040867382618
P18491,gi:24663462,0,0.34248381618217366
gi:24640713,gi:24645902,0,0.4383306373247205
Q02361,gi:24643447,0,0.6443209327811777
gi:24643118,gi:24651339,0,0.6106542335987626
gi:19921778,gi:20129061,0,0.3462456927226385
gi:24645942,gi:24663556,0,0.1454816072509075
gi:20128863,gi:24582294,0,0.4675886281212926
gi:18858055,gi:21357761,0,0.5388988564765393
Q9VEX9,gi:24647582,0,0.5241331022150901
gi:24649158,gi:24663664,0,0.37880762941051394
gi:24666524,gi:28573276,0,0.4072234418426587
gi:18859825,gi:19921270,0,0.4674534992763497
gi:21356493,gi:24653084,0,0.5604323015495977
P25867,Q06559,0,0.445172422590458
P08182,gi:24667207,0,0.4829223096792075
P35415,gi:21358059,0,0.4763353656422551
gi:24650124,gi:24650814,0,0.4601210775023517
Q24133,gi:24641689,0,0.6779987738493913
gi:24646199,gi:24660923,0,0.5070530723052018
gi:21357047,gi:24659451,0,0.5558605023437548
gi:24639301,gi:24654441,0,0.21860351680499315
Q24564,gi:28571445,0,0.49599088904749805
P09089,gi:21357595,0,0.4916014559105353
gi:17647523,gi:24640510,0,0.4509660616521679
gi:19921856,gi:24586240,0,0.43762571231888636
gi:17137696,gi:24642517,0,0.5357720401716095
gi:24660746,gi:24667117,0,0.4575776825932392
Q24564,gi:19921332,0,0.612286016736882
P08175,gi:24582846,0,0.058936278019264654
gi:21358323,gi:24641168,0,0.46055756631774264
gi:24644766,gi:24649423,0,0.5170173770855615
P17886,gi:24580513,0,0.42122799071741185
gi:21355471,gi:24656297,0,0.6516634126183763
P54358,gi:17647757,0,0.49008013017340574
gi:17864162,gi:24762808,0,0.5032334117871189
O18388,gi:24581467,0,0.5136845488382639
P00034,gi:24647233,0,0.4324686544633893
P22464,P53501,0,0.5071724066085882
O18640,gi:24640785,0,0.5519321381960489
O61443,gi:28571447,0,0.4661168072054092
Q24564,gi:24639885,0,0.2312652312261551
Q9VJE5,gi:24648643,0,0.43346114399057406
gi:17998687,gi:24657590,0,0.5077258373728117
gi:24657782,gi:24667117,0,0.5087409366796082
P20354,gi:24655502,0,0.5186173472453685
gi:21357643,gi:24652268,0,0.49294463878458805
gi:17136392,gi:24651179,0,0.3422612947207685
Q9VVX3,gi:24646485,0,0.5038609899995052
gi:21358569,gi:24583443,0,0.4484492510538894
gi:17647723,gi:24649427,0,0.48486732790584675
Q24404,gi:17737425,0,0.2846545676590357
gi:24584296,gi:28573717,0,0.43044869108276645
gi:18921143,gi:19920826,0,0.4837995655811514
gi:17137452,gi:21357023,0,0.5131800723691872
gi:17647723,gi:24649109,0,0.4721523531250216
gi:17737723,gi:24640009,0,0.47014988554654347
P30052,gi:24666394,0,0.5293837745199984
P07666,gi:20129061,0,0.4928855153952536
P17917,gi:24640167,0,0.4950217306340921
gi:20128985,gi:24642543,0,0.5523233259212289
gi:17864100,gi:24666762,0,0.2269894621748683
gi:19922620,gi:24642214,0,0.2736582194813792
P13395,gi:24664004,0,0.45241631333840077
P48603,gi:21355279,0,0.43167455559476264
gi:24643447,gi:24649564,0,0.547994372655317
Q8MSF5,gi:24583557,0,0.40511093749068183
gi:17864630,gi:17933676,0,0.5445372499620608
gi:17136258,gi:24585499,0,0.5080868610174242
gi:17137732,gi:21356121,0,0.5954643502076093
gi:17137792,gi:20130085,0,0.5572365886571243
Q9XTM1,gi:17737481,0,0.5033152307203203
Q27268,gi:19921768,0,0.5537516661045855
gi:21357483,gi:22026942,0,0.5541102867302804
gi:17864238,gi:24644797,0,0.4617373825571239
Q03017,gi:23397524,0,0.5441568581680049
O16797,Q9V5Z7,0,0.5280938149660048
P39572,gi:24650348,0,0.42498985610625206
gi:24651173,gi:28571891,0,0.43090152975558166
gi:24657496,gi:24667063,0,0.5891787308374997
P35600,gi:17136920,0,0.4775575247368498
gi:24642563,gi:24655751,0,0.5453396843695382
gi:17136608,gi:28571447,0,0.48698701212102724
P07181,gi:17933692,0,0.43880719714633637
P07207,gi:24650208,0,0.48459288116304583
P06606,gi:24661826,0,0.48509968459903247
gi:19920776,gi:24652897,0,0.5289143408078127
Q9XZS4,gi:19921566,0,0.509119096137191
gi:24639835,gi:28574590,0,0.4954390750784262
gi:24652756,gi:28571216,0,0.5154650928945478
gi:21356967,gi:28574920,0,0.5409233209437907
gi:24581698,gi:24639885,0,0.5453491061580917
gi:17647523,gi:24662700,0,0.5411401778489533
gi:21356581,gi:28574920,0,0.5336123618806424
gi:18543299,gi:20129751,0,0.5651917223777855
gi:17648067,gi:24662785,0,0.4436734644963204
Q24117,gi:21356475,0,0.6414126620896371
O76924,P19538,0,0.5129013584197014
P20432,gi:22026831,0,0.609858423197151
gi:21356743,gi:24639711,0,0.49678300122284835
gi:19920546,gi:24648095,0,0.4872191347897348
gi:24582116,gi:24657292,0,0.521435475470556
gi:24581168,gi:24583901,0,0.4679864840366041
gi:24652733,gi:24655170,0,0.25710167331077216
P17644,gi:28573563,0,0.4906896917974637
gi:21687092,gi:24648257,0,0.4892641862032185
gi:21355869,gi:21687080,0,0.33650161924227007
gi:24642799,gi:24649638,0,0.5850988944554508
gi:24641827,gi:24642400,0,0.6191322165286092
gi:24653484,gi:24665821,0,0.488710908709431
gi:24640719,gi:28573679,0,0.47135147633071955
gi:19921312,gi:24639187,0,0.3988677773747208
gi:20130345,gi:24650284,0,0.5091749160297464
gi:24663462,gi:24666619,0,0.6366474809673817
gi:24639124,gi:28574539,0,0.5486469289743675
gi:24655778,gi:24658772,0,0.5330678796325059
gi:21357211,gi:24655034,0,0.411780881909502
gi:19920866,gi:24648433,0,0.5287177831097571
gi:24582212,gi:24585618,0,0.3186393026416067
O46106,gi:17648067,0,0.3755074971400678
gi:21357023,gi:24585990,0,0.5248196218930725
gi:18858125,gi:24582094,0,0.4592509749757805
gi:21357939,gi:28573466,0,0.5809372989311878
P81909,gi:24648682,0,0.5883860448261594
Q24564,gi:21357643,0,0.4692032421759543
gi:19921648,gi:24668820,0,0.552004866615513
gi:18859837,gi:24646494,0,0.5093666307845283
P12982,gi:24639756,0,0.555062298855693
Q03334,gi:24668103,0,0.5182624444261349
P17886,gi:21356987,0,0.567507100751616
Q24133,gi:24650929,0,0.6061815108877331
gi:19922276,gi:20130417,0,0.2644523315434979
gi:24651377,gi:24667089,0,0.4699198205167553
P91929,gi:21356453,0,0.49974339071789436
O62622,gi:21355815,0,0.647121243190732
gi:24644791,gi:24762701,0,0.5575506689287886
gi:19921244,gi:24580680,0,0.7245418278820327
gi:21357047,gi:24658864,0,0.5648471863804929
gi:24642517,gi:24649834,0,0.41102121205226344
Q9XZS4,gi:28574675,0,0.5027645649943054
O96860,gi:24654017,0,0.6611103905285158
gi:24651524,gi:24666323,0,0.472096252637216
gi:24648294,gi:24652785,0,0.49835848203785715
O18405,gi:24649564,0,0.5751427178381735
gi:17737481,gi:24653350,0,0.4876047412866301
gi:18858161,gi:19922620,0,0.4400422151598937
P11455,gi:24762726,0,0.5384981275864595
gi:24583294,gi:24650758,0,0.5764192038973068
gi:19922798,gi:28571503,0,0.45920492455553813
gi:22024283,gi:24645177,0,0.3380701591413793
gi:17137710,gi:22024114,0,0.46258940579591507
gi:17648069,gi:24585618,0,0.5893323714050565
gi:24641682,gi:24654550,0,0.4758239616457032
gi:18921125,gi:24582104,0,0.5205197459653399
gi:19921720,gi:24585156,0,0.5057943887801338
gi:24647263,gi:24660611,0,0.4789628368048777
gi:24639796,gi:24648896,0,0.40431319518413894
gi:20130031,gi:24643666,0,0.5316937626211359
Q9VS78,gi:21357495,0,0.5997983528784706
gi:24580815,gi:24585154,0,0.5265919335155537
gi:18543215,gi:21356741,0,0.4397403174251879
gi:17864630,gi:28574597,0,0.4789362063320117
gi:17864532,gi:24649844,0,0.4670558001569307
gi:24663462,gi:28573466,0,0.5173510766115298
gi:18859703,gi:28571900,0,0.4767333155922553
Q24106,gi:24647563,0,0.3826150042093694
gi:18859953,gi:30923711,0,0.498161852923945
gi:24638750,gi:24644119,0,0.3863269540551114
gi:20129049,gi:24641068,0,0.5344105578694719
P55035,gi:24666790,0,0.4791773930951723
gi:19920344,gi:24664105,0,0.4147255311766126
gi:18859665,gi:21356995,0,0.4851195577037746
P15372,Q9VSS2,0,0.5252671345930335
gi:24649158,gi:24762726,0,0.411872706591214
gi:24643476,gi:26080381,0,0.36275459770074076
Q8IGR0,gi:24582746,0,0.5470246761008308
gi:17933748,gi:20129423,0,0.46601733966451775
gi:21356361,gi:21357211,0,0.48543007485141104
P49905,gi:24648690,0,0.5614890219408029
gi:24647905,gi:30923530,0,0.42675001033494864
gi:19921830,gi:21355303,0,0.5282528162074205
gi:21357761,gi:24651703,0,0.5101793296855202
gi:24663523,gi:28558744,0,0.5099025414923303
gi:24581686,gi:24640124,0,0.4422327227684797
gi:24582741,gi:24640926,0,0.4518456114668151
P15372,gi:19922172,0,0.5700231015846102
gi:19921312,gi:21356265,0,0.4908743387538606
O76924,gi:24640853,0,0.48627720572717154
Q9VQQ9,gi:24655438,0,0.4886511764783135
P17276,gi:24582030,0,0.5086182138478317
gi:24586067,gi:24645921,0,0.5776858663265582
gi:19921028,gi:24643118,0,0.5353041637082433
P29310,gi:24642703,0,0.5440431789140246
Q9VQQ9,gi:19922650,0,0.5327456273643622
gi:19921274,gi:24639414,0,0.5449800098038219
Q9VD25,gi:30923711,0,0.545258614773181
gi:24666619,gi:28573879,0,0.5490885172224854
gi:17864566,gi:24583474,0,0.5802545238944099
P08099,gi:24653708,0,0.3047883306881174
gi:24580815,gi:24643447,0,0.5500193208497789
Q01642,gi:24652071,0,0.1784017662640229
gi:17647979,gi:24645300,0,0.4970774796241285
gi:23308611,gi:24648643,0,0.5076406558805425
gi:18859953,gi:19921696,0,0.40148295321979294
gi:22024283,gi:24640982,0,0.5614328123675486
P38979,gi:24648828,0,0.40199936535892056
gi:24648198,gi:28571689,0,0.4418561709314022
gi:17864460,gi:24643303,0,0.49713969820253223
gi:24641781,gi:24651660,0,0.48157300745734255
gi:24642884,gi:28574860,0,0.5231669465332577
P18502,gi:24668290,0,0.5837309829925933
gi:24644517,gi:24647885,0,0.4909105392057148
gi:20130391,gi:24653459,0,0.5407524726085259
gi:24580731,gi:24657747,0,0.2728775621421868
gi:17530825,gi:21355917,0,0.47112843637749513
gi:24652733,gi:24656024,0,0.20550497172125876
gi:17864630,gi:24660935,0,0.4686958147794029
gi:18859671,gi:30923655,0,0.555363718977974
gi:24583545,gi:24647609,0,0.5217432485619318
gi:19921112,gi:24657747,0,0.3230300662490886
gi:24648536,gi:28571831,0,0.514038178610991
gi:24642021,gi:24649025,0,0.5909443810993579
gi:24583208,gi:24641129,0,0.3191755404261703
gi:24650124,gi:28571660,0,0.533705731683154
gi:17137008,gi:24582094,0,0.5064307923639793
gi:24762726,gi:28571791,0,0.4925251398942776
gi:21357547,gi:24641555,0,0.47561676230909256
Q9NJH0,gi:19921482,0,0.5419800047243617
gi:24648858,gi:24651924,0,0.5350998345841625
gi:24658492,gi:24666240,0,0.42158612825831737
gi:24583474,gi:24640855,0,0.455240316135264
P13008,gi:17137764,0,0.37239991387002286
gi:21357095,gi:24640635,0,0.43354527907773344
O17445,gi:24639301,0,0.5583680876114999
gi:17136732,gi:20129403,0,0.4834581961232194
P18102,gi:24648289,0,0.4774515969886081
gi:24644250,gi:28574726,0,0.49958004321662003
gi:21355441,gi:21357711,0,0.48702578382136813
Q9W5R5,gi:24586270,0,0.5947846037062412
P09775,gi:17647723,0,0.5153934977800917
gi:17136728,gi:24584046,0,0.4819397550287038
P39572,gi:21357761,0,0.534239824497314
P48603,gi:24665132,0,0.3182984097973943
gi:19922172,gi:24658940,0,0.3229135066889958
gi:24641727,gi:24648302,0,0.4382054379761297
gi:21358247,gi:24654383,0,0.4629735632771517
P29413,gi:24585022,0,0.4717817609164204
P06601,gi:24639715,0,0.36409773604743345
gi:24640804,gi:28571445,0,0.5030992274149612
P08570,gi:24646593,0,0.4053736602260459
P48554,gi:24644242,0,0.5666775735619242
P49071,gi:24581686,0,0.4861079922696833
P07181,gi:24641732,0,0.30824010267075896
Q8IN81,gi:24638845,0,0.5009960978910739
gi:18859929,gi:24584251,0,0.4022836287075427
gi:24638625,gi:28571537,0,0.5362844229470725
gi:24639715,gi:24640777,0,0.5374201383575403
Q9VXX8,gi:17864238,0,0.5598548872160306
gi:19922100,gi:21687092,0,0.4390665947097972
gi:24652999,gi:28573937,0,0.3404177444531374
gi:19920682,gi:24654769,0,0.503591205704684
Q23983,gi:20129495,0,0.47839761589253194
gi:24585079,gi:24646860,0,0.4685035841290556
P22058,gi:24658861,0,0.45104260472792673
P39572,gi:24645148,0,0.43302132949106126
Q24117,gi:28573467,0,0.5954068088805564
Q9Y0I1,gi:24643497,0,0.6287192442091319
gi:17136258,gi:24657590,0,0.4509259773896014
gi:24644250,gi:24647369,0,0.5898767975667412
Q27350,gi:24648514,0,0.4503796256146908
gi:24653912,gi:24659367,0,0.4191516609823866
gi:17864228,gi:24646860,0,0.4914400012727598
gi:21355553,gi:24653760,0,0.5189465608643463
gi:24646860,gi:24646928,0,0.5097655050186015
gi:18859685,gi:21357951,0,0.4543264075291039
gi:24651963,gi:24654441,0,0.5427934195261636
gi:19920586,gi:24664752,0,0.44041047031872343
Q8IGR0,gi:21355937,0,0.4432593027720597
Q24564,gi:21357861,0,0.3877768154337148
gi:24638862,gi:24642794,0,0.5019073257130157
gi:24645732,gi:24652408,0,0.44212713305491025
gi:17737881,gi:21356003,0,0.4521803003253424
gi:24585428,gi:24663726,0,0.47067758190264447
P35676,gi:19920932,0,0.5455701710094276
gi:24666323,gi:28574695,0,0.5512447019832379
Q9W1K5,gi:24640806,0,0.49855573279629206
P19109,gi:21355125,0,0.44600030359356346
gi:24666240,gi:24666524,0,0.5135630415464842
gi:17137572,gi:21358285,0,0.5466437060979309
P13097,gi:21358033,0,0.5366033829408354
P11455,Q9W5Q1,0,0.4892170236641
gi:21357417,gi:24652022,0,0.4871112796570476
O44783,gi:24641561,0,0.511848517525519
gi:24640817,gi:24646496,0,0.4842215512068784
gi:20129051,gi:24651564,0,0.49024290728925446
Q01644,gi:24663288,0,0.746653416556362
gi:22024283,gi:28573291,0,0.42950321806210906
gi:24647143,gi:24648981,0,0.29431354101850876
gi:24580712,gi:24661166,0,0.362886595781269
gi:19922794,gi:21357105,0,0.5544541207239868
gi:24654854,gi:24663283,0,0.43627174635005794
gi:18859635,gi:24653708,0,0.25787771744856586
gi:22024201,gi:28573173,0,0.41182382121468203
gi:21356595,gi:24640342,0,0.5114298521600684
gi:18859635,gi:24642214,0,0.14060070863381416
gi:24585715,gi:24646860,0,0.5750005346663121
gi:18543215,gi:24585974,0,0.4922836529106169
P54733,gi:21358323,0,0.3973794260178201
gi:24580804,gi:28572004,0,0.4993466518016203
gi:28571660,gi:28572965,0,0.5353565315674211
gi:17136846,gi:17137620,0,0.621724180613251
P17276,gi:24581626,0,0.49726258090151443
gi:17647581,gi:24664199,0,0.5564863591326931
gi:20129859,gi:24585156,0,0.4811897501666389
Q9VNB5,gi:24664697,0,0.448478315228381
gi:24644214,gi:24663462,0,0.4037458189782423
gi:17933532,gi:24651688,0,0.5176727706038243
P07487,gi:21357711,0,0.49084030858552996
Q05856,gi:21355537,0,0.6668343032737827
gi:17136378,gi:19922100,0,0.5289981563226753
gi:24644513,gi:24660075,0,0.5131796296095196
gi:24643702,gi:28574303,0,0.49693979813389
Q07327,gi:24646827,0,0.5335972639499347
gi:21358033,gi:21687206,0,0.5502293739936782
gi:28558744,gi:28574063,0,0.4900190924257688
gi:24640777,gi:24644642,0,0.5508253581068356
P09491,gi:24640971,0,0.17939184894194912
P08646,gi:24658123,0,0.38932489113163166
gi:21356391,gi:24663344,0,0.5251806494503213
gi:17737503,gi:17864154,0,0.5018972514356441
Q23985,gi:21357711,0,0.5874416073764739
gi:24645216,gi:24653562,0,0.5070280216943294
gi:24639368,gi:28573393,0,0.42412776478877917
gi:24584372,gi:24661488,0,0.347208781133323
gi:24581484,gi:24650786,0,0.5861580548973329
gi:20130085,gi:24641555,0,0.5345033865859735
gi:24641567,gi:24649202,0,0.5202444410023197
P02518,gi:21357817,0,0.4679176344892138
P42519,gi:24654854,0,0.45917018264786497
gi:21358059,gi:24663242,0,0.5361610094386328
Q9V564,gi:24653463,0,0.48526952137160034
Q9V597,gi:24661625,0,0.32271626549355414
gi:24657684,gi:28574695,0,0.35064547215006225
gi:21356265,gi:24581429,0,0.45133711008753985
gi:20128901,gi:28574300,0,0.5430499819257923
gi:19922382,gi:24665109,0,0.5921242263438726
gi:24647326,gi:24658719,0,0.43051088239619584
P08182,gi:24641156,0,0.4759945378138236
gi:20128927,gi:24638708,0,0.4355277327898572
gi:24654717,gi:24667016,0,0.5274969245847901
P07207,gi:24639869,0,0.5459184819198999
gi:17648123,gi:28574527,0,0.5056741794607108
P00528,P08111,0,0.5231386062657578
gi:24649101,gi:28558744,0,0.5491880356243777
P28159,P91929,0,0.4701831231234704
P41374,gi:18858217,0,0.4127092339325473
gi:21355491,gi:21355869,0,0.4005847562812094
gi:18859977,gi:19922726,0,0.3329992410314113
Q9W5R8,gi:24650182,0,0.5273571111507244
P13097,gi:19921254,0,0.3494166647077414
gi:24641029,gi:28571445,0,0.437079189772915
gi:24647779,gi:24652999,0,0.16368805179257406
P16241,Q9VSJ8,0,0.4261882805665393
Q02361,gi:24580731,0,0.5202303074909548
gi:19920876,gi:21356957,0,0.5176565383233392
gi:24656362,gi:24664979,0,0.503318897407921
P23757,P25007,0,0.5890777105435903
gi:18857963,gi:24664458,0,0.5023981242872843
P29052,gi:24654854,0,0.48067519435050793
gi:19922746,gi:28573310,0,0.3625100192466847
gi:24662634,gi:28574764,0,0.4634699239841201
Q94524,gi:20128985,0,0.3611293831369514
gi:18543273,gi:18859635,0,0.36318568395433243
gi:20130025,gi:24666096,0,0.5102121918957659
gi:17137710,gi:24648917,0,0.510462524387116
O44783,P40427,0,0.4134650156597566
gi:17933742,gi:24583965,0,0.5118910099035375
gi:24586485,gi:24653459,0,0.40648708907575776
gi:24662729,gi:28573213,0,0.5005980472738217
P08928,gi:24651303,0,0.5123427877383117
P18502,gi:22024206,0,0.4951152243476279
gi:24582592,gi:24645581,0,0.3875367404778896
Q01642,gi:24667063,0,0.23239612011307592
O46106,gi:24652930,0,0.453632810740181
gi:20130049,gi:28572985,0,0.4893367677758687
gi:24641921,gi:24664720,0,0.46985851174844945
gi:24655577,gi:28571147,0,0.5470803764954792
O16797,gi:20130049,0,0.47966784061013296
gi:17136256,gi:24640901,0,0.4348299606845713
gi:24655886,gi:28571555,0,0.36695538918083626
gi:24644242,gi:28573427,0,0.5059690788495017
O46100,gi:24652444,0,0.3263114418549885
gi:24650873,gi:28573563,0,0.4990787201552005
gi:24641328,gi:28573486,0,0.5505565151809967
gi:17864460,gi:24583803,0,0.4704361161933501
Q94524,gi:24645728,0,0.4677939885818122
gi:24666434,gi:28571807,0,0.4471058066980216
gi:24652999,gi:24656379,0,0.4813473000109861
gi:24580817,gi:24652463,0,0.4998804225696096
gi:24659237,gi:24662729,0,0.41961504521886034
gi:24656959,gi:28571108,0,0.48381104250785467
gi:24655577,gi:28571447,0,0.5641724492998106
P07185,gi:19920622,0,0.41800418462006383
Q9VA73,gi:24642418,0,0.5406132637294766
gi:24649214,gi:24652733,0,0.47593279393805665
gi:24660611,gi:28572129,0,0.5521139597168758
gi:21356337,gi:24580874,0,0.54202803905579
Q9V7D2,gi:24583291,0,0.5496611138940605
gi:21355617,gi:24643715,0,0.5458158896841863
gi:17137804,gi:24650747,0,0.46437373960470996
Q9W4J5,gi:28573729,0,0.4866418931424884
gi:17137616,gi:24649648,0,0.4688524417718224
P13607,gi:24643497,0,0.5254171735051727
gi:20129231,gi:28571678,0,0.5040592564144719
gi:24584090,gi:24655228,0,0.5404693801449493
gi:24639715,gi:24647143,0,0.5396845556289446
gi:17137188,gi:24661136,0,0.5892234469345872
gi:24584547,gi:24646032,0,0.4422894268028192
gi:24639657,gi:24649007,0,0.5410549312108202
Q06559,gi:17864254,0,0.46918983594505687
gi:24657218,gi:24658237,0,0.47857326629502617
O77051,gi:24662830,0,0.5859126067830244
gi:17137224,gi:24642601,0,0.5368659556982952
gi:21356823,gi:24667089,0,0.4859318001991844
Q01068,gi:19922678,0,0.5663173946728248
gi:18859771,gi:20129563,0,0.5167369178735429
Q23985,gi:24644250,0,0.507712244456163
