protein_a,protein_b,label,y_prob
Q27368,gi:24582879,1,0.5898866813042543
gi:20129227,gi:24650922,1,0.6677794311443285
gi:24583644,gi:24667071,1,0.46513225849533546
O18413,gi:24650745,1,0.5979512304410011
gi:24645058,gi:24652999,1,0.6159480368517778
P11455,gi:24663246,1,0.5951538192668213
gi:19921028,gi:24667063,1,0.5737774310114245
gi:21355733,gi:24641831,1,0.454068896829487
gi:21355521,gi:28571157,1,0.5206439986046326
P17704,gi:24666434,1,0.39235936960403833
P48603,gi:24641090,1,0.47292674553679354
gi:24585313,gi:28571447,1,0.5461727764244659
gi:19921458,gi:24581719,1,0.5724532869045423
gi:24649025,gi:28573278,1,0.5511512123075881
Q9VYR1,gi:24642276,1,0.4420307424854969
gi:24646199,gi:24663340,1,0.30896502382816043
gi:24655121,gi:28571891,1,0.5265130322890625
Q24253,gi:28571819,1,0.51738995499473
P16568,gi:24639988,1,0.5154529994724607
P21914,gi:17933604,1,0.4408573440768104
gi:24656553,gi:24664023,1,0.5317092475688265
P13097,gi:24645653,1,0.45412311588658616
gi:24648946,gi:24654606,1,0.4906788918142544
gi:24656486,gi:24661872,1,0.5298515901174564
P55035,Q02361,1,0.4699298961098739
gi:24662946,gi:28574886,1,0.567024199954317
gi:19920396,gi:24668309,1,0.3940448369085309
gi:24649169,gi:28574406,1,0.5176660130554736
gi:20129227,gi:24645769,1,0.6247167442791776
gi:20130151,gi:24638872,1,0.5729432938114842
gi:24663027,gi:28571678,1,0.4416979507532412
gi:21356855,gi:24653322,1,0.5047027935293493
gi:17137074,gi:21356415,1,0.5246719252339764
gi:20128797,gi:24638544,1,0.5619223351057829
Q94511,gi:24645053,1,0.5046672475393463
P07181,gi:17136554,1,0.4086130877118407
gi:24654934,gi:28572036,1,0.511059790576494
gi:17137586,gi:28573893,1,0.5011824680513814
gi:24643394,gi:24661830,1,0.49075730137618356
gi:21356741,gi:24641068,1,0.5674067250210032
gi:24649025,gi:24655644,1,0.49040465200864997
gi:24641689,gi:28571515,1,0.5110758814469667
P45890,gi:24585681,1,0.5232966668482665
gi:19920390,gi:24583312,1,0.5317530563572015
gi:17647755,gi:24643634,1,0.49515472682568684
P13096,Q01071,1,0.43641509019282776
P82147,gi:28573278,1,0.48961438974912785
gi:19920866,gi:28571678,1,0.46701393628210885
P19538,gi:24581778,1,0.5088652186438565
P50887,gi:24649848,1,0.44384078419520856
Q8INW0,gi:24652438,1,0.5828543213970967
gi:24642561,gi:24647609,1,0.4457384317222629
gi:21357211,gi:24667117,1,0.6408476281696182
gi:19923028,gi:20129131,1,0.2299767618733026
gi:19923044,gi:24649952,1,0.5231581915786497
gi:24642517,gi:24656168,1,0.5405110663907918
gi:19922294,gi:24649697,1,0.5509835749757349
gi:21357511,gi:24643447,1,0.5124011360643302
gi:24650192,gi:24651703,1,0.5283039933886632
gi:19921710,gi:28572997,1,0.4748425208051753
gi:19921326,gi:24651935,1,0.4888227203478607
P53997,gi:20129291,1,0.4073434046413869
gi:24639021,gi:24648919,1,0.46530183240836065
O46106,gi:17647459,1,0.4803978912097577
P00528,gi:21356285,1,0.5237475015168123
gi:24654441,gi:24656574,1,0.4679193249602273
P02828,gi:18859939,1,0.5637910823015603
gi:18858147,gi:24645951,1,0.6183200176629118
gi:21358301,gi:24638532,1,0.5205431710010363
gi:17981735,gi:20129157,1,0.5708439377610659
P13097,gi:24655187,1,0.571480760349712
gi:24639885,gi:24667258,1,0.7807220290403906
gi:20130399,gi:21356209,1,0.42840644091168095
gi:17737875,gi:24639414,1,0.5792741681745172
P29742,gi:19922640,1,0.5415887873262999
gi:19922526,gi:24638766,1,0.45772827474532396
gi:24643761,gi:24651236,1,0.5818005117261272
gi:21356367,gi:24667063,1,0.5863790432979765
gi:21358467,gi:24640855,1,0.4542559456044717
gi:17136854,gi:24643702,1,0.47314277048476233
gi:17137114,gi:24650168,1,0.523821287236376
P17276,gi:24645115,1,0.5377476779552154
gi:24582918,gi:28574037,1,0.5676584928062767
gi:19920776,gi:24653350,1,0.5584080641148039
gi:24652930,gi:28571108,1,0.48064060857195867
P13060,gi:24641578,1,0.46260282783830337
P08570,gi:24583894,1,0.3047326305163572
P50887,Q24570,1,0.13223154012675442
gi:24653255,gi:24661359,1,0.5070118385967537
gi:20128797,gi:21357495,1,0.6146930591227434
gi:24668309,gi:28574529,1,0.7939216093502229
gi:21358101,gi:22026831,1,0.4618572633319365
gi:24642517,gi:24651491,1,0.5867518791187385
gi:24667016,gi:28571820,1,0.51821355271813
P07183,gi:24584729,1,0.5734528166324724
gi:17530825,gi:24582205,1,0.5118079707307622
gi:24641831,gi:24666524,1,0.5905512564795086
gi:19920406,gi:20129835,1,0.5314415893195408
gi:24644764,gi:28571412,1,0.47126172125908916
gi:24641493,gi:24647383,1,0.4713046651754013
gi:20130049,gi:24648294,1,0.4115792657100589
gi:24639496,gi:24762383,1,0.40857149367843654
gi:17933532,gi:24647137,1,0.6295147317522934
gi:19921962,gi:24640747,1,0.5292391252033173
gi:19922100,gi:20130345,1,0.4502469246175211
Q24167,gi:24648592,1,0.4032176130786297
Q9VQQ9,gi:24656802,1,0.5122643323130046
gi:24652882,gi:28572997,1,0.5287284780897398
gi:17137620,gi:24656431,1,0.567021553344666
gi:17136568,gi:17137752,1,0.4540375891419221
gi:18858161,gi:24652897,1,0.5609187171999848
gi:21355625,gi:21358139,1,0.5132479787877811
Q9VNA5,gi:24640683,1,0.4166142945439979
gi:24582643,gi:24655996,1,0.5656613199243616
gi:24648044,gi:24656362,1,0.1444931116268986
gi:24652733,gi:24657699,1,0.44361164095809336
gi:24638718,gi:24657684,1,0.47045462207831384
gi:24584683,gi:24641790,1,0.4620285304875007
gi:24639687,gi:24649976,1,0.38123342478819205
P51123,gi:24649109,1,0.4883961816649526
gi:17647939,gi:21357733,1,0.4945219924436293
gi:17933736,gi:24581976,1,0.5034471700107277
gi:24653057,gi:24762582,1,0.4888058600239
gi:20130151,gi:24642586,1,0.5669883601614418
gi:24647083,gi:24649025,1,0.5402571250634463
gi:24582431,gi:24649499,1,0.538797656480631
gi:17137240,gi:28571396,1,0.49686450698152795
gi:21356927,gi:24640119,1,0.7357784417773581
gi:24645216,gi:28574949,1,0.608115092496548
P35415,gi:24642799,1,0.31520296458456787
P13395,gi:17137188,1,0.3193128984836147
gi:24647609,gi:24663548,1,0.35684132092068754
Q9XZS4,gi:24651236,1,0.484481188284905
gi:17137344,gi:24584126,1,0.5514408062427049
gi:21687092,gi:24581542,1,0.3599186835585562
gi:24643634,gi:24650311,1,0.5486130897879122
P54350,P92208,1,0.5054694104044368
gi:18921139,gi:28571891,1,0.5044847497715806
gi:20129061,gi:24666737,1,0.5192842968942073
P16914,gi:19922904,1,0.44240484702328786
gi:21357089,gi:24664029,1,0.44157934774521784
Q9VJZ7,gi:24584798,1,0.5905204199129204
gi:24583803,gi:28573125,1,0.4175577147730901
gi:24640903,gi:24643280,1,0.49053323199379084
gi:24585335,gi:24586585,1,0.5832702462129901
gi:20129579,gi:24650124,1,0.5575337747191063
gi:17737727,gi:28574071,1,0.4913362736536475
P13395,gi:24642799,1,0.39599694349862774
gi:24644064,gi:24650208,1,0.4840673099690506
gi:17136830,gi:24640430,1,0.476260752642462
gi:17137800,gi:21357051,1,0.4428450110568318
gi:20129611,gi:24655053,1,0.5064295593392301
gi:18543293,gi:24641561,1,0.42460629197658967
gi:24584736,gi:24646199,1,0.36512700240717816
gi:20129967,gi:21355815,1,0.5708290517413432
gi:17137234,gi:24638625,1,0.5293370936052373
gi:24640264,gi:24642241,1,0.40583590754141824
gi:24640233,gi:24667117,1,0.44480261118002595
P02828,gi:24643375,1,0.44657447385635335
gi:19920706,gi:24582962,1,0.46668633153492095
P02517,P29775,1,0.4903010663689037
gi:24639548,gi:24652112,1,0.5663530831947603
gi:24641790,gi:24642817,1,0.5474546406385318
Q03334,gi:24666394,1,0.5213142756360164
gi:24581719,gi:24582473,1,0.44468865269323904
gi:26080381,gi:28573157,1,0.5099151061996721
gi:20129967,gi:21357305,1,0.2878057956270398
gi:21357761,gi:28574971,1,0.5665126261361777
P02824,gi:28572963,1,0.48568000090319974
gi:17136968,gi:17137452,1,0.44916168968332265
gi:17136258,gi:21355573,1,0.5994631489630816
gi:17137568,gi:24645053,1,0.4999447071368189
gi:17865642,gi:24648751,1,0.6042242906597649
P48592,gi:22024283,1,0.47806143982178106
gi:19922044,gi:24656312,1,0.5708178624407088
P21461,gi:24653649,1,0.4711142360760615
gi:19920746,gi:24643702,1,0.5231421736853694
P15364,gi:17647979,1,0.5209641984108426
gi:21687092,gi:28573551,1,0.7108736437381826
gi:19920922,gi:24663548,1,0.5390544335717037
gi:20130405,gi:24643010,1,0.5096744740859731
P05389,gi:24646440,1,0.4990344305342415
gi:24646860,gi:28571593,1,0.5435409768488658
P08570,gi:21358101,1,0.4857361221517136
P07207,gi:30923613,1,0.43928953715864916
gi:19920912,gi:21358247,1,0.5603822557282291
gi:18859751,gi:21355869,1,0.5691184942928766
gi:24640951,gi:24657678,1,0.31773641573264133
gi:19920746,gi:19922390,1,0.4616986183144814
gi:21358039,gi:24651203,1,0.4788041163919247
gi:21357387,gi:24638625,1,0.504286019184337
gi:19920798,gi:21358535,1,0.589977303604701
gi:17647735,gi:24641921,1,0.8817585012578376
gi:21356003,gi:21357311,1,0.5822042648355287
gi:24643110,gi:24645344,1,0.542708350456433
P48149,gi:24584198,1,0.5197722627188774
gi:24640430,gi:24667760,1,0.48990103173518007
gi:21355807,gi:24638927,1,0.5660145434519291
gi:19921312,gi:24651610,1,0.7017164466734376
Q9VMA2,gi:20129835,1,0.585402483547646
gi:20130399,gi:24638625,1,0.46387871600115316
Q9W553,gi:24642267,1,0.5334836114501709
Q9XYN7,gi:24661140,1,0.47543502457642234
gi:19922670,gi:24654471,1,0.49180375449742014
P25007,gi:24639183,1,0.5322813780422083
gi:19922444,gi:24652290,1,0.4792209740881963
gi:21357711,gi:24658714,1,0.4219125363615013
gi:24640973,gi:24655674,1,0.6014949981943982
gi:24584030,gi:24586176,1,0.4876332915220531
P02835,gi:24667829,1,0.47689959993207154
gi:17137696,gi:21356655,1,0.49458173975869313
gi:17136948,gi:24641148,1,0.5043044769082962
Q9VNE9,gi:24762726,1,0.5127415891071562
gi:21358103,gi:24655053,1,0.46277531336430033
gi:17137488,gi:18858209,1,0.5477660423707721
gi:24583803,gi:24663228,1,0.5271342203602424
gi:17137216,gi:24653649,1,0.49709552012987995
gi:21357711,gi:24586237,1,0.5651160647600034
gi:18860521,gi:19921250,1,0.4676279184117603
Q24133,gi:24648253,1,0.5038672741246155
P18171,gi:24640527,1,0.5444755264441975
Q9NJH0,gi:24581467,1,0.42908322673245064
gi:24663047,gi:24665583,1,0.5828010448625037
P36975,gi:24638845,1,0.4520195930103528
O16797,gi:24583474,1,0.5651206061464575
O16797,gi:24655053,1,0.6045360424480729
gi:18859679,gi:24646430,1,0.5511278847686224
gi:17737917,gi:21355657,1,0.48661253456861614
Q9W0K7,gi:24585499,1,0.4577453095190922
gi:22026831,gi:28571341,1,0.4330111962911193
P17886,gi:19922516,1,0.6471755332356566
gi:24642884,gi:24649646,1,0.5558821716145362
gi:24644642,gi:28571615,1,0.5570421517176565
gi:24653350,gi:24656785,1,0.4606461703127473
Q24423,gi:24641449,1,0.5736466667831384
gi:24638625,gi:24639687,1,0.5006162924413502
gi:17137650,gi:24653674,1,0.44919317428884337
gi:18859833,gi:24642808,1,0.6235074580367701
gi:24639571,gi:24642261,1,0.6289779164227149
gi:24656959,gi:24667063,1,0.4701939547242773
gi:24643702,gi:24648755,1,0.42415316799196046
gi:24646365,gi:24664257,1,0.42151581644505187
Q24564,gi:24661864,1,0.5664754223075328
gi:24650084,gi:24661467,1,0.5978167222119535
gi:17864162,gi:21357211,1,0.4919997035467643
gi:24639782,gi:24661707,1,0.42045931980149087
gi:24645869,gi:24652641,1,0.37944598185759676
P41126,gi:24648294,1,0.5279301612137751
P00528,gi:19921798,1,0.5428036932369366
gi:24581719,gi:24651247,1,0.5442673749323164
gi:24645182,gi:24663118,1,0.5238095099001094
gi:17933722,gi:19921582,1,0.551781675240934
gi:17137220,gi:17864162,1,0.5197684750258453
Q8IN81,gi:28558748,1,0.5567163864317004
P82910,gi:28574284,1,0.5150223584297844
P29503,P40796,1,0.33198088539514115
gi:24584645,gi:24642267,1,0.4348412947722098
gi:24646664,gi:24651028,1,0.49077635444226936
gi:24640172,gi:24655067,1,0.46902531378446977
gi:24643755,gi:24656820,1,0.5770114100848512
gi:18860011,gi:21357481,1,0.5364964258001619
P13395,P36241,1,0.5956607653239527
gi:20128797,gi:24643303,1,0.5943325932447956
P07181,gi:24666886,1,0.547204189153289
Q8IGR0,gi:24659237,1,0.5190597202364435
gi:24650263,gi:24654441,1,0.5289515386976433
P54733,gi:24648824,1,0.5295220931311192
O77264,gi:24654441,1,0.5017856308978366
gi:19922620,gi:24659451,1,0.3067666922304207
Q9VAD6,gi:28574009,1,0.49481340000704754
gi:21355965,gi:21356311,1,0.48807035730253845
gi:18543285,gi:24584828,1,0.6111976042165781
P40427,Q24251,1,0.5552063032980368
Q8INW0,gi:24651690,1,0.4730074223586306
gi:24580839,gi:24641068,1,0.5395601072165507
gi:20129835,gi:24652235,1,0.551999157095258
P22058,gi:24582926,1,0.41920542701262303
gi:18860011,gi:24647498,1,0.5651695141526142
gi:17136732,gi:19920984,1,0.6382776288995583
gi:21357051,gi:24646365,1,0.43701126012156843
Q9W5R8,gi:28574939,1,0.5518407577446102
Q9Y0I1,gi:24649620,1,0.5183631050461611
Q27350,gi:24648617,1,0.42845986842643
O18640,gi:24647582,1,0.4076818304068093
gi:24647137,gi:24649025,1,0.658905849129826
gi:24581467,gi:24666096,1,0.46245100796017474
P10379,gi:24639885,1,0.42988595295904186
P82910,gi:28572963,1,0.48814889656711397
gi:18859889,gi:24666524,1,0.7130842016498978
gi:24642763,gi:28574886,1,0.5370575003816429
gi:24644116,gi:28571447,1,0.46406895838648116
gi:18921123,gi:21358053,1,0.5200237300207132
gi:17647523,gi:24646410,1,0.5823604102154861
gi:24586550,gi:24666886,1,0.5016255556150134
Q9VXX8,gi:19922328,1,0.3136667880669966
gi:20428641,gi:24649427,1,0.4778985643685684
gi:24639548,gi:24656262,1,0.5803030245211913
gi:24642233,gi:24654843,1,0.5692535363779595
gi:21355719,gi:24648536,1,0.522142936046288
gi:24660416,gi:24663462,1,0.5519506043253873
gi:20130247,gi:24666442,1,0.3817834095878692
gi:24642561,gi:24658927,1,0.48527179128959086
gi:24581626,gi:24639715,1,0.42789954412384423
gi:17136698,gi:24580836,1,0.41432814177534566
gi:20130085,gi:24661002,1,0.43696162319797327
gi:24661625,gi:28573278,1,0.3892190401228326
gi:21355383,gi:28574414,1,0.5027344916790145
gi:24586562,gi:24650829,1,0.7818409256410216
gi:17137648,gi:24668042,1,0.4703019064908238
gi:24580815,gi:24582219,1,0.5381856933662497
P08182,gi:21356361,1,0.4463336318134893
gi:17136968,gi:17933532,1,0.5383567302607258
gi:18859953,gi:21355139,1,0.5618855329623463
gi:24666274,gi:28573830,1,0.33000848773177327
gi:18543215,gi:24662330,1,0.5641484975306319
Q8INW0,gi:24661359,1,0.6309250566808008
gi:19920676,gi:24646827,1,0.5473592481364185
gi:17647699,gi:24582096,1,0.5854809683033367
gi:19921566,gi:24584828,1,0.633192058293224
Q9VMW8,gi:24640683,1,0.5123646348316521
Q01644,gi:24639904,1,0.9451724155924364
gi:17136294,gi:24652999,1,0.5622017346116267
P29742,gi:24641689,1,0.5231818583434483
P20354,P40320,1,0.5024771967832622
gi:24648776,gi:24665172,1,0.29998093705421924
gi:19920696,gi:22026831,1,0.44843946285403147
P02824,gi:28574284,1,0.513822376444639
gi:18860521,gi:21355617,1,0.48423023680754923
gi:24655245,gi:28574597,1,0.5241653015762621
gi:21355331,gi:21357723,1,0.4986104385390567
gi:19921458,gi:24662048,1,0.511527185152021
Q24564,gi:24651703,1,0.505329848290161
gi:19920386,gi:24582270,1,0.444131977780956
gi:24654017,gi:24668321,1,0.4939944044365235
gi:18858125,gi:24648828,1,0.5355064071614006
gi:17647911,gi:24584835,1,0.7473006103199938
gi:24644250,gi:24665154,1,0.43228722350202864
gi:21356265,gi:24641209,1,0.6162684407279145
gi:17647891,gi:24649994,1,0.492489534126135
P08111,gi:24656486,1,0.5747014835046708
gi:24580672,gi:28574726,1,0.5055788348444462
gi:20129961,gi:24643413,1,0.47451223791056735
gi:21357117,gi:24642361,1,0.373231293304716
gi:17737533,gi:24657019,1,0.4870338526361846
gi:19921060,gi:24642559,1,0.5038501186513384
gi:20130007,gi:24655502,1,0.36279656669593674
gi:24638894,gi:24643270,1,0.5903501322231983
gi:24648905,gi:24649663,1,0.5832840299984103
gi:24582283,gi:24646611,1,0.5738839647161358
gi:17137788,gi:20130017,1,0.33799207557959965
gi:24583312,gi:24659992,1,0.48422211465593795
gi:19920594,gi:24667089,1,0.5448296296572092
gi:24642517,gi:24646312,1,0.5785060596571754
gi:20128985,gi:21355643,1,0.5012115116752549
gi:24640578,gi:24656644,1,0.49616269675492103
P13060,gi:24642367,1,0.5314325019162826
gi:21358587,gi:24647779,1,0.4535502396509071
gi:24643755,gi:24644880,1,0.47824208636823007
gi:24667063,gi:28573879,1,0.5104818707738765
Q9VSS2,gi:21356873,1,0.4983905831448648
P25867,gi:24584167,1,0.46980139466108994
gi:24585428,gi:24649202,1,0.4767199058886012
P48593,gi:20129701,1,0.37706038173516815
P52295,gi:19920696,1,0.5487773994208935
gi:20130399,gi:28574582,1,0.6555950680547141
gi:19921588,gi:24663275,1,0.45632741923696146
gi:21356979,gi:24646860,1,0.5794191283862778
gi:24652684,gi:24654749,1,0.2937114791995227
P91615,gi:21355581,1,0.49497751862556755
P08181,gi:28571396,1,0.4575295913570546
gi:17738243,gi:24641449,1,0.4365454981750246
Q9VCR6,gi:24657689,1,0.5803926743985991
gi:24654996,gi:24655741,1,0.4698199267164168
gi:24647334,gi:24648828,1,0.5510288162787954
gi:20128911,gi:24648063,1,0.5179029474175909
gi:17137188,gi:24640713,1,0.46529406801663303
gi:18543215,gi:24647864,1,0.622261590394656
Q9XZT6,gi:24666702,1,0.49791126772652816
Q94524,gi:24581901,1,0.3905478655541825
P07207,gi:21356895,1,0.3453649652256651
P09087,gi:28574876,1,0.5806878593970464
O76924,gi:19920954,1,0.44224889704021053
gi:18859939,gi:21355243,1,0.4010504942594429
gi:21356777,gi:24582294,1,0.5783067182918127
Q03017,gi:21358205,1,0.5645812721581632
gi:17647155,gi:24639988,1,0.465331115265644
Q8T053,gi:24762757,1,0.49322904137690154
gi:19921242,gi:28573850,1,0.5125825256309692
gi:17137752,gi:24663462,1,0.5423892295478312
gi:24583747,gi:24640672,1,0.4486679578483316
Q9XTM1,gi:24639705,1,0.4747404613171949
gi:18543271,gi:21357711,1,0.47581634752519203
P17276,gi:24654530,1,0.5412163570022663
gi:17864162,gi:24647137,1,0.4980355327949463
gi:24653791,gi:24665661,1,0.41771005221320473
gi:24585618,gi:28571445,1,0.44943691680215353
gi:24581310,gi:24660710,1,0.4918935961036511
gi:24645817,gi:24663462,1,0.5720277738083349
gi:18858189,gi:24640672,1,0.6112422863184127
gi:24647609,gi:28572129,1,0.4402261762470713
gi:19921552,gi:21356055,1,0.5237940619845263
gi:21358275,gi:24643243,1,0.5807143033943049
gi:19920568,gi:24652463,1,0.48044150394579954
P27716,gi:17738153,1,0.5089926819464936
Q8IGR0,gi:24582182,1,0.460855122545867
P02839,gi:24642808,1,0.7599066187153276
gi:17137700,gi:28573674,1,0.4412083801023545
gi:17137740,gi:24645951,1,0.5883243870211373
gi:17137560,gi:24646962,1,0.563943083931267
gi:20129061,gi:24666753,1,0.5002294710243117
P23757,gi:24583917,1,0.5607554322157848
P11455,Q8INW0,1,0.5636902313481313
gi:24653741,gi:24661332,1,0.5101565080166647
gi:24653649,gi:24655741,1,0.49494579247654985
gi:24645157,gi:28571537,1,0.528603952652441
P14734,Q9VAN0,1,0.5229544575793473
P39413,gi:24655153,1,0.4351331233757274
Q95YI5,gi:24649452,1,0.44734387528799896
gi:24642276,gi:28573278,1,0.45529584547738255
gi:24642517,gi:28574316,1,0.5000054603611694
gi:21357017,gi:24642586,1,0.4872383017125177
gi:20129527,gi:30923613,1,0.49258376152862254
P06601,gi:28573795,1,0.45900773504127934
gi:24649646,gi:24661263,1,0.4778170581319262
gi:24640513,gi:24664817,1,0.5009183888798533
P91943,Q9VGI8,1,0.49438466852077345
Q9V407,gi:24647285,1,0.42463988872370406
gi:17137514,gi:24641056,1,0.5504720720473344
gi:24639609,gi:24657218,1,0.5914767859227964
gi:20129357,gi:24648484,1,0.36695368325793265
gi:24652112,gi:24666850,1,0.5871553409317869
gi:17530793,gi:24646283,1,0.4653148290986392
O46036,gi:17737723,1,0.612371148397091
gi:24643110,gi:28573278,1,0.47034395308187377
gi:24581719,gi:24641561,1,0.4856436575410487
P00528,gi:24665193,1,0.44324037923857373
gi:24642267,gi:28571451,1,0.42976918494033534
Q9VUR3,gi:17136276,1,0.4646269454912114
O46036,gi:24663901,1,0.48302729048541737
gi:18543285,gi:21355123,1,0.46513890105367844
gi:21357917,gi:24664458,1,0.49012898162102525
gi:24646114,gi:24651937,1,0.362875826588551
gi:18543295,gi:19922816,1,0.5397529310827005
gi:24641045,gi:24645621,1,0.5269047118894171
gi:17647911,gi:19921530,1,0.2558561143931041
gi:19920776,gi:24582858,1,0.5154612654559835
P08182,gi:19922274,1,0.47572213367628424
gi:24641919,gi:24654172,1,0.2638236389098807
gi:24640672,gi:28574391,1,0.5617319640332303
gi:18859973,gi:24638872,1,0.35117733306795695
gi:19920876,gi:24581719,1,0.5207353573632841
P22700,gi:24642301,1,0.5330707041032033
gi:19921694,gi:24645413,1,0.5098688271840318
gi:24639705,gi:24643447,1,0.49043996671225387
gi:24643634,gi:24647759,1,0.5589717244509614
gi:21356453,gi:24762383,1,0.9282372162369548
Q9VVN2,gi:24583567,1,0.6719561000682881
gi:18859825,gi:24654854,1,0.5859240776712004
gi:19921652,gi:19921672,1,0.4853464524181291
gi:24639301,gi:28572124,1,0.42944625968333777
gi:20129563,gi:24647143,1,0.4663565250355662
gi:17137760,gi:24580788,1,0.43983004760633954
Q24180,gi:24655778,1,0.5233926160779838
P17886,gi:28573019,1,0.4727775078820072
gi:24648289,gi:24660416,1,0.5438291783412684
gi:24586371,gi:28574726,1,0.472606477180811
Q9W2N0,gi:24651028,1,0.5621318846474517
Q8MSF5,gi:19921270,1,0.5654354534904323
gi:17864566,gi:24583394,1,0.4491843737436647
gi:21358527,gi:24657782,1,0.3214684886614326
P13607,gi:28574582,1,0.5019510603000875
gi:24650356,gi:28574582,1,0.6627071623421104
gi:24582104,gi:24668704,1,0.5393084907323269
gi:19920370,gi:24640181,1,0.5392388405931714
gi:17137574,gi:21356415,1,0.5255698619780684
gi:21355673,gi:24651944,1,0.5908691928888661
P08570,gi:24646410,1,0.5810268534488198
gi:19921244,gi:21356337,1,0.468332194848913
O46106,gi:24581314,1,0.48778458504313177
P29681,gi:28571819,1,0.5129451536937558
O02195,gi:24653096,1,0.4776560722623173
gi:20130175,gi:24639519,1,0.5264932272224261
Q24133,Q9VPH7,1,0.5683541022475413
gi:21356211,gi:24650074,1,0.434746516109718
P18502,gi:24653810,1,0.5034578744099452
gi:17137224,gi:24642276,1,0.5047912311178844
Q24141,gi:21356337,1,0.48274114265046325
gi:24580804,gi:24656959,1,0.5180194493314509
gi:24582714,gi:24640268,1,0.48297143079331417
gi:19920706,gi:24640506,1,0.48707548901859304
gi:24657019,gi:28573799,1,0.4768256621913553
gi:17136732,gi:24648308,1,0.5841810159067072
gi:24648207,gi:24648946,1,0.29781930562577985
P05552,gi:24645148,1,0.47250252831893397
gi:20130277,gi:24665135,1,0.2531352691869505
O17445,gi:24654996,1,0.4985104051849994
gi:19922000,gi:24639187,1,0.5366280409346247
gi:24649695,gi:24662048,1,0.3560530242524388
gi:19922626,gi:24649911,1,0.5467281075766707
P10734,gi:17137168,1,0.5254047569889851
gi:17136262,gi:17137760,1,0.42733681514032656
Q06559,gi:18859961,1,0.4691051073054562
Q94899,gi:24648459,1,0.5466795595771522
O18640,gi:20129481,1,0.5848137158453949
gi:17933694,gi:28573662,1,0.5120526880819559
gi:21357711,gi:24655888,1,0.3256428066783245
gi:18543285,gi:24645053,1,0.5448043966097951
gi:19922166,gi:24648514,1,0.48918954898041633
gi:17136524,gi:24655644,1,0.584846646574787
gi:24646190,gi:24648942,1,0.5808886511515278
gi:24639687,gi:24666818,1,0.49862761050430826
gi:21357903,gi:28571100,1,0.5222735591431811
Q8IGR0,gi:24640672,1,0.5149777345345893
gi:24641014,gi:28572158,1,0.49958580335534203
gi:23308611,gi:24654530,1,0.5481456411117926
gi:20128841,gi:28574886,1,0.4700308672222804
gi:24640625,gi:24656494,1,0.44117077946506783
gi:24583531,gi:24659188,1,0.3116263568366703
gi:24583965,gi:24586240,1,0.5282274619061755
P82910,gi:21355911,1,0.42321251662285303
P48609,gi:24640494,1,0.5517546061517076
gi:19922206,gi:24639808,1,0.5621164761931328
gi:24655153,gi:24668642,1,0.4752461169922707
gi:17136820,gi:20128841,1,0.4898579190376863
gi:17737425,gi:24663246,1,0.49878891916509877
gi:21357781,gi:24582294,1,0.5582529156472118
gi:21356995,gi:24581719,1,0.4722466000715957
gi:21355799,gi:24652235,1,0.47748088484922463
gi:21355521,gi:24643170,1,0.509619194481548
gi:17137752,gi:24641280,1,0.5329747988578069
gi:24580731,gi:24649039,1,0.5062594690096816
gi:24645921,gi:28573781,1,0.4891156124060719
gi:17136862,gi:24643303,1,0.5359896465277777
P41093,gi:24639649,1,0.6699832044866273
P25008,gi:24663352,1,0.4595045660634721
gi:24583803,gi:24652686,1,0.5022445844670108
gi:24646729,gi:28571658,1,0.5287270803867832
gi:19920696,gi:28571218,1,0.5334994960806672
gi:17647899,gi:19922144,1,0.4663889802067038
gi:24667837,gi:28571660,1,0.4224861202340026
gi:19923004,gi:24662583,1,0.6362816327162929
O17445,gi:24585156,1,0.43219387956475125
gi:19922328,gi:21356029,1,0.41244041711704804
gi:24640353,gi:24663039,1,0.5141928155140577
P02839,gi:24657782,1,0.4215140261747777
gi:24585242,gi:24640268,1,0.48986388762404304
gi:24639711,gi:24641280,1,0.45837114142373453
P23023,gi:24667876,1,0.5263499908669916
P49905,Q9VN93,1,0.4770044850415713
gi:24582306,gi:24762701,1,0.3206419610461095
gi:21357211,gi:24652680,1,0.7426804339719105
gi:28574582,gi:28574764,1,0.41160581398018997
Q8T498,gi:21356337,1,0.5004568300146067
gi:17933676,gi:24656938,1,0.6200562179264266
gi:24651149,gi:28571891,1,0.5153622246835673
P11147,gi:24638862,1,0.526114254387709
gi:21955276,gi:24644880,1,0.4673902255311998
gi:21358039,gi:28573563,1,0.5162350735870012
gi:24648289,gi:24651688,1,0.4475502819314975
gi:21687092,gi:24663599,1,0.4167790554115408
gi:24585618,gi:24649695,1,0.1963784000416046
gi:24582672,gi:24583332,1,0.2984568319678165
gi:24580712,gi:24647566,1,0.4832467526475641
Q24564,gi:24655034,1,0.4623076821109929
gi:21355909,gi:24665583,1,0.5319910754452327
gi:24650473,gi:24666240,1,0.4120223699548335
Q9W3C1,gi:24653988,1,0.49919369323662843
Q9V3I1,gi:24585499,1,0.48448156609967075
Q9VQ62,gi:28572129,1,0.4965940119300522
Q24260,gi:24584547,1,0.6211816405371444
P13607,gi:21358161,1,0.4874439095770147
gi:20128811,gi:28573173,1,0.43730868910502924
gi:24650148,gi:24650263,1,0.47002095719491604
gi:17137074,gi:28573893,1,0.3813263395502485
gi:24647609,gi:24668194,1,0.5525249876802459
gi:17647979,gi:28573563,1,0.6038843305365534
gi:21357915,gi:24654479,1,0.7111406122675202
gi:17864566,gi:24646884,1,0.5041713992617044
P15364,gi:24582746,1,0.5010743662897157
gi:18857963,gi:24654086,1,0.5322623638328979
gi:18859973,gi:24643118,1,0.46861836614524144
gi:24642235,gi:24646312,1,0.5346498621353659
O46341,gi:24656273,1,0.5063882405046217
P10987,gi:24646440,1,0.5352792714634897
Q24404,gi:24639705,1,0.5197905122382581
gi:17933704,gi:21356995,1,0.5039849688437399
gi:24581626,gi:24641302,1,0.4865427314228763
P00034,gi:24652686,1,0.47049173523101606
gi:24584039,gi:24646940,1,0.5186767146004889
P19538,P29742,1,0.5422632171033926
gi:21357305,gi:24647468,1,0.4412353059173674
gi:18859635,gi:24639301,1,0.9425552782939064
gi:24661662,gi:24667117,1,0.5284510339478056
P48591,gi:21355205,1,0.5184518810472784
gi:24641404,gi:28573563,1,0.49286492647518654
P09775,Q01068,1,0.5918682808368927
gi:20129157,gi:21357761,1,0.5970302981855301
P51123,Q01083,1,0.4802999391526661
gi:24582006,gi:24662753,1,0.5080640749087292
Q24404,gi:24583929,1,0.4535508323909087
gi:24640264,gi:24655245,1,0.492343476722388
Q9VJV9,gi:18858161,1,0.4783048932097054
gi:24645621,gi:24647952,1,0.5414781063088193
P22807,gi:24643447,1,0.6545537006842619
gi:17137438,gi:24647356,1,0.4608710666761798
gi:24651303,gi:28572963,1,0.3604266380242681
gi:24646774,gi:24658229,1,0.4578513846886535
gi:20129291,gi:24651703,1,0.4614333156073359
gi:17137740,gi:24643375,1,0.3837169013169001
gi:17137196,gi:24762594,1,0.5282098466931526
gi:24649183,gi:24654854,1,0.713323487554488
gi:24646593,gi:24656644,1,0.5311476595488871
gi:19922526,gi:28573544,1,0.465288102296273
gi:24643476,gi:28571506,1,0.38357859155508817
gi:17136914,gi:24659237,1,0.5323641736376968
gi:17864622,gi:24583965,1,0.5911704073438108
gi:17136830,gi:24659868,1,0.4969983743162364
P36188,gi:24666913,1,0.35184498928806074
gi:19922640,gi:30923526,1,0.5293411251875806
Q9V407,gi:24583312,1,0.5286754564190504
Q24253,gi:20129209,1,0.46796118705688056
gi:18858189,gi:24665657,1,0.39956397744257083
P45889,gi:21355167,1,0.5267890594726653
gi:19920928,gi:24659188,1,0.358743039264752
gi:21355663,gi:24582106,1,0.3187699768369034
gi:24584287,gi:24641831,1,0.7370819801168752
gi:24655741,gi:24658229,1,0.34310473367759525
gi:24662650,gi:24762816,1,0.3711161110688486
gi:20130261,gi:24659237,1,0.5611041363740972
gi:21357147,gi:28573310,1,0.5122642680537719
P23696,gi:28573264,1,0.5099184163726577
gi:19921554,gi:24650634,1,0.44657164556842116
O97420,gi:21355085,1,0.34276405061968995
gi:24582339,gi:24638976,1,0.5769858803419444
P17704,gi:24581976,1,0.5780226809193073
P17886,gi:21357953,1,0.5979075029031065
gi:24582219,gi:24642615,1,0.48980789713078754
gi:22024244,gi:24648042,1,0.44814165394929123
gi:17136212,gi:24655170,1,0.6506353352408707
P10041,gi:24649007,1,0.5818429281450886
P29052,gi:20130017,1,0.38964423805926884
gi:20129291,gi:24583310,1,0.5236850042138276
P04814,gi:24762594,1,0.4611222856095219
gi:20130281,gi:24638708,1,0.43744504743047075
gi:24650284,gi:24668346,1,0.4351765583746521
gi:17136732,gi:24582879,1,0.5985053299126661
gi:24639936,gi:24643497,1,0.5002255951794335
gi:24580712,gi:24649164,1,0.3994459716366384
gi:17136732,gi:24666240,1,0.5060400995372506
gi:24656168,gi:24666826,1,0.559097181073116
Q02645,gi:24655537,1,0.45633747695027893
O76924,gi:17647739,1,0.5232672215323741
Q9VJZ7,gi:24584776,1,0.6230160419797026
gi:17136732,gi:21358569,1,0.5090965109536243
P10084,P18491,1,0.39209595564712113
P36241,gi:21355873,1,0.7966661530369656
gi:24643110,gi:24650658,1,0.5325814752732001
gi:21358465,gi:24649283,1,0.483857935629734
gi:24581339,gi:24585681,1,0.5106558852729072
gi:24646073,gi:24646090,1,0.48880791086463027
gi:24644073,gi:24667917,1,0.7915055625339047
gi:17647155,gi:28574009,1,0.47148575877150983
gi:21356797,gi:24646318,1,0.5238313874294013
gi:24639210,gi:24645887,1,0.584601890310292
gi:24639496,gi:24646337,1,0.4534358217709812
P18102,gi:24646146,1,0.4879071480155884
gi:24643118,gi:24657782,1,0.5309575403513951
Q24133,gi:24657052,1,0.4864059991858067
Q94524,gi:28574997,1,0.2845526600208244
P40427,gi:17136216,1,0.4824955587872884
Q24404,gi:24642134,1,0.8801350250539461
gi:24585242,gi:24642884,1,0.5098929051679966
gi:17137582,gi:19922526,1,0.48250411532962717
gi:24585943,gi:28574635,1,0.6069907059054389
Q9XYN7,gi:24585215,1,0.49818058700496065
gi:24645769,gi:24652344,1,0.38739038985847124
gi:21357871,gi:24585240,1,0.4721501852022057
gi:24652733,gi:24660923,1,0.522831585735942
gi:20130139,gi:24661332,1,0.49510219781967946
P47938,gi:17136286,1,0.4845016563495327
gi:19922714,gi:24585327,1,0.4698424746152801
gi:18858007,gi:21355869,1,0.4567810255302968
gi:24655474,gi:24664469,1,0.4700059061857901
gi:24646860,gi:24648136,1,0.5458677009740669
gi:19922248,gi:21355603,1,0.46011186142252203
P19538,gi:17647589,1,0.48962595419207416
gi:17137234,gi:24652825,1,0.6035077464771894
gi:19922458,gi:24581987,1,0.4958800617876565
gi:24582283,gi:24583279,1,0.5045759482549149
Q9W1C9,gi:19920696,1,0.43870860569036285
gi:24581582,gi:24651671,1,0.4850099067399446
gi:24649345,gi:28574284,1,0.5494058557924698
gi:24646090,gi:24653791,1,0.526605722884244
Q9W5R5,gi:20129301,1,0.5349417283385787
gi:20130151,gi:24638864,1,0.5164784716884527
gi:17136698,gi:24667917,1,0.5086370076240215
gi:24640704,gi:24762491,1,0.4794592941116533
O76924,gi:17864542,1,0.537417861587893
gi:17136934,gi:19921530,1,0.6271862667430754
gi:28573173,gi:28573264,1,0.4445523206331102
gi:19921306,gi:21357969,1,0.49374419981805023
O16797,gi:18859825,1,0.5204868446637607
Q24251,gi:24661084,1,0.39491246391616047
gi:18857963,gi:24642517,1,0.6109970833761463
gi:24650035,gi:24656275,1,0.3225963763515139
gi:21358003,gi:24638845,1,0.597259145541142
P92201,gi:21358103,1,0.5616181758416158
gi:24650035,gi:30923655,1,0.467903522139809
gi:17647181,gi:20130017,1,0.41681377417586235
gi:24663242,gi:28573799,1,0.5614265205389255
P02307,gi:24658110,1,0.5384285357811587
gi:20129227,gi:21355125,1,0.4493203045153235
gi:18858043,gi:24655701,1,0.5670049504086492
gi:24641121,gi:28574284,1,0.46114972961148204
P49905,gi:24654325,1,0.5260780941095792
Q24564,gi:24659892,1,0.523180674133144
gi:17737433,gi:21356121,1,0.4159951232573876
gi:19920464,gi:24649059,1,0.4319331926284856
O61345,gi:24647233,1,0.5022680952550459
gi:24642799,gi:24659237,1,0.45102984099127186
gi:24642276,gi:24659451,1,0.46269647065344727
gi:24646232,gi:24647687,1,0.18426449218200883
gi:17647581,gi:24649519,1,0.46163912730427176
P18502,gi:24647609,1,0.4862293473545024
gi:24664399,gi:24665583,1,0.5676588416271665
gi:24583332,gi:24648828,1,0.41312552007957226
O44424,gi:24657684,1,0.5378880457549434
gi:17137620,gi:24646970,1,0.5193036421221913
gi:17986183,gi:24652818,1,0.5674978302083605
P20227,P51123,1,0.5102849410868971
gi:24640994,gi:24658861,1,0.46558386548073044
Q24404,Q9VMW8,1,0.514390242560885
gi:21356727,gi:24650208,1,0.3885301270310157
gi:18858117,gi:24641434,1,0.4405353260226456
gi:24662044,gi:24662431,1,0.6307927975592503
gi:20129499,gi:24654082,1,0.5453103986424337
gi:24642267,gi:24643755,1,0.5215251219066304
gi:24643118,gi:28574406,1,0.5082941563036104
gi:24643578,gi:24649383,1,0.5918620778577813
gi:24580731,gi:24648127,1,0.5199157226337658
gi:20130049,gi:24646365,1,0.5129151636174242
gi:24585618,gi:24643151,1,0.4396105053585507
Q02748,gi:24641561,1,0.49091531790704274
gi:18859657,gi:24655474,1,0.47936642364430665
gi:24583067,gi:24641449,1,0.465085370141715
gi:17136368,gi:24656486,1,0.5477351000090401
gi:24582306,gi:24652785,1,0.5810156101857181
gi:21355631,gi:24657218,1,0.5725514551575209
gi:18858073,gi:18858205,1,0.47896144950028774
gi:24653805,gi:24663462,1,0.6221741486773493
Q9W5R8,gi:24641790,1,0.5401048018349439
gi:19921710,gi:24653743,1,0.574476854643359
gi:19922274,gi:24664004,1,0.46048989859589545
gi:24641790,gi:24646724,1,0.41200237918561883
gi:24638845,gi:24643729,1,0.717371205987277
gi:24649452,gi:24762726,1,0.3563808857947309
gi:18859693,gi:24643312,1,0.5192210246250155
gi:24642037,gi:24652295,1,0.49517397690723974
Q9XTM1,gi:24645011,1,0.5379822426388556
gi:21355361,gi:24640747,1,0.5181346611281721
gi:21356073,gi:28574371,1,0.5439673169749346
gi:20130067,gi:24584167,1,0.5983259422788347
gi:22024283,gi:28571447,1,0.3804846289513884
gi:24581061,gi:24640570,1,0.7925129347076321
gi:20129527,gi:28572154,1,0.516868620704949
gi:17137650,gi:24641085,1,0.4807479361919048
gi:24639124,gi:24667089,1,0.3631901928120766
gi:21356995,gi:24648329,1,0.6180966141306125
Q9VG82,gi:24667246,1,0.3740783347262745
Q9Y1A3,gi:21358569,1,0.38694746256153134
gi:24648461,gi:24652720,1,0.6219235855087418
gi:18859953,gi:20129291,1,0.4981850350981565
gi:24642263,gi:24645728,1,0.49943873835592645
gi:24643516,gi:24653350,1,0.6768105437205513
gi:20128797,gi:24585871,1,0.659988554114691
gi:18543325,gi:28573934,1,0.426969124639378
gi:17738243,gi:24640353,1,0.45450245973497494
gi:18860545,gi:21358099,1,0.37721217251738653
gi:18543293,gi:24659272,1,0.5105363893885918
Q9VN93,gi:24584835,1,0.5583798484575855
P22807,Q01644,1,0.6608602858159603
gi:22024114,gi:24652785,1,0.38241970360447003
gi:20129705,gi:24642703,1,0.6114503903666771
gi:24647779,gi:24653497,1,0.5096337164375978
gi:24641831,gi:24652882,1,0.6251002417550845
Q03017,Q24564,1,0.4426532205707833
gi:24642021,gi:28573125,1,0.31365916062861077
gi:24648294,gi:24655741,1,0.47247982602293587
gi:24586105,gi:24647008,1,0.5890025496489801
gi:24644093,gi:28571615,1,0.3261597814065903
gi:24645869,gi:28574472,1,0.5032590557743417
gi:19920406,gi:24648896,1,0.43928155427549787
Q9W2U9,gi:24655568,1,0.5413778320537613
gi:20129067,gi:20130085,1,0.39952496979142554
gi:24646436,gi:24762726,1,0.5290861357945764
gi:17136268,gi:24666794,1,0.17317396150425274
gi:21356645,gi:24639782,1,0.48510637614155283
gi:24639705,gi:24644819,1,0.4179136963576491
Q9W1C9,gi:19921566,1,0.5707873695231401
gi:24640430,gi:24649735,1,0.4404220969766016
gi:17647523,gi:20129705,1,0.4156682233726455
gi:21356183,gi:24666053,1,0.4524256585028308
gi:21356191,gi:24661359,1,0.4237247387159112
gi:17864630,gi:24649087,1,0.36944646914440404
P13008,gi:19920376,1,0.6386762483335687
P02518,gi:24646212,1,0.5016875114428758
gi:19920406,gi:24643634,1,0.4406714813135273
gi:18858161,gi:24664000,1,0.48923859644212286
gi:24582554,gi:24647789,1,0.5682449320251225
P35415,gi:24643516,1,0.7336936444268332
gi:24648981,gi:24652733,1,0.486797314107104
Q9W5H8,gi:21357023,1,0.5136514493930484
gi:24639883,gi:24656954,1,0.49109457414611163
gi:24638609,gi:24644242,1,0.4965585843494636
gi:17647155,gi:24642019,1,0.4366889852312881
P16371,Q01071,1,0.3744311072030381
Q24260,gi:24642547,1,0.47368276514548224
gi:24585840,gi:28573563,1,0.4925653692655568
gi:19921506,gi:24647385,1,0.532946258075976
gi:17864566,gi:18859877,1,0.49876989507691766
gi:18543285,gi:24650420,1,0.5699170148454389
gi:24651986,gi:28571125,1,0.5376937492226437
Q9VPS5,gi:28574432,1,0.5104558522455018
Q9VVX3,gi:24585236,1,0.5761690565702944
gi:17136854,gi:24663462,1,0.49037212518110473
Q9V675,gi:20129291,1,0.5496145739193263
gi:24585154,gi:24585926,1,0.41163484849562715
gi:24581719,gi:24639687,1,0.5256437219073268
gi:19920344,gi:24648615,1,0.4422415712200605
gi:17933748,gi:24762771,1,0.4716424871266471
O97394,gi:24645581,1,0.4697900140953317
P29742,P48609,1,0.48997407507284707
Q8IN94,Q9XTM1,1,0.4238544287202647
gi:21356069,gi:28571819,1,0.3606941933138746
gi:24585990,gi:24640635,1,0.501265718604436
gi:24654595,gi:28558748,1,0.5194705159334653
gi:19921332,gi:24656490,1,0.40042080083316056
gi:21355349,gi:28571965,1,0.4564221324306157
gi:24641624,gi:24643437,1,0.5041900584816632
gi:17136378,gi:20129499,1,0.40035210190124143
gi:21356061,gi:26080381,1,0.47825714964195293
gi:24580674,gi:24639782,1,0.47921050445883423
P40417,gi:24644764,1,0.537072901299603
gi:17933630,gi:24650467,1,0.4301790554572883
gi:17530857,gi:21357799,1,0.36647655757972497
gi:24583067,gi:28574726,1,0.4465821049948746
gi:21356723,gi:24644253,1,0.46908493345176755
gi:24650829,gi:28572963,1,0.38361654425031233
gi:21356031,gi:24662765,1,0.3907691032057537
gi:21357761,gi:24649697,1,0.5877462546267241
gi:18858205,gi:21357643,1,0.4592992475886627
gi:18860537,gi:24668309,1,0.5556862531737656
gi:19920584,gi:19920776,1,0.5706238824716893
gi:24585343,gi:24643437,1,0.45271887606442013
Q02361,gi:24649824,1,0.5101238855445934
Q9VC49,gi:24641689,1,0.6310310861172854
gi:24586562,gi:24643447,1,0.7318227397436011
gi:17137564,gi:22024283,1,0.5728572519349758
gi:17352479,gi:24652930,1,0.49478443979760367
gi:21357653,gi:24643516,1,0.595981849992566
gi:24584236,gi:24658342,1,0.5353784732098518
gi:24644242,gi:24645053,1,0.5329050113686941
gi:19920696,gi:24650348,1,0.5646707243844156
gi:18859851,gi:24584828,1,0.5779563728433441
gi:19922274,gi:24657344,1,0.43981874374582786
gi:21357799,gi:24659237,1,0.5279307289435377
gi:24585681,gi:28574582,1,0.405439446372007
P13095,gi:17137644,1,0.40406499106083354
gi:24580861,gi:24585448,1,0.4783121696015787
gi:24645585,gi:24648896,1,0.47703597049084234
gi:17136698,gi:19920978,1,0.4158539571746618
gi:21356019,gi:21356221,1,0.40637262546713965
gi:19920692,gi:24660555,1,0.4901358702430538
P15330,gi:24646386,1,0.505695211745141
gi:21356645,gi:24580731,1,0.513449804834472
gi:24586591,gi:24762582,1,0.47147609416360364
gi:24643168,gi:24658086,1,0.6172449203263773
gi:18860537,gi:24583294,1,0.5355209874827929
gi:24652268,gi:28573207,1,0.5061763381436939
gi:18921125,gi:24647823,1,0.4790497201550422
gi:19921030,gi:19921372,1,0.42604440180216985
gi:17864566,gi:24646404,1,0.4763600400087299
Q9W1Y7,gi:28573466,1,0.6199508441656001
P39736,gi:21355719,1,0.45329419260507886
gi:17137616,gi:20428641,1,0.6006119046301095
Q24562,gi:24644250,1,0.5229158154317634
gi:17647503,gi:24581339,1,0.5432594971274112
gi:18859947,gi:24584536,1,0.1719500824532037
gi:21355641,gi:24585205,1,0.4636775551988659
P25843,gi:20130017,1,0.461021321241485
P15364,gi:17136342,1,0.5133124375159412
gi:24642261,gi:24653645,1,0.5316723354662437
gi:20130175,gi:21357147,1,0.5514834473301172
Q9W0P5,gi:28573850,1,0.5062523814438282
gi:24656859,gi:24665297,1,0.5301289022493445
gi:17136820,gi:28573662,1,0.5373148313254715
Q03334,gi:24654441,1,0.5071246169591324
gi:24655153,gi:28574443,1,0.4029740165717793
gi:20130085,gi:24654891,1,0.4113453727707917
gi:21356739,gi:21358145,1,0.5346079851559128
gi:24639715,gi:24644214,1,0.5450087362228792
gi:24585795,gi:24655679,1,0.43283130962103594
O18640,P40301,1,0.5021525573997989
gi:17738089,gi:24642267,1,0.5483948880085854
gi:19921250,gi:24643516,1,0.34658469289412763
gi:24653999,gi:24659182,1,0.5222507001818348
Q9VFC8,gi:24583208,1,0.5655801681297324
gi:24581155,gi:24649236,1,0.40060724154970007
gi:24652436,gi:24661136,1,0.6063863508424768
gi:24642884,gi:24645951,1,0.5300404821478493
gi:17864328,gi:24581484,1,0.5425066490133198
gi:21355783,gi:21355785,1,0.6062963706708967
P41093,gi:18859771,1,0.4354936361231841
Q24207,gi:24644675,1,0.7010493120908129
gi:21356771,gi:24640785,1,0.5321278935316506
gi:20129441,gi:28572129,1,0.4043862660328956
Q9VSH3,gi:24653302,1,0.4496974917772684
gi:24641555,gi:24660416,1,0.5175714101517161
P02824,gi:24663027,1,0.4416593226552455
gi:19922814,gi:28572129,1,0.49521159855166236
gi:21357019,gi:24641689,1,0.6223705333570657
Q06559,gi:21356965,1,0.5502992040572585
gi:24638927,gi:24652825,1,0.5152873457381602
P54359,gi:24666240,1,0.5291489341317883
gi:21356733,gi:24645177,1,0.5879846970957586
gi:17737989,gi:20129591,1,0.44998045713844853
gi:24643312,gi:24658567,1,0.507671998274818
gi:21357677,gi:24641831,1,0.5762112193704482
Q24564,gi:24638862,1,0.5389469833453591
gi:24638625,gi:24660583,1,0.48675396535174903
gi:17137168,gi:24642484,1,0.45818954685846125
gi:24641209,gi:28574920,1,0.5111191119663547
gi:21687092,gi:24644337,1,0.4116730872706277
gi:18858161,gi:24580927,1,0.4861453132707873
gi:24586193,gi:24644797,1,0.44746500733476174
P18502,Q24400,1,0.5225652165144856
P07713,gi:17864460,1,0.5053197771582241
gi:20129277,gi:24667258,1,0.5472821439263149
gi:17137536,gi:20130085,1,0.4774264329733951
gi:20128797,gi:24648253,1,0.5946065732255105
gi:24642267,gi:24653614,1,0.4656258148957601
gi:24639301,gi:24665160,1,0.9282766708905791
gi:24641363,gi:28574228,1,0.496350193068738
gi:21355869,gi:24582487,1,0.453870315474993
gi:24650202,gi:24657961,1,0.4980453877379733
gi:18859803,gi:28573310,1,0.4506586545736825
gi:19921238,gi:24648828,1,0.5411783880475969
Q9VPS5,gi:18859953,1,0.5074144364624105
P25724,gi:24648294,1,0.4491941419037171
gi:19922144,gi:24663481,1,0.5253473867243008
Q06559,gi:19920692,1,0.5469307821980764
gi:24667117,gi:28571678,1,0.42678163544983183
gi:17864246,gi:21355733,1,0.44302315842724105
gi:19921312,gi:24640817,1,0.6213223158239798
O44783,Q04787,1,0.45961549199486906
P09089,P42003,1,0.6057157518366334
gi:17136506,gi:24654335,1,0.4735766612001544
gi:18543183,gi:18859947,1,0.5678946273570271
Q24570,gi:24644917,1,0.3813027884960986
gi:17136732,gi:21355361,1,0.5284125707433872
gi:24648946,gi:24666323,1,0.43272290450242695
P17886,gi:24644422,1,0.5579762318716914
gi:17136524,gi:24658459,1,0.5183886722770294
Q00748,gi:20128797,1,0.5486439390111492
Q9NJH0,gi:24585375,1,0.5513110115963668
gi:24657763,gi:24665135,1,0.9275257428775704
gi:24581467,gi:24644349,1,0.4395991519142138
P10084,Q01068,1,0.5964514515517526
P00034,gi:24646199,1,0.4066134177007389
gi:17137352,gi:28574284,1,0.37547264348116205
P52295,gi:24649236,1,0.4756304336642158
Q95RI5,gi:24639782,1,0.45633758680554026
gi:23308611,gi:24663657,1,0.500384149679326
gi:24639414,gi:24647779,1,0.5251499006868174
gi:24638845,gi:24660927,1,0.5255990857631923
gi:24646410,gi:24647137,1,0.5333939715198887
gi:19921030,gi:24585147,1,0.5173468699025493
gi:20129165,gi:24666694,1,0.5379008708079338
gi:24650202,gi:24651303,1,0.5093928249637265
P17276,gi:24639304,1,0.4941995845987412
P16371,Q961V5,1,0.5034357551664436
Q94524,gi:21355181,1,0.43250527050575943
P17971,gi:18859691,1,0.4454693338070938
gi:24662729,gi:24667238,1,0.5554210871130673
gi:24642703,gi:24645177,1,0.6142880198925448
O96860,gi:24640994,1,0.34002112487217034
gi:17137196,gi:17737549,1,0.49777240732338773
gi:24585242,gi:24644119,1,0.558635354488565
Q24564,Q9VCR6,1,0.43057764753382644
gi:24648484,gi:24667117,1,0.6118976083046761
Q24564,gi:24666905,1,0.5433450063191391
gi:24582540,gi:24656431,1,0.5509079699337428
gi:19549546,gi:24649618,1,0.6054383718881808
gi:18858007,gi:21687206,1,0.5257400081833286
gi:18859807,gi:24641673,1,0.4248281575135951
P25171,gi:17136692,1,0.40684964008465047
gi:17647581,gi:24655153,1,0.4335188330789579
gi:24641251,gi:24648294,1,0.5638147824106288
Q9W1Y7,gi:21357439,1,0.5348226571516801
gi:19922620,gi:28573466,1,0.627701944622693
P48588,gi:21355673,1,0.3484271648149452
gi:21355811,gi:24581572,1,0.6850135967862684
Q24117,gi:24581719,1,0.5335410942424028
gi:24641042,gi:24648207,1,0.32161820667372204
gi:17136720,gi:24648615,1,0.44486294073441435
gi:21356785,gi:24586167,1,0.5822450893620186
gi:18859735,gi:28573278,1,0.4657296780665408
P45594,gi:28574764,1,0.43304470771696574
gi:20130397,gi:28574707,1,0.49887017408105494
P08630,gi:19920776,1,0.5357877116280372
Q9VLU0,gi:24656431,1,0.4854279774602729
gi:24582008,gi:24665583,1,0.42384899769119433
gi:19920826,gi:24585943,1,0.5510027163941799
gi:24656938,gi:24661136,1,0.499362529216411
gi:19921030,gi:24581155,1,0.3883929228067331
gi:20128797,gi:28571506,1,0.6425993383128489
O02649,gi:24655850,1,0.5148346651860086
gi:24648294,gi:24653270,1,0.49734800637647913
gi:24663325,gi:28573195,1,0.5585812611225676
gi:24650758,gi:28572977,1,0.41467622721921826
gi:17136268,gi:24654677,1,0.4502633171646129
Q9VHI4,gi:17136732,1,0.5375514442687527
P48588,gi:24654479,1,0.7415628001524391
gi:24651303,gi:28571689,1,0.7586303122978526
P13060,Q9XYN7,1,0.5247230721668168
P07185,gi:24581842,1,0.3196594675188389
gi:24647897,gi:28574564,1,0.4734476380398528
Q24207,gi:21357861,1,0.5568238277866563
gi:18860521,gi:24582172,1,0.4791128883566332
gi:18543299,gi:19921346,1,0.5156326383993991
O46036,gi:17136258,1,0.5460536402181554
gi:17137692,gi:24646318,1,0.5348560380341971
gi:24641790,gi:24652542,1,0.3017043670257536
gi:21357871,gi:24661830,1,0.49055076317349733
gi:21358103,gi:24662626,1,0.501757891488456
gi:22026898,gi:24583061,1,0.510829228785368
gi:19922502,gi:24581998,1,0.47663692772719723
gi:24581662,gi:24645182,1,0.5687976754656134
gi:21355477,gi:21357677,1,0.5133412549091535
gi:19922144,gi:24642523,1,0.6340373658461097
gi:21355581,gi:24642301,1,0.4693899231175443
gi:24664023,gi:28573095,1,0.32935885587057234
P40320,gi:24650747,1,0.5539097529061064
gi:21357761,gi:28574767,1,0.5546277547814786
gi:18543273,gi:21355885,1,0.4495378845734172
gi:24644250,gi:24652897,1,0.5165105669776223
gi:17738243,gi:23397621,1,0.45511772795944044
gi:20128985,gi:24638845,1,0.47990856203760573
O44081,gi:18859635,1,0.3750885297390836
P11147,gi:28574555,1,0.517574229272897
Q9VU02,gi:24639448,1,0.6624002101939545
gi:24639715,gi:24655187,1,0.6182686106796185
gi:24652386,gi:28573115,1,0.49799455019500016
gi:24644093,gi:28574582,1,0.765645168816513
gi:24658040,gi:24665049,1,0.499847584289188
gi:24583208,gi:24654644,1,0.5342120369726205
gi:20128811,gi:24663462,1,0.5289395432141383
O46036,gi:28571707,1,0.48860449902614117
gi:21355513,gi:24582962,1,0.46019561193012193
gi:24581155,gi:24667258,1,0.1984416159598524
gi:17530857,gi:17647581,1,0.45385190020882454
Q9XZS4,gi:24659237,1,0.523641867013664
O77051,P25171,1,0.45480626954576897
gi:24665331,gi:28571447,1,0.47884544975859755
P48149,gi:19920376,1,0.7453032921855401
Q9V447,gi:24585974,1,0.45925657884368704
gi:24643118,gi:24648690,1,0.5582606070759794
gi:24586506,gi:24647819,1,0.49607523405968934
gi:24656926,gi:24663500,1,0.420854362518625
gi:24582962,gi:28572057,1,0.45109299565573746
Q9XYQ2,gi:24656938,1,0.41330753324629843
gi:24580927,gi:24649210,1,0.47723816273973174
gi:21357953,gi:21358481,1,0.5151800693598575
gi:17137764,gi:18859929,1,0.4248032801622111
gi:22024126,gi:24581939,1,0.4788956342798312
gi:19922144,gi:20130199,1,0.554617427267963
P40657,gi:24638978,1,0.4078747898718792
gi:17136692,gi:24661625,1,0.34310953702124014
gi:18857963,gi:24656161,1,0.46140273298695067
gi:21357669,gi:24647786,1,0.5501021299258736
gi:19921554,gi:24652344,1,0.4292730251019715
gi:21357761,gi:24665587,1,0.5284608171739102
gi:17647723,gi:24638691,1,0.5474409931503621
Q01842,gi:24661759,1,0.3755836685671006
gi:24648682,gi:24666240,1,0.5307537321347141
gi:19921230,gi:24583965,1,0.5659192764965622
gi:18858205,gi:20129227,1,0.40975822611897017
gi:19920776,gi:24580965,1,0.46332031273149427
gi:24580597,gi:24656168,1,0.40028196504739477
Q94524,gi:28572094,1,0.35102176250565875
P55828,gi:20130399,1,0.5267917060579205
gi:17136536,gi:24649911,1,0.4580254900622216
gi:24642922,gi:28573563,1,0.536286027574697
gi:17737805,gi:28571108,1,0.23574963477969202
gi:17933722,gi:24648461,1,0.5923245768565593
P00528,gi:24663831,1,0.4794908892157702
gi:17737533,gi:18858055,1,0.45338515419537984
P15330,gi:24580572,1,0.4951683688896604
gi:17137454,gi:28574150,1,0.5045412787916719
P17886,gi:24655034,1,0.5181743453675913
gi:19920358,gi:28574010,1,0.4971986007415743
gi:24580513,gi:24667600,1,0.45712408883568495
gi:18543285,gi:24648484,1,0.33512397023488916
P28159,gi:24658567,1,0.4642181131504736
gi:19922106,gi:24582006,1,0.4908046154442405
gi:17933736,gi:21355909,1,0.5106142219443999
Q9V8K2,gi:24647609,1,0.4485326465971335
gi:24647222,gi:24664355,1,0.5352624654805626
gi:17136898,gi:20128797,1,0.588631039114171
Q9VNE9,gi:24582182,1,0.5070367798962644
gi:24583965,gi:24654595,1,0.5704912954775374
gi:24582306,gi:28573483,1,0.5155119928491428
gi:17137452,gi:17986069,1,0.43306556103434835
P23023,gi:24667258,1,0.7077594310422662
gi:24651395,gi:24652218,1,0.44382350345609206
gi:24644797,gi:24652999,1,0.762540528455124
P13096,Q01068,1,0.5266664175860485
gi:24639573,gi:24642814,1,0.525172251266085
gi:17864566,gi:24655930,1,0.5614453959511415
gi:24583919,gi:24653385,1,0.4210070105956643
gi:24647430,gi:24665229,1,0.37571729121811126
gi:18543285,gi:24667760,1,0.5458233174599
gi:20129165,gi:24651629,1,0.6223034683462942
gi:17647155,gi:20130321,1,0.5143872489502173
gi:21357017,gi:21357387,1,0.5315238815916343
P04052,gi:24647779,1,0.562136318122684
gi:19921162,gi:28573799,1,0.4822434930663106
gi:24640855,gi:30923711,1,0.5317409278402254
gi:24652897,gi:24659451,1,0.5153825772493787
Q9VXK0,gi:24641831,1,0.5323200982367651
gi:24649844,gi:24658993,1,0.524055708799528
gi:24583965,gi:24656168,1,0.547026965078946
gi:24583360,gi:24663292,1,0.4139439227946834
P23696,gi:24643312,1,0.48549721823075137
gi:17137710,gi:24665932,1,0.5021919695710618
gi:17933606,gi:17986155,1,0.5656921364201023
gi:21355535,gi:21355909,1,0.4296055333146768
gi:24647779,gi:24663031,1,0.5428760773390398
gi:24641480,gi:24762471,1,0.5611636703755443
gi:17647179,gi:19922620,1,0.6117122158337424
gi:17136864,gi:17647279,1,0.6858284881541848
gi:24650747,gi:24650914,1,0.5383467758410588
gi:24648592,gi:24762701,1,0.5057492415049267
gi:21357915,gi:24653057,1,0.5460860034140265
P41073,gi:28573590,1,0.5187406525979478
gi:21356121,gi:24646365,1,0.5517869752197974
gi:24643702,gi:24658772,1,0.5123247893036925
gi:24583965,gi:24641729,1,0.4958432547019187
gi:24655252,gi:24659194,1,0.5456674850175857
P23380,gi:24580815,1,0.43759506726355774
P32100,gi:20129527,1,0.5943287281296056
Q24167,gi:24665657,1,0.5019379699740528
O16130,gi:24640527,1,0.6888275910303352
P19538,gi:19922464,1,0.4569971316721843
Q8INW0,gi:24667876,1,0.6331987757932309
Q9W2M2,gi:28571412,1,0.49863142298161306
Q9Y0I1,gi:24654245,1,0.5278075255791993
gi:24585147,gi:24640817,1,0.4811931282426106
Q9XTM1,gi:24648329,1,0.5844203021890213
gi:20130049,gi:24655850,1,0.43878161169957236
gi:20129055,gi:20129903,1,0.52078733625049
gi:17136920,gi:24662650,1,0.5203027506654079
gi:21356595,gi:24658177,1,0.576556876979215
gi:24645817,gi:24653649,1,0.4441770767472257
gi:17647979,gi:24645413,1,0.6105812871182614
P22700,gi:17864566,1,0.4247008431228325
P92208,gi:24639601,1,0.45866913142319654
gi:20130417,gi:24665141,1,0.8606349736466319
gi:24649114,gi:24654854,1,0.5757205891259872
gi:20129301,gi:24655170,1,0.6913631654917292
gi:24652720,gi:24665095,1,0.4489849780500136
gi:19920896,gi:21357387,1,0.5410628932176536
O18373,gi:24644214,1,0.49199649277015467
gi:24650248,gi:24665172,1,0.5205378809331263
gi:21355811,gi:24641919,1,0.6417847481384055
gi:24647885,gi:24655153,1,0.5087005816336638
Q9XYM0,gi:24641578,1,0.5012989937649049
O76908,gi:17864622,1,0.6934209869570354
gi:17530825,gi:21357419,1,0.42580399513030665
gi:20128863,gi:21355683,1,0.5584168516429221
gi:24646073,gi:24655741,1,0.46528094149154886
P13097,gi:19920546,1,0.4530367877788519
gi:24667063,gi:28573010,1,0.5478354019475833
P32100,gi:21358631,1,0.6117752205501565
gi:21357669,gi:24653791,1,0.4185576332117158
gi:24649427,gi:24656275,1,0.495369052610088
gi:20129061,gi:24648563,1,0.47538221434241384
gi:20130377,gi:24639782,1,0.4879536530290565
O96860,gi:24650084,1,0.5205723710618216
gi:24642517,gi:24649692,1,0.6631793477236148
gi:24642517,gi:24661140,1,0.5291125486965844
P18502,gi:24660872,1,0.5113753319438291
gi:19920696,gi:24644880,1,0.448981487336196
gi:18543183,gi:18859635,1,0.40952861959530923
Q9U3Z7,gi:21357953,1,0.4256999958268219
gi:24638718,gi:24646369,1,0.47363203959421324
gi:19922418,gi:21356481,1,0.4897431323837222
P15330,gi:23397623,1,0.4986632669695278
Q9W3R7,gi:20129427,1,0.5024877759350276
gi:20129745,gi:28573893,1,0.5297427381314025
gi:24584798,gi:24665172,1,0.40742355022335075
gi:17137296,gi:24648401,1,0.5544996658998858
P19538,gi:24656802,1,0.44471661431901066
gi:17933704,gi:24661455,1,0.5157059298227253
Q01842,gi:24663462,1,0.5146226486490856
O46036,Q9VPS5,1,0.4838234397486813
gi:24581901,gi:24639782,1,0.444872049370751
P55828,gi:24645300,1,0.6248453367957966
gi:24641555,gi:24656938,1,0.5382513897249872
P12613,gi:21355923,1,0.3770015088038846
gi:24647858,gi:24661136,1,0.4109850236846241
gi:17647645,gi:21357871,1,0.5428334193043614
gi:24639796,gi:24651703,1,0.5534862351951356
gi:24583803,gi:24650340,1,0.5392975273449143
gi:19920692,gi:24655759,1,0.5790939328585271
gi:19922708,gi:24642074,1,0.5265617864429755
gi:17864676,gi:28573717,1,0.47562184942369606
P48603,gi:17737302,1,0.5093483147971277
gi:24642172,gi:24654595,1,0.5568317748186291
gi:19921312,gi:21357781,1,0.6361151191184721
gi:24643118,gi:28573937,1,0.48935791313808824
gi:17136212,gi:24659237,1,0.6415085480506496
gi:24581944,gi:24643207,1,0.5319789875611969
gi:19920572,gi:24654441,1,0.4707437058782376
gi:19922252,gi:24645236,1,0.5678939120705143
gi:21358381,gi:28573662,1,0.4843232313244777
gi:24580806,gi:24581719,1,0.37657869959778817
P41375,gi:24656093,1,0.5515834804494404
gi:18543285,gi:28572057,1,0.5384048259830735
gi:24644950,gi:24645413,1,0.5495139674281917
gi:20130425,gi:24583312,1,0.5133352338422993
gi:17136258,gi:24641689,1,0.5629578801221059
gi:24638982,gi:28573195,1,0.5593820539610734
Q9XYN7,gi:24585358,1,0.6077710848337639
gi:24649519,gi:24652733,1,0.5336223087039746
Q9W1C9,gi:24642611,1,0.4546524901815166
P54622,gi:20128911,1,0.4750089497800932
gi:17137710,gi:24641919,1,0.5325078107516451
P43248,gi:17986155,1,0.5116367259838316
gi:19921672,gi:24642792,1,0.4389349452183622
gi:24640114,gi:24654578,1,0.44948240617322965
gi:21358077,gi:28573879,1,0.5255978573279829
O97067,gi:24666850,1,0.6516305418562989
gi:24646899,gi:28571565,1,0.4917217918812084
Q9VFC8,gi:24581719,1,0.5744140662903577
gi:24584494,gi:24650311,1,0.5906541032314608
gi:21356383,gi:24663672,1,0.28870277949884143
gi:24638625,gi:24647143,1,0.4329611076431154
gi:17137710,gi:28573954,1,0.5729381563138182
gi:17137692,gi:24646365,1,0.5257056109182591
gi:20128863,gi:24584547,1,0.5277725600251543
gi:24582306,gi:24654471,1,0.4628606412844411
gi:19920706,gi:21357861,1,0.5587169928395205
gi:17136920,gi:23397623,1,0.43400351583113755
gi:24650758,gi:24663500,1,0.5598649332341367
Q8SYG3,gi:24582283,1,0.5138491616972646
gi:19922030,gi:20130277,1,0.34764681440946876
Q9V597,gi:21357211,1,0.35348365286453465
gi:18859671,gi:24657153,1,0.4315496179242493
Q9VFP1,gi:24584673,1,0.46368533404825857
Q8INW0,gi:24640510,1,0.4884905872218899
gi:24647601,gi:28573576,1,0.4980004614441522
gi:20130425,gi:24585730,1,0.5530302479116909
gi:24582212,gi:24650358,1,0.5655781182864829
Q9W1C9,gi:24638995,1,0.39666919335629564
gi:21355851,gi:24581600,1,0.5816458506543439
P10041,gi:18543325,1,0.42065405609950945
P14734,gi:24584547,1,0.5804787176879457
P18459,gi:18543215,1,0.467745986798619
gi:24643595,gi:24659237,1,0.5070010210686606
gi:20128863,gi:24643447,1,0.627251323509638
gi:24640566,gi:24641344,1,0.5109469795589094
gi:24642662,gi:24647143,1,0.49815853741425437
gi:19922186,gi:24654325,1,0.5123430271077011
gi:24582592,gi:24651599,1,0.30428857446619273
P50245,gi:24668018,1,0.5159743080254728
Q8INW0,gi:24646212,1,0.5561890253330254
gi:19920586,gi:24654162,1,0.5530277758508922
gi:24650469,gi:28571447,1,0.4562908744828993
gi:24641689,gi:28574284,1,0.5700864781216535
gi:24645528,gi:24655606,1,0.5584137344041398
P39413,gi:21357761,1,0.5243177429840673
gi:21357471,gi:21687222,1,0.40698823538330897
gi:21358025,gi:24640119,1,0.37111900304278467
Q24133,gi:24581939,1,0.5160091132489222
gi:17137692,gi:19922904,1,0.4054026380965408
gi:17136780,gi:19922668,1,0.48612195350259996
gi:24649564,gi:24655121,1,0.5035810846537994
gi:19920746,gi:24665193,1,0.5161777075279064
gi:24649210,gi:24649895,1,0.5570119426180061
Q05856,gi:24582248,1,0.4310515306836283
Q9VQQ9,gi:24658719,1,0.5367604660438176
gi:24647786,gi:24663336,1,0.5290939690358272
gi:24643447,gi:24645553,1,0.4904558980475023
P18502,gi:24644599,1,0.5674899261836869
gi:19922260,gi:24651671,1,0.37101756931430885
gi:20128863,gi:24663462,1,0.5849625081204244
gi:17137572,gi:24662830,1,0.4598705779810281
gi:20128797,gi:20129835,1,0.7073210145708482
gi:21357951,gi:24646318,1,0.4526876115799903
gi:17137616,gi:21356595,1,0.4939794614011988
gi:24642363,gi:24657351,1,0.5902620369742712
gi:19922544,gi:24667554,1,0.5388370939661535
P00034,gi:24646827,1,0.43853983190802176
gi:19920984,gi:24645583,1,0.45785228477067574
gi:18859869,gi:21955276,1,0.5228272403592162
gi:19920620,gi:24641689,1,0.555436331890282
Q9VHS2,gi:21358467,1,0.4630688703037985
gi:24650124,gi:24654595,1,0.40914499732851195
O62622,gi:17933528,1,0.39318843483786153
gi:17137758,gi:17648053,1,0.45383577666219754
gi:24644675,gi:24661625,1,0.4692058666393083
gi:18859825,gi:21357309,1,0.5310573359124541
gi:24648095,gi:24657023,1,0.6124903390857069
gi:21355995,gi:28571878,1,0.4706715307001049
gi:19920936,gi:24582116,1,0.5270729828802666
gi:24584534,gi:24640353,1,0.366897822284619
Q9W123,gi:21355617,1,0.5798536824125783
gi:24646729,gi:24659254,1,0.46150113247737656
gi:18859635,gi:24667246,1,0.6156398444964151
P42325,gi:24650126,1,0.4273815395025227
P50887,gi:28571823,1,0.3372058478101995
gi:21357187,gi:24652652,1,0.3270472959671099
gi:24645653,gi:24648294,1,0.5138290149226262
gi:17136830,gi:24580815,1,0.4929295192833412
P82910,gi:28574851,1,0.5255091286870991
gi:17647503,gi:24650346,1,0.5037914154427304
gi:18859847,gi:24645300,1,0.4067538365060745
gi:24586614,gi:24643634,1,0.5449432383714228
P07187,gi:24641115,1,0.6993146951793566
Q02361,gi:24581719,1,0.4710666223035199
gi:21358201,gi:28574391,1,0.4959872775028481
gi:17933722,gi:28573181,1,0.5929061008016783
gi:17136536,gi:24661359,1,0.5626062685368544
gi:24643083,gi:28573278,1,0.44147129436057975
Q9VMT6,gi:24642922,1,0.46234655999297375
P52304,gi:24650933,1,0.5333251655447562
gi:24649996,gi:24667063,1,0.5268562161310276
gi:24585154,gi:24656769,1,0.3943842271367
gi:17137524,gi:24656168,1,0.4442686315475104
gi:17137220,gi:24660872,1,0.4851427680175363
gi:24644948,gi:24652686,1,0.4510921879531152
gi:24585618,gi:24661359,1,0.5572326386993769
Q24206,gi:24667117,1,0.5724939347423816
gi:24643702,gi:24644242,1,0.52795085483874
gi:19922950,gi:24649007,1,0.5841351643790541
gi:21356595,gi:28574950,1,0.5030009539467019
gi:19920688,gi:24649735,1,0.5618671621674445
gi:19920396,gi:24649473,1,0.540807812998842
gi:21355869,gi:24653618,1,0.4762215567339643
P21914,gi:24646972,1,0.38560620747972835
gi:17647757,gi:24661689,1,0.5029602988093734
Q9W1M8,gi:21358481,1,0.4827932743095942
gi:28573607,gi:28574635,1,0.5100387217553786
gi:21357505,gi:24645513,1,0.45095371958721847
Q9VHI4,gi:24648461,1,0.5218080305373114
gi:17647677,gi:28571815,1,0.5339835052661113
gi:18858205,gi:19921738,1,0.4474545438032513
P17886,gi:24643516,1,0.7312787279712697
P45437,gi:17647759,1,0.5304945356994921
gi:17137168,gi:21356221,1,0.382124382879046
gi:17647755,gi:19921566,1,0.46830461043378446
gi:19923032,gi:24645883,1,0.5569250509848394
gi:18859939,gi:24662288,1,0.4343052527161462
gi:24646593,gi:28574443,1,0.4643854247465453
P17886,gi:24649262,1,0.6647810793878415
gi:24644133,gi:24650311,1,0.5311216316220885
gi:19921834,gi:21355521,1,0.4377456648540539
gi:17137296,gi:17864566,1,0.5299177722755803
gi:18859931,gi:28574909,1,0.4539064790394
gi:19920406,gi:21357781,1,0.5090176049497548
gi:17647891,gi:24664191,1,0.4602254472234499
gi:17136286,gi:24639936,1,0.5076421224460133
gi:17137758,gi:28574009,1,0.4541723144852406
gi:24653096,gi:24660075,1,0.4730805759684301
gi:24654111,gi:28571885,1,0.5791170153171492
gi:17648085,gi:24648858,1,0.4987254173325936
P11455,gi:24582746,1,0.48855205531480644
gi:21357653,gi:24651212,1,0.5705377977521604
gi:24644051,gi:28573878,1,0.5417591766821683
gi:21358381,gi:24655606,1,0.4149526227060832
gi:17137696,gi:24640430,1,0.5559863764567969
gi:24581719,gi:24583724,1,0.4792852497606834
gi:17864162,gi:24649221,1,0.5045042175533335
gi:24644119,gi:28572057,1,0.38971654862951244
gi:20129967,gi:21355325,1,0.5296729968709896
gi:18857949,gi:24639299,1,0.26243781250887377
gi:19922030,gi:24762779,1,0.3594645527384947
gi:24642125,gi:28574582,1,0.4032426184551984
Q9V597,gi:24640119,1,0.6405805365195695
gi:24650070,gi:24651156,1,0.5496998504681349
gi:24646928,gi:28573278,1,0.5309772947530238
gi:24638644,gi:24641946,1,0.5348241678153498
gi:24581314,gi:24656820,1,0.4828481905005687
gi:20129903,gi:28573590,1,0.5267899457473719
O16797,gi:19921458,1,0.6189678795397705
P14785,gi:24762775,1,0.457504217198328
P25992,gi:24665821,1,0.47383264828411426
gi:24583134,gi:24640005,1,0.513189946415391
gi:17647383,gi:24667089,1,0.5882911582977592
gi:24580513,gi:24663292,1,0.4448889872999194
gi:20129835,gi:24656355,1,0.5673341678313336
P18289,gi:24655153,1,0.4332234070775026
gi:17864100,gi:24645148,1,0.5620521721379416
gi:17647645,gi:24585372,1,0.4751432371933747
gi:17137026,gi:24658822,1,0.572815448198581
gi:24641732,gi:24650168,1,0.4286526509573851
gi:18859891,gi:24667917,1,0.30899463292782425
gi:24639748,gi:24648905,1,0.4984126705767209
gi:17737805,gi:19920396,1,0.23575805780929548
P10987,gi:21357275,1,0.477825634148959
gi:22024283,gi:24656938,1,0.49353130773545933
gi:24665565,gi:24665583,1,0.4946621415157123
Q24547,gi:17737503,1,0.5727062381120195
Q9V727,gi:21358465,1,0.6323543575095856
Q06559,gi:24585626,1,0.5631404044597929
P07666,gi:21358297,1,0.4853687946614514
Q9VPS5,gi:19921472,1,0.4943053703132321
gi:24661601,gi:26080455,1,0.48603919739138257
gi:17137648,gi:24650259,1,0.5117420932570217
gi:24655187,gi:24662048,1,0.5581693024691458
gi:24639448,gi:24663462,1,0.42188138978963174
gi:19922516,gi:20129481,1,0.37356397876063974
gi:24641798,gi:24646729,1,0.4307293109276486
P02824,gi:28572129,1,0.49082970472610166
gi:17136624,gi:18859977,1,0.677888550827579
P13097,gi:24654828,1,0.5127109150811485
P10041,gi:24643140,1,0.5791255563864365
gi:24586270,gi:24663228,1,0.5404688562375581
gi:17137616,gi:24638591,1,0.5534261564293276
gi:20128797,gi:21358423,1,0.654886894456492
gi:19920692,gi:24642662,1,0.4936182792318797
gi:17137620,gi:21357129,1,0.5998451784839955
gi:17647503,gi:24658155,1,0.49109909562425175
P23696,gi:28573410,1,0.4909506210782841
gi:24580731,gi:24581465,1,0.5443076152637775
gi:20128841,gi:24651236,1,0.5235985952721581
P20480,gi:24581791,1,0.6115353159949429
gi:19920696,gi:24647689,1,0.5323992539544588
P41094,gi:28574851,1,0.48214349463435113
gi:21357903,gi:24648828,1,0.692713623961104
gi:17648021,gi:24585943,1,0.518981858169669
gi:24585499,gi:24649942,1,0.5442422421650988
gi:19921778,gi:24657052,1,0.53120983871124
gi:17136820,gi:17137454,1,0.4948152782906618
P48588,gi:20130045,1,0.4333744989855084
gi:18859679,gi:24640525,1,0.4704231848741955
gi:19921250,gi:24650186,1,0.4850665751243754
gi:18858039,gi:24658696,1,0.5942523148843091
gi:24642555,gi:24647498,1,0.7704120863178696
gi:24585282,gi:24655153,1,0.4715678934242523
gi:24649755,gi:24662231,1,0.5757294738328144
gi:17136968,gi:19921946,1,0.5160770485532993
gi:24580914,gi:24647058,1,0.4854276720714956
gi:20128841,gi:24665950,1,0.4205256670313149
Q9VGX3,gi:17137344,1,0.4245598046804261
P52485,gi:24650377,1,0.6061702517681482
gi:24581155,gi:28573544,1,0.4838702459372889
gi:19921294,gi:24581854,1,0.4099372518306711
gi:22024244,gi:24640672,1,0.5488335743964464
gi:24642321,gi:24661432,1,0.4878855808011176
gi:24581578,gi:28574406,1,0.5613879799666995
gi:24649007,gi:24665583,1,0.4855025421198969
gi:24645553,gi:24652930,1,0.4717217991507022
P91943,gi:21358455,1,0.5156170146291428
gi:19920436,gi:28574939,1,0.4890530852071629
gi:17738153,gi:24645339,1,0.632726721126129
gi:17137578,gi:24645058,1,0.48564671740180787
gi:24654498,gi:24655406,1,0.4832990998763139
P17205,gi:24643312,1,0.38605170416209794
gi:19920906,gi:24647343,1,0.4612135459476799
P09491,gi:24650248,1,0.6250151107870958
Q9VSS2,gi:17137572,1,0.5025159493740342
gi:21355869,gi:24666619,1,0.6321315232947962
Q06559,gi:24584056,1,0.5541919394876536
gi:24657747,gi:24666694,1,0.8296640533737396
gi:24648917,gi:26080381,1,0.5062248830991418
gi:19921244,gi:24762594,1,0.4771944574698222
gi:24581901,gi:28574529,1,0.691239079809849
gi:19922640,gi:19922906,1,0.5504975093514329
gi:24581719,gi:24585033,1,0.5053241698994925
P02518,gi:21355125,1,0.503026821826447
gi:24642484,gi:24654383,1,0.6378949746553431
P91938,gi:28572057,1,0.4997132837444345
gi:17137026,gi:24583965,1,0.5735618388119729
gi:17647645,gi:24651339,1,0.5661533353997048
gi:17137398,gi:24583518,1,0.4696366342631382
P35005,gi:24658363,1,0.6180941131857559
P15330,gi:17137444,1,0.5289791979839742
gi:20129705,gi:24584017,1,0.4162858103289985
P21461,P50882,1,0.4816340306346751
gi:17136810,gi:21355383,1,0.5337842392018928
gi:24649579,gi:24651703,1,0.5405007161851415
gi:24585795,gi:24640233,1,0.4691816599534397
O97067,gi:28573662,1,0.5505400423144281
gi:18858161,gi:24662713,1,0.4863914169880103
P16371,gi:24652762,1,0.5432998054735776
gi:19921326,gi:24656267,1,0.5294363089724224
Q9XTM1,gi:22026966,1,0.5764201030158982
gi:17136826,gi:24668650,1,0.5701311132444414
gi:18858161,gi:24646440,1,0.4927910954847512
O46036,gi:19920696,1,0.4802349179233646
gi:24641125,gi:24649025,1,0.603817195848816
P07187,gi:21356799,1,0.5655511101370593
gi:18921171,gi:24663292,1,0.5258662880312225
gi:17137732,gi:24641831,1,0.5707319327670946
gi:24649114,gi:24665469,1,0.6278394610796992
gi:24641831,gi:28571762,1,0.5015594710740614
gi:18543285,gi:21355081,1,0.4987179764906743
P48609,gi:17647293,1,0.4621619706302755
gi:18860055,gi:24642233,1,0.5728607074583243
gi:17864566,gi:24642670,1,0.5040979956604518
gi:24583894,gi:24662155,1,0.5191266908961789
Q9VPS5,gi:24642826,1,0.5109103824821419
gi:24582224,gi:24646884,1,0.571091545064614
gi:18859969,gi:24647779,1,0.5437600304163516
O46036,gi:24646758,1,0.5628498348647244
gi:24645058,gi:24649158,1,0.39644704285174565
gi:18859869,gi:24656694,1,0.5514078986935369
gi:23308611,gi:24657052,1,0.5256066606108242
gi:19920696,gi:20128847,1,0.528936218340655
P29310,gi:24641718,1,0.47953790874614416
O18404,gi:24581499,1,0.6372242772430556
gi:17136536,gi:24585813,1,0.5573087040323516
gi:19922100,gi:24582516,1,0.5174482011009772
Q24564,gi:18921145,1,0.5500232950293374
gi:24639812,gi:24645724,1,0.6071347548725183
gi:24584415,gi:24645724,1,0.6140766505335037
P08840,gi:24652101,1,0.4298920708979858
gi:17136968,gi:24586371,1,0.4990735860097341
gi:17136914,gi:24582094,1,0.5093135751426812
Q23985,gi:24580817,1,0.5081551552660049
gi:24581572,gi:24648101,1,0.8710036133943384
gi:21356031,gi:24580965,1,0.5180384289689081
gi:24642363,gi:24642697,1,0.5376430153754906
Q9W0K7,gi:21356595,1,0.5038931829881641
P19109,gi:24663043,1,0.46793969278572445
P91938,gi:24655228,1,0.5538066146529745
gi:24584167,gi:24586585,1,0.4535542437091386
gi:21357455,gi:28573666,1,0.5046184096961944
gi:17975518,gi:28574582,1,0.5795598567369274
gi:21356117,gi:24582283,1,0.53780989651827
gi:19920916,gi:24656312,1,0.5863218955303746
Q9XYP8,gi:20130313,1,0.49578845969876395
gi:24639195,gi:24641831,1,0.45667183718165216
gi:21355163,gi:24651377,1,0.5380210348489829
P07183,gi:24643156,1,0.6853821756932059
gi:24638750,gi:24640211,1,0.48990415569298346
gi:19922640,gi:24581429,1,0.6260214417803852
P18502,gi:24762491,1,0.47371781296058196
gi:24646223,gi:24668302,1,0.5342266816191942
P19538,gi:20129741,1,0.5269603160184686
gi:17737551,gi:28573604,1,0.5369042659525657
P40427,gi:24640689,1,0.3732391865005719
P08181,gi:24580815,1,0.5708664703849973
gi:22026831,gi:24646365,1,0.44669894134416593
P36241,Q24117,1,0.4971342824770634
gi:17137108,gi:24649175,1,0.4948709600667416
Q9VVA8,gi:24654769,1,0.3752546532624706
gi:21356945,gi:24641921,1,0.47636310288896744
Q24475,gi:17737759,1,0.3975754653809662
Q9NGC3,gi:21955276,1,0.5176596103960165
gi:20129565,gi:24645184,1,0.506582687479058
gi:20128797,gi:24646972,1,0.6191930875107458
gi:19921312,gi:24583919,1,0.5555723066138172
P13097,gi:18543289,1,0.5587476231814841
gi:24655703,gi:28573729,1,0.42470222899787535
P25843,gi:21358131,1,0.6421671352439802
gi:20128841,gi:28573278,1,0.4310219447370831
gi:22024283,gi:24643303,1,0.5762105060093212
gi:21357227,gi:24663127,1,0.47953644432714143
gi:24644797,gi:24663344,1,0.584587729061394
O61348,gi:19920776,1,0.5164074414289366
gi:24580523,gi:24585681,1,0.42888866268814974
gi:24663657,gi:24668206,1,0.44939777368388123
gi:24642484,gi:24668006,1,0.5179614619108666
Q23985,gi:28574695,1,0.5665078083670683
gi:21357711,gi:24657747,1,0.5428640502665064
Q9W2N0,gi:24644242,1,0.6028554621167275
gi:24585158,gi:24649007,1,0.7488418466784753
gi:21356365,gi:24585071,1,0.5613236774938982
gi:24646073,gi:28573563,1,0.45079706793361096
gi:24645419,gi:24665657,1,0.6696379021376092
gi:19921294,gi:28573495,1,0.42122353474792606
gi:24641209,gi:24641919,1,0.40628310804549517
P48555,gi:28574997,1,0.5459590552716121
Q9VTE5,gi:24645921,1,0.5558543891270099
O77051,Q06559,1,0.6281960449802743
gi:21358247,gi:24640785,1,0.45952606681520264
gi:24642814,gi:24651185,1,0.6543396476153589
P41092,gi:19921710,1,0.459416714314837
gi:17136994,gi:28571569,1,0.49593630354496526
gi:19921002,gi:19921312,1,0.6886133524765432
gi:24650346,gi:28571891,1,0.5447857696766755
Q9VGX3,gi:24642517,1,0.4938442635852403
gi:24644250,gi:24654383,1,0.6034225372362749
gi:18859703,gi:24658229,1,0.4553613512607685
gi:20129291,gi:24646073,1,0.4166819686334366
gi:20428641,gi:24647905,1,0.38257699866809175
gi:20129385,gi:24665205,1,0.6483496327253285
O61443,gi:24645148,1,0.49108460163191836
gi:24643761,gi:24658567,1,0.535426214338471
P11147,gi:24658772,1,0.47223098628360255
gi:24641045,gi:28558744,1,0.5422331158189523
gi:17864622,gi:24659237,1,0.6002799263816712
gi:24649158,gi:24652557,1,0.39170519165268547
gi:24582499,gi:24666972,1,0.579067655724932
gi:19920940,gi:24580729,1,0.4956428223825837
gi:21356265,gi:28571831,1,0.5082702758959047
gi:24584067,gi:24642233,1,0.5446156883093091
gi:24646908,gi:24653270,1,0.5116811813932455
gi:18859953,gi:24654782,1,0.5471878771414435
gi:19923016,gi:24661359,1,0.3920501066511906
gi:24583279,gi:24584782,1,0.46387791945893786
gi:21357311,gi:24654530,1,0.5245315880798235
gi:17137156,gi:17137558,1,0.5543113475932214
Q960E8,gi:21356995,1,0.5359902738108817
P17917,gi:24642916,1,0.46891857168171663
gi:21356965,gi:24655293,1,0.4738198742750827
gi:17647653,gi:24647060,1,0.7256369186531861
gi:17647179,gi:24659451,1,0.3483746650963352
gi:24655474,gi:28574992,1,0.47583947944093585
gi:17137568,gi:24581314,1,0.41562425671150227
gi:17865634,gi:24638845,1,0.5609749689488429
gi:21357653,gi:24650873,1,0.531992368202565
gi:24661359,gi:28573975,1,0.5199608915402466
gi:19922172,gi:21356743,1,0.5579674658590826
gi:24640785,gi:24662143,1,0.4182970737573064
gi:20130169,gi:21355349,1,0.4801593621328057
gi:22024141,gi:24640510,1,0.5336253200469734
gi:24646273,gi:24656161,1,0.46004700549572947
gi:21358101,gi:28571787,1,0.44944532170447277
gi:24647137,gi:24649795,1,0.623716398510062
P06002,gi:24639573,1,0.4057380804037337
gi:17737425,gi:24638609,1,0.46268906249734887
P35220,gi:21355911,1,0.4566219702475278
gi:18543285,gi:24641014,1,0.5980662169907804
gi:17647939,gi:24651238,1,0.49258836753267055
P46824,gi:21356727,1,0.5151431041889571
gi:24647638,gi:24660826,1,0.5031592459801287
gi:17530833,gi:24584039,1,0.5268664715760165
gi:17137620,gi:24649087,1,0.5345233259469008
O77051,gi:20129397,1,0.5313899710799637
gi:21355163,gi:22026831,1,0.5932768085560265
gi:19922144,gi:24666619,1,0.4537536292055887
gi:21357023,gi:28571865,1,0.48846491751801463
gi:17136884,gi:21355471,1,0.5471695090306042
gi:21356391,gi:24583557,1,0.5118999814911055
gi:21356713,gi:24661336,1,0.4468980379483336
O44437,P13060,1,0.5209428939755162
gi:24641831,gi:24651281,1,0.5004093907489979
gi:24648150,gi:24668309,1,0.6078551678219631
gi:17986113,gi:24655577,1,0.462271150527652
O44424,gi:24658927,1,0.5015593070926196
gi:17530833,gi:24581429,1,0.5796154229959248
O77259,gi:21357023,1,0.4357496877028793
gi:21355717,gi:24645855,1,0.544205989880692
P02828,gi:24645581,1,0.4522947211397352
gi:24645887,gi:24654144,1,0.5375174910746746
P11147,gi:20129579,1,0.5395283878021788
P19538,gi:18858189,1,0.40554053261750583
gi:24664199,gi:24665221,1,0.37307347411367203
gi:17530957,gi:28574529,1,0.5025410159324005
gi:17136488,gi:17864398,1,0.5492250110625092
gi:24660188,gi:28572977,1,0.4643789864318099
P13238,gi:21357761,1,0.32215089078255876
P29310,gi:24641085,1,0.4616712835442197
Q24133,gi:28573795,1,0.5608213226684673
P13060,gi:18858137,1,0.5782085730533766
Q24320,gi:17737551,1,0.36218641242568933
P45890,gi:24642794,1,0.5576791335614435
gi:19920380,gi:24583965,1,0.5715827960261044
gi:20129901,gi:24641831,1,0.5144376514227348
gi:24585242,gi:24639988,1,0.5592816603192624
gi:28573347,gi:28574764,1,0.35812078871986575
gi:24582264,gi:24644719,1,0.4752393727523246
gi:21356361,gi:22024283,1,0.5112963407674027
gi:24641790,gi:24668631,1,0.5216427075543253
gi:21358599,gi:24666434,1,0.6476006139934659
gi:24583345,gi:24661359,1,0.4524506680234035
gi:24585156,gi:24639964,1,0.43396158688591413
gi:20129603,gi:28571831,1,0.4547950269735781
gi:17137658,gi:28574893,1,0.49490496060520767
gi:24653422,gi:28573830,1,0.5393528939616898
gi:19921312,gi:24653894,1,0.47467673775205593
gi:21356859,gi:24646369,1,0.5109121094939412
P35005,gi:24651920,1,0.35626601674515734
gi:20128847,gi:24657747,1,0.6145939531650326
gi:17352479,gi:21358129,1,0.554152848192056
gi:17137298,gi:24582283,1,0.5312905027698425
Q9VTJ4,gi:24664979,1,0.4851849600912512
gi:17136556,gi:24646369,1,0.5039020702122492
gi:24642884,gi:28573173,1,0.5269044220047739
gi:21355205,gi:21356549,1,0.42610554447641574
gi:17137636,gi:24658681,1,0.4201954054152076
gi:19922440,gi:24585158,1,0.44098408676107126
gi:21358603,gi:24643437,1,0.4816850916929889
gi:17136732,gi:28573491,1,0.5171796469360156
gi:17648053,gi:24581879,1,0.42286115669936725
gi:21687206,gi:24641860,1,0.6631357808965963
gi:17137616,gi:24582088,1,0.5357882353198364
gi:21356363,gi:24641148,1,0.44808829564327085
gi:24582383,gi:24647609,1,0.451642181759679
gi:21356727,gi:23308611,1,0.35870391887126807
gi:21356337,gi:21358323,1,0.5072355918767976
Q24186,gi:28574939,1,0.6426204204434759
gi:17137454,gi:28573125,1,0.49345425475655386
gi:21355099,gi:21357417,1,0.5045756577887923
gi:24581686,gi:28571863,1,0.41525447104814134
gi:21355395,gi:24662973,1,0.38026927651663806
gi:24654595,gi:28574443,1,0.5820475988688291
gi:21356995,gi:24640704,1,0.5439454024996391
P92208,gi:24652907,1,0.5482041458236208
gi:19922874,gi:24581939,1,0.45170831076466256
gi:24584736,gi:24662048,1,0.44647890761335557
gi:21955276,gi:24666524,1,0.3196176060547206
gi:24644498,gi:24652652,1,0.28404857940969547
Q24407,gi:24647233,1,0.5946369961217912
gi:24585240,gi:24648294,1,0.5470492878049495
Q9VSS7,gi:18543289,1,0.5057140734747951
gi:21357817,gi:28573486,1,0.45814708019840455
gi:20129853,gi:24584009,1,0.21094026417302938
gi:24580804,gi:24650747,1,0.5045417693534884
P32100,gi:19920876,1,0.5917272015152704
gi:19922992,gi:21357903,1,0.627062974384713
Q02361,gi:19922196,1,0.494272163997914
Q8T053,gi:20129291,1,0.5396344905868384
Q8IGR0,gi:24641790,1,0.5526704751053124
P19538,gi:24582522,1,0.5085835666172533
P08570,Q94514,1,0.5971996476667351
gi:19920696,gi:21357621,1,0.5028971007317855
gi:24582962,gi:24646510,1,0.47400826792015904
gi:24645175,gi:24668321,1,0.4493417250520535
gi:17981755,gi:24665229,1,0.4666757633681285
gi:24582339,gi:24646611,1,0.5026561615032098
gi:20129907,gi:24640785,1,0.47875879661096366
gi:17137296,gi:18921125,1,0.544687773057909
P55828,gi:24654934,1,0.38824964302962045
gi:17137760,gi:21356741,1,0.553160020068391
gi:17136732,gi:17864630,1,0.5112667415166813
gi:24583873,gi:24655577,1,0.5348625394388887
gi:20129745,gi:24650284,1,0.5237053604182467
gi:24638954,gi:30923711,1,0.4210730198172139
P20354,gi:24640435,1,0.5701758246602857
gi:19921504,gi:24582306,1,0.570892607036629
P82910,gi:24665583,1,0.5377642161741185
gi:24651247,gi:24659237,1,0.5895733270058479
gi:24643130,gi:24651173,1,0.47128851235005165
gi:24648294,gi:24657689,1,0.40514236379414525
gi:24583332,gi:24586562,1,0.4831274649744228
gi:17136294,gi:24643151,1,0.5104254961917759
gi:24655053,gi:24662650,1,0.49571282460413063
gi:20130175,gi:24650263,1,0.550035499931613
gi:24652071,gi:24660416,1,0.4579418052669198
gi:20128797,gi:21955276,1,0.6829155108279366
gi:24645058,gi:28574539,1,0.49081483905073886
Q9VG82,gi:24661685,1,0.47740366815943197
gi:20129381,gi:24653096,1,0.45167810816426085
gi:21357311,gi:24762669,1,0.5680701143966564
gi:24642476,gi:24645425,1,0.5397210927995958
gi:20428641,gi:24639687,1,0.4871746792154752
gi:17864572,gi:24661826,1,0.4392617436449251
gi:20129745,gi:24642852,1,0.5134473066344393
gi:24650084,gi:24762755,1,0.5592244794921815
Q961V5,gi:21357875,1,0.500587992223576
gi:17137224,gi:21358161,1,0.4812277415580815
gi:19920706,gi:21355077,1,0.42358978342683934
gi:24646581,gi:24667089,1,0.5224084909402207
P48148,gi:28571791,1,0.5076870474820453
gi:20128797,gi:24652434,1,0.6371648445718515
gi:21356927,gi:24666323,1,0.4544419340108418
gi:21355125,gi:21357363,1,0.296957250079718
P22058,gi:24648461,1,0.44517652907388106
P29310,gi:28573563,1,0.5521734157220965
gi:17737302,gi:19921306,1,0.5453510584963166
gi:20129835,gi:21357211,1,0.5899266974271482
gi:17933748,gi:21356873,1,0.5408516159520366
gi:21358351,gi:24586535,1,0.3716344550554405
P13098,P16371,1,0.43135384132162696
gi:17647939,gi:21357743,1,0.4247053360752169
gi:19921812,gi:20129291,1,0.5897951420378997
gi:21356595,gi:24660746,1,0.542807675077055
P48148,gi:20129101,1,0.4780875704907664
Q9VCR6,gi:24653385,1,0.3394711099632116
P07187,Q9XTL9,1,0.4697495024308918
gi:24653385,gi:24655741,1,0.4362745607490603
gi:24639603,gi:28573440,1,0.4752869535440441
gi:19921778,gi:24653350,1,0.561225871884635
P18824,Q24178,1,0.5862873524524388
P36241,Q9VQQ9,1,0.4855170476817526
gi:24644242,gi:24656270,1,0.5160180297517396
gi:24638774,gi:28574707,1,0.4464411674465132
Q9V564,gi:24645942,1,0.5459226404230075
P48461,gi:19920572,1,0.5311856929005635
P07207,gi:24580900,1,0.5975052109171157
Q9NJH0,gi:28571396,1,0.42727786212574714
gi:24640510,gi:24643702,1,0.44543467141135
P45890,gi:24654550,1,0.6190227268575174
P23023,gi:24582339,1,0.7352677631117502
gi:18859825,gi:21356587,1,0.47837348437338445
gi:24648682,gi:28574707,1,0.4877762086028622
gi:24640855,gi:28574115,1,0.4726649057119452
gi:21357275,gi:24663657,1,0.4837917426605191
gi:20129579,gi:24646430,1,0.5731239546816139
P10987,gi:24655228,1,0.5297462874114162
Q9XTM1,gi:24658110,1,0.6540570995892134
Q9VNH6,gi:20129131,1,0.4059965224705367
gi:21355851,gi:24660308,1,0.4808161661046934
gi:19921002,gi:24668026,1,0.4558993742689064
gi:17647335,gi:18859825,1,0.47632128348656916
gi:19920570,gi:21357653,1,0.41843539929042073
Q94899,gi:24641790,1,0.41601931343583315
gi:24643729,gi:24657782,1,0.5814836445361931
Q9VZS3,gi:20129527,1,0.46131460110438416
Q9W5R8,gi:21357951,1,0.5629425985187284
Q9W5R8,gi:21356743,1,0.49302235652770143
gi:24580996,gi:28573729,1,0.4906521100693304
O18373,gi:17864100,1,0.46946281159510356
O96860,gi:24639632,1,0.5359383084285598
gi:24581983,gi:24642814,1,0.47747192378372055
P20227,P49847,1,0.496290945563926
gi:17137692,gi:24662288,1,0.5868302592539247
gi:24585795,gi:28573310,1,0.4793634272398212
Q9V558,gi:28574949,1,0.4571666216636876
Q9VQQ9,Q9VXX8,1,0.5317725413830314
P10987,gi:28574049,1,0.5837387957782385
gi:20129257,gi:24640973,1,0.35103349667711686
gi:24586252,gi:24654636,1,0.5519809680253484
gi:19922554,gi:24654934,1,0.4950559087250045
gi:24640482,gi:24649078,1,0.4624245223344267
gi:21357211,gi:24649904,1,0.4599631259613436
gi:18859807,gi:24582283,1,0.577827650911313
Q9VJE4,gi:17864162,1,0.5284316442258589
gi:18543289,gi:24649158,1,0.5079968957359341
gi:19921778,gi:24642517,1,0.5140225686951764
P54185,gi:24641831,1,0.5964809640566671
P00034,gi:24665661,1,0.5592056166379061
P08570,gi:24639333,1,0.6879460537974265
gi:24652682,gi:26080381,1,0.4293489497396881
gi:21357009,gi:22024201,1,0.6707716483994709
gi:17137168,gi:24643817,1,0.49705627923136764
gi:24647609,gi:28573310,1,0.4515265006957456
gi:21356265,gi:23308611,1,0.478734404183862
gi:21356383,gi:24638750,1,0.27734445529310703
gi:24663556,gi:28574249,1,0.2696988071370125
gi:21355869,gi:24580804,1,0.5364805331431113
gi:21358471,gi:28573466,1,0.5904826488087865
gi:24585516,gi:24665160,1,0.5074786577271402
Q06559,gi:24642363,1,0.571018880694331
gi:24582628,gi:24641555,1,0.64465661689272
gi:24644675,gi:24665154,1,0.9401567390818836
P35220,gi:28571205,1,0.46691572609697096
gi:24652897,gi:28573597,1,0.5219315611558526
gi:24585405,gi:28572059,1,0.4632167391757319
gi:24582306,gi:28574284,1,0.49733791735877425
gi:17986113,gi:24644093,1,0.36481402229076426
gi:21355377,gi:24663504,1,0.5641163990943364
Q27268,gi:24655153,1,0.5645933716319523
P18502,gi:19922030,1,0.534209561688033
gi:20130049,gi:24650202,1,0.39810784848643876
gi:24582746,gi:28574635,1,0.476129643239071
gi:24582096,gi:24650025,1,0.5396890670742691
gi:24665297,gi:24665469,1,0.4527388274289735
gi:17136968,gi:19920808,1,0.5204406241275438
gi:24581719,gi:24643578,1,0.5394665840563528
Q9V557,gi:17136762,1,0.5100698503307635
gi:24642547,gi:30923711,1,0.46075196564706083
gi:17137616,gi:24652897,1,0.598834732008043
P02517,Q9VC27,1,0.44921151470030846
gi:18859693,gi:24642517,1,0.4875738097822043
P49905,gi:17647867,1,0.4109346792241999
gi:24646940,gi:24663027,1,0.3875397769975069
gi:24654832,gi:28571815,1,0.4043584224828179
gi:17136748,gi:28573207,1,0.5389698447587025
gi:21357023,gi:24583067,1,0.45607811879582044
P46824,gi:24643134,1,0.5169552184394253
gi:24644093,gi:28574744,1,0.470167816570902
gi:18859749,gi:24657216,1,0.53553345012271
gi:24644592,gi:28574432,1,0.5159560168184051
gi:24582516,gi:24650208,1,0.518103055379061
Q94514,gi:24639740,1,0.502016911756923
P02844,gi:24584835,1,0.5427872940524274
gi:19920706,gi:24640289,1,0.5140004605050862
gi:24638845,gi:24646737,1,0.515691492890469
gi:21358323,gi:24647638,1,0.5451065592976242
P18502,gi:24655003,1,0.4688754574208853
gi:21357113,gi:24642852,1,0.48524254479230317
gi:19920464,gi:24652733,1,0.34137712518075425
gi:21357817,gi:24661811,1,0.48590827852980406
gi:24644870,gi:26080381,1,0.5802955658405812
gi:19921660,gi:28573264,1,0.5743678079037619
P29310,Q9XTM1,1,0.5106882823254849
gi:20129903,gi:24650420,1,0.41547858581355723
gi:20129893,gi:24639715,1,0.5651334601815327
gi:20130175,gi:24583264,1,0.5356840074052776
gi:24649183,gi:24652344,1,0.47585194594671937
gi:19922798,gi:21358247,1,0.6400957635445021
gi:22023983,gi:24584913,1,0.4374034930140799
O18373,Q9VGI8,1,0.4964243718565254
gi:24659254,gi:28571504,1,0.5582647362806668
P10090,gi:24666886,1,0.5060926668812098
Q9VRL3,gi:28573544,1,0.44217949025186204
gi:24644797,gi:28571445,1,0.5734482071798679
gi:20128911,gi:21357019,1,0.49674654653202976
gi:18859939,gi:24583803,1,0.5361452140425169
gi:19921586,gi:24582182,1,0.4629283417778003
P82910,gi:21355869,1,0.4315837302511853
gi:24644642,gi:24656355,1,0.5281157398666535
gi:21357481,gi:24642950,1,0.5365672543596374
gi:24586242,gi:24650294,1,0.493552338090503
P08570,gi:24666567,1,0.5145703528194441
gi:24650311,gi:24660815,1,0.6143478099693277
gi:20130261,gi:21356235,1,0.3960565031467314
gi:21358507,gi:24655153,1,0.5081427567825721
gi:19920926,gi:24667063,1,0.5202500443566395
gi:21355873,gi:24645425,1,0.41928328802683273
gi:17136826,gi:18859855,1,0.5148202460038237
gi:21356285,gi:24655644,1,0.5821585776601028
gi:24643312,gi:24663283,1,0.48158110350887195
P82910,gi:24645883,1,0.5118962784583758
gi:17647503,gi:20129731,1,0.5183458679812992
Q8IN81,gi:23397621,1,0.5545096775595876
Q9V422,gi:24638894,1,0.5621310597454084
gi:24584828,gi:24651179,1,0.6553044069759325
gi:23397524,gi:24647885,1,0.4686641762263582
P29310,gi:28574875,1,0.2977303310167366
Q27368,gi:17136994,1,0.46000534938010507
P17276,gi:21355775,1,0.5137909270137021
gi:21356595,gi:24662431,1,0.5062738263301798
gi:21355865,gi:28573278,1,0.4172624232194566
gi:20130017,gi:24648281,1,0.46247990961823965
gi:18858209,gi:24656959,1,0.5085927834174603
Q9W088,gi:28574582,1,0.4955257882978022
Q06559,gi:24648484,1,0.5610200734062935
gi:21356337,gi:24663292,1,0.4996175620678829
gi:24583256,gi:24649007,1,0.44161076100853175
gi:24581484,gi:24639782,1,0.4760967193716722
P17276,gi:24658069,1,0.5015603594836706
gi:24581976,gi:24663336,1,0.6116213474788087
gi:24654872,gi:24668623,1,0.3621516647342565
gi:24583965,gi:24659953,1,0.6170309495562953
gi:17864162,gi:24648484,1,0.5435469865812966
gi:17933748,gi:19920932,1,0.49691602625686054
gi:24582339,gi:28574875,1,0.6801003749262748
Q9VPS5,gi:24648319,1,0.4820343208683832
gi:24641732,gi:28573563,1,0.5662665513191161
P21461,gi:24645182,1,0.428644703219199
P50887,gi:28571831,1,0.40781709429476043
gi:24649976,gi:24661428,1,0.4094922771890308
Q9VPS5,gi:24639740,1,0.5010716358140396
Q27268,gi:24648668,1,0.47334676540356413
gi:19922196,gi:24644250,1,0.4240532943689131
gi:24647100,gi:24648828,1,0.5211905413923307
gi:24639711,gi:24660416,1,0.5563715812029315
gi:17864244,gi:24645053,1,0.3653254351689854
Q9VCZ8,gi:28571789,1,0.4548328224965656
gi:18543225,gi:18859903,1,0.504269664768871
gi:24641689,gi:24647897,1,0.4730414761124156
gi:17933624,gi:28571147,1,0.4315806925526582
gi:17738103,gi:21356595,1,0.5343262530991082
gi:24643634,gi:24654383,1,0.6948840432864452
P15330,P23023,1,0.5527993857668771
gi:19922328,gi:24643879,1,0.4665948245608431
gi:21357547,gi:24583222,1,0.49965508485498794
gi:19922166,gi:24648484,1,0.43670527901504436
P02517,gi:24582383,1,0.5643723939468192
gi:24642876,gi:24655187,1,0.5341353352666515
Q24570,gi:24656486,1,0.6112808860919402
gi:24650984,gi:24653484,1,0.4641083209291733
gi:17136286,gi:22024004,1,0.5205558271114387
gi:24584372,gi:24642267,1,0.4076335622145868
P48554,gi:30923711,1,0.4928351057569747
gi:24645650,gi:24648858,1,0.5801286308237937
Q24141,gi:24665950,1,0.609579202427973
gi:23308611,gi:28571176,1,0.4392793676294222
P47938,gi:24584030,1,0.4972558762957383
Q9VYH3,gi:24645778,1,0.507193534153115
gi:24584043,gi:24762471,1,0.5632946592691004
gi:24642134,gi:24657747,1,0.6109136738479579
Q24400,gi:24660872,1,0.4598844871614489
gi:17352479,gi:24642303,1,0.5293761139077172
gi:21358161,gi:24582962,1,0.510650975088142
gi:19920906,gi:24665661,1,0.49020262515120566
gi:24660555,gi:24762367,1,0.544116472539565
P18502,gi:23308611,1,0.5559182531768291
P16371,gi:21356117,1,0.5168997377402983
P07183,gi:24649859,1,0.5433358343273206
gi:24652373,gi:24663726,1,0.5137741492380974
P25867,gi:20129061,1,0.41710406219743257
Q09024,gi:20128797,1,0.6755641928696114
Q05856,gi:24643110,1,0.5962476903141123
O46106,gi:24651303,1,0.45433247747551164
gi:19920622,gi:28571823,1,0.49449676722113584
Q24475,gi:24647885,1,0.5576954087772633
gi:21357711,gi:24584043,1,0.5174866422176789
gi:18859859,gi:18859961,1,0.43598605809036667
gi:24655121,gi:24663556,1,0.9675797665137067
gi:24650088,gi:24656431,1,0.47291436968441675
P02307,gi:19920682,1,0.6314242990602867
gi:21355815,gi:22026816,1,0.5224519978367318
gi:24639496,gi:24668309,1,0.5426283941922195
gi:24652438,gi:24663118,1,0.5088687918670868
P18502,gi:21357871,1,0.5135488823124014
P02307,P54358,1,0.6083026648938874
gi:19922640,gi:24662729,1,0.40268475592239367
Q01642,gi:24643715,1,0.3083897608146459
gi:24641727,gi:24649080,1,0.5250492532536947
gi:24581901,gi:24668563,1,0.7077241676535543
P21663,gi:24644968,1,0.4004574687536699
gi:24667829,gi:28574864,1,0.5372054892658457
gi:17137488,gi:24649183,1,0.5264912933972239
P54622,gi:21357215,1,0.5463288305624574
gi:24580809,gi:24580817,1,0.4665460263169549
gi:24656694,gi:28574638,1,0.6943118624399568
gi:17933720,gi:21355923,1,0.46523350752745035
Q9XYN7,gi:19920568,1,0.3918992008221939
O77430,gi:24641340,1,0.553591736701942
gi:18860519,gi:24642543,1,0.4771856000761116
gi:24583965,gi:24645887,1,0.531853183178891
gi:20129381,gi:24640747,1,0.5215050688115938
Q24423,gi:20128797,1,0.682125124557148
O77260,gi:18858225,1,0.5377846301570459
P02835,gi:20130151,1,0.5165437603176345
gi:24650311,gi:24657389,1,0.5756284687883527
gi:24640501,gi:24650714,1,0.48830459888664834
gi:19921830,gi:21355083,1,0.44495191459075223
gi:17137224,gi:19922516,1,0.5417190799615147
gi:24639187,gi:24644592,1,0.5236681883148311
gi:24586234,gi:24762582,1,0.5405723697919083
gi:20128901,gi:24649183,1,0.4626573021881141
gi:24648433,gi:24649820,1,0.42960583047825773
gi:24650435,gi:24653521,1,0.506682833448807
gi:24583067,gi:24639885,1,0.7177261417892765
gi:21357677,gi:21357915,1,0.5947672330467526
gi:24663548,gi:28574125,1,0.6844422665202605
P54350,gi:24584167,1,0.5701311574241515
gi:24640625,gi:24661811,1,0.5329301858693356
gi:19920576,gi:24666790,1,0.6332506284452931
gi:21356797,gi:28571678,1,0.5257132328092107
gi:21356121,gi:24665539,1,0.4184811268248605
gi:19920576,gi:21687194,1,0.6101367715198629
gi:17137146,gi:21686961,1,0.40642419022232956
gi:24581574,gi:24585795,1,0.43889930905378494
P41094,gi:24654595,1,0.4393462236708064
gi:21356337,gi:24640435,1,0.5191967418215099
P40320,gi:20130025,1,0.5695641166445032
gi:24585033,gi:28572997,1,0.484599806016855
gi:17136506,gi:21357975,1,0.4666564887350373
gi:24643715,gi:24658927,1,0.48765775109489035
gi:21358379,gi:28573512,1,0.6138984239716165
gi:24662189,gi:24667093,1,0.4925370411077292
gi:21358097,gi:24651688,1,0.5243811592358597
Q9V3G3,gi:21355081,1,0.4170381351853852
O44783,gi:20129385,1,0.5891263168633626
gi:24582006,gi:24657427,1,0.34249703041773005
P55841,gi:24585353,1,0.6325581444342493
P19109,gi:24655341,1,0.522252680923983
gi:17137398,gi:24644634,1,0.6095152473088147
P17276,gi:24762669,1,0.48260764999562183
gi:17647757,gi:24582746,1,0.6359295391132325
gi:24644238,gi:24648289,1,0.46209340779295344
gi:24581572,gi:30923613,1,0.1869785848680263
gi:17647723,gi:24585635,1,0.5794452064449722
gi:24640713,gi:24650084,1,0.5086688969485034
gi:24657684,gi:28574529,1,0.6394142668226094
gi:19923024,gi:24640798,1,0.4184056540464328
gi:19921802,gi:24762775,1,0.5478876188688879
gi:24655741,gi:28574284,1,0.45597420804991684
gi:19920688,gi:24650658,1,0.4519994358312098
O96860,gi:17647383,1,0.6431189917275172
gi:17647853,gi:24583431,1,0.4657072870178404
gi:20129643,gi:24660923,1,0.4931573588456469
gi:24653385,gi:24653584,1,0.5745069541130812
gi:24641831,gi:24655930,1,0.30337851246829556
P91929,Q9W3R7,1,0.5254271983482682
gi:21358247,gi:24762828,1,0.46740451680168393
P17886,gi:21356041,1,0.6939172475936846
gi:24582323,gi:24642543,1,0.540202492322077
gi:19922138,gi:24645515,1,0.6057233535237189
gi:24645509,gi:24652897,1,0.5710090554218106
gi:24581719,gi:28571108,1,0.46211488479595836
gi:24652101,gi:28574875,1,0.6057192045710456
gi:20128901,gi:24654540,1,0.549999747473015
gi:24657684,gi:24762726,1,0.5639649834295642
P02824,gi:24665583,1,0.5411866327968176
P13008,gi:24762726,1,0.34640791035606316
P37157,gi:17933592,1,0.51888083352213
Q8T0S6,Q9W5R5,1,0.4901229654861593
Q8INW0,gi:24663523,1,0.4997279495811258
gi:17136820,gi:21357817,1,0.5650724969545937
Q9VCE6,gi:24665657,1,0.3911664488872502
P55841,gi:24641790,1,0.48784132448941003
P07909,gi:17137234,1,0.4318605942169629
gi:17933606,gi:24643497,1,0.5416527744301205
gi:21357477,gi:21357537,1,0.2653322895583056
gi:21356995,gi:28573549,1,0.4860906646379241
gi:17137416,gi:24654899,1,0.33942286622187035
gi:21357683,gi:24584167,1,0.5498788643324812
P29310,gi:24655121,1,0.4530968748489441
P16163,gi:24639187,1,0.5586886155482153
P23757,gi:17137634,1,0.46893021606956564
gi:17137168,gi:24583848,1,0.4943241214563799
O46309,gi:24648688,1,0.5406977273570198
gi:18858125,gi:19921646,1,0.5000131823995869
P06002,gi:24658370,1,0.4391260270748652
gi:17137700,gi:24657747,1,0.5903697626185306
gi:24582746,gi:24654550,1,0.5275909345607566
Q03017,gi:21357483,1,0.44146565575487234
P13395,gi:24653139,1,0.48343516791191843
gi:24582744,gi:24650124,1,0.42554770712931445
gi:17137560,gi:24664199,1,0.508121769202037
gi:17737425,gi:24647137,1,0.6617384460812049
gi:24583332,gi:24658567,1,0.44567653245667377
Q9W2N0,gi:24649047,1,0.5599803208159391
gi:17136258,gi:21356337,1,0.5121143403428978
gi:24582846,gi:24650420,1,0.5024277944161868
gi:24649454,gi:28574851,1,0.45765227389162244
gi:17137168,gi:21356743,1,0.534333093535364
gi:20129739,gi:24582909,1,0.5254152379260034
gi:21358561,gi:24649183,1,0.6005887367140822
Q27297,gi:28573115,1,0.45185859976292286
Q9U3Z7,gi:17137586,1,0.42884632359244607
gi:24653245,gi:24667974,1,0.5271759219330334
P48592,gi:19921554,1,0.569855800398703
gi:24647369,gi:24649236,1,0.4575019787492458
gi:24655480,gi:24655568,1,0.5420244254821768
gi:24652512,gi:24663246,1,0.49808989189305525
gi:18543299,gi:24646908,1,0.48985219187247103
gi:17647723,gi:24650346,1,0.5525589736442197
P31009,gi:24650814,1,0.4982950528062834
gi:24580900,gi:24640672,1,0.40456635498095533
gi:24659362,gi:28571762,1,0.6130543216492855
gi:17647815,gi:24640005,1,0.5382999780801845
gi:24639027,gi:24652842,1,0.45219672481631706
gi:24640246,gi:24653856,1,0.5615569542854263
P41094,P52295,1,0.5251988000684985
gi:17648053,gi:21356083,1,0.4450220901562207
gi:24643016,gi:24646212,1,0.4693406663617279
P23023,P54356,1,0.5942577164127978
gi:21355851,gi:28571181,1,0.5510603162534912
gi:20128893,gi:28571447,1,0.4849487281675014
P16163,gi:19922620,1,0.5063121560816666
gi:20129775,gi:28574284,1,0.5935729849267205
P54358,gi:24580900,1,0.5246900298238472
gi:24584774,gi:24665996,1,0.4681107264726764
P07187,gi:17647755,1,0.49024162131933724
gi:24584043,gi:24655824,1,0.5198762946302472
gi:17136294,gi:24642799,1,0.5577570066307591
Q9VLP3,gi:18543301,1,0.5353838414440252
gi:19920778,gi:24645115,1,0.4394444808172348
gi:21356041,gi:24666096,1,0.49310316713895663
gi:17647581,gi:19920696,1,0.41203432062411244
gi:21357645,gi:24582598,1,0.5153132433248754
Q24337,gi:21357817,1,0.4527695157462454
gi:17647503,gi:21357211,1,0.539345665994571
gi:19920622,gi:24762383,1,0.5273550740595633
P19538,gi:24643151,1,0.5283443019121921
gi:24583901,gi:24641831,1,0.4405985346499915
gi:21356973,gi:28574303,1,0.4974350932069744
Q24423,gi:24665169,1,0.6841549856450293
O61348,Q03017,1,0.5116953223985837
gi:18859931,gi:24651950,1,0.41139530821785786
Q9W2D9,Q9W4E2,1,0.5291714609028654
gi:19920808,gi:28574726,1,0.5361999669326131
gi:19921294,gi:24658492,1,0.464549344227481
P11420,gi:24639385,1,0.5861683018343202
gi:24643634,gi:24660663,1,0.4923002297815076
P02516,P07666,1,0.37160831771241265
O16797,gi:21356743,1,0.5127514993393737
gi:24651599,gi:24656938,1,0.45724590818612654
gi:18859665,gi:24658927,1,0.5284887189582239
gi:24641014,gi:28574406,1,0.5565207539995181
Q24186,gi:17137110,1,0.5616849543039061
gi:19921566,gi:24649895,1,0.5174223609597559
gi:17137642,gi:24647320,1,0.45203300985708744
gi:24580817,gi:24583965,1,0.5909561303409885
gi:24641689,gi:24646440,1,0.5147695524513003
gi:24585943,gi:24645148,1,0.5745524983479348
gi:24647060,gi:28574851,1,0.5215178250204575
O02194,P07207,1,0.4296723939789462
Q9VC49,gi:21356211,1,0.5596539089515675
O77051,P25007,1,0.540039082468833
gi:24642517,gi:24656980,1,0.5877860461183304
gi:24644372,gi:24645476,1,0.4917363294019687
P02267,gi:19920876,1,0.5287990756778709
gi:21355811,gi:24648536,1,0.7833535506999513
P15330,P41092,1,0.52366163005684
P18824,gi:24661826,1,0.4764493298037116
P25008,gi:24642884,1,0.5091865339151705
gi:21356367,gi:21357817,1,0.489929111927971
gi:24585353,gi:24642021,1,0.48400359878636945
P21914,gi:24662729,1,0.4941567108536141
Q24133,gi:21355717,1,0.5162075208410103
gi:24649164,gi:24663292,1,0.5737818348246564
gi:22024283,gi:30923613,1,0.5291892097698377
P06002,gi:24663802,1,0.4628679502612108
O44783,gi:28574875,1,0.5135472473549237
P32392,gi:19922440,1,0.5011479209979164
gi:20129291,gi:24645795,1,0.3882536622792515
gi:24648828,gi:24657216,1,0.5011201631900711
gi:24584710,gi:24654916,1,0.408400551394573
gi:21356397,gi:21356809,1,0.5215993117605423
P11455,gi:19922144,1,0.36405737079010103
gi:21356965,gi:24582746,1,0.4897480697990921
Q9V564,gi:21355099,1,0.575326476981123
P45889,gi:19921136,1,0.5440488844046986
gi:19921122,gi:28571108,1,0.5485668931707295
gi:24648207,gi:24663246,1,0.42173486868875426
gi:24647609,gi:24656346,1,0.46815481722726593
gi:21358161,gi:24657732,1,0.5149413166436163
gi:19920926,gi:21356743,1,0.44237179582720115
gi:24640973,gi:24645581,1,0.3437592565285645
gi:19922810,gi:24666944,1,0.45044263241709537
Q24404,gi:24585618,1,0.8772445543816918
gi:24663462,gi:26080381,1,0.49501274905911424
gi:17136854,gi:20129387,1,0.43770747721017905
gi:24648294,gi:24649262,1,0.5295946566045167
gi:24654843,gi:24656486,1,0.5804515263792264
gi:17136392,gi:24586344,1,0.37664668724118266
P55828,gi:20129835,1,0.45893366259480944
gi:17136378,gi:24586587,1,0.44315260694935626
gi:24642134,gi:24663055,1,0.6120805992779278
gi:19920620,gi:24581205,1,0.6097419198793224
gi:24660872,gi:24666587,1,0.5153708974589735
gi:24639885,gi:24667238,1,0.7012037543107521
gi:19920776,gi:24655281,1,0.41033756161793367
gi:24646318,gi:24664652,1,0.4978699900552617
gi:24652999,gi:28574804,1,0.5698594545730616
P12982,gi:24641302,1,0.4730392074342153
P49630,gi:26080381,1,0.4431680683885254
P08570,gi:24647518,1,0.41894945932348077
gi:24646827,gi:24664652,1,0.4687159276730035
gi:24648919,gi:28574385,1,0.4385454264829293
Q01071,gi:20128797,1,0.5715480601424651
gi:24584043,gi:24650425,1,0.5706411622741014
gi:24641578,gi:28573590,1,0.4857745389017849
gi:21355333,gi:24645515,1,0.45320114960768565
gi:24583061,gi:24651179,1,0.6005084017412834
P25843,gi:24664652,1,0.398850012514503
gi:17530817,gi:17933676,1,0.6055046580715837
gi:24640973,gi:24649824,1,0.4594008162810605
gi:21357943,gi:24651526,1,0.5478704045888129
gi:18858055,gi:18858161,1,0.5265239043224377
gi:17864452,gi:28573563,1,0.505852452468049
gi:24650284,gi:24651238,1,0.41568507868009563
gi:19921326,gi:24667569,1,0.5368549955163975
gi:24649007,gi:24663246,1,0.5060170790323395
P15330,gi:24583485,1,0.5461258702095653
gi:18858231,gi:24646970,1,0.4996553989344322
gi:24648828,gi:24649661,1,0.5168264524306279
gi:20129405,gi:24582294,1,0.48503935678508403
gi:17647911,gi:18858037,1,0.6379744368127634
gi:24639086,gi:24645093,1,0.38543814359983064
gi:24585599,gi:24653758,1,0.5314871843944999
gi:28574406,gi:28574635,1,0.5203425979654964
gi:24641148,gi:24641813,1,0.39892594351229665
gi:18859961,gi:24640086,1,0.33729360588672924
gi:24657023,gi:26080373,1,0.5590011746125877
gi:18859973,gi:24581633,1,0.4152162613870529
gi:24651690,gi:24654041,1,0.4789653504856753
gi:24644642,gi:24668321,1,0.47567342111931193
P40688,gi:21358101,1,0.4950303721501853
gi:17998687,gi:24585100,1,0.434283730906432
gi:18859955,gi:24582212,1,0.5051825216892855
gi:17136208,gi:20130017,1,0.3491426295009077
Q04787,gi:19921692,1,0.4764515747415575
gi:20130049,gi:24645177,1,0.36895691099505196
gi:20129527,gi:24640704,1,0.5324495141653954
O44783,P23792,1,0.445759284937866
P18824,gi:24646478,1,0.5193623098251128
gi:19922670,gi:28574529,1,0.5577795448468849
gi:20129291,gi:21355577,1,0.5530366621635256
gi:20129565,gi:24651688,1,0.423253643332629
gi:24647942,gi:24661136,1,0.6579210276842651
gi:17136826,gi:20428641,1,0.6459819909165503
gi:24646017,gi:24647137,1,0.4951062062430489
gi:24652999,gi:28573466,1,0.43549676749235516
gi:20129621,gi:24650570,1,0.44913564304585046
P91641,Q9XZT1,1,0.42904078911690036
gi:24641090,gi:24651688,1,0.4744780861514159
gi:21357995,gi:24650208,1,0.5365769222455916
gi:18543285,gi:24639316,1,0.5383581350950951
gi:24644819,gi:24648674,1,0.23797930534869122
gi:17137344,gi:20128963,1,0.459716204675702
gi:24582741,gi:24583929,1,0.5410747466927088
gi:17352479,gi:21355383,1,0.5384136528337983
gi:21356265,gi:24639368,1,0.5276056222868352
gi:24585205,gi:24664458,1,0.5045840531652721
P50887,gi:24582096,1,0.6095442191438312
gi:17647383,gi:19920978,1,0.5064237844134104
gi:21355581,gi:30923774,1,0.4913396448166114
P08570,gi:24658786,1,0.5565175070887696
gi:20130169,gi:24667117,1,0.5019652408128359
P15330,gi:17648013,1,0.42409266111392024
gi:24586270,gi:24639915,1,0.564353476691902
gi:24583571,gi:24648905,1,0.4885257220580289
gi:17137296,gi:19922070,1,0.49840141767219454
gi:19920344,gi:20130085,1,0.5777470368694138
gi:24639208,gi:24645887,1,0.33620153589632634
O02195,gi:24650420,1,0.39039810248915974
gi:21356033,gi:24647905,1,0.5031287308259957
gi:21355535,gi:24657684,1,0.565677199399361
gi:17648053,gi:24668309,1,0.42758115910780303
gi:18859903,gi:24642367,1,0.4894300417182283
gi:17136698,gi:21355989,1,0.48538916112286673
gi:17137300,gi:18858137,1,0.5857050068092217
gi:17137216,gi:24641251,1,0.5611630198144341
gi:24648896,gi:24658567,1,0.4624386964667682
gi:23397623,gi:24663011,1,0.5183625629430562
gi:24658567,gi:28571891,1,0.40750588135395416
gi:21355617,gi:24644293,1,0.5146627641346525
Q9V3C0,gi:28573937,1,0.4976610285836687
gi:19922072,gi:24641790,1,0.5560666432862278
gi:18860051,gi:21358025,1,0.5780758958429492
gi:17136672,gi:21357897,1,0.48535890998100006
gi:24668824,gi:28572018,1,0.5453140340135635
gi:19920798,gi:24639141,1,0.549376698523434
gi:24638750,gi:24645115,1,0.5014495257107944
Q23982,gi:24645011,1,0.4980332569139669
Q94523,Q9VLP3,1,0.45203518919533037
P02517,Q9VHN6,1,0.5433040936768041
Q9VSS2,gi:22026959,1,0.5132072671314207
P49905,gi:24651935,1,0.5066093990090071
gi:24650829,gi:24664458,1,0.4867834933169294
P06601,P08646,1,0.3889791292677692
gi:20130151,gi:24640777,1,0.5409524451618813
gi:24643118,gi:24664199,1,0.4964284975343955
O46202,gi:21356797,1,0.554051789844065
gi:19921030,gi:26080328,1,0.5222116828834553
gi:24649035,gi:24649114,1,0.48588936402806876
gi:24642301,gi:24650208,1,0.47304027019194345
gi:24581314,gi:24657743,1,0.528215015921114
gi:17137452,gi:24652770,1,0.4563914052302388
O46084,gi:28573633,1,0.5546737617771802
gi:24646410,gi:24663275,1,0.5553496594531008
gi:24639715,gi:24654017,1,0.5466981804353113
P54733,gi:24659552,1,0.4988335408231271
gi:19922386,gi:24652762,1,0.6133892189385375
gi:17933748,gi:28574516,1,0.5143426884448029
O44783,gi:21357219,1,0.6227566276439174
P54353,gi:28572158,1,0.4417084864504071
O44783,gi:19922310,1,0.4995406685471272
gi:23397621,gi:24666790,1,0.5853781100935804
gi:24657504,gi:24668214,1,0.5301657898716751
Q9W4P5,gi:28574009,1,0.473365130449346
O18404,gi:24652999,1,0.4493431349501974
P29310,gi:24666434,1,0.43935031524426527
gi:17647757,gi:28573466,1,0.5937975932540461
gi:21955276,gi:28572129,1,0.4759209102165709
gi:24582006,gi:24641251,1,0.5768621951182685
gi:18858205,gi:24583394,1,0.5621414338228216
gi:24639681,gi:28574735,1,0.48652864304968474
gi:21955276,gi:24584067,1,0.6390334905515838
gi:20129999,gi:24585345,1,0.4373786821209539
O97420,P18289,1,0.47316858449503774
gi:17647581,gi:21358161,1,0.37638559546808636
gi:24582006,gi:24762837,1,0.5293255722927591
P12982,gi:24647285,1,0.48420937599888964
P13008,gi:24642543,1,0.4801058884755644
gi:19922620,gi:24655824,1,0.549991402605374
gi:21356069,gi:21356365,1,0.6361986311971296
gi:24640527,gi:24646434,1,0.5241406226264843
gi:17647873,gi:24651303,1,0.4256776655635607
gi:17137190,gi:24665583,1,0.5815489225360772
gi:22024283,gi:24644165,1,0.6727110288883177
P02834,gi:24649250,1,0.4448693455210702
gi:21358247,gi:24644544,1,0.4700790771145228
gi:24661625,gi:24664191,1,0.5151952817426765
P10987,Q9V3I1,1,0.45135393543483393
P21461,gi:24584144,1,0.629839534495419
Q94524,gi:24661166,1,0.6013509899903773
gi:21355219,gi:24651441,1,0.442526265186807
Q9VBL6,Q9W0V1,1,0.4396197245599379
gi:20130121,gi:21357211,1,0.3292254517031607
P08570,gi:17137216,1,0.5407625713975135
gi:19921312,gi:28571445,1,0.5237714841281138
gi:24584632,gi:24655153,1,0.41385018072990404
gi:19921458,gi:22024141,1,0.5946968320112163
P08182,gi:24641251,1,0.62031472092894
gi:18860017,gi:24647143,1,0.5754547648669817
gi:24645830,gi:28574406,1,0.540347657886385
O01666,gi:21355913,1,0.5151593917684388
gi:24585353,gi:24652268,1,0.47341426746138066
gi:24652897,gi:24660188,1,0.5688048424012986
gi:21357907,gi:24663027,1,0.40808177536946644
gi:24581820,gi:24653649,1,0.374216121347543
gi:24582096,gi:24582697,1,0.4591807235987196
P07183,Q24311,1,0.43001217180743107
gi:24584835,gi:24662360,1,0.5736082121083336
gi:21356415,gi:28574582,1,0.4555519278753513
gi:20129859,gi:24647609,1,0.4903568923450673
gi:19921312,gi:24647685,1,0.5642418134019873
gi:24580731,gi:24641029,1,0.4620981901395103
P08175,gi:24650924,1,0.15320936944652228
gi:19920636,gi:21357547,1,0.4077755946767249
gi:17647755,gi:28574920,1,0.546906370475661
gi:24643286,gi:24648198,1,0.5343087820975864
Q9W2D9,gi:21358039,1,0.5026603997528954
gi:19922030,gi:24581155,1,0.366976345173347
Q05856,gi:24654441,1,0.3428849299433107
gi:24642950,gi:24643474,1,0.6768112431974987
P48611,gi:24662475,1,0.5109812018950286
Q24423,gi:24638766,1,0.5411145146053901
gi:24640430,gi:24663292,1,0.4885105070772198
gi:21357547,gi:24649214,1,0.4830189661164479
gi:17647523,gi:24638795,1,0.5008948365195026
gi:24645909,gi:28574406,1,0.5509091488851915
P56079,gi:24642074,1,0.5338958372060623
Q27297,gi:24585158,1,0.5328006371124839
Q02361,gi:24586371,1,0.440759385569791
gi:24656312,gi:28571157,1,0.49113502934696723
Q9VL18,gi:24662946,1,0.7138359735559145
gi:24649976,gi:24655568,1,0.38538827841497064
gi:24639301,gi:24641921,1,0.8267690546303914
gi:24583067,gi:24641689,1,0.4118651439677063
gi:24647100,gi:24665950,1,0.599159245618591
gi:24586305,gi:28574886,1,0.5153139106866217
gi:24641148,gi:28573410,1,0.46168613913554307
gi:24647500,gi:28574406,1,0.54153539304877
gi:21358485,gi:24663462,1,0.5282335846663684
gi:24644498,gi:24655153,1,0.5840228247698014
gi:19921984,gi:21687092,1,0.38830933646494825
gi:19921112,gi:24640372,1,0.43980447213078966
gi:24582224,gi:24643270,1,0.5271700306518144
gi:24643303,gi:24644797,1,0.5669874728962363
P19538,gi:19920448,1,0.5546561845023262
gi:17136378,gi:24582516,1,0.49994988811149504
gi:17137616,gi:30923613,1,0.47437964027990964
P15330,gi:24415388,1,0.5693398466107954
P48601,P53501,1,0.45623934678292277
gi:20130085,gi:28573264,1,0.49675141528511824
P41375,gi:24583380,1,0.638736048773016
gi:17137398,gi:24662973,1,0.40625658443665674
gi:21357761,gi:24585576,1,0.5678691155289421
gi:24641410,gi:24655869,1,0.505614526808292
P07183,gi:21357817,1,0.47258025406007603
gi:20130193,gi:23397595,1,0.5393009349401131
gi:24586562,gi:24644770,1,0.4209710221864717
gi:17136488,gi:28574950,1,0.587284729426811
gi:24654325,gi:24662048,1,0.44528195940555737
Q9V676,gi:24643172,1,0.3315567178210482
gi:24581976,gi:28573464,1,0.4813364975890103
P18459,gi:19921114,1,0.543967218531919
P52304,gi:24580900,1,0.5086691001361661
gi:28573034,gi:28574286,1,0.5181246502237211
gi:19920502,gi:24584547,1,0.47535730438778157
Q9XYM0,gi:24650338,1,0.5003613947951021
Q94883,gi:17137648,1,0.4175843936932277
gi:20128797,gi:24585240,1,0.5236098982635876
gi:21357315,gi:21357903,1,0.5363418636237542
Q24533,gi:18543285,1,0.4080238280950226
Q94523,gi:17136256,1,0.5066082117595452
gi:21358039,gi:24648678,1,0.4414246836531417
gi:21356561,gi:24585154,1,0.5476621659785701
P07187,gi:24650658,1,0.5487518491847684
gi:24585353,gi:24650598,1,0.49813533664995613
gi:17647581,gi:19922150,1,0.43777271898709175
gi:17865835,gi:24647905,1,0.481320182153227
P41093,gi:24663027,1,0.4902065404274884
gi:18859953,gi:24640806,1,0.5277825223933271
gi:24653385,gi:24654471,1,0.478667572745473
gi:24581838,gi:24584167,1,0.6048210092377071
gi:19922100,gi:21357903,1,0.5039434869102953
Q9V447,gi:21358201,1,0.4804845591481397
gi:24585022,gi:24653856,1,0.5421162619338853
gi:20129165,gi:28573393,1,0.5057452876075536
gi:21357505,gi:24584139,1,0.5176598423949234
Q24564,gi:24639715,1,0.5609305746180339
P55828,gi:24645150,1,0.5325921994869729
gi:23397621,gi:23397623,1,0.4949591771924419
P23757,gi:24648480,1,0.4682489556377218
gi:24583332,gi:24667063,1,0.4717361249901118
gi:20128921,gi:24641311,1,0.5118126223832988
gi:17647523,gi:24657356,1,0.521152655601908
gi:21687206,gi:28574635,1,0.6020936365241653
gi:22023983,gi:24638862,1,0.4860642753769149
gi:24580900,gi:24650864,1,0.5839042180755443
gi:24644797,gi:28574726,1,0.6001161602525832
gi:19922314,gi:24646689,1,0.4886310708243807
gi:20129067,gi:20130417,1,0.48684506047903825
gi:19921306,gi:20130391,1,0.45521795724764047
gi:24583827,gi:24639721,1,0.5311940252604139
gi:18859891,gi:28572043,1,0.47603764503030055
Q8IGR0,gi:24584056,1,0.5090287830487975
P18502,gi:24642814,1,0.5533269448053333
gi:24583929,gi:24643447,1,0.41839674144575945
gi:24652999,gi:24663027,1,0.6655168128765863
gi:24650253,gi:24667211,1,0.46968429879153345
P18102,gi:28571891,1,0.49655690522160484
gi:24583012,gi:24658714,1,0.5734988571618618
Q24297,Q9VI10,1,0.6027635515114971
O77051,gi:17864162,1,0.5712405568691535
gi:20128863,gi:21355195,1,0.5259746129700488
gi:17864176,gi:24647942,1,0.4753506514717799
gi:19920922,gi:24653856,1,0.5872344663910678
gi:21357817,gi:24649834,1,0.4790716913523513
gi:24642691,gi:24647100,1,0.5728620549559987
P17210,gi:24658110,1,0.646126927616332
P08630,gi:20129967,1,0.4702868151037693
gi:24658567,gi:28571396,1,0.45959116489807933
gi:19920604,gi:21356367,1,0.45243093173195004
gi:19920688,gi:24650202,1,0.5361501942759167
Q9VG82,gi:24656903,1,0.5192031817339813
gi:20130321,gi:21357759,1,0.5685694765363307
gi:24640501,gi:24657689,1,0.32291925806033056
gi:24581622,gi:24653791,1,0.40917262451268965
gi:19922310,gi:24649007,1,0.36707112861387864
gi:24584017,gi:28574383,1,0.49463812932962525
Q9XZT6,gi:20129485,1,0.6671554274642472
gi:21356785,gi:24645148,1,0.5462735587131169
gi:21357005,gi:24649488,1,0.4917736615295148
gi:19922144,gi:23397619,1,0.470805513021859
gi:24639756,gi:24649025,1,0.5223001054781343
gi:24641831,gi:28573607,1,0.5897604158450438
O96860,gi:21358109,1,0.54325921641373
Q95RS6,gi:24649427,1,0.5406843648556284
P07183,Q06559,1,0.5785937677429619
gi:19920826,gi:24762775,1,0.524096583338778
gi:24660935,gi:28558744,1,0.5053868336804916
P33450,gi:24583380,1,0.5029009915607532
gi:17647755,gi:24582270,1,0.5288226274596165
gi:21356337,gi:24646860,1,0.4893732972809768
P26308,gi:17136256,1,0.5799371489858752
gi:24644274,gi:24651247,1,0.5757629509525503
gi:18859825,gi:24665784,1,0.6153765644619176
gi:17530857,gi:20428641,1,0.574275633572621
gi:19922746,gi:24654578,1,0.4493165940015029
gi:19922620,gi:24648207,1,0.8669977257533885
gi:21357009,gi:24655187,1,0.5255037223096182
gi:19920910,gi:24647148,1,0.4893336478337478
gi:17137386,gi:24642404,1,0.4526372543909228
P49630,gi:24654578,1,0.4430651817092477
gi:17136256,gi:19921660,1,0.40652875157146623
gi:24641831,gi:24654082,1,0.5469212511281258
P20432,gi:21356695,1,0.5155135079277716
gi:24645967,gi:24651339,1,0.5917075352363487
gi:24652101,gi:24667117,1,0.5762969724082331
gi:24582018,gi:24644093,1,0.6167444626358457
P11455,gi:24649262,1,0.5404844339738071
P08985,P23757,1,0.4118396634723547
Q24451,gi:24649564,1,0.5121124899908213
gi:17737433,gi:24582212,1,0.3533209654555841
gi:18860099,gi:24650658,1,0.42805943506356586
gi:17137572,gi:19921554,1,0.52723192869999
Q24564,gi:24638625,1,0.4958478702623168
gi:21355815,gi:24641831,1,0.5429665007897041
P22058,gi:19920428,1,0.46959765542796394
gi:20128797,gi:21356785,1,0.6238873964515677
gi:18859635,gi:24663462,1,0.7669389347248287
gi:19920434,gi:28574383,1,0.5090250616978723
gi:24582339,gi:24664979,1,0.4649036077966965
gi:24653912,gi:28574303,1,0.4796546422761323
P39572,gi:24643118,1,0.5563145929934001
gi:23397399,gi:24665657,1,0.39519649024315007
gi:18857983,gi:24639187,1,0.49201296342090634
gi:17137724,gi:18858231,1,0.3225808022828956
gi:18859893,gi:24654578,1,0.549085727532278
P50887,gi:24667211,1,0.3282706155869302
P49906,gi:24647648,1,0.3594480450085818
gi:24645967,gi:28573264,1,0.49770082047011655
gi:21356019,gi:21686963,1,0.37788045651536367
gi:17136780,gi:24661136,1,0.4773240016736829
P07207,gi:24664951,1,0.5677172628100957
Q95TN4,gi:18921123,1,0.4905890798247483
gi:21357817,gi:28573466,1,0.4784364991497718
O16102,gi:24639506,1,0.4963416145924656
gi:24640510,gi:24653649,1,0.5165611829478791
O18404,gi:28573466,1,0.38535356875077914
Q9VJE4,gi:17137650,1,0.5343751403464739
gi:21358101,gi:24660212,1,0.4803387279146027
gi:17530949,gi:24762471,1,0.5615552976754863
P54399,gi:24641946,1,0.5174561869532422
gi:20129431,gi:24641734,1,0.4967287722600016
Q9VPS5,gi:24641134,1,0.4446820239642541
gi:24644093,gi:24663462,1,0.6492624738018359
Q8IGR0,gi:19920696,1,0.47109743079595157
gi:24642715,gi:24658342,1,0.4705307018716291
P16241,gi:24641156,1,0.5559983264981195
gi:17136826,gi:24658567,1,0.4794628654985628
P48555,gi:24641251,1,0.5210572239573584
gi:21356003,gi:24645177,1,0.6904033764730292
gi:20130399,gi:24665784,1,0.5270794210073061
gi:24667089,gi:28571181,1,0.49340833654834404
P16371,gi:18860099,1,0.4799871487579422
gi:17137344,gi:21355123,1,0.48655448318035194
gi:24647143,gi:24649931,1,0.4687290980567806
Q8T0G4,gi:24640672,1,0.5427987311674315
gi:24644244,gi:24654746,1,0.45144640671007125
P12982,gi:19922418,1,0.5121101082928928
gi:24647638,gi:24661336,1,0.5066666563131128
gi:17530817,gi:18921137,1,0.3898266686374639
gi:24645515,gi:28574707,1,0.5261012101391876
P54733,gi:24667565,1,0.4710102666065643
gi:24644059,gi:28574150,1,0.5141705861571871
gi:24652762,gi:24659254,1,0.4805921780405337
Q9VEX9,gi:24654441,1,0.4229641176819331
gi:21355617,gi:24638708,1,0.48794755182588273
gi:17737533,gi:24665229,1,0.4817425626085449
gi:17136212,gi:24646928,1,0.6314252109589074
Q24564,gi:24580672,1,0.4928315148591387
gi:19922116,gi:24582172,1,0.49471344170435033
O46036,gi:24657218,1,0.5696247904547637
gi:24582306,gi:24663292,1,0.45657533667084244
gi:24585720,gi:26080381,1,0.5224747130405523
gi:19922516,gi:24651963,1,0.522119509605963
gi:17738257,gi:24581180,1,0.48886718180279237
gi:17137200,gi:17137398,1,0.5021731277869244
gi:19922538,gi:28574804,1,0.546162120377177
P82910,Q9VG82,1,0.50800874705805
gi:17986113,gi:24646073,1,0.4897820993351633
P27619,gi:24649427,1,0.4807870312428587
gi:24580716,gi:24657689,1,0.5003020084646563
gi:21358555,gi:28572043,1,0.46514245240650115
Q9VG94,Q9VG96,1,0.6043057086206672
O16011,P10987,1,0.5370544595153754
gi:24644592,gi:24667403,1,0.5228353035537313
gi:20129067,gi:24648929,1,0.529131003886684
gi:20130345,gi:28571649,1,0.4973265911145029
Q9VNA5,gi:19922624,1,0.49939953614522514
gi:24582522,gi:24582643,1,0.49638996487889436
gi:24644116,gi:24649564,1,0.5079332811388557
Q24564,gi:20129491,1,0.5931256927879323
gi:21357781,gi:24584547,1,0.5203099340881253
gi:24641689,gi:24658332,1,0.5562964813070653
gi:24647905,gi:28573095,1,0.4958407504538483
gi:22026816,gi:24652780,1,0.4988961862924034
gi:24667016,gi:28574523,1,0.4618496229136697
gi:24651619,gi:30923613,1,0.454879767129343
gi:17647723,gi:28573590,1,0.6192380779973514
gi:21357903,gi:24643822,1,0.4109180179116775
gi:24639822,gi:24653350,1,0.5742678058075643
O96860,gi:20130151,1,0.5035811495577347
gi:18859991,gi:21358175,1,0.774987648659019
gi:19922300,gi:24649103,1,0.5907668137797374
P13607,gi:24639885,1,0.49560811845199826
gi:24585730,gi:24655502,1,0.41162393917612106
gi:21357211,gi:24581574,1,0.46474490204502705
gi:24585154,gi:24642456,1,0.48500847192132207
gi:24641507,gi:24656851,1,0.599930224855433
gi:19920776,gi:28573157,1,0.5052427809855391
P35381,gi:24648828,1,0.44123005938309384
Q9VQQ9,gi:21356265,1,0.5239620858536908
P49905,gi:19921638,1,0.44295046993562887
gi:24638702,gi:24762771,1,0.5584040976223329
Q9W3C2,gi:19920912,1,0.5405659337050414
gi:17136378,gi:24583982,1,0.45315693559717796
gi:17136948,gi:24643118,1,0.5722768438208101
gi:19920706,gi:21356031,1,0.5016996074876526
gi:24650124,gi:24655577,1,0.3590044424967314
gi:17136392,gi:20129967,1,0.4383654625932448
Q27350,gi:24658585,1,0.43640270753088717
gi:24640188,gi:24648776,1,0.4787955705794569
gi:24643029,gi:24643294,1,0.5596533671159473
P54733,gi:23308611,1,0.5100488548522825
O97067,P54357,1,0.5532557361024362
P23757,gi:28558744,1,0.44967326326055373
gi:21357417,gi:24654522,1,0.46463332656176787
gi:24585851,gi:24662431,1,0.681551060359081
Q24210,Q9VHY5,1,0.47602210449177257
Q24564,gi:24665297,1,0.5569688538472666
gi:24649080,gi:24660416,1,0.49817689200473414
gi:24648063,gi:24652101,1,0.8514586568458897
Q04787,gi:19920434,1,0.508675535114321
P38979,gi:20130085,1,0.5425519164163021
Q9VYD7,gi:24646485,1,0.34176219345185377
Q9VSJ8,gi:28573717,1,0.5632663743794188
gi:21355801,gi:24665160,1,0.40641734593455264
Q24407,gi:24639368,1,0.5368415921664671
gi:24581061,gi:24665154,1,0.604600800538465
gi:21357483,gi:24649202,1,0.5383016084474668
gi:24584835,gi:24650348,1,0.6875693148043118
gi:17647979,gi:21357711,1,0.49766247415982995
Q9VYD7,gi:24652897,1,0.4702535831523056
gi:24639548,gi:24665973,1,0.4155598890733005
Q00963,gi:17648053,1,0.42550797848445276
gi:17530825,gi:17647523,1,0.5109027685029898
P07666,gi:18858095,1,0.5024385856531483
P29310,gi:24648484,1,0.6293136587699951
gi:21355163,gi:30923530,1,0.5215445670783961
O77430,gi:17137296,1,0.5245161488747457
gi:24645538,gi:24648751,1,0.48182686181347156
gi:24580731,gi:24584043,1,0.5525111957659655
P08570,gi:24585033,1,0.5643779167791019
gi:21355163,gi:24667063,1,0.6067355265965573
gi:24584774,gi:24641168,1,0.601698676514094
gi:19921802,gi:24666053,1,0.49680122416774075
gi:24582294,gi:24657689,1,0.4419705057226242
Q9W2D9,gi:21955276,1,0.5150664909555008
gi:20128863,gi:24583332,1,0.40816224184153665
P49630,gi:17864576,1,0.5589016644726857
gi:17137300,gi:24645521,1,0.5892662574167383
gi:17137536,gi:24586098,1,0.5041307860021069
P02828,gi:20130175,1,0.4769641473358344
Q02645,gi:24659272,1,0.5352920576220169
gi:17137616,gi:24583067,1,0.4873030744460614
O18405,P21461,1,0.6136399986621942
gi:22026880,gi:24649803,1,0.5520305590440996
gi:24665583,gi:28574316,1,0.558476828647512
gi:17137572,gi:24642543,1,0.5536194994236909
gi:24639299,gi:28573276,1,0.5016850745135598
gi:24638571,gi:24666240,1,0.5190625072480761
gi:19922620,gi:24643702,1,0.46687814178156956
gi:21358247,gi:24665229,1,0.36720229461371456
O96827,gi:24643715,1,0.4518199331328825
Q27350,gi:24581314,1,0.4505979096575659
gi:24665761,gi:24666790,1,0.6562384112626186
gi:24581061,gi:24645089,1,0.6048618576061575
gi:24641860,gi:28573018,1,0.5284065336655255
gi:24646318,gi:28572129,1,0.4892764960062759
gi:24661073,gi:28573773,1,0.44049045920659197
O96860,gi:21357595,1,0.6148305920906741
gi:18543285,gi:24650658,1,0.52871793030406
gi:19920728,gi:24762618,1,0.46580616896152177
gi:24640719,gi:28573799,1,0.4448196090347655
gi:24581339,gi:24638978,1,0.42309012404039475
gi:19922538,gi:24582643,1,0.46220263715106147
gi:17737551,gi:24582212,1,0.4248709173017581
gi:20129859,gi:24641831,1,0.5133397231489585
gi:17737647,gi:24648826,1,0.47659475341434737
gi:18858099,gi:24650196,1,0.49727378720623755
P82147,gi:24644498,1,0.46866707887591047
gi:19921360,gi:28574851,1,0.6097168369554186
gi:17136762,gi:24658861,1,0.5533555338287983
gi:18543199,gi:24582319,1,0.4688625881153359
gi:24651212,gi:24653708,1,0.5421016650776407
gi:24580914,gi:24648690,1,0.5449795808971909
gi:19922310,gi:24663011,1,0.4488208404633153
Q9V3A4,gi:21357897,1,0.6597211505888363
O76899,gi:24654082,1,0.4590911454034645
P41126,gi:17136588,1,0.26648565074726716
gi:21358379,gi:28573278,1,0.5276025309072927
Q9V564,gi:24645653,1,0.5093914232208437
gi:24638625,gi:24654854,1,0.47217908645780604
gi:20129903,gi:24641831,1,0.5633657286319539
Q01642,gi:24654383,1,0.7896583245920386
gi:24639711,gi:24666944,1,0.49406664518903226
gi:21356397,gi:24643715,1,0.4363877016461654
Q24404,gi:24640353,1,0.570392035243578
gi:24585240,gi:24652438,1,0.4267985921641227
P08044,P18502,1,0.5307417839230956
gi:20128797,gi:24655996,1,0.5392927171411738
gi:24581572,gi:24653887,1,0.6961932037968674
gi:18859901,gi:21355105,1,0.5040085323835423
P29310,gi:24661759,1,0.474513442367029
gi:19922620,gi:24641014,1,0.41589547080067474
gi:17864344,gi:21355383,1,0.6116994466432815
Q24337,gi:19922100,1,0.5994374649097357
gi:24648522,gi:24663304,1,0.5408312255403714
gi:19921312,gi:24639885,1,0.6692916877955221
gi:17986113,gi:28573830,1,0.4444859319348558
gi:24647685,gi:24652797,1,0.4991808800694295
gi:22024201,gi:24641790,1,0.40698087806174554
gi:24582826,gi:28558748,1,0.4931047284130061
gi:19922538,gi:24663027,1,0.5503680564504653
Q9NJH0,gi:24582294,1,0.3909320212924841
gi:17137710,gi:24655555,1,0.5206752939398929
Q9Y1A3,gi:24642021,1,0.4742526215724837
gi:23397595,gi:24583567,1,0.5806565018656804
P45890,gi:24667196,1,0.4537697059753817
gi:17648123,gi:24645236,1,0.5893558984819112
gi:24649976,gi:28571908,1,0.41788463981667473
O61231,gi:28574886,1,0.5760761951884725
Q9VYR1,gi:19922458,1,0.5277140169666481
gi:20129741,gi:28574564,1,0.5506470646628304
gi:24655568,gi:24655822,1,0.30267056467715414
gi:24646884,gi:28573213,1,0.5226675867945506
gi:19921850,gi:24585024,1,0.44263449196413773
gi:23397524,gi:24638774,1,0.46982683571696654
gi:17137648,gi:24642867,1,0.46104556522351803
O16797,gi:24645724,1,0.6014657868939883
gi:21357761,gi:28573746,1,0.5946890167294594
gi:17137788,gi:17647503,1,0.4574016573477553
gi:21356309,gi:24651920,1,0.5430706997315544
gi:19920382,gi:19922266,1,0.5166037928843616
gi:23397621,gi:24582094,1,0.6000779006857654
gi:24584547,gi:24656208,1,0.5612358669619871
gi:24583965,gi:24652789,1,0.5943260121820046
gi:24653084,gi:28574886,1,0.5945658937133907
gi:18859939,gi:19922464,1,0.5209016906560913
gi:20129899,gi:24641493,1,0.4698301067800203
gi:24585242,gi:24641209,1,0.628499571093606
O61351,gi:24663304,1,0.375256713387644
Q8INW0,gi:24645817,1,0.5321795741362289
gi:21355995,gi:28573486,1,0.514610140398091
Q02360,gi:21357653,1,0.5420158249331324
gi:24582006,gi:24585358,1,0.5729706748632017
gi:20128797,gi:24642363,1,0.682204733386409
gi:24653856,gi:28574920,1,0.6621260962207566
Q9VYV5,gi:24646214,1,0.4308184516411068
gi:21358109,gi:26080447,1,0.49480511186753784
P16914,gi:18860091,1,0.48526956325375326
gi:24648010,gi:24657619,1,0.4488958975200685
Q9VE01,gi:21357019,1,0.5473989133947249
gi:21358605,gi:24586111,1,0.43159429444707836
gi:17998687,gi:24660923,1,0.4489936286608357
gi:21358235,gi:22024283,1,0.4354380628591243
Q23983,gi:17737503,1,0.6218671626123677
gi:24641090,gi:24646039,1,0.42900796839350747
gi:17648123,gi:18858161,1,0.5014747451674323
P42287,gi:24665784,1,0.5585255382473507
P08182,gi:24581968,1,0.48286645366752695
P13217,gi:17136554,1,0.5150083481123442
gi:19920358,gi:19922918,1,0.526701165985723
gi:17864612,gi:24583140,1,0.5078383749942915
gi:21356727,gi:24645053,1,0.5527092035089274
P08646,gi:24661685,1,0.47110923059120546
gi:19921238,gi:28573466,1,0.5589569214908657
gi:20130321,gi:24648231,1,0.5245952136587815
gi:24581165,gi:24642814,1,0.4863395690018121
gi:21355093,gi:24582219,1,0.470522961549533
O02195,gi:21355783,1,0.44223575465496123
gi:24583666,gi:24640672,1,0.610358881634487
gi:24585013,gi:24657504,1,0.5508548976790897
Q24400,gi:17647809,1,0.5492987933837615
gi:18129620,gi:24663336,1,0.5098605776281735
gi:18859685,gi:21358297,1,0.5161519278100348
Q9V564,gi:24662155,1,0.5451365326470619
gi:21355975,gi:24583827,1,0.548913496075031
gi:20129863,gi:24659237,1,0.5715811398260255
gi:24641831,gi:28572129,1,0.5666289825825471
Q9W1Y7,gi:24646716,1,0.5508176448875507
Q9XYP8,gi:24663657,1,0.4124293421169405
O97420,gi:24639794,1,0.45589303035012985
gi:24655577,gi:28571637,1,0.4675437298854349
gi:24652737,gi:24762680,1,0.5211672527841837
gi:24581686,gi:24641302,1,0.4897801219465035
gi:21356743,gi:24762779,1,0.47384242023683765
gi:21356743,gi:24658721,1,0.4751855484892803
gi:24581719,gi:24585759,1,0.44588539100952046
gi:24661625,gi:28572090,1,0.5795488694787411
P54353,gi:28571356,1,0.30816454831278167
gi:18543225,gi:24649080,1,0.5919273900813894
gi:20130399,gi:21356221,1,0.5045917500033777
P06603,gi:21357215,1,0.5741770456645047
Q9VCR6,gi:18860011,1,0.42837573346630403
P16371,Q01069,1,0.5286195663547787
P29310,gi:21357821,1,0.4625294348905804
gi:24639541,gi:24655502,1,0.536811545354579
gi:24646105,gi:24655187,1,0.45973264945785247
gi:24648828,gi:24655577,1,0.34408773313920743
gi:21356449,gi:24655888,1,0.6203709833399901
gi:19920424,gi:24639354,1,0.434473481575962
P92208,gi:24655577,1,0.49064695595094177
gi:24657782,gi:28573278,1,0.476622694090468
gi:17647503,gi:24646924,1,0.407587366415028
gi:17136732,gi:21355555,1,0.4400882944389308
Q8T0S6,gi:24662048,1,0.4484356335021184
gi:24650208,gi:24661140,1,0.5315448387375494
gi:17648053,gi:24581873,1,0.4336847280279675
gi:21356801,gi:24667211,1,0.48891185963536604
gi:21357711,gi:28573684,1,0.37476692742397744
O18413,gi:24655034,1,0.47787161134222284
gi:18859761,gi:28571891,1,0.5606336050898244
gi:24647148,gi:24649114,1,0.6241984547725876
P23380,gi:24646860,1,0.41876930861125383
gi:24586474,gi:24640599,1,0.514328708176383
gi:21358065,gi:28571216,1,0.4709706569402007
gi:24645384,gi:24650168,1,0.4896899625662445
gi:24656026,gi:24668642,1,0.5560147898228235
gi:19921312,gi:24642235,1,0.5806768552707592
Q9V8K2,gi:22024206,1,0.466987748539334
gi:17737433,gi:24582205,1,0.4858910932056906
gi:24642134,gi:24663802,1,0.6635740250768078
gi:18859793,gi:24645058,1,0.5307240730123772
P14130,gi:19921286,1,0.4829894157079094
P21914,gi:24582879,1,0.5300805613129527
gi:21357387,gi:28573879,1,0.5184053896449171
gi:24583408,gi:24655606,1,0.5198560654213137
gi:21356023,gi:24664979,1,0.5313037542529563
gi:24656938,gi:24665132,1,0.4520193018694466
O77425,gi:24646199,1,0.43273228708115213
O44424,gi:24642884,1,0.5295476969724964
gi:24648253,gi:28574582,1,0.4543959339955044
gi:17136556,gi:19920396,1,0.5080027199516487
gi:20129527,gi:20129923,1,0.48449011075429205
Q24251,gi:24584828,1,0.49667881513927253
gi:20128793,gi:24643106,1,0.41340870785748157
gi:24640233,gi:24658567,1,0.4467991908125784
gi:24647199,gi:24656694,1,0.48181694815350323
gi:19921950,gi:24663889,1,0.4763756298047597
gi:24580674,gi:24655170,1,0.5302275576725779
gi:18858239,gi:21355115,1,0.42451448058584734
gi:17137616,gi:21356727,1,0.4785202220856834
gi:24654160,gi:24660188,1,0.5147616198846054
P02843,gi:24667238,1,0.4650518396634289
gi:21355383,gi:24655741,1,0.46541911721477064
P00528,gi:19921936,1,0.5310061250394956
gi:19921694,gi:28574635,1,0.5150594153869377
gi:17647939,gi:28573195,1,0.4894394029672495
gi:21356003,gi:24660710,1,0.623939928767089
gi:24649175,gi:24661826,1,0.3916370404049267
gi:17136286,gi:24648643,1,0.550253969153298
P40304,gi:24646857,1,0.5139701789075333
Q8INW0,gi:24644797,1,0.6827165546988273
gi:24583067,gi:28573563,1,0.4758728984428508
gi:24646290,gi:28574886,1,0.5233070442945397
O16011,gi:21356767,1,0.43772073633782066
gi:17933604,gi:30923711,1,0.471367294886063
gi:17647523,gi:24645663,1,0.4915869946283983
P40427,gi:24640951,1,0.48053685636013654
gi:24583454,gi:24668290,1,0.4920598473350638
gi:17737503,gi:24654854,1,0.6518600773221435
gi:24581572,gi:24585795,1,0.3625043477595509
P00034,gi:20129835,1,0.547969089578337
gi:17137344,gi:24652101,1,0.5333711288951611
gi:24585384,gi:24643632,1,0.5542195755890631
gi:24586240,gi:24658940,1,0.5033563451419127
gi:20130247,gi:24660416,1,0.5143371996450048
gi:19922100,gi:24643310,1,0.44736517312835306
gi:22026966,gi:24645769,1,0.5603548925084785
P23757,gi:21687092,1,0.7645686879383388
Q06559,gi:24638750,1,0.5253520556366348
gi:19920766,gi:21356797,1,0.5671805121501566
gi:17647755,gi:24648198,1,0.4854627992179979
P18491,gi:24655366,1,0.48130493396328805
gi:24584916,gi:24655888,1,0.4582291339104208
gi:20128977,gi:24642670,1,0.4512297236696281
gi:19922796,gi:24582879,1,0.5713788925753986
gi:24638571,gi:24654595,1,0.5095618839167939
Q9VWR5,gi:24641014,1,0.5719169187724231
gi:24644880,gi:28574406,1,0.5621341553127067
gi:17864630,gi:24651524,1,0.4451842360804513
P19538,gi:24580513,1,0.48952729621164515
P08175,gi:24644093,1,0.8854567776813068
Q06559,gi:28571216,1,0.4745784097210173
P05389,gi:22024114,1,0.4699215430522101
gi:17864358,gi:28574303,1,0.4803747035359357
gi:21357761,gi:24762556,1,0.3728105175012125
P21461,gi:18859669,1,0.4544305578494387
Q24133,gi:24646017,1,0.4560580612671394
P20483,gi:21358081,1,0.5330112140293531
P52295,gi:24654383,1,0.5340130509448096
gi:24639368,gi:24654522,1,0.557527576914043
Q8INW0,gi:24582294,1,0.6206636201123772
gi:17136864,gi:28573963,1,0.47187575091427525
Q24117,gi:24643106,1,0.5917204765439572
gi:18543299,gi:22024111,1,0.4919882146822884
gi:19920776,gi:24664652,1,0.5077685959009358
gi:24640430,gi:24651006,1,0.5267014027578831
gi:21357387,gi:24655153,1,0.5087058564133748
Q9VPS5,gi:24645179,1,0.5525262733998969
Q06559,gi:24647385,1,0.4717181960064168
gi:17137696,gi:24585242,1,0.6951734285764246
gi:19921778,gi:21357817,1,0.5313846523002618
Q9VUM0,gi:24641689,1,0.5504554970637444
Q24475,gi:17647503,1,0.547788213564012
P16371,gi:24648755,1,0.45803951065436355
gi:24581949,gi:24638868,1,0.44690209482580073
P00528,gi:24641732,1,0.4687843609749253
P02834,gi:24584415,1,0.37843314165444747
gi:24641439,gi:24659203,1,0.5399185431862914
gi:24658206,gi:24667089,1,0.4515734670408435
gi:19923044,gi:24648198,1,0.5045797855584648
P41094,P48603,1,0.6421990581623755
gi:24638978,gi:24650729,1,0.593193852978832
gi:19921312,gi:24582339,1,0.7303879618544192
gi:17137696,gi:24658492,1,0.37126591611805354
gi:24582294,gi:24583724,1,0.452754815579232
gi:21358297,gi:24583134,1,0.5219073269188557
gi:24652463,gi:24665469,1,0.49418461044232215
gi:18858125,gi:24642561,1,0.5001616124156435
gi:24643755,gi:24651236,1,0.5854825162629
Q24025,gi:21357959,1,0.4499014070687066
P12613,gi:28574150,1,0.47515654431333326
gi:20129227,gi:24643516,1,0.7343769285732568
gi:24583436,gi:24644766,1,0.4792073268069266
P32392,gi:18860521,1,0.49408606728473164
Q9VG82,gi:17136412,1,0.47129180706286744
gi:17864254,gi:24659237,1,0.5151796447608054
P30052,Q24564,1,0.5529342124417931
gi:24663043,gi:24668018,1,0.39321710227176015
Q24141,gi:24648195,1,0.5679535018122246
gi:17648053,gi:24581854,1,0.4544360549463438
gi:18543289,gi:21356367,1,0.487457013319212
gi:24650420,gi:24652999,1,0.36883795759937255
gi:24583531,gi:24651303,1,0.34791573406862314
gi:24638766,gi:24639885,1,0.48804035817866576
gi:21356061,gi:24653760,1,0.4610067171707981
P23696,gi:24652999,1,0.5639583191144545
P48149,gi:24645011,1,0.6050179105615788
gi:24642517,gi:28574950,1,0.6048178085772465
gi:18860011,gi:19922464,1,0.500173087435979
gi:18543299,gi:24639772,1,0.5217938192074161
gi:19921458,gi:23397623,1,0.5181763104650191
gi:24641014,gi:24641689,1,0.6073689348012165
O18640,gi:24582467,1,0.5046723087579265
P54399,gi:24661625,1,0.3791571555876264
gi:24582383,gi:24640430,1,0.4630349820381059
Q01083,gi:24640982,1,0.554819260776029
gi:24583208,gi:24644165,1,0.5191496279060344
gi:21955284,gi:24641363,1,0.5070281928035159
gi:24584835,gi:24586270,1,0.5568906861515207
gi:24641555,gi:24655474,1,0.5449367181910421
gi:17986113,gi:28574284,1,0.4299449299763862
gi:18859953,gi:24658034,1,0.558227477912486
gi:24646216,gi:24648444,1,0.4738627137194746
gi:21355125,gi:24583965,1,0.536172852095746
gi:19920696,gi:24643078,1,0.5100375576624328
gi:24583827,gi:24639195,1,0.5372378227789671
gi:21955276,gi:24662288,1,0.4326277816559005
gi:24647897,gi:24651364,1,0.47576964785397957
gi:22026837,gi:24654441,1,0.42037231562761657
gi:17137616,gi:24655153,1,0.4610065152870312
gi:24583965,gi:24642134,1,0.49840495886070624
P09089,gi:17530843,1,0.5377148546626673
gi:24582104,gi:24658567,1,0.5115830479939105
gi:17137234,gi:28573830,1,0.5507036629751864
gi:28571707,gi:28572987,1,0.5123188946123393
gi:24584835,gi:24667108,1,0.49113814777340054
gi:18859889,gi:24661151,1,0.4298702575027082
gi:17986155,gi:21356415,1,0.5788196754103292
Q24570,gi:24640599,1,0.3853275178241867
gi:17647723,gi:24642452,1,0.5826863781373565
gi:18921139,gi:19922294,1,0.5556270323399782
gi:24646607,gi:24648966,1,0.4818182916185539
O77430,gi:19921154,1,0.6041269495580354
P02824,Q9VG82,1,0.5104482823506026
gi:24666524,gi:24762669,1,0.46483004994708443
P29310,gi:24582268,1,0.3844305871046688
gi:24586167,gi:24647143,1,0.5163643994953819
gi:17137346,gi:24667211,1,0.4362689484032594
gi:19920776,gi:24762433,1,0.5027812025455393
gi:20129277,gi:28573466,1,0.4892290111360798
Q9V597,gi:21955284,1,0.5905302553272802
Q9W5Q1,gi:24651703,1,0.43180271406149867
gi:24643761,gi:24653514,1,0.4895612669315684
gi:22024201,gi:24645384,1,0.4019703029305268
O16867,Q01069,1,0.37261271629702103
Q9W3R7,gi:24585880,1,0.5236712462408573
gi:24640973,gi:24646169,1,0.31085595057467236
gi:18860011,gi:28573495,1,0.3681503383456824
gi:24638978,gi:24651185,1,0.28313447195622427
gi:17137344,gi:18543285,1,0.471597743858402
gi:17647759,gi:24644617,1,0.5189261051044785
P17210,gi:19922144,1,0.2861206305672827
gi:24646365,gi:24653459,1,0.5471779291771224
Q94883,gi:24644365,1,0.5639468140395503
gi:19920406,gi:24663556,1,0.47062622187243064
gi:20130067,gi:24643078,1,0.5932239750924445
Q02645,Q9W0K7,1,0.4958169938460799
gi:24643347,gi:24644274,1,0.45417348676901403
gi:21355789,gi:24653999,1,0.5321143572520657
gi:24653538,gi:24666303,1,0.5079376384019416
P17276,gi:24661022,1,0.5064156549063963
gi:20130261,gi:30923537,1,0.4585762324375076
gi:20128793,gi:24646001,1,0.5501723626167876
gi:19920696,gi:24652930,1,0.5109967334821216
gi:17137616,gi:24650168,1,0.5793385713849905
gi:19921700,gi:21358181,1,0.5803491173506097
gi:24663462,gi:28572963,1,0.3667885669619652
gi:18858095,gi:24580815,1,0.6200757813492273
gi:19921362,gi:24647601,1,0.4355331675914479
gi:24645413,gi:24656486,1,0.6107925673197498
gi:21355757,gi:24643731,1,0.7001345133309992
P52295,gi:24648198,1,0.547207547762058
P35381,gi:24645087,1,0.43415903567077013
gi:24643817,gi:24646884,1,0.5077321781331586
gi:24649519,gi:24665489,1,0.5704802141667377
gi:19922480,gi:24639715,1,0.5296245531880174
Q9VRL2,gi:24648905,1,0.2778820488490112
gi:17137648,gi:17647803,1,0.3895255870962032
Q05201,gi:24641689,1,0.5015708460292111
P49258,gi:24639187,1,0.4553219293082337
gi:17933624,gi:19922110,1,0.5860657182184721
gi:24584017,gi:24585795,1,0.5229329797171702
gi:20128797,gi:24582319,1,0.6275174996317922
Q01644,gi:28574406,1,0.4958873903993439
gi:17647179,gi:17737989,1,0.4322820435050943
gi:18860545,gi:19922106,1,0.48629052438120346
gi:24644675,gi:24644677,1,0.7917298366908575
gi:17647341,gi:21355643,1,0.5558004014499397
P35381,gi:24665469,1,0.4359551662780968
gi:19921274,gi:20129433,1,0.4476961421347329
gi:24663949,gi:24666524,1,0.6027684370535908
P18502,P29052,1,0.5211917162402353
gi:17136788,gi:24651610,1,0.5255919164235711
P25867,P54611,1,0.34201208517205484
gi:17136864,gi:24584547,1,0.5033386869159474
gi:17137220,gi:24581901,1,0.4532271942105735
gi:18859657,gi:24650814,1,0.5252972562743454
gi:17648085,gi:24583041,1,0.5808474929091855
gi:21356995,gi:24667063,1,0.4985987775882649
gi:21356337,gi:24668317,1,0.4881384648920921
gi:24644757,gi:24648592,1,0.697236401279605
gi:19922220,gi:24664257,1,0.47756470962644515
Q01083,gi:24646073,1,0.44818987031396296
gi:17136810,gi:24652897,1,0.5630870393151591
gi:17737433,gi:24641567,1,0.43017984474239
O16011,gi:17647755,1,0.5773936039105294
gi:17136920,gi:19921578,1,0.3191132719944159
gi:19920688,gi:24659304,1,0.5106260481228514
gi:24654355,gi:24657054,1,0.5388937150927522
gi:21356965,gi:24658342,1,0.38538437529868286
gi:22023983,gi:24665016,1,0.5178054443688324
gi:21357975,gi:28574707,1,0.3911641694265703
gi:24582319,gi:24642267,1,0.44020824739445974
gi:20130121,gi:24582212,1,0.551812416732883
gi:24651028,gi:24661707,1,0.49103709286423325
gi:24639657,gi:24642744,1,0.5058597700471261
gi:24584494,gi:24654261,1,0.5130055079034541
Q01083,gi:21356741,1,0.5054300774156132
gi:21355917,gi:24649427,1,0.47380234841411406
P50887,Q24475,1,0.19777563655710187
P18502,gi:24583474,1,0.5355898321400347
gi:24642168,gi:28573671,1,0.15195013435619112
gi:19922686,gi:24653727,1,0.39387887625813817
gi:21356019,gi:24663011,1,0.4324242115953447
gi:24581572,gi:28571356,1,0.7470155656804254
gi:19920464,gi:24657070,1,0.5526331917262991
P09082,gi:24641790,1,0.5311209112919084
gi:24666933,gi:28571396,1,0.6191905275677214
O97420,gi:24639086,1,0.2480111256248787
gi:17136506,gi:24664226,1,0.5648249671799214
gi:17933532,gi:20128797,1,0.5036803891009454
gi:17136294,gi:24667132,1,0.4645255199486409
gi:24647864,gi:28573466,1,0.5761940854686972
gi:24584968,gi:24649312,1,0.4587934734565332
gi:19922868,gi:24644242,1,0.48827577173707937
gi:28571396,gi:28573598,1,0.5493509796783512
gi:24585053,gi:24668006,1,0.5123948881722675
P06603,gi:21358101,1,0.4351835289114045
gi:24585679,gi:28573590,1,0.4674706564196861
gi:18859961,gi:24661830,1,0.5062261443722177
gi:24658786,gi:24666694,1,0.35546994822541556
gi:17137454,gi:28574555,1,0.5092730337586099
P17276,gi:24644675,1,0.44130811262072894
gi:21357817,gi:24650248,1,0.49585374381071473
gi:24640029,gi:28558744,1,0.5712836709498593
gi:24641344,gi:24654465,1,0.7284552261234206
gi:20129237,gi:24585154,1,0.47869263128030554
gi:24582283,gi:24651247,1,0.5550517920093654
gi:19921758,gi:21357677,1,0.4600623151553537
gi:24640527,gi:24762376,1,0.5523688616009215
gi:24641555,gi:24648484,1,0.4643593466069589
Q9VJV9,gi:24656431,1,0.5109278649401197
gi:24642867,gi:24652770,1,0.5610164334453236
O17445,gi:28558744,1,0.4542709558257407
gi:24641480,gi:24648615,1,0.45367048520008735
P05205,gi:24638702,1,0.41954033807169644
gi:19921254,gi:21356397,1,0.3149070326148212
gi:21357869,gi:24649122,1,0.40503623311120035
gi:24642235,gi:24646073,1,0.4629682264590952
P49905,gi:20128963,1,0.5361163922976777
gi:21356973,gi:24762726,1,0.5294233213372824
gi:21357439,gi:21358429,1,0.430193518710628
gi:19920622,gi:24585459,1,0.4069152729475778
P17210,gi:24648690,1,0.4874044156750996
gi:20130085,gi:24582699,1,0.5054542012736227
gi:17530857,gi:24652897,1,0.6334617923901715
gi:21358129,gi:24668006,1,0.5260313288042351
gi:24652852,gi:28571396,1,0.4546774527630216
gi:21357161,gi:24668091,1,0.4372758698795258
gi:21355617,gi:24638625,1,0.49932491308155935
Q01644,gi:24659028,1,0.504765885748096
gi:21358507,gi:24640527,1,0.5139635007835578
gi:24652737,gi:24667211,1,0.5934785598280962
Q94524,gi:24639727,1,0.5042851477631415
gi:19921622,gi:24584167,1,0.589142662974319
gi:24640233,gi:24655968,1,0.4925368519430952
gi:24585813,gi:24655759,1,0.6556887096749068
gi:21357711,gi:28573264,1,0.4425196882598449
gi:20129887,gi:24641921,1,0.2800946351150989
gi:19921638,gi:24640986,1,0.47386407874671743
gi:24648981,gi:24649519,1,0.6288433043872956
gi:19922676,gi:24642261,1,0.5902141706445873
P49906,gi:17137296,1,0.41270211935556955
gi:24648668,gi:28571934,1,0.5197446175753002
gi:24582006,gi:24586621,1,0.47324948242971
gi:24585813,gi:24666240,1,0.5103697827000354
gi:20128999,gi:24639653,1,0.4375115278735177
gi:19921912,gi:24580765,1,0.4983799995249297
P82910,gi:17737533,1,0.48700477872565073
gi:24647367,gi:28574029,1,0.31580290121295523
P23023,gi:24585087,1,0.6546875434706769
P18459,gi:17136860,1,0.45591246214762626
gi:24586193,gi:28571891,1,0.452535324021972
gi:24585813,gi:28571825,1,0.4587721740844502
gi:17933750,gi:24650439,1,0.39686709270262394
gi:24647233,gi:24661455,1,0.44336658621214986
gi:24650577,gi:24652946,1,0.5433995734195172
gi:17933750,gi:24653322,1,0.36788034113640766
gi:21686985,gi:26080381,1,0.49110376442121284
gi:17137616,gi:24642808,1,0.6044107039987975
Q8INW0,gi:19921274,1,0.5537168314821143
Q9VZD5,gi:24651498,1,0.5526852241360655
P19538,gi:28573674,1,0.4454782836283802
gi:21355851,gi:24642916,1,0.5228148538385744
gi:24584167,gi:24652999,1,0.4831504829488915
P18171,gi:22024131,1,0.4234718238633977
gi:21356855,gi:24651524,1,0.5430096951408823
Q9VWA2,gi:24655153,1,0.4805021650051282
gi:20129961,gi:24641410,1,0.4732248636644463
P28159,gi:21357163,1,0.48449834351349413
P48603,Q94920,1,0.5317840226499323
P05389,gi:24657801,1,0.36296410807437957
Q9VCR6,gi:24585873,1,0.5518221589420966
O97420,gi:24655888,1,0.5411076925019567
P07185,gi:24667917,1,0.1899178170167087
gi:19922480,gi:24581719,1,0.5210225736514446
gi:18859977,gi:28571891,1,0.562865319635969
gi:21355167,gi:24667211,1,0.4296875772956783
gi:24646827,gi:24655751,1,0.4478863701775678
gi:24585981,gi:24650257,1,0.6052079184335155
gi:24583067,gi:24648668,1,0.42007505147419716
gi:18860055,gi:24668309,1,0.6018731245562984
O96860,gi:24651203,1,0.5432460771707
Q03017,gi:24653385,1,0.44172280745527176
P02835,gi:24654530,1,0.489238193000573
gi:24652789,gi:24664391,1,0.4850101473318432
gi:24645148,gi:24646017,1,0.5286426532839015
gi:17137224,gi:24664979,1,0.4780822795879968
gi:21356743,gi:24642836,1,0.4055860454540942
P13008,gi:24663802,1,0.6301873877221752
gi:19921856,gi:28573662,1,0.5241355093698639
gi:21357547,gi:24653595,1,0.4994406377851579
gi:19920376,gi:24585481,1,0.5520077459506665
P52295,gi:17136972,1,0.5769788560340706
gi:17136854,gi:19921356,1,0.43296322942397003
P13097,gi:24643151,1,0.4676728078191761
gi:24645425,gi:24657974,1,0.5258261391737595
Q9VTE5,gi:28573604,1,0.6409849382336167
gi:24581572,gi:24657671,1,0.7118472398496432
Q960T2,gi:24656362,1,0.4754365972369524
Q960T2,gi:21355653,1,0.4658636991781136
gi:17647459,gi:19921494,1,0.3673176740183414
gi:24655153,gi:28572055,1,0.5677136660113729
O62622,gi:24657109,1,0.5120132660832358
gi:24644250,gi:24665132,1,0.5181926595240848
gi:20130017,gi:20130269,1,0.3402289792849127
gi:20130151,gi:24638868,1,0.5676789466748926
gi:18860011,gi:24640689,1,0.39490765039450315
Q24260,gi:24643447,1,0.49851238029080636
gi:20129949,gi:24668429,1,0.4910558356446233
gi:19922024,gi:20130151,1,0.4713060838247622
P10987,Q94514,1,0.6083463181227317
P18432,gi:19920630,1,0.6170709493459554
gi:24654828,gi:28573431,1,0.423279784969128
gi:23397595,gi:24644119,1,0.7195792075131257
gi:24645177,gi:28571678,1,0.5056806903669667
P02518,gi:18858205,1,0.4492560715512654
Q9VJE5,gi:20428645,1,0.44304727900143764
gi:24652930,gi:24662650,1,0.4696889322766001
gi:20129481,gi:21357753,1,0.5291156587356401
P40945,gi:24644642,1,0.5994778925933725
P23757,gi:24648840,1,0.5522789131057195
O77259,gi:24649427,1,0.40257296791729086
P13469,Q24564,1,0.582615395169444
gi:24580965,gi:24656355,1,0.48019694772230237
gi:17737749,gi:18543197,1,0.5263151446209136
gi:17136692,gi:24667117,1,0.438678219327842
P07187,gi:24642021,1,0.5346685046731289
gi:24649976,gi:28574553,1,0.29605037474924845
gi:19920436,gi:24650009,1,0.43404286344123993
gi:19920688,gi:24584007,1,0.42180963001992094
O16011,gi:24654383,1,0.6808879720842106
gi:19920912,gi:24645413,1,0.5838810848847951
P48593,gi:24642547,1,0.3008374914526539
gi:21355715,gi:24583726,1,0.5874751979088004
Q960T2,gi:24762324,1,0.4935045602404366
gi:24586098,gi:24647285,1,0.42707115638386534
P13060,gi:24652518,1,0.49595076230548557
gi:21355851,gi:24653614,1,0.41697582416789747
gi:20128865,gi:24652438,1,0.509011971173303
P07909,gi:24585156,1,0.37525660857750964
gi:24581314,gi:24665583,1,0.429303929849345
gi:17933604,gi:24653584,1,0.4692453547527721
gi:24647609,gi:24657218,1,0.5343549653937902
P02835,gi:24644057,1,0.5320419461731404
gi:24582212,gi:24649327,1,0.42906199187874794
gi:17864566,gi:24651625,1,0.46521266288804686
P00444,gi:24664458,1,0.49909511861215017
P10041,gi:17136520,1,0.5374152251167511
P13395,gi:24583218,1,0.510412811717271
gi:19921758,gi:24583355,1,0.5352933350937731
gi:24655644,gi:24666323,1,0.5733726726400782
gi:24582746,gi:24658492,1,0.4734127553002145
gi:19921710,gi:24660989,1,0.48785728561087993
gi:24582741,gi:24646737,1,0.5740467178302779
gi:19920448,gi:24664199,1,0.559830478256495
gi:24665821,gi:28573115,1,0.4955278289456567
gi:20128953,gi:24639609,1,0.5125397967764329
P10987,Q9W2U9,1,0.5750632342836088
gi:24583332,gi:24641957,1,0.44844924485337834
O44783,gi:24645553,1,0.5340715434681855
gi:21355869,gi:28558748,1,0.5176466371194478
gi:19920808,gi:24649080,1,0.502281402385789
gi:24654644,gi:24664458,1,0.5040958764167698
Q9W5U2,gi:24643118,1,0.5255524289400152
gi:20130199,gi:24655577,1,0.48260946754665035
gi:24583726,gi:28574115,1,0.5697273186592513
gi:21356677,gi:21357761,1,0.5070890913776323
Q9V7D2,gi:24644026,1,0.4862564541518305
P14130,gi:24582104,1,0.5517965952538532
P40320,gi:24667917,1,0.41905860691613406
gi:18543285,gi:22024244,1,0.523973434585285
gi:19920776,gi:24654325,1,0.5848283808194225
Q9XTM1,gi:20129011,1,0.47562567259222494
gi:17864418,gi:24583827,1,0.4594775097049099
gi:21357875,gi:28571396,1,0.486892911339025
P54367,gi:24641790,1,0.493047532481193
P52304,gi:17737871,1,0.5229566992666936
gi:24580619,gi:24642517,1,0.4626274032725792
gi:20128977,gi:21357837,1,0.5654085634069498
Q24117,gi:21358019,1,0.5931744916064555
gi:24582306,gi:24652846,1,0.5796237439097012
Q9VTF9,gi:24655888,1,0.5116510952698172
P29310,gi:24655036,1,0.49634418263002844
gi:22026831,gi:24639687,1,0.40817756407962436
P16378,Q06559,1,0.5485277358919656
O77051,gi:24640959,1,0.49789597752782044
gi:20129739,gi:24651247,1,0.5630325343847548
gi:24582383,gi:24584056,1,0.474747712266096
P22464,gi:19921838,1,0.5156958678277507
gi:24650658,gi:24650873,1,0.48592381414665997
gi:24582540,gi:24650737,1,0.5055524609488895
gi:19921872,gi:24645869,1,0.4465465974329907
P42287,gi:24647609,1,0.4237326687009367
gi:18543285,gi:24641555,1,0.5791608694347473
gi:19921140,gi:24762491,1,0.5207658183919208
gi:17647979,gi:24639715,1,0.5217998221808469
P07183,P31009,1,0.615527736199781
gi:19921002,gi:24640578,1,0.5793864520285996
gi:24584906,gi:24644242,1,0.5345200216768405
gi:24585132,gi:24653536,1,0.38202147801848974
Q03017,gi:28574009,1,0.49186012180858396
Q9VC27,gi:24656486,1,0.5729986613676745
O46106,O76912,1,0.5102985454641762
gi:17137102,gi:24649996,1,0.506972751604471
gi:21357817,gi:28573563,1,0.5019980499556292
gi:17864630,gi:24583965,1,0.5825271565193623
gi:24658229,gi:24666997,1,0.5732459947792493
gi:20128985,gi:24661936,1,0.5494951376793793
gi:20129399,gi:28573662,1,0.5061105826827739
gi:17136412,gi:24659210,1,0.4878979157091933
P15330,P31009,1,0.5610053142944837
P18502,gi:18858069,1,0.5185307572091277
gi:24645581,gi:28574920,1,0.4319059624131105
gi:17864566,gi:24662634,1,0.4024789682595714
gi:21357417,gi:28571147,1,0.4521066714968534
gi:24666323,gi:28574757,1,0.42225273862242185
gi:21357969,gi:28574726,1,0.5451384385428457
O46036,gi:17136378,1,0.4596520553499719
gi:18921097,gi:24585384,1,0.5659205786837415
O97125,gi:24652940,1,0.4981953626330512
gi:24642882,gi:24649473,1,0.48466798420133816
gi:20129835,gi:28571789,1,0.5808360574958947
gi:20128863,gi:24640233,1,0.5008400983969103
Q9W3R7,gi:24650924,1,0.48728474303128744
P23779,gi:21355581,1,0.4573662920523465
gi:21355361,gi:24654854,1,0.42258235759963747
Q9W0K4,gi:28571515,1,0.5161787070332086
gi:17933688,gi:24655153,1,0.5071226334872075
gi:17137620,gi:24647343,1,0.5352758753587947
gi:17647581,gi:24659086,1,0.5312334465998116
gi:20129277,gi:24663027,1,0.44595047544609434
gi:24656759,gi:28573879,1,0.5343454840801145
gi:20129291,gi:24642719,1,0.5109117308132649
gi:19922794,gi:20128797,1,0.4908456266834289
gi:19920696,gi:28573010,1,0.5314270318320883
Q27350,gi:21355075,1,0.43121316312618674
P14734,gi:21358569,1,0.42720030560094135
gi:20129579,gi:22026831,1,0.5857581379527029
gi:20129859,gi:24664652,1,0.5877617468549634
gi:21358569,gi:24640689,1,0.57330801417502
gi:24650814,gi:28571865,1,0.45302628251877597
Q9V407,gi:17933748,1,0.518482009732721
gi:17136692,gi:24649952,1,0.48265978140675175
gi:17137234,gi:28573879,1,0.5225901706579101
gi:17864630,gi:24648981,1,0.6760713829916057
gi:24641357,gi:24668519,1,0.42285932785742314
gi:20130085,gi:24648195,1,0.49628376622320053
gi:21358333,gi:24665661,1,0.5262509549955207
Q9VPS5,gi:24642256,1,0.481062258103451
gi:19921274,gi:24645058,1,0.4247730308210919
gi:24650575,gi:30923711,1,0.5021776878958606
O76924,gi:24581719,1,0.5942280447194555
gi:21357145,gi:24661359,1,0.5868362558505118
gi:24585358,gi:24665042,1,0.5667207405611556
gi:18859825,gi:24639715,1,0.5285648011923831
gi:24582283,gi:28571108,1,0.510664740469928
Q24404,gi:19921566,1,0.2226473599255053
O16797,gi:24585236,1,0.4800425690232478
O16867,gi:21357365,1,0.5214897644641913
gi:21355117,gi:21357483,1,0.7313174629901413
gi:18859825,gi:20129437,1,0.4428003294901179
gi:19922896,gi:24664105,1,0.5738188109897072
gi:23397621,gi:24646737,1,0.6862851413332347
gi:18859989,gi:21356733,1,0.5045851314989822
P49905,gi:24648828,1,0.3972266071192074
gi:21358111,gi:23397621,1,0.6086367665287905
O16797,gi:24638995,1,0.44583668232679735
P02835,gi:24650192,1,0.4601800585817565
gi:24583965,gi:24646212,1,0.6057455324400909
gi:21357113,gi:24581976,1,0.5113769946546379
gi:24582598,gi:24657185,1,0.523907772994981
P08182,gi:24645148,1,0.4566137712098182
O16797,gi:24641148,1,0.47703116147231145
Q24141,gi:24650979,1,0.5576400738826683
gi:19922918,gi:24656362,1,0.6373852962668666
gi:21355717,gi:24648409,1,0.4484121374688724
O44226,gi:24582306,1,0.41653834215097474
gi:18858231,gi:24581719,1,0.4424733518042409
P82147,gi:28574303,1,0.44692642379693526
P28159,P49905,1,0.5248772819715408
gi:17137620,gi:21355873,1,0.5945919369507277
gi:24646318,gi:24663861,1,0.5467398763378731
Q9VES1,gi:24661136,1,0.48811283344207235
gi:21358247,gi:24644498,1,0.6376822261973499
gi:24645769,gi:24655153,1,0.4442927512877918
gi:21357903,gi:24646365,1,0.6063138092446309
Q24311,Q24564,1,0.6450808015165652
gi:18858055,gi:24655741,1,0.4996536839637324
gi:21355657,gi:28571660,1,0.5080589003338527
gi:28574726,gi:28575006,1,0.4376686112592707
gi:28574303,gi:30923558,1,0.4003047885741573
P82910,Q24404,1,0.47284937277862943
gi:19920688,gi:24640289,1,0.6651963530420857
P50887,gi:24582926,1,0.447863209665779
gi:24646928,gi:24662753,1,0.49056099227716005
gi:21355719,gi:24668816,1,0.4493295453948873
P25867,P42325,1,0.44643741965128886
Q9U1M2,Q9W1C9,1,0.5064099078496166
P11455,gi:20129101,1,0.5120901612188055
Q02361,gi:24644207,1,0.5273643036756717
Q9W1P7,gi:24646114,1,0.547482514932668
O97067,gi:19922518,1,0.5760655822532751
gi:20129859,gi:24646318,1,0.5786652289016715
gi:21357365,gi:22024283,1,0.75670451298763
gi:21355581,gi:24656982,1,0.5492369068710449
gi:20129745,gi:24581719,1,0.43918321390285053
gi:18858101,gi:24662518,1,0.44723802887423775
gi:18857963,gi:24582757,1,0.5280029404893654
gi:18859929,gi:24653562,1,0.35213771244751535
gi:17136258,gi:24584547,1,0.6669484903096021
gi:24642799,gi:24648574,1,0.5297608090963531
P41374,gi:24647050,1,0.6123535739648014
gi:21355379,gi:21356041,1,0.31420332821508806
gi:17738007,gi:24586270,1,0.47060503889955224
gi:17137220,gi:19922172,1,0.47961900019223885
P02824,P92208,1,0.54580671783668
P55841,gi:24649797,1,0.4657881980844593
P18432,gi:24655577,1,0.38131692343180873
gi:21357511,gi:24584547,1,0.578621995750999
gi:17137234,gi:24583799,1,0.5712602147772277
gi:24652852,gi:24657782,1,0.5597430363712567
gi:21358085,gi:24581719,1,0.3794775827235781
P18102,gi:21357479,1,0.4486099321776647
gi:17864328,gi:24665583,1,0.5288617005451013
O44437,gi:20129565,1,0.5048756970136166
gi:24648198,gi:24651939,1,0.3803229604371458
P23757,gi:28571495,1,0.5638392749451027
gi:22024201,gi:24650284,1,0.49410514365564534
gi:24656270,gi:24666879,1,0.5249565326794606
gi:24659210,gi:28574527,1,0.49966952297607314
gi:23397623,gi:24657684,1,0.35406662663174676
gi:17352479,gi:24642517,1,0.586604989449881
gi:24585242,gi:24649646,1,0.6069590178959944
gi:24639715,gi:24653350,1,0.5688308914021418
gi:19921136,gi:24641919,1,0.22977847958325762
gi:24582592,gi:24650097,1,0.4767184486541509
gi:21357211,gi:24657671,1,0.7759406113316373
gi:20129129,gi:21687133,1,0.6223157769720162
Q05856,gi:21355163,1,0.3918631250367672
P18102,gi:17136732,1,0.5836928968825156
P92208,Q9VHP2,1,0.48634573736872927
Q9U1H9,gi:24646664,1,0.5767454560311858
gi:17647979,gi:18858137,1,0.5794428396531125
gi:24583929,gi:24644819,1,0.4362139313105815
gi:24584547,gi:24655187,1,0.6259374903345055
Q02926,gi:17136728,1,0.6451458744539602
gi:24645887,gi:24653690,1,0.5085511459054954
gi:24649564,gi:24655555,1,0.5430104545291496
gi:18859961,gi:24650208,1,0.45951855067719216
P07207,gi:24584494,1,0.37885304014859816
gi:21358339,gi:24665821,1,0.4120705023806293
P48555,gi:24656486,1,0.5116803383085554
gi:21357171,gi:24650670,1,0.5748994335253741
Q24141,gi:24639581,1,0.47155705834219525
gi:19921140,gi:24653061,1,0.547396318517648
Q9W1Y1,gi:21357761,1,0.5178592638033862
gi:24642517,gi:28573486,1,0.5949102369950436
gi:24652842,gi:24663462,1,0.487392115657979
Q9V6G5,gi:24651326,1,0.5327711171240128
gi:24646434,gi:24648401,1,0.5385249839594145
gi:17137074,gi:24663250,1,0.44677179630577923
gi:24656168,gi:24657218,1,0.45303528760603134
gi:18543215,gi:24640233,1,0.6057590172655867
P42003,gi:24641921,1,0.5619682532362645
gi:24581168,gi:24644057,1,0.5370571917087306
gi:20129301,gi:24646316,1,0.56633892759293
gi:19921326,gi:24581787,1,0.5115755227898391
gi:24646420,gi:24652930,1,0.594279100193144
Q9W2N0,gi:24642021,1,0.4719922644373803
gi:24639687,gi:24664652,1,0.4434022439809136
gi:19920436,gi:24650914,1,0.4749702220349365
P19538,gi:24666434,1,0.5579128234292586
gi:21358615,gi:24581901,1,0.38396705749182636
gi:24586353,gi:24649452,1,0.4687319880011208
Q9VGS2,gi:18859929,1,0.4911254052987068
gi:24638774,gi:24646827,1,0.5004807134898508
gi:21355909,gi:24653649,1,0.5099444033422833
gi:19920344,gi:24645967,1,0.4495672099703364
P16163,gi:24646600,1,0.44703339475216824
gi:17737655,gi:24646928,1,0.4983996584496666
gi:24647685,gi:24657364,1,0.4632026304429209
gi:20130399,gi:21357181,1,0.5080615422956956
gi:24638691,gi:28571412,1,0.4461443908624875
gi:20130085,gi:24583012,1,0.6552110243108039
gi:24640777,gi:24663462,1,0.727564036535086
P16378,gi:24585027,1,0.5316689212078982
gi:24642261,gi:24657160,1,0.7024824858297383
gi:19922560,gi:24640599,1,0.6085102421639185
gi:17137238,gi:24647058,1,0.5683814613509214
gi:24641616,gi:24649007,1,0.6053432609106857
gi:18921145,gi:19921830,1,0.49462467583778785
gi:19920696,gi:20128797,1,0.5913081821003883
gi:20129291,gi:24586067,1,0.5304590721531487
gi:24642517,gi:24651526,1,0.5355605715195475
Q9VDD9,gi:28573544,1,0.5505409128718572
gi:20129227,gi:24655153,1,0.5955132671396984
gi:18860011,gi:24668309,1,0.5113880881177797
gi:24647385,gi:28574726,1,0.5155326890222485
P51123,gi:24650248,1,0.49271294129195753
O77434,gi:24639396,1,0.44964399673890393
P48149,gi:30923655,1,0.45682036264678
gi:20129291,gi:24656494,1,0.528016113319825
gi:21357915,gi:24655474,1,0.5321422471593663
gi:24584835,gi:24586048,1,0.49093695884452354
gi:24641555,gi:24667285,1,0.5368648629958539
P08182,gi:24641946,1,0.5201601646922341
gi:24639508,gi:28573662,1,0.4912284242101006
gi:24583067,gi:24648198,1,0.26732035662619574
P16371,Q01070,1,0.4242902927251904
P13060,gi:18860545,1,0.4975611366382334
gi:24644819,gi:28574316,1,0.39444846147900975
gi:21357817,gi:24657782,1,0.4974581362714533
gi:24640164,gi:24641553,1,0.6637801993914764
gi:24581572,gi:24651939,1,0.4930221659039236
gi:24645446,gi:24657782,1,0.5667696093209389
gi:21356083,gi:24642559,1,0.4880792597704073
gi:24640344,gi:24643052,1,0.5559701405930517
gi:21357761,gi:24651212,1,0.5211225001377359
gi:21357211,gi:24644250,1,0.4352504718115091
gi:17933748,gi:24664132,1,0.4546134010365328
gi:21358145,gi:24657619,1,0.493442751165562
gi:18857963,gi:28574903,1,0.5259216374047971
gi:21357781,gi:24667117,1,0.5792999130860791
Q9V8K2,gi:17137758,1,0.5936561149437124
gi:21355917,gi:28573310,1,0.44295601459138056
Q9W5R8,gi:21355851,1,0.5354795762752715
gi:24582879,gi:24650348,1,0.5920801883933695
gi:17137760,gi:24646369,1,0.5241487669268656
gi:24583947,gi:24584039,1,0.46915346442949396
gi:24665583,gi:28573576,1,0.6733826718779675
Q9VCZ8,Q9VW56,1,0.6575737158496888
Q9VQQ9,gi:17985991,1,0.5259432800577128
gi:21356355,gi:24582788,1,0.5383444118470083
Q9VNE9,gi:24654017,1,0.5362774776042576
gi:18859807,gi:24644592,1,0.4768711841826531
gi:18858231,gi:24586562,1,0.46645188584043773
gi:17136846,gi:20129967,1,0.4375231701103156
gi:18543301,gi:21356211,1,0.6040987112779125
gi:17137616,gi:24641148,1,0.48426022461966245
P42325,gi:17136926,1,0.44664579628766915
gi:24650714,gi:28571447,1,0.4643809414541938
gi:24580731,gi:24663131,1,0.6486343892028485
gi:20129945,gi:20129967,1,0.5482821058381719
O44783,gi:24660872,1,0.4706800027210433
gi:19921312,gi:24647498,1,0.3012281204507651
gi:24647609,gi:24652737,1,0.4805748066182293
gi:24647779,gi:24648643,1,0.4847728052014268
O96860,gi:24641792,1,0.5800312634234311
Q8INW0,gi:24583474,1,0.6006103393065481
P16378,gi:24650658,1,0.4560503764394422
gi:24640704,gi:28573034,1,0.5522764729393214
gi:19920906,gi:21358181,1,0.5190315294340638
gi:24583929,gi:24639806,1,0.5887751638711473
gi:24583067,gi:24645553,1,0.4149572571854995
gi:17998687,gi:24645621,1,0.41076802780762195
gi:21355799,gi:24646593,1,0.3729695222874158
gi:19920448,gi:22024255,1,0.49314065404863744
Q9VGX3,gi:24581572,1,0.7112958099181148
gi:24583803,gi:28573590,1,0.5563676814576304
P19538,Q9V8K2,1,0.5064669587309035
gi:20129291,gi:21355477,1,0.4746335064518145
gi:24652946,gi:24654441,1,0.4993031769821379
gi:21355851,gi:24582755,1,0.5231092276736136
P36241,gi:21357223,1,0.34560191018992464
gi:24647609,gi:24668551,1,0.46722618972515717
gi:24641097,gi:28574582,1,0.6195206751157349
gi:24639885,gi:24641480,1,0.4069492507120793
Q24564,gi:24582516,1,0.509442113657839
gi:17647757,gi:21358161,1,0.48065332501281344
gi:24581089,gi:24668026,1,0.5173185532483031
P40796,gi:24657567,1,0.5446333421109877
Q8INW0,Q94981,1,0.4940236177723689
P55828,gi:24652882,1,0.5923907952663097
gi:19922030,gi:24646485,1,0.5257769499129858
gi:19922196,gi:24650013,1,0.5117132486303336
P54611,gi:24661689,1,0.4103122623376893
gi:24585242,gi:24659451,1,0.5024976660278558
P40427,gi:20129901,1,0.49296406533355186
gi:17137616,gi:24640959,1,0.5020990368069971
gi:20129369,gi:28571955,1,0.481016107314137
P07183,gi:24655121,1,0.8586498278572471
gi:24643497,gi:30923655,1,0.45334556463296755
Q24400,gi:30923613,1,0.41742397369085465
gi:21356927,gi:24661136,1,0.7647540712953355
gi:21355365,gi:24652720,1,0.5916900223431466
gi:19920376,gi:21357913,1,0.5309462586837117
O16011,gi:17737881,1,0.5303257551623888
gi:18858125,gi:20129865,1,0.47717225822229953
gi:21356415,gi:24668338,1,0.456537344574742
gi:17137760,gi:24650658,1,0.5690539643264293
P41093,gi:28573799,1,0.4359181995993455
gi:19923016,gi:21357677,1,0.5641026370666657
P49905,gi:24646440,1,0.4956183549510189
gi:17137488,gi:21357999,1,0.5210282332613733
Q9NJH0,gi:24648776,1,0.5802141885717657
gi:18860099,gi:21355719,1,0.48284947437101533
gi:24649952,gi:28571487,1,0.5836082600118723
gi:17137752,gi:24640704,1,0.47878528488090005
gi:19921254,gi:24585236,1,0.36888353307026217
gi:24640164,gi:24647702,1,0.42556156038209797
gi:24639936,gi:24654828,1,0.5053189160563268
gi:24638845,gi:24640233,1,0.5837233426825865
gi:24586550,gi:24641831,1,0.5055536751316821
O18640,P40427,1,0.4917695439861203
P23757,gi:24659060,1,0.5443606477556276
gi:24647508,gi:24655153,1,0.5220993139742061
gi:22024141,gi:24582212,1,0.3727703606679125
Q24564,gi:28574726,1,0.41470692169566525
gi:17647755,gi:28573310,1,0.4766006026085524
gi:24583929,gi:24645538,1,0.6071165193003912
gi:21358201,gi:24654636,1,0.5180257072936417
P17276,gi:21357023,1,0.5005899105354495
gi:24581425,gi:28574903,1,0.47533434001227165
Q9VQQ9,gi:24667207,1,0.48860183155351916
gi:18859833,gi:20129563,1,0.5785304031856435
gi:18857963,gi:24655153,1,0.4869396597989961
gi:17864444,gi:24659237,1,0.563476354513942
gi:22024283,gi:24643702,1,0.5444132483834957
Q9VEX9,gi:20129903,1,0.4810154369903755
P48461,gi:24642367,1,0.5178658940656607
gi:20128901,gi:21357417,1,0.5368244293658198
gi:19920978,gi:24638571,1,0.5218166038174449
gi:21357953,gi:21358161,1,0.5168104649409067
gi:17647281,gi:24668824,1,0.41099137175311606
gi:24642884,gi:24667330,1,0.4807125324709943
P23696,gi:24644214,1,0.44527121017037286
gi:24666579,gi:28572018,1,0.5393898905024368
P23696,gi:21355717,1,0.47511110155981257
gi:24647572,gi:24667246,1,0.5953036362975639
gi:24584296,gi:24640672,1,0.4273604981222663
gi:24581719,gi:28574406,1,0.451854711927368
gi:21356727,gi:24641209,1,0.3752417337670324
gi:24646318,gi:24647905,1,0.5344143498740621
Q24564,gi:24580900,1,0.44991728584537116
P07487,gi:24640903,1,0.5097286243765062
P49258,gi:24586270,1,0.6316573634805835
P50882,gi:17647723,1,0.5616509991937237
gi:21356313,gi:21357761,1,0.5648596320141492
gi:18859635,gi:20129067,1,0.6596341070369904
gi:20128797,gi:24658772,1,0.716662216056714
gi:21357875,gi:21358039,1,0.5297919521973076
gi:24586472,gi:24640599,1,0.5357818176401834
gi:24642799,gi:24644242,1,0.524938735881511
P19538,P41044,1,0.49777018937692896
gi:24580513,gi:28574443,1,0.49037708381017237
gi:17137710,gi:24586562,1,0.5688621305401834
Q24117,gi:24663861,1,0.6266278052558945
gi:24642588,gi:24658370,1,0.34532403190189814
P48149,gi:28574150,1,0.5899255069995814
gi:19920424,gi:24644778,1,0.5681911353928942
gi:18859825,gi:24652268,1,0.48487658632523545
Q24297,gi:20129565,1,0.5445472515998326
Q9VGX3,gi:20128901,1,0.42449455935308966
gi:17137452,gi:24644214,1,0.4961522502035163
P42325,gi:24640777,1,0.45011552609967675
gi:17316365,gi:24655474,1,0.5331634717804962
P41093,gi:18859961,1,0.35920300129298194
gi:20130331,gi:24655170,1,0.5490942050184509
P39572,gi:20128797,1,0.5849314219118045
gi:19922186,gi:24583724,1,0.5333884391244483
gi:19922260,gi:24653385,1,0.4934311277939789
gi:24585943,gi:24586621,1,0.59422097343668
Q9VUJ0,gi:28558744,1,0.5105746457958662
gi:17864256,gi:24650814,1,0.42737845990706674
Q9VGX3,gi:19923044,1,0.507987568147046
gi:17737533,gi:18079297,1,0.5557093163651584
gi:17933748,gi:18859851,1,0.4857270420894209
P13096,P13097,1,0.47480882356202414
gi:24667063,gi:28573427,1,0.5327779748343979
gi:21355641,gi:21357653,1,0.5585946821844346
gi:21358025,gi:24642628,1,0.5727270071579342
P21461,gi:24653385,1,0.44985980602484527
Q9V4Q0,gi:28571934,1,0.6080268264691082
gi:24650530,gi:28571660,1,0.5131321865309494
gi:19921976,gi:24656346,1,0.5496507633864542
gi:19921312,gi:28572120,1,0.4238058053237186
gi:21355681,gi:24643375,1,0.4360798428096556
gi:21355613,gi:24586311,1,0.4835433225513766
P07666,gi:20130125,1,0.42810062449926833
gi:24647638,gi:28573846,1,0.47310284221158494
gi:19922516,gi:24650658,1,0.5174145174461666
gi:19923028,gi:24650124,1,0.4415245436209849
P42287,gi:28573662,1,0.5093263373114975
Q95028,gi:21687092,1,0.40477439956812855
gi:24580914,gi:24645053,1,0.49552356194055724
gi:18858055,gi:28574675,1,0.4893046674698574
P54733,gi:20129061,1,0.4235605192263999
Q9U3Y5,gi:24657054,1,0.5443505989917325
gi:18859713,gi:24663043,1,0.4595733576011372
Q24564,Q9Y0A7,1,0.5107669126235945
gi:17737655,gi:28573879,1,0.5597146165085606
gi:21357995,gi:24644242,1,0.508169204320788
P02824,gi:24644057,1,0.5142429202967641
Q9XZT0,gi:28573563,1,0.5619087050730881
gi:20129941,gi:24583827,1,0.44180014027016545
Q95YI5,gi:24656137,1,0.708158865504385
gi:28573278,gi:28574742,1,0.4445966862346941
gi:24659829,gi:28573133,1,0.5750871546773364
gi:19922676,gi:24666442,1,0.5487728806986858
gi:21358165,gi:24656026,1,0.562540244252979
gi:24643702,gi:24651265,1,0.4065181782735205
gi:24640804,gi:24652999,1,0.6170181002156752
gi:18859635,gi:24641935,1,0.64453556955929
gi:21357875,gi:28571445,1,0.5605180073788154
gi:24640042,gi:24663043,1,0.5449885690912684
P34739,gi:24646369,1,0.5017250558204321
gi:19921140,gi:28573034,1,0.5971801027438514
gi:18858125,gi:24658086,1,0.499389080369571
Q9V3P0,gi:18858235,1,0.4200066186035303
P91929,gi:24642543,1,0.502088823850907
gi:19923032,gi:24645902,1,0.5670847286813183
gi:24642267,gi:24648690,1,0.5317793938992028
gi:20130085,gi:21356453,1,0.6292902814842052
gi:17933736,gi:28572980,1,0.5398884791426063
gi:21355617,gi:28574950,1,0.588735755592335
gi:24581205,gi:24665297,1,0.4234822510364971
gi:17738153,gi:24645309,1,0.5013182656753139
gi:24642517,gi:24651179,1,0.5768753954451418
gi:21358455,gi:28573403,1,0.4408212511847299
P48603,gi:24657891,1,0.449412910327553
Q06559,gi:19920912,1,0.5143260882928304
gi:21355911,gi:28573563,1,0.5142529450372546
gi:19549546,gi:24666323,1,0.503413247970186
gi:24639885,gi:24663035,1,0.7227248638041345
gi:24646530,gi:24657454,1,0.5376419537865069
gi:24582306,gi:24643634,1,0.40826438229581724
gi:24651006,gi:24659166,1,0.5293533554771856
gi:19921648,gi:24663336,1,0.5279295265686054
P29310,gi:17737425,1,0.5052652435237931
O02195,gi:24665229,1,0.48496667400929616
Q24423,gi:24650782,1,0.6975223634816105
gi:21355717,gi:24581838,1,0.5100341261413869
P00528,gi:24657023,1,0.598742131373959
Q01644,Q9V9S8,1,0.30455306481878147
gi:24646718,gi:24650658,1,0.5564461776521749
gi:18858161,gi:24581467,1,0.48884322756386095
P19538,gi:24583873,1,0.48876743103470577
gi:21356695,gi:24650284,1,0.5240799940744779
gi:17864128,gi:22024059,1,0.5167184020782781
Q23985,gi:24641732,1,0.3701732309241819
gi:24645058,gi:28573817,1,0.5097080602196139
gi:24642563,gi:24666323,1,0.5889804020394042
gi:21687092,gi:24641578,1,0.4844043175569405
gi:17864274,gi:24642484,1,0.4854837675405128
gi:20129403,gi:21357099,1,0.49688712354365644
Q9VZS3,gi:21358103,1,0.5081923890052038
P11455,gi:24662384,1,0.2961770313838682
gi:17137452,gi:24585795,1,0.41054525282357335
Q24117,gi:28572043,1,0.5401523798492001
gi:20128863,gi:28571965,1,0.41231555125752833
Q06559,gi:24665661,1,0.5278141421515066
gi:24583965,gi:24648127,1,0.53230785486698
gi:24647885,gi:24667833,1,0.46526789704445665
P35415,gi:18858161,1,0.5282693219239764
gi:19921648,gi:24642867,1,0.5366642119808811
Q9Y0I1,gi:24649671,1,0.4825507581977292
P11147,gi:19920776,1,0.4786299414189157
gi:19922186,gi:24585132,1,0.46074100372142957
gi:17137528,gi:19920866,1,0.7802158327127185
P19538,gi:24666933,1,0.5659884741866287
gi:17137296,gi:21358569,1,0.44773187038009765
gi:18858161,gi:24639687,1,0.47847340429656854
gi:24585205,gi:24663304,1,0.507707432205418
gi:24643151,gi:28573467,1,0.38334039978514817
P82711,gi:24646114,1,0.5530001545982902
gi:22026843,gi:24659100,1,0.5436873337511894
O16797,Q24395,1,0.669440809723513
P49258,gi:24647845,1,0.4172735409194057
gi:17137620,gi:20304109,1,0.5088802032013404
gi:21357669,gi:24664023,1,0.3628959606831471
P91928,Q960T2,1,0.4660958576459831
gi:24580731,gi:24581574,1,0.5694510131947743
P13008,gi:28573590,1,0.5560272627231807
Q9W5U2,gi:24582283,1,0.5173268329800301
gi:24641827,gi:24762726,1,0.5133613284680367
gi:19921140,gi:24639782,1,0.5195407842684987
P08175,gi:24649007,1,0.7482947713340524
gi:24642691,gi:24642884,1,0.5360847791891858
gi:24666818,gi:28573662,1,0.4938789966029178
gi:24643702,gi:24762418,1,0.5265652115662355
gi:20129291,gi:24658164,1,0.5715334313215746
gi:28571515,gi:28573466,1,0.48347623861296457
gi:18859717,gi:20128863,1,0.6169826718231316
gi:24581719,gi:28573264,1,0.5631460698664432
gi:17864162,gi:24666524,1,0.6138407044264885
gi:24647083,gi:24649452,1,0.5325253150098275
gi:22024201,gi:28574296,1,0.47087111648126134
gi:21355663,gi:28571519,1,0.47265759513495853
gi:17137700,gi:24654263,1,0.5240720741636461
gi:21356337,gi:24668563,1,0.5353439052480561
gi:19921230,gi:21356211,1,0.5562759665493221
gi:24581602,gi:24646718,1,0.5146713769818642
gi:24640211,gi:24643761,1,0.525282907482713
gi:24643731,gi:28571565,1,0.6191900343780504
gi:24652930,gi:24663292,1,0.4531580855433514
O61351,P48598,1,0.35612534514357275
Q9VG82,gi:21357145,1,0.4191574575422809
gi:24650124,gi:28573278,1,0.41912551792370656
gi:24645583,gi:24657782,1,0.4576029923093595
gi:24662431,gi:24762837,1,0.5669275801249368
P48603,Q9W1Y7,1,0.5104313541738448
gi:21355909,gi:28573173,1,0.49978276046202896
P17886,gi:24668309,1,0.6448758871321647
P10987,gi:28574893,1,0.562201051856536
gi:21356767,gi:24654383,1,0.6192426238477755
gi:24655577,gi:24665583,1,0.513868412042393
gi:24585813,gi:24649109,1,0.49560288285125914
gi:17136488,gi:24645058,1,0.521485002485086
gi:24643303,gi:24667117,1,0.49253936852717806
O18404,gi:19921710,1,0.49094542423628906
gi:17137586,gi:24639685,1,0.4499448556781535
gi:19921976,gi:21355873,1,0.4884459608698355
gi:24656168,gi:24657684,1,0.4924307934579195
gi:24655474,gi:24656764,1,0.4992630328172247
gi:19920692,gi:24584067,1,0.5354496495335843
Q9VHB6,gi:24667093,1,0.586801153977845
gi:20130425,gi:28573729,1,0.4528643514486684
gi:24585079,gi:24586621,1,0.5253927443009593
Q24117,gi:19921842,1,0.5593020341035025
gi:24645581,gi:24654828,1,0.44750187401222463
gi:24581248,gi:24660075,1,0.5775346706428871
gi:19920866,gi:24647508,1,0.6595305708760354
gi:21358161,gi:24659272,1,0.5293834023109887
gi:24580731,gi:24655095,1,0.5536265596075165
Q9W3C1,gi:24585358,1,0.5366705251407575
P29742,Q27350,1,0.4909298729853007
P08182,P18432,1,0.5151895163813776
gi:17864176,gi:18859635,1,0.49019460524551256
gi:20129227,gi:24666524,1,0.8364929135258737
gi:24762745,gi:28571506,1,0.520702354449544
gi:17864460,gi:21357019,1,0.5969522178311389
gi:21358201,gi:24586506,1,0.5365770932011051
Q9U405,gi:19921312,1,0.4674023624340812
gi:24585154,gi:24644638,1,0.5043118196854841
gi:24582370,gi:24646190,1,0.34776084721175954
gi:24665950,gi:28571481,1,0.4450416884443561
Q27350,gi:28573173,1,0.3744877505439569
P13582,P23938,1,0.5642312135794022
gi:21357593,gi:30923526,1,0.47428699606505054
Q9W3R7,gi:19920576,1,0.48548856065111373
gi:24655036,gi:24658110,1,0.5596313671675747
gi:24651451,gi:28573195,1,0.487456375699492
gi:21357455,gi:21358201,1,0.5075378099779824
gi:17737503,gi:24639414,1,0.6359007244594774
gi:21355603,gi:24641689,1,0.5948685982983274
gi:20130425,gi:24654479,1,0.3540986560720349
gi:24585313,gi:24653245,1,0.45634582723931183
P10084,Q01069,1,0.49393466472859643
P55828,gi:28573729,1,0.4923385415432128
gi:24584039,gi:24644242,1,0.6182881920377361
gi:24580513,gi:28573310,1,0.4875558796951827
gi:21355917,gi:24638894,1,0.4958780224138203
P15330,gi:24662048,1,0.4838938439518889
P41043,gi:21356265,1,0.49106125821395435
gi:24645869,gi:24658772,1,0.42523143453262147
gi:24667063,gi:28574764,1,0.5222081420387056
gi:20130357,gi:24640982,1,0.5343892973923315
P08175,gi:24666053,1,0.40022892022602197
gi:18859631,gi:24652686,1,0.4710465291326921
gi:17647155,gi:24656486,1,0.5696277884231133
P48149,gi:17737917,1,0.49814866090739873
P02517,gi:24640867,1,0.5722254841369872
gi:20130345,gi:24653649,1,0.47290636474276226
gi:20129291,gi:24762688,1,0.5425941564361396
gi:24638845,gi:24654644,1,0.5297905568445952
gi:22026843,gi:24644059,1,0.5399087491523764
gi:24582006,gi:24651377,1,0.44640251364891215
gi:24644422,gi:28573830,1,0.5054480763343637
gi:17864572,gi:24639687,1,0.4497711657816117
gi:24640777,gi:24657344,1,0.4758322644652588
P17276,gi:24639904,1,0.4619483729167685
gi:17737425,gi:19922166,1,0.5872468124521701
gi:20129433,gi:24584719,1,0.46487830650007256
gi:24649039,gi:24659282,1,0.5506072623816912
P17276,gi:24654471,1,0.4443528264809727
Q24338,gi:24645011,1,0.5068671276864274
Q24404,gi:28573684,1,0.7056923400742697
gi:20129291,gi:24663344,1,0.4760057511721975
O44783,gi:24654046,1,0.57601547141712
gi:17986113,gi:19922100,1,0.48247008961325943
P07183,gi:20128797,1,0.7878865817395032
gi:21356003,gi:28573310,1,0.422521639886981
gi:24585481,gi:24639304,1,0.6073685127974355
gi:24655153,gi:24667063,1,0.5246881124904035
gi:19922670,gi:24648044,1,0.2904199414539298
gi:24652999,gi:24663462,1,0.6498454600116532
gi:24640713,gi:24658772,1,0.5448266708802649
gi:24648981,gi:24663556,1,0.6840173370298687
Q24133,gi:24582210,1,0.5113932517663953
gi:21357969,gi:24583929,1,0.589779434078791
gi:21357117,gi:21358115,1,0.44986790739572835
gi:24642799,gi:24647638,1,0.5124798895947866
Q9VGS2,gi:21357761,1,0.5254306814345038
gi:24640672,gi:24652561,1,0.4645669913287647
gi:24655406,gi:24657160,1,0.6473238912329313
gi:24642021,gi:24666096,1,0.38393553942310094
gi:19920706,gi:20129369,1,0.43122356195891043
P20153,gi:24639926,1,0.5290687203300103
gi:24581314,gi:24585635,1,0.6003860541345615
P07666,gi:24646318,1,0.5078382863470776
gi:24584798,gi:24641831,1,0.6194489301557392
O02194,gi:24647648,1,0.5545038120678637
gi:18860537,gi:24652071,1,0.5546109407154786
gi:17647979,gi:24584032,1,0.5426615599108922
gi:19921122,gi:24640817,1,0.5227016958069975
gi:21356235,gi:21357495,1,0.49795492785692425
P21461,gi:24662159,1,0.5603253325817507
gi:18859837,gi:24583691,1,0.4444591400166472
gi:20130199,gi:24663511,1,0.5679628321426353
gi:20129433,gi:21358067,1,0.5991902556153389
P11420,gi:24650196,1,0.6229973600901619
gi:20129731,gi:21357495,1,0.5163963193459741
gi:17933676,gi:24650248,1,0.4125495096858552
gi:19922000,gi:24643530,1,0.48374156533743606
gi:24584043,gi:24640806,1,0.47825651924470264
gi:21355231,gi:24646827,1,0.37569810910451495
P17886,gi:24649499,1,0.503334574251088
gi:19921312,gi:24643702,1,0.6007328807228698
Q9V9A8,gi:22026880,1,0.4653255171443089
gi:24640959,gi:24664458,1,0.5007105983661164
Q9GU68,gi:17136412,1,0.5245925203814062
gi:24643439,gi:24649019,1,0.5632289659038329
gi:21355871,gi:24651599,1,0.6342504954814762
gi:24582096,gi:24658567,1,0.5316596743464129
Q24400,gi:24645058,1,0.6637723152837308
gi:24643911,gi:24668519,1,0.47971473116775204
gi:24581719,gi:28573830,1,0.5400717570469561
P19538,gi:24762491,1,0.5387059645832137
gi:24649080,gi:24662356,1,0.36077275070055725
gi:24640566,gi:24642123,1,0.4817461255652809
gi:17137760,gi:24649499,1,0.48886710249906284
gi:24581719,gi:24585943,1,0.539855005986555
gi:21356615,gi:28574582,1,0.4005305143198439
Q9NJH0,gi:24639541,1,0.4320305495784199
gi:17647335,gi:17647939,1,0.38441288485760955
P02843,gi:26080381,1,0.5027840821968037
Q8IGR0,gi:24641493,1,0.6296228156155028
gi:24650182,gi:24655228,1,0.5136983444436963
gi:24654479,gi:24659237,1,0.6345273268479223
gi:21358039,gi:24654874,1,0.46410352728246096
gi:19921422,gi:28571865,1,0.44683104798643003
gi:18860099,gi:24645887,1,0.44070828285754965
gi:17137732,gi:17933560,1,0.507505949049277
gi:20129433,gi:24649183,1,0.8313479766483383
O96860,gi:20129301,1,0.47023262289277673
P19538,gi:24667974,1,0.5261922038650015
Q24133,gi:24661136,1,0.5758317925087305
gi:24659451,gi:24664697,1,0.4546654484560789
gi:18543215,gi:24585156,1,0.45649696716490173
gi:21356777,gi:24648078,1,0.4940328649924747
gi:24582339,gi:28571445,1,0.47257168017681195
gi:19921554,gi:24581901,1,0.480501795836877
P07207,gi:17137572,1,0.4771729253295862
gi:24643822,gi:28574529,1,0.5392713537763076
gi:24640005,gi:24647143,1,0.4739585074480219
Q27324,gi:24651454,1,0.4959753392576486
gi:24580841,gi:24585681,1,0.4079154422685034
gi:24580674,gi:24639569,1,0.5531044300605354
Q9VD25,gi:24584828,1,0.6143686223886754
Q8INW0,gi:19921036,1,0.589864068978023
gi:17137764,gi:24640631,1,0.47638819579378316
P19538,gi:24639681,1,0.43641212704593946
gi:17136378,gi:24762779,1,0.4698021009741793
gi:21357871,gi:24585051,1,0.5152866097912192
gi:18857963,gi:24639659,1,0.5242690864366908
gi:19920932,gi:24656644,1,0.539967509675479
Q9VVT2,gi:24641042,1,0.4349473414417312
gi:19920978,gi:24653514,1,0.4625223353337114
gi:17137344,gi:24582858,1,0.5206263436132487
gi:18543285,gi:24640430,1,0.5913249649816253
gi:17864566,gi:17986187,1,0.5395280408641608
Q9VRJ8,gi:24651589,1,0.5062247401993519
gi:21357363,gi:24654677,1,0.3283481276205572
gi:20130199,gi:28574582,1,0.6996560271620984
Q24117,gi:19922680,1,0.5014324379970371
gi:17737805,gi:28573207,1,0.5670445928335127
P11147,Q24570,1,0.33974900838267025
gi:21356741,gi:21357023,1,0.5115325532269764
P09083,gi:24655341,1,0.45032307495902496
gi:24650248,gi:24655047,1,0.5387188864518471
P18289,gi:24638625,1,0.4296263168130688
P00528,gi:24655741,1,0.5046493718217153
gi:24646766,gi:24662765,1,0.4221425631892725
O01382,gi:24643666,1,0.5432955431146275
gi:21356739,gi:24648828,1,0.5065585431410307
gi:17737655,gi:24584736,1,0.5463489633917975
P46824,gi:24644422,1,0.47132756172640383
gi:24585331,gi:24661685,1,0.4641306525629104
gi:24644888,gi:24762594,1,0.49137531968108067
P50887,gi:24646073,1,0.5474131651889997
P08182,gi:24655741,1,0.46431565304695677
gi:24650202,gi:24762566,1,0.519425768344121
gi:24582048,gi:24662729,1,0.5916154104600767
gi:24580712,gi:24659221,1,0.41274636292496825
gi:24642588,gi:24665132,1,0.3042481549983108
gi:24643375,gi:24661662,1,0.47452681907395566
gi:24762383,gi:28572963,1,0.32738805988100783
gi:28573466,gi:28573893,1,0.41607568479364426
gi:24584039,gi:24655741,1,0.5104827313914619
gi:24583470,gi:24762726,1,0.5010229295952283
P22807,gi:24665583,1,0.5580696018029587
gi:24641616,gi:24652101,1,0.5977291904333952
gi:17137692,gi:24641042,1,0.5804697103094874
O44424,gi:24639715,1,0.605865751383398
gi:24586098,gi:28573264,1,0.47909139092887704
P22058,gi:24647942,1,0.5966140430928638
P02824,gi:24654441,1,0.45653376867122836
Q9NJH0,gi:24647905,1,0.4628782366299591
gi:17136646,gi:28574920,1,0.5931726840165565
gi:21687037,gi:28573491,1,0.366812412838195
P16371,Q27350,1,0.4410627822730582
gi:24639715,gi:24641781,1,0.5910605562173709
gi:21356337,gi:21357211,1,0.45779561862484197
Q02360,gi:24666096,1,0.3592313984092954
gi:17137802,gi:24647779,1,0.6448844750726718
gi:17136720,gi:21358247,1,0.48791672037740336
Q24180,gi:24644165,1,0.6249905612905381
gi:24651564,gi:24667569,1,0.48699228355740887
Q9NIP6,gi:24582598,1,0.47118806805891045
gi:18543225,gi:20129721,1,0.6166704144310581
P48149,gi:24585236,1,0.5628004151702194
P82910,gi:24645300,1,0.44614562903388916
gi:24638609,gi:24650420,1,0.4276581650528733
gi:19920866,gi:24662650,1,0.4407540053066232
gi:17137752,gi:30923613,1,0.47975418561975425
Q9VVF3,gi:24648281,1,0.5649160179166374
P17276,gi:24649692,1,0.4874739150778656
gi:21355909,gi:24642884,1,0.5329265156176508
P08646,gi:19920776,1,0.45889958722736146
gi:21356973,gi:24638976,1,0.5216805837880771
gi:17137752,gi:24655187,1,0.5039905368300063
P15330,Q03017,1,0.4697732911194818
gi:18859825,gi:24584536,1,0.14549802497451572
gi:24583234,gi:24585242,1,0.48455330408276315
gi:20129853,gi:24664423,1,0.8254766545920434
gi:24585795,gi:24586133,1,0.4535268781769815
gi:17986155,gi:24648294,1,0.4859567600612709
Q9VIU7,gi:24585236,1,0.48780837570680685
gi:19921242,gi:24585156,1,0.45294849249667285
gi:19920350,gi:28573740,1,0.5041051444757542
gi:24657153,gi:24762506,1,0.5503152150403166
Q9VX09,gi:24641689,1,0.5699345303456429
gi:18858949,gi:28572090,1,0.5389038673154314
gi:24648981,gi:24650786,1,0.7644051755256557
gi:21357017,gi:24658577,1,0.4929329580326764
gi:24646114,gi:28571396,1,0.5737515745603435
gi:24649646,gi:24654522,1,0.4350326769659874
gi:17137252,gi:24640268,1,0.4321463711500762
O18640,Q8T0S6,1,0.49056947322256766
gi:19922144,gi:24664458,1,0.5429537959303662
gi:21358507,gi:24652897,1,0.5155304150996907
gi:21355547,gi:21356511,1,0.7198569985067236
gi:24651451,gi:24655888,1,0.5371872971827765
P54733,gi:24643530,1,0.49674735215798943
gi:19921250,gi:24639448,1,0.5145464550818859
gi:20129277,gi:24582294,1,0.4556522655101217
O44783,gi:24640353,1,0.558717148389661
gi:24650124,gi:24663228,1,0.5515167527099515
Q9VPS5,gi:24585803,1,0.5000414159729758
gi:21358631,gi:24659237,1,0.5749229078288498
gi:21357853,gi:24640510,1,0.6468000700027661
O18640,gi:24665661,1,0.5109477202708046
gi:21358555,gi:28571447,1,0.4880509867404364
gi:17864460,gi:24582858,1,0.49034305507992126
O16011,gi:24640233,1,0.6440639316577205
Q9GU68,gi:28574707,1,0.4070606610624394
P42287,P51123,1,0.3861880695441434
gi:24584835,gi:24647909,1,0.5684680235459557
gi:24585242,gi:28573427,1,0.5555938266419587
gi:21356401,gi:21357915,1,0.4643449980389074
gi:17864154,gi:20128797,1,0.5743852757137263
gi:17136294,gi:17933604,1,0.4911401234449544
gi:21357669,gi:24650202,1,0.6357535702682511
gi:24640704,gi:28574949,1,0.5076985037418646
P18105,gi:24583358,1,0.5140583549700325
gi:24584938,gi:24639715,1,0.4977254495865508
gi:19920406,gi:24641921,1,0.5421256051699256
gi:21356595,gi:24649158,1,0.4654909829387209
gi:24654578,gi:28574296,1,0.4937025349025229
P18459,gi:24648549,1,0.5395746372386887
gi:20129077,gi:21356157,1,0.5285275559283864
gi:19922820,gi:24660188,1,0.5152596031841705
Q9V5C6,gi:19922922,1,0.3866493227869491
gi:21355777,gi:24647831,1,0.4321352672883158
Q01644,gi:17136854,1,0.4188894962819891
gi:24644739,gi:24645285,1,0.5115511781154032
gi:20129709,gi:24584043,1,0.591487042290276
P52295,gi:24650311,1,0.578470745046251
P10333,gi:24657292,1,0.5421503421048209
O44783,gi:17136778,1,0.5644724260584296
gi:24641449,gi:24654765,1,0.41537285299639576
P07187,gi:24646318,1,0.5057384947635468
gi:17647677,gi:24643516,1,0.6410399513046822
gi:21356797,gi:24645419,1,0.4156851812947876
gi:24650248,gi:24654944,1,0.49850714433905335
O02195,gi:18860545,1,0.42557929273467326
gi:21356031,gi:24655366,1,0.5182944140514107
P55162,gi:17933736,1,0.46914592830865964
gi:20128797,gi:24585169,1,0.5733289067970135
gi:24661166,gi:24664154,1,0.9128450539296478
Q24141,gi:24586373,1,0.5251213076699018
gi:19922440,gi:28572036,1,0.4478195459740954
gi:24639740,gi:24650356,1,0.40732167175867556
Q9VCR6,gi:21356815,1,0.5339824927273119
gi:20128985,gi:24662729,1,0.436114637313484
gi:24582598,gi:24655905,1,0.41428677481096426
gi:21357387,gi:24656564,1,0.5081860944268516
O16011,gi:21355597,1,0.5580305487985624
Q24260,gi:20130085,1,0.6034205894910689
gi:24640353,gi:24667258,1,0.49542355294483925
gi:21355331,gi:24657218,1,0.6020191034008996
gi:19922106,gi:24650873,1,0.499427669521409
gi:17136212,gi:24661826,1,0.5029718068882145
gi:24640353,gi:24641156,1,0.4740162008083687
gi:20428641,gi:28574726,1,0.5316925540511027
gi:24582212,gi:24585112,1,0.3595707958686087
gi:24646199,gi:24655121,1,0.41233569206997706
P19109,gi:17137642,1,0.4272843215452126
P42325,gi:24668824,1,0.4772231245054148
gi:21358081,gi:24642691,1,0.5265072478256971
P11455,gi:24642517,1,0.5984323302504185
Q95RI5,gi:17647979,1,0.5144945401935215
P05389,gi:24654595,1,0.48953463180924595
gi:19922670,gi:24662830,1,0.5811962991023498
P45594,gi:24639124,1,0.4916580816217383
gi:24644994,gi:28574153,1,0.5163897212163456
gi:24585205,gi:24640973,1,0.33446627550906766
Q9VEX9,gi:24646009,1,0.4881335336446227
gi:24641831,gi:24667521,1,0.5237173193649615
gi:24581155,gi:24640353,1,0.4230927299251007
gi:24581787,gi:24641689,1,0.5851477506317135
gi:24580543,gi:24663802,1,0.4134325504325926
gi:20130281,gi:24580799,1,0.5193128210944566
gi:21355917,gi:24656644,1,0.43240666971260405
Q9VJV9,gi:24647570,1,0.4766609695954923
P17704,gi:20129907,1,0.6426294879723065
P17917,gi:17136852,1,0.556534945672096
gi:24581314,gi:24647285,1,0.47320338876528917
Q27350,gi:21357321,1,0.45707551350788117
gi:21356561,gi:24643586,1,0.5172410040920746
gi:24585074,gi:24639649,1,0.6174881209142532
gi:24581719,gi:24651524,1,0.4101837483138415
gi:24644714,gi:28574516,1,0.5307594680656116
gi:24582212,gi:24647557,1,0.5532995850177815
gi:24642261,gi:24644390,1,0.5411452444583362
gi:21356743,gi:24651507,1,0.47686727551462976
gi:18858225,gi:24641790,1,0.4828918323745629
gi:18857963,gi:19922430,1,0.44207305413731895
gi:17137652,gi:24648397,1,0.4766474650436463
gi:21356453,gi:24655153,1,0.6034196620579877
gi:19922726,gi:20129485,1,0.44550337302043075
P08879,gi:24640903,1,0.5063750354078905
gi:22026840,gi:24663462,1,0.6370559522187091
gi:17137696,gi:21357129,1,0.6192156947780167
gi:24582283,gi:24642363,1,0.5195477796606982
gi:21357455,gi:21358375,1,0.2104287136031774
gi:21356995,gi:24586086,1,0.4642648283745662
gi:20129885,gi:24646737,1,0.4206933576739253
gi:24581582,gi:24650208,1,0.5181099786991433
P07666,gi:18859949,1,0.5871496852476559
gi:19921002,gi:24583067,1,0.6215858812970186
gi:18859859,gi:24659188,1,0.468503358841465
Q9VCH4,gi:24639760,1,0.5062480776682031
gi:24647609,gi:24762779,1,0.4855542779511467
gi:24584327,gi:24762582,1,0.5102760039692753
gi:28573207,gi:28574472,1,0.6359996922372603
gi:24639301,gi:28574303,1,0.6477558223824872
gi:24644675,gi:24665761,1,0.6971772118292668
gi:20130247,gi:24641790,1,0.5827795320777921
gi:19922668,gi:24667063,1,0.4672294546548882
P02835,gi:24651028,1,0.5822919141584726
gi:21355717,gi:24581314,1,0.4802533497963064
gi:21357075,gi:24640672,1,0.4662560713597314
gi:19923044,gi:24642884,1,0.4972550381032961
gi:24649980,gi:24654082,1,0.430113178809025
gi:24642884,gi:24654471,1,0.4558327402387977
gi:19921246,gi:21357023,1,0.5402828388535466
gi:24639715,gi:24665229,1,0.4693386573878525
gi:17864238,gi:24665958,1,0.5065186490370642
gi:24653432,gi:24654441,1,0.48128292028913977
Q24564,gi:24650937,1,0.36594407177914867
gi:24585313,gi:24640119,1,0.47462157555753476
gi:24655606,gi:28574432,1,0.4580332529647571
gi:19921116,gi:24658342,1,0.4585976443832651
gi:21357169,gi:21357761,1,0.5790157502251676
gi:24642267,gi:24642543,1,0.449517109360541
gi:21356743,gi:24583134,1,0.39443153063814423
gi:21357455,gi:24648461,1,0.49518518253788274
gi:18859983,gi:24639304,1,0.5828838954513051
gi:18860537,gi:24665297,1,0.45771889681880223
P55828,gi:24585384,1,0.5787348632663186
gi:20128797,gi:24652438,1,0.6685130650143486
gi:21356041,gi:24644675,1,0.21574901271742195
Q9VD25,gi:24645058,1,0.40930959917092036
Q01820,gi:24655153,1,0.44826245814824905
Q8T0S6,Q9Y0A7,1,0.5597370820013562
gi:24581465,gi:24585154,1,0.4336944980657589
gi:20130169,gi:24583799,1,0.5204148192511481
gi:19922670,gi:24645053,1,0.5866362930935402
gi:21357537,gi:24650248,1,0.6968218311695407
P10987,gi:24581061,1,0.522157178093967
gi:24655606,gi:24663246,1,0.4269752387913155
gi:21355643,gi:24646440,1,0.4843849594027164
gi:24644119,gi:28573195,1,0.39560066611259825
gi:24651935,gi:26080381,1,0.4930473500249619
Q27415,gi:24651247,1,0.6350461796614256
gi:19920776,gi:24649648,1,0.5428397905078907
gi:24586096,gi:24647864,1,0.4236175859785917
gi:24646860,gi:24655502,1,0.5550681483786869
gi:24644504,gi:24667211,1,0.6688224063142232
gi:17137700,gi:24658721,1,0.4450954364631451
P15330,Q8IGR0,1,0.5095951061877966
gi:21355361,gi:21355973,1,0.5506704009362663
gi:18859891,gi:21357417,1,0.3938491339819082
gi:24585452,gi:28574406,1,0.47802516099208125
gi:19922274,gi:24651238,1,0.5314369940645018
gi:21687233,gi:24667089,1,0.48496928253371413
gi:20129527,gi:24651498,1,0.5008719659806334
gi:21356709,gi:28574726,1,0.5222850610096382
gi:24585610,gi:24644214,1,0.5090587766526411
gi:21356517,gi:21358205,1,0.5145821414290886
P29746,gi:19922206,1,0.5505980100806493
gi:24639782,gi:24666790,1,0.36339494554977964
gi:24661625,gi:24665205,1,0.7203255566370397
P18502,gi:24655850,1,0.4878409873598076
gi:24650248,gi:24659237,1,0.5337878106538111
gi:17136608,gi:24586240,1,0.5686259350561474
gi:17530793,gi:24650829,1,0.3798826222487096
Q8MSF5,gi:17647723,1,0.6787921102229801
Q24570,gi:28573937,1,0.3150213991030897
gi:24581976,gi:24645869,1,0.5485932105314321
gi:21355807,gi:21356221,1,0.4683319678466723
gi:24585215,gi:24640905,1,0.47212122458320566
gi:17136826,gi:21357875,1,0.53641145900764
P23696,gi:24649158,1,0.43387000095374295
gi:24659829,gi:28573140,1,0.5914236825191428
O76924,gi:24664627,1,0.5229847064222923
Q27324,gi:24649499,1,0.48887002756094405
gi:18859971,gi:21356061,1,0.4226741707104179
gi:24643761,gi:24652930,1,0.5307293515129461
P35421,gi:17530817,1,0.4102711494502659
gi:17981711,gi:24645684,1,0.4837943571805474
gi:17737425,gi:21355163,1,0.6311861671349436
gi:17137488,gi:24666694,1,0.39948448610538106
gi:19921442,gi:24663228,1,0.36656536921954713
gi:20128841,gi:21358201,1,0.43687915341913747
gi:17864162,gi:24651395,1,0.4989713195391442
gi:17316358,gi:21355441,1,0.48962080877454806
Q24533,gi:24582212,1,0.400572221456246
gi:20129903,gi:24647609,1,0.45484661019174766
gi:24582926,gi:24665132,1,0.41086065510669906
P13607,gi:24657306,1,0.48429036286453575
gi:24581774,gi:28573729,1,0.38623206209263244
gi:17352479,gi:24640430,1,0.4439506385680849
gi:19921802,gi:24648905,1,0.4992504600875467
gi:17933624,gi:24643110,1,0.5478604984320335
P02824,gi:17137692,1,0.5372558096516766
Q07327,gi:28571108,1,0.4917225637364629
gi:24655741,gi:26080381,1,0.5047758242293273
gi:24661936,gi:28574439,1,0.5096733686615443
gi:19921950,gi:24648826,1,0.5661853431011744
P12982,gi:24642282,1,0.49281883768604073
gi:24584798,gi:24649221,1,0.5682704491592343
P55841,gi:21357147,1,0.5133220143199261
O18405,gi:24644274,1,0.5630195101345198
Q01642,gi:24644093,1,0.9241813894925575
P50887,gi:24646737,1,0.3385625517858657
P07181,gi:21357495,1,0.3692471633051703
gi:23397623,gi:24645887,1,0.3584176550036217
gi:21356337,gi:24642233,1,0.5327586959761051
gi:17137696,gi:24655888,1,0.5583346599245943
gi:17137016,gi:24647885,1,0.5905954252637494
gi:21357677,gi:24663481,1,0.34223677013659265
P10987,gi:24643447,1,0.6198258095051319
gi:18858125,gi:24646928,1,0.5244408363720325
gi:19922294,gi:24584153,1,0.47819336584028904
Q9V411,gi:22024059,1,0.4641528644487097
gi:19922844,gi:24643822,1,0.4915485376273824
gi:19920688,gi:24651703,1,0.4755364868535218
gi:21357505,gi:24649971,1,0.5744370739352361
gi:17647155,gi:28571503,1,0.5047933468641216
gi:20128797,gi:24668338,1,0.6413664488601298
gi:21356995,gi:24663470,1,0.5229536539782069
gi:24643578,gi:28572053,1,0.46053556585551975
P54356,gi:24652999,1,0.7201724688503438
O02649,Q05856,1,0.5078483423234027
gi:20128797,gi:21358077,1,0.5922284563051846
gi:24658567,gi:28574555,1,0.5261581887488715
gi:17137694,gi:19921296,1,0.6097519701244993
gi:24651265,gi:24659237,1,0.5739095842073242
gi:24645476,gi:24646312,1,0.5306666852202707
P23696,gi:24643702,1,0.5224374285495929
gi:24644422,gi:24657782,1,0.5141106569714348
P08175,gi:24638982,1,0.2663829183994481
gi:21357037,gi:24583208,1,0.5482196341115114
Q24337,gi:17647815,1,0.45461081528962793
gi:19920594,gi:21355643,1,0.4401166977011634
Q01642,gi:28558744,1,0.4474422926169667
gi:17136864,gi:24653463,1,0.3977331308176855
gi:21355799,gi:24580841,1,0.4080768924655907
gi:24641555,gi:24656644,1,0.5599329110504963
gi:23397524,gi:24641831,1,0.49831084989160207
O18388,gi:24646001,1,0.5440494652719569
gi:24653459,gi:24659367,1,0.4912506839427809
gi:22024283,gi:24643052,1,0.5815216110250314
gi:24581719,gi:24646312,1,0.5719250606265439
gi:17136830,gi:24654899,1,0.3545863480979562
gi:24645384,gi:24652621,1,0.5342585620523965
P48602,gi:24668091,1,0.4372428244875417
Q24210,gi:24656574,1,0.4966953756577146
gi:17137216,gi:24583012,1,0.5389103195036625
Q05856,gi:21355219,1,0.49481592969123317
gi:21357113,gi:24585582,1,0.4883598024144641
gi:24648294,gi:24663372,1,0.5122663683928582
P82147,gi:24641148,1,0.4158527009496012
gi:24648549,gi:24655245,1,0.352895647499062
gi:24640119,gi:24656749,1,0.4040397773297756
P42207,gi:17137572,1,0.5712518267052799
P16378,gi:24582205,1,0.47422623514981765
gi:19922106,gi:24663292,1,0.4810298466493516
gi:17137444,gi:19920776,1,0.5254947500172659
gi:18858125,gi:24655474,1,0.46980375076368847
gi:24666394,gi:28571515,1,0.5796744183555779
P14734,Q01642,1,0.9008319879108702
gi:24659210,gi:24663336,1,0.3895222103834861
O46084,gi:24646105,0,0.5332283762751273
gi:18860011,gi:19920568,0,0.4728684029883527
gi:24583485,gi:24656168,0,0.3793961038251506
gi:24649301,gi:24662356,0,0.3876815855167672
Q24106,gi:24658883,0,0.6424920398342729
gi:24639988,gi:24648549,0,0.5355301368459139
gi:24585795,gi:28574675,0,0.4598482587133054
gi:19920738,gi:24762779,0,0.46141644667867987
O61443,gi:28574539,0,0.5177440355739052
P11455,gi:17137710,0,0.5708114401667524
gi:24644422,gi:24656168,0,0.5133897725754615
gi:17738153,gi:24643516,0,0.4566338571608534
gi:24639715,gi:24668704,0,0.43429277959507706
gi:24649250,gi:28571396,0,0.47857949726574833
gi:19921006,gi:24651451,0,0.49270285636056316
P46824,Q8INW0,0,0.5373249124025299
gi:17864460,gi:24646516,0,0.43380840230099205
Q9XTM1,gi:24668076,0,0.6606318101310169
gi:24582016,gi:24585943,0,0.6259179135807522
gi:24646839,gi:28572965,0,0.49309745276542244
gi:19922196,gi:24643634,0,0.49505424296699535
Q05856,gi:24656280,0,0.5846998571587784
gi:21955276,gi:24638862,0,0.5258962174500187
gi:24649646,gi:24659367,0,0.5285842280944565
gi:17865634,gi:20128863,0,0.5232599083001107
gi:17136732,gi:24643817,0,0.5720420215137559
P05389,gi:28573846,0,0.4718179717158272
P29310,gi:24641921,0,0.30728171427278383
Q94516,gi:24585277,0,0.5400895009406568
gi:20130151,gi:21355581,0,0.47694583790159223
gi:24581429,gi:24653364,0,0.41507750472507177
gi:21357743,gi:21358247,0,0.6054065963351948
gi:20129433,gi:24581558,0,0.44969095201725273
gi:21357653,gi:28574920,0,0.6400705209439934
Q94516,gi:21357365,0,0.502103162610013
P54357,gi:21356815,0,0.5177367027383325
P23792,gi:21358247,0,0.35456812470287796
gi:24647942,gi:24650873,0,0.5284045190293599
gi:21358401,gi:24650658,0,0.43753570644908724
gi:24580817,gi:24652386,0,0.5105473046672403
gi:24582383,gi:24665132,0,0.49251489450017627
gi:24639782,gi:28571908,0,0.41681797978554747
gi:18859803,gi:24585156,0,0.47100374178557824
gi:17998687,gi:28573512,0,0.4726029233690836
gi:19921312,gi:21358077,0,0.5581608895005092
gi:24638766,gi:24661685,0,0.48133540771488614
gi:24643761,gi:24660176,0,0.5247343997372647
P06002,Q9VZS3,0,0.3947861074496176
Q9VAW0,gi:28573691,0,0.6135126882115984
gi:24584251,gi:24662753,0,0.42310130993027295
gi:21356915,gi:24653988,0,0.5026515525901855
gi:19921250,gi:21355789,0,0.5178404398774727
Q9VNE9,Q9W5U0,0,0.45146538552326765
gi:24642633,gi:28558748,0,0.43673283192470597
gi:24650084,gi:28573544,0,0.543682599919003
gi:21355163,gi:24651212,0,0.5143861934199859
Q27297,gi:24646212,0,0.49516617006190417
gi:24639183,gi:24646607,0,0.499729610012249
gi:17136994,gi:17647523,0,0.48503699820163365
P08182,P50887,0,0.5502659850251109
gi:18858161,gi:24649214,0,0.5003014027924516
gi:18543225,gi:24648619,0,0.5775624984618268
gi:17647653,gi:21357875,0,0.47749908810832326
P11455,gi:28571356,0,0.40604311042296093
P29310,gi:24665157,0,0.46566679026540503
gi:24641561,gi:24646440,0,0.5286993995993285
gi:24638750,gi:24663556,0,0.5323853088528968
gi:17136212,gi:24645115,0,0.4389136719675094
gi:24651185,gi:24655053,0,0.713210535428319
Q9V7P1,gi:24657877,0,0.5108690735360888
gi:20129369,gi:24639438,0,0.6155736850883555
gi:19920922,gi:24653649,0,0.5103095184589137
gi:17530793,gi:22026831,0,0.37155181978363655
P08182,gi:24580731,0,0.517156638289638
O76767,gi:24581314,0,0.5387132615590564
gi:18858125,gi:24582746,0,0.4793035309372001
gi:24641129,gi:24666886,0,0.24906159633883854
gi:17737302,gi:24638766,0,0.5034342516930972
gi:24640855,gi:24646611,0,0.43954312405150225
gi:19921294,gi:24638774,0,0.5023756971983911
gi:24644422,gi:24660872,0,0.5574719358000784
gi:21356521,gi:24650924,0,0.4607983163049502
P54353,gi:24582172,0,0.5153002693290939
gi:17648033,gi:21357677,0,0.5456191731047091
gi:24651671,gi:28573401,0,0.5095081245172953
Q8T053,gi:24644016,0,0.523049183494286
gi:24639659,gi:24646410,0,0.5653236948508974
gi:21687092,gi:24655034,0,0.4842190180300495
P07668,gi:24664026,0,0.43626884424554896
P25843,gi:24642882,0,0.5145668870092188
gi:21358247,gi:24650658,0,0.5271745198150425
gi:17136948,gi:17137184,0,0.5352009356030024
Q9W5R8,gi:24642267,0,0.4622329498993689
gi:17137572,gi:17738153,0,0.5677898998093749
gi:24641790,gi:24646440,0,0.565981648057456
O76924,gi:18860099,0,0.4800217178872651
gi:18858137,gi:21357871,0,0.2845456555095037
gi:20129789,gi:21355815,0,0.38589520033625657
P17205,gi:18921171,0,0.4558586411534426
gi:21358569,gi:24580631,0,0.46308805854756974
gi:17647557,gi:19921710,0,0.5285609739636501
gi:17648053,gi:19920436,0,0.5107318329654738
gi:17864630,gi:23397623,0,0.488735120731357
gi:24583294,gi:24655153,0,0.5376036514946622
gi:19921904,gi:21358485,0,0.5726624953416029
O18640,gi:24582628,0,0.5086835131456099
gi:24650248,gi:24663462,0,0.42152367563976467
gi:24650072,gi:24654082,0,0.5751029725186128
Q9VTF9,gi:24665657,0,0.5567555137144004
gi:19922030,gi:21357269,0,0.43459224266982754
gi:21356299,gi:24762594,0,0.48659811511723955
gi:24762808,gi:28558744,0,0.49040625378910174
gi:19920604,gi:20129705,0,0.42619569074319186
Q8T0S6,gi:17137700,0,0.5304612035671358
gi:18543215,gi:24645053,0,0.40469326678817935
P18289,gi:24651703,0,0.44359548918572494
gi:24647247,gi:24660416,0,0.5277801538964851
gi:21357677,gi:24660182,0,0.33841131895743026
P02824,Q24251,0,0.48713603476637474
gi:24580809,gi:24584030,0,0.5046911517579239
gi:21357215,gi:24583919,0,0.5011100984367278
P20483,gi:24649904,0,0.48710895631874335
gi:21356743,gi:24640362,0,0.40336590550583507
gi:17647581,gi:19922100,0,0.44142656831055305
gi:24642567,gi:28572043,0,0.5505264327252379
P54399,gi:24640268,0,0.4656031034187288
gi:24659272,gi:24662483,0,0.5740928721335398
gi:17137168,gi:24648463,0,0.415288360775071
gi:18858039,gi:24648936,0,0.6379364173390273
Q24564,gi:21357833,0,0.617016251790642
gi:24581572,gi:24584835,0,0.5234242440772902
gi:17137760,gi:24643386,0,0.5156408435366984
P31009,gi:28574920,0,0.4073493400954047
P13097,P55841,0,0.5743707472344718
gi:20129129,gi:21355865,0,0.5320484968459726
gi:17136920,gi:24641921,0,0.4679943149933589
gi:24584828,gi:24644051,0,0.5786103046357766
O16011,gi:19920448,0,0.48880223434666137
gi:21358631,gi:24663336,0,0.5744032132965385
gi:19921002,gi:24646232,0,0.2648838883739293
gi:24581628,gi:24642808,0,0.5645643466085303
gi:19922640,gi:24651791,0,0.6468292529122596
P36975,gi:17136588,0,0.2366904098496822
gi:21358101,gi:24653385,0,0.5925606686955371
gi:20128985,gi:24642235,0,0.515592400208291
P19538,gi:24648397,0,0.49666538902037544
P30052,Q9V6A9,0,0.4229682561915878
gi:24583436,gi:24644642,0,0.5615833178444994
gi:17316365,gi:24583012,0,0.5211663458143027
gi:17647589,gi:20128977,0,0.4812943763531847
gi:20129789,gi:24646928,0,0.28766595206094653
gi:24581230,gi:24645457,0,0.5391240801839652
gi:24659451,gi:28558748,0,0.4194149681130464
gi:21356151,gi:24581429,0,0.40164435435466167
gi:20129789,gi:24647727,0,0.7485491616778328
gi:24662753,gi:24663462,0,0.4665948268289637
gi:17737425,gi:24585242,0,0.5889602272368389
gi:20130415,gi:24651173,0,0.4565912663735537
gi:22024255,gi:24642191,0,0.6611846190714058
gi:24582757,gi:24646607,0,0.7141016787960096
gi:24581622,gi:24638845,0,0.4555649780394287
gi:24639187,gi:28574675,0,0.5309136124229991
gi:17137486,gi:18543301,0,0.5138055587525827
gi:24641555,gi:24654383,0,0.7457842427122895
Q9VEX9,gi:24583134,0,0.5108898682968765
P07187,Q01083,0,0.6396686527495251
gi:24651548,gi:28573878,0,0.5432958860300926
gi:24641410,gi:24643702,0,0.578876107692816
P10379,gi:28571660,0,0.4422062192250056
gi:17137296,gi:20129683,0,0.57263257080055
P08570,gi:28573278,0,0.4921005714985022
gi:20129227,gi:28572129,0,0.5895300771600513
Q9W4P5,gi:20128865,0,0.48154340440541815
Q02748,gi:24654383,0,0.5110993039573294
gi:21358555,gi:24643294,0,0.589506844062394
gi:24649535,gi:24663043,0,0.22593656672756166
Q9NJH0,gi:21357417,0,0.531746997620091
P82910,gi:28574939,0,0.5114555495298035
P02828,gi:24642014,0,0.4430669033064952
gi:23397623,gi:24639657,0,0.527073144707664
gi:24582383,gi:28573549,0,0.47816724702369795
gi:24584767,gi:24656849,0,0.44927152426208505
gi:19922010,gi:24585681,0,0.3112500885890644
gi:24640806,gi:24666612,0,0.5803640931373723
gi:24642214,gi:28574886,0,0.508153659614278
gi:22026831,gi:24586506,0,0.4810226755211433
gi:24647638,gi:24653350,0,0.5478460108063092
gi:21356595,gi:24655741,0,0.49129214313135205
gi:19922464,gi:28573125,0,0.40060937671589164
P49905,gi:24642241,0,0.544923388036865
gi:17530857,gi:21357037,0,0.5045824419561054
gi:17647523,gi:24661467,0,0.5056954245840005
O61345,gi:24655568,0,0.284691964939148
gi:19922268,gi:24643731,0,0.6904787151967919
P18502,P25843,0,0.5354666132061346
O97067,gi:24648917,0,0.5232009736183458
Q8IGR0,gi:24654325,0,0.5211189316107359
gi:17136216,gi:24644677,0,0.5563319310582427
gi:24639822,gi:28572057,0,0.4713574212437154
gi:24639715,gi:24650009,0,0.569676029660211
Q9XZS4,gi:24583419,0,0.5324620693384823
gi:24641718,gi:24655741,0,0.5001773525622505
gi:24581155,gi:24582858,0,0.45225182714372286
gi:24582212,gi:26080447,0,0.4567561534151991
gi:24645285,gi:24662306,0,0.45917989107254353
gi:20129603,gi:24654828,0,0.42311810615329953
gi:19921116,gi:24585499,0,0.48449344341857115
gi:24667246,gi:28571356,0,0.4756128466589595
gi:19922390,gi:24646860,0,0.5445476377366513
Q94920,gi:24656574,0,0.49146903314442664
gi:21357311,gi:24650120,0,0.5809443213310986
gi:19921030,gi:24665950,0,0.4768153678123305
gi:18858095,gi:24654914,0,0.28240676921591035
gi:18859895,gi:24583470,0,0.4938509700849837
gi:17137300,gi:21356337,0,0.5142713688699132
gi:24645869,gi:24662356,0,0.3346586706794218
gi:20130397,gi:24585156,0,0.4277079367565245
gi:21357047,gi:24642006,0,0.5022812918105936
gi:20129835,gi:24653584,0,0.488254886736948
gi:21356727,gi:24667246,0,0.49223579004634455
Q24046,gi:21357275,0,0.458772087940599
gi:24583134,gi:28573954,0,0.48726165722820025
P09491,gi:24581465,0,0.6640772543994853
gi:19921000,gi:19922328,0,0.5009506823519427
gi:24641014,gi:30923774,0,0.46154493476325026
gi:19921458,gi:24650747,0,0.5883406002490518
gi:24580965,gi:24654245,0,0.4832060831097251
gi:20129813,gi:28572057,0,0.5491259251906293
gi:24648676,gi:24657090,0,0.5071730758939546
gi:24583332,gi:24668309,0,0.42140793536935134
gi:24640435,gi:24655568,0,0.341227972286776
gi:19922464,gi:24650814,0,0.490260923357156
gi:24645967,gi:24663802,0,0.36501506661234934
gi:20130255,gi:24659598,0,0.5906073947517265
gi:28571823,gi:28573830,0,0.4782839330871394
gi:22024283,gi:24647864,0,0.8304184947583716
gi:18543285,gi:24647083,0,0.4929967694752981
O46202,gi:21358101,0,0.40036336015282203
gi:24649579,gi:24663246,0,0.5249768886718718
gi:21358161,gi:24639782,0,0.45019051970443746
O61351,gi:22026898,0,0.32400907046937627
gi:19921696,gi:24585635,0,0.48263172976687246
P08181,Q9VD25,0,0.5351807143994148
P08928,gi:18860519,0,0.5209468385656753
gi:24651333,gi:28572057,0,0.43457423374549625
gi:17647581,gi:24651920,0,0.3720674996309314
O44783,gi:21357417,0,0.40380736495608055
gi:24583894,gi:28572157,0,0.4194069004424075
gi:21357211,gi:24668631,0,0.2017158410815539
gi:24655555,gi:24659953,0,0.5350985334386839
P23758,gi:24639715,0,0.40729658898127363
gi:17137616,gi:18543299,0,0.5268722943919123
gi:22026843,gi:24643634,0,0.5016608759518272
gi:19922518,gi:22026831,0,0.44802333875303235
Q9VC27,gi:19921250,0,0.5157752835366828
gi:24640704,gi:24649952,0,0.5058087317355019
gi:22024283,gi:24663011,0,0.468092108168767
P07207,gi:21687222,0,0.3511623264759071
P45890,gi:17865835,0,0.5027828129081654
gi:24649109,gi:24663292,0,0.4970996289112768
P06603,gi:19920776,0,0.5377988345181721
gi:24639354,gi:24650729,0,0.4933880427634942
gi:17864566,gi:24650448,0,0.5746400273990279
P11147,P13060,0,0.529111874657692
P48609,gi:28572043,0,0.5035420656415772
gi:17933664,gi:28571447,0,0.49610085081638583
P55828,gi:24661685,0,0.5579867796584514
P35415,gi:24662626,0,0.43538531877845377
Q24475,gi:17647279,0,0.3656188895062022
gi:21357761,gi:24653797,0,0.4923541653457727
gi:24644422,gi:24650182,0,0.5288497435531925
gi:17933736,gi:28573427,0,0.46564142371507533
gi:24662048,gi:24762594,0,0.46562387319946985
gi:17137184,gi:24585499,0,0.527909318023463
gi:24641449,gi:24656346,0,0.48932394465854084
O44783,gi:24642517,0,0.40695258279767543
gi:24638627,gi:24661424,0,0.5213654865915357
P10041,Q06559,0,0.4875836120998461
P07666,gi:24649893,0,0.4015157261100847
gi:21355521,gi:24645148,0,0.5100372575903401
gi:24583848,gi:24648905,0,0.4526700642458568
P23758,gi:24641561,0,0.5070758364530218
gi:24642197,gi:24646440,0,0.5829081690957822
gi:19921458,gi:24667917,0,0.520788059283261
gi:17137102,gi:21357149,0,0.7459651946632038
P10083,Q9GU68,0,0.5286192291099693
gi:24646017,gi:24648294,0,0.5020469043193435
gi:19920846,gi:24647430,0,0.48054643606705627
gi:21357711,gi:28571918,0,0.5634112773735599
gi:21357023,gi:24655121,0,0.49738424054276
gi:24650202,gi:24668563,0,0.6631721776868955
gi:21357653,gi:24659128,0,0.5613776662720147
P23757,gi:19922874,0,0.6051367690511797
gi:24652561,gi:24664284,0,0.49948797976084547
gi:21358175,gi:24658403,0,0.6022405791255513
Q02748,gi:24641616,0,0.5176696877321953
Q9V676,gi:24641792,0,0.5196728308527248
Q9VGX3,gi:18859929,0,0.3717506888583396
gi:24639292,gi:28558744,0,0.4613371897561844
gi:21357037,gi:24583531,0,0.4885323546615887
gi:20128793,gi:24648207,0,0.48341494313635053
gi:21358065,gi:24581089,0,0.6249988399156148
Q02361,gi:17530957,0,0.4970756270715379
gi:24583268,gi:28574555,0,0.5124885835333036
gi:19922100,gi:24580841,0,0.5067398490393961
gi:24649564,gi:24654441,0,0.4186648238219355
gi:24649158,gi:24666434,0,0.43106167964658737
gi:20129109,gi:24641477,0,0.6105389426017466
gi:19922100,gi:24639904,0,0.40872944052715476
P05205,P50887,0,0.5857712249392183
gi:24645553,gi:24667841,0,0.5268152399570366
Q9VPS5,gi:20129967,0,0.5054056861805793
O44783,gi:17933532,0,0.3956220664570873
Q9W4P5,gi:24645515,0,0.4546758703290278
gi:24645684,gi:24656802,0,0.43984595052915787
P13096,Q9XZH6,0,0.3792750912045633
P52295,gi:24646908,0,0.5214065834657221
P23757,gi:28574886,0,0.4624135563112569
gi:19920586,gi:24644242,0,0.5305943481212008
gi:24646440,gi:28574153,0,0.5124989001800203
gi:24639794,gi:24665958,0,0.6878978608711582
gi:24645841,gi:24653304,0,0.2891689539383945
gi:24640295,gi:24646718,0,0.4918209211819553
gi:17136698,gi:24654144,0,0.5521733908964868
gi:24581838,gi:24582846,0,0.47898054898484627
Q8T053,gi:21357455,0,0.48873557150742997
gi:24641042,gi:24650906,0,0.5909925028858051
gi:24581787,gi:24655850,0,0.5534380750030641
gi:20129841,gi:24663599,0,0.48023316014038636
P55828,gi:22024283,0,0.3313736680103526
P38979,gi:17137188,0,0.458333680126164
gi:21356777,gi:24638625,0,0.505012148083944
gi:24585242,gi:24641813,0,0.5673885533806526
gi:17530817,gi:28572120,0,0.37534963118039666
gi:21357417,gi:24651619,0,0.5020926145752216
gi:24581719,gi:28572036,0,0.5183978511071582
gi:21356743,gi:21356767,0,0.4240982955694693
gi:24648484,gi:24653385,0,0.22024300976504452
gi:18859939,gi:24661625,0,0.3143978334796694
Q9NJH0,gi:24652733,0,0.32605229713839484
Q9VCH4,gi:28571791,0,0.49951630998511676
gi:21356957,gi:24645011,0,0.5273848255393584
gi:17864264,gi:24585943,0,0.4700447417374176
gi:17136208,gi:21357537,0,0.4891000345554966
gi:24644714,gi:24666997,0,0.6127588059058406
P41375,gi:20129973,0,0.48851426572023066
Q24141,gi:19922888,0,0.47305435302796667
P07185,gi:18858225,0,0.4122334275972964
P16378,gi:19920926,0,0.5244458166008112
gi:17647699,gi:19920376,0,0.5854461192036221
O76924,gi:21355643,0,0.5233217637247264
Q9VFC8,gi:17137760,0,0.531000048583174
gi:24580817,gi:24640570,0,0.39366401438491566
gi:19921696,gi:20129813,0,0.4641102278172113
gi:24655034,gi:24666240,0,0.4940313259331972
gi:24644119,gi:24655577,0,0.34658147287652247
gi:19921098,gi:24641978,0,0.4424306064569585
gi:19920706,gi:24585348,0,0.38102661520569076
gi:17864608,gi:24584043,0,0.5340363511396498
gi:24639649,gi:24650084,0,0.565315606778361
P20432,gi:24583873,0,0.46540221437544393
gi:17933722,gi:24583294,0,0.5221035243305628
gi:24582196,gi:24638609,0,0.46052925433154485
gi:24582006,gi:24663325,0,0.5539711948602258
gi:24582172,gi:24645859,0,0.5499093184862639
P04052,gi:24643375,0,0.4919551899431205
gi:24645216,gi:24651599,0,0.5132979722958286
gi:17136506,gi:22026831,0,0.44664148880668825
Q27350,gi:22026942,0,0.39572384526176824
gi:24647318,gi:24657023,0,0.48776415610521234
gi:19922726,gi:20129085,0,0.5211650480049884
Q01068,Q9VZH1,0,0.5704769137874294
gi:24585635,gi:24641946,0,0.5300467484067234
Q9W2D9,gi:17737425,0,0.5778318751064381
P02824,gi:24649080,0,0.47106595655475053
gi:18859825,gi:24638627,0,0.4661423603274485
Q8IGR0,gi:21358201,0,0.4575285993180755
P48461,gi:21358535,0,0.4085215410280739
gi:24642119,gi:24660927,0,0.49267544920763856
gi:24640494,gi:24662518,0,0.4119548339771215
Q24564,gi:24643447,0,0.35329265681118693
Q02360,gi:24641097,0,0.49369732901553287
gi:17137536,gi:19920406,0,0.3609112539900607
P22812,gi:24650248,0,0.4450542804669516
gi:17137700,gi:19920774,0,0.4338606799796348
gi:17137188,gi:24583152,0,0.502013331392938
gi:21357677,gi:24583984,0,0.52070731592505
gi:18858161,gi:24658721,0,0.5013298552049738
gi:19921252,gi:20130049,0,0.3636551712794316
Q9VJE4,gi:28571947,0,0.6321107231962406
gi:17136392,gi:24643413,0,0.40619425660544284
gi:19923016,gi:24640631,0,0.5089073913957421
gi:17137344,gi:21358367,0,0.5024862955180968
gi:20129945,gi:21357761,0,0.42128114182647614
Q9VYD7,gi:17137738,0,0.46765019412810904
gi:24661689,gi:24667569,0,0.5521724786033768
gi:22026934,gi:24638845,0,0.5569175918351089
gi:24580815,gi:24648010,0,0.441131835237006
gi:19922144,gi:24646782,0,0.3677593546165968
P48451,gi:17647503,0,0.40368103707386455
gi:17352479,gi:20130391,0,0.5460412540386925
gi:21355581,gi:24650395,0,0.491601629952335
Q9W5R8,gi:19921732,0,0.5684017710918341
gi:17647341,gi:24585071,0,0.5565006774549849
gi:17137296,gi:21355383,0,0.5142766252741339
P13060,gi:24585681,0,0.44746546380198854
Q24253,gi:24646190,0,0.5492195808642968
Q01070,gi:24662317,0,0.36624668588116305
gi:19920696,gi:24585767,0,0.49190228327011565
gi:17137164,gi:17530825,0,0.35301396940207636
P11455,gi:24642233,0,0.5600748257232872
gi:24638750,gi:24647779,0,0.5833738835376365
Q9VQQ9,gi:28572997,0,0.45834466095164095
gi:17136920,gi:18858007,0,0.553118884815216
P23792,gi:24657684,0,0.2655518019164166
O44783,gi:28571593,0,0.4782488844148022
P83099,gi:24639782,0,0.49822212943216093
gi:21357799,gi:24580900,0,0.49398963397575846
gi:24646737,gi:24658772,0,0.5028605198695569
gi:21357903,gi:24660872,0,0.46748785758160494
gi:21357995,gi:24648089,0,0.3809753867958402
gi:24582182,gi:24660710,0,0.4500090008881707
Q94511,gi:21355163,0,0.5655966946424874
gi:24641561,gi:24641689,0,0.49934625293419727
gi:22026831,gi:24584835,0,0.4053901774749501
P41126,gi:21356265,0,0.5944570575412914
gi:24582333,gi:24650420,0,0.19982283306513596
Q9W1C9,gi:19921122,0,0.45651791838426176
gi:24643081,gi:24660176,0,0.4330614146677382
gi:19922668,gi:24666798,0,0.5230855717010336
gi:21358427,gi:24647779,0,0.5446181976217571
O44783,gi:17136732,0,0.5475949003150573
gi:24651671,gi:24660923,0,0.4705051731342692
gi:24641561,gi:24645344,0,0.4630571026780117
gi:24647468,gi:24654854,0,0.48321730054470524
P51123,gi:24644293,0,0.5625959053499412
P39413,gi:28558748,0,0.46450854599880004
P47938,gi:19922186,0,0.4114556190596751
gi:24584039,gi:28574303,0,0.4263145800462554
P18289,gi:24641781,0,0.47004991173842814
P18502,gi:24659379,0,0.36693672857534465
gi:24642517,gi:24660989,0,0.4468479910055897
gi:17864154,gi:24647605,0,0.5665588192526112
gi:24582306,gi:24651641,0,0.531581481218847
P21914,gi:28574707,0,0.476669994272822
gi:21356727,gi:24648308,0,0.5985537771654649
gi:24580841,gi:24655341,0,0.4345829954210452
gi:17136920,gi:24656802,0,0.4486539965220406
gi:19920692,gi:24639187,0,0.4705609082224139
gi:21358201,gi:24664458,0,0.5322016122864243
gi:24646860,gi:24653439,0,0.5360057685626116
gi:24638978,gi:24643755,0,0.3438817846616459
gi:19920354,gi:24668824,0,0.4424692596050623
O46341,gi:24651665,0,0.5312893168573586
gi:21358181,gi:24666694,0,0.4610896511494119
gi:17933624,gi:24640353,0,0.48269258007791865
gi:24639988,gi:24661022,0,0.5246624394971712
P47947,gi:18859685,0,0.3460488066621858
gi:21355581,gi:28573391,0,0.4995584319674459
gi:24580900,gi:24583332,0,0.46458223943248383
O77425,gi:24662518,0,0.4602762222268738
gi:24584030,gi:24645002,0,0.260646248624824
gi:20128797,gi:24640570,0,0.738982142978859
Q9VCR6,gi:24649911,0,0.4709502117164325
gi:21357117,gi:24652684,0,0.4832771639512061
Q8MSS1,gi:24652882,0,0.46922228691027906
O18640,P47938,0,0.4356933280298611
gi:20130247,gi:24644677,0,0.3283273953259271
Q9V564,gi:24648207,0,0.26450993478251217
gi:18860521,gi:24581248,0,0.5733573069839821
gi:17137380,gi:24666997,0,0.5951365074658294
gi:21355917,gi:24583294,0,0.385589821680144
gi:24641567,gi:24651185,0,0.6032199695072187
gi:21355801,gi:24649952,0,0.4665306041824357
P43248,gi:28574875,0,0.2783269571498897
gi:19920912,gi:24639548,0,0.5239053777603087
gi:21357653,gi:24664561,0,0.5657623986784419
gi:19922526,gi:24580799,0,0.4398213076072567
gi:24658229,gi:24663481,0,0.2654290529818652
gi:24584007,gi:24648401,0,0.4011847549190161
gi:19921554,gi:24652834,0,0.5572219617020557
gi:24653350,gi:24653562,0,0.32964265881012467
Q9V564,gi:24659868,0,0.5215222214700757
P29746,gi:24643822,0,0.5348725500249226
gi:24580731,gi:24662356,0,0.4464330108732943
gi:19921600,gi:24639541,0,0.5600001579926853
gi:18543283,gi:24644994,0,0.5379361943810131
gi:17136972,gi:28574582,0,0.5027134566318135
gi:17136732,gi:24644609,0,0.433889463555563
gi:17137026,gi:24583827,0,0.5494470236938298
gi:24639883,gi:24642563,0,0.4701990656493197
O46036,gi:24580782,0,0.6014407970452735
Q9V427,gi:21687092,0,0.41414461751075604
gi:20428641,gi:24654934,0,0.4182013869766242
gi:24640119,gi:24647137,0,0.49382327982890317
gi:24647605,gi:24649904,0,0.5460249112134429
O44424,gi:24644274,0,0.5893531996303426
gi:24585635,gi:28574875,0,0.4296484795616721
gi:17137724,gi:19920376,0,0.5372382824998827
Q8T053,gi:18921171,0,0.5034298892609236
gi:17137696,gi:21358599,0,0.509027881684683
gi:20130417,gi:24652684,0,0.5482837002718015
gi:21357733,gi:28573879,0,0.5889424866386244
gi:24649200,gi:24666240,0,0.5199886937876038
gi:24582628,gi:24664132,0,0.5483221521854604
gi:24640672,gi:28571883,0,0.5129034464976916
gi:17864274,gi:19920912,0,0.49717586573907335
gi:24644642,gi:24647100,0,0.6189832170080418
P45437,Q8T0S6,0,0.5873253279227435
Q24337,gi:28571445,0,0.4631624383165219
gi:24640855,gi:24653463,0,0.422472968343548
gi:17864328,gi:24664341,0,0.4991661366606889
gi:24582879,gi:24585481,0,0.5889305534360896
gi:24651185,gi:24653856,0,0.650128361126348
P35220,gi:24641493,0,0.5174177449716014
gi:24581719,gi:24656431,0,0.556681542580321
gi:24639304,gi:28573563,0,0.5616753028664426
gi:28572090,gi:28573173,0,0.3803249756117041
O77051,gi:24586328,0,0.5662935519911891
gi:21357211,gi:24652999,0,0.7546182320697483
gi:19921254,gi:24645300,0,0.6007286325660122
P40796,Q24117,0,0.6737905938180205
P42325,P48555,0,0.6210623873800569
gi:17137488,gi:21357495,0,0.5599518668634246
P41094,P48149,0,0.6011495189513425
gi:18543285,gi:24640855,0,0.5719149799871296
gi:24647905,gi:24654441,0,0.5195047082780587
Q24404,gi:24582224,0,0.6359235563838911
P17704,gi:20129261,0,0.7145808641631621
Q06849,gi:24646498,0,0.5318040247265008
gi:24585795,gi:24655341,0,0.4608446346118689
gi:24581719,gi:24583380,0,0.5244535782675771
gi:20130151,gi:24583764,0,0.3938343595580981
Q24564,gi:24667063,0,0.5627662030692652
O97420,gi:24640295,0,0.38308314757386785
gi:20129433,gi:24648615,0,0.337387132315618
O16797,gi:24667063,0,0.4578650940966887
gi:24584043,gi:24649158,0,0.43476728954304306
gi:17137440,gi:18543295,0,0.42160021943428744
O44783,gi:24660979,0,0.44349889240356744
gi:24652892,gi:24667285,0,0.6128514062989958
gi:24580553,gi:24584835,0,0.5258155997794075
gi:21358569,gi:24586167,0,0.5350003516473912
gi:21356397,gi:24583279,0,0.4527300374071829
gi:24583873,gi:28571565,0,0.44709849517187306
gi:19921076,gi:24657782,0,0.4979701718611658
gi:17647873,gi:24650035,0,0.436547601399345
gi:24643474,gi:24658229,0,0.4651213699149441
gi:17933524,gi:24582294,0,0.523977522224593
Q24400,gi:17647979,0,0.39771592842177034
gi:24662330,gi:28571660,0,0.45991729158654693
gi:24657153,gi:28573563,0,0.4858323181435537
gi:19922310,gi:24655121,0,0.35842619068583975
O46036,Q9V3G7,0,0.46636548069761014
gi:24647789,gi:24656938,0,0.513643975304414
Q8T0S6,gi:24655474,0,0.5102580495960629
P08175,gi:24643761,0,0.16100023276025985
gi:19922726,gi:24583929,0,0.4078750403567731
P29052,gi:20129291,0,0.4669356600980921
gi:21358297,gi:24639187,0,0.5345034524977988
gi:21358345,gi:24639086,0,0.39631008862635114
gi:24646827,gi:24668006,0,0.4977371250564059
gi:19920776,gi:24654578,0,0.519280534204774
P42287,gi:24583971,0,0.43741133018532724
gi:18857963,gi:24583208,0,0.47954068222670365
gi:17137800,gi:24643232,0,0.4288796889113993
gi:17647383,gi:21355531,0,0.5651136510093544
gi:21355177,gi:24649158,0,0.49005566680494356
gi:17137264,gi:26080381,0,0.5438249590632063
gi:24583965,gi:28573934,0,0.5267432876807582
Q24572,gi:24643634,0,0.4512955052001626
gi:17647911,gi:19920424,0,0.4751069817626673
O97067,P16163,0,0.5251793310869263
gi:24582094,gi:24659829,0,0.5585460120758076
gi:19921700,gi:24585358,0,0.5876269040764788
gi:24643761,gi:28574023,0,0.5756957772993604
gi:24651303,gi:24665193,0,0.36133003554128756
gi:17136920,gi:19921116,0,0.4835782402481226
Q24141,gi:17864292,0,0.45982440594290813
gi:17647723,gi:24652834,0,0.49701955546894566
gi:24644047,gi:24665784,0,0.5247889694791754
gi:24648682,gi:24656938,0,0.49892638255878835
gi:18858145,gi:24581429,0,0.4433609313624318
gi:24582592,gi:24658203,0,0.4513986320151337
gi:18860017,gi:24662626,0,0.4171208292744869
O62621,gi:24644422,0,0.4831970794601879
gi:21355783,gi:24582879,0,0.5332952019824958
O44783,gi:24647597,0,0.5716057673578171
gi:20129897,gi:28571762,0,0.4751407445222611
gi:24586548,gi:24762424,0,0.4244712455476799
gi:21355851,gi:28573010,0,0.6237928448698074
gi:28571447,gi:28573597,0,0.5077186426209016
gi:21357939,gi:24641251,0,0.6209818089722132
gi:17985983,gi:24640501,0,0.44445112813073884
gi:17136820,gi:24661685,0,0.472817956002816
Q27297,gi:24583264,0,0.522806181689702
gi:20129835,gi:24644642,0,0.543803555942677
gi:24646962,gi:28574992,0,0.4356190037786046
Q03017,gi:21355717,0,0.5551196948422902
gi:24650009,gi:24663462,0,0.5320184313810795
gi:20129227,gi:24659028,0,0.36251663995655287
P49258,gi:28571100,0,0.4911907483628924
gi:19920692,gi:24651688,0,0.46834281798691874
gi:17864238,gi:24649262,0,0.5259624636808441
gi:24645653,gi:28572157,0,0.5176097502701995
Q9VLV5,gi:24654636,0,0.320516618777873
P41093,gi:24649427,0,0.45059950260639964
Q24141,gi:24586098,0,0.5612008736965439
gi:20128797,gi:24648231,0,0.6305731058488399
gi:17864162,gi:28558744,0,0.4896795384225438
gi:19922144,gi:24583982,0,0.41727160487245923
Q9XYP8,gi:28571891,0,0.461078931589877
gi:21357781,gi:24646928,0,0.3245358669255368
gi:17737727,gi:19923044,0,0.43116622563274287
gi:19920984,gi:24644888,0,0.39628561300562415
gi:24648484,gi:24663556,0,0.977676198365202
Q01642,gi:19922144,0,0.8226235025467284
gi:21357831,gi:21358111,0,0.5995249826995366
gi:17648049,gi:21357495,0,0.45081747443540066
gi:22026837,gi:24653708,0,0.4973310321114544
gi:21357037,gi:28573879,0,0.5487664759835273
P05552,gi:24648682,0,0.5652677728843437
Q8IGR0,gi:24582643,0,0.5144747378737896
gi:24642543,gi:24647609,0,0.45789762013386315
gi:24639649,gi:28573893,0,0.5056779893421555
gi:24642601,gi:28574726,0,0.4732950389938165
gi:21357417,gi:24586252,0,0.5575266278351935
gi:26080381,gi:28571549,0,0.3151601275138491
Q9VL18,gi:24651688,0,0.5394712175101074
gi:24640175,gi:24643312,0,0.2820376144695049
gi:20129745,gi:24654441,0,0.45062427379532793
gi:24659035,gi:28573604,0,0.4119118575850041
gi:19922440,gi:24638750,0,0.5076997428747296
Q24141,gi:24662729,0,0.41437565779369434
Q24133,gi:24583134,0,0.45904693984629114
Q9W4P5,gi:24585158,0,0.40700203543998087
gi:17136506,gi:28573427,0,0.569513066997826
gi:18858043,gi:24658567,0,0.5777191978424039
gi:20130017,gi:24648615,0,0.39775830496126274
Q00963,gi:24654172,0,0.5695928596254417
gi:17737437,gi:24641790,0,0.4453488016775728
gi:24648281,gi:24652121,0,0.5877953180218394
P20241,gi:24654550,0,0.49022527663030147
gi:24642799,gi:24663352,0,0.4079270408946259
P02844,gi:28571678,0,0.5352070890589544
gi:21357023,gi:24657172,0,0.5757061565997162
gi:20129451,gi:24663300,0,0.43453725207526556
gi:19921252,gi:24640672,0,0.5629068167546564
gi:24641431,gi:24643634,0,0.4370031984275143
Q9V3A4,gi:24656026,0,0.3747273149042949
Q9GU68,gi:24647885,0,0.44976070403512103
gi:22026843,gi:24662288,0,0.47262056003851655
gi:24585398,gi:24654586,0,0.19008187490701248
gi:24585715,gi:24585948,0,0.5124927988713702
gi:17137296,gi:24650148,0,0.45715594939694765
gi:21355119,gi:24654082,0,0.5002571884648797
P13607,gi:24585358,0,0.5806815301254517
gi:17137536,gi:28573173,0,0.49383097999113
gi:18858117,gi:19922206,0,0.47450265942840836
gi:24641156,gi:24643761,0,0.4926263826198256
gi:19920622,gi:24662081,0,0.35731187464071046
gi:21358053,gi:28574799,0,0.6093553922895293
Q9U1M2,gi:21356117,0,0.6000487864592396
gi:24651185,gi:24656275,0,0.4659533907019586
Q9W2U9,gi:21358089,0,0.6120372937028546
gi:24641251,gi:24666282,0,0.5005782172006876
gi:24654578,gi:24654828,0,0.5076472213362196
gi:24583965,gi:24652762,0,0.5407784292293769
P55828,gi:19921002,0,0.31261017645359346
gi:24584372,gi:24666524,0,0.4205238670909105
gi:24655751,gi:28573115,0,0.4530060688398237
gi:24585079,gi:28571947,0,0.5429851476066665
gi:24585040,gi:28571947,0,0.5341615728366677
P48588,gi:17137420,0,0.41121176099204637
P23757,gi:24585282,0,0.4464008202389958
gi:24648905,gi:24668274,0,0.4610828509621565
P91943,gi:24651203,0,0.5271437919106995
gi:24648207,gi:24663556,0,0.9929101645238018
gi:24655751,gi:24665193,0,0.45482051641437016
Q94535,gi:24649519,0,0.5779217772436173
gi:18859869,gi:24663802,0,0.5305782269014284
Q24246,gi:28574529,0,0.49565415018177905
gi:19921752,gi:28573486,0,0.5804306591320546
gi:17136732,gi:24640233,0,0.41557621411728246
gi:24642367,gi:24657052,0,0.48303242899228077
gi:24642235,gi:24663292,0,0.45699059961338295
gi:24652386,gi:28573125,0,0.39532508835004143
gi:20130049,gi:24649250,0,0.5332557945892816
P16163,gi:21357141,0,0.502258230150605
P50887,gi:24656644,0,0.3578660391023691
Q9V3S0,gi:24658229,0,0.37275873399072645
gi:24582643,gi:24585459,0,0.49705822598516364
gi:18858205,gi:24643081,0,0.35331966421589106
gi:17933624,gi:19921494,0,0.39492510651146007
gi:24651671,gi:28573393,0,0.44632350117329056
O76924,gi:24643516,0,0.5327921244022938
gi:17648053,gi:24662713,0,0.5008764190751887
P82147,gi:17137224,0,0.43478104601562745
P08182,gi:24655153,0,0.4889715550721795
gi:21356797,gi:28574875,0,0.3944211518944865
P15330,gi:21357547,0,0.5041914968407673
gi:21358157,gi:28574516,0,0.5159286126818123
gi:21687092,gi:24641209,0,0.6903457874475788
P45889,gi:24651926,0,0.47658257600848103
gi:18859947,gi:19921530,0,0.5307307775787584
gi:21356415,gi:24654934,0,0.4327898157892759
gi:21355491,gi:24663556,0,0.5579358669763199
P07666,gi:24666749,0,0.4319554614040848
O97125,gi:20129291,0,0.5020882584002543
gi:24649976,gi:24660923,0,0.4440634093194766
gi:21357907,gi:24586133,0,0.49921630073059853
Q9VD25,gi:24650265,0,0.6674726020482696
gi:24644145,gi:24668642,0,0.47233572093376724
gi:24582592,gi:24642267,0,0.4611882925944733
P22807,gi:24640777,0,0.4786536419076371
gi:21355681,gi:24640513,0,0.5034473248435481
gi:24580972,gi:24668309,0,0.486429762085101
gi:17136258,gi:24651156,0,0.48384073307418207
gi:19920436,gi:24654101,0,0.440245085829726
Q02748,gi:28574406,0,0.5155911900936602
gi:19922464,gi:28574383,0,0.5241436825985502
gi:17352479,gi:24663246,0,0.5384896482587137
gi:19920344,gi:23397629,0,0.39564118764316214
O76924,gi:28574980,0,0.5392234732987153
gi:24646297,gi:24665132,0,0.5211920690406504
Q06559,gi:24583557,0,0.41386169852705135
gi:21357269,gi:24648195,0,0.5557717569312935
gi:20129131,gi:21356995,0,0.44202798209671157
gi:24654383,gi:24660555,0,0.6080989866076479
gi:21356003,gi:28571445,0,0.5550691233806327
gi:24666674,gi:28573173,0,0.42683561389933194
gi:24581976,gi:24642922,0,0.4201304735547247
gi:19921090,gi:21687092,0,0.44027444577108077
gi:24646899,gi:24653270,0,0.46059841761052184
gi:24582699,gi:24582746,0,0.37187464341859783
gi:21355715,gi:24646972,0,0.491874099027454
O18404,gi:19921312,0,0.4701805421813371
gi:20130157,gi:28574920,0,0.45189579031285004
gi:24644650,gi:28571487,0,0.5347088560213976
gi:18860055,gi:18921137,0,0.5541949268526949
gi:17137026,gi:17530825,0,0.45416246029285867
P15330,gi:22026816,0,0.49092448349558704
gi:19922100,gi:24657052,0,0.5695029265088456
P41092,gi:19920776,0,0.40646116938097565
gi:24585481,gi:24638591,0,0.5864798114524382
gi:24642559,gi:24644950,0,0.5280385874241046
gi:24653538,gi:28571865,0,0.5528801208843909
gi:24650469,gi:24665160,0,0.793004109520818
gi:21358181,gi:24639760,0,0.5308219180857559
P20354,gi:24665469,0,0.5651117334988006
gi:24640625,gi:28571181,0,0.525815599471342
gi:24638795,gi:24653614,0,0.46679991098328094
gi:21358323,gi:24580716,0,0.4082292489986946
Q9W0K7,gi:28573549,0,0.3872872865819539
gi:24583253,gi:24639187,0,0.5218800277448582
gi:21355643,gi:24643303,0,0.45831357819466795
O16797,gi:24665160,0,0.4223735842648586
gi:17136286,gi:20130065,0,0.5356146292370565
gi:17864460,gi:21357861,0,0.5723064878925564
P07187,gi:20130007,0,0.5304310358381141
P42287,gi:24650864,0,0.5107855712135971
gi:24640430,gi:24668042,0,0.4075155840970015
gi:17136692,gi:28571819,0,0.4233144889928249
gi:24581901,gi:24644498,0,0.5109630535707085
gi:18858005,gi:28574284,0,0.5177348811722308
P48554,gi:24654644,0,0.47691815339485355
gi:17647581,gi:24642719,0,0.5220363464967309
P19538,gi:17136692,0,0.44287951681805937
gi:24585618,gi:24643702,0,0.394621001698525
gi:24583279,gi:28572129,0,0.5230818103211704
P16241,gi:24661707,0,0.3288282401080865
gi:20129853,gi:21357057,0,0.4297583457664666
gi:24581572,gi:24641014,0,0.38329415374223624
Q24167,gi:28572043,0,0.4838265532587084
gi:17137224,gi:24648917,0,0.5443123454308063
gi:20128797,gi:24650311,0,0.629868051115761
P49258,gi:28574764,0,0.4674239707638582
gi:17737425,gi:24581339,0,0.5282131920253881
gi:24654383,gi:24656168,0,0.5397216913080297
P48555,gi:19920776,0,0.4997077412437915
Q9V597,gi:24584916,0,0.47807341445265905
gi:24640635,gi:24664226,0,0.47266463100401257
gi:24651185,gi:24664004,0,0.7366077810286242
gi:21357215,gi:24659188,0,0.4466426198110557
P23696,P55035,0,0.43724927797176344
Q9VUJ0,gi:17647581,0,0.43454354896633657
O76902,gi:24665160,0,0.5248959679696208
gi:17137220,gi:24648450,0,0.4040932450083654
Q9VRM7,gi:21356365,0,0.4915552575922072
gi:21357853,gi:24657782,0,0.5004417825728671
P21525,gi:28574303,0,0.49812028581753576
gi:24639609,gi:24668824,0,0.544482902355629
Q24206,gi:21356041,0,0.35697895603585394
gi:19921814,gi:21357653,0,0.5184482139433002
Q8INW0,gi:21357761,0,0.513232147547124
gi:17864482,gi:24654595,0,0.5150258864030778
gi:24580815,gi:24644093,0,0.4273780727580129
Q01644,gi:21357817,0,0.18380061242282003
gi:17136216,gi:24639715,0,0.5426719774401301
gi:21357269,gi:24651247,0,0.6256035039590564
gi:21357939,gi:24581879,0,0.49469733972693375
Q9VJV9,gi:21358131,0,0.42917818750039205
gi:18859869,gi:21357711,0,0.5079354018287607
gi:23397621,gi:24646524,0,0.5573974073134484
gi:21358611,gi:24650714,0,0.48784073019694796
gi:19922340,gi:20129967,0,0.5486636068829859
Q27297,gi:21355451,0,0.5356898896790245
P18102,Q9VCR6,0,0.4982136456069125
O77260,gi:24656772,0,0.5275556307192607
gi:24654934,gi:24665661,0,0.5698435997742515
gi:22024255,gi:22026843,0,0.4380494754761024
Q9TX74,gi:24667699,0,0.4620405196876538
gi:21355913,gi:28573644,0,0.4818711868606325
O46106,gi:21357369,0,0.5382490909383073
gi:17136368,gi:24667258,0,0.3244978689966056
P42287,gi:17136732,0,0.49764849593732335
gi:24648294,gi:24649427,0,0.495591356021665
gi:21355379,gi:24581572,0,0.38536391737065756
P92201,gi:24660603,0,0.494338945533139
gi:24641854,gi:24667139,0,0.5306680633435356
P29310,Q9W2N0,0,0.5083242788030747
gi:24663188,gi:28573563,0,0.5472619225953839
gi:21357547,gi:24659863,0,0.3626610775128259
gi:21358155,gi:24652434,0,0.3667981395664572
gi:19922186,gi:28574284,0,0.45472643428790216
gi:24583234,gi:24657684,0,0.4685308458006817
P08985,gi:21357269,0,0.5939702945218587
Q24117,gi:24641831,0,0.5564804161193804
P48593,gi:24641921,0,0.23242708250192662
gi:24583208,gi:24654586,0,0.44467395547598765
gi:24642074,gi:28571623,0,0.5341974033343894
O46036,gi:21357903,0,0.5654925820890342
P14734,P29742,0,0.4606994583449464
Q24423,gi:20130345,0,0.5726487348503412
gi:17647383,gi:28573934,0,0.4922543883881755
gi:24639715,gi:24654383,0,0.6225968729082263
gi:24583312,gi:24642517,0,0.5151755785145277
Q9W5R8,gi:18858125,0,0.511375717453728
P40657,gi:21356111,0,0.43728613786342957
gi:21358333,gi:24644940,0,0.5006127623748869
gi:18543263,gi:24638766,0,0.46501655784635604
gi:24583222,gi:24659272,0,0.4321797848308607
gi:17137692,gi:24642484,0,0.40157760349377775
Q9VRL3,gi:24646718,0,0.515297450269358
gi:17647503,gi:24654854,0,0.4909811925073512
gi:18858175,gi:24647779,0,0.5642228060262624
P48149,gi:24640689,0,0.8035794260851898
gi:24650346,gi:28571125,0,0.6100263518251742
gi:24642799,gi:24762837,0,0.44393036666034075
gi:17648095,gi:21357761,0,0.6111925527469747
P02835,gi:24639187,0,0.47228030245460356
P07666,gi:24650604,0,0.5898718075517695
gi:17137572,gi:24653810,0,0.5247172521737165
P14130,gi:28573133,0,0.4641187298934315
Q9NJH0,gi:28571637,0,0.4429307314812812
Q8INW0,gi:24663055,0,0.6756757477083871
gi:17933630,gi:19921998,0,0.5313872226874192
gi:24640501,gi:24645653,0,0.5142827387693704
P13097,gi:24645728,0,0.6097499825658619
gi:24648905,gi:24655480,0,0.6664320332283332
gi:17136212,gi:24643702,0,0.48006170302125517
gi:24581787,gi:24657547,0,0.540056750727756
gi:21355801,gi:28573207,0,0.5739785538139356
gi:21687080,gi:24648397,0,0.5050463174080542
gi:24663011,gi:28573549,0,0.44067941595521043
P42287,gi:24640119,0,0.3367307736971023
gi:24641794,gi:28574077,0,0.3844099958283404
gi:18859953,gi:21687206,0,0.556537578351586
O16797,gi:24644214,0,0.5960967161392402
gi:17137572,gi:20129563,0,0.568327128864638
gi:17530825,gi:24658567,0,0.4188949268929516
P49905,gi:24654595,0,0.5549172976680308
gi:21356797,gi:24662753,0,0.5856838436388889
Q06559,gi:24667063,0,0.5612017635520321
gi:24583268,gi:24649214,0,0.517367369802518
gi:24585040,gi:24668309,0,0.3976258125716986
gi:19921700,gi:24656362,0,0.4879253015967904
gi:24646607,gi:24665095,0,0.49231319893009723
P08181,gi:19920866,0,0.5342898294732417
gi:19922106,gi:24640704,0,0.4773457764581976
gi:24583618,gi:24665884,0,0.4443070880633145
P15372,Q24133,0,0.5886387435347179
Q8INW0,gi:24646039,0,0.4677380806612926
gi:24640100,gi:24648678,0,0.40173226994223427
P23757,gi:21358415,0,0.6032780880550953
P49630,gi:24655170,0,0.6044359625343868
gi:17137642,gi:24586562,0,0.3692130888120176
gi:24640527,gi:24663039,0,0.43625191512379075
gi:24639681,gi:24640177,0,0.5296502881848474
Q24167,gi:24584926,0,0.5270776161551483
P16371,gi:30923696,0,0.46480736273809703
gi:24653247,gi:28574443,0,0.6534316404084415
Q8IGR0,gi:24645053,0,0.7352819783400935
gi:24582516,gi:24651524,0,0.390760959429268
gi:24646908,gi:28571987,0,0.5619700165564253
P39572,gi:24582096,0,0.5310438684562381
P27091,gi:17137074,0,0.5367580491937629
gi:24639812,gi:24648514,0,0.2360702181985306
gi:24665469,gi:28573347,0,0.41274033441276975
gi:24650747,gi:24662830,0,0.5041190939739908
Q9XTM1,gi:24644979,0,0.5180259986730399
gi:21358247,gi:24652827,0,0.4111910497947936
P39572,Q9W5R8,0,0.5162095492846062
gi:24648461,gi:24667117,0,0.5480197728269622
gi:24581542,gi:24642882,0,0.4004993482764679
gi:19922274,gi:28573773,0,0.5051634437072551
gi:17136294,gi:24639299,0,0.44208139398899915
P47938,gi:18858137,0,0.414860067850613
Q9XZ63,gi:28572965,0,0.5760604716895135
gi:20130049,gi:24642367,0,0.43523090728413905
gi:17137572,gi:17647911,0,0.5313107460225687
gi:17864566,gi:24660815,0,0.42193434722483636
P08181,gi:21355617,0,0.49250935241318583
P41093,gi:19922556,0,0.5398655964887957
gi:19920766,gi:24584043,0,0.48751885688682556
gi:18857983,gi:19920776,0,0.4863591054755535
gi:19921114,gi:28573878,0,0.46180586259396805
gi:24582699,gi:28574009,0,0.45373901704220765
gi:21357939,gi:24649007,0,0.48704645796720714
gi:24642233,gi:24650084,0,0.5724143830731953
P12613,gi:17737533,0,0.46155401955631464
gi:21357023,gi:23397621,0,0.5499841387547163
gi:20130007,gi:21358039,0,0.5245046136424558
gi:17136608,gi:24641831,0,0.5760243914545125
P51123,gi:24648401,0,0.48379811013373786
gi:19922640,gi:24649524,0,0.4448729397075359
gi:24585156,gi:24647516,0,0.4487556368583197
gi:20129131,gi:21357917,0,0.44637206660525963
P22700,gi:17864460,0,0.4467047587594811
gi:21358361,gi:24647885,0,0.40398763634392904
gi:21357761,gi:24658332,0,0.4797757520930387
P52295,gi:24653005,0,0.4259016364383936
P10383,gi:24656013,0,0.42304298191926365
gi:24647609,gi:24656820,0,0.48445777804228907
gi:19922992,gi:24662143,0,0.4868925326802235
gi:24639279,gi:24649556,0,0.5086432651831396
gi:21955276,gi:22026898,0,0.46043319378619174
gi:18859713,gi:21356873,0,0.571829252095364
P17276,gi:24652999,0,0.5877108276855695
gi:21355783,gi:28571825,0,0.37556253304842724
Q24570,gi:24643312,0,0.39100122212075505
gi:24643303,gi:24663246,0,0.5718127342567167
P32100,Q9VSS7,0,0.6324482934374036
P45890,gi:20129087,0,0.5549658686230062
gi:19920706,gi:30923655,0,0.3527302908050579
Q9W0Y1,gi:24659451,0,0.43462794961734297
Q9XTM1,gi:21357109,0,0.5123995815369244
gi:17864280,gi:24762745,0,0.6204374348951082
gi:21357919,gi:24585635,0,0.31512944879346655
gi:24582592,gi:24585087,0,0.39099798643536393
Q07327,gi:24580815,0,0.5606999050892414
O16011,gi:24585156,0,0.4531590775203061
Q9VQQ9,gi:24661352,0,0.592441793844813
gi:17986113,gi:28571421,0,0.381678839467746
P32100,gi:24650084,0,0.7196463272629268
gi:17136294,gi:17137188,0,0.5525862881923382
gi:19920464,gi:21356429,0,0.42500489405500536
gi:24644626,gi:28573034,0,0.5893936435637115
Q9NK57,gi:17137344,0,0.4802214891139183
P28159,gi:24666894,0,0.48492217055836767
P09491,gi:21357547,0,0.5454233684566827
gi:21357953,gi:24584776,0,0.5492333600842126
Q24337,gi:17137168,0,0.4477660585733021
gi:24582219,gi:24643516,0,0.45012346170738765
Q9VSC1,gi:24650122,0,0.43234905205922536
gi:21357483,gi:24644093,0,0.29781591948886715
gi:24584736,gi:24642517,0,0.5472112401632646
gi:21357471,gi:24581203,0,0.5360758887099921
gi:24649998,gi:24659170,0,0.4133166812696522
Q06559,gi:19921122,0,0.525774688240423
gi:19922906,gi:24652652,0,0.40502597438146987
gi:19922166,gi:24648294,0,0.4796343803770385
gi:24641827,gi:24659272,0,0.5853041421940423
gi:20129257,gi:24667063,0,0.46271114044065265
Q24253,gi:21358161,0,0.5513493589099434
P50887,gi:24640040,0,0.3387136727165871
gi:24580815,gi:24662729,0,0.4206869033022997
P49258,gi:20130151,0,0.4346694703195383
gi:17737549,gi:24666096,0,0.45709539832283314
Q9V597,gi:24664652,0,0.5327193791773263
gi:24642418,gi:24642808,0,0.4999246230301821
gi:21358175,gi:24665958,0,0.5170826515529588
gi:21355851,gi:24650924,0,0.5989908999034476
gi:18859877,gi:21357861,0,0.5451111813573759
gi:24642561,gi:24644880,0,0.49896316494676596
gi:24648592,gi:24654660,0,0.7086814393156585
gi:24653760,gi:24661424,0,0.5183932525755318
gi:24583567,gi:24640973,0,0.4715576428149004
P35381,Q8INW0,0,0.541728212352968
gi:17136826,gi:24664284,0,0.4665783106380714
gi:17530833,gi:24639988,0,0.5734032878515473
Q01071,gi:19920984,0,0.4466922908485737
gi:21357915,gi:24647905,0,0.5751185155289984
gi:21357037,gi:24657877,0,0.5023412593974227
gi:24644057,gi:24646908,0,0.5053377281152563
P26308,gi:24666053,0,0.48640951454932263
gi:17647939,gi:24647685,0,0.5937439140874223
Q9VD25,gi:24662753,0,0.5397913066341679
P41092,gi:20130399,0,0.46276272642464406
Q01083,gi:24654086,0,0.4358734360480339
gi:20129901,gi:24648615,0,0.42260828649222
Q24046,gi:24583408,0,0.4768738649355648
gi:19922900,gi:24581061,0,0.6281569785537074
gi:20129291,gi:24586595,0,0.42797471075528404
Q9W5R8,gi:24655245,0,0.44638543804788167
P15330,gi:24657699,0,0.46698004073062005
gi:24655228,gi:24658772,0,0.5155258356529787
P08570,gi:24650346,0,0.4095417645306984
gi:18859953,gi:24641156,0,0.5408069161317226
gi:17137574,gi:24651203,0,0.46988249101572216
gi:18859939,gi:24650346,0,0.31410113324829353
gi:19921554,gi:24648010,0,0.40654757345106446
gi:24583944,gi:28571481,0,0.4957433150402332
P18432,gi:18860099,0,0.459949014192817
gi:21357211,gi:24654769,0,0.4179701997227974
gi:19922526,gi:24648682,0,0.5226071515967516
gi:17864256,gi:24653887,0,0.47635860371964567
gi:21357511,gi:28574949,0,0.5708221682717356
gi:24639548,gi:24641134,0,0.5523909228814091
gi:21358205,gi:21358587,0,0.4542028979903758
gi:24657590,gi:24668389,0,0.47032732352257023
gi:24643822,gi:24657747,0,0.28841364918681567
P49258,gi:24657684,0,0.5237322224132449
Q8T053,gi:21357683,0,0.4683668764897913
gi:24647137,gi:24650377,0,0.37596462167556116
gi:17137634,gi:28573740,0,0.4668809982718745
Q9VSJ8,gi:21358323,0,0.5266039735883692
P02824,gi:24639790,0,0.47978239967607056
gi:24646365,gi:24651265,0,0.3799598628752763
gi:19920406,gi:24645942,0,0.3049802342984916
gi:19921312,gi:24651625,0,0.4581518876057424
gi:17137454,gi:28574675,0,0.4707257428857562
gi:24650747,gi:24665132,0,0.2828653078599848
gi:19922746,gi:20130121,0,0.5490923450945692
gi:17137558,gi:20129735,0,0.5215911250641186
gi:24665565,gi:24666394,0,0.4679764886280706
P50887,gi:24649183,0,0.627062550148182
gi:24655187,gi:28573486,0,0.5680231821960374
gi:19920866,gi:19922620,0,0.4395743896032411
gi:21355785,gi:24654578,0,0.4341599234578737
gi:24651052,gi:24667917,0,0.6359757139264894
gi:21356895,gi:21357797,0,0.39825047562788335
gi:21357669,gi:24663861,0,0.4697196397451041
P13238,gi:17137528,0,0.4107625131048149
gi:24656431,gi:24665172,0,0.45579286384064865
gi:18858089,gi:24584372,0,0.3831860427749979
gi:21357355,gi:24640672,0,0.46886027778748063
gi:21357223,gi:24650984,0,0.46858051294560804
gi:20129967,gi:24580965,0,0.44814639174926074
Q24133,gi:24659572,0,0.4841238065844523
Q06559,Q95RI5,0,0.5462348355743604
gi:17648053,gi:20129277,0,0.5378336291634758
gi:24639690,gi:24659451,0,0.4969704180776297
gi:20129085,gi:24658577,0,0.5472768743201731
gi:24650202,gi:24662729,0,0.37876802592672554
gi:24648643,gi:24659451,0,0.41734036150752996
gi:24651589,gi:24663462,0,0.4948634601739128
gi:22026831,gi:24668585,0,0.4334260246129851
gi:24583929,gi:24647609,0,0.3407652257837291
gi:17137344,gi:24582104,0,0.5878137438031596
gi:19922620,gi:28574876,0,0.6258734454648823
gi:17137572,gi:24656545,0,0.44377132657403023
gi:24642756,gi:24647897,0,0.35461883088954876
gi:19922144,gi:24668202,0,0.4519608708422645
P08630,P10041,0,0.5634117977611559
gi:17137002,gi:18860099,0,0.30120767496482054
P25867,gi:24640855,0,0.4270834707187537
gi:24647609,gi:28574555,0,0.4745312762236855
gi:24580765,gi:24656959,0,0.43102284551953113
Q9VXK0,gi:24650248,0,0.49797189269269304
P13008,gi:24652905,0,0.4187044585048792
P23696,gi:21356363,0,0.5268750316036307
gi:21358145,gi:24666933,0,0.4890862585249584
gi:17647245,gi:24651703,0,0.527806551982102
Q9TX74,gi:24654479,0,0.49622500324223656
gi:24649824,gi:24652680,0,0.5408152812016607
gi:19920354,gi:24649427,0,0.4896612560652576
gi:24649638,gi:24650084,0,0.34513480656740964
gi:17648123,gi:24651100,0,0.42596136823819636
gi:24650530,gi:28573893,0,0.41659949078269826
gi:24639649,gi:24658403,0,0.33991041998846416
P07181,gi:24640905,0,0.4277255695022369
gi:21358481,gi:24642287,0,0.46279923282052376
P46824,gi:28574529,0,0.6167517015372256
P48451,gi:28573729,0,0.48069311224524147
gi:24584645,gi:24660416,0,0.5043966088780208
gi:24646114,gi:28573207,0,0.537863314802945
Q9VPH7,gi:24582205,0,0.5275946136314014
gi:19920604,gi:24638978,0,0.3251110952783286
gi:19920484,gi:21357369,0,0.56865985910365
gi:19920954,gi:24666997,0,0.4989434992291491
gi:20428641,gi:24648690,0,0.45421037857996527
gi:17136920,gi:24648828,0,0.40570669669018056
gi:20130261,gi:28571487,0,0.5056768758704253
P20354,gi:24645300,0,0.6124682968490593
gi:17136412,gi:24582182,0,0.464517602618751
Q9VXE0,gi:19922904,0,0.5203068314659859
gi:21357195,gi:24651671,0,0.48998338376677925
gi:21356033,gi:24638591,0,0.5139632612836327
gi:18858125,gi:24585013,0,0.4722377506610517
gi:24641280,gi:24647468,0,0.4540381220440057
gi:18543285,gi:21356221,0,0.5175872998198185
gi:21355911,gi:28573207,0,0.4129190472093344
gi:17530817,gi:24659451,0,0.29509891958259654
gi:18921097,gi:21357023,0,0.47122759245215057
gi:21687233,gi:28574903,0,0.46403969316584753
gi:19922440,gi:24654441,0,0.44108217863807697
gi:24654383,gi:24655840,0,0.6938903321934273
P05205,gi:24650084,0,0.49995001688907276
gi:24656694,gi:28571537,0,0.5576491107884943
gi:17137224,gi:19921752,0,0.5708242880230198
Q9VKH0,gi:24640566,0,0.5564620295750816
gi:24641209,gi:24668202,0,0.5848942115768564
Q9VN93,gi:28571421,0,0.47233416684057433
gi:24662048,gi:24664199,0,0.6575147337965989
gi:19920906,gi:24650435,0,0.5136951430714206
gi:24650373,gi:24666323,0,0.5493915373651326
gi:20130157,gi:24583803,0,0.6656553540258077
gi:24650609,gi:28558748,0,0.49101046454052355
gi:24644521,gi:24653690,0,0.4079546914132827
gi:24639301,gi:24648010,0,0.2980410938055932
P14130,gi:24643731,0,0.6641248257642992
gi:24656151,gi:28574275,0,0.45089404511844955
gi:18860545,gi:26080381,0,0.4994078875336932
Q23985,gi:24639124,0,0.44465894308200343
gi:17864452,gi:24762755,0,0.5422311002056605
gi:24580900,gi:24639782,0,0.4682234182782095
Q9XTM1,gi:21356861,0,0.45004242687866075
gi:24581467,gi:28571762,0,0.3548570475454351
P02516,gi:21358085,0,0.4588170014048402
gi:23397623,gi:24583067,0,0.48473639062877316
gi:21357871,gi:24648690,0,0.5263963249773248
gi:24645148,gi:24647233,0,0.5051983754751351
gi:24582212,gi:24653422,0,0.5230909790593815
gi:17738125,gi:19922274,0,0.5051895008698574
Q05201,gi:20129967,0,0.3349765037630016
P54399,gi:24638750,0,0.3955209439891189
gi:21687092,gi:24663481,0,0.5966499363339005
gi:24641148,gi:24645538,0,0.455790657277245
P00034,gi:24663292,0,0.48956582246920477
gi:24648207,gi:24667422,0,0.30075421266105096
gi:24653245,gi:28573576,0,0.4902499954348624
gi:24649087,gi:24651671,0,0.4945963169406064
P05205,gi:24667703,0,0.4754363585093039
gi:17137706,gi:24585499,0,0.5275065387776183
O18405,gi:24642517,0,0.6075820295930087
gi:24585499,gi:28558744,0,0.5283590773010084
gi:19921778,gi:24647343,0,0.45429823727853536
O16011,gi:24655245,0,0.5350185743139758
gi:24640704,gi:24641578,0,0.5156099176314546
gi:24642543,gi:24647224,0,0.4654474714456289
gi:24641090,gi:28572977,0,0.5621053266116627
gi:24650714,gi:24668504,0,0.48855775777885524
gi:19920608,gi:24638845,0,0.458500878766966
gi:17864630,gi:24648966,0,0.25030095446109146
gi:17136820,gi:19920776,0,0.545701313951163
gi:19922516,gi:24585240,0,0.5518102531501882
gi:24640353,gi:24644059,0,0.5519839124026998
P40320,gi:24646718,0,0.5328512464131466
gi:17530857,gi:19920978,0,0.5879294051540662
gi:17136826,gi:24582741,0,0.6026147155389004
gi:17137188,gi:21357365,0,0.5742731462801164
gi:17737727,gi:24642214,0,0.5908540529775657
gi:19922444,gi:24656346,0,0.49993595097229176
gi:19922310,gi:24645216,0,0.5571353879712212
Q24404,gi:19922798,0,0.2142655334324073
gi:24647339,gi:24654872,0,0.39310032079398216
P40657,gi:28571396,0,0.5536004443324921
gi:24646607,gi:24663523,0,0.5121264608234306
P08182,gi:24640672,0,0.3629199699708722
gi:21357761,gi:24652641,0,0.469244185820678
P14734,gi:24581355,0,0.45672773545976597
gi:24639368,gi:28572036,0,0.4094562180883442
gi:24581873,gi:24640704,0,0.6118630464962089
P02267,gi:24640973,0,0.5615330146141192
gi:24642191,gi:24650530,0,0.619743921928749
gi:18858217,gi:24662830,0,0.4107758147664352
gi:24645515,gi:30923537,0,0.44904721907855466
gi:21356081,gi:24654172,0,0.5459367363423933
gi:24581939,gi:24657496,0,0.5710036223411661
O61443,gi:18859793,0,0.46999879551990953
Q9VV43,gi:24652218,0,0.5116352582892324
gi:21356987,gi:24650168,0,0.627211467512796
gi:17137188,gi:24645902,0,0.5043750105128906
gi:21358161,gi:24647905,0,0.542856210882424
gi:19921494,gi:24649214,0,0.3691096859639428
P31009,gi:24581467,0,0.44278521742836985
gi:24645585,gi:24661455,0,0.49218490876567633
gi:19921144,gi:24654263,0,0.5688742502859387
gi:21355603,gi:24651303,0,0.44377267966404876
Q9VSJ8,gi:24581061,0,0.4358441398092528
Q9XYN7,gi:20129705,0,0.561374553700044
gi:17136748,gi:24583414,0,0.4963098185275917
gi:24654325,gi:24661625,0,0.4526354619283821
gi:24583515,gi:24647823,0,0.4199375197931881
P40688,gi:24643634,0,0.4900418443387563
P13217,Q01083,0,0.4594393651711475
gi:20129587,gi:28571791,0,0.5593093497370629
gi:24643209,gi:28574764,0,0.4187213092816302
gi:28573551,gi:28573879,0,0.5129966885122338
P07487,gi:24650658,0,0.4674315495655281
gi:24584798,gi:28571660,0,0.5483737655186965
P52295,gi:22026934,0,0.48720557056042363
gi:17647819,gi:24654479,0,0.36447393398886796
P07183,gi:24644064,0,0.4366785275807276
gi:24662634,gi:24762594,0,0.49712512407673115
gi:24641439,gi:24651397,0,0.5622801705076124
gi:24649312,gi:24662155,0,0.471063876015836
O97125,gi:24639885,0,0.3661769572895989
gi:21357035,gi:24639243,0,0.4329412675365503
P29310,gi:17738007,0,0.4022617838066766
gi:21355613,gi:21357761,0,0.6386108830436366
gi:19922518,gi:21358161,0,0.5642463577699365
gi:22026880,gi:24665176,0,0.4602398879712065
P21461,gi:24655003,0,0.46849250447513074
gi:24643702,gi:24654441,0,0.4140602474918119
gi:17864228,gi:21356995,0,0.4859302529282308
gi:21357897,gi:24641555,0,0.48224230548548364
gi:24586591,gi:24654578,0,0.48913194212573885
P00034,Q9VCE6,0,0.47824964759425453
gi:17647523,gi:24664395,0,0.48429869842324647
gi:24641727,gi:24646017,0,0.4346900671197744
gi:22026831,gi:24640704,0,0.41714202247065263
gi:24585156,gi:24642404,0,0.5400308889410519
gi:19921140,gi:24638845,0,0.5647494622910638
gi:24584736,gi:24655623,0,0.4769963683166546
gi:24641919,gi:24656245,0,0.28919875175442955
gi:22026831,gi:24666118,0,0.3898809975405639
gi:21358529,gi:24666240,0,0.4667157271981481
gi:24649236,gi:24650662,0,0.5211011128862386
gi:17137700,gi:24642884,0,0.44317854418571967
gi:19920464,gi:24646729,0,0.49368468558533024
Q24570,gi:24581879,0,0.34115884442009375
gi:22024201,gi:24580914,0,0.4541350132023623
gi:24638591,gi:24651333,0,0.5878962109196224
gi:20128841,gi:24642233,0,0.48396902616585974
gi:21357113,gi:24667063,0,0.5627027967459971
gi:21357455,gi:24642247,0,0.5638541501577009
P49630,gi:24643270,0,0.4606781482852103
P54611,gi:24655623,0,0.41299152926071964
gi:24581574,gi:28574406,0,0.6655694757038336
gi:17648053,gi:24642588,0,0.4292794815599172
P54611,gi:24644642,0,0.33802012204169196
gi:24582210,gi:24645745,0,0.4701532495035128
gi:24585158,gi:24762594,0,0.4908945212162953
gi:17647911,gi:17981755,0,0.8352234331829421
Q9W3C1,gi:24651173,0,0.4602155136394288
P07666,gi:19922620,0,0.24866738665241134
gi:24639187,gi:24659341,0,0.6062001283222893
gi:21357023,gi:21687194,0,0.5511608457581271
gi:28572036,gi:28574443,0,0.5805082003295126
Q9U405,gi:17647335,0,0.44047070699093643
O77430,gi:24651979,0,0.5631797719989287
gi:21356595,gi:21358161,0,0.5066019359789478
gi:17933606,gi:24643437,0,0.5121213146112835
gi:18859929,gi:24666790,0,0.3213089961758063
P20480,Q9GU68,0,0.5523674544308397
P12982,gi:24639044,0,0.5142205464725791
gi:24583067,gi:24657218,0,0.4631162014962157
P19109,gi:18859825,0,0.41638425101046
P04657,gi:24582096,0,0.5699789330796968
gi:19920546,gi:21356995,0,0.5332616284590578
gi:19920428,gi:24641567,0,0.46670766935441205
gi:24582589,gi:24657292,0,0.5288073013866299
P12982,gi:24654735,0,0.47472272166241997
gi:20129113,gi:24656168,0,0.48492784257813476
O46036,gi:17137184,0,0.5178857331910639
gi:21357817,gi:28573995,0,0.4042928335114572
gi:18859713,gi:24657023,0,0.5808700342939935
gi:24584547,gi:24639272,0,0.4422775228753365
gi:17864238,gi:18543289,0,0.5432861856589822
P06603,gi:18543273,0,0.5382882759053756
gi:24640973,gi:24648828,0,0.3619677952522003
Q24564,gi:21357187,0,0.6354604429063598
gi:21356031,gi:21358323,0,0.4758115107727708
gi:18859825,gi:24639917,0,0.663406181776892
gi:21356073,gi:24643474,0,0.4803580935267171
gi:21355785,gi:24659451,0,0.5592628752777964
O16797,gi:24654934,0,0.4491163321611568
gi:24643106,gi:24643817,0,0.4865282018672062
gi:19921448,gi:20128797,0,0.6109218688399818
gi:19920576,gi:24655034,0,0.49370640808639604
gi:24648615,gi:24665973,0,0.48495667193194986
P13060,gi:24647864,0,0.4126805472079623
Q9VJV9,gi:24656362,0,0.4503712234333522
gi:24645150,gi:24651185,0,0.7015427441811649
gi:19921482,gi:24655577,0,0.5045606712939132
gi:24649007,gi:28574875,0,0.4738022358587419
gi:18543215,gi:28573691,0,0.4783809321998278
gi:17137568,gi:19922708,0,0.6077481578797633
gi:18858137,gi:21357903,0,0.36062086620218864
P82910,gi:19921250,0,0.445381717295521
gi:19921536,gi:24654471,0,0.5107604490246109
gi:17648085,gi:24639790,0,0.5538081278742109
P08044,gi:24668820,0,0.4403934406447604
gi:21355913,gi:24582283,0,0.5113009088035118
gi:20130345,gi:24667132,0,0.4045703434424046
gi:20128963,gi:24660416,0,0.47391371287834777
gi:21357211,gi:30923564,0,0.4643601371877825
gi:24650248,gi:24655840,0,0.4605909682425986
gi:17137168,gi:24651326,0,0.6027043032566615
gi:17137752,gi:24645769,0,0.355915718866881
gi:24584046,gi:24643083,0,0.532712052119247
gi:20130391,gi:24585079,0,0.5834862268058111
gi:21357161,gi:24646212,0,0.4997323444336803
gi:24583414,gi:24586176,0,0.4736101082231019
gi:18858225,gi:24644797,0,0.5892365803668801
gi:20129227,gi:24584547,0,0.5631217854975593
Q9VGI8,gi:18858161,0,0.5097910288315215
gi:24642233,gi:24663344,0,0.48449259319103316
O44424,gi:24647885,0,0.5302843073828707
gi:22024283,gi:24584534,0,0.5685994257385082
gi:20130425,gi:21356041,0,0.3457259593666994
gi:22026843,gi:24655170,0,0.4894008233137943
gi:21355075,gi:24661681,0,0.5180157601715243
gi:19921120,gi:20130157,0,0.5133441558830659
gi:24642633,gi:24644093,0,0.5579921080878859
gi:17136212,gi:24415388,0,0.4674912850468781
gi:24644250,gi:24657218,0,0.5484151796573818
P15330,gi:19922556,0,0.4949080583701339
gi:24650660,gi:24665928,0,0.49597489662064476
gi:24585156,gi:24642430,0,0.5954673171536269
gi:21955284,gi:24643394,0,0.4334648555791254
gi:17998687,gi:24665193,0,0.41600734850582244
gi:19922294,gi:24648828,0,0.54592388268361
gi:20129845,gi:28571883,0,0.469810567588521
gi:24639806,gi:24655741,0,0.482102516731744
gi:17137074,gi:24581061,0,0.5864761315450899
gi:20130249,gi:24650124,0,0.3868253318962124
gi:17137168,gi:30923613,0,0.5303222488681901
gi:24651671,gi:24658772,0,0.5294576504319541
O97420,gi:24582339,0,0.4691692756587638
Q01069,gi:24583256,0,0.5457233701360955
P40320,gi:21357575,0,0.5391460426107252
gi:19921338,gi:19922726,0,0.5198396299156127
gi:20128841,gi:24582212,0,0.47198268483118727
gi:20129291,gi:21356111,0,0.47462697519157776
gi:21955276,gi:24650074,0,0.519901830118393
O46036,gi:24762790,0,0.5134546711745236
P08182,gi:17136968,0,0.45130570349228427
P16163,gi:24649429,0,0.5519109204242547
gi:24638750,gi:28573879,0,0.5174481432358278
gi:20129405,gi:21357669,0,0.5295769622997792
gi:17647899,gi:24644797,0,0.5929269675881546
gi:24583965,gi:24655606,0,0.48380657915319636
gi:21356265,gi:24661651,0,0.6159041535222951
gi:21355513,gi:24641209,0,0.28936940991961757
gi:24640672,gi:24665132,0,0.16744745089148735
gi:24583820,gi:24667063,0,0.4263734181037608
P54399,Q04787,0,0.3690741818202376
Q03334,Q9W553,0,0.5149151365764594
gi:21356973,gi:21357669,0,0.49925161773248883
P10083,Q9VD25,0,0.5919239355014727
gi:24586562,gi:24649007,0,0.4220643402470596
gi:24581719,gi:24585169,0,0.5877821004226995
Q06559,gi:24666850,0,0.7196136488926473
gi:21357547,gi:24660603,0,0.4929060097912009
gi:24582283,gi:24648010,0,0.47462370599177744
gi:17137792,gi:24644398,0,0.5636513430789375
gi:17137514,gi:20128797,0,0.5490704449753875
gi:19921250,gi:24641997,0,0.4634960611429478
P37161,gi:24664199,0,0.5648835656041276
gi:17864286,gi:24645184,0,0.45322310453776177
gi:21357269,gi:24657747,0,0.4888597391216217
gi:21357761,gi:24652408,0,0.5133189315816563
gi:24655153,gi:28571823,0,0.5212546752982418
gi:24654595,gi:24659272,0,0.5481533593613558
Q27350,gi:17933722,0,0.4402747428669667
gi:20129291,gi:24647385,0,0.42190569593922145
Q9GU68,gi:24659182,0,0.5184485485363169
Q24564,gi:24652930,0,0.4440163802145523
gi:21355909,gi:24661625,0,0.4731240144756822
gi:22026916,gi:24645457,0,0.5402805493628905
gi:20130365,gi:28571447,0,0.4501734601912331
gi:19922538,gi:24581572,0,0.4135775531859563
gi:20130151,gi:24656694,0,0.6077636199270289
gi:24666053,gi:24762828,0,0.4930166652342376
P15330,gi:24585242,0,0.5107412194306941
gi:24653096,gi:24665297,0,0.5154434084065886
P17276,gi:24640233,0,0.35391973815096267
gi:24650862,gi:24665626,0,0.3880019439284117
gi:17136920,gi:19921872,0,0.40186636116994495
gi:17137700,gi:24659100,0,0.6210728410068036
gi:24584167,gi:24644059,0,0.544501907507463
gi:21358485,gi:24648198,0,0.5374150426592419
P49905,gi:28573466,0,0.36728245392639997
gi:19921156,gi:21357417,0,0.6100676465140578
gi:24583803,gi:24657747,0,0.5718838904338622
P53997,gi:20130007,0,0.41876792008547864
gi:24581467,gi:24643282,0,0.4853858272714492
gi:24638708,gi:28573133,0,0.542029843872084
P02516,gi:19921860,0,0.4692513031723828
gi:21356383,gi:24663657,0,0.3765725937058583
gi:21356799,gi:24655228,0,0.5583882636439769
gi:24656161,gi:30923696,0,0.4758350830206986
gi:21356595,gi:24665132,0,0.5007638063157671
gi:21357047,gi:22024201,0,0.596019257258999
gi:19922106,gi:28573879,0,0.5112577693804043
gi:24644369,gi:24668627,0,0.5395249592529291
gi:24640971,gi:24657684,0,0.3317226594609632
gi:24648607,gi:28574851,0,0.5334118285827045
Q27297,gi:24585432,0,0.4962900218284286
P16378,gi:24654660,0,0.6064176957011627
gi:21358025,gi:24585027,0,0.5093859947350116
P29742,gi:23397598,0,0.5649827094759218
gi:24662753,gi:24664284,0,0.45300261911403367
gi:18859997,gi:21356787,0,0.406743846573457
gi:21357677,gi:24762517,0,0.5984951094410957
P31009,gi:24646928,0,0.40227232460483103
gi:17137352,gi:24639541,0,0.4880575779556051
gi:24582096,gi:24582926,0,0.4535671568233129
gi:24581542,gi:24662973,0,0.36994904807453005
gi:24651924,gi:28571833,0,0.40640515143899864
gi:24666886,gi:28574284,0,0.5510130296420396
gi:18857949,gi:24643761,0,0.46267467960507414
gi:19920876,gi:24650577,0,0.5364732118789091
gi:17136864,gi:21357037,0,0.4289213718202093
P50887,gi:24642430,0,0.6403725229505826
gi:17136732,gi:24639299,0,0.5593616529270669
gi:24655474,gi:24762433,0,0.4628770549814962
Q02748,gi:24583894,0,0.5032768952415452
Q27324,gi:24585767,0,0.48894751970471473
Q9W1C9,gi:24581542,0,0.7538463969698946
gi:21357897,gi:24648615,0,0.4454301216396546
gi:17136920,gi:20129739,0,0.5405821554458201
P12982,gi:21356895,0,0.41144314453832836
gi:24583312,gi:24654327,0,0.5336258845641745
gi:17998687,gi:28573278,0,0.41843357582643004
gi:21355365,gi:24659272,0,0.5331175673021183
gi:17137642,gi:24666944,0,0.45801743188937216
P00528,gi:20130249,0,0.5017967836361663
gi:21355917,gi:24668824,0,0.45290404678091917
P02828,gi:18859635,0,0.3384165183221596
O96860,gi:24654245,0,0.579383630300948
P23380,gi:21355681,0,0.3379950120146141
P12881,gi:24645413,0,0.4297794469075375
P17276,gi:17137488,0,0.45604476968382146
gi:19921312,gi:24641555,0,0.7441702784182251
gi:17738153,gi:19922072,0,0.5361285575227461
gi:18859977,gi:28573590,0,0.5166652380136355
Q06559,gi:21355815,0,0.6187421686718751
Q9VMW8,gi:24650084,0,0.4458710307415239
gi:21356061,gi:24642662,0,0.405132661361882
P40427,gi:17647939,0,0.4176866739796994
gi:19920786,gi:21357761,0,0.5996840985053019
Q23985,gi:24657747,0,0.5467866914461523
Q9NGC3,gi:24643394,0,0.5052324710979715
gi:21355643,gi:24581719,0,0.4881318367592268
P13496,gi:24649158,0,0.3812351072150999
Q9V597,gi:28574764,0,0.49234606968224914
gi:21357151,gi:24666524,0,0.6594761376471026
gi:20129563,gi:24582606,0,0.4858319460044202
gi:24643702,gi:24666894,0,0.5246795474965822
gi:18857967,gi:24645975,0,0.4879738835565207
gi:24648207,gi:24658567,0,0.3144688987875417
gi:24583009,gi:24649519,0,0.3859300296566674
Q8T0S6,gi:24580817,0,0.48642591434261084
gi:19921482,gi:24649427,0,0.5420725156043805
Q01083,gi:24665932,0,0.5009887489536218
gi:19920354,gi:19921294,0,0.5128839758494036
P25843,gi:24667917,0,0.3234317837810909
gi:20129227,gi:21355909,0,0.5468945383130472
gi:24583279,gi:24585943,0,0.5940694650894528
P08879,gi:28571819,0,0.5388825416504522
Q06559,gi:28574764,0,0.482438186048268
Q8T0S6,gi:24648826,0,0.5588243254896789
gi:17985985,gi:21356963,0,0.35782771879772446
gi:17136968,gi:19922596,0,0.5471304354138666
gi:17136294,gi:24638718,0,0.5040325793371132
gi:17737503,gi:24653614,0,0.5615341585586111
Q9TX74,gi:24639740,0,0.4515798704227627
gi:24643666,gi:24762808,0,0.5329040324012685
P04814,gi:24644677,0,0.6488375116109277
gi:24659829,gi:24668563,0,0.6045266582344044
Q94524,gi:28573679,0,0.3895929908314468
gi:24640973,gi:24651524,0,0.52321485948958
Q27297,gi:24580809,0,0.5402759685140264
gi:21357711,gi:24585236,0,0.5439801751410334
P30052,gi:21357903,0,0.5665387268679609
P13008,gi:28573761,0,0.47044293882233923
P52485,gi:19922620,0,0.5933193495640884
Q9V597,gi:19922620,0,0.3097310354480208
gi:20129369,gi:24641148,0,0.43754014224086346
gi:18858007,gi:24583134,0,0.5823068355712546
gi:20130425,gi:24647572,0,0.4898146416610204
gi:19922106,gi:22024283,0,0.48094716640574514
P54357,gi:24582879,0,0.5206255770613366
gi:18858125,gi:24581719,0,0.5149352839758063
P07187,gi:24653350,0,0.3758267404753365
gi:24645621,gi:24650814,0,0.5032667813360007
gi:19920546,gi:24649795,0,0.5451407342776134
gi:24640527,gi:24648592,0,0.5751560316847933
Q06559,gi:21357605,0,0.5299895550608288
gi:17738007,gi:24662973,0,0.21803189336052775
gi:24662431,gi:24662830,0,0.6917636985397998
gi:24640233,gi:24641148,0,0.45428897360282533
gi:21356235,gi:24643702,0,0.4540982403270669
gi:17136368,gi:20129009,0,0.45063349384648793
P02824,gi:24641921,0,0.40096993733435493
gi:24649210,gi:24666850,0,0.5871971689357393
gi:24585242,gi:24647759,0,0.49157870446863167
P18459,gi:28573304,0,0.41324724988925493
P51123,gi:28574582,0,0.5937567589336915
gi:24655187,gi:24661359,0,0.4907987749827014
O97420,Q9Y0I1,0,0.5370011274324444
gi:21356041,gi:24645869,0,0.5711807750959311
gi:17647979,gi:28574443,0,0.4684645049116339
Q24133,gi:24652842,0,0.4752015225839237
gi:24648668,gi:28574886,0,0.5555812712744436
O16130,P10333,0,0.7176132208964677
gi:24646273,gi:24762433,0,0.479210735650481
gi:21355717,gi:24645413,0,0.5801393798510143
gi:21355851,gi:24666790,0,0.4627934459005728
P48149,gi:24580900,0,0.5544458173420921
gi:20130345,gi:24649473,0,0.5056169481133491
gi:17137188,gi:17137558,0,0.41431689651646353
gi:24653690,gi:28574516,0,0.45744107209996177
Q04787,gi:18858095,0,0.3089955181895104
gi:17985985,gi:17986113,0,0.45353767699410436
gi:19921778,gi:24651690,0,0.4935213774426952
gi:24585132,gi:26080381,0,0.4649268208544826
gi:24582294,gi:24644504,0,0.5828681589088455
gi:28573684,gi:28574692,0,0.57021723721182
gi:17137398,gi:24583134,0,0.5671048578554408
gi:24581310,gi:24643310,0,0.41333538066556874
P14199,gi:24667089,0,0.5334769100926426
gi:21357621,gi:24646436,0,0.5058690665086114
gi:24655778,gi:24663462,0,0.5212958146850106
gi:24583741,gi:24655577,0,0.5036619288558708
gi:17137616,gi:24653084,0,0.5012526899321736
P08182,gi:17738243,0,0.43352017890664907
gi:20129563,gi:24642254,0,0.5158843961113919
gi:24650873,gi:24651688,0,0.5722762133786599
gi:24585027,gi:24654944,0,0.5361207195204946
gi:17136826,gi:24655170,0,0.4323180896416344
gi:17647939,gi:24650786,0,0.5329724483505153
O18413,gi:24649162,0,0.503893950428095
gi:24643447,gi:28558748,0,0.5818836660918947
gi:20128863,gi:24645058,0,0.42294026169964183
gi:21355279,gi:24645724,0,0.3646135374643317
gi:21357483,gi:24639601,0,0.5246206791203548
gi:24646928,gi:24668006,0,0.42735716708124927
gi:18921139,gi:19920746,0,0.47659542663827664
O01666,Q02360,0,0.4839265558318687
gi:18859735,gi:24665958,0,0.5396220822922826
gi:24661332,gi:24664191,0,0.4543574790229271
gi:20129563,gi:24665784,0,0.5588596427512267
P22700,P51123,0,0.44515649907957244
Q23985,gi:24640430,0,0.5983673020189838
gi:19920576,gi:24642267,0,0.434890785354855
gi:24640672,gi:24640804,0,0.6473591268695095
P23696,gi:21358039,0,0.5043855999074655
P35415,gi:22023983,0,0.3568556276361754
Q9W5R8,gi:23397623,0,0.537225703582428
gi:24641792,gi:28571891,0,0.48677370994784436
gi:18860099,gi:19921254,0,0.3645636590096659
Q04787,gi:24639299,0,0.38860146872896434
Q03334,gi:24666053,0,0.4433988447921016
gi:24584148,gi:24641689,0,0.4808576732194129
gi:24659451,gi:24663523,0,0.5631909367586087
gi:19923044,gi:24581686,0,0.5008251694967191
gi:18859847,gi:28573590,0,0.4972365364987062
gi:20129291,gi:21357871,0,0.54525957085185
gi:17137752,gi:24655341,0,0.47837072428578714
gi:24584167,gi:24667521,0,0.6208231711218711
gi:21357761,gi:24642799,0,0.5738245758166646
gi:17737533,gi:24647137,0,0.49705239889717645
gi:17864318,gi:24645951,0,0.47245945047171084
Q24475,gi:17737881,0,0.4159169774345274
P13469,gi:24641555,0,0.36682214300283816
Q24210,Q9XYN7,0,0.5035414974396173
gi:24643310,gi:24648514,0,0.4690824671225158
gi:17136212,gi:24581314,0,0.5281631569147198
gi:19922186,gi:24581939,0,0.4884764879312484
gi:18859717,gi:24641555,0,0.7870324588914641
Q9VPS5,gi:19923028,0,0.5485495906827557
P10987,gi:24661787,0,0.5287515062315805
P17917,gi:24648302,0,0.5313062030694402
gi:24640625,gi:24644888,0,0.4922326877890407
gi:19922086,gi:24652780,0,0.4947736476441271
gi:24586167,gi:24656486,0,0.46699064013984337
gi:18859713,gi:19920978,0,0.5919780854852978
gi:24650342,gi:24651238,0,0.36003206641801766
gi:21355507,gi:28574125,0,0.30776390378486934
gi:24655850,gi:24664627,0,0.4382531162920463
gi:24655153,gi:24762779,0,0.4431131238124843
gi:19920370,gi:24662495,0,0.58518880440352
gi:24584372,gi:24643118,0,0.500004208139154
Q24320,gi:24647901,0,0.42010533795648625
gi:18858169,gi:24655170,0,0.4830999118953597
Q9V3S0,gi:17136292,0,0.51099897834064
gi:17137146,gi:19920786,0,0.4999290424237178
gi:24639548,gi:24651671,0,0.5652389038645407
Q24337,gi:20130151,0,0.5434050606218486
Q24141,gi:24644026,0,0.5934414588383019
gi:18859939,gi:24582746,0,0.44429676697944276
gi:18858007,gi:24638609,0,0.5050074386404922
gi:24582926,gi:24665583,0,0.5351999657779561
gi:17647343,gi:24651028,0,0.6343346388549597
gi:24646737,gi:24762669,0,0.5528282699260244
gi:21356727,gi:24653988,0,0.4885581843883733
P31009,gi:18858055,0,0.4601658916949336
gi:24582170,gi:24647285,0,0.548339824251893
gi:20130391,gi:24640233,0,0.4870157715558421
gi:21357721,gi:24663292,0,0.5206393698694717
gi:24581061,gi:24666004,0,0.5556169849329282
gi:24664062,gi:24666524,0,0.4513445331096358
Q9NGC3,gi:24655034,0,0.49017750425546014
gi:24643110,gi:28571815,0,0.6334136669414133
gi:21355513,gi:24644987,0,0.5043538268751444
gi:17137752,gi:19921992,0,0.4093967914546158
gi:18858125,gi:28574529,0,0.6707378928538877
gi:17738085,gi:24638872,0,0.5637721782875849
gi:21357483,gi:24665583,0,0.5043162324826522
P02843,gi:19921422,0,0.5003091471908291
gi:24648294,gi:24665135,0,0.3259597791673301
gi:17137726,gi:24653988,0,0.5611280463335228
gi:24654383,gi:24657317,0,0.6263919392939171
gi:24640689,gi:24650589,0,0.46197071371944276
O46084,gi:21356397,0,0.5388725712704281
gi:17975583,gi:28574009,0,0.5077270366172234
gi:19921250,gi:21358101,0,0.48905041862709747
P18491,gi:28571791,0,0.5162081872836793
gi:24642134,gi:24652897,0,0.47774675166091474
P20483,gi:28571445,0,0.49270952126818285
gi:24651935,gi:24762582,0,0.5009384206877058
gi:17137454,gi:24582283,0,0.4895372393914473
Q9V3S0,gi:24663462,0,0.4740145814066821
gi:24644797,gi:24655912,0,0.48209349775716576
gi:19921312,gi:24661136,0,0.5742657164053724
gi:17933532,gi:24585353,0,0.5388608631759764
gi:24665297,gi:28573799,0,0.5200387590224324
gi:19921554,gi:21356041,0,0.5308996282237167
O44437,gi:24666096,0,0.4169732740766214
gi:24644797,gi:24648828,0,0.324583220274397
P16163,gi:21358129,0,0.551540088698694
gi:17137572,gi:17530825,0,0.45512180160415655
Q24404,gi:24649861,0,0.4341066124198975
gi:21356429,gi:24640635,0,0.5323006875598644
gi:17647891,gi:24650758,0,0.6097976764861255
gi:21687133,gi:24642922,0,0.37768064322203904
gi:17530817,gi:24662626,0,0.5794015555066777
gi:24652999,gi:24653350,0,0.26522870584061314
gi:17647523,gi:28573729,0,0.4595697391862308
Q24141,gi:24583962,0,0.48128414547286763
gi:20129669,gi:24580900,0,0.5024848345028486
gi:21356397,gi:24655741,0,0.49896825901871744
P07207,gi:19920876,0,0.480483468282123
gi:24647779,gi:24661523,0,0.5174172826538076
gi:17933528,gi:24660182,0,0.3998059058420851
gi:24642191,gi:24642517,0,0.6195052266904527
gi:20129061,gi:24652652,0,0.5652284159903292
gi:21357653,gi:24656494,0,0.5456576122727825
gi:20129087,gi:21355717,0,0.5507651452986063
gi:17136732,gi:24661689,0,0.581654224242935
P10379,gi:21686989,0,0.4735100520081289
gi:24649103,gi:24649183,0,0.7167758664871382
gi:24641921,gi:24651326,0,0.3758042928775954
P40320,gi:17738007,0,0.4331587455203978
P11455,gi:24641831,0,0.5299163767692473
P35128,gi:24638708,0,0.544184882558362
gi:24643151,gi:24762779,0,0.49547723813873246
gi:24641831,gi:24653912,0,0.518655582424872
gi:20129277,gi:24641790,0,0.441375376641742
gi:24583474,gi:24658069,0,0.4859859470867376
gi:24581429,gi:24661359,0,0.3959043058066885
gi:19921312,gi:24653645,0,0.6055261965312123
gi:24641794,gi:24667876,0,0.47542833217271113
gi:24640683,gi:24641567,0,0.45224057107419907
gi:17137452,gi:24585926,0,0.4750810555986815
gi:24661830,gi:24666323,0,0.47976592884507735
gi:19922992,gi:24586472,0,0.5124346089004206
gi:24583012,gi:24642484,0,0.4413611484591729
gi:24581711,gi:24656346,0,0.4857372284982002
gi:21356727,gi:21357711,0,0.3710713589897665
gi:24581976,gi:24642021,0,0.486319806412798
gi:18860011,gi:24646365,0,0.4800660618413911
Q9W5R5,gi:24655850,0,0.5438016141767688
P52029,gi:24649236,0,0.5112562280496282
gi:24650924,gi:28573310,0,0.4679140959619802
P53034,gi:19920746,0,0.48884452107205195
Q01644,gi:24638625,0,0.25215712724109307
gi:17136782,gi:24639800,0,0.5412278564636421
gi:24639021,gi:28573604,0,0.403438050559071
gi:21356575,gi:24644958,0,0.5037877497918517
gi:20129381,gi:24647265,0,0.5338621811141343
Q8INW0,gi:24655751,0,0.5377291585760214
P17704,gi:24663055,0,0.41754156921707164
Q24404,gi:24656772,0,0.4636899307557752
gi:20130085,gi:24583279,0,0.563749844751328
Q9W5N0,gi:19920406,0,0.4305676286869253
gi:17737302,gi:24663246,0,0.5430297515918727
P48149,gi:24650124,0,0.38691345268741484
P31009,gi:24582471,0,0.4347946379831131
P25007,gi:24584043,0,0.5835478259528196
gi:24641090,gi:28573173,0,0.3992184486322414
gi:20129819,gi:28571506,0,0.5303400446170295
gi:24584030,gi:24652940,0,0.4915394316321061
P22813,P30052,0,0.473255169016711
gi:19921856,gi:24641148,0,0.5044098056139761
Q9VTF9,gi:24646782,0,0.6470188921067476
gi:21356481,gi:28571762,0,0.5024787653750913
gi:24639705,gi:24668290,0,0.5161665125389421
gi:17530833,gi:24642799,0,0.4496848174837324
gi:24650168,gi:24657172,0,0.48900555037482324
gi:18858231,gi:24649519,0,0.4804589928740139
gi:19922950,gi:24584043,0,0.4513353462784898
gi:24650311,gi:24654891,0,0.37945905869872815
Q24133,gi:24643634,0,0.4999422778189738
gi:17864162,gi:24645384,0,0.46991197453335265
P19538,gi:21355581,0,0.5313797419294675
gi:19920692,gi:28573544,0,0.516266748372635
gi:19920706,gi:21355361,0,0.47404613889982783
gi:21357227,gi:24649499,0,0.5236070383720209
gi:24642547,gi:24646782,0,0.48526871241514535
gi:17136920,gi:21356595,0,0.5139234083968299
gi:17137352,gi:24641340,0,0.4656103440900551
gi:24653219,gi:24655759,0,0.6761502553713007
P16371,gi:18543285,0,0.5141618783313271
gi:24646312,gi:24665958,0,0.5629869970629575
gi:24581574,gi:24668642,0,0.45395865549310516
P29742,gi:19922300,0,0.5130963244169575
gi:24585156,gi:24640570,0,0.42249812823351596
gi:21357187,gi:28571615,0,0.6220622932880396
gi:24648127,gi:24651671,0,0.49815704982982356
gi:17136256,gi:24651185,0,0.6625353411972784
gi:24640570,gi:28574920,0,0.3403015188953178
gi:21357683,gi:24643447,0,0.3867223794793012
Q24106,gi:24641535,0,0.4731426382046812
gi:17137110,gi:21357669,0,0.3537793903320818
gi:21357291,gi:24660200,0,0.3973603028834819
gi:21355099,gi:24662288,0,0.386547577619267
gi:18079297,gi:24646212,0,0.5072507016700869
gi:24586138,gi:24645011,0,0.5593217727636368
gi:17136212,gi:24663462,0,0.3421831450278559
gi:24642301,gi:28574764,0,0.5122091599798535
gi:19921432,gi:24586562,0,0.5090906420178336
P41092,gi:28573684,0,0.3415518278022377
gi:18860521,gi:24581976,0,0.45764424257754155
gi:19921286,gi:24639301,0,0.18628110215396446
gi:24643666,gi:24652770,0,0.4839297328294867
P13607,gi:24656494,0,0.4458648031220176
gi:21356121,gi:24666694,0,0.18793538721823955
gi:24639740,gi:24651273,0,0.4508096684143719
gi:19922274,gi:24643702,0,0.4719743968148672
gi:24585599,gi:24655053,0,0.43671263646296304
gi:24667569,gi:28572965,0,0.5305227845832418
O18640,gi:21355811,0,0.4519640655701731
Q24570,gi:28574472,0,0.4083413504760727
gi:19920344,gi:24649080,0,0.5992762309867966
gi:24649169,gi:24663011,0,0.5818671117969316
Q9NHP1,gi:24667330,0,0.5171062154376125
gi:24643118,gi:24648592,0,0.5776851392183676
gi:21356743,gi:24663228,0,0.5515990229981043
gi:20129297,gi:24585943,0,0.5773855772246888
gi:19921338,gi:24659451,0,0.21822420369795936
gi:24639548,gi:24644552,0,0.3360192815204782
gi:21358161,gi:24655577,0,0.467858384372234
gi:24648198,gi:24668874,0,0.3154675623758342
Q9VQQ9,gi:24642517,0,0.5723882479216128
gi:19920396,gi:24641148,0,0.5296136891744079
gi:19920604,gi:24654934,0,0.39510961678497125
gi:24586048,gi:24657019,0,0.42962190284052937
gi:24648751,gi:24665205,0,0.49075365687214334
gi:24581314,gi:24643755,0,0.48960764894638636
Q9VTE2,gi:17737725,0,0.5212012873018709
gi:24584536,gi:24762726,0,0.2216237833951632
Q9VCZ8,gi:19922992,0,0.5378795349197624
P00034,gi:24648615,0,0.5516958124072965
gi:24641831,gi:24649389,0,0.5566927592372026
gi:19921122,gi:28574303,0,0.41967905294604146
gi:17137572,gi:17137740,0,0.43829690694223256
gi:24583894,gi:24659135,0,0.2514591787472355
P48987,gi:24641493,0,0.4838128372477261
Q9V7D2,gi:24640527,0,0.47601464323044723
Q9W0K4,gi:24667211,0,0.5135078583864832
P22058,gi:24650284,0,0.507910332560286
P02516,gi:24654540,0,0.4983132647725547
gi:19921312,gi:24656966,0,0.4568745097388383
gi:24667658,gi:24668704,0,0.5149340405854461
gi:24640635,gi:24647905,0,0.42234936032633635
P82910,gi:17986113,0,0.46607830556944496
gi:19920984,gi:28571885,0,0.47927058178595816
gi:24653674,gi:28573820,0,0.5073545300871175
gi:24583134,gi:24651247,0,0.4888465161892707
gi:24644797,gi:24660188,0,0.5242887211314422
gi:24643394,gi:24647143,0,0.43723752411494127
gi:24581719,gi:24646434,0,0.46279592180644646
gi:17647523,gi:24762491,0,0.5184787969055423
Q94514,gi:18859749,0,0.55261684211637
P48609,gi:24657454,0,0.4818804238984441
P42287,gi:24644994,0,0.4578185921625599
gi:18859735,gi:24645300,0,0.49382581890381083
gi:19921312,gi:24584372,0,0.5618573929857805
gi:24584645,gi:24649169,0,0.5405114821488587
gi:24581314,gi:28571147,0,0.5269086392862179
gi:24582431,gi:24585024,0,0.5524085223341929
gi:24658459,gi:24664951,0,0.48882084306681517
Q04787,gi:24646009,0,0.3684468249388374
gi:19920776,gi:21357621,0,0.47744568117015196
gi:24585060,gi:24657504,0,0.5390556045004354
gi:24586270,gi:24660308,0,0.5333877960614272
Q960T2,gi:24662262,0,0.5792167547853486
gi:18859929,gi:24581467,0,0.504640804618515
P41126,gi:24666394,0,0.5950205412404901
gi:18860521,gi:20130345,0,0.48178100351355263
P92208,gi:21358161,0,0.5351951233208493
gi:17136860,gi:24646337,0,0.5062940511121836
gi:24584547,gi:24641682,0,0.6085085878480706
gi:19922308,gi:24646959,0,0.2976358344560133
gi:24583533,gi:24641156,0,0.5957854030494811
Q9V8K2,gi:21358167,0,0.5683286960534467
gi:21356797,gi:24668309,0,0.5445256732711979
O16797,gi:21356741,0,0.49591771888406927
gi:24582443,gi:24583279,0,0.458758190082424
Q9VI10,gi:24646782,0,0.644613128717871
gi:24653270,gi:28573879,0,0.5574502368752882
gi:19920386,gi:24661359,0,0.43734344062632957
P05552,gi:24645058,0,0.46444788179816243
P14734,gi:24583965,0,0.48976433348648984
gi:17738007,gi:24642016,0,0.37433514853233724
gi:21356415,gi:24644677,0,0.30216926189297705
Q9VGI8,gi:24668309,0,0.4857257700603066
gi:20128999,gi:28571396,0,0.5258588118199379
P02843,gi:24642565,0,0.520029274351533
Q04787,gi:24649524,0,0.504401964010162
O96827,gi:21355973,0,0.40223362674525037
O77430,gi:24647572,0,0.30807022747173357
gi:24653856,gi:24762701,0,0.4790055671806135
P18432,gi:28573427,0,0.41576740463652906
gi:24653350,gi:24660815,0,0.43314000027923694
Q06559,gi:24650914,0,0.5300470945739552
O96860,gi:24656355,0,0.5539607148343121
gi:21356339,gi:21357683,0,0.47989905032438307
P82711,gi:28573729,0,0.45345944630011187
gi:17136826,gi:24666053,0,0.5585438389793892
Q8IN94,Q9XTL9,0,0.49028101004537683
Q9VEX9,gi:24582268,0,0.4916350247969817
P32392,gi:24659221,0,0.4607949268699601
P08175,P42287,0,0.18396888668127193
gi:24639496,gi:24653088,0,0.5591043031322822
O97420,gi:28571526,0,0.45946281636501346
gi:24639308,gi:24665469,0,0.5297867289437105
P25867,gi:24639496,0,0.4741629806485605
gi:24639812,gi:24663011,0,0.4161075390452167
gi:17647343,gi:24649312,0,0.4984732285935642
gi:24642363,gi:24654965,0,0.4789838984076952
Q9V564,gi:21357697,0,0.5148011685038151
gi:20130417,gi:24668519,0,0.23764948249746837
gi:17933736,gi:28571865,0,0.4054786717895966
P14734,gi:28571762,0,0.5154916715870256
gi:19921910,gi:28573934,0,0.431758039070009
gi:24642561,gi:24650294,0,0.47340284741690386
P15278,gi:24659028,0,0.5241392321900213
gi:24584776,gi:24645887,0,0.5478826213042588
O61345,gi:24640599,0,0.4908140221137745
gi:24638868,gi:24664023,0,0.5498002598766538
gi:18858205,gi:20129085,0,0.40732604170673187
gi:24645869,gi:28574385,0,0.4779222279313445
O18373,gi:17136804,0,0.5475848437998153
gi:19921472,gi:24582239,0,0.5441297965997757
gi:24585813,gi:24645642,0,0.5514922422493759
gi:24584804,gi:24646114,0,0.5126875151978632
Q9V597,gi:24663556,0,0.31815813659386655
Q06559,gi:24645011,0,0.5830271435206953
gi:24584039,gi:24664284,0,0.4705112472836113
gi:17137682,gi:28571660,0,0.46911488791694356
Q9VYD7,gi:24640853,0,0.38546668237460546
Q9Y1A3,gi:20128797,0,0.4913662653224729
P52295,P55828,0,0.5568226412850641
gi:20129433,gi:24651897,0,0.6093742201305484
gi:24655502,gi:24668820,0,0.3989025336843342
O16011,gi:17137168,0,0.4816472160988286
P29310,gi:17985985,0,0.4694464023196485
gi:24584007,gi:28558744,0,0.44046147723981616
gi:24639548,gi:28558744,0,0.5058039154155083
O18640,P00528,0,0.4585678398609672
Q9VYR1,gi:24660504,0,0.558462503965842
P13607,gi:24655759,0,0.6058239258904026
P23792,gi:24650658,0,0.36426978658932946
P54357,gi:28574875,0,0.2698058323909521
gi:24652733,gi:24652897,0,0.45299861094194543
Q94516,gi:24651364,0,0.6301642541929654
Q02645,gi:24640949,0,0.5061142147929671
gi:21355163,gi:24638766,0,0.5207689356048875
gi:24582306,gi:24583291,0,0.5233698859443927
gi:18543299,gi:19922680,0,0.5518588378820741
O62619,gi:24665135,0,0.33912186122031746
Q8T053,gi:24584341,0,0.33450048928005116
P08570,gi:28573684,0,0.369516956545133
P55035,gi:28574778,0,0.45896963749193675
gi:24645644,gi:28573830,0,0.42797268602213306
P54733,gi:24648592,0,0.4123585243312059
gi:20129745,gi:28574875,0,0.45169737726515735
gi:24583929,gi:24666850,0,0.4195297381219059
P07183,Q9VQQ9,0,0.4465737304630268
P18824,gi:24586591,0,0.5364772712662362
P07183,gi:24654881,0,0.33713575572422994
gi:17933722,gi:18858007,0,0.5468892897583651
gi:24647137,gi:24649345,0,0.6583783357778683
gi:24644560,gi:24652804,0,0.4949158834288887
P07666,gi:24649236,0,0.44077507568633933
gi:24585499,gi:28574764,0,0.4563035168718844
gi:21357129,gi:24651234,0,0.5558190300903588
gi:24661455,gi:24661830,0,0.5292224257511424
gi:19921950,gi:21357685,0,0.5055631200633905
P51123,gi:24649158,0,0.41563502124509055
gi:21357817,gi:24651935,0,0.4912408214907987
gi:21358569,gi:24646737,0,0.5467621743995443
gi:17137566,gi:24655228,0,0.5892521894581685
gi:18858095,gi:21357711,0,0.29577477224357557
O16011,gi:24661625,0,0.5502752658882257
P00528,gi:17137620,0,0.4979924660222197
gi:24649138,gi:24657504,0,0.5955245898768483
gi:28571108,gi:28572036,0,0.4899457174352345
gi:24643066,gi:24643578,0,0.5752963565927679
gi:24650311,gi:28574860,0,0.5606793380193835
gi:21356367,gi:21955284,0,0.5155947395814683
gi:17933604,gi:24586240,0,0.3771591865331754
P08099,gi:24643715,0,0.37332164668603346
gi:17137346,gi:24654441,0,0.47514474268648826
gi:18859991,gi:28571100,0,0.6067155279117483
gi:17137644,gi:17647911,0,0.48934629806396085
gi:21357417,gi:24656486,0,0.34057310026513254
gi:24654595,gi:24655568,0,0.41966376278243844
gi:18859961,gi:24660935,0,0.4144914494658055
gi:24585245,gi:28571660,0,0.46567267440600985
gi:19920826,gi:24649499,0,0.44187154667945466
P49906,gi:21355125,0,0.3332468447670521
gi:17137586,gi:24656262,0,0.5246429993663221
gi:24638862,gi:24655228,0,0.5651652166633091
gi:24584039,gi:24668551,0,0.5205189494740041
gi:21358301,gi:24582224,0,0.5008497057855683
gi:24647369,gi:24661625,0,0.4285743701098067
gi:19921144,gi:28574675,0,0.5215161745492181
gi:21357113,gi:24662729,0,0.39057151736325707
gi:17864292,gi:24581484,0,0.41894733337727336
P07181,gi:28571831,0,0.4203746337488129
gi:24644242,gi:24651619,0,0.5214298675329526
Q9VG82,gi:24649721,0,0.4921219463094736
gi:17137706,gi:24665657,0,0.533938557798865
gi:24639153,gi:28573466,0,0.5230130921761681
gi:24647285,gi:24655245,0,0.37162619146738973
Q06559,gi:24649158,0,0.4592721205734854
gi:21358205,gi:21358247,0,0.5364652383176065
gi:20130199,gi:24581662,0,0.4572498359337466
P17133,gi:24641831,0,0.6767991560274144
gi:20129181,gi:20129835,0,0.5285914876939388
gi:24653760,gi:24664458,0,0.5062443987556395
gi:24653618,gi:28572129,0,0.4575892510128357
gi:19922440,gi:24584645,0,0.5110371716340654
gi:24581205,gi:24583345,0,0.33530117267251236
gi:17647979,gi:21355535,0,0.5793703695531729
gi:24652652,gi:28573252,0,0.24944462353484842
Q24570,gi:24639790,0,0.4073198966856864
Q24133,gi:19922492,0,0.5220764344575328
Q01642,gi:17933748,0,0.6412434680909264
Q9VCE6,gi:18858205,0,0.381648005992124
P08175,gi:24668321,0,0.16565869714258666
gi:17737533,gi:24655840,0,0.49534150184712217
gi:24639988,gi:24668076,0,0.47978342829374754
gi:24581719,gi:24663861,0,0.5800119553860345
gi:17648053,gi:17738089,0,0.5196218997455091
gi:17137692,gi:18859747,0,0.24580110279479528
gi:24642601,gi:24664434,0,0.6209995620152644
gi:24581901,gi:26080381,0,0.49528355975021787
gi:21357817,gi:24653708,0,0.5323900744898092
gi:21356927,gi:24642543,0,0.4667476215183901
Q9VHI4,gi:21356121,0,0.6048233322241724
gi:17933736,gi:19922896,0,0.530275344382286
gi:24666886,gi:28574830,0,0.5241632579553721
O44424,gi:21356595,0,0.5723639144857966
gi:21357455,gi:24643715,0,0.46858278088220545
gi:24641831,gi:24662973,0,0.41670212912340376
P51123,gi:22024124,0,0.4671089963713541
gi:24580513,gi:24665950,0,0.36904416480524
gi:18858171,gi:18859635,0,0.5439568747643502
P48555,gi:19920746,0,0.4707649566891232
Q960T2,gi:24644714,0,0.5468208589673227
P31009,gi:24642547,0,0.49552107990628896
gi:24654086,gi:28574886,0,0.5129641294876713
gi:24645476,gi:24656769,0,0.5363834933763548
Q24167,Q24570,0,0.47426039750650045
gi:24640430,gi:24662155,0,0.4648229270833646
P14199,Q27297,0,0.5363922432996797
gi:24651339,gi:28574920,0,0.5323294023731718
gi:24648981,gi:24654636,0,0.5100346608210089
gi:24582212,gi:24646607,0,0.358758429030871
gi:17136378,gi:21356041,0,0.44380645225544
gi:24642543,gi:24642586,0,0.5129845573604935
gi:18859931,gi:24580712,0,0.38217233685374863
P23792,gi:24642303,0,0.31355057653797597
gi:20130247,gi:21357147,0,0.5643174815583921
gi:17136378,gi:28572997,0,0.5105583757602419
gi:17738243,gi:28571396,0,0.4623286261880041
Q00748,gi:23397629,0,0.5919560051183343
gi:19920464,gi:21356221,0,0.44193304159259295
gi:24649911,gi:28573701,0,0.45134658402695477
gi:24639885,gi:24645208,0,0.35968536193593986
gi:17137642,gi:19920454,0,0.46910761979829146
gi:24582982,gi:24666524,0,0.41744957049256337
gi:24580965,gi:24653649,0,0.4660232184442804
gi:24643110,gi:28573590,0,0.47028111904235
P23757,gi:24585516,0,0.5839586934533973
gi:24582598,gi:28573278,0,0.43185630462956387
gi:21355513,gi:24667917,0,0.7206976949094916
gi:24665661,gi:24667063,0,0.3649757039543783
gi:21358129,gi:24641921,0,0.37052244599696044
gi:19920436,gi:19921660,0,0.5175012381975251
gi:19921710,gi:24666323,0,0.5000416470023287
P55828,gi:28574383,0,0.4741658510307332
gi:19922186,gi:24666240,0,0.44825344728110494
gi:21355643,gi:21357669,0,0.5506622787056481
gi:21358145,gi:24583529,0,0.4612485189149036
gi:17136732,gi:24585147,0,0.5355715543654059
O77263,gi:24582746,0,0.5326441298874586
P52485,gi:24649942,0,0.3453920638467064
O62622,P48148,0,0.419764079280745
P10041,gi:24646638,0,0.5694672931760143
gi:21355851,gi:22026970,0,0.5616272952027247
gi:21356449,gi:24660872,0,0.4045745899581004
gi:24581719,gi:24583531,0,0.41904688187002614
gi:19920622,gi:24653096,0,0.4464602275629402
gi:21355769,gi:21355917,0,0.47218006355133646
gi:24586353,gi:24653649,0,0.49762558715089295
Q9XYM0,gi:19921554,0,0.5037806804319152
gi:24652756,gi:24655568,0,0.3155107125805878
Q02361,Q8INW0,0,0.6315420156972874
gi:20128911,gi:24646297,0,0.5229571689204635
gi:17137074,gi:21356031,0,0.59092927980685
P09491,gi:28573644,0,0.34754737419805554
gi:17864154,gi:24583038,0,0.5230670189970198
gi:19922904,gi:24641935,0,0.4331893882149371
gi:17137760,gi:18859825,0,0.5180693638540378
gi:17647581,gi:24651935,0,0.45807076531537033
Q9VZS3,gi:24661811,0,0.528098901481181
P29310,gi:21357023,0,0.4644573308608723
gi:21357109,gi:28573195,0,0.5229432989946752
gi:17737839,gi:24581901,0,0.40348841644807687
gi:21356727,gi:24642517,0,0.5610086162585937
gi:17136826,gi:24582757,0,0.5777550307366798
P23792,gi:24663664,0,0.3754427569340533
Q9V564,gi:19920622,0,0.46627352758286267
gi:24641507,gi:24644051,0,0.5062105573553576
gi:24582592,gi:26080322,0,0.590409915160087
gi:21357711,gi:24646737,0,0.52865718028892
gi:24651671,gi:24652107,0,0.5787048538803232
P13677,gi:24649519,0,0.5409374833560442
gi:21355167,gi:24582383,0,0.4774165012899072
O61351,gi:24641127,0,0.4466519695019465
gi:21357401,gi:24668206,0,0.5548584578346555
gi:20130281,gi:24661830,0,0.5013094560125246
gi:21355891,gi:24640855,0,0.269598604599997
gi:24651006,gi:24663462,0,0.4634861775579112
gi:21357479,gi:24645951,0,0.5695370517283306
Q03334,gi:24654586,0,0.5555390692568843
gi:18858209,gi:21356265,0,0.5176729633976334
gi:24642884,gi:24643731,0,0.5427861319969426
gi:17647335,gi:28573467,0,0.4136402453286153
gi:24640625,gi:24656026,0,0.5388899303096074
gi:17530817,gi:24652652,0,0.7616371103254106
gi:24654172,gi:24662973,0,0.36277174272259616
gi:21357999,gi:24640625,0,0.45914737404588946
gi:19921162,gi:24665583,0,0.5681551624567581
gi:18860017,gi:24582006,0,0.5694353789088159
P32100,gi:24654383,0,0.4664233864849976
gi:24649007,gi:28574284,0,0.47965308093664943
P10333,gi:17530825,0,0.3851159071286676
gi:22026843,gi:28574395,0,0.5139255749476133
P19538,gi:21356521,0,0.46565694031446264
gi:24645425,gi:28574296,0,0.5759742842398548
gi:21356815,gi:24657218,0,0.5638454942492958
P45594,gi:24662700,0,0.4641445515473731
P08182,gi:24658577,0,0.5264311498597486
gi:24644242,gi:24646312,0,0.5633157524990993
gi:17648095,gi:24582499,0,0.6176526268217575
P19538,gi:24649202,0,0.5481695223645725
P20153,gi:18858089,0,0.35722607321322225
gi:24640672,gi:24662155,0,0.5699733468781276
gi:24584547,gi:24645967,0,0.5117832961970417
gi:17647803,gi:24645515,0,0.3993015954144429
gi:24645967,gi:24655613,0,0.41516472437973206
gi:24664199,gi:24665973,0,0.5285261189303114
Q8MSF5,gi:17137740,0,0.47703672754177395
gi:24586111,gi:24660188,0,0.4257209369456519
gi:24663250,gi:28574971,0,0.372368170875206
gi:20129291,gi:28571849,0,0.5206828701518323
gi:24584727,gi:24639301,0,0.4310087997220892
P11455,gi:24647500,0,0.5330469671611885
P31009,gi:24641156,0,0.5918381867528872
Q9W5R8,gi:19920436,0,0.6113385235255996
gi:24580513,gi:24585132,0,0.47496177621212954
gi:24581578,gi:24655245,0,0.526405157234686
gi:18858089,gi:18859977,0,0.39069447606230684
O18404,gi:28574468,0,0.4563717981255549
gi:24647638,gi:24649952,0,0.48691001405469886
gi:20128797,gi:24648643,0,0.5673795145956625
gi:21355851,gi:24642555,0,0.4998306388753984
gi:21357227,gi:24666053,0,0.47504959908855265
gi:21356221,gi:24662830,0,0.3775672234429965
gi:24640188,gi:24762418,0,0.5102268703267342
P14130,gi:24657454,0,0.5751169316708808
O02649,gi:24641921,0,0.28616716018615357
gi:21357645,gi:24666619,0,0.5116337692409958
Q94524,gi:24639594,0,0.466547092764601
gi:24641790,gi:24762517,0,0.5118908108475553
gi:21357023,gi:24660031,0,0.5287446040865128
O77459,gi:24651454,0,0.41470001283750124
gi:21357595,gi:24663325,0,0.5901086181217282
gi:20130199,gi:21355909,0,0.343817827303469
gi:24641148,gi:24655153,0,0.4401436643479436
gi:24654843,gi:28573252,0,0.5804176746688635
gi:21356727,gi:24639885,0,0.5032686321737839
P15330,gi:24666619,0,0.5036636009984635
P17917,gi:21358081,0,0.5203221824864225
gi:21355913,gi:24639731,0,0.5041743758942082
gi:24583291,gi:24649025,0,0.5427127979510635
gi:24649158,gi:24654101,0,0.3547301667453767
Q9VVG4,gi:24647679,0,0.4804101956448706
gi:18858147,gi:24641507,0,0.406071184618307
gi:20130405,gi:24648026,0,0.5609446853968557
gi:19920776,gi:21358175,0,0.4532758553486738
P15372,gi:20130281,0,0.4976895061973031
Q94920,gi:17137572,0,0.4852348163839177
Q94524,gi:24658772,0,0.4004777593755233
gi:17136920,gi:24658721,0,0.44953408553514823
Q9VGX3,gi:28574950,0,0.2799233177409744
gi:24645515,gi:24662634,0,0.38376498897597455
gi:21357743,gi:24762383,0,0.583896971604589
gi:24643459,gi:24662431,0,0.446979395635155
Q9VPS5,gi:24651610,0,0.5095418049030289
gi:17137470,gi:24650208,0,0.3734801516367254
gi:21355349,gi:24641394,0,0.4694308966084047
gi:17136968,gi:17933624,0,0.5226863091814625
gi:24643666,gi:28573644,0,0.403305693953814
gi:21357817,gi:21358221,0,0.5197022168612916
gi:19922620,gi:24667063,0,0.3454089634274599
gi:21355643,gi:24581274,0,0.4827400115859764
gi:24584736,gi:24646737,0,0.5467437246644006
P25007,gi:21355873,0,0.4078538762207906
P07207,gi:18859929,0,0.38102747258394326
gi:20129291,gi:28574237,0,0.5236783664354935
gi:24642555,gi:24655502,0,0.43061025222668103
gi:24649236,gi:24666753,0,0.6322864829861139
P02516,gi:24647498,0,0.44901290498480606
Q03334,gi:24658086,0,0.5104731932153992
gi:24643151,gi:24649564,0,0.46037151943747295
Q23985,gi:17137536,0,0.5365936230883637
P09775,Q9VAN0,0,0.4469566489071698
gi:24652114,gi:24654782,0,0.513322290730046
Q27297,gi:24642214,0,0.47614167750325975
P54350,gi:24642884,0,0.5530639236921218
gi:17137296,gi:24659421,0,0.5227122836327452
gi:21955284,gi:24583134,0,0.47401331188623547
gi:21357653,gi:24583474,0,0.49871209308702974
gi:24583067,gi:28571819,0,0.4283291447240461
gi:20129109,gi:21358569,0,0.3446552830435024
gi:17137700,gi:24652101,0,0.5099041845301728
gi:24649158,gi:24650346,0,0.621014607896271
P49258,gi:21357037,0,0.5636642705028597
gi:20129967,gi:21356855,0,0.5058792345401121
gi:17136780,gi:24652999,0,0.45554811499500364
gi:24655502,gi:28573304,0,0.5175426758925589
P54359,gi:24654677,0,0.3532314716662438
Q02360,gi:24640268,0,0.4933199476831898
Q24207,gi:24640353,0,0.5019968947700829
P15330,gi:19920382,0,0.5434226240413488
gi:19920978,gi:24583967,0,0.4114736423724848
gi:18859825,gi:18860005,0,0.46604866293593405
P23696,gi:17137560,0,0.4708582993454092
P18502,gi:24650584,0,0.45387968997546385
gi:18860535,gi:24585948,0,0.537313871474579
gi:24651610,gi:24667258,0,0.5100079461940022
gi:17137616,gi:24584039,0,0.4918589107179662
gi:24641452,gi:28571660,0,0.4707491242593941
Q24297,gi:24644274,0,0.561197155291531
P81914,gi:24584043,0,0.6121623455701499
gi:21355799,gi:24582306,0,0.4967821509377758
gi:21357023,gi:28573427,0,0.4424660801545105
gi:24640683,gi:24660544,0,0.6435705091924704
Q9VIW3,gi:19920876,0,0.521762199490808
gi:24640973,gi:28574582,0,0.5367096648262395
P48598,gi:24653139,0,0.5598037231387658
gi:19920406,gi:24643755,0,0.3761624640200453
P10734,gi:24664652,0,0.3874925836607601
gi:24762745,gi:28571205,0,0.3524439484527843
P07187,gi:24646090,0,0.5523868465470113
Q01642,gi:17136698,0,0.23318917985132787
P11455,gi:24762594,0,0.5504631899515745
gi:24642134,gi:24655582,0,0.4194062750185915
gi:24646860,gi:28571185,0,0.4816115420886742
gi:17136268,gi:24585154,0,0.3636164822734858
Q9VD25,gi:24583482,0,0.5203146980533505
gi:24641209,gi:30923526,0,0.5097786859946819
gi:24645778,gi:24650088,0,0.44128444457716637
gi:20129369,gi:28573549,0,0.4022181500935409
Q8T0G4,gi:24583380,0,0.5493640930795535
gi:24656830,gi:24666901,0,0.6447099247971014
gi:24585618,gi:24762566,0,0.4550345174950017
P40139,gi:21356061,0,0.5544713646608761
gi:17933736,gi:20130247,0,0.603663336629448
P54356,gi:24584547,0,0.544207614160666
gi:17136854,gi:20129893,0,0.323983482093206
P49905,gi:17647523,0,0.49275085137901414
gi:24582294,gi:28571396,0,0.5177766350595354
gi:21356581,gi:24662393,0,0.4521083584131414
gi:21355783,gi:24661455,0,0.41787385114179443
gi:24583803,gi:24652652,0,0.6297382127099452
Q9VG96,gi:24653306,0,0.5620443998240068
P41044,gi:24584043,0,0.45791819034825204
gi:17137644,gi:21358103,0,0.5625348094773605
gi:21358129,gi:24661428,0,0.4501730221324587
gi:17647341,gi:24665160,0,0.34222001010874736
gi:24649859,gi:24666240,0,0.5337822016495223
gi:24585156,gi:24650769,0,0.5226262629336673
gi:18860545,gi:21357653,0,0.5706000049077212
gi:24584039,gi:24656161,0,0.5281480543571915
gi:24665661,gi:28574298,0,0.5055836095352135
gi:17137298,gi:21357653,0,0.5847203405278398
gi:17865642,gi:24652972,0,0.4786044249972811
gi:21355939,gi:24645585,0,0.3683592586330147
gi:21356061,gi:24647490,0,0.47007968156559027
gi:24643755,gi:28574707,0,0.4411733138099757
gi:24640430,gi:28574472,0,0.3695940369319241
P52304,Q8IGR0,0,0.4930401158201587
P10734,gi:24651212,0,0.5518848382280891
gi:24650847,gi:28573597,0,0.4475160447128541
gi:17737367,gi:24649383,0,0.49348690357870556
gi:19920576,gi:24666323,0,0.45338748616239194
gi:24649214,gi:24654854,0,0.48619053623558217
Q8IN81,gi:21358247,0,0.46817799575056995
gi:17530857,gi:21356083,0,0.4666225865012655
gi:24640011,gi:24653708,0,0.4367856905239204
gi:24644250,gi:28574538,0,0.4499579999170957
P13607,gi:21357113,0,0.416654795567946
gi:21357537,gi:24648700,0,0.3038802536435009
gi:24650420,gi:24665821,0,0.4040226041115494
P48555,gi:24639782,0,0.4725205838225726
gi:24648896,gi:24667546,0,0.46207052364714957
gi:24640704,gi:24646818,0,0.4857432109448194
gi:24646410,gi:24652897,0,0.5710953672381386
gi:24582926,gi:24649360,0,0.5421424727052704
gi:19922798,gi:24655003,0,0.5817483064857794
gi:20130175,gi:24655121,0,0.4764917077935409
P48603,Q9W497,0,0.5025126352016126
gi:19922166,gi:28573873,0,0.5509249284974083
P54358,gi:17737871,0,0.5736476336545667
gi:21355335,gi:24762365,0,0.4735550815944342
gi:24650348,gi:24663462,0,0.46642169715246884
gi:24583332,gi:24638691,0,0.45172502103185147
gi:20129527,gi:28571445,0,0.526625269059085
O44424,gi:17647979,0,0.6013981795164064
gi:17137696,gi:21356995,0,0.6586459308426298
gi:24581314,gi:24658772,0,0.48093351278343044
Q8INW0,gi:21356723,0,0.530161297532611
Q9XTL9,gi:21357211,0,0.47576340252579696
gi:21355939,gi:24642703,0,0.4223140020469509
gi:17647581,gi:24666737,0,0.4204937106253397
Q9VCE6,gi:23308611,0,0.43229101395794356
gi:17137692,gi:24650348,0,0.4483620509231739
gi:24639649,gi:24642628,0,0.577461027246555
gi:19920358,gi:24656486,0,0.6195547146700595
gi:21357369,gi:24644675,0,0.4505033364287451
gi:21355673,gi:24652071,0,0.2873731701490922
P20227,P39736,0,0.4167629133511223
gi:24582926,gi:24664199,0,0.4971377887567129
P19538,gi:24663726,0,0.46581302072935404
gi:18859997,gi:24652999,0,0.4924455587014653
gi:21356855,gi:24657317,0,0.4457334242327389
O76924,gi:24663131,0,0.5102542543054165
O76902,gi:24648858,0,0.5251196348989133
gi:24658229,gi:30923613,0,0.4625075806213621
gi:17648069,gi:19921554,0,0.48963723417162514
gi:24584547,gi:28574443,0,0.580583293918604
P13395,gi:17352479,0,0.48349095444305124
gi:24638896,gi:24662753,0,0.48216939789651864
gi:21357417,gi:24583279,0,0.5744693743535609
gi:20130085,gi:21358059,0,0.5964117721551352
gi:24656139,gi:30923500,0,0.5125677720961543
P17886,gi:17137528,0,0.7755272409567924
gi:24659194,gi:28574707,0,0.5288102372856763
gi:18859703,gi:24640353,0,0.4483960217583503
gi:17137200,gi:24585245,0,0.5298536859167704
gi:20130027,gi:24647265,0,0.465417560160908
gi:20129297,gi:24666790,0,0.41348226521376047
gi:24649175,gi:24655606,0,0.41998792997542356
gi:24641790,gi:24648668,0,0.4719470549409413
gi:18858205,gi:24644207,0,0.5189869255874342
gi:24584916,gi:24648294,0,0.45282734908390265
gi:28571487,gi:28573951,0,0.4721228867329912
gi:24640353,gi:24651703,0,0.5147242419615616
gi:17137596,gi:24660036,0,0.47020267997518717
P91929,Q9VQQ9,0,0.4595447304467282
gi:24582094,gi:24662360,0,0.5403066689468655
P10333,P15330,0,0.4882330378050701
gi:24581976,gi:24648755,0,0.5288065537249215
P02824,gi:24661263,0,0.5166077456972894
gi:20128797,gi:24654383,0,0.7975404349218607
gi:28571891,gi:28571958,0,0.5077465207509468
Q24400,gi:19922560,0,0.3820684034101472
P06002,gi:19921140,0,0.5138356224677738
gi:24642543,gi:24664720,0,0.46986787046795914
gi:24641578,gi:24651979,0,0.5192836405129602
P02828,gi:24582294,0,0.36772967744738244
gi:24650420,gi:24658719,0,0.45510980256591693
gi:24646073,gi:24661681,0,0.49179315791879663
gi:24585353,gi:24644016,0,0.33265558250049304
gi:17864264,gi:24658772,0,0.5119257450245539
gi:24647864,gi:24654934,0,0.534525124385412
gi:17137586,gi:24663462,0,0.4981635715293572
P16568,gi:24647905,0,0.5555689277955972
Q9VFC8,gi:18543283,0,0.5234166021227805
gi:19923034,gi:24648397,0,0.43963440770853435
Q8MSF5,gi:22026843,0,0.6206927243069552
P15330,Q23985,0,0.5622946090426889
gi:19922186,gi:24663246,0,0.4765233859869808
P07181,Q8INW0,0,0.4841296200425394
gi:24651185,gi:24657699,0,0.25009403776597616
Q24564,gi:24640430,0,0.5443030808455239
gi:19920370,gi:24644214,0,0.4460423239203326
P00034,gi:24668563,0,0.4356409308590407
gi:21357419,gi:24667059,0,0.4839120895601939
P10083,gi:24762582,0,0.449121497849073
P19109,gi:24638591,0,0.46799247761242524
gi:24644089,gi:24650557,0,0.46728493604226007
P55035,gi:21357417,0,0.45026658670143627
gi:18858125,gi:24639794,0,0.5809279333504528
gi:19920906,gi:24583929,0,0.469556804668638
O44424,gi:24647609,0,0.47577107894634857
gi:24640435,gi:24640625,0,0.4253497416365933
gi:17647755,gi:24585215,0,0.46689091028684565
P45594,gi:21355851,0,0.46602461886385577
gi:19921856,gi:24638750,0,0.5304681598105817
gi:19921112,gi:24648048,0,0.5181070845454328
Q03017,gi:24648158,0,0.4633729703248711
P23757,gi:24642884,0,0.4941103854677329
gi:17136728,gi:24650929,0,0.603360523730443
Q24025,gi:24664458,0,0.5156090157539446
gi:17136268,gi:19922030,0,0.33619188129877814
Q24564,gi:17136926,0,0.4453545961089816
gi:21356061,gi:22026880,0,0.5321327122158839
gi:19921006,gi:24655502,0,0.4853864277445478
P02828,gi:24586297,0,0.457432680800315
P08181,gi:22026831,0,0.4593334260680954
Q9VG96,gi:21358157,0,0.6045403449055543
gi:17738243,gi:21357355,0,0.47877829061064753
gi:24581327,gi:24653584,0,0.48310751350178754
P11420,gi:21355163,0,0.4906659579262966
gi:24645182,gi:28574920,0,0.5967289761804998
gi:19921376,gi:28573564,0,0.5583120004744846
gi:24641790,gi:24661685,0,0.5095323402690983
gi:17137696,gi:24644521,0,0.5216434519440055
gi:24646190,gi:28571947,0,0.5798026187141053
P23023,P36872,0,0.5209658420066834
gi:19922186,gi:24659237,0,0.45498290291094284
gi:24654550,gi:24667063,0,0.5401489719370045
gi:17864622,gi:24640777,0,0.4335375822284503
gi:24583332,gi:24653649,0,0.4796906274734427
gi:24655228,gi:28571965,0,0.4991407287488755
Q8INW0,gi:17647723,0,0.5891252103558022
gi:18859691,gi:24583067,0,0.3298957874489509
P17276,gi:21356209,0,0.42705619247343624
gi:24585132,gi:24668321,0,0.3624249510079711
O17445,gi:24658155,0,0.49440310046509645
Q8IGR0,gi:26080381,0,0.4510113080433725
gi:24653614,gi:24668076,0,0.48754247871972756
Q9W1P7,gi:23308611,0,0.5425062787693445
gi:17647383,gi:24583567,0,0.6345797273265628
P08879,gi:17647979,0,0.4747278745723314
Q24133,gi:24647942,0,0.533836899475481
P07909,gi:24645885,0,0.4551909182217156
P19538,gi:17530957,0,0.4813562587504221
gi:24641831,gi:24656574,0,0.5224403730219749
gi:21356117,gi:24657590,0,0.5228358497832881
gi:24654522,gi:24656644,0,0.46995365865584804
gi:24582697,gi:24643702,0,0.5225986479651973
gi:23397621,gi:24646638,0,0.5279492712308124
Q9W1Y1,gi:17137616,0,0.5322563155236913
P16548,gi:24639017,0,0.37096098932885024
P08570,gi:24666619,0,0.43335965310445745
P52485,gi:24582962,0,0.4622311966580324
O44424,gi:24585236,0,0.4707694807904448
Q9VG82,gi:17137224,0,0.4401380623144976
Q9V3S0,gi:24655577,0,0.4469690767063791
gi:17137352,gi:24649214,0,0.4309847009611379
P42325,gi:17137380,0,0.5085634947351207
Q24400,gi:17137344,0,0.5496998312992604
gi:17737549,gi:24647702,0,0.42292977500928075
O77430,gi:21357309,0,0.43629969697739124
Q24564,gi:24643729,0,0.3201676743875295
P54185,gi:24583965,0,0.6286641679652374
P35421,P49258,0,0.43502182040385107
gi:24642367,gi:24647831,0,0.4564983807298974
P48987,gi:20130085,0,0.5258155375771207
gi:24640817,gi:24643516,0,0.33644822976151256
P41094,gi:24581719,0,0.44781210469513144
gi:19922516,gi:24649080,0,0.6195124220726508
Q9VIW3,gi:24581542,0,0.45457093381443403
gi:24652112,gi:28574300,0,0.516792190377219
Q9U6L5,gi:24642852,0,0.48377595450036054
P13097,gi:22026959,0,0.4718594187573282
gi:24639695,gi:24656574,0,0.5156686250209979
gi:24581484,gi:24648828,0,0.34613294696490415
gi:24667117,gi:30923711,0,0.41613566389508694
gi:24656959,gi:28573662,0,0.5488879740247954
gi:24584056,gi:28574675,0,0.4014420271745504
P11455,gi:19921312,0,0.5179337970865134
gi:18860017,gi:24415388,0,0.45257458732622197
Q24564,gi:24653061,0,0.5071739516772064
gi:24644735,gi:24646829,0,0.6044506934930569
P40427,gi:24653760,0,0.49789048046897244
gi:24584056,gi:24665996,0,0.40195962438983157
gi:21357163,gi:24653452,0,0.6029024924616059
gi:24582283,gi:24659892,0,0.5586595022130053
gi:24585051,gi:24638982,0,0.5028650753780665
gi:20129813,gi:21356695,0,0.5727809287309843
P06601,gi:24649820,0,0.6104800653770527
Q9V597,gi:28573873,0,0.47884686231755735
gi:18860545,gi:21357365,0,0.3667645385243048
Q9VPS5,gi:17137370,0,0.5520600959627371
gi:24653667,gi:28572963,0,0.5597843862157753
gi:24581686,gi:24646972,0,0.4191241904320594
gi:24653459,gi:28573684,0,0.5006483767274567
Q960E8,gi:21356019,0,0.4995822956538407
gi:24582319,gi:24652101,0,0.3478235730389897
gi:17137560,gi:24585242,0,0.5228394065152543
gi:24582094,gi:24638982,0,0.6069501250151955
gi:24641919,gi:24654872,0,0.32432026851510043
O96860,gi:24655568,0,0.5578555117554761
P22769,gi:24646729,0,0.48117829708202614
gi:19921856,gi:28574296,0,0.49166402987231866
gi:17647755,gi:24647855,0,0.48359651422627065
gi:17137620,gi:28574406,0,0.5350006030391609
gi:24653649,gi:30923711,0,0.47806146814268724
gi:22023997,gi:24583332,0,0.42133102185464566
gi:17137488,gi:19922268,0,0.49776564772693827
gi:18860055,gi:24646312,0,0.5511371930118001
P13468,gi:19921254,0,0.42258999713529605
gi:24643634,gi:24665132,0,0.6967403871906167
Q01644,gi:28574920,0,0.058392282664455224
gi:21357495,gi:24650914,0,0.5548748670536922
gi:19920776,gi:24580817,0,0.5292716279939771
gi:18858137,gi:24580815,0,0.5435599491009427
P53501,gi:17137752,0,0.5877974718523634
P29561,gi:20129621,0,0.396074527355882
gi:17647281,gi:17737433,0,0.4615292146838767
O46106,gi:24580731,0,0.5286232948666364
gi:21357621,gi:24656168,0,0.5032317879352668
gi:24580731,gi:24654872,0,0.40157429935187766
gi:19920906,gi:24655778,0,0.5101677473686091
gi:24662729,gi:28574950,0,0.5206644904165586
gi:24584056,gi:24668103,0,0.5263714122166971
Q9VPS5,gi:21358145,0,0.47120994496638974
gi:17738031,gi:24643106,0,0.5550095097632888
gi:18859869,gi:24668704,0,0.4854337367193962
gi:24644675,gi:24646318,0,0.3217027863472691
gi:24638750,gi:24663228,0,0.4264174762677681
O44783,gi:22026934,0,0.6284778285851234
gi:19920586,gi:24644735,0,0.7201453818562501
gi:17137452,gi:24655474,0,0.4471616365484115
gi:17137696,gi:21358455,0,0.4866934637771023
gi:17647523,gi:24661332,0,0.49546107784398985
gi:17136934,gi:24651937,0,0.41216753984000915
gi:24646718,gi:24762837,0,0.5470573420128781
gi:19922458,gi:24649755,0,0.49364254288370385
gi:24646955,gi:24651303,0,0.3584658555437528
Q9VLP3,gi:24642172,0,0.48688504126724474
P13395,gi:17137620,0,0.5487506907435377
P13097,gi:24652842,0,0.4842401618174963
gi:17737302,gi:24647385,0,0.5116001057286272
gi:24583279,gi:24668006,0,0.5198036310335936
P23792,gi:30923655,0,0.2783566330769897
gi:19920406,gi:24652101,0,0.2921792752135134
gi:24643110,gi:28573817,0,0.5586319042072908
gi:17136914,gi:24643110,0,0.5589066580701266
P32100,gi:28558744,0,0.5500498464968706
gi:24581314,gi:24646001,0,0.4324614194495663
gi:17647755,gi:24655606,0,0.42364382498485376
gi:24639687,gi:24662431,0,0.4809281886957393
gi:24585353,gi:24641251,0,0.5468404182467015
Q9VF89,gi:24643303,0,0.37106454777703346
P10041,gi:21355537,0,0.6176119798051413
gi:24582219,gi:24663861,0,0.5641859729546965
gi:17137270,gi:24657707,0,0.3449053267957157
gi:18859649,gi:18859867,0,0.5460187701926789
P08879,gi:21356121,0,0.4767785859799554
gi:19922676,gi:24653096,0,0.5003473898993746
gi:28571447,gi:28571649,0,0.5215152657792926
P16371,gi:24640007,0,0.5562486224919535
Q9V3P0,gi:24648251,0,0.5901781724433722
gi:20129485,gi:24641449,0,0.5037033893661512
Q9VSS2,gi:24647369,0,0.43241664726235307
P92208,gi:24638633,0,0.5170872112120161
gi:19921030,gi:24581719,0,0.4768707055411688
gi:24643530,gi:28574875,0,0.3570711004073399
Q9W0Y1,gi:17137136,0,0.5708132670283866
gi:24638595,gi:24654595,0,0.5752627322939335
gi:24582168,gi:24646860,0,0.5258460854906221
gi:17137712,gi:24651688,0,0.5926050230137544
gi:24653385,gi:28571341,0,0.47890396568883037
gi:17136948,gi:24658567,0,0.519714333626027
Q24404,gi:24664561,0,0.27590818928369015
gi:18858205,gi:24644560,0,0.4513069118165249
gi:17647873,gi:18858125,0,0.4639615434933359
gi:24646487,gi:24660416,0,0.554779384123356
gi:24639354,gi:28574432,0,0.499274982183813
P21663,gi:24584913,0,0.7152954153022116
gi:24650311,gi:24658714,0,0.5113477525871649
Q24239,gi:24642547,0,0.5155203385585729
gi:21355869,gi:24641156,0,0.42914225418463037
gi:24585813,gi:24649175,0,0.5715925868329723
gi:17647425,gi:18860017,0,0.34269398705161125
gi:17137296,gi:24641125,0,0.5599750470352842
gi:17137074,gi:24641831,0,0.4969325096532693
gi:21357417,gi:24648207,0,0.2415070944443066
gi:24582628,gi:24656431,0,0.519012581029293
gi:21357023,gi:24646928,0,0.47859565591006953
gi:24643447,gi:24661136,0,0.6162272477386049
gi:17136762,gi:17137642,0,0.5398573176078822
gi:19921030,gi:24641781,0,0.47969611921108224
gi:24639208,gi:24658342,0,0.4993544338301473
gi:24581155,gi:24643118,0,0.5452023337001297
P25228,gi:24643312,0,0.48297691794879516
gi:18859807,gi:28574707,0,0.4394607919004503
gi:24644835,gi:24649499,0,0.4483349748929168
gi:24639782,gi:24657707,0,0.6260073145213254
gi:24665583,gi:24667856,0,0.5496966767508181
P48603,gi:24652101,0,0.4429317636855632
Q9VZH1,gi:20130175,0,0.4871187883275144
Q94516,gi:17647171,0,0.5240909615160677
P09089,gi:24647759,0,0.5400469099898503
P08970,gi:24649564,0,0.4487017035844534
P21461,gi:24648751,0,0.4949508230366765
gi:24582306,gi:24641251,0,0.5024826596786538
gi:20129433,gi:28574268,0,0.37470649893338975
gi:24648883,gi:24649169,0,0.4562155420421248
gi:24641578,gi:24645618,0,0.46019533705820326
gi:21355573,gi:24581467,0,0.43909979703282054
gi:20129131,gi:24647430,0,0.4351919857738599
gi:24581719,gi:24641480,0,0.5202077420173041
gi:21687206,gi:24648231,0,0.4253387742533917
gi:20129291,gi:21355163,0,0.5490241322188246
gi:24583607,gi:28572036,0,0.4379263346332873
Q9VZH1,gi:24651703,0,0.5060548604249684
Q9W0K4,gi:24660611,0,0.4916631790225421
gi:17864662,gi:24582205,0,0.4659811736716699
gi:24643578,gi:28573679,0,0.40813569050817783
O96860,Q9VGI8,0,0.5854761028252834
gi:17865634,gi:24659237,0,0.49975937394236186
gi:24652882,gi:24665958,0,0.645702317318925
gi:20129261,gi:24640435,0,0.6224158316542099
Q9VRL2,gi:17136256,0,0.42412463176307835
gi:17137346,gi:28573879,0,0.5227827257500051
P05389,gi:24641831,0,0.5673698742416085
gi:17136830,gi:28573173,0,0.4119100916253455
gi:24652762,gi:24666053,0,0.557420124088861
gi:19921838,gi:24580674,0,0.6080933918655324
Q24564,gi:24644620,0,0.5761394555979503
gi:21357417,gi:24665297,0,0.5026863087727578
gi:24650168,gi:28574443,0,0.5054971021556415
Q9VD25,gi:24584043,0,0.521540481181682
gi:18859679,gi:19921482,0,0.5448769685770202
gi:24653255,gi:24666694,0,0.5822774134882085
P21461,gi:28573427,0,0.44500535373812283
gi:21358131,gi:24655606,0,0.28823837224840704
gi:24642476,gi:24655778,0,0.4983219917407107
gi:17136698,gi:24641831,0,0.45013495526475883
gi:21355325,gi:24585240,0,0.47265853382546325
gi:19922030,gi:24638766,0,0.4476560516438743
gi:19920436,gi:24662650,0,0.5008603562387666
gi:20129835,gi:24647850,0,0.48782678673739616
gi:24585974,gi:24645515,0,0.19904678277516394
Q07327,Q24133,0,0.4998574153992426
P17886,gi:28573604,0,0.5311292758898984
Q8T0S6,gi:24643447,0,0.43137839023731683
P18502,Q8MSF5,0,0.6607181850102928
gi:24657671,gi:28573495,0,0.7055127567790563
gi:18860537,gi:24647468,0,0.41717194714432476
gi:24638718,gi:24663011,0,0.46386885263891625
P07207,Q8IN81,0,0.6032974641137805
Q9VPS5,gi:24640430,0,0.4502876579108174
P18502,Q27415,0,0.35870850084445105
gi:21358097,gi:24662729,0,0.31090128866838546
gi:24651185,gi:24659237,0,0.7029339563108085
P14318,gi:24640181,0,0.4366034778916664
gi:24646860,gi:24667258,0,0.46911565779607634
gi:24663292,gi:24666323,0,0.5439992106815529
gi:24650148,gi:24656490,0,0.6079305953196811
Q9VG82,gi:21357105,0,0.546682205040512
gi:24640647,gi:24650311,0,0.5177635333657415
P15278,gi:24650248,0,0.47636038510895806
gi:24646375,gi:28573563,0,0.3964827422015946
gi:24581572,gi:24654595,0,0.33924589268357314
gi:18858137,gi:19922526,0,0.4545265060767516
gi:19921244,gi:24639964,0,0.5158169620464772
gi:19921230,gi:24654854,0,0.42985663415960074
gi:17137696,gi:17647979,0,0.6090405210457134
P23792,gi:20129345,0,0.3599952636132092
gi:24653708,gi:24656644,0,0.4924753684132862
gi:24654749,gi:28571746,0,0.41418293610528795
gi:18543285,gi:20129971,0,0.5078113510844323
Q9V5Z7,gi:20128797,0,0.6847737271088724
gi:24649158,gi:28573347,0,0.4517126905025287
Q9VZD5,gi:28572004,0,0.46994492794312803
P22807,gi:28573264,0,0.5329718075150184
P20007,gi:24642517,0,0.5121307030558256
P06603,gi:24586373,0,0.4624586378011563
gi:17137026,gi:17865634,0,0.4803160742396723
gi:24641937,gi:24654872,0,0.5206884956128744
gi:17647757,gi:20129227,0,0.610820390341417
gi:19921600,gi:24666240,0,0.5455182569232133
gi:24640353,gi:24647885,0,0.4334916261332454
P51123,gi:24655036,0,0.4904843307718357
gi:21357915,gi:30923711,0,0.5633314177064018
gi:24581572,gi:24582224,0,0.4913784966275183
P49258,gi:24663372,0,0.5088038747221301
gi:24664191,gi:28573551,0,0.6492268975388253
gi:17136826,gi:24640435,0,0.45536273499036933
gi:20129481,gi:24649741,0,0.23990610797830547
P13238,gi:24650311,0,0.300211206056286
P48603,gi:24583414,0,0.5013215547393053
gi:24581061,gi:24658772,0,0.6530426099397392
gi:17136258,gi:24639594,0,0.5269378544596182
gi:19920406,gi:24639687,0,0.49424791413221264
gi:20128841,gi:24662650,0,0.40321204659216675
gi:24585943,gi:24666524,0,0.43245478779493524
gi:24651986,gi:24654325,0,0.542337936570212
gi:21358039,gi:24581572,0,0.37513213386274574
gi:24585245,gi:24664652,0,0.5573586390166121
P10083,gi:17986155,0,0.5393745013088722
P54733,gi:24651212,0,0.5067871085873691
Q94511,gi:24657689,0,0.39006855097575605
gi:24583691,gi:24654854,0,0.4907395981939407
gi:24657819,gi:24664652,0,0.43049407943690116
gi:19921646,gi:24649208,0,0.562806589961255
gi:24583567,gi:24641831,0,0.5759566732304974
gi:28573125,gi:28574876,0,0.3533470394291855
gi:24644250,gi:24664979,0,0.5146155214278654
gi:24638627,gi:28573878,0,0.545933197838924
Q9VVN2,gi:24651028,0,0.5297587071073301
Q9VCE6,gi:28572154,0,0.49733222804795846
gi:21357953,gi:24585795,0,0.4239255774261559
gi:19922992,gi:24585840,0,0.47790265376612884
O77430,gi:21355677,0,0.504265170247191
gi:24582006,gi:24639448,0,0.4050636967870832
P09491,Q9XZT0,0,0.291837546977261
gi:19923048,gi:24667163,0,0.3744164386114997
gi:24653350,gi:24655153,0,0.5788611400960981
P36975,gi:24657153,0,0.49838529319032837
gi:19920798,gi:24652897,0,0.41937822546469183
gi:20128847,gi:24665331,0,0.4598131434667362
gi:24646737,gi:24648294,0,0.38067274383431776
P07183,gi:24641957,0,0.2821928873708724
gi:19922294,gi:24647137,0,0.5911034374055717
gi:21358161,gi:24581484,0,0.4311627995535886
Q9VXY0,gi:24649952,0,0.6081071100463016
gi:24647823,gi:28573207,0,0.5025902530091482
P28750,gi:28574920,0,0.5431623231269195
gi:17647677,gi:24641734,0,0.5110887197734432
gi:24582746,gi:24646073,0,0.4626278776400324
gi:17530793,gi:21955276,0,0.5020718047220034
gi:19922144,gi:21357037,0,0.43072579378279835
gi:17647383,gi:28573563,0,0.504233566920726
gi:21357915,gi:24638976,0,0.5074429030020066
gi:18921097,gi:24651326,0,0.4928874986386711
gi:20130399,gi:24584496,0,0.5329993783231929
gi:24582962,gi:24655153,0,0.4418501474274262
P02517,gi:24639292,0,0.33670712891905225
gi:19921238,gi:24582294,0,0.4650126801339845
gi:19920738,gi:24639218,0,0.4909602527366304
gi:24580716,gi:24585242,0,0.4503096190128371
Q9W0Y1,gi:19922172,0,0.39431957713213694
P23696,gi:24655034,0,0.4897454514786525
gi:24639187,gi:24641831,0,0.5790527269682151
gi:24762594,gi:28558744,0,0.5273395692427342
Q8T0S6,gi:24585618,0,0.4994578801291841
gi:21356595,gi:24650342,0,0.473039260757949
Q9VVN2,gi:21357903,0,0.6137032397160959
gi:21356799,gi:24650914,0,0.4702812247713891
gi:21355525,gi:24647648,0,0.46830305956304386
P55828,gi:24643702,0,0.44490471792332636
P25007,gi:28574920,0,0.5364135556496896
gi:17647427,gi:24583965,0,0.5743621706895915
gi:21356595,gi:24641014,0,0.5336999479761421
gi:24582104,gi:28571883,0,0.5000565755929128
gi:18857975,gi:24662729,0,0.4069277817118898
gi:24651454,gi:28571958,0,0.453762518455067
gi:24653608,gi:24665469,0,0.49712597783778406
Q01644,gi:24641125,0,0.04958214803486377
P17210,gi:24581901,0,0.5797072779910589
P18459,gi:20130261,0,0.4442243126493588
gi:24643817,gi:24658577,0,0.5332287324987434
Q9V8I2,gi:21356053,0,0.41596561806523713
gi:23397433,gi:24648836,0,0.5105389222906869
P12982,gi:22024283,0,0.5882237075958481
gi:24582699,gi:24647609,0,0.45969919557571975
gi:20129835,gi:24584774,0,0.488043952143718
gi:21355677,gi:24654144,0,0.5130995315125072
P92208,gi:28571234,0,0.534250173611142
gi:18859961,gi:28573549,0,0.2716727648536849
gi:17647979,gi:19922698,0,0.45736829407527496
Q23983,gi:24646073,0,0.5142580727273288
gi:24642523,gi:24647369,0,0.46040568929723674
P02835,gi:28571506,0,0.4759283918803732
gi:19922560,gi:24640938,0,0.47356322289803604
Q24400,gi:24653350,0,0.4267685934269069
gi:24582096,gi:24647942,0,0.4928349801985748
gi:17137710,gi:24645869,0,0.5166306020777044
gi:24640713,gi:24641480,0,0.44791318203630326
gi:20128865,gi:24650814,0,0.3869041960942086
gi:24586167,gi:28571678,0,0.48804949371497136
gi:24583279,gi:24643437,0,0.6047815626056104
gi:24643822,gi:24647494,0,0.5276599426911573
O44783,gi:17137700,0,0.584675596915819
gi:20130169,gi:21355733,0,0.3807730957005095
gi:24583069,gi:24642256,0,0.5229595729056131
gi:19922636,gi:22024255,0,0.5969333285855627
P11147,gi:24639715,0,0.46652063709218006
P07666,gi:24644349,0,0.5051981962371321
O46036,gi:19922746,0,0.5176151730710349
gi:20130425,gi:24643516,0,0.3384176922872763
gi:24583208,gi:24641209,0,0.46554337733549545
Q9VGX3,gi:21357875,0,0.44804846799391185
gi:17136860,gi:24652071,0,0.4665560713554959
gi:19922442,gi:24648905,0,0.3262542606526805
P07666,Q24564,0,0.5826850388159991
P17276,gi:24640959,0,0.49125007627811473
gi:17737425,gi:24648592,0,0.5915043303355526
P18459,gi:24653448,0,0.5118487474059696
gi:24652930,gi:24655824,0,0.6313812958926464
gi:20130085,gi:24585087,0,0.5190619668017745
gi:21357471,gi:28574799,0,0.4219455677594483
gi:24581481,gi:28573799,0,0.43570713301749225
Q94523,gi:24663344,0,0.5394449721992898
P20007,gi:24666850,0,0.6256788419881699
gi:24639878,gi:24648690,0,0.512239877169645
Q9W4E2,gi:24652789,0,0.4938713745157192
gi:24647609,gi:24659237,0,0.4833710625773217
gi:24648329,gi:24653856,0,0.6115601486439755
gi:21355379,gi:24642363,0,0.5405685936385969
gi:19920594,gi:28573173,0,0.4320295091485551
Q9VCZ8,gi:28571412,0,0.45409906944627315
gi:18921161,gi:19921120,0,0.5079957769771168
gi:24581686,gi:28574303,0,0.517283415346389
gi:24647100,gi:28574443,0,0.5502048095383935
O16867,gi:18859875,0,0.42166314515666775
gi:17530833,gi:24648281,0,0.5261259464024649
O18404,gi:24663228,0,0.43170840419299517
gi:17137710,gi:24649423,0,0.536893478234461
gi:24638862,gi:24650248,0,0.40960032414154945
gi:24580551,gi:28571432,0,0.4581103093958591
gi:20129603,gi:24654479,0,0.35624921215937966
gi:21358361,gi:24663802,0,0.429919769050231
gi:24582516,gi:28572987,0,0.45640997817864
gi:19922868,gi:24659451,0,0.45615518343974504
gi:21357653,gi:24650348,0,0.502899097019572
O77051,Q94516,0,0.5649872529347456
gi:24646017,gi:24646365,0,0.42517077004876724
O77260,gi:20128797,0,0.6252855192307069
Q01071,gi:24647343,0,0.5191090458113381
gi:24651021,gi:24651379,0,0.4790407181197759
gi:24664652,gi:28574860,0,0.4909893572356571
gi:24650342,gi:24762726,0,0.42126506442518263
gi:17647723,gi:19921336,0,0.4669760624892955
gi:21356797,gi:24641420,0,0.44052668567432024
gi:24641660,gi:24665973,0,0.5700296902675411
gi:20128797,gi:24645653,0,0.6679541183891669
gi:21357761,gi:24639023,0,0.41133302629791196
Q9VG55,gi:24582962,0,0.4602695870668603
gi:28573878,gi:28574516,0,0.44330677294412807
P52485,gi:24639653,0,0.4359869828126657
gi:24647779,gi:24657160,0,0.6323065478413906
gi:20130393,gi:24638862,0,0.5468576106446517
gi:20130175,gi:24644250,0,0.4977331396028464
gi:21355603,gi:24652652,0,0.2925691337386881
O76899,gi:24762618,0,0.3838160680253048
gi:24655577,gi:24658714,0,0.42720398357055667
gi:24581572,gi:24639446,0,0.5755223350817319
gi:24648919,gi:24762779,0,0.4545448224666993
gi:20129835,gi:24641493,0,0.4649415707968396
P25171,Q01642,0,0.2973315671393469
gi:28573157,gi:28574316,0,0.5374544626753879
gi:24582094,gi:24583474,0,0.6411028901104039
gi:24652344,gi:24659598,0,0.5114120182338376
Q24133,gi:19921618,0,0.4576884053865509
gi:24643106,gi:24655182,0,0.45173088970152114
P08175,gi:17136646,0,0.06589696075581987
gi:18859833,gi:24645581,0,0.608875221818837
gi:17137108,gi:24645216,0,0.6057239093324928
P54611,gi:19922432,0,0.42284576518398936
gi:21357849,gi:24649486,0,0.25790433605368784
Q9V5C6,gi:24582156,0,0.41011314154551093
P46824,gi:18859671,0,0.4671965035654157
gi:24646478,gi:24647597,0,0.46566423574647886
gi:20129297,gi:24581155,0,0.31096090122265263
gi:20129049,gi:24664199,0,0.5825069633633082
gi:17136948,gi:20130017,0,0.3487094374152286
Q9VEX9,gi:24648981,0,0.4285698188891711
gi:24584039,gi:24666045,0,0.4828450655961848
Q8INW0,gi:24652268,0,0.5831269324144173
P16371,P22807,0,0.5238268081888787
gi:24661263,gi:24667063,0,0.47798664817826747
gi:18859895,gi:24663462,0,0.5330183558266385
gi:21357683,gi:24649183,0,0.5569156086831536
gi:24582592,gi:24652733,0,0.3267868586571265
gi:24642808,gi:24648776,0,0.5698035764778824
gi:19922992,gi:24582813,0,0.5548902013823019
P16371,gi:23397595,0,0.3091022789191526
gi:21357761,gi:24645031,0,0.6131647334116666
gi:20129095,gi:28574300,0,0.48477473363131934
P10981,gi:18859679,0,0.4828569289938114
gi:24663344,gi:24668309,0,0.4091209449828901
gi:24580815,gi:24583839,0,0.5756634298583386
P07666,gi:21357919,0,0.29452147247317984
gi:20428641,gi:24581499,0,0.6940334861822334
Q24572,gi:24660188,0,0.4729613623213007
gi:24643497,gi:24655121,0,0.579196538257941
gi:19921696,gi:21358599,0,0.48315717853263146
gi:24638845,gi:24641692,0,0.6010087620216727
gi:24641935,gi:24649025,0,0.4145996422288297
gi:24585943,gi:24658370,0,0.6163786946231591
O77430,gi:24581976,0,0.5681599678855429
gi:24583901,gi:28572059,0,0.3524365410098936
O16797,P29742,0,0.5266288471106126
gi:20130417,gi:24586562,0,0.5883934859797668
P14130,gi:24661359,0,0.4538188928857164
P40796,gi:24640785,0,0.46198752806508486
P49258,Q06559,0,0.6077001158868581
gi:21358491,gi:24639731,0,0.4623798868669954
gi:17136608,gi:24653385,0,0.48608972374757237
gi:19920370,gi:24658229,0,0.3741048627243376
gi:17137444,gi:20130049,0,0.5471163889346596
gi:21355807,gi:24655968,0,0.4035275628598398
gi:21356367,gi:24586193,0,0.5032757079455363
P18502,Q9W1C9,0,0.41278828686812497
gi:24642547,gi:24652652,0,0.5029648299101149
gi:24644797,gi:24664458,0,0.5009950289615132
Q9VSS2,gi:24663027,0,0.4089101798173612
P13096,gi:24638927,0,0.3741602706483643
gi:24663462,gi:24664026,0,0.3817960219385074
P82910,gi:24641209,0,0.5257921575132939
gi:24643151,gi:24660416,0,0.5315438453979088
gi:21355719,gi:28574529,0,0.5012863951244999
gi:24642363,gi:24655577,0,0.5134470492189277
gi:17998687,gi:20129735,0,0.5058882518798669
P23380,gi:17137642,0,0.32853708976648566
Q8IGR0,gi:28574443,0,0.35115198054408026
gi:24641156,gi:24663462,0,0.7158860893479473
P48598,gi:17738243,0,0.49782341454899165
Q9VG82,gi:24654934,0,0.3110014746781857
O18413,gi:24648433,0,0.5342212808714522
gi:24642235,gi:28573466,0,0.5141237355473234
Q01820,gi:24648253,0,0.48869990689246307
gi:21357951,gi:28573879,0,0.4322376587458124
gi:24642691,gi:24651179,0,0.46845395705783044
gi:19921638,gi:24580817,0,0.5702369754843045
gi:17136732,gi:24667117,0,0.5387358274711245
gi:24650747,gi:24653667,0,0.5205662154446857
gi:18858007,gi:24583294,0,0.36120316344544484
gi:24585242,gi:24667917,0,0.6302147972341529
gi:21358039,gi:24646664,0,0.5346859336330105
gi:20428641,gi:24666394,0,0.49814115233737405
gi:17137760,gi:24584376,0,0.5113522964801132
gi:19920692,gi:24662591,0,0.43685489050387527
gi:24666323,gi:24668302,0,0.4969221902095719
P54358,gi:21356481,0,0.5167478954997977
gi:24640510,gi:24648006,0,0.4951670003664672
gi:18857985,gi:24655888,0,0.5148452105256689
gi:24658086,gi:24665297,0,0.5268977525048063
Q04787,gi:24762837,0,0.3981553517717541
gi:19922260,gi:24656346,0,0.40458921952356397
gi:21356041,gi:24667063,0,0.6094287665391034
Q24207,gi:17647523,0,0.47995381894947503
gi:17647155,gi:24657782,0,0.491686674695875
gi:17137760,gi:20129527,0,0.4994721437404822
gi:18859949,gi:24646212,0,0.46342789287428765
gi:17136294,gi:24641148,0,0.4954484892613683
gi:24640435,gi:24644349,0,0.46185541690589815
gi:19921306,gi:24664458,0,0.5519028461230461
Q9VQ62,gi:22024283,0,0.6521495322677086
gi:24653096,gi:24657185,0,0.532423874369958
Q9VZS3,gi:19922652,0,0.5213931974721907
gi:17137424,gi:24659254,0,0.47449244242028177
gi:24643516,gi:24655741,0,0.4528400424270023
O16011,P54350,0,0.5565388143024578
gi:24582172,gi:24667611,0,0.4283134889431092
Q9VG82,Q9W2D9,0,0.48562642405768
gi:24641790,gi:24645606,0,0.39585353209306323
gi:21355781,gi:24643634,0,0.5150828853076665
gi:24663011,gi:24664434,0,0.4485290640558228
gi:18859929,gi:24659451,0,0.47564314318496553
P21461,gi:24643168,0,0.6009802165913923
gi:17647853,gi:24642233,0,0.43720227317589944
O76908,P30052,0,0.5105088478164433
gi:18859877,gi:19922000,0,0.45508651762468716
gi:17647125,gi:21355361,0,0.5226463422690745
gi:21357903,gi:24651111,0,0.6370216065437345
gi:17136732,gi:19920448,0,0.5240635851052253
P23938,Q9VQQ9,0,0.5432114913784737
gi:21355869,gi:24643413,0,0.42969618403152676
gi:21355597,gi:24640042,0,0.40364866383825376
gi:24582224,gi:24652463,0,0.5267699586553846
gi:17137352,gi:28573549,0,0.3687660978308617
gi:17647755,gi:24644791,0,0.4280399969779457
Q06559,gi:19922666,0,0.5073935439848964
gi:24581314,gi:24639885,0,0.5103346235602189
gi:24582643,gi:24666619,0,0.4791924495852779
gi:17864162,gi:24584997,0,0.538603187318942
P55828,gi:24653536,0,0.5272070354768758
gi:21358247,gi:24638750,0,0.447601885757455
Q26263,gi:24650311,0,0.5643749419696682
gi:19921962,gi:28571481,0,0.42741860789772257
gi:24584043,gi:24639782,0,0.5570559972131632
gi:24640747,gi:24652842,0,0.5493934540869904
gi:21356449,gi:24663802,0,0.2989404914865002
P39572,gi:24643915,0,0.4871066039789328
gi:21356133,gi:26080373,0,0.5653982882473398
gi:17137650,gi:21355521,0,0.5021816733118962
gi:20129307,gi:24649519,0,0.5840150786638787
gi:21356995,gi:21358471,0,0.500209843212662
P23757,gi:24639279,0,0.6289916576958563
Q24404,gi:22024201,0,0.529064595536334
gi:19922620,gi:24641555,0,0.7238816872894223
gi:21358507,gi:24644797,0,0.38321550252234304
P40320,gi:24640264,0,0.49657392617884255
Q24139,gi:20128999,0,0.48463307645666165
gi:18858101,gi:20130399,0,0.4202352078992784
Q9Y0I1,gi:28573954,0,0.5767048444248591
P42003,gi:28574582,0,0.6825597915312782
gi:20130281,gi:24582628,0,0.5364870181635664
gi:17530817,gi:24581873,0,0.26977092754981125
gi:20130085,gi:24660923,0,0.4811861384954291
gi:19921872,gi:24586270,0,0.5182285915025424
Q8IN81,gi:24655778,0,0.5093126020817607
gi:17136532,gi:24665160,0,0.2631914652844907
gi:24585499,gi:24640353,0,0.5078757563841052
gi:24585358,gi:24646595,0,0.5131982794677529
Q27297,gi:24661359,0,0.4812755985366786
gi:24645384,gi:24654644,0,0.45984098941701984
gi:17737549,gi:24650658,0,0.49968994759057495
gi:24582226,gi:24652756,0,0.5122179164118771
P54356,gi:17738007,0,0.3695112112723387
gi:17647343,gi:24655555,0,0.5345100760901341
gi:21357711,gi:24657218,0,0.472103994730792
Q94524,Q9VFP1,0,0.35146163921153145
gi:18859997,gi:24643447,0,0.5564342497096494
gi:24580674,gi:24651111,0,0.5304243285551112
gi:17137648,gi:21357817,0,0.4559727341149088
O18640,gi:21357761,0,0.5234168404571694
P23757,gi:21358077,0,0.5201708589208582
gi:24586048,gi:24651910,0,0.4880418744788269
gi:24641561,gi:24656186,0,0.5165894634990416
gi:24638987,gi:24640362,0,0.44737731497436534
Q9W0K7,gi:21356175,0,0.5970605982063774
gi:24582383,gi:24645417,0,0.5525039700779883
gi:17737551,gi:17864622,0,0.4847269472599532
gi:24646011,gi:24663027,0,0.4635339177631639
gi:24640005,gi:24666434,0,0.4826839744021321
gi:22026831,gi:24646212,0,0.4278493487234401
gi:17136568,gi:21358569,0,0.35267082707817904
gi:24638845,gi:24645236,0,0.5673214109235338
gi:21357847,gi:24640510,0,0.49109463132784986
gi:17864460,gi:24653385,0,0.34100052324845204
gi:24641129,gi:24657684,0,0.25268990517646917
P41092,gi:28573418,0,0.4552314534855876
Q9XYN7,gi:24762594,0,0.5433126557832778
gi:21358323,gi:28573213,0,0.4494684421196364
P05389,gi:24658511,0,0.30819395003528355
gi:18859939,gi:21358129,0,0.46824854242536657
P07207,gi:24638609,0,0.5406933826247832
gi:24642229,gi:24644349,0,0.38800336316542045
gi:24583134,gi:24643634,0,0.4841090172013086
gi:20129433,gi:24641616,0,0.5379075650182203
O61231,gi:24658370,0,0.5168147168152304
gi:24581165,gi:24649535,0,0.4114964918646664
P21461,gi:24658602,0,0.522766388893334
Q23985,gi:17647723,0,0.5911494862250091
gi:24645745,gi:24668206,0,0.4366345970669133
gi:20130049,gi:21356309,0,0.4908482027818106
gi:24585156,gi:24641831,0,0.5450234017443204
gi:17137572,gi:19920774,0,0.4522628216820226
gi:24651671,gi:24651935,0,0.4948629298490074
P19109,gi:17137752,0,0.42124944907894274
gi:24649427,gi:28571820,0,0.5198177894639014
gi:18859843,gi:24657782,0,0.4661072703395368
gi:24668006,gi:28571891,0,0.5107690078739996
gi:21357417,gi:24661084,0,0.4568388476445877
P42287,gi:19921140,0,0.4479467153298078
gi:24645869,gi:24647609,0,0.42810518255787905
gi:24648294,gi:24652930,0,0.44669378097737517
gi:24642547,gi:24654595,0,0.5227461677004649
gi:24667917,gi:28573291,0,0.5269430080284883
gi:17738125,gi:24583947,0,0.44270099797828805
P08182,gi:24643437,0,0.39447798053968774
gi:21357759,gi:24665016,0,0.5283236617648824
gi:18860545,gi:21355491,0,0.4857492515154376
P41093,gi:24647137,0,0.557126719230075
gi:24653856,gi:24661830,0,0.5601535314926808
gi:17136864,gi:20130049,0,0.4209879004518626
Q94514,gi:17998687,0,0.48197333235380263
gi:21355683,gi:21356041,0,0.5333339872835077
gi:24583531,gi:24585616,0,0.45840830782973263
gi:21357875,gi:24647120,0,0.5416719751071741
gi:17647527,gi:28572129,0,0.4112217549492489
O76924,gi:24648463,0,0.5240108234177339
Q9VEX9,gi:28573173,0,0.4412663558153165
gi:18859807,gi:20129123,0,0.45195500077418094
gi:24581429,gi:24652680,0,0.41439156204222066
P20354,gi:28573662,0,0.47541816685244387
gi:24648592,gi:24655577,0,0.37402952023866853
gi:24585154,gi:24658110,0,0.47339363750707053
Q9V8K2,gi:24657785,0,0.6487919880083804
O46106,gi:24655182,0,0.5704354658970544
gi:17137380,gi:24652770,0,0.5023470848579827
gi:17137264,gi:21355325,0,0.48106143053673195
gi:19922726,gi:28572965,0,0.49285468736754595
Q01083,gi:24667764,0,0.5414044625883278
P53501,gi:21358181,0,0.5297183349573882
gi:19922686,gi:24649175,0,0.4867396223581498
gi:24581719,gi:24584835,0,0.4801578681858368
gi:20129067,gi:24651149,0,0.4908535547817881
gi:19921270,gi:24638625,0,0.4818473237016034
gi:17137760,gi:21355383,0,0.4201511226402134
gi:21355383,gi:21355815,0,0.595720410941362
gi:17136568,gi:24585353,0,0.3528062269236053
gi:17647723,gi:17933742,0,0.5485947195582298
gi:20129227,gi:24662753,0,0.5925796325193128
gi:24650035,gi:24650168,0,0.5633178056838838
P17276,gi:18859833,0,0.4957366823311094
gi:21355383,gi:24659367,0,0.523010721115532
gi:19920424,gi:28575000,0,0.49716870153131776
gi:24642547,gi:24655623,0,0.444773043684927
gi:20129527,gi:24646611,0,0.4566815622172491
gi:21358297,gi:28572057,0,0.4977575513104822
Q9VUJ0,gi:21356121,0,0.5225290702209588
Q23983,gi:24651303,0,0.5151592045974849
gi:19921326,gi:24585305,0,0.41181872003510944
gi:21356741,gi:24649183,0,0.5063232489734393
gi:18079297,gi:24640023,0,0.508400300701737
gi:19922144,gi:24658721,0,0.4042925012960512
gi:28571108,gi:28573563,0,0.5991158036163108
gi:24646928,gi:24649695,0,0.6227903372237494
gi:17933686,gi:24668321,0,0.41082947738255265
gi:17136860,gi:19922220,0,0.5675043894709976
gi:17933694,gi:21355085,0,0.42971492609708933
Q27350,gi:24665160,0,0.5682180554420272
gi:24650435,gi:24653385,0,0.6056625296759135
P13008,gi:24586111,0,0.2866068176485745
gi:24639687,gi:24667059,0,0.5112709928277596
gi:21358077,gi:24584043,0,0.5425978955608375
gi:17136934,gi:21357483,0,0.6734288348915992
gi:24646312,gi:24649389,0,0.5382923164903876
O18413,Q24025,0,0.48159032794578216
gi:28573213,gi:28573512,0,0.5338224406925269
gi:24762582,gi:28573418,0,0.5883180942992956
gi:24656980,gi:24663292,0,0.44721138607849026
gi:24647083,gi:24651986,0,0.47360977208001853
Q24143,gi:24638591,0,0.5259609391294718
gi:24642084,gi:24647468,0,0.571543072983416
gi:24650168,gi:24658403,0,0.5363505682249734
gi:24645175,gi:24659953,0,0.5546760424603973
gi:17864622,gi:24646009,0,0.478480068940266
gi:21355219,gi:23308611,0,0.4958418238608032
P06603,gi:24641029,0,0.4239619593224064
gi:19920668,gi:24654595,0,0.5359052693218039
gi:24585635,gi:24648198,0,0.5117074340975166
gi:24582643,gi:24658772,0,0.4992458737393791
gi:20129325,gi:20130085,0,0.5690998581475225
gi:21356265,gi:24652770,0,0.5148356288112125
gi:24638702,gi:24650311,0,0.4954314201832724
gi:21358025,gi:24581205,0,0.4636781721788044
gi:24643180,gi:24667117,0,0.33733986837467317
gi:24581061,gi:24648674,0,0.5754821743496494
P00034,gi:21357677,0,0.4864921179599612
gi:17998687,gi:24643634,0,0.3911701426123456
gi:24581061,gi:24639220,0,0.48932728212552423
gi:24642670,gi:24656938,0,0.5121004051468363
gi:17737635,gi:24654916,0,0.4298547516906564
gi:24581314,gi:24585681,0,0.5267342121139591
gi:17136934,gi:24645653,0,0.5725107096334272
gi:17137692,gi:24583061,0,0.6492381514390358
P20483,gi:18859665,0,0.5387583496647803
gi:24585112,gi:28574635,0,0.46760406091948303
P06607,gi:24666794,0,0.38268603088261777
gi:17137026,gi:21357761,0,0.6050040620178286
gi:24644398,gi:24660710,0,0.4946107411024318
gi:24641790,gi:24657590,0,0.41938633660381475
gi:19921814,gi:24580827,0,0.630826954941636
gi:23397609,gi:24639299,0,0.35271093469931203
gi:20130329,gi:24581719,0,0.5380264571018608
Q9V8K2,Q9W2D9,0,0.5886580369847285
Q9VC27,gi:23397623,0,0.5252635625099388
Q94524,gi:21355117,0,0.28894182936824614
gi:20130399,gi:24652825,0,0.4278948164324839
gi:17137220,gi:20130151,0,0.4658422013565349
gi:21357495,gi:24660182,0,0.3938835619847742
gi:24642125,gi:24652930,0,0.4279637539769603
gi:19920746,gi:24651313,0,0.5149532272334423
gi:17136212,gi:24651173,0,0.5246018254424547
gi:18543271,gi:19922278,0,0.3807816513297522
gi:24645951,gi:24665205,0,0.22371846570128287
gi:21355917,gi:28573878,0,0.4564934891352144
gi:24644819,gi:28573278,0,0.036405657807361116
P15330,gi:24648896,0,0.5093735984923609
gi:21357211,gi:24653350,0,0.3699072527597667
gi:28572997,gi:28574695,0,0.5314125287374158
Q9W5R5,gi:24654465,0,0.566941590508801
gi:24584835,gi:24649648,0,0.4792843101907283
gi:19921376,gi:20128985,0,0.5549394094749003
P19538,gi:17137196,0,0.5426759243400857
P06603,gi:24668309,0,0.4176110759318523
gi:24655121,gi:24662475,0,0.3764335221360092
gi:24639917,gi:24642867,0,0.40774450060677514
gi:21687092,gi:24640211,0,0.5045027928510338
gi:21357761,gi:24640683,0,0.5851324717997413
P07207,gi:24652650,0,0.4385119912168703
gi:21356481,gi:21357903,0,0.379926918738687
gi:20304109,gi:24657320,0,0.43896152567626134
gi:17647759,gi:24639187,0,0.5072076985864112
gi:18921137,gi:24649564,0,0.4832585075084285
gi:17647581,gi:24646017,0,0.47619478485153116
gi:21355909,gi:24666053,0,0.4957255009249875
gi:20129961,gi:24660603,0,0.5046092495094487
gi:24585327,gi:28574939,0,0.5748045008060234
gi:17864460,gi:24643702,0,0.43489216938990816
Q9VUJ0,gi:24665229,0,0.4566980932065812
gi:19921114,gi:24657684,0,0.571398869321926
gi:21355719,gi:24583929,0,0.4493271708154492
gi:19920370,gi:24585205,0,0.452890199435561
gi:20130331,gi:24646908,0,0.48291734945193604
gi:20130399,gi:30923725,0,0.5109834719205049
gi:18859961,gi:24664979,0,0.3442079427942971
gi:24652641,gi:24654908,0,0.5433244361378933
Q24253,gi:18859947,0,0.5474326300307011
gi:19922466,gi:19922814,0,0.5220789656216082
P56079,gi:24581542,0,0.5136913218588924
Q8IGR0,gi:21358631,0,0.5649257714672512
gi:19920436,gi:24585158,0,0.5301812683357946
gi:21358631,gi:28571341,0,0.5194448026139206
gi:24664105,gi:24666323,0,0.4385996871186932
gi:24660746,gi:28573729,0,0.5432395954382501
gi:24582219,gi:24645148,0,0.4279658714729654
P42287,gi:24585582,0,0.37855538310417014
gi:24650577,gi:24655662,0,0.5898966239201453
gi:22024182,gi:24661759,0,0.35358738019902247
gi:17738007,gi:24650009,0,0.4342632701181685
P17205,gi:24646581,0,0.4808568781218213
Q9VLP3,gi:24654172,0,0.49364663366769745
gi:17737533,gi:24582104,0,0.5808185234745789
gi:24662048,gi:28572987,0,0.5489031335886317
gi:19922816,gi:24645869,0,0.3837983516411888
gi:24639705,gi:24649564,0,0.4218620200715262
gi:19921312,gi:24652208,0,0.41830141615479055
Q9VG82,gi:24642363,0,0.47088333689932194
gi:17137452,gi:18921161,0,0.39938098827358615
P02824,gi:21357781,0,0.4625178248240453
gi:17136216,gi:24644274,0,0.4435998862326096
O62621,gi:24652762,0,0.5695894808542156
gi:20129579,gi:24663292,0,0.4525708646730124
P07185,gi:24641410,0,0.4248651732260872
gi:17737727,gi:19920464,0,0.4753317246469705
gi:20130017,gi:24640949,0,0.30408212774370824
P52304,gi:18859877,0,0.47629007276621144
gi:20130399,gi:21358247,0,0.5004476583086368
P00034,gi:24667089,0,0.5353002402151181
gi:24642611,gi:24664817,0,0.3982372749104652
gi:24585795,gi:24642547,0,0.5149716508352726
Q9VNH6,gi:19921554,0,0.5270071964588946
gi:24585242,gi:24641946,0,0.4889423489630619
gi:18921187,gi:24649646,0,0.4232983573268578
Q01071,gi:24646114,0,0.46063207469774653
gi:17737533,gi:24654595,0,0.5173338065566114
gi:24650747,gi:24663118,0,0.47569271505922567
gi:19922172,gi:28574635,0,0.49616022108306146
gi:24657671,gi:28574582,0,0.8665119347340021
gi:24658567,gi:28573563,0,0.5534050146379403
gi:17136698,gi:24586167,0,0.43168473387476747
gi:24582598,gi:28573817,0,0.4563076013622314
gi:17137168,gi:24652436,0,0.4426171923582313
gi:24639812,gi:24667063,0,0.6462045125328878
gi:24639917,gi:24667117,0,0.29232802577982714
P39736,gi:24641689,0,0.5779347236069308
Q24400,gi:24656980,0,0.4216436303088983
gi:21357211,gi:24638894,0,0.5078693625877272
gi:19920978,gi:24663344,0,0.5468141733509588
P17205,gi:24585236,0,0.6238683428171881
gi:24584236,gi:24650284,0,0.5208040143244003
gi:17136780,gi:24581155,0,0.3752496538043734
O18413,gi:21355869,0,0.22929177009564042
gi:24651028,gi:24653550,0,0.5896650697448342
gi:21356927,gi:24668704,0,0.4592909314672108
gi:24582643,gi:24655951,0,0.41687200286131826
gi:20130247,gi:24667200,0,0.477285902019104
Q03017,gi:24653562,0,0.44272684314791905
gi:17136212,gi:21358165,0,0.5069757330167648
gi:23397619,gi:24646365,0,0.41891419545436387
gi:24582094,gi:24650192,0,0.6335595240953539
gi:24582048,gi:24639017,0,0.488983778476372
gi:17864254,gi:28574472,0,0.5277515730874475
gi:21358319,gi:24762726,0,0.5102558596695342
P91685,gi:17738257,0,0.42901039414204784
gi:19922556,gi:24652842,0,0.5335030749258339
gi:18858161,gi:24663188,0,0.6033393251102552
gi:17137692,gi:24647508,0,0.5540564977681982
Q95028,gi:24582879,0,0.5576862445150803
gi:17137344,gi:18859693,0,0.5316643843945675
gi:19921606,gi:20129907,0,0.46571625245504555
gi:21356815,gi:24655121,0,0.49038802003725995
gi:18079297,gi:20130425,0,0.5193405621223623
P32392,Q9V3D2,0,0.6217650578761811
gi:17136968,gi:24651395,0,0.46402907734506116
gi:24639705,gi:24655568,0,0.3190907018133327
gi:24583803,gi:24644422,0,0.47084314572489566
P18459,gi:21355413,0,0.5714288322350859
Q9VMN5,gi:19921554,0,0.514328503372584
gi:20128797,gi:24580710,0,0.6681321043271107
Q24338,gi:19922310,0,0.41955625066004787
gi:21356083,gi:24665950,0,0.61651586023546
gi:24646722,gi:28573264,0,0.5977122621892262
gi:24653791,gi:24664434,0,0.41367515942319927
gi:24638845,gi:28571819,0,0.4119660462277225
gi:19921246,gi:21356743,0,0.4567249030540463
gi:24583984,gi:24646316,0,0.5224135607975278
gi:24583061,gi:28571108,0,0.4258469269204555
gi:21355205,gi:30923558,0,0.5299103679098531
Q9XTM1,gi:28571587,0,0.5165776533524551
P15330,gi:30923629,0,0.5432691882395663
gi:21357311,gi:24654606,0,0.5470373970392142
P02575,gi:28573850,0,0.48206099350110504
P14734,gi:24664199,0,0.6434782592679319
gi:24649250,gi:24662518,0,0.44398408893355196
O16130,gi:24654832,0,0.7102728128263228
gi:24654017,gi:24656982,0,0.546459464582326
gi:24584916,gi:24655187,0,0.49716213582808966
gi:24659404,gi:24762383,0,0.5432672294455373
gi:18859869,gi:24580965,0,0.5353861117791199
P02839,gi:24643118,0,0.45581721876879505
gi:24651972,gi:24665469,0,0.4924588998150803
gi:20129745,gi:24639782,0,0.4958841322006382
gi:17136506,gi:24665761,0,0.502284730680046
gi:24650311,gi:24654854,0,0.623498340743684
gi:24643303,gi:24664434,0,0.4481884282926879
gi:17738243,gi:24641363,0,0.4883201852137828
Q9VMA2,gi:24648946,0,0.34341918588206666
gi:20128797,gi:28572043,0,0.6536573170211402
P10041,gi:28574443,0,0.6449069278372841
gi:24642016,gi:24655153,0,0.42196921205799637
gi:24581719,gi:24762582,0,0.5472821962817092
gi:24584167,gi:24639822,0,0.586496247118902
P05389,gi:24646827,0,0.4582041874478914
O46341,P23757,0,0.5279116070215024
Q94511,gi:20128797,0,0.5735885770764623
Q9XZT0,gi:24640119,0,0.3586008151289108
gi:24656275,gi:24658714,0,0.2409068354373059
gi:24653614,gi:24658772,0,0.5387929304673799
Q9VXX8,gi:24655662,0,0.728471532356114
gi:21357113,gi:24655850,0,0.46927139179614447
P10987,gi:24654843,0,0.4947103165222731
gi:24585327,gi:24649007,0,0.4813961972839235
Q8T053,gi:17137168,0,0.49413335834312533
gi:18543205,gi:18859947,0,0.3802937015644381
Q94524,gi:21355807,0,0.42122816571372307
gi:21355075,gi:21356595,0,0.5319801027293588
Q01083,gi:24651641,0,0.4556340703026471
gi:24580579,gi:24639301,0,0.3474099263774047
gi:17136728,gi:24664257,0,0.3050685783875001
gi:18859929,gi:24582746,0,0.42799148860946246
gi:24581719,gi:28571396,0,0.4594696415806668
gi:24583061,gi:24645384,0,0.3552318443243704
gi:18859891,gi:24640704,0,0.4827351710447612
gi:21357781,gi:24583294,0,0.22657999329161674
gi:17530793,gi:24666972,0,0.5638109660031848
Q9V9Z9,gi:21356595,0,0.44469931681877495
gi:19921466,gi:24582006,0,0.4658251537303711
gi:18921137,gi:24648294,0,0.5749398784045762
gi:17864476,gi:24665657,0,0.514715725554652
gi:17137700,gi:24582308,0,0.38091889595396183
Q01644,gi:24652733,0,0.9289456008495637
P54356,gi:28574443,0,0.5277222904515951
gi:20129423,gi:21357951,0,0.4144229500114468
gi:17137752,gi:21356033,0,0.46771258775067526
gi:24583358,gi:24652930,0,0.4245330848772559
gi:24581759,gi:24661826,0,0.45434288056720246
gi:19920706,gi:20130281,0,0.48513403069540617
Q9V411,gi:18543225,0,0.6051399880151217
gi:17137616,gi:24644677,0,0.5790903185168319
gi:24586562,gi:24655153,0,0.5115255703605608
gi:19923036,gi:24655741,0,0.4951052184445521
gi:19920382,gi:28573604,0,0.5470056902431191
gi:24653459,gi:28573486,0,0.5498610477772083
gi:24582036,gi:24649689,0,0.41430378511372423
gi:24639740,gi:24647500,0,0.5127378450264308
gi:21356073,gi:24586195,0,0.5531876430607879
gi:18859671,gi:20129903,0,0.4838832113027904
gi:24585091,gi:24644274,0,0.5012631381910921
gi:17136506,gi:24667211,0,0.5213778043403543
P41092,gi:24661359,0,0.419417089647666
gi:22024283,gi:24584039,0,0.4230490434570963
P54353,gi:21358131,0,0.44002071964549433
P12982,gi:24654325,0,0.5097507289226513
O97125,gi:24586167,0,0.47644153361445446
gi:17137648,gi:24647148,0,0.375777345518514
gi:20130199,gi:24638862,0,0.4334937436603966
gi:19920776,gi:24650168,0,0.5172644904533605
gi:18859837,gi:24653247,0,0.4164368720266568
gi:24638609,gi:24647897,0,0.24613073437217511
gi:24662048,gi:24663556,0,0.6589178170252704
gi:21357829,gi:24650284,0,0.4103074721249261
gi:24649214,gi:24662785,0,0.5509136130981194
gi:19922526,gi:20129231,0,0.4826996911272308
P35415,gi:17137642,0,0.5857177553268588
P09491,gi:24639124,0,0.5992789448314951
gi:24654992,gi:24661700,0,0.6652572438725842
gi:21358323,gi:24654479,0,0.7337485763935235
Q01083,gi:24581542,0,0.4625990777493948
gi:18859843,gi:21357001,0,0.48866370926385516
P10379,gi:21357761,0,0.5024454489186911
gi:21357761,gi:24762383,0,0.5968920652531305
gi:24659182,gi:24667163,0,0.5212835540350502
Q02361,gi:24640501,0,0.3990114307089252
gi:24645538,gi:24655245,0,0.5770602385015612
P82147,gi:24582306,0,0.49398422120972774
P04197,P07187,0,0.4744078375504934
Q9VV43,gi:24661625,0,0.39748310605239
gi:17738243,gi:24586550,0,0.4421532138720012
gi:28571743,gi:28574432,0,0.4890592444663776
Q9VSC1,gi:21358555,0,0.687325190767974
Q94524,gi:28571451,0,0.5057937416219701
O61348,gi:24581089,0,0.5900001394959574
Q9V574,gi:24644797,0,0.5903454321280156
gi:24584547,gi:24667089,0,0.5424725990317674
gi:21356855,gi:24653514,0,0.3408731182195596
gi:22024283,gi:24667059,0,0.4939223437901483
P22464,gi:24664720,0,0.49070642036190454
gi:24642561,gi:24655886,0,0.4987513224994158
P50882,gi:24667207,0,0.46039455994784384
P09491,gi:18858137,0,0.7248124204143764
Q9V3S0,gi:24656026,0,0.45063998851497555
gi:24581155,gi:24584167,0,0.5314306864756877
gi:24657782,gi:24659100,0,0.48247254921486904
gi:24646829,gi:24654828,0,0.5090782243383231
gi:24641640,gi:24647060,0,0.6569672749467412
gi:21355869,gi:21358081,0,0.38535608757089596
gi:24585795,gi:28571819,0,0.47893231446886053
gi:21357711,gi:28574406,0,0.5135780801117963
gi:24584043,gi:24649564,0,0.5716172041178209
gi:19921002,gi:21358323,0,0.22036517551292845
gi:21355653,gi:21355937,0,0.4854956646908514
gi:21356581,gi:24666323,0,0.48332597606996525
gi:18859825,gi:21356815,0,0.5072408643301476
gi:24639822,gi:24666694,0,0.24819601293466031
gi:24639609,gi:24649646,0,0.45433402928338384
Q9XZH6,gi:28573207,0,0.23743637460741732
gi:24582854,gi:24649078,0,0.5437778451153031
gi:20129385,gi:28571108,0,0.5078820702248205
gi:24646516,gi:24665657,0,0.5875389765756127
gi:24585795,gi:24655948,0,0.5043035401242304
Q9W3R7,gi:24657216,0,0.5614715378714353
gi:24646073,gi:28573576,0,0.6311683693075156
gi:24643106,gi:24653385,0,0.5391343317884516
P08181,Q24564,0,0.6279965467573241
P53997,gi:17647979,0,0.50233968574518
gi:17137296,gi:19922464,0,0.49177062724238035
gi:24586562,gi:28574707,0,0.45898796009680887
gi:24583134,gi:24667089,0,0.6354597411748426
gi:24582065,gi:24659953,0,0.4202655980608344
P17886,gi:19922144,0,0.267893460126872
gi:24653350,gi:24663462,0,0.4279706649641216
O96827,P15330,0,0.45585091337191014
gi:18859735,gi:24581626,0,0.48312640796779815
Q9U6L5,gi:19921270,0,0.41287911449735154
Q9W123,gi:24642517,0,0.565658620238659
gi:19921232,gi:24639496,0,0.4646410512735613
gi:24585156,gi:28574726,0,0.410469549299487
gi:24650245,gi:24661864,0,0.5149329563553295
gi:19922564,gi:24582592,0,0.5572817075230933
gi:21358161,gi:28571356,0,0.3727970980553454
gi:17136698,gi:17647343,0,0.32325884529776755
O97125,gi:24651690,0,0.44435415471829753
O16797,Q9W2N0,0,0.6068927554637427
gi:24642808,gi:24650747,0,0.4897688342940638
gi:19922526,gi:24641578,0,0.4471291050419244
gi:24639548,gi:24653306,0,0.6568572580062182
gi:18543285,gi:24652930,0,0.43520149455847534
gi:21356337,gi:24639715,0,0.5691319721264029
P05205,gi:24649448,0,0.4894987738016977
P02517,gi:20129789,0,0.46071304365539706
gi:17137184,gi:20130049,0,0.43922343278108583
P92208,Q07152,0,0.5221886020003663
P14130,gi:18858055,0,0.48416814683721454
gi:19920584,gi:28558744,0,0.4768900580769451
Q9VQQ9,gi:24645581,0,0.4644418142224165
gi:18543283,gi:24661263,0,0.4864931102416472
gi:24643106,gi:24655121,0,0.2573556953960869
gi:17530817,gi:24659367,0,0.37283016396441243
gi:17137578,gi:24668563,0,0.41067013926406015
gi:17647581,gi:24654383,0,0.6576409380527388
gi:17137524,gi:24582096,0,0.40337211933042727
gi:18859825,gi:24581168,0,0.5576275712829376
Q8INW0,gi:28574660,0,0.5552254704266402
gi:24655121,gi:28573830,0,0.42311085525559716
gi:19922268,gi:21355383,0,0.5023915389395603
P07207,gi:24585079,0,0.40056223285926773
gi:19922670,gi:24643455,0,0.4963067009258925
gi:24642267,gi:24644057,0,0.5245542633092645
gi:17137398,gi:19922992,0,0.6032985739146463
gi:17647911,gi:24640672,0,0.22242496510523674
gi:21356061,gi:21357051,0,0.48323233023251916
P19889,gi:26080381,0,0.46583051100613876
Q94523,gi:24650606,0,0.4661648277227686
gi:19920876,gi:24644422,0,0.4905489244013497
gi:19921294,gi:24651111,0,0.4541826180016769
gi:19921802,gi:24581879,0,0.3684999288337951
gi:21357417,gi:24663332,0,0.42214146982537226
P42325,gi:17647891,0,0.5639402367930391
P20227,gi:24580927,0,0.4639391099314989
gi:21357145,gi:24643394,0,0.5266077276053815
P02828,gi:24644634,0,0.6058776690110426
gi:22026843,gi:24658342,0,0.4180865532384974
gi:17137488,gi:18859877,0,0.5109108038882718
gi:24643386,gi:24656859,0,0.5099735850780119
gi:21357495,gi:21357653,0,0.5696452644914398
O46309,gi:24658292,0,0.5513976917731169
gi:21356595,gi:28573467,0,0.4385357705877226
gi:24639649,gi:28574249,0,0.6263232125056225
gi:24642814,gi:24653595,0,0.514104185430251
P41073,gi:24641578,0,0.5125805850899923
gi:20130151,gi:28572043,0,0.5466709753346126
gi:24586297,gi:24641798,0,0.4706026576671748
gi:17647503,gi:24648294,0,0.4688627496984585
gi:21357037,gi:24641919,0,0.28927125047851043
gi:21357951,gi:24663802,0,0.37124664768961396
Q24133,gi:19921694,0,0.5510316646930288
gi:18859953,gi:24645011,0,0.6221841826803609
O16011,gi:28574529,0,0.5890853923658949
gi:17137398,gi:24638862,0,0.5777437471359705
Q24133,gi:24649579,0,0.529289764342938
Q8IGR0,gi:21357417,0,0.6086808504755647
gi:24645653,gi:28571515,0,0.5420118535031552
gi:24655228,gi:24655474,0,0.5586503800513686
P21461,P53501,0,0.5526965936981126
gi:24585353,gi:24654082,0,0.5351729326511959
P54733,gi:17137620,0,0.5071965088488455
gi:24644797,gi:28572036,0,0.650269862713237
Q9VG82,Q9VYR1,0,0.4964068996619074
gi:24661997,gi:24668338,0,0.487125382918099
gi:17136826,gi:24640119,0,0.47929070630547466
gi:24643050,gi:24644059,0,0.5235749236415141
gi:24649818,gi:24649976,0,0.33702772446562745
gi:24660002,gi:24663548,0,0.4265526948660655
gi:17647155,gi:19922294,0,0.5085395180655813
gi:18543265,gi:18857963,0,0.5631420004776657
gi:18543199,gi:24659170,0,0.4791522393949692
gi:24650248,gi:24659128,0,0.5251738057866412
O97067,gi:24653096,0,0.5155297249364255
gi:24644250,gi:24648592,0,0.5206203102724475
Q8SWT6,gi:24585488,0,0.5023254952766546
P08970,gi:19921466,0,0.46126283133538604
P45594,gi:24665583,0,0.504290920524784
O16797,P35415,0,0.5473076264649647
gi:24646827,gi:24653497,0,0.5131411355483831
gi:21356995,gi:24649735,0,0.4605158203580721
gi:24586371,gi:24651939,0,0.4302111568420453
gi:21355205,gi:24647143,0,0.43840410080764586
gi:24650435,gi:24667117,0,0.34647905271093754
gi:21358339,gi:24581686,0,0.5192022260080588
gi:24649158,gi:24658721,0,0.3826149944208709
P19109,gi:24658081,0,0.43220218305166325
gi:24648484,gi:24651926,0,0.4659457640598541
gi:19923044,gi:24640959,0,0.4928412484007008
gi:24584926,gi:24638718,0,0.5272360685006142
gi:24583827,gi:24659953,0,0.4990207524440236
gi:24643375,gi:28573563,0,0.27145567493849826
gi:21356595,gi:28574529,0,0.493886768127314
gi:24654782,gi:24667917,0,0.5733769158418555
P07181,gi:24650358,0,0.4654405087561856
gi:24658883,gi:28571341,0,0.4609923061558042
gi:17137386,gi:21356019,0,0.5210843589481214
P17704,gi:24657747,0,0.3187817162665238
Q9W2U9,gi:24642517,0,0.5207958763777608
gi:17136268,gi:24643822,0,0.4380121612005145
gi:20129227,gi:24645058,0,0.614973254550578
gi:19920472,gi:24580972,0,0.5681206304788667
gi:17136864,gi:24662518,0,0.3948067040460575
Q05201,gi:24585215,0,0.44765468664188035
gi:24640570,gi:24650311,0,0.4721836244555343
P23696,gi:24658714,0,0.418123071719533
gi:24638845,gi:24655044,0,0.5241449183511727
gi:24654441,gi:24663246,0,0.48540607484302056
gi:19922480,gi:24653966,0,0.5652843755432213
gi:24639021,gi:24665154,0,0.31740857336068085
Q94920,gi:26080381,0,0.5015566304876081
gi:24639782,gi:24639926,0,0.5301280223947633
gi:21357113,gi:24646436,0,0.442775333773677
gi:24653432,gi:24657747,0,0.35270920604349826
gi:21356967,gi:24585813,0,0.5174415491122676
gi:24583134,gi:24640435,0,0.5417182434145374
gi:19921570,gi:28573440,0,0.5085997712641104
gi:17137344,gi:24658721,0,0.5090766187509129
gi:20130261,gi:28573662,0,0.5225215607094303
P22807,gi:24581719,0,0.4757670126407551
gi:18543197,gi:28573761,0,0.549063793555757
gi:20130027,gi:24666524,0,0.518364299978281
gi:17136948,gi:19922640,0,0.5062722412440733
gi:24640817,gi:24655577,0,0.5562849599927818
Q9VCH4,gi:24651111,0,0.5185285712087112
gi:24648308,gi:28571176,0,0.5379866344262679
gi:21356265,gi:24651671,0,0.5004806412451793
P29310,gi:19920706,0,0.4696806994787673
gi:24654908,gi:24654934,0,0.38541407723524235
gi:17137586,gi:24585033,0,0.5105029680213773
gi:21357265,gi:24663462,0,0.4788852862076763
gi:21357009,gi:21357677,0,0.5243534878554361
P18502,gi:24650342,0,0.5970533938571421
gi:24641209,gi:24656849,0,0.42467927469718114
gi:24639571,gi:24653988,0,0.5891986146915162
gi:24663523,gi:24666096,0,0.5459470328487407
gi:18543289,gi:19921312,0,0.5134968244173503
gi:24640426,gi:24642765,0,0.5417407922598585
P48598,gi:24641302,0,0.5717321778647448
gi:21357109,gi:28573133,0,0.47295122242166826
gi:24643761,gi:24651265,0,0.5216181293134711
gi:19921030,gi:28571791,0,0.46506304762152295
gi:17737871,gi:24638845,0,0.4607092579237334
P54733,gi:24662650,0,0.46416652769752514
P46824,gi:21358101,0,0.5315471814029876
gi:19920746,gi:19922950,0,0.5101794264224961
gi:17864676,gi:17986155,0,0.6338536866665876
gi:24584043,gi:24649427,0,0.5374473879550341
gi:24585353,gi:24640430,0,0.4351695958547549
gi:24642301,gi:24651212,0,0.509066923141137
Q9VPS5,gi:17864256,0,0.46658024182825003
gi:21357113,gi:24640959,0,0.40938017141107574
P35220,gi:18858161,0,0.5638860633245399
gi:24662973,gi:28574472,0,0.30532853994002745
O44783,gi:28573278,0,0.41232727884407755
Q01069,gi:24646860,0,0.5018188612634312
gi:17738249,gi:20130399,0,0.5278248835056305
gi:24580731,gi:30923518,0,0.5058609988946393
gi:21356995,gi:24653459,0,0.5479823086274194
Q9W5Q2,gi:24640672,0,0.30309165978879293
gi:19921122,gi:24642547,0,0.549415409981593
P53501,gi:24663055,0,0.5508391494073624
gi:19922516,gi:21356221,0,0.5054586476867569
gi:21356157,gi:24583291,0,0.44798579025167135
gi:17352479,gi:24640248,0,0.46502893576799165
gi:19921638,gi:24654542,0,0.5128840412761888
gi:24643755,gi:24660188,0,0.49875251643743185
gi:24643118,gi:24664660,0,0.5455705792986764
gi:17647739,gi:24584828,0,0.5411351664921256
gi:19921250,gi:21357151,0,0.41565993592809763
gi:19921720,gi:24581901,0,0.4645650116285032
P82147,gi:24641831,0,0.49075458551295076
gi:24638750,gi:24652999,0,0.4645830540523545
gi:24586033,gi:24655850,0,0.4981309593146353
gi:17647653,gi:21355869,0,0.7523121128138228
gi:17737425,gi:24663861,0,0.4690486207015343
P16378,gi:28574385,0,0.5203620736941805
gi:21357817,gi:22024283,0,0.3978942149640756
P04814,gi:24656490,0,0.6267370520566252
gi:19922992,gi:24585303,0,0.4943881562046435
gi:17647581,gi:24586167,0,0.5764985983211155
gi:19922172,gi:24653856,0,0.5667281775959168
gi:17137188,gi:17737425,0,0.4319263323195722
gi:19922276,gi:24652386,0,0.5678423511771443
gi:17864452,gi:24656168,0,0.4432570343296086
Q9VQQ9,gi:24665469,0,0.5288098173967639
Q24253,gi:19920906,0,0.5439634340186258
P02824,gi:28571506,0,0.5302043671188945
gi:24580911,gi:28574675,0,0.48806157853165677
P19889,Q9VPS5,0,0.4951091971413517
gi:24582032,gi:28574303,0,0.49747930721417616
P08570,gi:22024114,0,0.4361533578728002
gi:19922020,gi:24644642,0,0.29749903787693016
Q8T0S6,gi:24655047,0,0.5941598877359909
P48607,gi:21356815,0,0.42652136213998
gi:21358515,gi:24582738,0,0.47189079408344975
gi:24650311,gi:24650346,0,0.3783256289414298
gi:21357543,gi:24585813,0,0.5171728016257263
gi:21355815,gi:24663462,0,0.5751157565599354
gi:20128797,gi:24655121,0,0.6087352826623658
gi:24641788,gi:28573466,0,0.2606983812935288
gi:24648896,gi:28574249,0,0.5780388994375534
gi:24643793,gi:24658940,0,0.4625153098726003
Q27350,gi:19921294,0,0.45062852934966696
gi:19921140,gi:24582960,0,0.509633161797747
gi:18859807,gi:24649164,0,0.5249029887558085
gi:24583929,gi:24639187,0,0.5800295204841783
gi:19921830,gi:24655741,0,0.5013667882871848
gi:17998687,gi:21358297,0,0.476973598842633
Q24260,gi:24666096,0,0.4251684505285472
P54358,gi:24663027,0,0.4209904718437326
gi:24645653,gi:28571823,0,0.5132966128574851
gi:21356001,gi:28571341,0,0.4465471124269062
gi:24584859,gi:24656486,0,0.5109297234113934
O96827,gi:18859685,0,0.4808221981011824
gi:18859889,gi:21355383,0,0.665533151169118
gi:24648198,gi:24657218,0,0.4845898258975292
gi:19921586,gi:24642882,0,0.41975359791997674
P13097,gi:24652897,0,0.5864167718679751
gi:24584017,gi:24657747,0,0.46059755667256796
gi:19920696,gi:24655187,0,0.45037001977752883
gi:24641261,gi:24661136,0,0.7076474586693776
P13238,gi:24653614,0,0.2740828376156028
gi:17137300,gi:24642367,0,0.5278532450307739
Q9U6L5,gi:24648461,0,0.45414920337935166
gi:24657747,gi:24660923,0,0.47425985696687367
Q9XYQ2,gi:21357017,0,0.49504344120729593
gi:19921600,gi:24658577,0,0.5003650221703911
gi:17137616,gi:21355125,0,0.6227146409958515
gi:24585795,gi:24667063,0,0.44496804218683816
P08570,gi:24666894,0,0.3898986177690281
gi:20129291,gi:24649395,0,0.6272569267085797
gi:24586237,gi:24653791,0,0.4904875386422073
gi:24584167,gi:24652112,0,0.5107936367281821
gi:24581826,gi:24650714,0,0.5930889084347547
Q07327,gi:24651625,0,0.475799028966198
gi:19921090,gi:28574757,0,0.5285836014486491
gi:24582846,gi:24762775,0,0.5092263575138241
gi:17933736,gi:24648207,0,0.3135170397900568
Q8INW0,gi:17136286,0,0.5749575319592048
P08879,P10083,0,0.5172868215082463
Q9V407,gi:24586562,0,0.5602174273157442
P49905,gi:21355717,0,0.5163873154579222
P17886,gi:19922676,0,0.5252742323144131
gi:17136732,gi:24583294,0,0.38381513320507893
gi:17136968,gi:24585635,0,0.52935642886269
gi:20130331,gi:24651028,0,0.4996400474316588
gi:24642794,gi:24642884,0,0.5711681757832332
gi:21355865,gi:21355869,0,0.50695049061661
gi:17864630,gi:24645011,0,0.5474356477914981
gi:21358569,gi:24583549,0,0.47686908420615737
gi:24648514,gi:24662048,0,0.6405445324633563
gi:20128797,gi:20130007,0,0.6472697449087231
gi:24640233,gi:24655187,0,0.3891820255802104
gi:24652101,gi:24663336,0,0.37002105041320316
Q9V8K2,gi:18543205,0,0.4795299895669355
gi:17986155,gi:24648484,0,0.6001519450534124
P20241,gi:24580513,0,0.5416313252036656
gi:18859713,gi:21357369,0,0.6284376331851442
gi:20130377,gi:23397621,0,0.4452768552247385
gi:24646039,gi:28572997,0,0.4745168638352018
gi:20128885,gi:24663228,0,0.5940019245763922
gi:24580597,gi:24651203,0,0.5572513890074845
gi:24641593,gi:24642261,0,0.5563202832409828
gi:24646972,gi:24651939,0,0.5312823016296669
gi:24648294,gi:24649214,0,0.5136629952869671
gi:17864622,gi:19921672,0,0.4796338836001634
gi:21357653,gi:24585242,0,0.559288084107465
gi:24640534,gi:24659272,0,0.531512854962241
Q9VGX3,gi:24652682,0,0.5058064298989142
gi:21357127,gi:24664199,0,0.5335315707416971
gi:24649059,gi:24762594,0,0.48021330267631324
gi:20129451,gi:24582643,0,0.396201753255365
gi:21357313,gi:24585029,0,0.3664011609037843
gi:17136506,gi:24639248,0,0.5438534436770952
gi:24652131,gi:30923613,0,0.5563304524051511
Q9VUJ0,gi:28573850,0,0.5439292797134364
Q960T2,gi:24581467,0,0.487573070223423
Q01842,gi:20130175,0,0.5742512983861051
gi:20128797,gi:21355865,0,0.6287965103687141
P17886,gi:20130399,0,0.479200679471042
gi:19920386,gi:24583061,0,0.4831949664760066
gi:24639837,gi:24661140,0,0.489714709823337
gi:19921294,gi:24644739,0,0.5693209488210145
gi:21357761,gi:28572963,0,0.5545413366609035
Q23985,gi:24645538,0,0.5396860155787377
gi:17647581,gi:24648173,0,0.7166944847044661
gi:24585240,gi:24660416,0,0.5042430624773441
gi:24580674,gi:24640119,0,0.4850475297681675
gi:24642517,gi:24647942,0,0.4172404406356675
gi:21357867,gi:24640591,0,0.5095176426570786
O77263,gi:24650054,0,0.38368854007900005
gi:17647503,gi:24644513,0,0.5012374476008569
gi:21356743,gi:24657182,0,0.48940203402485505
gi:19922206,gi:21357833,0,0.5117128829233027
gi:24640817,gi:24649158,0,0.4668729050994282
gi:20128841,gi:24642662,0,0.42450034038613643
gi:17737425,gi:21357669,0,0.6175778084453775
gi:24584835,gi:24666894,0,0.5915322036545398
gi:19920688,gi:24656486,0,0.3673990947072733
P20432,gi:24647369,0,0.47830513500726524
gi:19922686,gi:21357853,0,0.5746609553291017
P04197,Q24266,0,0.4054830366851623
gi:24650124,gi:24665469,0,0.4525304661236456
gi:24645446,gi:24647143,0,0.42742747417802224
P42287,gi:19920682,0,0.4543477334772347
gi:17136854,gi:24580949,0,0.4340440373897677
P48603,gi:24644797,0,0.4880084315029236
gi:24659901,gi:24664029,0,0.34586235604166726
gi:21356069,gi:24664675,0,0.5375572164937178
gi:17137572,gi:24659997,0,0.6388696009105282
O44424,gi:24585132,0,0.509852171877749
O18404,gi:28574516,0,0.441119779041577
gi:21356815,gi:24657023,0,0.41634196278260144
gi:24651799,gi:24652624,0,0.490631192355017
P35676,gi:24652652,0,0.35618094476066425
gi:24584219,gi:24640798,0,0.48247908226137176
gi:21357483,gi:24581572,0,0.15487591560262465
gi:24647137,gi:24666694,0,0.16328364587091487
gi:21357145,gi:24655170,0,0.3704594913749521
gi:17136820,gi:24652733,0,0.49912119976705477
gi:24651111,gi:24664191,0,0.36956324480876807
gi:24639936,gi:24642214,0,0.40792897098827235
gi:24583607,gi:24654595,0,0.5239162208706739
Q9VG96,gi:24663027,0,0.37742772470193436
gi:17136732,gi:24583803,0,0.37548424931601737
gi:24582065,gi:28571623,0,0.5896345182321043
gi:24668642,gi:28574406,0,0.4752119478591421
gi:24653385,gi:24663802,0,0.33119098321399176
gi:17137168,gi:18858069,0,0.5025038246009872
gi:19921672,gi:24666303,0,0.4112155126769098
Q8INW0,gi:21355625,0,0.5031683087020457
gi:24584167,gi:24649164,0,0.39225766416199426
gi:24638872,gi:24656759,0,0.5205485252446608
gi:21356475,gi:24641014,0,0.509311077235667
gi:17137616,gi:24639917,0,0.4285454699591176
gi:21356031,gi:24415388,0,0.44235382481165625
Q9W5R8,gi:19921856,0,0.4793040091560802
gi:23397623,gi:24665958,0,0.5011080120174264
gi:19921976,gi:24642543,0,0.45463223840043704
gi:17864318,gi:24584547,0,0.6615414285068287
P19538,gi:24650168,0,0.5363493363937107
gi:24762781,gi:28573893,0,0.5624034893661256
Q24246,gi:21358109,0,0.48350438607967894
gi:21355521,gi:24639124,0,0.5138655779708988
gi:19920984,gi:24638845,0,0.5951661466824395
gi:21356995,gi:24645830,0,0.4400721265603229
gi:24640798,gi:24640826,0,0.4009710001089093
P54357,Q24253,0,0.5428887911154043
gi:21355535,gi:28574468,0,0.41072392535649777
O97420,gi:21355553,0,0.348293823261628
gi:17933570,gi:24638644,0,0.5195788438726158
gi:24583332,gi:24642517,0,0.4408629120393746
gi:24656966,gi:24664004,0,0.4376625282348621
gi:21357455,gi:24654383,0,0.5795697534748402
Q961V5,gi:24648905,0,0.5263493675133326
Q8ST83,gi:19921710,0,0.5396835857746899
gi:24581873,gi:24640817,0,0.40395544116436877
gi:24640170,gi:24647850,0,0.5581111807672553
Q9VGX3,gi:17137452,0,0.5450737241991147
gi:17647523,gi:21355331,0,0.5756941215135466
gi:24582094,gi:24648484,0,0.4551030771531694
Q9V3S0,gi:19922640,0,0.4747431525464624
gi:17137760,gi:24584547,0,0.567338293007818
gi:24644086,gi:24663511,0,0.4565084267625275
gi:19922516,gi:24643761,0,0.5902539002043029
gi:24580986,gi:24585236,0,0.500167314161584
gi:24583929,gi:24640527,0,0.4559067663084842
gi:21356265,gi:24582096,0,0.5394052816098301
gi:23397598,gi:24652652,0,0.5149352932034951
O76908,gi:24650924,0,0.563592449316442
P13607,gi:21358569,0,0.36568128181268067
gi:24643915,gi:24654441,0,0.49858411356547594
gi:24639812,gi:24647508,0,0.7571293666444583
P48149,gi:24640430,0,0.5552791046865113
Q8T0S6,gi:24645216,0,0.5478758646437802
gi:24654828,gi:24762424,0,0.514791622034932
gi:21357369,gi:24653350,0,0.4746316080934951
gi:18858161,gi:19921250,0,0.4387703673956977
Q9VSS2,gi:20130269,0,0.4408811139602605
gi:17137298,gi:28571445,0,0.5221373075357258
Q24297,gi:21355869,0,0.6664024566812341
gi:20129999,gi:24585384,0,0.4427540748443019
gi:21357265,gi:24648828,0,0.5887019770934296
P08928,P36241,0,0.7379620251723907
gi:24638625,gi:24644714,0,0.47338537165978656
gi:24638982,gi:24647137,0,0.45479749247921664
gi:24649389,gi:28574635,0,0.5471830122858619
gi:19920922,gi:24645951,0,0.5439211012677488
gi:20128999,gi:24666894,0,0.5218428743166459
gi:24639272,gi:28571526,0,0.4883885685047486
gi:17737425,gi:24582672,0,0.5247684632314147
gi:24647727,gi:28574939,0,0.4221190745350672
gi:19921710,gi:24650660,0,0.5259316800676918
gi:19922166,gi:28573999,0,0.6473317434752494
gi:24586133,gi:24639837,0,0.5247957922741734
P82910,gi:21357275,0,0.463103670878688
gi:24586562,gi:24645902,0,0.46852851256187944
gi:21357113,gi:24643729,0,0.5543036122985882
Q8INW0,gi:24646410,0,0.6787960666754178
gi:21356995,gi:28572057,0,0.4329207335144436
gi:24643879,gi:24647885,0,0.4514027624731341
gi:20129347,gi:24663344,0,0.459708222174493
gi:19921950,gi:20130425,0,0.34760141540335293
gi:24656574,gi:28571955,0,0.47216744502348745
gi:24581572,gi:24582188,0,0.5242328725523168
gi:21357711,gi:28574675,0,0.49469363528916876
gi:24639657,gi:28574009,0,0.4892989594275035
gi:20129433,gi:24645745,0,0.4438275394559183
gi:24584804,gi:28573604,0,0.4675020461945299
gi:21357837,gi:24646827,0,0.518089084515774
gi:17136948,gi:24655170,0,0.5459717511637033
P22700,gi:22026877,0,0.4801771688110282
gi:24647113,gi:24650609,0,0.4247478064950159
O01346,O46099,0,0.46821175769807716
gi:24648776,gi:24654595,0,0.49305969006588835
gi:24647143,gi:24664652,0,0.46475731539703735
gi:20129835,gi:24639187,0,0.5151601998892966
P17205,Q05856,0,0.6845443837395653
gi:21356727,gi:24648776,0,0.6139278917395208
P07183,gi:19922300,0,0.5212099590443955
gi:19922106,gi:24580817,0,0.513488218282901
gi:24652733,gi:24653084,0,0.5217809705895499
P48149,gi:24646318,0,0.5732078324883197
gi:19921122,gi:24649236,0,0.5153797699156417
gi:17998687,gi:24649164,0,0.4336477123589046
gi:18543285,gi:24583894,0,0.5195252089781436
Q960T2,gi:21358103,0,0.4958227141358137
gi:24583965,gi:24653385,0,0.4996160071144018
P13097,gi:24648401,0,0.46491491184034806
gi:24584835,gi:28574692,0,0.5729067072614927
Q24475,gi:24647897,0,0.92222471997498
P07187,gi:21356337,0,0.5182296241216792
gi:24583474,gi:24642021,0,0.40596016128217177
P08182,gi:28573310,0,0.4338333982747489
gi:21356797,gi:21358247,0,0.5711557810700318
gi:24639687,gi:24646312,0,0.5557393412823061
gi:21356031,gi:24654383,0,0.6134278934715848
gi:24581662,gi:24648069,0,0.5076917864510074
gi:24645921,gi:24650658,0,0.5730946064486862
gi:24581407,gi:24641493,0,0.4688326434562206
gi:24642884,gi:24656168,0,0.49624367448151313
gi:17137168,gi:24639727,0,0.44110295720106535
gi:24641434,gi:24647123,0,0.5646416745394163
gi:19922620,gi:24643937,0,0.5730024841237898
Q9U3Y5,gi:24662155,0,0.5815704688187505
gi:21355507,gi:28573926,0,0.4182060570430506
P39736,gi:24641561,0,0.4440732130082351
gi:24649473,gi:24654854,0,0.4846208494576383
gi:21357653,gi:24662356,0,0.42113059951685294
gi:24644293,gi:24663352,0,0.44413483567373063
gi:17137648,gi:21357753,0,0.5078597013991172
Q23985,gi:24665132,0,0.48663427765273254
gi:24653856,gi:24668824,0,0.5391389738827855
O18373,gi:18858117,0,0.4180992731879894
gi:21355757,gi:24651265,0,0.41691313628938215
gi:24640430,gi:24649312,0,0.5247704228334803
gi:24582306,gi:24648917,0,0.44618172862171146
gi:17137220,gi:19921114,0,0.47327624873988494
gi:21357817,gi:24645177,0,0.5298971031244134
gi:24642728,gi:24644250,0,0.44962697740782187
Q24255,gi:24649689,0,0.41070303165890054
gi:19921238,gi:28574726,0,0.44843740639690166
gi:24651265,gi:28571865,0,0.3357236797720847
gi:17137696,gi:24664967,0,0.504545048621514
gi:24642922,gi:24643250,0,0.3849517657306778
P36241,gi:24667322,0,0.6612820710123302
gi:20129879,gi:28574582,0,0.6488239637066453
O97420,P38979,0,0.3351448881959966
gi:20128797,gi:21357817,0,0.651398524225506
P48605,Q9V447,0,0.4364808496491815
gi:24585282,gi:24585335,0,0.4646083702920926
gi:24582319,gi:24583419,0,0.46934399222372464
P11147,Q960T2,0,0.49932529576526247
gi:19920906,gi:24663043,0,0.5009351379855543
gi:18859991,gi:28571412,0,0.4746785500453952
gi:24649473,gi:24658342,0,0.4214966685843534
gi:24646524,gi:28571356,0,0.5770177913782062
gi:21358247,gi:24652101,0,0.30799305699633583
gi:21955276,gi:24585618,0,0.471609404582841
gi:21356743,gi:22026880,0,0.5051730227538539
Q24564,gi:21357047,0,0.5057663074534616
gi:24640672,gi:24643497,0,0.4189356848523676
Q9W2B1,gi:24657782,0,0.6000180276702005
gi:19920676,gi:24658086,0,0.5416206118581777
gi:24649768,gi:24657052,0,0.4947810286991814
gi:20129347,gi:24646782,0,0.5716165906267621
gi:17648021,gi:21357761,0,0.5635241157240719
gi:21357653,gi:24582611,0,0.5412433426084376
P17276,gi:24665008,0,0.5431507329290466
gi:21687092,gi:24650937,0,0.4926602488265926
gi:24642662,gi:24648461,0,0.5352890118690217
P40427,gi:24648592,0,0.41895138465336673
gi:18543293,gi:28574286,0,0.49345925598103124
gi:17136968,gi:17864264,0,0.48700622535782717
Q9VVN2,gi:24645476,0,0.48729635319380077
gi:17864576,gi:28573125,0,0.4156851926395584
gi:17647581,gi:24580672,0,0.4679991902047035
gi:18859635,gi:21357023,0,0.5618703128343193
gi:17137146,gi:17647343,0,0.5046951446849018
Q23983,gi:24581901,0,0.5162199051661275
gi:24653057,gi:24665661,0,0.40888255638512894
gi:20130007,gi:24649236,0,0.49707405932112414
Q9VD25,gi:18543215,0,0.5302221148416721
gi:20130247,gi:28574249,0,0.5637213695801491
Q9V5C6,gi:24584219,0,0.6130946347129393
P50887,gi:24653459,0,0.46228929077118613
P13060,gi:24647897,0,0.37715727333363774
gi:18543291,gi:28574876,0,0.52216505575332
gi:24652834,gi:28574009,0,0.4915227931253725
gi:24649820,gi:28572036,0,0.43192768270271453
gi:24648294,gi:24658940,0,0.39904463854866024
gi:19920746,gi:24650009,0,0.5238398016177441
gi:19920874,gi:21356743,0,0.4829726734832387
gi:21357113,gi:24643110,0,0.5543887178437794
gi:24649214,gi:28571678,0,0.48112720338254034
gi:24646212,gi:24655187,0,0.4657755769291014
gi:24639383,gi:24665193,0,0.5219684816529847
gi:21356965,gi:24663556,0,0.5483453844405024
O16797,gi:18858205,0,0.5085606844667802
gi:19922546,gi:24585313,0,0.5436688375213079
gi:17136588,gi:24665583,0,0.33127154429371125
gi:19922992,gi:24667285,0,0.5040140184347229
gi:21357677,gi:24643474,0,0.5960924857269169
gi:21357017,gi:24663861,0,0.5675919421470116
gi:24643761,gi:24657743,0,0.5808796925107637
gi:24583134,gi:24642601,0,0.4123981202335649
Q9U1M2,gi:24644145,0,0.5353069982959463
gi:24651203,gi:24661166,0,0.521856820873734
gi:24639657,gi:24648198,0,0.5486539959185696
gi:18857967,gi:24639299,0,0.45231173575472683
gi:17648123,gi:24663657,0,0.4356132881692222
gi:17137270,gi:17137616,0,0.6256189615299086
gi:24655786,gi:24668321,0,0.4317441826965165
gi:24645883,gi:24666997,0,0.561134124473362
P02516,gi:24654843,0,0.4258512975257132
gi:18858137,gi:24642484,0,0.43541764814636147
gi:24581719,gi:24664458,0,0.4471901828290042
gi:24581879,gi:24663802,0,0.30536588584264984
gi:19922196,gi:24640599,0,0.4451577827644699
P23938,gi:28574385,0,0.5038438857418218
gi:17864566,gi:24663523,0,0.47440976843189075
P18491,gi:24640353,0,0.46722823526534557
Q9V676,gi:21355799,0,0.48579811258852995
Q02361,gi:20130261,0,0.45241361774571415
gi:21687092,gi:24659451,0,0.3074525755834551
Q9VGX3,gi:24650342,0,0.14022525786364046
P40320,gi:24584913,0,0.44292540697984906
gi:19920696,gi:21355869,0,0.5224749278673183
gi:21357761,gi:24582182,0,0.5497063503125811
P15372,gi:28574939,0,0.5801198480024542
gi:24656938,gi:24663664,0,0.4269539228201716
gi:17738243,gi:28573276,0,0.49737644522538144
gi:18859825,gi:24645182,0,0.5622016547862957
gi:24653084,gi:24657367,0,0.4911462154078924
Q04787,gi:28574555,0,0.46242371012761063
Q9VJV9,gi:28574406,0,0.5484993943676302
P35415,gi:24648433,0,0.5026231217006883
P31009,gi:21356995,0,0.510046726602503
Q8INW0,gi:24641689,0,0.5267779956106893
gi:24639782,gi:24660923,0,0.43067258164748784
gi:24644349,gi:24659451,0,0.44527065300785806
gi:24646318,gi:24658772,0,0.4854973367382795
gi:24658772,gi:28571445,0,0.4986976941880742
P02518,gi:24654471,0,0.4467457516182691
P13008,gi:24644242,0,0.5414721343099725
gi:21357439,gi:24658940,0,0.4876818458967279
gi:17137696,gi:20130425,0,0.4423859719021902
gi:24583474,gi:24661662,0,0.4986479147194848
Q24564,gi:24762367,0,0.5786911435110145
P41093,gi:24582846,0,0.46347840451867184
gi:24641168,gi:24652842,0,0.4965894300834626
Q9VRM7,gi:19920728,0,0.4332078998575263
P19538,gi:19922516,0,0.5086882768519492
gi:21355785,gi:24663348,0,0.4411740795228856
gi:24643447,gi:24645883,0,0.45905802473813057
gi:17137454,gi:24649221,0,0.45186464901798096
O18388,gi:21357211,0,0.4393097687507799
P00034,gi:28573291,0,0.5591842271227513
Q9U405,gi:20129347,0,0.41898232254127354
O18640,gi:17647891,0,0.4960568756309458
gi:24585715,gi:24655228,0,0.48394580801144355
Q27350,gi:24639885,0,0.43314171909339005
gi:17864210,gi:24644739,0,0.5659294446763888
gi:17998687,gi:24656808,0,0.39756852488960936
gi:24643755,gi:24667117,0,0.4370538776376877
P07666,gi:24585730,0,0.4783376136178844
gi:24641085,gi:24650634,0,0.5739280424821941
gi:24651179,gi:24762491,0,0.43091200119410866
gi:24646485,gi:28574364,0,0.5378744145662246
Q94981,gi:24646737,0,0.5893601845621746
P10041,Q8MSF5,0,0.5501586925336059
P82910,gi:24642301,0,0.4892681806563666
gi:21357841,gi:28573717,0,0.35810681710632297
gi:24642664,gi:24647430,0,0.48155969184365505
gi:17137452,gi:24641921,0,0.3853882323164479
gi:17647723,gi:28573576,0,0.5813701233939708
gi:19921340,gi:24660826,0,0.5474848600640284
gi:17137692,gi:24641673,0,0.5675669054643657
P07666,P11147,0,0.5077753908305157
gi:18859791,gi:24657019,0,0.4805332636708345
gi:24586270,gi:24644677,0,0.25314659174909176
gi:24647685,gi:24666762,0,0.6081497669952421
gi:19920866,gi:24642214,0,0.5857414042227801
P13395,gi:24661759,0,0.5044664268256183
gi:21355279,gi:24656431,0,0.4470784966193339
gi:24643118,gi:24650311,0,0.6210712029591505
P48598,gi:21355909,0,0.5107194365197637
gi:21358059,gi:24656938,0,0.6025726936027936
P15330,gi:17136258,0,0.5442997712107636
gi:21356019,gi:21356121,0,0.3969016906558405
gi:18543285,gi:24762363,0,0.41605262728642
O96860,gi:20129011,0,0.4942087724573205
gi:17137712,gi:24663304,0,0.3455497617442688
gi:24580564,gi:24642021,0,0.41128730286041437
gi:24645148,gi:28573512,0,0.4660394780769575
gi:21356815,gi:23397524,0,0.47861913796548744
Q9V5Z7,gi:24665132,0,0.4682816649261116
gi:17136568,gi:24650348,0,0.4393148198469815
gi:18921139,gi:21355719,0,0.5214557623854047
gi:24640867,gi:24643447,0,0.47495159345899113
O44424,P35600,0,0.565641456683708
gi:21357163,gi:24655751,0,0.48549598638141783
Q9VYD7,gi:28571447,0,0.3963811781860078
gi:21357275,gi:24584527,0,0.44520232846897634
gi:24650208,gi:24666886,0,0.5748811759292217
gi:24661826,gi:24665078,0,0.3725880298680885
gi:24642561,gi:24653350,0,0.4969097167890049
gi:24650265,gi:24657019,0,0.5730244882516803
gi:24647597,gi:24655393,0,0.4813728363407203
gi:19921082,gi:28571216,0,0.46783437716413606
Q9W2B1,gi:24640119,0,0.555385810648792
gi:24582032,gi:24663336,0,0.3757522878705946
Q8SWT6,gi:17136854,0,0.45506513671089555
gi:21356581,gi:24656644,0,0.45931637625065463
gi:18543299,gi:18859711,0,0.5380859362641753
gi:24646724,gi:28571341,0,0.5165351940238492
gi:21356475,gi:24580817,0,0.5884545855788837
gi:24581719,gi:24649214,0,0.5054614899030685
P20432,gi:24655741,0,0.4350499101225528
gi:24639711,gi:28574875,0,0.4439239030703069
gi:19920546,gi:24659829,0,0.4383062543971235
gi:17137386,gi:19922138,0,0.4833544732985963
gi:21357105,gi:24661428,0,0.5286802713094985
gi:21355163,gi:28574529,0,0.6907251708004334
gi:19923048,gi:28573563,0,0.46630385708812405
gi:24582879,gi:24648257,0,0.549468838043796
Q24117,gi:20129603,0,0.49640518625294394
gi:24642799,gi:24645509,0,0.45991236780209693
gi:19922624,gi:24642400,0,0.5395384042553845
Q9VU02,gi:24665821,0,0.41825040471438096
P02834,gi:24640719,0,0.270933587702928
gi:24639187,gi:24649564,0,0.5495505020422725
gi:20130345,gi:28574383,0,0.5022510426264352
gi:24639715,gi:24656026,0,0.4790196324134807
O18404,gi:24639124,0,0.4793477607140404
gi:24585245,gi:24658772,0,0.5412604211192023
gi:24644242,gi:24655034,0,0.506801490895521
gi:19920866,gi:19921932,0,0.5680841390620182
P48149,Q24404,0,0.4774245113828013
gi:17647945,gi:28573310,0,0.48704880242189996
gi:24583332,gi:24647789,0,0.49192119243988675
gi:24655474,gi:28571660,0,0.5420873781731773
gi:20129291,gi:24415388,0,0.4655692883711714
gi:24644398,gi:28574153,0,0.4433485899333218
gi:21357643,gi:24667917,0,0.44681637721158485
gi:19921648,gi:28573597,0,0.43114247915357723
gi:18857983,gi:24641980,0,0.41490888336762066
gi:24644626,gi:24649025,0,0.5151701160146508
gi:24668103,gi:28573729,0,0.46020543802058395
gi:21356987,gi:21357455,0,0.6394493649057519
gi:18860011,gi:24650929,0,0.4663211870952468
gi:24649646,gi:24658435,0,0.3658427233824173
P00528,gi:24586240,0,0.4743066283253375
gi:21356453,gi:24651641,0,0.5211411877441131
gi:21355815,gi:24583061,0,0.5794569931709842
gi:24644791,gi:24665331,0,0.3904746057909914
Q9VDS6,gi:18543301,0,0.5428556826744869
gi:24582439,gi:24585767,0,0.49424082508147704
gi:21687092,gi:24649834,0,0.6099876912499665
gi:24650074,gi:28571947,0,0.4868983500997571
O96860,gi:21357211,0,0.431036399834824
gi:24646369,gi:24666323,0,0.46716391676596114
Q9VES1,gi:24582306,0,0.584647742932904
Q9VMW8,gi:19922166,0,0.41870059237054646
gi:19921028,gi:24667117,0,0.3646420808895362
gi:19922620,gi:24649236,0,0.6368599188978558
P13008,gi:24643312,0,0.4907673859317495
gi:24583294,gi:24667059,0,0.48327150588327933
P49847,gi:19922798,0,0.5296729076812186
gi:24645177,gi:28572036,0,0.45222931013490375
gi:17136948,gi:24586562,0,0.43693060873619916
gi:19920406,gi:24654209,0,0.45566336625187914
Q24180,gi:28573598,0,0.5347299326892422
P91928,gi:18921139,0,0.4382560107808557
P00528,Q9W123,0,0.5202464618734848
gi:24583264,gi:24647263,0,0.49933860674438363
Q24093,gi:24647823,0,0.44796485218209187
O01382,gi:24580712,0,0.46687949088139663
gi:21355443,gi:21357495,0,0.49596705779704137
gi:24585154,gi:28558748,0,0.4266411318640326
P00528,gi:24663481,0,0.3730375508337931
gi:17737533,gi:28574706,0,0.562872774324023
P45594,gi:24585013,0,0.5250433838777615
gi:24655577,gi:28573466,0,0.47059276397507355
O18405,gi:24648826,0,0.6375909210505487
gi:21687233,gi:24645421,0,0.4165820641245868
gi:24654325,gi:30923711,0,0.5646663660035741
gi:19921122,gi:24644119,0,0.52371771982778
gi:24641068,gi:24662914,0,0.45787050763017273
O77260,P27091,0,0.49144631001024486
P28159,gi:24668563,0,0.4099903350522093
gi:17136646,gi:21356995,0,0.6076693011297365
Q9VSS2,gi:24642543,0,0.5546954317921776
P07181,gi:24649158,0,0.3706880078100988
gi:19922144,gi:24643476,0,0.354906388353488
gi:24582746,gi:24662431,0,0.5279434358690452
gi:20129423,gi:21357113,0,0.49019332810599087
gi:21356361,gi:24644214,0,0.48760162566955884
gi:24646827,gi:24654325,0,0.5761623999623692
gi:24584030,gi:30923530,0,0.48672970942830135
gi:24642214,gi:24663889,0,0.4989723604254941
P13008,P42325,0,0.5254054472631635
gi:24646001,gi:24663523,0,0.43014117188577894
gi:24581686,gi:24648101,0,0.5867946593425952
gi:24640042,gi:24649994,0,0.40953687913613973
gi:17137220,gi:24648858,0,0.4751696242081488
P19538,Q03017,0,0.5084131788458781
gi:22026880,gi:24640853,0,0.49682236149403697
gi:18859765,gi:24657782,0,0.491134266818826
P17276,gi:24657185,0,0.49968734355100974
P42207,gi:24645921,0,0.6335768360879629
gi:19921028,gi:24650420,0,0.5105646615978258
P29310,gi:24646899,0,0.557404867057255
Q9VQQ9,gi:21357163,0,0.5593470034982164
gi:24639414,gi:24642263,0,0.5099859598116947
gi:28571108,gi:30923711,0,0.446919980047355
P49905,gi:24646498,0,0.47512718558809064
O76908,gi:24583474,0,0.5529329026683887
P08099,gi:21355917,0,0.3976345447615586
gi:21357417,gi:24659451,0,0.5619450902976376
gi:21357483,gi:24646039,0,0.5740007983680936
gi:17864566,gi:28571678,0,0.4876401168930696
gi:17864630,gi:24648643,0,0.519269343081907
Q24251,gi:24640007,0,0.5098390957092404
Q8T053,gi:24583947,0,0.4973577900545464
gi:24651671,gi:28573830,0,0.46773615729794993
P54350,gi:24651303,0,0.5009668779645108
P00528,gi:17864460,0,0.5076128961162264
Q9VGI8,gi:24639222,0,0.5358631991076953
gi:17136920,gi:28574860,0,0.423100515382562
P18502,gi:21355123,0,0.5315860930681223
gi:24640119,gi:24654078,0,0.45539844944361046
gi:24639299,gi:24657732,0,0.3722773113942822
gi:21358101,gi:24652930,0,0.4053460404693091
gi:17530825,gi:24664652,0,0.5113768272769156
P50887,Q9VRL2,0,0.43551818400912423
gi:19921306,gi:24581838,0,0.47588073127059094
gi:18859671,gi:24582006,0,0.49249621643185004
gi:24584046,gi:28558744,0,0.45827659894570916
gi:19921112,gi:28571762,0,0.4208796666633851
gi:24655341,gi:24663481,0,0.3895165253182917
gi:24585353,gi:24663011,0,0.35962881965430116
gi:18859833,gi:24641129,0,0.687575094397528
Q9V597,gi:19921710,0,0.5030058490892283
gi:17137008,gi:24652652,0,0.4193538410648367
gi:24762726,gi:28571515,0,0.386837895254537
gi:24649755,gi:24664199,0,0.5221005791623122
gi:19921482,gi:24650747,0,0.4993615205663082
gi:24643831,gi:24656267,0,0.5519042512478773
gi:24658492,gi:24664199,0,0.48092822137237684
gi:21356061,gi:24582219,0,0.48533091965660885
Q9VSS2,gi:17137764,0,0.4877094479593031
gi:24581320,gi:24584798,0,0.4025701957862275
gi:24639301,gi:24649025,0,0.19532630344155422
gi:19922620,gi:24639124,0,0.41408395319432095
gi:24648289,gi:28574472,0,0.5422652438880401
gi:24644250,gi:24651265,0,0.43290919591603666
gi:21355441,gi:24580815,0,0.5531527006539498
P08985,gi:24639988,0,0.5464483867439967
gi:17647723,gi:24649200,0,0.5244735865755823
P82295,gi:24651238,0,0.5001114884714651
P39572,gi:24642021,0,0.5521965024668225
gi:24662048,gi:24665132,0,0.7958789649861855
gi:24640005,gi:24658940,0,0.518029378996988
gi:24584782,gi:24639208,0,0.37674818101059293
gi:20128863,gi:28574707,0,0.4325121461756855
P29413,gi:24639869,0,0.7283641386790702
Q24564,gi:28571965,0,0.37061579057396815
Q24400,gi:21357371,0,0.5002658131180481
gi:21355643,gi:24646593,0,0.42989598885204294
P48554,gi:24645053,0,0.411624288345391
gi:21356695,gi:24667722,0,0.5887569215221653
P07181,gi:24649262,0,0.6291821552726748
P20227,gi:24644797,0,0.6288607346886294
gi:17136934,gi:18859929,0,0.5545609187703677
gi:24651313,gi:24652344,0,0.5116433191283948
gi:24663462,gi:28573310,0,0.5017376772020686
gi:24649345,gi:24658721,0,0.5790527594831859
gi:21358161,gi:21687092,0,0.273556400397809
gi:20129961,gi:24652999,0,0.43934189729655954
gi:21355715,gi:24654769,0,0.5431921147932508
P49906,gi:20129793,0,0.5334102725964976
P11147,gi:20130425,0,0.45686197496707903
gi:24660176,gi:28571762,0,0.5250325756685172
P39572,P51123,0,0.46543270941278436
gi:24649214,gi:28573467,0,0.45017114521591656
gi:20130281,gi:24581168,0,0.41525884331681384
gi:24654441,gi:24657590,0,0.42931857682538027
gi:24580815,gi:24646593,0,0.5394437902679499
gi:24649175,gi:24652733,0,0.5333556566479345
gi:24580765,gi:24653912,0,0.4789575411551778
P18459,gi:17864228,0,0.5154182807939943
gi:19922196,gi:21355553,0,0.5373724710990863
gi:19921002,gi:24586270,0,0.36189452601607464
gi:21357145,gi:28573644,0,0.5172460462076827
gi:24638774,gi:28573799,0,0.45637084504725434
gi:19920586,gi:21356913,0,0.5318986602453911
gi:21355937,gi:24652652,0,0.45909573686606503
P46461,Q24564,0,0.5672151385687698
gi:20130261,gi:24642794,0,0.5313015878223014
gi:24645216,gi:24646207,0,0.5255754004276845
gi:17737881,gi:18860537,0,0.3908408996974421
gi:24584906,gi:24649202,0,0.524892798543815
P35676,gi:28573368,0,0.494271212757246
gi:24653933,gi:24666323,0,0.5605031970370172
P50882,Q9W1K5,0,0.46788961903792925
Q9W5R8,gi:21355125,0,0.5530726940443591
gi:20129835,gi:21357113,0,0.4179497875147742
Q9VSJ8,gi:24586383,0,0.47452686575250047
P48451,gi:19922144,0,0.34925283613137675
P51023,gi:24651703,0,0.5076761210771149
gi:24645002,gi:28573879,0,0.32325206417581187
O44783,gi:24651671,0,0.526032522119034
gi:24640817,gi:24646434,0,0.45853717767024166
gi:24582532,gi:24651564,0,0.4263927532301044
gi:24654341,gi:24762726,0,0.49185942139903516
gi:24585245,gi:24639885,0,0.48139485739156346
P15372,gi:20129563,0,0.5182489838230963
gi:17136820,gi:20129067,0,0.5168713946608893
O46341,gi:19922794,0,0.4774059604382925
gi:18859859,gi:24658772,0,0.43837706223704115
P50887,gi:24585618,0,0.5557212862342246
gi:22024201,gi:24580731,0,0.5016869179118464
P23792,gi:24640342,0,0.334813057830383
gi:18859635,gi:24665958,0,0.3186529934379516
gi:24646420,gi:24646860,0,0.5770183089017891
gi:24582757,gi:24663246,0,0.5665663084156757
P54733,Q01071,0,0.39006146744549386
P13468,gi:24656959,0,0.4852638377508073
P06607,gi:24645053,0,0.44885510871337064
gi:24585552,gi:24656644,0,0.4580963978670447
P17276,Q9V3P0,0,0.544066830963878
P12982,gi:18859973,0,0.5049567240337625
gi:20129859,gi:24646827,0,0.5428485653092114
P81909,gi:28574581,0,0.5568549162650126
gi:24639715,gi:24652930,0,0.550090632162612
gi:24582516,gi:24651688,0,0.48888210013241706
P07487,gi:24645011,0,0.5331890317769943
Q05856,gi:24586487,0,0.5771794786320475
gi:19922100,gi:24655502,0,0.35594936044932207
gi:17647931,gi:28572090,0,0.576624007319015
gi:24643702,gi:24655577,0,0.5057013771037433
P45890,Q9V676,0,0.47105738661502183
gi:20129165,gi:21357721,0,0.48755808128559186
gi:17737425,gi:24648389,0,0.4600702599004346
gi:17738243,gi:24644642,0,0.4411975988143712
Q9XYQ2,gi:24648207,0,0.42987841506674906
P08646,gi:24652403,0,0.38276745164141285
gi:21356733,gi:24583557,0,0.4028852434265049
gi:17737503,gi:28574706,0,0.6172153583422375
Q23985,gi:18543285,0,0.5185363234619706
gi:24645216,gi:24648401,0,0.5597992418020257
gi:24581205,gi:24639368,0,0.5246681409412173
gi:24580927,gi:24643578,0,0.5041185856824295
gi:24663055,gi:28572963,0,0.5823630183597545
gi:17137616,gi:19921122,0,0.5543579856935557
gi:21357483,gi:24582672,0,0.7503591763119836
gi:21357817,gi:24644735,0,0.47826678563486563
P07181,P42519,0,0.5041914664816782
Q9VEX0,Q9VI10,0,0.5221441339001007
gi:24584683,gi:24651028,0,0.4687060110491303
Q9V597,gi:24641831,0,0.5502237417877238
gi:17530857,gi:28571481,0,0.4350643626079811
gi:24641209,gi:24662830,0,0.5012980177693258
P13468,gi:28574300,0,0.4992896904022067
gi:17864098,gi:19922382,0,0.5129588343791698
gi:24645175,gi:24647326,0,0.5559888326167942
Q01642,gi:24642233,0,0.490143385248378
P20483,gi:24648251,0,0.5520318149075583
gi:21357739,gi:24667016,0,0.5033588140950388
gi:24583894,gi:24639869,0,0.575389780334066
gi:24651703,gi:28574527,0,0.4643171228630024
gi:24585156,gi:24649433,0,0.43660921355090965
gi:21355909,gi:24580680,0,0.4055491693111492
P28159,gi:24658459,0,0.469683216567802
gi:17136948,gi:24647702,0,0.43993070874003404
gi:21357903,gi:30923696,0,0.4520011484738929
P29413,gi:18859977,0,0.24744329372446988
Q9VHY5,gi:24585242,0,0.5812158709973799
gi:18857963,gi:28571823,0,0.5162292324609158
gi:20130345,gi:24641029,0,0.39580298814010095
gi:18859825,gi:24584167,0,0.5875347299915419
P16241,Q9VQQ9,0,0.4640618788992278
gi:21687092,gi:24654441,0,0.32706402621423303
P02267,gi:24647786,0,0.39801329763395854
Q03334,gi:24656362,0,0.5504765742325125
P07487,P25007,0,0.6299173563206675
gi:19920688,gi:19922144,0,0.3836726695773463
gi:24648826,gi:24654854,0,0.5953609274212297
gi:19922746,gi:24648207,0,0.47323622681651517
Q9XYN7,gi:24642588,0,0.5135729636454754
gi:24582006,gi:24662729,0,0.3944955248119902
P12982,gi:24641788,0,0.3939385922411231
P40320,gi:20129115,0,0.5534596138132002
gi:20130247,gi:24660182,0,0.4181483515610055
P07207,gi:24655850,0,0.42641422448730537
P32100,gi:21358567,0,0.6141454218271553
gi:17648013,gi:19921294,0,0.39998647278942306
gi:21356595,gi:24646829,0,0.5528737123638139
O61443,gi:24582592,0,0.5788084473310372
gi:17137616,gi:17530843,0,0.5456734800657694
gi:24581484,gi:24651599,0,0.6242239307630428
gi:24667063,gi:28573590,0,0.49214690439905395
gi:24585236,gi:24644214,0,0.4690859531599283
gi:28572985,gi:28573879,0,0.5550619696129206
gi:21356661,gi:24650747,0,0.471229351134876
gi:24662753,gi:28571147,0,0.5023636681784635
gi:24581542,gi:28573729,0,0.5172745202796178
P23023,gi:24649381,0,0.5264675291966251
gi:18858521,gi:24657202,0,0.5737130403156736
gi:24585813,gi:24644242,0,0.5749310010986403
gi:20129643,gi:20129677,0,0.4547568552916192
gi:24642633,gi:24661359,0,0.47961157771793417
P29746,gi:28573486,0,0.6524712417151081
gi:21356927,gi:24583803,0,0.6993249706995426
Q06559,gi:24645728,0,0.6460199662851014
gi:21686985,gi:24666434,0,0.46675835092545814
P52304,gi:24656379,0,0.5225595401911795
gi:24643516,gi:24654086,0,0.48405652477897204
gi:19922516,gi:24662729,0,0.4022385781084655
Q02748,gi:24640578,0,0.4293936835630343
Q01083,gi:28571447,0,0.5189422299411968
gi:24643375,gi:24644880,0,0.5719860145393749
Q9VA73,gi:17864476,0,0.5384982518832631
gi:18859825,gi:24647779,0,0.5138399120790116
gi:18543285,gi:24657671,0,0.45418822386736746
gi:24580874,gi:24652344,0,0.5350070989471654
P45889,Q9XYM0,0,0.4674957721126711
gi:21356397,gi:21357455,0,0.5015884087528055
gi:24650747,gi:28572018,0,0.5388327881516713
Q9W4J5,gi:20129745,0,0.5064652193274813
gi:24643151,gi:24649648,0,0.4386705479918594
gi:20128863,gi:24643497,0,0.4998742982648339
gi:24640672,gi:24645902,0,0.3920834598580256
P29742,gi:21355851,0,0.5210973740576194
gi:18859961,gi:28573879,0,0.4683334435129889
Q9VGX3,gi:17137188,0,0.392398772045831
gi:19921136,gi:24642884,0,0.5718195589959957
gi:17137648,gi:24649007,0,0.4344765867405701
Q24133,gi:17864254,0,0.513427535133318
gi:24583543,gi:24657218,0,0.5150294006407488
P49258,gi:28574529,0,0.6180210093113115
gi:24582205,gi:24642276,0,0.488677896724236
gi:24641790,gi:24652088,0,0.44344529190483956
Q01068,gi:24649648,0,0.6255761508194582
gi:20129563,gi:28573732,0,0.5739552938268592
O44783,Q23985,0,0.5646634296993882
